date,BTC.open_2,BTC.open_1,BTC.open,BTC.high_2,BTC.high_1,BTC.high,BTC.low_2,BTC.low_1,BTC.low,BTC.volume_2,BTC.volume_1,BTC.volume,BTC.quoteAssetVolume_2,BTC.quoteAssetVolume_1,BTC.quoteAssetVolume,BTC.numberOfTrades_2,BTC.numberOfTrades_1,BTC.numberOfTrades,BTC.takerBuyBaseAssetVolume_2,BTC.takerBuyBaseAssetVolume_1,BTC.takerBuyBaseAssetVolume,BTC.takerBuyQuoteAssetVolume_2,BTC.takerBuyQuoteAssetVolume_1,BTC.takerBuyQuoteAssetVolume,BTC.close_2,BTC.close_1,BTC.close,XRP.open_2,XRP.open_1,XRP.open,XRP.high_2,XRP.high_1,XRP.high,XRP.low_2,XRP.low_1,XRP.low,XRP.volume_2,XRP.volume_1,XRP.volume,XRP.quoteAssetVolume_2,XRP.quoteAssetVolume_1,XRP.quoteAssetVolume,XRP.numberOfTrades_2,XRP.numberOfTrades_1,XRP.numberOfTrades,XRP.takerBuyBaseAssetVolume_2,XRP.takerBuyBaseAssetVolume_1,XRP.takerBuyBaseAssetVolume,XRP.takerBuyQuoteAssetVolume_2,XRP.takerBuyQuoteAssetVolume_1,XRP.takerBuyQuoteAssetVolume,XRP.close_2,XRP.close_1,XRP.close,SOL.open_2,SOL.open_1,SOL.open,SOL.high_2,SOL.high_1,SOL.high,SOL.low_2,SOL.low_1,SOL.low,SOL.volume_2,SOL.volume_1,SOL.volume,SOL.quoteAssetVolume_2,SOL.quoteAssetVolume_1,SOL.quoteAssetVolume,SOL.numberOfTrades_2,SOL.numberOfTrades_1,SOL.numberOfTrades,SOL.takerBuyBaseAssetVolume_2,SOL.takerBuyBaseAssetVolume_1,SOL.takerBuyBaseAssetVolume,SOL.takerBuyQuoteAssetVolume_2,SOL.takerBuyQuoteAssetVolume_1,SOL.takerBuyQuoteAssetVolume,SOL.close_2,SOL.close_1,SOL.close,LTC.open_2,LTC.open_1,LTC.open,LTC.high_2,LTC.high_1,LTC.high,LTC.low_2,LTC.low_1,LTC.low,LTC.volume_2,LTC.volume_1,LTC.volume,LTC.quoteAssetVolume_2,LTC.quoteAssetVolume_1,LTC.quoteAssetVolume,LTC.numberOfTrades_2,LTC.numberOfTrades_1,LTC.numberOfTrades,LTC.takerBuyBaseAssetVolume_2,LTC.takerBuyBaseAssetVolume_1,LTC.takerBuyBaseAssetVolume,LTC.takerBuyQuoteAssetVolume_2,LTC.takerBuyQuoteAssetVolume_1,LTC.takerBuyQuoteAssetVolume,LTC.close_2,LTC.close_1,LTC.close,ETH.open_2,ETH.open_1,ETH.open,ETH.high_2,ETH.high_1,ETH.high,ETH.low_2,ETH.low_1,ETH.low,ETH.volume_2,ETH.volume_1,ETH.volume,ETH.quoteAssetVolume_2,ETH.quoteAssetVolume_1,ETH.quoteAssetVolume,ETH.numberOfTrades_2,ETH.numberOfTrades_1,ETH.numberOfTrades,ETH.takerBuyBaseAssetVolume_2,ETH.takerBuyBaseAssetVolume_1,ETH.takerBuyBaseAssetVolume,ETH.takerBuyQuoteAssetVolume_2,ETH.takerBuyQuoteAssetVolume_1,ETH.takerBuyQuoteAssetVolume,ETH.close_2,ETH.close_1,ETH.close,ETH.close
2025-10-01T22:38:47,112163.96,114311.97,114048.94,114400,114792,118649.1,111560.65,112656.27,113966.67,15541.12005,15044.15633,20036.39516,1.755247635871136E9,1.7107132671300955E9,2.3320969812659335E9,2442653,3018331,3430343,7836.68768,7185.72154,10071.04092,8.84934987568753E8,8.170444612701815E8,1.1724226574065175E9,114311.96,114048.93,118594.99,2.8675,2.8801,2.8468,2.9289,2.9077,2.9616,2.8454,2.8132,2.8141,1.164733753E8,1.003924197E8,1.362624088E8,3.3549434618332E8,2.8648058291276E8,3.9680936415718E8,1257275,1133168,1262169,5.72942845E7,4.25805659E7,7.03732919E7,1.6509518031208E8,1.2157116120038E8,2.0483182538191E8,2.8801,2.8468,2.9485,210.83,212.74,208.68,214.74,213.67,222.77,204.58,204.29,206.31,3213098.851,3264781.485,4050260.921,6.747931507918E8,6.7964722011924E8,8.7366605498369E8,1908731,1922286,2119007,1700434.727,1629038.204,2112500.76,3.5730558843003E8,3.3897470559483E8,4.5586250931609E8,212.75,208.68,222.04,106.88,106.76,106.87,107.66,107.61,115.34,105.3,103.84,105.39,268037.084,274575.895,561526.624,2.852572753433E7,2.906890891084E7,6.209579187439E7,188254,199983,367281,133728.553,126169.075,291325.067,1.423692153219E7,1.336080188544E7,3.224081887353E7,106.76,106.88,115.1,4142.16,4215.07,4145.15,4235.86,4245,4355.46,4082.25,4092.1,4123.08,380728.6784,391126.6172,507026.3822,1.580732256801187E9,1.625808124643462E9,2.165739972371045E9,3612246,4118784,4138481,199061.7147,181458.9958,247673.9891,8.26365235842847E8,7.54666917727574E8,1.059254829127008E9,4215.07,4145.15,4348.03,4484.35
2025-10-02T22:38:47,114311.97,114048.94,118594.99,114792,118649.1,121022.07,112656.27,113966.67,118279.31,15044.15633,20036.39516,19670.83503,1.7107132671300955E9,2.3320969812659335E9,2.3498611273445807E9,3018331,3430343,3472073,7185.72154,10071.04092,9753.07848,8.170444612701815E8,1.1724226574065175E9,1.1649864239898076E9,114048.93,118594.99,120529.35,2.8801,2.8468,2.9485,2.9077,2.9616,3.0998,2.8132,2.8141,2.9403,1.003924197E8,1.362624088E8,1.470745516E8,2.8648058291276E8,3.9680936415718E8,4.4231754396961E8,1133168,1262169,1585511,4.25805659E7,7.03732919E7,7.48399323E7,1.2157116120038E8,2.0483182538191E8,2.2503017469344E8,2.8468,2.9485,3.0389,212.74,208.68,222.04,213.67,222.77,234.99,204.29,206.31,219.52,3264781.485,4050260.921,4590696.388,6.7964722011924E8,8.7366605498369E8,1.04174394815148E9,1922286,2119007,2550516,1629038.204,2112500.76,2430897.772,3.3897470559483E8,4.5586250931609E8,5.5220769325385E8,208.68,222.04,234.74,106.76,106.87,115.11,107.61,115.34,122.71,103.84,105.39,115.11,274575.895,561526.624,1140711.459,2.906890891084E7,6.209579187439E7,1.3617993475041E8,199983,367281,757921,126169.075,291325.067,567889.371,1.336080188544E7,3.224081887353E7,6.781681410675E7,106.88,115.1,119.54,4215.07,4145.15,4348.03,4245,4355.46,4516.74,4092.1,4123.08,4332.73,391126.6172,507026.3822,526411.1571,1.625808124643462E9,2.165739972371045E9,2.322911121293646E9,4118784,4138481,4441183,181458.9958,247673.9891,270113.997,7.54666917727574E8,1.059254829127008E9,1.192562119649421E9,4145.15,4348.03,4484.35,4512.87
2025-10-03T22:38:47,114048.94,118594.99,120529.35,118649.1,121022.07,123894.99,113966.67,118279.31,119248.3,20036.39516,19670.83503,23936.328,2.3320969812659335E9,2.3498611273445807E9,2.9073810766813188E9,3430343,3472073,4246820,10071.04092,9753.07848,11288.62355,1.1724226574065175E9,1.1649864239898076E9,1.3727926076136215E9,118594.99,120529.35,122232,2.8468,2.9485,3.0388,2.9616,3.0998,3.0948,2.8141,2.9403,3.0041,1.362624088E8,1.470745516E8,1.257395067E8,3.9680936415718E8,4.4231754396961E8,3.8228090883134E8,1262169,1585511,1429215,7.03732919E7,7.48399323E7,6.02146283E7,2.0483182538191E8,2.2503017469344E8,1.8305332829593E8,2.9485,3.0389,3.0401,208.68,222.04,234.74,222.77,234.99,237,206.31,219.52,227.13,4050260.921,4590696.388,4216611.614,8.7366605498369E8,1.04174394815148E9,9.7711874809201E8,2119007,2550516,2632758,2112500.76,2430897.772,1989446.56,4.5586250931609E8,5.5220769325385E8,4.6137046320301E8,222.04,234.74,232.84,106.87,115.11,119.54,115.34,122.71,124.86,105.39,115.11,115.79,561526.624,1140711.459,879533.808,6.209579187439E7,1.3617993475041E8,1.0566586046314E8,367281,757921,508738,291325.067,567889.371,413642.687,3.224081887353E7,6.781681410675E7,4.969547144706E7,115.1,119.54,120.56,4145.15,4348.03,4484.35,4355.46,4516.74,4591.59,4123.08,4332.73,4428,507026.3822,526411.1571,485684.0267,2.165739972371045E9,2.322911121293646E9,2.184423024582545E9,4138481,4441183,5149648,247673.9891,270113.997,234630.1499,1.059254829127008E9,1.192562119649421E9,1.055644644394335E9,4348.03,4484.35,4512.87,4487.15
2025-10-04T22:38:47,118594.99,120529.35,122232.21,121022.07,123894.99,122800,118279.31,119248.3,121510,19670.83503,23936.328,8208.16678,2.3498611273445807E9,2.9073810766813188E9,1.0022729033446472E9,3472073,4246820,1703590,9753.07848,11288.62355,3767.80335,1.1649864239898076E9,1.3727926076136215E9,4.601544331236619E8,120529.35,122232,122391,2.9485,3.0388,3.0402,3.0998,3.0948,3.0522,2.9403,3.0041,2.939,1.470745516E8,1.257395067E8,6.94299808E7,4.4231754396961E8,3.8228090883134E8,2.0732126610311E8,1585511,1429215,844016,7.48399323E7,6.02146283E7,3.27718727E7,2.2503017469344E8,1.8305332829593E8,9.784895769816E7,3.0389,3.0401,2.9685,222.04,234.74,232.84,234.99,237,234.05,219.52,227.13,224.07,4590696.388,4216611.614,1841410.605,1.04174394815148E9,9.7711874809201E8,4.2008966809435E8,2550516,2632758,1292594,2430897.772,1989446.56,848007.567,5.5220769325385E8,4.6137046320301E8,1.9352962825844E8,234.74,232.84,227.86,115.11,119.54,120.57,122.71,124.86,121,115.11,115.79,117.42,1140711.459,879533.808,290698.143,1.3617993475041E8,1.0566586046314E8,3.459256720652E7,757921,508738,253180,567889.371,413642.687,138831.117,6.781681410675E7,4.969547144706E7,1.652295510193E7,119.54,120.56,120.51,4348.03,4484.35,4512.88,4516.74,4591.59,4517.93,4332.73,4428,4440,526411.1571,485684.0267,199732.7088,2.322911121293646E9,2.184423024582545E9,8.95195711881079E8,4441183,5149648,2252261,270113.997,234630.1499,90161.8179,1.192562119649421E9,1.055644644394335E9,4.04217765196633E8,4484.35,4512.87,4487.15,4514.32
2025-10-05T22:38:47,120529.35,122232.21,122390.99,123894.99,122800,125708.42,119248.3,121510,122136,23936.328,8208.16678,22043.09755,2.9073810766813188E9,1.0022729033446472E9,2.730817470939564E9,4246820,1703590,3690670,11288.62355,3767.80335,11780.6724,1.3727926076136215E9,4.601544331236619E8,1.4594784009109962E9,122232,122391,123482.31,3.0388,3.0402,2.9685,3.0948,3.0522,3.0716,3.0041,2.939,2.9468,1.257395067E8,6.94299808E7,1.058987114E8,3.8228090883134E8,2.0732126610311E8,3.1824569032152E8,1429215,844016,1212008,6.02146283E7,3.27718727E7,5.27698601E7,1.8305332829593E8,9.784895769816E7,1.5850496947079E8,3.0401,2.9685,2.9697,234.74,232.84,227.86,237,234.05,237.22,227.13,224.07,226.45,4216611.614,1841410.605,3099633.526,9.7711874809201E8,4.2008966809435E8,7.1800402322144E8,2632758,1292594,2035300,1989446.56,848007.567,1591307.851,4.6137046320301E8,1.9352962825844E8,3.686547498226E8,232.84,227.86,228.56,119.54,120.57,120.5,124.86,121,124.17,115.79,117.42,118.35,879533.808,290698.143,507015.733,1.0566586046314E8,3.459256720652E7,6.140395515963E7,508738,253180,415269,413642.687,138831.117,243253.38,4.969547144706E7,1.652295510193E7,2.948348273645E7,120.56,120.51,118.85,4484.35,4512.88,4487.16,4591.59,4517.93,4618.17,4428,4440,4467.05,485684.0267,199732.7088,506587.9614,2.184423024582545E9,8.95195711881079E8,2.305062852191549E9,5149648,2252261,3791095,234630.1499,90161.8179,265246.9061,1.055644644394335E9,4.04217765196633E8,1.206877173081055E9,4512.87,4487.15,4514.32,4684.01
2025-10-06T22:38:47,122232.21,122390.99,123482.32,122800,125708.42,126199.63,121510,122136,123084,8208.16678,22043.09755,19494.62879,1.0022729033446472E9,2.730817470939564E9,2.4288289522653184E9,1703590,3690670,4206167,3767.80335,11780.6724,9963.008153,4.601544331236619E8,1.4594784009109962E9,1.2416251297177184E9,122391,123482.31,124658.54,3.0402,2.9685,2.9697,3.0522,3.0716,3.0506,2.939,2.9468,2.9551,6.94299808E7,1.058987114E8,1.17186503E8,2.0732126610311E8,3.1824569032152E8,3.5210415238073E8,844016,1212008,1227468,3.27718727E7,5.27698601E7,6.06078689E7,9.784895769816E7,1.5850496947079E8,1.8204585924951E8,2.9685,2.9697,2.9883,232.84,227.86,228.56,234.05,237.22,237.79,224.07,226.45,227.55,1841410.605,3099633.526,2981928.375,4.2008966809435E8,7.1800402322144E8,6.9623793030736E8,1292594,2035300,2186112,848007.567,1591307.851,1415486.181,1.9352962825844E8,3.686547498226E8,3.305427947619E8,227.86,228.56,232.35,120.57,120.5,118.85,121,124.17,121.47,117.42,118.35,118.1,290698.143,507015.733,464570.491,3.459256720652E7,6.140395515963E7,5.56869906924E7,253180,415269,340072,138831.117,243253.38,226887,1.652295510193E7,2.948348273645E7,2.721213587888E7,120.51,118.85,118.32,4512.88,4487.16,4514.32,4517.93,4618.17,4735.93,4440,4467.05,4488.25,199732.7088,506587.9614,456200.6528,8.95195711881079E8,2.305062852191549E9,2.107882753614729E9,2252261,3791095,4677655,90161.8179,265246.9061,235462.9488,4.04217765196633E8,1.206877173081055E9,1.087700705075086E9,4487.15,4514.32,4684.01,4447.7
2025-10-07T22:38:47,122390.99,123482.32,124658.54,125708.42,126199.63,125126,122136,123084,120574.94,22043.09755,19494.62879,21633.99385,2.730817470939564E9,2.4288289522653184E9,2.6574057998705487E9,3690670,4206167,4390785,11780.6724,9963.008153,9699.35099,1.4594784009109962E9,1.2416251297177184E9,1.1919477416989057E9,123482.31,124658.54,121332.95,2.9685,2.9697,2.9883,3.0716,3.0506,3.0012,2.9468,2.9551,2.8489,1.058987114E8,1.17186503E8,1.517049766E8,3.1824569032152E8,3.5210415238073E8,4.4392005041119E8,1212008,1227468,1413360,5.27698601E7,6.06078689E7,7.55990515E7,1.5850496947079E8,1.8204585924951E8,2.2142774640722E8,2.9697,2.9883,2.852,227.86,228.56,232.35,237.22,237.79,235.21,226.45,227.55,219.7,3099633.526,2981928.375,4401045.757,7.1800402322144E8,6.9623793030736E8,9.9907340640618E8,2035300,2186112,2553696,1591307.851,1415486.181,1883971.589,3.686547498226E8,3.305427947619E8,4.2772071777175E8,228.56,232.35,219.97,120.5,118.85,118.32,124.17,121.47,119.27,118.35,118.1,115.16,507015.733,464570.491,422674.282,6.140395515963E7,5.56869906924E7,4.959739189694E7,415269,340072,376213,243253.38,226887,189433.078,2.948348273645E7,2.721213587888E7,2.224127604329E7,118.85,118.32,116.91,4487.16,4514.32,4684.02,4618.17,4735.93,4755,4467.05,4488.25,4430.43,506587.9614,456200.6528,640685.9319,2.305062852191549E9,2.107882753614729E9,2.946435862400838E9,3791095,4677655,6028668,265246.9061,235462.9488,308407.6086,1.206877173081055E9,1.087700705075086E9,1.419710155477069E9,4514.32,4684.01,4447.7,4525.72
2025-10-08T22:38:47,123482.32,124658.54,121332.96,126199.63,125126,124197.25,123084,120574.94,121066.14,19494.62879,21633.99385,17012.618,2.4288289522653184E9,2.6574057998705487E9,2.084842842441617E9,4206167,4390785,4184997,9963.008153,9699.35099,9039.06222,1.2416251297177184E9,1.1919477416989057E9,1.1079762646948595E9,124658.54,121332.95,123306,2.9697,2.9883,2.8521,3.0506,3.0012,2.9248,2.9551,2.8489,2.8303,1.17186503E8,1.517049766E8,8.6103907E7,3.5210415238073E8,4.4392005041119E8,2.4751809806655E8,1227468,1413360,1139180,6.06078689E7,7.55990515E7,4.04605119E7,1.8204585924951E8,2.2142774640722E8,1.1632903835237E8,2.9883,2.852,2.8797,228.56,232.35,219.98,237.79,235.21,229.72,227.55,219.7,217.3,2981928.375,4401045.757,3103760.645,6.9623793030736E8,9.9907340640618E8,6.9216944464124E8,2186112,2553696,2154720,1415486.181,1883971.589,1521159.511,3.305427947619E8,4.2772071777175E8,3.3946738920357E8,232.35,219.97,229.02,118.85,118.32,116.91,121.47,119.27,119.6,118.1,115.16,115.34,464570.491,422674.282,349258.487,5.56869906924E7,4.959739189694E7,4.097415093128E7,340072,376213,303164,226887,189433.078,174835.797,2.721213587888E7,2.224127604329E7,2.051648749853E7,118.32,116.91,118.6,4514.32,4684.02,4447.7,4735.93,4755,4558,4488.25,4430.43,4410.08,456200.6528,640685.9319,399904.3287,2.107882753614729E9,2.946435862400838E9,1.791815622635745E9,4677655,6028668,4771608,235462.9488,308407.6086,205585.7695,1.087700705075086E9,1.419710155477069E9,9.21332896435835E8,4684.01,4447.7,4525.72,4368.09
2025-10-09T22:38:47,124658.54,121332.96,123306.01,125126,124197.25,123762.94,120574.94,121066.14,119651.47,21633.99385,17012.618,21559.36007,2.6574057998705487E9,2.084842842441617E9,2.621438087566733E9,4390785,4184997,4231167,9699.35099,9039.06222,10144.15364,1.1919477416989057E9,1.1079762646948595E9,1.2338828335642388E9,121332.95,123306,121662.4,2.9883,2.8521,2.8797,3.0012,2.9248,2.8801,2.8489,2.8303,2.7714,1.517049766E8,8.6103907E7,1.102369129E8,4.4392005041119E8,2.4751809806655E8,3.1037976391407E8,1413360,1139180,1340461,7.55990515E7,4.04605119E7,5.27797903E7,2.2142774640722E8,1.1632903835237E8,1.4867840052464E8,2.852,2.8797,2.8021,232.35,219.98,229.03,235.21,229.72,229.69,219.7,217.3,216.53,4401045.757,3103760.645,3272953.431,9.9907340640618E8,6.9216944464124E8,7.2844305198444E8,2553696,2154720,2359051,1883971.589,1521159.511,1555362.983,4.2772071777175E8,3.3946738920357E8,3.4619407420143E8,219.97,229.02,220.93,118.32,116.91,118.61,119.27,119.6,128.2,115.16,115.34,115.44,422674.282,349258.487,916537.15,4.959739189694E7,4.097415093128E7,1.1048311803966E8,376213,303164,640938,189433.078,174835.797,473758.402,2.224127604329E7,2.051648749853E7,5.721753696446E7,116.91,118.6,125.9,4684.02,4447.7,4525.72,4755,4558,4531.52,4430.43,4410.08,4265.06,640685.9319,399904.3287,515978.1829,2.946435862400838E9,1.791815622635745E9,2.25757403866859E9,6028668,4771608,5181361,308407.6086,205585.7695,242773.6384,1.419710155477069E9,9.21332896435835E8,1.060847514335138E9,4447.7,4525.72,4368.09,3829.72
2025-10-10T22:38:47,121332.96,123306.01,121662.41,124197.25,123762.94,122550,121066.14,119651.47,102000,17012.618,21559.36007,64171.93927,2.084842842441617E9,2.621438087566733E9,7.349750905041158E9,4184997,4231167,11404522,9039.06222,10144.15364,30502.14297,1.1079762646948595E9,1.2338828335642388E9,3.493298452846008E9,123306,121662.4,112774.5,2.8521,2.8797,2.8021,2.9248,2.8801,2.8372,2.8303,2.7714,1.2543,8.6103907E7,1.102369129E8,5.928332247E8,2.4751809806655E8,3.1037976391407E8,1.41601600051225E9,1139180,1340461,4493544,4.04605119E7,5.27797903E7,2.744264582E8,1.1632903835237E8,1.4867840052464E8,6.6014803276122E8,2.8797,2.8021,2.3704,219.98,229.03,220.93,229.72,229.69,224.46,217.3,216.53,168.79,3103760.645,3272953.431,9622835.429,6.9216944464124E8,7.2844305198444E8,1.93376414770444E9,2154720,2359051,5852243,1521159.511,1555362.983,4390741.937,3.3946738920357E8,3.4619407420143E8,8.8158046066153E8,229.02,220.93,188.43,116.91,118.61,125.9,119.6,128.2,135.99,115.34,115.44,52.71,349258.487,916537.15,4389823.156,4.097415093128E7,1.1048311803966E8,4.9796641589801E8,303164,640938,2443470,174835.797,473758.402,2154015.377,2.051648749853E7,5.721753696446E7,2.4462073055136E8,118.6,125.9,96.88,4447.7,4525.72,4368.09,4558,4531.52,4393.63,4410.08,4265.06,3435,399904.3287,515978.1829,1493971.024,1.791815622635745E9,2.25757403866859E9,5.954598988690315E9,4771608,5181361,12594514,205585.7695,242773.6384,680600.6897,9.21332896435835E8,1.060847514335138E9,2.723566227172543E9,4525.72,4368.09,3829.72,3746.79
2025-10-11T22:38:47,123306.01,121662.41,112774.49,123762.94,122550,113322.39,119651.47,102000,109561.59,21559.36007,64171.93927,35448.51652,2.621438087566733E9,7.349750905041158E9,3.9610694732311363E9,4231167,11404522,6661929,10144.15364,30502.14297,15375.94796,1.2338828335642388E9,3.493298452846008E9,1.7184295995669522E9,121662.4,112774.5,110644.4,2.8797,2.8021,2.3704,2.8801,2.8372,2.5061,2.7714,1.2543,2.3,1.102369129E8,5.928332247E8,3.77516588E8,3.1037976391407E8,1.41601600051225E9,9.0977058880687E8,1340461,4493544,4338405,5.27797903E7,2.744264582E8,1.871544948E8,1.4867840052464E8,6.6014803276122E8,4.5078283232248E8,2.8021,2.3704,2.3819,229.03,220.93,188.43,229.69,224.46,191.05,216.53,168.79,172.58,3272953.431,9622835.429,7292387.248,7.2844305198444E8,1.93376414770444E9,1.33667458183677E9,2359051,5852243,6001725,1555362.983,4390741.937,3467397.907,3.4619407420143E8,8.8158046066153E8,6.3607199887581E8,220.93,188.43,177.62,118.61,125.9,96.87,128.2,135.99,102.77,115.44,52.71,90.05,916537.15,4389823.156,2392845.063,1.1048311803966E8,4.9796641589801E8,2.3271367054737E8,640938,2443470,1072053,473758.402,2154015.377,1128723.216,5.721753696446E7,2.4462073055136E8,1.096650183799E8,125.9,96.88,93.34,4525.72,4368.09,3829.72,4531.52,4393.63,3878.3,4265.06,3435,3643.33,515978.1829,1493971.024,789885.6582,2.25757403866859E9,5.954598988690315E9,2.994511140409299E9,5181361,12594514,8794145,242773.6384,680600.6897,362107.5901,1.060847514335138E9,2.723566227172543E9,1.37320644287708E9,4368.09,3829.72,3746.79,4152.29
2025-10-12T22:38:47,121662.41,112774.49,110644.4,122550,113322.39,115770,102000,109561.59,109565.06,64171.93927,35448.51652,32255.30272,7.349750905041158E9,3.9610694732311363E9,3.6385465287401557E9,11404522,6661929,6048575,30502.14297,15375.94796,16915.44533,3.493298452846008E9,1.7184295995669522E9,1.9076764791772509E9,112774.5,110644.4,114958.8,2.8021,2.3704,2.3819,2.8372,2.5061,2.5841,1.2543,2.3,2.3121,5.928332247E8,3.77516588E8,2.482655231E8,1.41601600051225E9,9.0977058880687E8,6.0723796421932E8,4493544,4338405,3072544,2.744264582E8,1.871544948E8,1.256276712E8,6.6014803276122E8,4.5078283232248E8,3.0720448693711E8,2.3704,2.3819,2.5282,220.93,188.43,177.63,224.46,191.05,199,168.79,172.58,173,9622835.429,7292387.248,6486999.721,1.93376414770444E9,1.33667458183677E9,1.21203348030209E9,5852243,6001725,4248027,4390741.937,3467397.907,3425894.129,8.8158046066153E8,6.3607199887581E8,6.401651603426E8,188.43,177.62,197,125.9,96.87,93.35,135.99,102.77,102.16,52.71,90.05,91.61,4389823.156,2392845.063,1264382.696,4.9796641589801E8,2.3271367054737E8,1.2269314702853E8,2443470,1072053,649800,2154015.377,1128723.216,683086.699,2.4462073055136E8,1.096650183799E8,6.631423702843E7,96.88,93.34,98.98,4368.09,3829.72,3746.8,4393.63,3878.3,4197.7,3435,3643.33,3694.74,1493971.024,789885.6582,811308.152,5.954598988690315E9,2.994511140409299E9,3.213401552274956E9,12594514,8794145,8286691,680600.6897,362107.5901,406500.5487,2.723566227172543E9,1.37320644287708E9,1.607458765920295E9,3829.72,3746.79,4152.29,4240.85
2025-10-13T22:38:47,112774.49,110644.4,114958.81,113322.39,115770,115963.81,109561.59,109565.06,113616.5,35448.51652,32255.30272,22557.24033,3.9610694732311363E9,3.6385465287401557E9,2.5918316609857492E9,6661929,6048575,5739352,15375.94796,16915.44533,10710.89723,1.7184295995669522E9,1.9076764791772509E9,1.2309505838424666E9,110644.4,114958.8,115166,2.3704,2.3819,2.5283,2.5061,2.5841,2.646,2.3,2.3121,2.5125,3.77516588E8,2.482655231E8,2.158440737E8,9.0977058880687E8,6.0723796421932E8,5.5824604400344E8,4338405,3072544,2535110,1.871544948E8,1.256276712E8,1.052856388E8,4.5078283232248E8,3.0720448693711E8,2.7226975172452E8,2.3819,2.5282,2.6052,188.43,177.63,196.99,191.05,199,209.28,172.58,173,190.02,7292387.248,6486999.721,6253161.511,1.33667458183677E9,1.21203348030209E9,1.24365093049898E9,6001725,4248027,3592866,3467397.907,3425894.129,3232556.962,6.3607199887581E8,6.401651603426E8,6.433549816331E8,177.62,197,208.69,96.87,93.35,98.97,102.77,102.16,101.34,90.05,91.61,94.81,2392845.063,1264382.696,1325856.9,2.3271367054737E8,1.2269314702853E8,1.2996827714482E8,1072053,649800,616173,1128723.216,683086.699,680316.485,1.096650183799E8,6.631423702843E7,6.674836829213E7,93.34,98.98,99.45,3829.72,3746.8,4152.29,3878.3,4197.7,4292,3643.33,3694.74,4042.29,789885.6582,811308.152,622813.9247,2.994511140409299E9,3.213401552274956E9,2.590697041479605E9,8794145,8286691,8321249,362107.5901,406500.5487,302948.0094,1.37320644287708E9,1.607458765920295E9,1.261092410082509E9,3746.79,4152.29,4240.85,4125.02
2025-10-14T22:38:47,110644.4,114958.81,115166,115770,115963.81,115409.96,109565.06,113616.5,109866,32255.30272,22557.24033,31870.32974,3.6385465287401557E9,2.5918316609857492E9,3.578140778808499E9,6048575,5739352,7425642,16915.44533,10710.89723,14944.19197,1.9076764791772509E9,1.2309505838424666E9,1.6770113926343808E9,114958.8,115166,113028.14,2.3819,2.5283,2.6052,2.5841,2.646,2.6208,2.3121,2.5125,2.3888,2.482655231E8,2.158440737E8,2.364174596E8,6.0723796421932E8,5.5824604400344E8,5.8776205979276E8,3072544,2535110,2440380,1.256276712E8,1.052856388E8,1.188091722E8,3.0720448693711E8,2.7226975172452E8,2.9524796887999E8,2.5282,2.6052,2.5033,177.63,196.99,208.69,199,209.28,211.25,173,190.02,191.03,6486999.721,6253161.511,7349167.875,1.21203348030209E9,1.24365093049898E9,1.46818158429201E9,4248027,3592866,4266429,3425894.129,3232556.962,3571738.91,6.401651603426E8,6.433549816331E8,7.1328151099216E8,197,208.69,202.44,93.35,98.97,99.46,102.16,101.34,100.55,91.61,94.81,91.12,1264382.696,1325856.9,1285594.754,1.2269314702853E8,1.2996827714482E8,1.2257614011826E8,649800,616173,604820,683086.699,680316.485,641219.801,6.631423702843E7,6.674836829213E7,6.112693246685E7,98.98,99.45,97.33,3746.8,4152.29,4240.86,4197.7,4292,4263.38,3694.74,4042.29,3888.74,811308.152,622813.9247,962996.7658,3.213401552274956E9,2.590697041479605E9,3.894019260946043E9,8286691,8321249,10714712,406500.5487,302948.0094,500346.6817,1.607458765920295E9,1.261092410082509E9,2.021620281207955E9,4152.29,4240.85,4125.02,3985.61
2025-10-15T22:38:47,114958.81,115166,113028.13,115963.81,115409.96,113612.35,113616.5,109866,110164,22557.24033,31870.32974,22986.48811,2.5918316609857492E9,3.578140778808499E9,2.5696396413527684E9,5739352,7425642,5243141,10710.89723,14944.19197,10499.31831,1.2309505838424666E9,1.6770113926343808E9,1.173678794920774E9,115166,113028.14,110763.28,2.5283,2.6052,2.5033,2.646,2.6208,2.5475,2.5125,2.3888,2.3754,2.158440737E8,2.364174596E8,1.475934112E8,5.5824604400344E8,5.8776205979276E8,3.639050991024E8,2535110,2440380,1641249,1.052856388E8,1.188091722E8,7.95141918E7,2.7226975172452E8,2.9524796887999E8,1.9618010368505E8,2.6052,2.5033,2.4109,196.99,208.69,202.45,209.28,211.25,208.91,190.02,191.03,192.04,6253161.511,7349167.875,5369155.439,1.24365093049898E9,1.46818158429201E9,1.0774599512918E9,3592866,4266429,3462246,3232556.962,3571738.91,2559191.371,6.433549816331E8,7.1328151099216E8,5.1457270950025E8,208.69,202.44,193.84,98.97,99.46,97.33,101.34,100.55,99.97,94.81,91.12,93.36,1325856.9,1285594.754,674590.453,1.2996827714482E8,1.2257614011826E8,6.506325261215E7,616173,604820,345566,680316.485,641219.801,312482.885,6.674836829213E7,6.112693246685E7,3.015374169778E7,99.45,97.33,95.5,4152.29,4240.86,4125.01,4292,4263.38,4217.6,4042.29,3888.74,3926.74,622813.9247,962996.7658,626081.6966,2.590697041479605E9,3.894019260946043E9,2.543782117973257E9,8321249,10714712,7421801,302948.0094,500346.6817,313175.5389,1.261092410082509E9,2.021620281207955E9,1.273392874002121E9,4240.85,4125.02,3985.61,3894.51
2025-10-16T22:38:47,115166,113028.13,110763.28,115409.96,113612.35,111982.45,109866,110164,107427,31870.32974,22986.48811,29857.17252,3.578140778808499E9,2.5696396413527684E9,3.2775964947619195E9,7425642,5243141,6127094,14944.19197,10499.31831,13126.95119,1.6770113926343808E9,1.173678794920774E9,1.441416875126377E9,113028.14,110763.28,108194.28,2.6052,2.5033,2.411,2.6208,2.5475,2.4665,2.3888,2.3754,2.2833,2.364174596E8,1.475934112E8,1.964478863E8,5.8776205979276E8,3.639050991024E8,4.6721272360674E8,2440380,1641249,2350217,1.188091722E8,7.95141918E7,9.79816881E7,2.9524796887999E8,1.9618010368505E8,2.3312849457366E8,2.5033,2.4109,2.328,208.69,202.45,193.84,211.25,208.91,198.42,191.03,192.04,182.03,7349167.875,5369155.439,5404640.663,1.46818158429201E9,1.0774599512918E9,1.0319074519011E9,4266429,3462246,3984585,3571738.91,2559191.371,2588038.907,7.1328151099216E8,5.1457270950025E8,4.9441638276595E8,202.44,193.84,184.85,99.46,97.33,95.5,100.55,99.97,96.96,91.12,93.36,89.59,1285594.754,674590.453,846143.65,1.2257614011826E8,6.506325261215E7,7.901602529418E7,604820,345566,442959,641219.801,312482.885,393582.565,6.112693246685E7,3.015374169778E7,3.677216991296E7,97.33,95.5,91.79,4240.86,4125.01,3985.61,4263.38,4217.6,4086.49,3888.74,3926.74,3826.04,962996.7658,626081.6966,643804.6163,3.894019260946043E9,2.543782117973257E9,2.552218455018819E9,10714712,7421801,8451902,500346.6817,313175.5389,319663.4266,2.021620281207955E9,1.273392874002121E9,1.268557283411159E9,4125.02,3985.61,3894.51,3831.57
2025-10-17T22:38:47,113028.13,110763.28,108194.27,113612.35,111982.45,109240,110164,107427,103528.23,22986.48811,29857.17252,37920.66838,2.5696396413527684E9,3.2775964947619195E9,4.022645635221202E9,5243141,6127094,7570685,10499.31831,13126.95119,17996.99946,1.173678794920774E9,1.441416875126377E9,1.9096544874562209E9,110763.28,108194.28,106431.68,2.5033,2.411,2.328,2.5475,2.4665,2.4,2.3754,2.2833,2.1901,1.475934112E8,1.964478863E8,2.33638133E8,3.639050991024E8,4.6721272360674E8,5.330496925888E8,1641249,2350217,2897858,7.95141918E7,9.79816881E7,1.192200567E8,1.9618010368505E8,2.3312849457366E8,2.7207393751893E8,2.4109,2.328,2.2936,202.45,193.84,184.84,208.91,198.42,187.55,192.04,182.03,174.06,5369155.439,5404640.663,6102908.877,1.0774599512918E9,1.0319074519011E9,1.10513137971511E9,3462246,3984585,4990043,2559191.371,2588038.907,3079631.799,5.1457270950025E8,4.9441638276595E8,5.5798734700983E8,193.84,184.85,181.96,97.33,95.5,91.79,99.97,96.96,93.14,93.36,89.59,83.36,674590.453,846143.65,1099055.861,6.506325261215E7,7.901602529418E7,9.678770116983E7,345566,442959,513459,312482.885,393582.565,577114.247,3.015374169778E7,3.677216991296E7,5.085752455753E7,95.5,91.79,90.12,4125.01,3985.61,3894.5,4217.6,4086.49,3950.45,3926.74,3826.04,3674.5,626081.6966,643804.6163,830127.0885,2.543782117973257E9,2.552218455018819E9,3.14700692652111E9,7421801,8451902,9412569,313175.5389,319663.4266,421727.0445,1.273392874002121E9,1.268557283411159E9,1.597875952217623E9,3985.61,3894.51,3831.57,3889.21
2025-10-18T22:38:47,110763.28,108194.27,106431.68,111982.45,109240,107499,107427,103528.23,106322.2,29857.17252,37920.66838,11123.18766,3.2775964947619195E9,4.022645635221202E9,1.189002999143113E9,6127094,7570685,2105450,13126.95119,17996.99946,4845.85641,1.441416875126377E9,1.9096544874562209E9,5.180657166618129E8,108194.28,106431.68,107185.01,2.411,2.328,2.2936,2.4665,2.4,2.3915,2.2833,2.1901,2.2894,1.964478863E8,2.33638133E8,7.00312652E7,4.6721272360674E8,5.330496925888E8,1.646998621112E8,2350217,2897858,901192,9.79816881E7,1.192200567E8,3.41307428E7,2.3312849457366E8,2.7207393751893E8,8.024584832378E7,2.328,2.2936,2.3596,193.84,184.84,181.97,198.42,187.55,188.26,182.03,174.06,181.75,5404640.663,6102908.877,2105841.095,1.0319074519011E9,1.10513137971511E9,3.9046463080473E8,3984585,4990043,1671152,2588038.907,3079631.799,1082763.1,4.9441638276595E8,5.5798734700983E8,2.0083593280495E8,184.85,181.96,187.56,95.5,91.79,90.11,96.96,93.14,92.24,89.59,83.36,89.88,846143.65,1099055.861,322080.334,7.901602529418E7,9.678770116983E7,2.931838217425E7,442959,513459,179372,393582.565,577114.247,163941.31,3.677216991296E7,5.085752455753E7,1.492366673477E7,91.79,90.12,91.69,3985.61,3894.5,3831.58,4086.49,3950.45,3927.73,3826.04,3674.5,3819.07,643804.6163,830127.0885,250710.6121,2.552218455018819E9,3.14700692652111E9,9.71616631642943E8,8451902,9412569,3174247,319663.4266,421727.0445,123527.728,1.268557283411159E9,1.597875952217623E9,4.7884112202979E8,3894.51,3831.57,3889.21,3982.58
2025-10-19T22:38:47,108194.27,106431.68,107185,109240,107499,109450.07,103528.23,106322.2,106103.36,37920.66838,11123.18766,15480.66423,4.022645635221202E9,1.189002999143113E9,1.6700740795802343E9,7570685,2105450,3205640,17996.99946,4845.85641,7100.31013,1.9096544874562209E9,5.180657166618129E8,7.664235358177378E8,106431.68,107185.01,108642.78,2.328,2.2936,2.3596,2.4,2.3915,2.4195,2.1901,2.2894,2.3177,2.33638133E8,7.00312652E7,8.6051004E7,5.330496925888E8,1.646998621112E8,2.0474694277784E8,2897858,901192,1047632,1.192200567E8,3.41307428E7,4.10105448E7,2.7207393751893E8,8.024584832378E7,9.755575175646E7,2.2936,2.3596,2.3908,184.84,181.97,187.55,187.55,188.26,192.29,174.06,181.75,183.19,6102908.877,2105841.095,2483964.6,1.10513137971511E9,3.9046463080473E8,4.6790335176606E8,4990043,1671152,1924138,3079631.799,1082763.1,1248476.869,5.5798734700983E8,2.0083593280495E8,2.3531648168095E8,181.96,187.56,187.86,91.79,90.11,91.69,93.14,92.24,94.78,83.36,89.88,90.72,1099055.861,322080.334,356712.683,9.678770116983E7,2.931838217425E7,3.316825118575E7,513459,179372,220232,577114.247,163941.31,181244.573,5.085752455753E7,1.492366673477E7,1.686328035539E7,90.12,91.69,93.33,3894.5,3831.58,3889.2,3950.45,3927.73,4030.94,3674.5,3819.07,3827.04,830127.0885,250710.6121,408538.2545,3.14700692652111E9,9.71616631642943E8,1.609546719154199E9,9412569,3174247,4377250,421727.0445,123527.728,210770.829,1.597875952217623E9,4.7884112202979E8,8.30019862215925E8,3831.57,3889.21,3982.58,3979.22
2025-10-20T22:38:47,106431.68,107185,108642.77,107499,109450.07,111705.56,106322.2,106103.36,107402.52,11123.18766,15480.66423,19193.4416,1.189002999143113E9,1.6700740795802343E9,2.1199121855934682E9,2105450,3205640,4283542,4845.85641,7100.31013,9280.50075,5.180657166618129E8,7.664235358177378E8,1.0249257887216991E9,107185.01,108642.78,110532.09,2.2936,2.3596,2.3907,2.3915,2.4195,2.5529,2.2894,2.3177,2.3547,7.00312652E7,8.6051004E7,1.320206923E8,1.646998621112E8,2.0474694277784E8,3.2504370731512E8,901192,1047632,1472709,3.41307428E7,4.10105448E7,6.74232165E7,8.024584832378E7,9.755575175646E7,1.6594127212609E8,2.3596,2.3908,2.4948,181.97,187.55,187.86,188.26,192.29,194.5,181.75,183.19,183.82,2105841.095,2483964.6,3178001.499,3.9046463080473E8,4.6790335176606E8,6.0312523927637E8,1671152,1924138,2433576,1082763.1,1248476.869,1619222.027,2.0083593280495E8,2.3531648168095E8,3.0715984330883E8,187.56,187.86,189.71,90.11,91.69,93.33,92.24,94.78,95.79,89.88,90.72,92.24,322080.334,356712.683,381476.736,2.931838217425E7,3.316825118575E7,3.60809850185E7,179372,220232,240837,163941.31,181244.573,191719.124,1.492366673477E7,1.686328035539E7,1.813587801201E7,91.69,93.33,94.01,3831.58,3889.2,3982.58,3927.73,4030.94,4085.3,3819.07,3827.04,3908.73,250710.6121,408538.2545,511382.3301,9.71616631642943E8,1.609546719154199E9,2.049366257294899E9,3174247,4377250,5803391,123527.728,210770.829,237126.1851,4.7884112202979E8,8.30019862215925E8,9.50802301277708E8,3889.21,3982.58,3979.22,3873.05
2025-10-21T22:38:47,107185,108642.77,110532.09,109450.07,111705.56,114000,106103.36,107402.52,107473.72,15480.66423,19193.4416,37228.01659,1.6700740795802343E9,2.1199121855934682E9,4.114477849932054E9,3205640,4283542,6004063,7100.31013,9280.50075,17034.07155,7.664235358177378E8,1.0249257887216991E9,1.8813277513346128E9,108642.78,110532.09,108297.67,2.3596,2.3907,2.4948,2.4195,2.5529,2.5323,2.3177,2.3547,2.4011,8.6051004E7,1.320206923E8,1.421614122E8,2.0474694277784E8,3.2504370731512E8,3.494466038966E8,1047632,1472709,1680158,4.10105448E7,6.74232165E7,7.39431991E7,9.755575175646E7,1.6594127212609E8,1.8157061916634E8,2.3908,2.4948,2.4222,187.55,187.86,189.71,192.29,194.5,197.71,183.19,183.82,182.72,2483964.6,3178001.499,4651082.621,4.6790335176606E8,6.0312523927637E8,8.8266776713181E8,1924138,2433576,2993729,1248476.869,1619222.027,2158522.061,2.3531648168095E8,3.0715984330883E8,4.1007530905155E8,187.86,189.71,185.63,91.69,93.33,94,94.78,95.79,96.94,90.72,92.24,91.62,356712.683,381476.736,597066.665,3.316825118575E7,3.60809850185E7,5.635654375748E7,220232,240837,350263,181244.573,191719.124,281306.224,1.686328035539E7,1.813587801201E7,2.65919260813E7,93.33,94.01,92.46,3889.2,3982.58,3979.22,4030.94,4085.3,4110,3827.04,3908.73,3840.24,408538.2545,511382.3301,590594.1382,1.609546719154199E9,2.049366257294899E9,2.335723187677247E9,4377250,5803391,7015049,210770.829,237126.1851,279785.5053,8.30019862215925E8,9.50802301277708E8,1.107257090995763E9,3982.58,3979.22,3873.05,3805.53
2025-10-22T22:38:47,108642.77,110532.09,108297.66,111705.56,114000,109163.88,107402.52,107473.72,106666.69,19193.4416,37228.01659,28610.78451,2.1199121855934682E9,4.114477849932054E9,3.0902917064439816E9,4283542,6004063,5547903,9280.50075,17034.07155,13766.58861,1.0249257887216991E9,1.8813277513346128E9,1.4871799035999787E9,110532.09,108297.67,107567.44,2.3907,2.4948,2.4221,2.5529,2.5323,2.4375,2.3547,2.4011,2.3255,1.320206923E8,1.421614122E8,1.316941033E8,3.2504370731512E8,3.494466038966E8,3.1463921469154E8,1472709,1680158,1616003,6.74232165E7,7.39431991E7,6.52921161E7,1.6594127212609E8,1.8157061916634E8,1.5607421680229E8,2.4948,2.4222,2.3647,187.86,189.71,185.62,194.5,197.71,187.45,183.82,182.72,177.04,3178001.499,4651082.621,3977004.715,6.0312523927637E8,8.8266776713181E8,7.2843613660218E8,2433576,2993729,2949085,1619222.027,2158522.061,1937463.518,3.0715984330883E8,4.1007530905155E8,3.5526469681051E8,189.71,185.63,180.12,93.33,94,92.45,95.79,96.94,94.97,92.24,91.62,89.91,381476.736,597066.665,613128.16,3.60809850185E7,5.635654375748E7,5.674295061185E7,240837,350263,332796,191719.124,281306.224,291775.843,1.813587801201E7,2.65919260813E7,2.7018194571E7,94.01,92.46,91.88,3982.58,3979.22,3873.04,4085.3,4110,3889.27,3908.73,3840.24,3710,511382.3301,590594.1382,593130.0905,2.049366257294899E9,2.335723187677247E9,2.268706650109904E9,5803391,7015049,6834244,237126.1851,279785.5053,263582.8173,9.50802301277708E8,1.107257090995763E9,1.00833492799178E9,3979.22,3873.05,3805.53,3856.8
2025-10-23T22:38:47,110532.09,108297.66,107567.45,114000,109163.88,111293.61,107473.72,106666.69,107500,37228.01659,28610.78451,17573.09294,4.114477849932054E9,3.0902917064439816E9,1.924582289411394E9,6004063,5547903,3721614,17034.07155,13766.58861,8575.33716,1.8813277513346128E9,1.4871799035999787E9,9.389053177034107E8,108297.67,107567.44,110078.18,2.4948,2.4221,2.3647,2.5323,2.4375,2.4259,2.4011,2.3255,2.3617,1.421614122E8,1.316941033E8,8.43372011E7,3.494466038966E8,3.1463921469154E8,2.0221430562803E8,1680158,1616003,864950,7.39431991E7,6.52921161E7,3.80671419E7,1.8157061916634E8,1.5607421680229E8,9.126670703713E7,2.4222,2.3647,2.3947,189.71,185.62,180.13,197.71,187.45,193.45,182.72,177.04,179.68,4651082.621,3977004.715,3501959.115,8.8266776713181E8,7.2843613660218E8,6.6047612842061E8,2993729,2949085,2124848,2158522.061,1937463.518,1737067.652,4.1007530905155E8,3.5526469681051E8,3.2753439749002E8,185.63,180.12,191.35,94,92.45,91.88,96.94,94.97,94.79,91.62,89.91,91.79,597066.665,613128.16,338092.586,5.635654375748E7,5.674295061185E7,3.158462845254E7,350263,332796,207701,281306.224,291775.843,169978.883,2.65919260813E7,2.7018194571E7,1.587519437524E7,92.46,91.88,94.04,3979.22,3873.04,3805.53,4110,3889.27,3934.86,3840.24,3710,3796.54,590594.1382,593130.0905,477231.0181,2.335723187677247E9,2.268706650109904E9,1.842438997006866E9,7015049,6834244,4206428,279785.5053,263582.8173,210507.9739,1.107257090995763E9,1.00833492799178E9,8.13180072006933E8,3873.05,3805.53,3856.8,3934.88
2025-10-24T22:38:47,108297.66,107567.45,110078.19,109163.88,111293.61,112104.98,106666.69,107500,109700.01,28610.78451,17573.09294,15005.16913,3.0902917064439816E9,1.924582289411394E9,1.6628067649533324E9,5547903,3721614,3241022,13766.58861,8575.33716,7511.2434,1.4871799035999787E9,9.389053177034107E8,8.323904548076226E8,107567.44,110078.18,111004.89,2.4221,2.3647,2.3948,2.4375,2.4259,2.516,2.3255,2.3617,2.3863,1.316941033E8,8.43372011E7,1.12051925E8,3.1463921469154E8,2.0221430562803E8,2.7676670376931E8,1616003,864950,1167079,6.52921161E7,3.80671419E7,5.16397788E7,1.5607421680229E8,9.126670703713E7,1.2759449396124E8,2.3647,2.3947,2.5103,185.62,180.13,191.36,187.45,193.45,197,177.04,179.68,188.83,3977004.715,3501959.115,3356762.626,7.2843613660218E8,6.6047612842061E8,6.4550407980877E8,2949085,2124848,1753520,1937463.518,1737067.652,1673206.915,3.5526469681051E8,3.2753439749002E8,3.2199193024826E8,180.12,191.35,193.59,92.45,91.88,94.04,94.97,94.79,97.45,89.91,91.79,93.93,613128.16,338092.586,437003.74,5.674295061185E7,3.158462845254E7,4.185152287232E7,332796,207701,230425,291775.843,169978.883,224381.003,2.7018194571E7,1.587519437524E7,2.149240881353E7,91.88,94.04,96.45,3873.04,3805.53,3856.8,3889.27,3934.86,4026.39,3710,3796.54,3845.86,593130.0905,477231.0181,425926.9383,2.268706650109904E9,1.842438997006866E9,1.676037250100214E9,6834244,4206428,4291705,263582.8173,210507.9739,217754.8375,1.00833492799178E9,8.13180072006933E8,8.57155216561159E8,3805.53,3856.8,3934.88,3953.82
2025-10-25T22:38:47,107567.45,110078.19,111004.9,111293.61,112104.98,111943.19,107500,109700.01,110672.86,17573.09294,15005.16913,6407.96864,1.924582289411394E9,1.6628067649533324E9,7.142013329751225E8,3721614,3241022,1238199,8575.33716,7511.2434,3087.0866,9.389053177034107E8,8.323904548076226E8,3.441139317999452E8,110078.18,111004.89,111646.27,2.3647,2.3948,2.5103,2.4259,2.516,2.6542,2.3617,2.3863,2.5021,8.43372011E7,1.12051925E8,9.58295604E7,2.0221430562803E8,2.7676670376931E8,2.4694969935457E8,864950,1167079,1225540,3.80671419E7,5.16397788E7,4.8861644E7,9.126670703713E7,1.2759449396124E8,1.2594777818104E8,2.3947,2.5103,2.5959,180.13,191.36,193.58,193.45,197,195.25,179.68,188.83,191.19,3501959.115,3356762.626,1626838.938,6.6047612842061E8,6.4550407980877E8,3.1466564087631E8,2124848,1753520,874157,1737067.652,1673206.915,759627.35,3.2753439749002E8,3.2199193024826E8,1.4690539587584E8,191.35,193.59,193.84,91.88,94.04,96.44,94.79,97.45,97.07,91.79,93.93,95.67,338092.586,437003.74,178797.931,3.158462845254E7,4.185152287232E7,1.723775244629E7,207701,230425,123955,169978.883,224381.003,91717.17,1.587519437524E7,2.149240881353E7,8846029.836,94.04,96.45,96.97,3805.53,3856.8,3934.88,3934.86,4026.39,3969.22,3796.54,3845.86,3912.4,477231.0181,425926.9383,138526.3338,1.842438997006866E9,1.676037250100214E9,5.45722019675975E8,4206428,4291705,1476147,210507.9739,217754.8375,67667.2793,8.13180072006933E8,8.57155216561159E8,2.66617187890661E8,3856.8,3934.88,3953.82,4158.46
2025-10-26T22:38:47,110078.19,111004.9,111646.27,112104.98,111943.19,115466.8,109700.01,110672.86,111260.45,15005.16913,6407.96864,13454.47737,1.6628067649533324E9,7.142013329751225E8,1.525108635874829E9,3241022,1238199,2463951,7511.2434,3087.0866,6982.18154,8.323904548076226E8,3.441139317999452E8,7.914623493516057E8,111004.89,111646.27,114559.4,2.3948,2.5103,2.5958,2.516,2.6542,2.6624,2.3863,2.5021,2.592,1.12051925E8,9.58295604E7,8.36811167E7,2.7676670376931E8,2.4694969935457E8,2.201484094358E8,1167079,1225540,1130464,5.16397788E7,4.8861644E7,4.16760574E7,1.2759449396124E8,1.2594777818104E8,1.0966497364201E8,2.5103,2.5959,2.6461,191.36,193.58,193.84,197,195.25,202.43,188.83,191.19,191.9,3356762.626,1626838.938,2577750.13,6.4550407980877E8,3.1466564087631E8,5.0912128043437E8,1753520,874157,1351806,1673206.915,759627.35,1288235.909,3.2199193024826E8,1.4690539587584E8,2.5467617588971E8,193.59,193.84,200.03,94.04,96.44,96.96,97.45,97.07,101.02,93.93,95.67,96.34,437003.74,178797.931,337315.117,4.185152287232E7,1.723775244629E7,3.33248674588E7,230425,123955,188853,224381.003,91717.17,175406.166,2.149240881353E7,8846029.836,1.732236575963E7,96.45,96.97,100.02,3856.8,3934.88,3953.81,4026.39,3969.22,4178.78,3845.86,3912.4,3919.03,425926.9383,138526.3338,344698.0918,1.676037250100214E9,5.45722019675975E8,1.396836816693465E9,4291705,1476147,3249487,217754.8375,67667.2793,173720.1856,8.57155216561159E8,2.66617187890661E8,7.03491084262075E8,3934.88,3953.82,4158.46,4120.15
2025-10-27T22:38:47,111004.9,111646.27,114559.41,111943.19,115466.8,116400,110672.86,111260.45,113830.01,6407.96864,13454.47737,21450.23241,7.142013329751225E8,1.525108635874829E9,2.4708727445489683E9,1238199,2463951,3660488,3087.0866,6982.18154,10969.70182,3.441139317999452E8,7.914623493516057E8,1.2637535369973898E9,111646.27,114559.4,114107.65,2.5103,2.5958,2.646,2.6542,2.6624,2.6975,2.5021,2.592,2.6013,9.58295604E7,8.36811167E7,1.13960332E8,2.4694969935457E8,2.201484094358E8,3.0181665099461E8,1225540,1130464,1569789,4.8861644E7,4.16760574E7,5.32356944E7,1.2594777818104E8,1.0966497364201E8,1.4101917317446E8,2.5959,2.6461,2.634,193.58,193.84,200.03,195.25,202.43,205.33,191.19,191.9,197.34,1626838.938,2577750.13,3515609.387,3.1466564087631E8,5.0912128043437E8,7.083365754123E8,874157,1351806,2185287,759627.35,1288235.909,1655177.051,1.4690539587584E8,2.5467617588971E8,3.3351643974457E8,193.84,200.03,198.7,96.44,96.96,100.02,97.07,101.02,103.1,95.67,96.34,98.16,178797.931,337315.117,661778.678,1.723775244629E7,3.33248674588E7,6.667587779171E7,123955,188853,362798,91717.17,175406.166,352063.889,8846029.836,1.732236575963E7,3.549559778896E7,96.97,100.02,99.39,3934.88,3953.81,4158.46,3969.22,4178.78,4253.72,3912.4,3919.03,4095,138526.3338,344698.0918,487131.2291,5.45722019675975E8,1.396836816693465E9,2.035684992603607E9,1476147,3249487,5081784,67667.2793,173720.1856,248999.9729,2.66617187890661E8,7.03491084262075E8,1.040497593800265E9,3953.82,4158.46,4120.15,3979.2
2025-10-28T22:38:47,111646.27,114559.41,114107.65,115466.8,116400,116086,111260.45,113830.01,112211,13454.47737,21450.23241,15523.42257,1.525108635874829E9,2.4708727445489683E9,1.7727535298642743E9,2463951,3660488,3829845,6982.18154,10969.70182,7765.31574,7.914623493516057E8,1.2637535369973898E9,8.870316860163724E8,114559.4,114107.65,112898.45,2.5958,2.646,2.634,2.6624,2.6975,2.6887,2.592,2.6013,2.5675,8.36811167E7,1.13960332E8,1.237122872E8,2.201484094358E8,3.0181665099461E8,3.2574163367731E8,1130464,1569789,1554608,4.16760574E7,5.32356944E7,5.92723024E7,1.0966497364201E8,1.4101917317446E8,1.5606807761677E8,2.6461,2.634,2.6034,193.84,200.03,198.71,202.43,205.33,203.99,191.9,197.34,190.22,2577750.13,3515609.387,4329169.961,5.0912128043437E8,7.083365754123E8,8.5945423936776E8,1351806,2185287,2719480,1288235.909,1655177.051,2062269.032,2.5467617588971E8,3.3351643974457E8,4.0983695039202E8,200.03,198.7,194.15,96.96,100.02,99.4,101.02,103.1,106.98,96.34,98.16,95.33,337315.117,661778.678,1136067.546,3.33248674588E7,6.667587779171E7,1.1460391251196E8,188853,362798,522047,175406.166,352063.889,545202.873,1.732236575963E7,3.549559778896E7,5.509363949019E7,100.02,99.39,96.65,3953.81,4158.46,4120.16,4178.78,4253.72,4175.55,3919.03,4095,3931.33,344698.0918,487131.2291,472965.8377,1.396836816693465E9,2.035684992603607E9,1.926589295491682E9,3249487,5081784,5061999,173720.1856,248999.9729,222962.1579,7.03491084262075E8,1.040497593800265E9,9.08763052717048E8,4158.46,4120.15,3979.2,3902.99
2025-10-29T22:38:47,114559.41,114107.65,112898.44,116400,116086,113643.73,113830.01,112211,109200,21450.23241,15523.42257,21079.71376,2.4708727445489683E9,1.7727535298642743E9,2.3567159865335455E9,3660488,3829845,4481480,10969.70182,7765.31574,10407.07233,1.2637535369973898E9,8.870316860163724E8,1.1639856073569086E9,114107.65,112898.45,110021.29,2.646,2.634,2.6034,2.6975,2.6887,2.664,2.6013,2.5675,2.537,1.13960332E8,1.237122872E8,1.277830904E8,3.0181665099461E8,3.2574163367731E8,3.336196861261E8,1569789,1554608,1601141,5.32356944E7,5.92723024E7,5.90189887E7,1.4101917317446E8,1.5606807761677E8,1.5411697123826E8,2.634,2.6034,2.5502,200.03,198.71,194.16,205.33,203.99,201.7,197.34,190.22,189.37,3515609.387,4329169.961,4620887.829,7.083365754123E8,8.5945423936776E8,9.0429622037263E8,2185287,2719480,3083485,1655177.051,2062269.032,2104961.981,3.3351643974457E8,4.0983695039202E8,4.1209406262182E8,198.7,194.15,193.88,100.02,99.4,96.64,103.1,106.98,100.75,98.16,95.33,95.79,661778.678,1136067.546,636748.194,6.667587779171E7,1.1460391251196E8,6.264192074439E7,362798,522047,378754,352063.889,545202.873,300289.006,3.549559778896E7,5.509363949019E7,2.953518908712E7,99.39,96.65,98.53,4158.46,4120.16,3979.19,4253.72,4175.55,4036.66,4095,3931.33,3840.37,487131.2291,472965.8377,486452.3127,2.035684992603607E9,1.926589295491682E9,1.925328091834018E9,5081784,5061999,5571627,248999.9729,222962.1579,230694.78,1.040497593800265E9,9.08763052717048E8,9.13403769324608E8,4120.15,3979.2,3902.99,3805.09
2025-10-30T22:38:47,114107.65,112898.44,110021.3,116086,113643.73,111592,112211,109200,106304.34,15523.42257,21079.71376,25988.82838,1.7727535298642743E9,2.3567159865335455E9,2.8272212874227977E9,3829845,4481480,6373451,7765.31574,10407.07233,12551.13144,8.870316860163724E8,1.1639856073569086E9,1.3656718367455924E9,112898.45,110021.29,108322.88,2.634,2.6034,2.5502,2.6887,2.664,2.5944,2.5675,2.537,2.3769,1.237122872E8,1.277830904E8,1.516331529E8,3.2574163367731E8,3.336196861261E8,3.771576062916E8,1554608,1601141,2097584,5.92723024E7,5.90189887E7,7.2002455E7,1.5606807761677E8,1.5411697123826E8,1.7893182652578E8,2.6034,2.5502,2.4393,198.71,194.16,193.89,203.99,201.7,198.19,190.22,189.37,178.65,4329169.961,4620887.829,5054538.263,8.5945423936776E8,9.0429622037263E8,9.5156737337045E8,2719480,3083485,3681828,2062269.032,2104961.981,2375165.65,4.0983695039202E8,4.1209406262182E8,4.4716298926868E8,194.15,193.88,184.69,99.4,96.64,98.53,106.98,100.75,99.76,95.33,95.79,90.37,1136067.546,636748.194,689290.89,1.1460391251196E8,6.264192074439E7,6.519906107165E7,522047,378754,441680,545202.873,300289.006,321238.142,5.509363949019E7,2.953518908712E7,3.039600157545E7,96.65,98.53,93.39,4120.16,3979.19,3903,4175.55,4036.66,3948.74,3931.33,3840.37,3680,472965.8377,486452.3127,531455.9923,1.926589295491682E9,1.925328091834018E9,2.028708564222212E9,5061999,5571627,6906431,222962.1579,230694.78,253157.6828,9.08763052717048E8,9.13403769324608E8,9.6691564109658E8,3979.2,3902.99,3805.09,3847.99
2025-10-31T22:38:47,112898.44,110021.3,108322.87,113643.73,111592,111190,109200,106304.34,108275.28,21079.71376,25988.82838,21518.20439,2.3567159865335455E9,2.8272212874227977E9,2.3615904379414105E9,4481480,6373451,5256872,10407.07233,12551.13144,10798.53938,1.1639856073569086E9,1.3656718367455924E9,1.1850342909237797E9,110021.29,108322.88,109608.01,2.6034,2.5502,2.4393,2.664,2.5944,2.5546,2.537,2.3769,2.4311,1.277830904E8,1.516331529E8,1.156093307E8,3.336196861261E8,3.771576062916E8,2.8908062719977E8,1601141,2097584,1256244,5.90189887E7,7.2002455E7,5.40747828E7,1.5411697123826E8,1.7893182652578E8,1.3528537574321E8,2.5502,2.4393,2.5097,194.16,193.89,184.69,201.7,198.19,190.26,189.37,178.65,183.7,4620887.829,5054538.263,3193393.84,9.0429622037263E8,9.5156737337045E8,5.9597573867529E8,3083485,3681828,2136994,2104961.981,2375165.65,1676919.623,4.1209406262182E8,4.4716298926868E8,3.1311614194499E8,193.88,184.69,187.21,96.64,98.53,93.38,100.75,99.76,96.3,95.79,90.37,92.98,636748.194,689290.89,367029.123,6.264192074439E7,6.519906107165E7,3.47700640359E7,378754,441680,266643,300289.006,321238.142,193582.271,2.953518908712E7,3.039600157545E7,1.833724374057E7,98.53,93.39,95.38,3979.19,3903,3804.95,4036.66,3948.74,3906.09,3840.37,3680,3796.36,486452.3127,531455.9923,478636.2995,1.925328091834018E9,2.028708564222212E9,1.843471240950858E9,5571627,6906431,5000695,230694.78,253157.6828,263997.8361,9.13403769324608E8,9.6691564109658E8,1.017255899859766E9,3902.99,3805.09,3847.99,3873.77
2025-11-01T22:38:47,110021.3,108322.87,109608.01,111592,111190,110564.49,106304.34,108275.28,109394.81,25988.82838,21518.20439,7378.50431,2.8272212874227977E9,2.3615904379414105E9,8.123892164346797E8,6373451,5256872,1994214,12551.13144,10798.53938,3406.68401,1.3656718367455924E9,1.1850342909237797E9,3.751269560809722E8,108322.88,109608.01,110098.1,2.5502,2.4393,2.5096,2.5944,2.5546,2.5233,2.3769,2.4311,2.476,1.516331529E8,1.156093307E8,4.15519128E7,3.771576062916E8,2.8908062719977E8,1.0393095629276E8,2097584,1256244,521257,7.2002455E7,5.40747828E7,2.01450834E7,1.7893182652578E8,1.3528537574321E8,5.038991548432E7,2.4393,2.5097,2.5053,193.89,184.69,187.21,198.19,190.26,187.55,178.65,183.7,183.79,5054538.263,3193393.84,1484505.22,9.5156737337045E8,5.9597573867529E8,2.7611673923029E8,3681828,2136994,977810,2375165.65,1676919.623,737045.793,4.4716298926868E8,3.1311614194499E8,1.3706731894969E8,184.69,187.21,186.35,98.53,93.38,95.38,99.76,96.3,104,90.37,92.98,95.03,689290.89,367029.123,586785.41,6.519906107165E7,3.47700640359E7,5.796067266589E7,441680,266643,316531,321238.142,193582.271,320322.875,3.039600157545E7,1.833724374057E7,3.16563093614E7,93.39,95.38,101.38,3903,3804.95,3848,3948.74,3906.09,3909.39,3680,3796.36,3831,531455.9923,478636.2995,152998.1626,2.028708564222212E9,1.843471240950858E9,5.92459458761567E8,6906431,5000695,1840903,253157.6828,263997.8361,75638.8612,9.6691564109658E8,1.017255899859766E9,2.92912520170275E8,3805.09,3847.99,3873.77,3906.58
2025-11-02T22:38:47,108322.87,109608.01,110098.1,111190,110564.49,111250.01,108275.28,109394.81,109471.34,21518.20439,7378.50431,12107.00087,2.3615904379414105E9,8.123892164346797E8,1.3368705311415012E9,5256872,1994214,2652188,10798.53938,3406.68401,5921.86453,1.1850342909237797E9,3.751269560809722E8,6.540169502549777E8,109608.01,110098.1,110540.68,2.4393,2.5096,2.5053,2.5546,2.5233,2.5549,2.4311,2.476,2.478,1.156093307E8,4.15519128E7,5.15559576E7,2.8908062719977E8,1.0393095629276E8,1.2968407486327E8,1256244,521257,680133,5.40747828E7,2.01450834E7,2.47445258E7,1.3528537574321E8,5.038991548432E7,6.227046177139E7,2.5097,2.5053,2.5267,184.69,187.21,186.35,190.26,187.55,188.34,183.7,183.79,182,3193393.84,1484505.22,1761297.557,5.9597573867529E8,2.7611673923029E8,3.2663431433352E8,2136994,977810,1245796,1676919.623,737045.793,887277.837,3.1311614194499E8,1.3706731894969E8,1.6464616044819E8,187.21,186.35,187.71,93.38,95.38,101.39,96.3,104,101.54,92.98,95.03,97.5,367029.123,586785.41,466122.873,3.47700640359E7,5.796067266589E7,4.645099843029E7,266643,316531,297940,193582.271,320322.875,225349.191,1.833724374057E7,3.16563093614E7,2.247274994583E7,95.38,101.38,99.42,3804.95,3848,3873.78,3906.09,3909.39,3918.23,3796.36,3831,3839.12,478636.2995,152998.1626,216083.1542,1.843471240950858E9,5.92459458761567E8,8.37354910688628E8,5000695,1840903,2433160,263997.8361,75638.8612,115417.9205,1.017255899859766E9,2.92912520170275E8,4.47423699373431E8,3847.99,3873.77,3906.58,3603.83
2025-11-03T22:38:47,109608.01,110098.1,110540.69,110564.49,111250.01,110750,109394.81,109471.34,105306.56,7378.50431,12107.00087,28681.18779,8.123892164346797E8,1.3368705311415012E9,3.0760066520015674E9,1994214,2652188,7074546,3406.68401,5921.86453,12847.08574,3.751269560809722E8,6.540169502549777E8,1.3778691066681776E9,110098.1,110540.68,106583.04,2.5096,2.5053,2.5267,2.5233,2.5549,2.5322,2.476,2.478,2.2631,4.15519128E7,5.15559576E7,1.745254701E8,1.0393095629276E8,1.2968407486327E8,4.1420147914369E8,521257,680133,2091619,2.01450834E7,2.47445258E7,8.44354811E7,5.038991548432E7,6.227046177139E7,2.0015832301645E8,2.5053,2.5267,2.3096,187.21,186.35,187.71,187.55,188.34,189.13,183.79,182,163.15,1484505.22,1761297.557,7327613.063,2.7611673923029E8,3.2663431433352E8,1.26404932801724E9,977810,1245796,3910583,737045.793,887277.837,3337771.152,1.3706731894969E8,1.6464616044819E8,5.75999147169E8,186.35,187.71,166.06,95.38,101.39,99.42,104,101.54,99.79,95.03,97.5,85.35,586785.41,466122.873,1032684.313,5.796067266589E7,4.645099843029E7,9.389725252432E7,316531,297940,576617,320322.875,225349.191,469276.446,3.16563093614E7,2.247274994583E7,4.261736191133E7,101.38,99.42,87.43,3848,3873.78,3906.58,3909.39,3918.23,3914.29,3831,3839.12,3558.82,152998.1626,216083.1542,877187.3852,5.92459458761567E8,8.37354910688628E8,3.238285047509506E9,1840903,2433160,7464333,75638.8612,115417.9205,396065.9448,2.92912520170275E8,4.47423699373431E8,1.462435750935427E9,3873.77,3906.58,3603.83,3287.05
2025-11-04T22:38:47,110098.1,110540.69,106583.05,111250.01,110750,107299,109471.34,105306.56,98944.36,12107.00087,28681.18779,50534.87376,1.3368705311415012E9,3.0760066520015674E9,5.197697635212413E9,2652188,7074546,9099609,5921.86453,12847.08574,23388.99033,6.540169502549777E8,1.3778691066681776E9,2.40618671317053E9,110540.68,106583.04,101497.22,2.5053,2.5267,2.3095,2.5549,2.5322,2.3655,2.478,2.2631,2.0665,5.15559576E7,1.745254701E8,3.465589075E8,1.2968407486327E8,4.1420147914369E8,7.7144666012197E8,680133,2091619,3960857,2.47445258E7,8.44354811E7,1.726768408E8,6.227046177139E7,2.0015832301645E8,3.8495957352622E8,2.5267,2.3096,2.2053,186.35,187.71,166.06,188.34,189.13,168.42,182,163.15,145.85,1761297.557,7327613.063,8288577.565,3.2663431433352E8,1.26404932801724E9,1.3047886002289E9,1245796,3910583,5573905,887277.837,3337771.152,4105832.682,1.6464616044819E8,5.75999147169E8,6.4724182365151E8,187.71,166.06,155.03,101.39,99.42,87.42,101.54,99.79,91.2,97.5,85.35,79.68,466122.873,1032684.313,1131742.898,4.645099843029E7,9.389725252432E7,9.700876144934E7,297940,576617,725609,225349.191,469276.446,550828.185,2.247274994583E7,4.261736191133E7,4.722269887134E7,99.42,87.43,85.21,3873.78,3906.58,3603.84,3918.23,3914.29,3654.54,3839.12,3558.82,3057,216083.1542,877187.3852,1568004.238,8.37354910688628E8,3.238285047509506E9,5.314450723763831E9,2433160,7464333,10283812,115417.9205,396065.9448,730780.3823,4.47423699373431E8,1.462435750935427E9,2.476934144731218E9,3906.58,3603.83,3287.05,3424.29
2025-11-05T22:38:47,110540.69,106583.05,101497.23,110750,107299,104534.74,105306.56,98944.36,98966.8,28681.18779,50534.87376,33778.77571,3.0760066520015674E9,5.197697635212413E9,3.454273922700385E9,7074546,9099609,6500368,12847.08574,23388.99033,18126.84828,1.3778691066681776E9,2.40618671317053E9,1.8542322770330112E9,106583.04,101497.22,103885.16,2.5267,2.3095,2.2053,2.5322,2.3655,2.3766,2.2631,2.0665,2.1015,1.745254701E8,3.465589075E8,2.078330069E8,4.1420147914369E8,7.7144666012197E8,4.6828663704496E8,2091619,3960857,2433793,8.44354811E7,1.726768408E8,1.013976942E8,2.0015832301645E8,3.8495957352622E8,2.2866518570234E8,2.3096,2.2053,2.3432,187.71,166.06,155.04,189.13,168.42,163.97,163.15,145.85,147.29,7327613.063,8288577.565,4650531.688,1.26404932801724E9,1.3047886002289E9,7.3157030664341E8,3910583,5573905,3444083,3337771.152,4105832.682,2395791.521,5.75999147169E8,6.4724182365151E8,3.7726343101647E8,166.06,155.03,162.37,99.42,87.42,85.2,99.79,91.2,89.97,85.35,79.68,82.01,1032684.313,1131742.898,597946.693,9.389725252432E7,9.700876144934E7,5.18704392031E7,576617,725609,377912,469276.446,550828.185,312334.699,4.261736191133E7,4.722269887134E7,2.70911505454E7,87.43,85.21,89.39,3906.58,3603.84,3287.05,3914.29,3654.54,3480.46,3558.82,3057,3166.66,877187.3852,1568004.238,809591.5132,3.238285047509506E9,5.314450723763831E9,2.699190339152632E9,7464333,10283812,6935719,396065.9448,730780.3823,421218.8965,1.462435750935427E9,2.476934144731218E9,1.403027181859867E9,3603.83,3287.05,3424.29,3315.14
2025-11-06T22:38:47,106583.05,101497.23,103885.16,107299,104534.74,104200,98944.36,98966.8,100300.95,50534.87376,33778.77571,25814.62139,5.197697635212413E9,3.454273922700385E9,2.641767846305827E9,9099609,6500368,5755001,23388.99033,18126.84828,11972.54796,2.40618671317053E9,1.8542322770330112E9,1.2254741730204284E9,101497.22,103885.16,101346.04,2.3095,2.2053,2.3432,2.3655,2.3766,2.416,2.0665,2.1015,2.1796,3.465589075E8,2.078330069E8,1.727243127E8,7.7144666012197E8,4.6828663704496E8,3.9370099204894E8,3960857,2433793,2061551,1.726768408E8,1.013976942E8,8.57550185E7,3.8495957352622E8,2.2866518570234E8,1.953825253911E8,2.2053,2.3432,2.213,166.06,155.04,162.37,168.42,163.97,162.91,145.85,147.29,153.45,8288577.565,4650531.688,3576753.327,1.3047886002289E9,7.3157030664341E8,5.6613076286118E8,5573905,3444083,2732485,4105832.682,2395791.521,1700925.871,6.4724182365151E8,3.7726343101647E8,2.6931667468073E8,155.03,162.37,155.28,87.42,85.2,89.39,91.2,89.97,89.39,79.68,82.01,85.3,1131742.898,597946.693,495999.412,9.700876144934E7,5.18704392031E7,4.332848750824E7,725609,377912,346249,550828.185,312334.699,233514.082,4.722269887134E7,2.70911505454E7,2.039936928464E7,85.21,89.39,87,3603.84,3287.05,3424.29,3654.54,3480.46,3456.46,3057,3166.66,3245.45,1568004.238,809591.5132,566363.7003,5.314450723763831E9,2.699190339152632E9,1.896818057207791E9,10283812,6935719,6422367,730780.3823,421218.8965,278569.8569,2.476934144731218E9,1.403027181859867E9,9.32497460957171E8,3287.05,3424.29,3315.14,3436.05
2025-11-07T22:38:47,101497.23,103885.16,101346.04,104534.74,104200,104096.36,98966.8,100300.95,99260.86,33778.77571,25814.62139,32059.50942,3.454273922700385E9,2.641767846305827E9,3.251112979305884E9,6500368,5755001,6335759,18126.84828,11972.54796,16056.80582,1.8542322770330112E9,1.2254741730204284E9,1.62956415911658E9,103885.16,101346.04,103339.08,2.2053,2.3432,2.213,2.3766,2.416,2.3729,2.1015,2.1796,2.1536,2.078330069E8,1.727243127E8,1.780039373E8,4.6828663704496E8,3.9370099204894E8,4.012172383277E8,2433793,2061551,2278878,1.013976942E8,8.57550185E7,9.01201278E7,2.2866518570234E8,1.953825253911E8,2.0338004690812E8,2.3432,2.213,2.3154,155.04,162.37,155.27,163.97,162.91,164.48,147.29,153.45,149.82,4650531.688,3576753.327,4213077.972,7.3157030664341E8,5.6613076286118E8,6.6145164357886E8,3444083,2732485,3662708,2395791.521,1700925.871,2180968.092,3.7726343101647E8,2.6931667468073E8,3.4224039726796E8,162.37,155.28,161.79,85.2,89.39,87.01,89.97,89.39,104.85,82.01,85.3,85.95,597946.693,495999.412,1639946.774,5.18704392031E7,4.332848750824E7,1.5889657306141E8,377912,346249,935703,312334.699,233514.082,852569.839,2.70911505454E7,2.039936928464E7,8.289913982702E7,89.39,87,101.87,3287.05,3424.29,3315.14,3480.46,3456.46,3473,3166.66,3245.45,3194.2,809591.5132,566363.7003,683417.3854,2.699190339152632E9,1.896818057207791E9,2.269770217236427E9,6935719,6422367,7139239,421218.8965,278569.8569,352056.0459,1.403027181859867E9,9.32497460957171E8,1.169901356913121E9,3424.29,3315.14,3436.05,3401.51
2025-11-08T22:38:47,103885.16,101346.04,103339.09,104200,104096.36,103406.22,100300.95,99260.86,101454,25814.62139,32059.50942,12390.77985,2.641767846305827E9,3.251112979305884E9,1.2671655653752701E9,5755001,6335759,2743819,11972.54796,16056.80582,5862.65977,1.2254741730204284E9,1.62956415911658E9,5.996113553671467E8,101346.04,103339.08,102312.94,2.3432,2.213,2.3155,2.416,2.3729,2.3381,2.1796,2.1536,2.2424,1.727243127E8,1.780039373E8,8.36562561E7,3.9370099204894E8,4.012172383277E8,1.9226887234323E8,2061551,2278878,1208890,8.57550185E7,9.01201278E7,3.93938728E7,1.953825253911E8,2.0338004690812E8,9.050472271398E7,2.213,2.3154,2.2863,162.37,155.27,161.8,162.91,164.48,164.89,153.45,149.82,155.8,3576753.327,4213077.972,2502927.24,5.6613076286118E8,6.6145164357886E8,3.9999630316123E8,2732485,3662708,1841390,1700925.871,2180968.092,1156642.546,2.6931667468073E8,3.4224039726796E8,1.8491626077013E8,155.28,161.79,158.02,89.39,87.01,101.88,89.39,104.85,107.64,85.3,85.95,98.02,495999.412,1639946.774,1089634.77,4.332848750824E7,1.5889657306141E8,1.0991555560853E8,346249,935703,653951,233514.082,852569.839,567913.699,2.039936928464E7,8.289913982702E7,5.737629863456E7,87,101.87,106.95,3424.29,3315.14,3436.04,3456.46,3473,3488,3245.45,3194.2,3355.58,566363.7003,683417.3854,291532.2881,1.896818057207791E9,2.269770217236427E9,9.9707651609053E8,6422367,7139239,3661341,278569.8569,352056.0459,144818.0207,9.32497460957171E8,1.169901356913121E9,4.95545476057333E8,3315.14,3436.05,3401.51,3583.46
2025-11-09T22:38:47,101346.04,103339.09,102312.95,104096.36,103406.22,105495.62,99260.86,101454,101400,32059.50942,12390.77985,16338.97096,3.251112979305884E9,1.2671655653752701E9,1.6870208223668208E9,6335759,2743819,3404204,16056.80582,5862.65977,8224.94939,1.62956415911658E9,5.996113553671467E8,8.496206570869097E8,103339.08,102312.94,104722.96,2.213,2.3155,2.2864,2.3729,2.3381,2.395,2.1536,2.2424,2.2392,1.780039373E8,8.36562561E7,8.6012398E7,4.012172383277E8,1.9226887234323E8,1.9827860116981E8,2278878,1208890,1239612,9.01201278E7,3.93938728E7,3.99786063E7,2.0338004690812E8,9.050472271398E7,9.222538689178E7,2.3154,2.2863,2.3662,155.27,161.8,158.01,164.48,164.89,166.57,149.82,155.8,155.11,4213077.972,2502927.24,3231789.575,6.6145164357886E8,3.9999630316123E8,5.2070806209549E8,3662708,1841390,1970862,2180968.092,1156642.546,1726815.379,3.4224039726796E8,1.8491626077013E8,2.7854610988247E8,161.79,158.02,164.53,87.01,101.88,106.95,104.85,107.64,113.71,85.95,98.02,98.8,1639946.774,1089634.77,1966394.492,1.5889657306141E8,1.0991555560853E8,2.0820629686181E8,935703,653951,1357935,852569.839,567913.699,978840.263,8.289913982702E7,5.737629863456E7,1.0377670900915E8,101.87,106.95,110.31,3315.14,3436.04,3401.51,3473,3488,3623.25,3194.2,3355.58,3358.66,683417.3854,291532.2881,464098.052,2.269770217236427E9,9.9707651609053E8,1.61606805982672E9,7139239,3661341,4471232,352056.0459,144818.0207,255287.6113,1.169901356913121E9,4.95545476057333E8,8.88865168926934E8,3436.05,3401.51,3583.46,3567.85
2025-11-10T22:38:47,103339.09,102312.95,104722.95,103406.22,105495.62,106670.11,101454,101400,104265.02,12390.77985,16338.97096,22682.25673,1.2671655653752701E9,1.6870208223668208E9,2.400141664389342E9,2743819,3404204,4710957,5862.65977,8224.94939,11595.81944,5.996113553671467E8,8.496206570869097E8,1.22696588874677E9,102312.94,104722.96,106011.13,2.3155,2.2864,2.3662,2.3381,2.395,2.5808,2.2424,2.2392,2.3462,8.36562561E7,8.6012398E7,1.974783953E8,1.9226887234323E8,1.9827860116981E8,4.9418602529096E8,1208890,1239612,2425650,3.93938728E7,3.99786063E7,9.33335712E7,9.050472271398E7,9.222538689178E7,2.3350302806542E8,2.2863,2.3662,2.526,161.8,158.01,164.53,164.89,166.57,170.48,155.8,155.11,163.42,2502927.24,3231789.575,3628961.126,3.9999630316123E8,5.2070806209549E8,6.0711110927836E8,1841390,1970862,2502580,1156642.546,1726815.379,1661117.365,1.8491626077013E8,2.7854610988247E8,2.7807001325858E8,158.02,164.53,167.31,101.88,106.95,110.3,107.64,113.71,112.3,98.02,98.8,103.4,1089634.77,1966394.492,1071811.879,1.0991555560853E8,2.0820629686181E8,1.1543565764392E8,653951,1357935,675150,567913.699,978840.263,527763.301,5.737629863456E7,1.0377670900915E8,5.690527337952E7,106.95,110.31,104.25,3436.04,3401.51,3583.46,3488,3623.25,3658.98,3355.58,3358.66,3507.3,291532.2881,464098.052,595273.0298,9.9707651609053E8,1.61606805982672E9,2.130222587624694E9,3661341,4471232,5374965,144818.0207,255287.6113,288985.1178,4.95545476057333E8,8.88865168926934E8,1.035700899574761E9,3401.51,3583.46,3567.85,3417.76
2025-11-11T22:38:47,102312.95,104722.95,106011.13,105495.62,106670.11,107500,101400,104265.02,102476.09,16338.97096,22682.25673,24196.50718,1.6870208223668208E9,2.400141664389342E9,2.5322790710069213E9,3404204,4710957,5532149,8224.94939,11595.81944,10717.03395,8.496206570869097E8,1.22696588874677E9,1.1218905841997764E9,104722.96,106011.13,103058.99,2.2864,2.3662,2.526,2.395,2.5808,2.57,2.2392,2.3462,2.3787,8.6012398E7,1.974783953E8,1.265388917E8,1.9827860116981E8,4.9418602529096E8,3.1186241517771E8,1239612,2425650,1790221,3.99786063E7,9.33335712E7,6.19302244E7,9.222538689178E7,2.3350302806542E8,1.5275208035078E8,2.3662,2.526,2.3915,158.01,164.53,167.31,166.57,170.48,171.94,155.11,163.42,153.93,3231789.575,3628961.126,4702104.213,5.2070806209549E8,6.0711110927836E8,7.6644992555292E8,1970862,2502580,2677284,1726815.379,1661117.365,2103700.289,2.7854610988247E8,2.7807001325858E8,3.4331263875657E8,164.53,167.31,154.63,106.95,110.3,104.24,113.71,112.3,106.99,98.8,103.4,99.02,1966394.492,1071811.879,931687.212,2.0820629686181E8,1.1543565764392E8,9.513542590726E7,1357935,675150,627576,978840.263,527763.301,414497.849,1.0377670900915E8,5.690527337952E7,4.236461098757E7,110.31,104.25,99.68,3401.51,3583.46,3567.85,3623.25,3658.98,3648.27,3358.66,3507.3,3405.24,464098.052,595273.0298,660283.2747,1.61606805982672E9,2.130222587624694E9,2.334219569458803E9,4471232,5374965,6239855,255287.6113,288985.1178,279975.2724,8.88865168926934E8,1.035700899574761E9,9.88115425798087E8,3583.46,3567.85,3417.76,3414.92
2025-11-12T22:38:47,104722.95,106011.13,103059,106670.11,107500,105333.33,104265.02,102476.09,100813.59,22682.25673,24196.50718,20457.63906,2.400141664389342E9,2.5322790710069213E9,2.1085144052608771E9,4710957,5532149,5314132,11595.81944,10717.03395,10155.72095,1.22696588874677E9,1.1218905841997764E9,1.047214063138287E9,106011.13,103058.99,101654.37,2.3662,2.526,2.3915,2.5808,2.57,2.4491,2.3462,2.3787,2.3166,1.974783953E8,1.265388917E8,1.411597956E8,4.9418602529096E8,3.1186241517771E8,3.3710147681378E8,2425650,1790221,1599780,9.33335712E7,6.19302244E7,7.45072714E7,2.3350302806542E8,1.5275208035078E8,1.7801355661515E8,2.526,2.3915,2.3879,164.53,167.31,154.63,170.48,171.94,161.14,163.42,153.93,151.2,3628961.126,4702104.213,4139205.467,6.0711110927836E8,7.6644992555292E8,6.455686365188E8,2502580,2677284,2512619,1661117.365,2103700.289,1891356.677,2.7807001325858E8,3.4331263875657E8,2.9491977080986E8,167.31,154.63,153.42,110.3,104.24,99.69,112.3,106.99,104.32,103.4,99.02,94.86,1071811.879,931687.212,1173355.162,1.1543565764392E8,9.513542590726E7,1.1601144335986E8,675150,627576,941763,527763.301,414497.849,575571.573,5.690527337952E7,4.236461098757E7,5.700939094078E7,104.25,99.68,97.59,3583.46,3567.85,3417.76,3658.98,3648.27,3588.19,3507.3,3405.24,3371.65,595273.0298,660283.2747,553101.9368,2.130222587624694E9,2.334219569458803E9,1.91304055362282E9,5374965,6239855,5915987,288985.1178,279975.2724,269502.1432,1.035700899574761E9,9.88115425798087E8,9.32258100373958E8,3567.85,3417.76,3414.92,3231.54
2025-11-13T22:38:47,106011.13,103059,101654.37,107500,105333.33,104085.01,102476.09,100813.59,98000.4,24196.50718,20457.63906,36198.50771,2.5322790710069213E9,2.1085144052608771E9,3.6546980265403805E9,5532149,5314132,8125404,10717.03395,10155.72095,17250.22426,1.1218905841997764E9,1.047214063138287E9,1.7424491175763607E9,103058.99,101654.37,99692.02,2.526,2.3915,2.3878,2.57,2.4491,2.5264,2.3787,2.3166,2.2757,1.265388917E8,1.411597956E8,2.682644045E8,3.1186241517771E8,3.3710147681378E8,6.4816128152071E8,1790221,1599780,2933097,6.19302244E7,7.45072714E7,1.313736542E8,1.5275208035078E8,1.7801355661515E8,3.1691127552479E8,2.3915,2.3879,2.3225,167.31,154.63,153.43,171.94,161.14,157.2,153.93,151.2,141.04,4702104.213,4139205.467,5418189.697,7.6644992555292E8,6.455686365188E8,8.1254600091323E8,2677284,2512619,3262498,2103700.289,1891356.677,2669826.268,3.4331263875657E8,2.9491977080986E8,4.0035674308084E8,154.63,153.42,144.73,104.24,99.69,97.6,106.99,104.32,102.75,99.02,94.86,93.58,931687.212,1173355.162,982130.246,9.513542590726E7,1.1601144335986E8,9.678727143245E7,627576,941763,768601,414497.849,575571.573,476007.038,4.236461098757E7,5.700939094078E7,4.688545887706E7,99.68,97.59,96.55,3567.85,3417.76,3414.91,3648.27,3588.19,3565.84,3405.24,3371.65,3154.22,660283.2747,553101.9368,951989.1347,2.334219569458803E9,1.91304055362282E9,3.206643011077227E9,6239855,5915987,8109562,279975.2724,269502.1432,479288.7197,9.88115425798087E8,9.32258100373958E8,1.611512971446227E9,3417.76,3414.92,3231.54,3112.4
2025-11-14T22:38:47,103059,101654.37,99692.03,105333.33,104085.01,99866.02,100813.59,98000.4,94012.45,20457.63906,36198.50771,47288.14481,2.1085144052608771E9,3.6546980265403805E9,4.566085156747207E9,5314132,8125404,9551025,10155.72095,17250.22426,21184.91518,1.047214063138287E9,1.7424491175763607E9,2.0455422868634834E9,101654.37,99692.02,94594,2.3915,2.3878,2.3225,2.4491,2.5264,2.3416,2.3166,2.2757,2.2256,1.411597956E8,2.682644045E8,2.203778186E8,3.3710147681378E8,6.4816128152071E8,5.0393383945625E8,1599780,2933097,2637209,7.45072714E7,1.313736542E8,1.106930077E8,1.7801355661515E8,3.1691127552479E8,2.531891906915E8,2.3879,2.3225,2.2443,154.63,153.43,144.74,161.14,157.2,145.68,151.2,141.04,135.76,4139205.467,5418189.697,6176425.147,6.455686365188E8,8.1254600091323E8,8.711756413312E8,2512619,3262498,4481602,1891356.677,2669826.268,2954405.845,2.9491977080986E8,4.0035674308084E8,4.1667410198472E8,153.42,144.73,138.92,99.69,97.6,96.54,104.32,102.75,100.2,94.86,93.58,93.22,1173355.162,982130.246,1072144.18,1.1601144335986E8,9.678727143245E7,1.0361351789676E8,941763,768601,871466,575571.573,476007.038,542080.056,5.700939094078E7,4.688545887706E7,5.243218092687E7,97.59,96.55,97.7,3417.76,3414.91,3231.55,3588.19,3565.84,3256.71,3371.65,3154.22,3070,553101.9368,951989.1347,890446.1491,1.91304055362282E9,3.206643011077227E9,2.825408309925825E9,5915987,8109562,9563602,269502.1432,479288.7197,444168.0228,9.32258100373958E8,1.611512971446227E9,1.410419310962096E9,3414.92,3231.54,3112.4,3167.88
2025-11-15T22:38:47,101654.37,99692.03,94594,104085.01,99866.02,96846.68,98000.4,94012.45,94558.49,36198.50771,47288.14481,15110.89391,3.6546980265403805E9,4.566085156747207E9,1.4490740190674856E9,8125404,9551025,4263558,17250.22426,21184.91518,7115.78198,1.7424491175763607E9,2.0455422868634834E9,6.823589607540421E8,99692.02,94594,95596.24,2.3878,2.3225,2.2443,2.5264,2.3416,2.3034,2.2757,2.2256,2.2111,2.682644045E8,2.203778186E8,8.44732542E7,6.4816128152071E8,5.0393383945625E8,1.9100899086777E8,2933097,2637209,1187884,1.313736542E8,1.106930077E8,4.3286016E7,3.1691127552479E8,2.531891906915E8,9.787683998032E7,2.3225,2.2443,2.2372,153.43,144.74,138.93,157.2,145.68,144.69,141.04,135.76,138.61,5418189.697,6176425.147,2351478.022,8.1254600091323E8,8.711756413312E8,3.3299304778325E8,3262498,4481602,1548121,2669826.268,2954405.845,1215575.886,4.0035674308084E8,4.1667410198472E8,1.721199866611E8,144.73,138.92,139.61,97.6,96.54,97.69,102.75,100.2,109.59,93.58,93.22,97.57,982130.246,1072144.18,1089472.087,9.678727143245E7,1.0361351789676E8,1.1350985628635E8,768601,871466,871178,476007.038,542080.056,577154.361,4.688545887706E7,5.243218092687E7,6.01350073085E7,96.55,97.7,101.71,3414.91,3231.55,3112.4,3565.84,3256.71,3230,3154.22,3070,3110.68,951989.1347,890446.1491,338463.4782,3.206643011077227E9,2.825408309925825E9,1.076796729102536E9,8109562,9563602,3329279,479288.7197,444168.0228,178961.8223,1.611512971446227E9,1.410419310962096E9,5.69908112717186E8,3231.54,3112.4,3167.88,3095.29
2025-11-16T22:38:47,99692.03,94594,95596.23,99866.02,96846.68,96635.11,94012.45,94558.49,93005.55,47288.14481,15110.89391,23889.4051,4.566085156747207E9,1.4490740190674856E9,2.2612955248173394E9,9551025,4263558,5141394,21184.91518,7115.78198,10828.62752,2.0455422868634834E9,6.823589607540421E8,1.0255401413111866E9,94594,95596.24,94261.44,2.3225,2.2443,2.2372,2.3416,2.3034,2.28,2.2256,2.2111,2.1558,2.203778186E8,8.44732542E7,1.262545062E8,5.0393383945625E8,1.9100899086777E8,2.7963528028231E8,2637209,1187884,1659217,1.106930077E8,4.3286016E7,6.15375E7,2.531891906915E8,9.787683998032E7,1.3630175257972E8,2.2443,2.2372,2.2149,144.74,138.93,139.6,145.68,144.69,143.38,135.76,138.61,134.42,6176425.147,2351478.022,3385434.284,8.711756413312E8,3.3299304778325E8,4.6835968665837E8,4481602,1548121,2470289,2954405.845,1215575.886,1619328.951,4.1667410198472E8,1.721199866611E8,2.2420164945952E8,138.92,139.61,137.17,96.54,97.69,101.72,100.2,109.59,103.38,93.22,97.57,94.15,1072144.18,1089472.087,723048.093,1.0361351789676E8,1.1350985628635E8,7.141232206813E7,871466,871178,689646,542080.056,577154.361,330393.119,5.243218092687E7,6.01350073085E7,3.266167697592E7,97.7,101.71,95.79,3231.55,3112.4,3167.87,3256.71,3230,3249,3070,3110.68,3004,890446.1491,338463.4782,570633.5809,2.825408309925825E9,1.076796729102536E9,1.779987722711093E9,9563602,3329279,5709385,444168.0228,178961.8223,287844.8346,1.410419310962096E9,5.69908112717186E8,8.99323831841917E8,3112.4,3167.88,3095.29,3031.44
2025-11-17T22:38:47,94594,95596.23,94261.45,96846.68,96635.11,96043,94558.49,93005.55,91220,15110.89391,23889.4051,39218.59806,1.4490740190674856E9,2.2612955248173394E9,3.674562070238606E9,4263558,5141394,8134322,7115.78198,10828.62752,18690.19245,6.823589607540421E8,1.0255401413111866E9,1.7509794677862606E9,95596.24,94261.44,92215.14,2.2443,2.2372,2.2148,2.3034,2.28,2.3077,2.2111,2.1558,2.1146,8.44732542E7,1.262545062E8,2.139258403E8,1.9100899086777E8,2.7963528028231E8,4.7221243949585E8,1187884,1659217,2229241,4.3286016E7,6.15375E7,1.029776628E8,9.787683998032E7,1.3630175257972E8,2.2739476302789E8,2.2372,2.2149,2.1637,138.93,139.6,137.17,144.69,143.38,143.28,138.61,134.42,128.82,2351478.022,3385434.284,5624720.775,3.3299304778325E8,4.6835968665837E8,7.6651271110863E8,1548121,2470289,3486901,1215575.886,1619328.951,2856236.362,1.721199866611E8,2.2420164945952E8,3.8919696705988E8,139.61,137.17,130.99,97.69,101.72,95.79,109.59,103.38,97.94,97.57,94.15,90.57,1089472.087,723048.093,729231.572,1.1350985628635E8,7.141232206813E7,6.910496417285E7,871178,689646,625148,577154.361,330393.119,351815,6.01350073085E7,3.266167697592E7,3.337642082706E7,101.71,95.79,91.24,3112.4,3167.87,3095.29,3230,3249,3223.38,3110.68,3004,2959.46,338463.4782,570633.5809,762500.4289,1.076796729102536E9,1.779987722711093E9,2.363337280765939E9,3329279,5709385,7450569,178961.8223,287844.8346,387414.7425,5.69908112717186E8,8.99323831841917E8,1.201427058002213E9,3167.88,3095.29,3031.44,3123.66
2025-11-18T22:38:47,95596.23,94261.45,92215.14,96635.11,96043,93836.01,93005.55,91220,89253.78,23889.4051,39218.59806,39835.14769,2.2612955248173394E9,3.674562070238606E9,3.6410331863004584E9,5141394,8134322,8786593,10828.62752,18690.19245,20130.95957,1.0255401413111866E9,1.7509794677862606E9,1.8411766051418235E9,94261.44,92215.14,92960.83,2.2372,2.2148,2.1637,2.28,2.3077,2.2413,2.1558,2.1146,2.1064,1.262545062E8,2.139258403E8,1.880267207E8,2.7963528028231E8,4.7221243949585E8,4.0980706060082E8,1659217,2229241,1978808,6.15375E7,1.029776628E8,8.5446198E7,1.3630175257972E8,2.2739476302789E8,1.8616581437104E8,2.2149,2.1637,2.2172,139.6,137.17,131,143.38,143.28,142.17,134.42,128.82,129,3385434.284,5624720.775,5528848.81,4.6835968665837E8,7.6651271110863E8,7.570053005472E8,2470289,3486901,3294195,1619328.951,2856236.362,2878693.819,2.2420164945952E8,3.8919696705988E8,3.944268039391E8,137.17,130.99,140.69,101.72,95.79,91.25,103.38,97.94,97.55,94.15,90.57,90.43,723048.093,729231.572,727888.918,7.141232206813E7,6.910496417285E7,6.886763722853E7,689646,625148,554388,330393.119,351815,370858.115,3.266167697592E7,3.337642082706E7,3.512616531914E7,95.79,91.24,95.66,3167.87,3095.29,3031.44,3249,3223.38,3169.95,3004,2959.46,2946.56,570633.5809,762500.4289,766640.1058,1.779987722711093E9,2.363337280765939E9,2.340587460798044E9,5709385,7450569,7615241,287844.8346,387414.7425,403280.7886,8.99323831841917E8,1.201427058002213E9,1.232613020736247E9,3095.29,3031.44,3123.66,3025.48
2025-11-19T22:38:47,94261.45,92215.14,92960.83,96043,93836.01,92980.22,91220,89253.78,88608,39218.59806,39835.14769,32286.6376,3.674562070238606E9,3.6410331863004584E9,2.925773651255958E9,8134322,8786593,6822174,18690.19245,20130.95957,15060.08451,1.7509794677862606E9,1.8411766051418235E9,1.3652008091745572E9,92215.14,92960.83,91554.96,2.2148,2.1637,2.2171,2.3077,2.2413,2.2196,2.1146,2.1064,2.0244,2.139258403E8,1.880267207E8,2.376606157E8,4.7221243949585E8,4.0980706060082E8,4.9912444518076E8,2229241,1978808,1950500,1.029776628E8,8.5446198E7,1.014956846E8,2.2739476302789E8,1.8616581437104E8,2.1408241806439E8,2.1637,2.2172,2.1098,137.17,131,140.68,143.28,142.17,142.84,128.82,129,130.53,5624720.775,5528848.81,4268467.044,7.6651271110863E8,7.570053005472E8,5.837117549035E8,3486901,3294195,2768770,2856236.362,2878693.819,2025649.553,3.8919696705988E8,3.944268039391E8,2.7708344706079E8,130.99,140.69,137.06,95.79,91.25,95.66,97.94,97.55,95.99,90.57,90.43,88.86,729231.572,727888.918,603273.923,6.910496417285E7,6.886763722853E7,5.575348736202E7,625148,554388,489245,351815,370858.115,281075.161,3.337642082706E7,3.512616531914E7,2.599007472028E7,91.24,95.66,92.9,3095.29,3031.44,3123.65,3223.38,3169.95,3125.54,2959.46,2946.56,2873.64,762500.4289,766640.1058,737926.7146,2.363337280765939E9,2.340587460798044E9,2.216678695223021E9,7450569,7615241,7164222,387414.7425,403280.7886,360036.5459,1.201427058002213E9,1.232613020736247E9,1.081978073162999E9,3031.44,3123.66,3025.48,2834.22
2025-11-20T22:38:47,92215.14,92960.83,91554.96,93836.01,92980.22,93160,89253.78,88608,86100,39835.14769,32286.6376,39733.19073,3.6410331863004584E9,2.925773651255958E9,3.5489503350984216E9,8786593,6822174,7841395,20130.95957,15060.08451,18283.84047,1.8411766051418235E9,1.3652008091745572E9,1.634256490957432E9,92960.83,91554.96,86637.23,2.1637,2.2171,2.1097,2.2413,2.2196,2.1498,2.1064,2.0244,1.9743,1.880267207E8,2.376606157E8,2.952322679E8,4.0980706060082E8,4.9912444518076E8,6.0671370773017E8,1978808,1950500,2105827,8.5446198E7,1.014956846E8,1.163600384E8,1.8616581437104E8,2.1408241806439E8,2.3957029738172E8,2.2172,2.1098,1.9999,131,140.68,137.06,142.17,142.84,144.8,129,130.53,131.11,5528848.81,4268467.044,7048254.224,7.570053005472E8,5.837117549035E8,9.7266841079627E8,3294195,2768770,3544605,2878693.819,2025649.553,3512012.724,3.944268039391E8,2.7708344706079E8,4.8419992605163E8,140.69,137.06,133.67,91.25,95.66,92.9,97.55,95.99,93.82,90.43,88.86,86.01,727888.918,603273.923,616052.902,6.886763722853E7,5.575348736202E7,5.529921460034E7,554388,489245,553975,370858.115,281075.161,298359.643,3.512616531914E7,2.599007472028E7,2.676148110728E7,95.66,92.9,87.24,3031.44,3123.65,3025.48,3169.95,3125.54,3063.61,2946.56,2873.64,2790.01,766640.1058,737926.7146,912524.3718,2.340587460798044E9,2.216678695223021E9,2.661800409340738E9,7615241,7164222,7127439,403280.7886,360036.5459,428888.8725,1.232613020736247E9,1.081978073162999E9,1.252889590169883E9,3123.66,3025.48,2834.22,2765.85
2025-11-21T22:38:47,92960.83,91554.96,86637.22,92980.22,93160,87498.94,88608,86100,80600,32286.6376,39733.19073,72256.12679,2.925773651255958E9,3.5489503350984216E9,6.061348756341564E9,6822174,7841395,11826480,15060.08451,18283.84047,34071.85828,1.3652008091745572E9,1.634256490957432E9,2.8591332232240524E9,91554.96,86637.23,85129.43,2.2171,2.1097,1.9998,2.2196,2.1498,2.0308,2.0244,1.9743,1.8209,2.376606157E8,2.952322679E8,3.490521916E8,4.9912444518076E8,6.0671370773017E8,6.7448199406328E8,1950500,2105827,3374370,1.014956846E8,1.163600384E8,1.660636547E8,2.1408241806439E8,2.3957029738172E8,3.2087161640984E8,2.1098,1.9999,1.9509,140.68,137.06,133.67,142.84,144.8,135.06,130.53,131.11,121.66,4268467.044,7048254.224,8285885.693,5.837117549035E8,9.7266841079627E8,1.05921477574427E9,2768770,3544605,5098676,2025649.553,3512012.724,3956809.2,2.7708344706079E8,4.8419992605163E8,5.057446220727E8,137.06,133.67,128.68,95.66,92.9,87.23,95.99,93.82,88.67,88.86,86.01,80.01,603273.923,616052.902,1109079.314,5.575348736202E7,5.529921460034E7,9.270267873503E7,489245,553975,746727,281075.161,298359.643,538111.188,2.599007472028E7,2.676148110728E7,4.498168344308E7,92.9,87.24,82.64,3123.65,3025.48,2834.21,3125.54,3063.61,2886.73,2873.64,2790.01,2623.57,737926.7146,912524.3718,1180475.409,2.216678695223021E9,2.661800409340738E9,3.23684781947923E9,7164222,7127439,10064748,360036.5459,428888.8725,547922.1099,1.081978073162999E9,1.252889590169883E9,1.502813541495193E9,3025.48,2834.22,2765.85,2770.12
2025-11-22T22:38:47,91554.96,86637.22,85129.42,93160,87498.94,85620,86100,80600,83500,39733.19073,72256.12679,14193.93263,3.5489503350984216E9,6.061348756341564E9,1.1976573549690385E9,7841395,11826480,4697593,18283.84047,34071.85828,6688.79428,1.634256490957432E9,2.8591332232240524E9,5.645621489373932E8,86637.23,85129.43,84739.74,2.1097,1.9998,1.9509,2.1498,2.0308,1.9671,1.9743,1.8209,1.889,2.952322679E8,3.490521916E8,9.25076556E7,6.0671370773017E8,6.7448199406328E8,1.7855427605228E8,2105827,3374370,1094434,1.163600384E8,1.660636547E8,4.44807433E7,2.3957029738172E8,3.2087161640984E8,8.584004183697E7,1.9999,1.9509,1.9509,137.06,133.67,128.69,144.8,135.06,129.94,131.11,121.66,125.08,7048254.224,8285885.693,2612487.859,9.7266841079627E8,1.05921477574427E9,3.3230114910065E8,3544605,5098676,1893811,3512012.724,3956809.2,1347120.481,4.8419992605163E8,5.057446220727E8,1.7136601603107E8,133.67,128.68,127.59,92.9,87.23,82.64,93.82,88.67,83.9,86.01,80.01,80.82,616052.902,1109079.314,390908.66,5.529921460034E7,9.270267873503E7,3.215301454865E7,553975,746727,303007,298359.643,538111.188,203591.611,2.676148110728E7,4.498168344308E7,1.675023724568E7,87.24,82.64,82.12,3025.48,2834.21,2765.86,3063.61,2886.73,2799.01,2790.01,2623.57,2704.33,912524.3718,1180475.409,264691.3089,2.661800409340738E9,3.23684781947923E9,7.26992504445693E8,7127439,10064748,3610746,428888.8725,547922.1099,130783.3858,1.252889590169883E9,1.502813541495193E9,3.59293974593027E8,2834.22,2765.85,2770.12,2802.16
2025-11-23T22:38:47,86637.22,85129.42,84739.75,87498.94,85620,88127.64,80600,83500,84667.57,72256.12679,14193.93263,19734.46418,6.061348756341564E9,1.1976573549690385E9,1.7086850302798696E9,11826480,4697593,5063493,34071.85828,6688.79428,10406.51703,2.8591332232240524E9,5.645621489373932E8,9.012105135204473E8,85129.43,84739.74,86830,1.9998,1.9509,1.9508,2.0308,1.9671,2.0846,1.8209,1.889,1.9497,3.490521916E8,9.25076556E7,1.360246E8,6.7448199406328E8,1.7855427605228E8,2.7791954070653E8,3374370,1094434,1343209,1.660636547E8,4.44807433E7,6.79238837E7,3.2087161640984E8,8.584004183697E7,1.3875037935714E8,1.9509,1.9509,2.0491,133.67,128.69,127.6,135.06,129.94,133.54,121.66,125.08,127.56,8285885.693,2612487.859,2818715.19,1.05921477574427E9,3.3230114910065E8,3.6872725645107E8,5098676,1893811,1686146,3956809.2,1347120.481,1506627.689,5.057446220727E8,1.7136601603107E8,1.9717578238814E8,128.68,127.59,130.58,87.23,82.64,82.11,88.67,83.9,84.45,80.01,80.82,81.85,1109079.314,390908.66,403125.549,9.270267873503E7,3.215301454865E7,3.36443067224E7,746727,303007,278282,538111.188,203591.611,211264.66,4.498168344308E7,1.675023724568E7,1.763246245076E7,82.64,82.12,83.09,2834.21,2765.86,2770.12,2886.73,2799.01,2858.16,2623.57,2704.33,2768.29,1180475.409,264691.3089,409808.5734,3.23684781947923E9,7.26992504445693E8,1.154902366816105E9,10064748,3610746,3902263,547922.1099,130783.3858,206241.2795,1.502813541495193E9,3.59293974593027E8,5.81290867286262E8,2765.85,2770.12,2802.16,2953.38
2025-11-24T22:38:47,85129.42,84739.75,86830,85620,88127.64,89228,83500,84667.57,85272,14193.93263,19734.46418,24663.12795,1.1976573549690385E9,1.7086850302798696E9,2.150393686920318E9,4697593,5063493,6189156,6688.79428,10406.51703,12438.87518,5.645621489373932E8,9.012105135204473E8,1.0854853890234168E9,84739.74,86830,88300.01,1.9509,1.9508,2.0491,1.9671,2.0846,2.2868,1.889,1.9497,2.0238,9.25076556E7,1.360246E8,2.095075201E8,1.7855427605228E8,2.7791954070653E8,4.4903624307978E8,1094434,1343209,2049558,4.44807433E7,6.79238837E7,9.88029362E7,8.584004183697E7,1.3875037935714E8,2.1167611583591E8,1.9509,2.0491,2.2276,128.69,127.6,130.58,129.94,133.54,139.87,125.08,127.56,128.44,2612487.859,2818715.19,4744857.046,3.3230114910065E8,3.6872725645107E8,6.3286985670086E8,1893811,1686146,2659938,1347120.481,1506627.689,2276135.295,1.7136601603107E8,1.9717578238814E8,3.034505238922E8,127.59,130.58,138.44,82.64,82.11,83.09,83.9,84.45,87.25,80.82,81.85,82.19,390908.66,403125.549,507041.997,3.215301454865E7,3.36443067224E7,4.287051882741E7,303007,278282,320972,203591.611,211264.66,249439.605,1.675023724568E7,1.763246245076E7,2.109693450383E7,82.12,83.09,85.46,2765.86,2770.12,2802.16,2799.01,2858.16,2987,2704.33,2768.29,2763,264691.3089,409808.5734,715279.7551,7.26992504445693E8,1.154902366816105E9,2.052356496552595E9,3610746,3902263,5727108,130783.3858,206241.2795,341887.1162,3.59293974593027E8,5.81290867286262E8,9.79551492849392E8,2770.12,2802.16,2953.38,2959.36
2025-11-25T22:38:47,84739.75,86830,88300.01,88127.64,89228,88519.99,84667.57,85272,86116,19734.46418,24663.12795,19567.0411,1.7086850302798696E9,2.150393686920318E9,1.708989000038937E9,5063493,6189156,4838747,10406.51703,12438.87518,9423.17985,9.012105135204473E8,1.0854853890234168E9,8.231235251402559E8,86830,88300.01,87369.96,1.9508,2.0491,2.2276,2.0846,2.2868,2.2652,1.9497,2.0238,2.1482,1.360246E8,2.095075201E8,1.549169313E8,2.7791954070653E8,4.4903624307978E8,3.4196996638068E8,1343209,2049558,1457035,6.79238837E7,9.88029362E7,7.16867838E7,1.3875037935714E8,2.1167611583591E8,1.5828134676872E8,2.0491,2.2276,2.2024,127.6,130.58,138.43,133.54,139.87,140.5,127.56,128.44,133.13,2818715.19,4744857.046,2994819.853,3.6872725645107E8,6.3286985670086E8,4.0922632333044E8,1686146,2659938,2110444,1506627.689,2276135.295,1420037.017,1.9717578238814E8,3.034505238922E8,1.9424180142398E8,130.58,138.44,138.96,82.11,83.09,85.46,84.45,87.25,86.76,81.85,82.19,83.08,403125.549,507041.997,501467.245,3.36443067224E7,4.287051882741E7,4.25530064257E7,278282,320972,302088,211264.66,249439.605,255552.115,1.763246245076E7,2.109693450383E7,2.168956758944E7,83.09,85.46,85.3,2770.12,2802.16,2953.38,2858.16,2987,2980.82,2768.29,2763,2857.32,409808.5734,715279.7551,427686.4528,1.154902366816105E9,2.052356496552595E9,1.246454120370332E9,3902263,5727108,4418266,206241.2795,341887.1162,202476.6298,5.81290867286262E8,9.79551492849392E8,5.90249449813369E8,2802.16,2953.38,2959.36,3026.56
2025-11-26T22:38:47,86830,88300.01,87369.97,89228,88519.99,90656.08,85272,86116,86306.77,24663.12795,19567.0411,21675.82239,2.150393686920318E9,1.708989000038937E9,1.9168518966699688E9,6189156,4838747,4668280,12438.87518,9423.17985,10883.61063,1.0854853890234168E9,8.231235251402559E8,9.627653758163832E8,88300.01,87369.96,90484.02,2.0491,2.2276,2.2023,2.2868,2.2652,2.2547,2.0238,2.1482,2.1447,2.095075201E8,1.549169313E8,1.102372023E8,4.4903624307978E8,3.4196996638068E8,2.4195777247178E8,2049558,1457035,1060172,9.88029362E7,7.16867838E7,5.26207187E7,2.1167611583591E8,1.5828134676872E8,1.1544558523116E8,2.2276,2.2024,2.2233,130.58,138.43,138.96,139.87,140.5,144.75,128.44,133.13,135.5,4744857.046,2994819.853,4021862.67,6.3286985670086E8,4.0922632333044E8,5.6209453722552E8,2659938,2110444,2100192,2276135.295,1420037.017,1886595.624,3.034505238922E8,1.9424180142398E8,2.6345027231572E8,138.44,138.96,143.02,83.09,85.46,85.29,87.25,86.76,87.72,82.19,83.08,83.28,507041.997,501467.245,397790.638,4.287051882741E7,4.25530064257E7,3.395476868655E7,320972,302088,242527,249439.605,255552.115,208306.772,2.109693450383E7,2.168956758944E7,1.778662721312E7,85.46,85.3,86.87,2802.16,2953.38,2959.36,2987,2980.82,3045,2763,2857.32,2888.69,715279.7551,427686.4528,364535.326,2.052356496552595E9,1.246454120370332E9,1.079536972459607E9,5727108,4418266,3911013,341887.1162,202476.6298,171996.0241,9.79551492849392E8,5.90249449813369E8,5.09726234870356E8,2953.38,2959.36,3026.56,3015.23
2025-11-27T22:38:47,88300.01,87369.97,90484.01,88519.99,90656.08,91950,86116,86306.77,90089.91,19567.0411,21675.82239,16833.50932,1.708989000038937E9,1.9168518966699688E9,1.5357781065787077E9,4838747,4668280,3920172,9423.17985,10883.61063,8898.35835,8.231235251402559E8,9.627653758163832E8,8.120054987594875E8,87369.96,90484.02,91333.95,2.2276,2.2023,2.2232,2.2652,2.2547,2.2347,2.1482,2.1447,2.1727,1.549169313E8,1.102372023E8,8.26912206E7,3.4196996638068E8,2.4195777247178E8,1.8241533068697E8,1457035,1060172,697665,7.16867838E7,5.26207187E7,4.25287837E7,1.5828134676872E8,1.1544558523116E8,9.377561193081E7,2.2024,2.2233,2.1999,138.43,138.96,143.01,140.5,144.75,144.29,133.13,135.5,140.47,2994819.853,4021862.67,2331673.189,4.0922632333044E8,5.6209453722552E8,3.3191808173149E8,2110444,2100192,1218711,1420037.017,1886595.624,1158259.662,1.9424180142398E8,2.6345027231572E8,1.6484436692401E8,138.96,143.02,140.85,85.46,85.29,86.85,86.76,87.72,87.8,83.08,83.28,85.97,501467.245,397790.638,271246.188,4.25530064257E7,3.395476868655E7,2.354690350618E7,302088,242527,200246,255552.115,208306.772,133192.964,2.168956758944E7,1.778662721312E7,1.156614994752E7,85.3,86.87,86.59,2953.38,2959.36,3026.56,2980.82,3045,3071.37,2857.32,2888.69,2985.78,427686.4528,364535.326,274980.3955,1.246454120370332E9,1.079536972459607E9,8.31942752099709E8,4418266,3911013,2917476,202476.6298,171996.0241,127744.67,5.90249449813369E8,5.09726234870356E8,3.86552391784535E8,2959.36,3026.56,3015.23,3031.15
2025-11-28T22:38:47,87369.97,90484.01,91333.94,90656.08,91950,93092,86306.77,90089.91,90180.63,21675.82239,16833.50932,18830.86012,1.9168518966699688E9,1.5357781065787077E9,1.7214180350795596E9,4668280,3920172,4229754,10883.61063,8898.35835,8961.64712,9.627653758163832E8,8.120054987594875E8,8.20315728918691E8,90484.02,91333.95,90890.7,2.2023,2.2232,2.2,2.2547,2.2347,2.2752,2.1447,2.1727,2.1565,1.102372023E8,8.26912206E7,1.408928689E8,2.4195777247178E8,1.8241533068697E8,3.1103758906468E8,1060172,697665,1180500,5.26207187E7,4.25287837E7,6.84438864E7,1.1544558523116E8,9.377561193081E7,1.5103395287446E8,2.2233,2.1999,2.1795,138.96,143.01,140.85,144.75,144.29,143.6,135.5,140.47,136.01,4021862.67,2331673.189,3502510.031,5.6209453722552E8,3.3191808173149E8,4.9059869688363E8,2100192,1218711,1614078,1886595.624,1158259.662,1714576.896,2.6345027231572E8,1.6484436692401E8,2.4046368013399E8,143.02,140.85,137.33,85.29,86.85,86.59,87.72,87.8,86.77,83.28,85.97,83.13,397790.638,271246.188,366205.629,3.395476868655E7,2.354690350618E7,3.116110837705E7,242527,200246,260732,208306.772,133192.964,158101.726,1.778662721312E7,1.156614994752E7,1.345310391754E7,86.87,86.59,84.22,2959.36,3026.56,3015.23,3045,3071.37,3099,2888.69,2985.78,2994.36,364535.326,274980.3955,346616.0275,1.079536972459607E9,8.31942752099709E8,1.053857760714809E9,3911013,2917476,3662478,171996.0241,127744.67,172614.6176,5.09726234870356E8,3.86552391784535E8,5.25060095641535E8,3026.56,3015.23,3031.15,2989.16
2025-11-29T22:38:47,90484.01,91333.94,90890.71,91950,93092,91165.65,90089.91,90180.63,90155.47,16833.50932,18830.86012,7429.88291,1.5357781065787077E9,1.7214180350795596E9,6.737256529787655E8,3920172,4229754,1677860,8898.35835,8961.64712,3359.04932,8.120054987594875E8,8.20315728918691E8,3.046142191452583E8,91333.95,90890.7,90802.44,2.2232,2.2,2.1795,2.2347,2.2752,2.2231,2.1727,2.1565,2.1666,8.26912206E7,1.408928689E8,5.70267841E7,1.8241533068697E8,3.1103758906468E8,1.2538417730394E8,697665,1180500,596346,4.25287837E7,6.84438864E7,2.34553744E7,9.377561193081E7,1.5103395287446E8,5.157674154875E7,2.1999,2.1795,2.2009,143.01,140.85,137.33,144.29,143.6,138.1,140.47,136.01,134.76,2331673.189,3502510.031,1859321.171,3.3191808173149E8,4.9059869688363E8,2.5417312562851E8,1218711,1614078,749092,1158259.662,1714576.896,815022.408,1.6484436692401E8,2.4046368013399E8,1.1139509481332E8,140.85,137.33,135.91,86.85,86.59,84.22,87.8,86.77,85.73,85.97,83.13,83.14,271246.188,366205.629,188495.208,2.354690350618E7,3.116110837705E7,1.588360693939E7,200246,260732,166444,133192.964,158101.726,91637.744,1.156614994752E7,1.345310391754E7,7723320.04,86.59,84.22,83.95,3026.56,3015.23,3031.14,3071.37,3099,3052.64,2985.78,2994.36,2961.91,274980.3955,346616.0275,217904.1303,8.31942752099709E8,1.053857760714809E9,6.54348734599726E8,2917476,3662478,1930588,127744.67,172614.6176,93034.0164,3.86552391784535E8,5.25060095641535E8,2.79413777604877E8,3015.23,3031.15,2989.16,2991.26
2025-11-30T22:38:47,91333.94,90890.71,90802.44,93092,91165.65,92000.01,90180.63,90155.47,90336.9,18830.86012,7429.88291,9687.74175,1.7214180350795596E9,6.737256529787655E8,8.840517731655338E8,4229754,1677860,2154030,8961.64712,3359.04932,5002.96698,8.20315728918691E8,3.046142191452583E8,4.566064901203246E8,90890.7,90802.44,90360,2.2,2.1795,2.201,2.2752,2.2231,2.215,2.1565,2.1666,2.1524,1.408928689E8,5.70267841E7,5.24828889E7,3.1103758906468E8,1.2538417730394E8,1.1497758257313E8,1180500,596346,484242,6.84438864E7,2.34553744E7,2.41109728E7,1.5103395287446E8,5.157674154875E7,5.284702853185E7,2.1795,2.2009,2.155,140.85,137.33,135.92,143.6,138.1,140.19,136.01,134.76,133.26,3502510.031,1859321.171,2608165.329,4.9059869688363E8,2.5417312562851E8,3.5788222467243E8,1614078,749092,991552,1714576.896,815022.408,1170667.571,2.4046368013399E8,1.1139509481332E8,1.6072981270821E8,137.33,135.91,133.48,86.59,84.22,83.95,86.77,85.73,84.83,83.13,83.14,82.27,366205.629,188495.208,173562.982,3.116110837705E7,1.588360693939E7,1.457431064248E7,260732,166444,161944,158101.726,91637.744,85983.363,1.345310391754E7,7723320.04,7223205.724,84.22,83.95,82.38,3015.23,3031.14,2989.17,3099,3052.64,3053.02,2994.36,2961.91,2975.3,346616.0275,217904.1303,182722.4253,1.053857760714809E9,6.54348734599726E8,5.51904047432645E8,3662478,1930588,1896781,172614.6176,93034.0164,87143.6579,5.25060095641535E8,2.79413777604877E8,2.6325569367659E8,3031.15,2989.16,2991.26,2799.07
2025-12-01T22:38:47,90890.71,90802.44,90360.01,91165.65,92000.01,90417,90155.47,90336.9,83822.76,7429.88291,9687.74175,34509.01227,6.737256529787655E8,8.840517731655338E8,2.9770240472231607E9,1677860,2154030,7709685,3359.04932,5002.96698,15524.33346,3.046142191452583E8,4.566064901203246E8,1.3387187940013123E9,90802.44,90360,86286.01,2.1795,2.201,2.1549,2.2231,2.215,2.1609,2.1666,2.1524,1.9835,5.70267841E7,5.24828889E7,1.739195531E8,1.2538417730394E8,1.1497758257313E8,3.5536569467381E8,596346,484242,1739470,2.34553744E7,2.41109728E7,8.23537887E7,5.157674154875E7,5.284702853185E7,1.6841410491504E8,2.2009,2.155,2.0297,137.33,135.92,133.48,138.1,140.19,133.74,134.76,133.26,123.11,1859321.171,2608165.329,5007504.057,2.5417312562851E8,3.5788222467243E8,6.3519882937354E8,749092,991552,2539012,815022.408,1170667.571,2414287.708,1.1139509481332E8,1.6072981270821E8,3.0611193102272E8,135.91,133.48,126.66,84.22,83.95,82.37,85.73,84.83,82.5,83.14,82.27,74.66,188495.208,173562.982,768955.214,1.588360693939E7,1.457431064248E7,5.976123856868E7,166444,161944,474914,91637.744,85983.363,380085.222,7723320.04,7223205.724,2.952541647149E7,83.95,82.38,77.55,3031.14,2989.17,2991.25,3052.64,3053.02,2999.47,2961.91,2975.3,2716.04,217904.1303,182722.4253,849002.9909,6.54348734599726E8,5.51904047432645E8,2.386884973982846E9,1930588,1896781,7108249,93034.0164,87143.6579,383330.5081,2.79413777604877E8,2.6325569367659E8,1.076737868245771E9,2989.16,2991.26,2799.07,2996.07
2025-12-02T22:38:47,90802.44,90360.01,86286.01,92000.01,90417,92307.65,90336.9,83822.76,86184.39,9687.74175,34509.01227,28210.22732,8.840517731655338E8,2.9770240472231607E9,2.519515177662365E9,2154030,7709685,6397299,5002.96698,15524.33346,13512.33949,4.566064901203246E8,1.3387187940013123E9,1.206199898294151E9,90360,86286.01,91277.88,2.201,2.1549,2.0297,2.215,2.1609,2.1831,2.1524,1.9835,1.995,5.24828889E7,1.739195531E8,1.324643089E8,1.1497758257313E8,3.5536569467381E8,2.7803325095284E8,484242,1739470,1361804,2.41109728E7,8.23537887E7,6.11009047E7,5.284702853185E7,1.6841410491504E8,1.2788300143629E8,2.155,2.0297,2.1532,135.92,133.48,126.66,140.19,133.74,140.88,133.26,123.11,126.01,2608165.329,5007504.057,5022856.747,3.5788222467243E8,6.3519882937354E8,6.7510683185339E8,991552,2539012,2502692,1170667.571,2414287.708,2542106.459,1.6072981270821E8,3.0611193102272E8,3.4066291160813E8,133.48,126.66,138.68,83.95,82.37,77.56,84.83,82.5,83.31,82.27,74.66,77.31,173562.982,768955.214,416570.506,1.457431064248E7,5.976123856868E7,3.359110410363E7,161944,474914,293903,85983.363,380085.222,207641.661,7223205.724,2.952541647149E7,1.675010558497E7,82.38,77.55,82.79,2989.17,2991.25,2799.07,3053.02,2999.47,3033.76,2975.3,2716.04,2782.19,182722.4253,849002.9909,523707.3586,5.51904047432645E8,2.386884973982846E9,1.528447401324846E9,1896781,7108249,5821936,87143.6579,383330.5081,263958.3576,2.6325569367659E8,1.076737868245771E9,7.70318630307678E8,2991.26,2799.07,2996.07,3188.36
2025-12-03T22:38:47,90360.01,86286.01,91277.88,90417,92307.65,94150,83822.76,86184.39,90990.23,34509.01227,28210.22732,25712.52585,2.9770240472231607E9,2.519515177662365E9,2.38622362686139E9,7709685,6397299,6733182,15524.33346,13512.33949,12993.19312,1.3387187940013123E9,1.206199898294151E9,1.2062195004577343E9,86286.01,91277.88,93429.95,2.1549,2.0297,2.1531,2.1609,2.1831,2.219,1.9835,1.995,2.1414,1.739195531E8,1.324643089E8,1.115078744E8,3.5536569467381E8,2.7803325095284E8,2.4342733182546E8,1739470,1361804,1174499,8.23537887E7,6.11009047E7,5.26019027E7,1.6841410491504E8,1.2788300143629E8,1.1484394063389E8,2.0297,2.1532,2.1976,133.48,126.66,138.67,133.74,140.88,146.08,123.11,126.01,137.76,5007504.057,5022856.747,3954144.805,6.3519882937354E8,6.7510683185339E8,5.6051134140006E8,2539012,2502692,2140894,2414287.708,2542106.459,2059434.533,3.0611193102272E8,3.4066291160813E8,2.9217654897666E8,126.66,138.68,144.67,82.37,77.56,82.8,82.5,83.31,86.73,74.66,77.31,82.5,768955.214,416570.506,501837.773,5.976123856868E7,3.359110410363E7,4.273637554558E7,474914,293903,331783,380085.222,207641.661,251966.965,2.952541647149E7,1.675010558497E7,2.145930139266E7,77.55,82.79,85.83,2991.25,2799.07,2996.07,2999.47,3033.76,3214.99,2716.04,2782.19,2985.58,849002.9909,523707.3586,553669.8146,2.386884973982846E9,1.528447401324846E9,1.713587615132564E9,7108249,5821936,6210489,383330.5081,263958.3576,280795.7429,1.076737868245771E9,7.70318630307678E8,8.69390296032023E8,2799.07,2996.07,3188.36,3133.26
2025-12-04T22:38:47,86286.01,91277.88,93429.95,92307.65,94150,94080,86184.39,90990.23,90889,28210.22732,25712.52585,19803.94059,2.519515177662365E9,2.38622362686139E9,1.83664562933462E9,6397299,6733182,5856049,13512.33949,12993.19312,8312.69539,1.206199898294151E9,1.2062195004577343E9,7.70992235207992E8,91277.88,93429.95,92078.06,2.0297,2.1531,2.1976,2.1831,2.219,2.2146,1.995,2.1414,2.0691,1.324643089E8,1.115078744E8,1.010925176E8,2.7803325095284E8,2.4342733182546E8,2.1661725144724E8,1361804,1174499,1060667,6.11009047E7,5.26019027E7,4.89830802E7,1.2788300143629E8,1.1484394063389E8,1.0493473965709E8,2.1532,2.1976,2.096,126.66,138.67,144.67,140.88,146.08,146.91,126.01,137.76,137.8,5022856.747,3954144.805,2694242.241,6.7510683185339E8,5.6051134140006E8,3.8362922193813E8,2502692,2140894,1819447,2542106.459,2059434.533,1288391.317,3.4066291160813E8,2.9217654897666E8,1.8348045832498E8,138.68,144.67,139.01,77.56,82.8,85.83,83.31,86.73,86.77,77.31,82.5,82.16,416570.506,501837.773,457518.638,3.359110410363E7,4.273637554558E7,3.861171712697E7,293903,331783,328783,207641.661,251966.965,209693.316,1.675010558497E7,2.145930139266E7,1.769772072688E7,82.79,85.83,83.54,2799.07,2996.07,3188.39,3033.76,3214.99,3240.35,2782.19,2985.58,3066.37,523707.3586,553669.8146,486698.3987,1.528447401324846E9,1.713587615132564E9,1.543790061952392E9,5821936,6210489,6357509,263958.3576,280795.7429,238177.9812,7.70318630307678E8,8.69390296032023E8,7.55733360549938E8,2996.07,3188.36,3133.26,3021.78
2025-12-05T22:38:47,91277.88,93429.95,92078.06,94150,94080,92692.36,90990.23,90889,88056,25712.52585,19803.94059,19792.97218,2.38622362686139E9,1.83664562933462E9,1.7884369838106546E9,6733182,5856049,5520352,12993.19312,8312.69539,8722.13995,1.2062195004577343E9,7.70992235207992E8,7.878097237213238E8,93429.95,92078.06,89330.04,2.1531,2.1976,2.096,2.219,2.2146,2.113,2.1414,2.0691,2.0125,1.115078744E8,1.010925176E8,9.53380829E7,2.4342733182546E8,2.1661725144724E8,1.9641778393917E8,1174499,1060667,1051956,5.26019027E7,4.89830802E7,4.70632313E7,1.1484394063389E8,1.0493473965709E8,9.694036389465E7,2.1976,2.096,2.0344,138.67,144.67,139.01,146.08,146.91,140.75,137.76,137.8,130.73,3954144.805,2694242.241,3367359.143,5.6051134140006E8,3.8362922193813E8,4.5717202712608E8,2140894,1819447,1904907,2059434.533,1288391.317,1710078.635,2.9217654897666E8,1.8348045832498E8,2.3206165370566E8,144.67,139.01,133.29,82.8,85.83,83.54,86.73,86.77,84.13,82.5,82.16,79.59,501837.773,457518.638,404693.922,4.273637554558E7,3.861171712697E7,3.308169432529E7,331783,328783,325385,251966.965,209693.316,188065.32,2.145930139266E7,1.769772072688E7,1.538487431113E7,85.83,83.54,80.38,2996.07,3188.39,3133.26,3214.99,3240.35,3193.33,2985.58,3066.37,2983.08,553669.8146,486698.3987,530382.8986,1.713587615132564E9,1.543790061952392E9,1.639255389987769E9,6210489,6357509,6012408,280795.7429,238177.9812,259028.7578,8.69390296032023E8,7.55733360549938E8,7.99899847557016E8,3188.36,3133.26,3021.78,3038.06
2025-12-06T22:38:47,93429.95,92078.06,89330.04,94080,92692.36,90289.97,90889,88056,88908.01,19803.94059,19792.97218,8409.50016,1.83664562933462E9,1.7884369838106546E9,7.534206798063259E8,5856049,5520352,2482221,8312.69539,8722.13995,4041.72834,7.70992235207992E8,7.878097237213238E8,3.622327862695714E8,92078.06,89330.04,89236.79,2.1976,2.096,2.0344,2.2146,2.113,2.0504,2.0691,2.0125,2.0154,1.010925176E8,9.53380829E7,4.35690248E7,2.1661725144724E8,1.9641778393917E8,8.85168620396E7,1060667,1051956,452030,4.89830802E7,4.70632313E7,2.17689893E7,1.0493473965709E8,9.694036389465E7,4.422806401045E7,2.096,2.0344,2.0309,144.67,139.01,133.29,146.91,140.75,134.13,137.8,130.73,131.28,2694242.241,3367359.143,1341595.431,3.8362922193813E8,4.5717202712608E8,1.782766099626E8,1819447,1904907,893052,1288391.317,1710078.635,668326.895,1.8348045832498E8,2.3206165370566E8,8.882644127074E7,139.01,133.29,132.19,85.83,83.54,80.39,86.77,84.13,82.52,82.16,79.59,79.9,457518.638,404693.922,271214.908,3.861171712697E7,3.308169432529E7,2.205045577511E7,328783,325385,203621,209693.316,188065.32,144921.419,1.769772072688E7,1.538487431113E7,1.178415287033E7,83.54,80.38,81.68,3188.39,3133.26,3021.77,3240.35,3193.33,3069,3066.37,2983.08,3012.58,486698.3987,530382.8986,159721.2488,1.543790061952392E9,1.639255389987769E9,4.85368537240031E8,6357509,6012408,2244070,238177.9812,259028.7578,75279.0803,7.55733360549938E8,7.99899847557016E8,2.28817367459284E8,3133.26,3021.78,3038.06,3059.85
2025-12-07T22:38:47,92078.06,89330.04,89236.8,92692.36,90289.97,91760,88056,88908.01,87719.28,19792.97218,8409.50016,13021.11185,1.7884369838106546E9,7.534206798063259E8,1.1678664868455212E9,5520352,2482221,3953071,8722.13995,4041.72834,6370.56683,7.878097237213238E8,3.622327862695714E8,5.71547237856767E8,89330.04,89236.79,90395.31,2.096,2.0344,2.031,2.113,2.0504,2.1109,2.0125,2.0154,1.9894,9.53380829E7,4.35690248E7,8.37868598E7,1.9641778393917E8,8.85168620396E7,1.7144264189825E8,1051956,452030,999527,4.70632313E7,2.17689893E7,3.92899396E7,9.694036389465E7,4.422806401045E7,8.040094015758E7,2.0344,2.0309,2.0442,139.01,133.29,132.2,140.75,134.13,136.35,130.73,131.28,127.7,3367359.143,1341595.431,3131804.491,4.5717202712608E8,1.782766099626E8,4.1379711636681E8,1904907,893052,1814091,1710078.635,668326.895,1510555.517,2.3206165370566E8,8.882644127074E7,1.9961320711372E8,133.29,132.19,132.24,83.54,80.39,81.67,84.13,82.52,83.76,79.59,79.9,79.88,404693.922,271214.908,278926.302,3.308169432529E7,2.205045577511E7,2.279809687373E7,325385,203621,271559,188065.32,144921.419,136099.55,1.538487431113E7,1.178415287033E7,1.112868222709E7,80.38,81.68,81.43,3133.26,3021.77,3038.06,3193.33,3069,3150,2983.08,3012.58,2907.52,530382.8986,159721.2488,391129.675,1.639255389987769E9,4.85368537240031E8,1.18633250165101E9,6012408,2244070,4277667,259028.7578,75279.0803,186555.6398,7.99899847557016E8,2.28817367459284E8,5.65678531959395E8,3021.78,3038.06,3059.85,3124.16
2025-12-08T22:38:47,89330.04,89236.8,90395.32,90289.97,91760,92287.15,88908.01,87719.28,89612,8409.50016,13021.11185,15793.63887,7.534206798063259E8,1.1678664868455212E9,1.4369200188936133E9,2482221,3953071,5458731,4041.72834,6370.56683,7296.74328,3.622327862695714E8,5.71547237856767E8,6.636545754521835E8,89236.79,90395.31,90634.34,2.0344,2.031,2.0442,2.0504,2.1109,2.1239,2.0154,1.9894,2.0319,4.35690248E7,8.37868598E7,8.80497909E7,8.85168620396E7,1.7144264189825E8,1.835914953019E8,452030,999527,951747,2.17689893E7,3.92899396E7,3.99827061E7,4.422806401045E7,8.040094015758E7,8.339634416092E7,2.0309,2.0442,2.0724,133.29,132.2,132.25,134.13,136.35,139.36,131.28,127.7,131.52,1341595.431,3131804.491,3245115.426,1.782766099626E8,4.1379711636681E8,4.4026563892837E8,893052,1814091,2042892,668326.895,1510555.517,1666582.477,8.882644127074E7,1.9961320711372E8,2.2592568564272E8,132.19,132.24,133.25,80.39,81.67,81.43,82.52,83.76,84.49,79.9,79.88,81.01,271214.908,278926.302,356631.49,2.205045577511E7,2.279809687373E7,2.974938453881E7,203621,271559,272197,144921.419,136099.55,188680.937,1.178415287033E7,1.112868222709E7,1.574224837842E7,81.68,81.43,83.87,3021.77,3038.06,3059.86,3069,3150,3180.51,3012.58,2907.52,3040.87,159721.2488,391129.675,452820.2207,4.85368537240031E8,1.18633250165101E9,1.415589445039095E9,2244070,4277667,6327207,75279.0803,186555.6398,224225.6496,2.28817367459284E8,5.65678531959395E8,7.01178219819795E8,3038.06,3059.85,3124.16,3318.04
2025-12-09T22:38:47,89236.8,90395.32,90634.35,91760,92287.15,94588.99,87719.28,89612,89500,13021.11185,15793.63887,21240.43014,1.1678664868455212E9,1.4369200188936133E9,1.9562610656071732E9,3953071,5458731,5940223,6370.56683,7296.74328,10517.75959,5.71547237856767E8,6.636545754521835E8,9.694260061222628E8,90395.31,90634.34,92678.8,2.031,2.0442,2.0723,2.1109,2.1239,2.178,1.9894,2.0319,2.0419,8.37868598E7,8.80497909E7,1.13859655E8,1.7144264189825E8,1.835914953019E8,2.4031666784854E8,999527,951747,1228042,3.92899396E7,3.99827061E7,5.37843949E7,8.040094015758E7,8.339634416092E7,1.1342948601826E8,2.0442,2.0724,2.1062,132.2,132.25,133.24,136.35,139.36,144.93,127.7,131.52,131.62,3131804.491,3245115.426,4508522.034,4.1379711636681E8,4.4026563892837E8,6.235336907888E8,1814091,2042892,2422599,1510555.517,1666582.477,2211760.743,1.9961320711372E8,2.2592568564272E8,3.0587970353315E8,132.24,133.25,137.88,81.67,81.43,83.87,83.76,84.49,87.54,79.88,81.01,82.47,278926.302,356631.49,438493.075,2.279809687373E7,2.974938453881E7,3.739580616569E7,271559,272197,332657,136099.55,188680.937,224722.202,1.112868222709E7,1.574224837842E7,1.916403783549E7,81.43,83.87,85.82,3038.06,3059.86,3124.16,3150,3180.51,3397.85,2907.52,3040.87,3090.8,391129.675,452820.2207,603859.9458,1.18633250165101E9,1.415589445039095E9,1.962292840767687E9,4277667,6327207,6993282,186555.6398,224225.6496,280409.759,5.65678531959395E8,7.01178219819795E8,9.11911294837155E8,3059.85,3124.16,3318.04,3324.14
2025-12-10T22:38:47,90395.32,90634.35,92678.81,92287.15,94588.99,94476,89612,89500,91563.15,15793.63887,21240.43014,18998.68083,1.4369200188936133E9,1.9562610656071732E9,1.7587732762478049E9,5458731,5940223,6025707,7296.74328,10517.75959,9197.33116,6.636545754521835E8,9.694260061222628E8,8.520122953967115E8,90634.34,92678.8,92015.37,2.0442,2.0723,2.1061,2.1239,2.178,2.1108,2.0319,2.0419,2.0346,8.80497909E7,1.13859655E8,1.251327004E8,1.835914953019E8,2.4031666784854E8,2.5934203577229E8,951747,1228042,1233167,3.99827061E7,5.37843949E7,5.45991449E7,8.339634416092E7,1.1342948601826E8,1.1316315428314E8,2.0724,2.1062,2.0418,132.25,133.24,137.87,139.36,144.93,142.57,131.52,131.62,135.39,3245115.426,4508522.034,4520230.276,4.4026563892837E8,6.235336907888E8,6.2454600602724E8,2042892,2422599,2617344,1666582.477,2211760.743,2287647.226,2.2592568564272E8,3.0587970353315E8,3.162187889851E8,133.25,137.88,136.26,81.43,83.87,85.82,84.49,87.54,87.09,81.01,82.47,83.74,356631.49,438493.075,343758.859,2.974938453881E7,3.739580616569E7,2.921228393396E7,272197,332657,287868,188680.937,224722.202,155499.901,1.574224837842E7,1.916403783549E7,1.321366070184E7,83.87,85.82,84.3,3059.86,3124.16,3318.04,3180.51,3397.85,3447.44,3040.87,3090.8,3288.1,452820.2207,603859.9458,539585.4535,1.415589445039095E9,1.962292840767687E9,1.810738811735616E9,6327207,6993282,7155428,224225.6496,280409.759,265501.8458,7.01178219819795E8,9.11911294837155E8,8.91358758833009E8,3124.16,3318.04,3324.14,3237.39
2025-12-11T22:38:47,90634.35,92678.81,92015.38,94588.99,94476,93555,89500,91563.15,89260.63,21240.43014,18998.68083,19972.58758,1.9562610656071732E9,1.7587732762478049E9,1.8143221190658488E9,5940223,6025707,6250438,10517.75959,9197.33116,9150.89797,9.694260061222628E8,8.520122953967115E8,8.315299238088819E8,92678.8,92015.37,92513.38,2.0723,2.1061,2.0418,2.178,2.1108,2.057,2.0419,2.0346,1.9767,1.13859655E8,1.251327004E8,1.25057005E8,2.4031666784854E8,2.5934203577229E8,2.5150008480395E8,1228042,1233167,1105100,5.37843949E7,5.45991449E7,6.07029764E7,1.1342948601826E8,1.1316315428314E8,1.2206212228411E8,2.1062,2.0418,2.034,133.24,137.87,136.26,144.93,142.57,137.79,131.62,135.39,129,4508522.034,4520230.276,4377697.036,6.235336907888E8,6.2454600602724E8,5.8126236819525E8,2422599,2617344,2353342,2211760.743,2287647.226,2061905.446,3.0587970353315E8,3.162187889851E8,2.7374938629795E8,137.88,136.26,136.41,83.87,85.82,84.3,87.54,87.09,84.59,82.47,83.74,80.31,438493.075,343758.859,447190.593,3.739580616569E7,2.921228393396E7,3.655727147641E7,332657,287868,347974,224722.202,155499.901,226409.307,1.916403783549E7,1.321366070184E7,1.850738690945E7,85.82,84.3,82.93,3124.16,3318.04,3324.14,3397.85,3447.44,3327.37,3090.8,3288.1,3145.28,603859.9458,539585.4535,504114.2391,1.962292840767687E9,1.810738811735616E9,1.619734578213871E9,6993282,7155428,7267153,280409.759,265501.8458,239375.5443,9.11911294837155E8,8.91358758833009E8,7.68839628956444E8,3318.04,3324.14,3237.39,3084.86
2025-12-12T22:38:47,92678.81,92015.38,92513.38,94476,93555,92754,91563.15,89260.63,89480,18998.68083,19972.58758,16679.19169,1.7587732762478049E9,1.8143221190658488E9,1.5216834255648005E9,6025707,6250438,4956719,9197.33116,9150.89797,7986.68273,8.520122953967115E8,8.315299238088819E8,7.287243573886563E8,92015.37,92513.38,90268.42,2.1061,2.0418,2.034,2.1108,2.057,2.0478,2.0346,1.9767,1.9692,1.251327004E8,1.25057005E8,7.79871247E7,2.5934203577229E8,2.5150008480395E8,1.5685145970608E8,1233167,1105100,836283,5.45991449E7,6.07029764E7,3.63712296E7,1.1316315428314E8,1.2206212228411E8,7.311337133673E7,2.0418,2.034,2.0074,137.87,136.26,136.41,142.57,137.79,140.12,135.39,129,130.35,4520230.276,4377697.036,4005608.262,6.2454600602724E8,5.8126236819525E8,5.429145661894E8,2617344,2353342,2200099,2287647.226,2061905.446,2010331.565,3.162187889851E8,2.7374938629795E8,2.7269179016823E8,136.26,136.41,132.27,85.82,84.3,82.93,87.09,84.59,84.49,83.74,80.31,80.5,343758.859,447190.593,300466.28,2.921228393396E7,3.655727147641E7,2.486058076464E7,287868,347974,264158,155499.901,226409.307,156832.839,1.321366070184E7,1.850738690945E7,1.298859784016E7,84.3,82.93,81.95,3318.04,3324.14,3237.38,3447.44,3327.37,3265.5,3288.1,3145.28,3045.31,539585.4535,504114.2391,435686.4435,1.810738811735616E9,1.619734578213871E9,1.371414759857734E9,7155428,7267153,5948483,265501.8458,239375.5443,204665.1471,8.91358758833009E8,7.68839628956444E8,6.43771575254284E8,3324.14,3237.39,3084.86,3114.64
2025-12-13T22:38:47,92015.38,92513.38,90268.43,93555,92754,90634.55,89260.63,89480,89766.39,19972.58758,16679.19169,5895.70788,1.8143221190658488E9,1.5216834255648005E9,5.322505445904015E8,6250438,4956719,1363754,9150.89797,7986.68273,2237.9847,8.315299238088819E8,7.287243573886563E8,2.020655194961406E8,92513.38,90268.42,90240.01,2.0418,2.034,2.0075,2.057,2.0478,2.0482,1.9767,1.9692,2.0068,1.25057005E8,7.79871247E7,4.41932671E7,2.5150008480395E8,1.5685145970608E8,8.965035606012E7,1105100,836283,394991,6.07029764E7,3.63712296E7,2.09460817E7,1.2206212228411E8,7.311337133673E7,4.247471945386E7,2.034,2.0074,2.0227,136.26,136.41,132.28,137.79,140.12,134.28,129,130.35,131.6,4377697.036,4005608.262,1472483.735,5.8126236819525E8,5.429145661894E8,1.9579056490788E8,2353342,2200099,667045,2061905.446,2010331.565,694047.118,2.7374938629795E8,2.7269179016823E8,9.224359077562E7,136.41,132.27,133.14,84.3,82.93,81.95,84.59,84.49,82.45,80.31,80.5,80.77,447190.593,300466.28,150564.427,3.655727147641E7,2.486058076464E7,1.230811081223E7,347974,264158,125041,226409.307,156832.839,73740.971,1.850738690945E7,1.298859784016E7,6026669.368,82.93,81.95,81.47,3324.14,3237.38,3084.86,3327.37,3265.5,3135.68,3145.28,3045.31,3078.6,504114.2391,435686.4435,136465.7567,1.619734578213871E9,1.371414759857734E9,4.23920604038122E8,7267153,5948483,1855254,239375.5443,204665.1471,66698.6327,7.68839628956444E8,6.43771575254284E8,2.07214417642375E8,3237.39,3084.86,3114.64,3063.5
2025-12-14T22:38:47,92513.38,90268.43,90240,92754,90634.55,90472.4,89480,89766.39,87577.36,16679.19169,5895.70788,9416.94004,1.5216834255648005E9,5.322505445904015E8,8.390791308378651E8,4956719,1363754,3115749,7986.68273,2237.9847,4005.70835,7.287243573886563E8,2.020655194961406E8,3.569051573266693E8,90268.42,90240.01,88172.17,2.034,2.0075,2.0226,2.0478,2.0482,2.0306,1.9692,2.0068,1.9527,7.79871247E7,4.41932671E7,4.51485879E7,1.5685145970608E8,8.965035606012E7,9.00711770555E7,836283,394991,490084,3.63712296E7,2.09460817E7,2.29600822E7,7.311337133673E7,4.247471945386E7,4.579468337407E7,2.0074,2.0227,1.9784,136.41,132.28,133.13,140.12,134.28,133.66,130.35,131.6,127.98,4005608.262,1472483.735,1731614.637,5.429145661894E8,1.9579056490788E8,2.2717280450155E8,2200099,667045,961625,2010331.565,694047.118,796819.698,2.7269179016823E8,9.224359077562E7,1.0459064123822E8,132.27,133.14,129.4,82.93,81.95,81.47,84.49,82.45,81.99,80.5,80.77,77.96,300466.28,150564.427,246089.417,2.486058076464E7,1.230811081223E7,1.959630376955E7,264158,125041,196692,156832.839,73740.971,130327.032,1.298859784016E7,6026669.368,1.037808350266E7,81.95,81.47,78.96,3237.38,3084.86,3114.64,3265.5,3135.68,3129.54,3045.31,3078.6,3024.44,435686.4435,136465.7567,279058.3545,1.371414759857734E9,4.23920604038122E8,8.62072488530014E8,5948483,1855254,3511048,204665.1471,66698.6327,122884.5661,6.43771575254284E8,2.07214417642375E8,3.79597137014435E8,3084.86,3114.64,3063.5,2964.85
2025-12-15T22:38:47,90268.43,90240,88172.16,90634.55,90472.4,90052.64,89766.39,87577.36,85146.64,5895.70788,9416.94004,19778.6919,5.322505445904015E8,8.390791308378651E8,1.7328234295017288E9,1363754,3115749,6747167,2237.9847,4005.70835,9592.41076,2.020655194961406E8,3.569051573266693E8,8.403496493250623E8,90240.01,88172.17,86432.08,2.0075,2.0226,1.9784,2.0482,2.0306,2.0143,2.0068,1.9527,1.8695,4.41932671E7,4.51485879E7,1.157463586E8,8.965035606012E7,9.00711770555E7,2.2400670235929E8,394991,490084,1181500,2.09460817E7,2.29600822E7,5.61594698E7,4.247471945386E7,4.579468337407E7,1.0881018974905E8,2.0227,1.9784,1.8981,132.28,133.13,129.39,134.28,133.66,135.43,131.6,127.98,123.63,1472483.735,1731614.637,3922431,1.9579056490788E8,2.2717280450155E8,5.0557241927462E8,667045,961625,2137229,694047.118,796819.698,1985013.141,9.224359077562E7,1.0459064123822E8,2.5567101164546E8,133.14,129.4,127.81,81.95,81.47,78.96,82.45,81.99,81.42,80.77,77.96,75.74,150564.427,246089.417,377024.701,1.230811081223E7,1.959630376955E7,2.96217943707E7,125041,196692,312246,73740.971,130327.032,199697.297,6026669.368,1.037808350266E7,1.567014020369E7,81.47,78.96,77.51,3084.86,3114.64,3063.49,3135.68,3129.54,3177.5,3078.6,3024.44,2894.57,136465.7567,279058.3545,520509.9555,4.23920604038122E8,8.62072488530014E8,1.579982448239563E9,1855254,3511048,7417115,66698.6327,122884.5661,260217.0331,2.07214417642375E8,3.79597137014435E8,7.90063852031119E8,3114.64,3063.5,2964.85,2962.3
2025-12-16T22:38:47,90240,88172.16,86432.08,90472.4,90052.64,88175.98,87577.36,85146.64,85266,9416.94004,19778.6919,18456.05017,8.390791308378651E8,1.7328234295017288E9,1.6046734286527836E9,3115749,6747167,6099692,4005.70835,9592.41076,9065.97746,3.569051573266693E8,8.403496493250623E8,7.8873108246646E8,88172.17,86432.08,87863.42,2.0226,1.9784,1.8981,2.0306,2.0143,1.9491,1.9527,1.8695,1.852,4.51485879E7,1.157463586E8,1.012833948E8,9.00711770555E7,2.2400670235929E8,1.9301473653332E8,490084,1181500,1113011,2.29600822E7,5.61594698E7,4.83835919E7,4.579468337407E7,1.0881018974905E8,9.223764580332E7,1.9784,1.8981,1.9297,133.13,129.39,127.81,133.66,135.43,130.14,127.98,123.63,124.87,1731614.637,3922431,2884783.998,2.2717280450155E8,5.0557241927462E8,3.6831861517013E8,961625,2137229,1843584,796819.698,1985013.141,1399666.014,1.0459064123822E8,2.5567101164546E8,1.7883535604512E8,129.4,127.81,129.15,81.47,78.96,77.52,81.99,81.42,79.89,77.96,75.74,76.44,246089.417,377024.701,398870.126,1.959630376955E7,2.96217943707E7,3.127340908815E7,196692,312246,273597,130327.032,199697.297,208077.608,1.037808350266E7,1.567014020369E7,1.631213696363E7,78.96,77.51,79.08,3114.64,3063.49,2964.85,3129.54,3177.5,2981.87,3024.44,2894.57,2876,279058.3545,520509.9555,378293.1159,8.62072488530014E8,1.579982448239563E9,1.111582164804332E9,3511048,7417115,6669623,122884.5661,260217.0331,177353.9948,3.79597137014435E8,7.90063852031119E8,5.21322317103601E8,3063.5,2964.85,2962.3,2833.49
2025-12-17T22:38:47,88172.16,86432.08,87863.43,90052.64,88175.98,90365.85,85146.64,85266,85314,19778.6919,18456.05017,19834.11729,1.7328234295017288E9,1.6046734286527836E9,1.7333484966703594E9,6747167,6099692,6058638,9592.41076,9065.97746,9277.27838,8.403496493250623E8,7.8873108246646E8,8.106180132566438E8,86432.08,87863.42,86243.22,1.9784,1.8981,1.9297,2.0143,1.9491,1.9874,1.8695,1.852,1.8474,1.157463586E8,1.012833948E8,1.117148928E8,2.2400670235929E8,1.9301473653332E8,2.1333900705976E8,1181500,1113011,1273357,5.61594698E7,4.83835919E7,5.62519008E7,1.0881018974905E8,9.223764580332E7,1.0738785412595E8,1.8981,1.9297,1.8627,129.39,127.81,129.15,135.43,130.14,133.99,123.63,124.87,121.36,3922431,2884783.998,4525580.216,5.0557241927462E8,3.6831861517013E8,5.7431257439112E8,2137229,1843584,2357854,1985013.141,1399666.014,2252925.062,2.5567101164546E8,1.7883535604512E8,2.8568402261838E8,127.81,129.15,123.27,78.96,77.52,79.07,81.42,79.89,81.04,75.74,76.44,75.16,377024.701,398870.126,376262.289,2.96217943707E7,3.127340908815E7,2.933295644287E7,312246,273597,311547,199697.297,208077.608,181253.966,1.567014020369E7,1.631213696363E7,1.412856917091E7,77.51,79.08,76.01,3063.49,2964.85,2962.3,3177.5,2981.87,3030.92,2894.57,2876,2791.02,520509.9555,378293.1159,497630.4162,1.579982448239563E9,1.111582164804332E9,1.446107029749676E9,7417115,6669623,6532843,260217.0331,177353.9948,241806.4338,7.90063852031119E8,5.21322317103601E8,7.02713292875421E8,2964.85,2962.3,2833.49,2828.57
2025-12-18T22:38:47,86432.08,87863.43,86243.23,88175.98,90365.85,89477.61,85266,85314,84450.01,18456.05017,19834.11729,25405.41763,1.6046734286527836E9,1.7333484966703594E9,2.2042238726696463E9,6099692,6058638,6946947,9065.97746,9277.27838,12668.53838,7.8873108246646E8,8.106180132566438E8,1.0986468549700365E9,87863.42,86243.22,85516.41,1.8981,1.9297,1.8627,1.9491,1.9874,1.9341,1.852,1.8474,1.8,1.012833948E8,1.117148928E8,1.26981039E8,1.9301473653332E8,2.1333900705976E8,2.3620024180635E8,1113011,1273357,1359171,4.83835919E7,5.62519008E7,6.00449409E7,9.223764580332E7,1.0738785412595E8,1.1157877429725E8,1.9297,1.8627,1.8076,127.81,129.15,123.28,130.14,133.99,129.05,124.87,121.36,116.88,2884783.998,4525580.216,4790795.008,3.6831861517013E8,5.7431257439112E8,5.8927651397563E8,1843584,2357854,2419617,1399666.014,2252925.062,2455733.514,1.7883535604512E8,2.8568402261838E8,3.0204964846607E8,129.15,123.27,119.6,77.52,79.07,76.01,79.89,81.04,78.56,76.44,75.16,72.64,398870.126,376262.289,475331.443,3.127340908815E7,2.933295644287E7,3.58282593723E7,273597,311547,382878,208077.608,181253.966,245476.846,1.631213696363E7,1.412856917091E7,1.850209488872E7,79.08,76.01,74.29,2964.85,2962.3,2833.5,2981.87,3030.92,2997.4,2876,2791.02,2775.19,378293.1159,497630.4162,595253.7997,1.111582164804332E9,1.446107029749676E9,1.71268836364049E9,6669623,6532843,7801439,177353.9948,241806.4338,297647.5456,5.21322317103601E8,7.02713292875421E8,8.56465294377289E8,2962.3,2833.49,2828.57,2979.5
2025-12-19T22:38:47,87863.43,86243.23,85516.41,90365.85,89477.61,89399.97,85314,84450.01,85110.24,19834.11729,25405.41763,21256.65004,1.7333484966703594E9,2.2042238726696463E9,1.863236625932864E9,6058638,6946947,6482253,9277.27838,12668.53838,10880.14451,8.106180132566438E8,1.0986468549700365E9,9.538862853647416E8,86243.22,85516.41,88136.94,1.9297,1.8627,1.8076,1.9874,1.9341,1.9213,1.8474,1.8,1.7711,1.117148928E8,1.26981039E8,1.446015103E8,2.1333900705976E8,2.3620024180635E8,2.6866725135816E8,1273357,1359171,1295277,5.62519008E7,6.00449409E7,7.28651449E7,1.0738785412595E8,1.1157877429725E8,1.3535077907314E8,1.8627,1.8076,1.9092,129.15,123.28,119.6,133.99,129.05,127.87,121.36,116.88,117.61,4525580.216,4790795.008,4090548.592,5.7431257439112E8,5.8927651397563E8,5.0862459321844E8,2357854,2419617,2082071,2252925.062,2455733.514,2067556.9,2.8568402261838E8,3.0204964846607E8,2.5706619376342E8,123.27,119.6,126.27,79.07,76.01,74.28,81.04,78.56,78.02,75.16,72.64,73.56,376262.289,475331.443,362068.467,2.933295644287E7,3.58282593723E7,2.756833226807E7,311547,382878,287432,181253.966,245476.846,198506.456,1.412856917091E7,1.850209488872E7,1.51152314587E7,76.01,74.29,77.49,2962.3,2833.5,2828.56,3030.92,2997.4,3020,2791.02,2775.19,2808.63,497630.4162,595253.7997,531702.5439,1.446107029749676E9,1.71268836364049E9,1.56587851931718E9,6532843,7801439,6948512,241806.4338,297647.5456,265654.992,7.02713292875421E8,8.56465294377289E8,7.82773695892576E8,2833.49,2828.57,2979.5,2977.93
2025-12-20T22:38:47,86243.23,85516.41,88136.95,89477.61,89399.97,88573.07,84450.01,85110.24,87795.76,25405.41763,21256.65004,5123.13194,2.2042238726696463E9,1.863236625932864E9,4.519190227277595E8,6946947,6482253,1174426,12668.53838,10880.14451,2456.37063,1.0986468549700365E9,9.538862853647416E8,2.166876453292005E8,85516.41,88136.94,88360.9,1.8627,1.8076,1.9092,1.9341,1.9213,1.9588,1.8,1.7711,1.8936,1.26981039E8,1.446015103E8,5.32350235E7,2.3620024180635E8,2.6866725135816E8,1.0257001969904E8,1359171,1295277,462154,6.00449409E7,7.28651449E7,2.56116873E7,1.1157877429725E8,1.3535077907314E8,4.9347171632E7,1.8076,1.9092,1.9335,123.28,119.6,126.27,129.05,127.87,126.89,116.88,117.61,125.3,4790795.008,4090548.592,1229353.586,5.8927651397563E8,5.0862459321844E8,1.5507061306539E8,2419617,2082071,488206,2455733.514,2067556.9,570925.594,3.0204964846607E8,2.5706619376342E8,7.200836997456E7,119.6,126.27,125.81,76.01,74.28,77.49,78.56,78.02,79.41,72.64,73.56,76.43,475331.443,362068.467,157890.421,3.58282593723E7,2.756833226807E7,1.221143033712E7,382878,287432,127416,245476.846,198506.456,76982.731,1.850209488872E7,1.51152314587E7,5954343.79,74.29,77.49,77.84,2833.5,2828.56,2979.49,2997.4,3020,2994.41,2775.19,2808.63,2964.17,595253.7997,531702.5439,91783.7734,1.71268836364049E9,1.56587851931718E9,2.73573678212581E8,7801439,6948512,1350111,297647.5456,265654.992,40641.5192,8.56465294377289E8,7.82773695892576E8,1.21155599008529E8,2828.57,2979.5,2977.93,3002.02
2025-12-21T22:38:47,85516.41,88136.95,88360.91,89399.97,88573.07,89081.77,85110.24,87795.76,87600.04,21256.65004,5123.13194,7132.87258,1.863236625932864E9,4.519190227277595E8,6.297209717866651E8,6482253,1174426,2030666,10880.14451,2456.37063,3450.39397,9.538862853647416E8,2.166876453292005E8,3.047120617980245E8,88136.94,88360.9,88658.86,1.8076,1.9092,1.9335,1.9213,1.9588,1.9498,1.7711,1.8936,1.8948,1.446015103E8,5.32350235E7,5.30292729E7,2.6866725135816E8,1.0257001969904E8,1.0176434986736E8,1295277,462154,508164,7.28651449E7,2.56116873E7,2.61201178E7,1.3535077907314E8,4.9347171632E7,5.011858049092E7,1.9092,1.9335,1.9223,119.6,126.27,125.8,127.87,126.89,126.62,117.61,125.3,123.4,4090548.592,1229353.586,1812103.189,5.0862459321844E8,1.5507061306539E8,2.2700932556382E8,2082071,488206,839564,2067556.9,570925.594,888951.251,2.5706619376342E8,7.200836997456E7,1.1136988177771E8,126.27,125.81,126.03,74.28,77.49,77.84,78.02,79.41,78.05,73.56,76.43,75.46,362068.467,157890.421,208349.125,2.756833226807E7,1.221143033712E7,1.599301381049E7,287432,127416,169708,198506.456,76982.731,106223.112,1.51152314587E7,5954343.79,8156597.633,77.49,77.84,76.79,2828.56,2979.49,2977.93,3020,2994.41,3013.4,2808.63,2964.17,2944,531702.5439,91783.7734,162244.8067,1.56587851931718E9,2.73573678212581E8,4.83780019527505E8,6948512,1350111,2474808,265654.992,40641.5192,78868.2879,7.82773695892576E8,1.21155599008529E8,2.35186765372176E8,2979.5,2977.93,3002.02,3009.49
2025-12-22T22:38:47,88136.95,88360.91,88658.87,88573.07,89081.77,90588.23,87795.76,87600.04,87900,5123.13194,7132.87258,14673.2197,4.519190227277595E8,6.297209717866651E8,1.310235631747926E9,1174426,2030666,4847747,2456.37063,3450.39397,7269.61435,2.166876453292005E8,3.047120617980245E8,6.491867917715422E8,88360.9,88658.86,88620.79,1.9092,1.9335,1.9224,1.9588,1.9498,1.9493,1.8936,1.8948,1.8917,5.32350235E7,5.30292729E7,8.87316142E7,1.0257001969904E8,1.0176434986736E8,1.7054114842268E8,462154,508164,833845,2.56116873E7,2.61201178E7,4.50182071E7,4.9347171632E7,5.011858049092E7,8.64940328813E7,1.9335,1.9223,1.9043,126.27,125.8,126.03,126.89,126.62,128.78,125.3,123.4,124.2,1229353.586,1812103.189,2667589.146,1.5507061306539E8,2.2700932556382E8,3.3735698561644E8,488206,839564,1282063,570925.594,888951.251,1390774.267,7.200836997456E7,1.1136988177771E8,1.758618057656E8,125.81,126.03,125.93,77.49,77.84,76.79,79.41,78.05,79.49,76.43,75.46,76.35,157890.421,208349.125,307831.718,1.221143033712E7,1.599301381049E7,2.394230247371E7,127416,169708,252627,76982.731,106223.112,165324.829,5954343.79,8156597.633,1.285733221955E7,77.84,76.79,77.05,2979.49,2977.93,3002.03,2994.41,3013.4,3077.39,2964.17,2944,2963.43,91783.7734,162244.8067,298443.5633,2.73573678212581E8,4.83780019527505E8,9.03056984466161E8,1350111,2474808,5452069,40641.5192,78868.2879,142983.3689,1.21155599008529E8,2.35186765372176E8,4.32713971599364E8,2977.93,3002.02,3009.49,2965.02
2025-12-23T22:38:47,88360.91,88658.87,88620.79,89081.77,90588.23,88940,87600.04,87900,86601.9,7132.87258,14673.2197,13910.32904,6.297209717866651E8,1.310235631747926E9,1.2198996072677548E9,2030666,4847747,4465080,3450.39397,7269.61435,6381.76747,3.047120617980245E8,6.491867917715422E8,5.599051958871304E8,88658.86,88620.79,87486,1.9335,1.9224,1.9044,1.9498,1.9493,1.91,1.8948,1.8917,1.863,5.30292729E7,8.87316142E7,7.78156938E7,1.0176434986736E8,1.7054114842268E8,1.4678441882902E8,508164,833845,667978,2.61201178E7,4.50182071E7,3.72474099E7,5.011858049092E7,8.64940328813E7,7.028929580384E7,1.9223,1.9043,1.8734,125.8,126.03,125.93,126.62,128.78,126.93,123.4,124.2,122.16,1812103.189,2667589.146,2440030.872,2.2700932556382E8,3.3735698561644E8,3.0315869000044E8,839564,1282063,1214338,888951.251,1390774.267,1172899.452,1.1136988177771E8,1.758618057656E8,1.4575393576107E8,126.03,125.93,124.01,77.84,76.79,77.05,78.05,79.49,77.96,75.46,76.35,75.53,208349.125,307831.718,260524.06,1.599301381049E7,2.394230247371E7,2.000446682409E7,169708,252627,224255,106223.112,165324.829,140004.349,8156597.633,1.285733221955E7,1.075070930828E7,76.79,77.05,77.01,2977.93,3002.03,3009.48,3013.4,3077.39,3035.79,2944,2963.43,2900.93,162244.8067,298443.5633,386465.747,4.83780019527505E8,9.03056984466161E8,1.143899253062532E9,2474808,5452069,4824322,78868.2879,142983.3689,206394.4595,2.35186765372176E8,4.32713971599364E8,6.10982176714151E8,3002.02,3009.49,2965.02,2947.47
2025-12-24T22:38:47,88658.87,88620.79,87486,90588.23,88940,88049.89,87900,86601.9,86420,14673.2197,13910.32904,9140.8432,1.310235631747926E9,1.2198996072677548E9,7.974605264738462E8,4847747,4465080,2877239,7269.61435,6381.76747,4543.27331,6.491867917715422E8,5.599051958871304E8,3.963856904046026E8,88620.79,87486,87669.45,1.9224,1.9044,1.8734,1.9493,1.91,1.8783,1.8917,1.863,1.8372,8.87316142E7,7.78156938E7,5.98959798E7,1.7054114842268E8,1.4678441882902E8,1.1143274824416E8,833845,667978,562567,4.50182071E7,3.72474099E7,2.81220514E7,8.64940328813E7,7.028929580384E7,5.232019002546E7,1.9043,1.8734,1.8628,126.03,125.93,124.02,128.78,126.93,124.3,124.2,122.16,120.63,2667589.146,2440030.872,1605450.498,3.3735698561644E8,3.0315869000044E8,1.9626633488911E8,1282063,1214338,891219,1390774.267,1172899.452,824072.237,1.758618057656E8,1.4575393576107E8,1.0075493870787E8,125.93,124.01,122.53,76.79,77.05,77.01,79.49,77.96,77.42,76.35,75.53,75.22,307831.718,260524.06,266137.657,2.394230247371E7,2.000446682409E7,2.021562997507E7,252627,224255,190176,165324.829,140004.349,124284.127,1.285733221955E7,1.075070930828E7,9440892.666,77.05,77.01,75.79,3002.03,3009.48,2965.03,3077.39,3035.79,2978.15,2963.43,2900.93,2888.7,298443.5633,386465.747,197035.5598,9.03056984466161E8,1.143899253062532E9,5.78209287858266E8,5452069,4824322,3194683,142983.3689,206394.4595,101402.5429,4.32713971599364E8,6.10982176714151E8,2.97704426144271E8,3009.49,2965.02,2947.47,2903.95
2025-12-25T22:38:47,88620.79,87486,87669.44,88940,88049.89,88592.74,86601.9,86420,86934.72,13910.32904,9140.8432,7096.58235,1.2198996072677548E9,7.974605264738462E8,6.229704536497647E8,4465080,2877239,1992172,6381.76747,4543.27331,3390.95708,5.599051958871304E8,3.963856904046026E8,2.975911287233041E8,87486,87669.45,87225.27,1.9044,1.8734,1.8627,1.91,1.8783,1.8892,1.863,1.8372,1.8291,7.78156938E7,5.98959798E7,4.61448084E7,1.4678441882902E8,1.1143274824416E8,8.604909166366E7,667978,562567,445516,3.72474099E7,2.81220514E7,1.88950484E7,7.028929580384E7,5.232019002546E7,3.523326392579E7,1.8734,1.8628,1.8326,125.93,124.02,122.52,126.93,124.3,124.46,122.16,120.63,119.71,2440030.872,1605450.498,1818325.148,3.0315869000044E8,1.9626633488911E8,2.226660133961E8,1214338,891219,620763,1172899.452,824072.237,889311.86,1.4575393576107E8,1.0075493870787E8,1.0887370702848E8,124.01,122.53,120.06,77.05,77.01,75.79,77.96,77.42,77.57,75.53,75.22,75.36,260524.06,266137.657,204493.057,2.000446682409E7,2.021562997507E7,1.564810878935E7,224255,190176,158515,140004.349,124284.127,102446.218,1.075070930828E7,9440892.666,7840916.92,77.01,75.79,75.71,3009.48,2965.03,2947.48,3035.79,2978.15,2971.46,2900.93,2888.7,2891.2,386465.747,197035.5598,188721.2981,1.143899253062532E9,5.78209287858266E8,5.54690625492779E8,4824322,3194683,2183611,206394.4595,101402.5429,85987.392,6.10982176714151E8,2.97704426144271E8,2.52678463929107E8,2965.02,2947.47,2903.95,2927.99
2025-12-26T22:38:47,87486,87669.44,87225.27,88049.89,88592.74,89567.75,86420,86934.72,86655.08,9140.8432,7096.58235,18344.61505,7.974605264738462E8,6.229704536497647E8,1.616722115636646E9,2877239,1992172,4509482,4543.27331,3390.95708,8846.80613,3.963856904046026E8,2.975911287233041E8,7.804648777249064E8,87669.45,87225.27,87369.56,1.8734,1.8627,1.8325,1.8783,1.8892,1.8833,1.8372,1.8291,1.8246,5.98959798E7,4.61448084E7,7.68255308E7,1.1143274824416E8,8.604909166366E7,1.4265010148219E8,562567,445516,812307,2.81220514E7,1.88950484E7,3.20868166E7,5.232019002546E7,3.523326392579E7,5.959038119293E7,1.8628,1.8326,1.8437,124.02,122.52,120.05,124.3,124.46,125.14,120.63,119.71,119.24,1605450.498,1818325.148,3326516.562,1.9626633488911E8,2.226660133961E8,4.077937896008E8,891219,620763,1242795,824072.237,889311.86,1709921.31,1.0075493870787E8,1.0887370702848E8,2.096428482221E8,122.53,120.06,122.26,77.01,75.79,75.7,77.42,77.57,78,75.22,75.36,75.48,266137.657,204493.057,254509.443,2.021562997507E7,1.564810878935E7,1.958324634934E7,190176,158515,189137,124284.127,102446.218,127956.238,9440892.666,7840916.92,9848315.154,75.79,75.71,76.87,2965.03,2947.48,2903.9,2978.15,2971.46,2994.38,2888.7,2891.2,2894.26,197035.5598,188721.2981,314830.9989,5.78209287858266E8,5.54690625492779E8,9.28357784217832E8,3194683,2183611,4062164,101402.5429,85987.392,159371.2995,2.97704426144271E8,2.52678463929107E8,4.697842926982E8,2947.47,2903.95,2927.99,2949.05
2025-12-27T22:38:47,87669.44,87225.27,87369.56,88592.74,89567.75,87984,86934.72,86655.08,87253.05,7096.58235,18344.61505,4469.55156,6.229704536497647E8,1.616722115636646E9,3.91274205274436E8,1992172,4509482,957536,3390.95708,8846.80613,2065.72405,2.975911287233041E8,7.804648777249064E8,1.808604812392424E8,87225.27,87369.56,87877.01,1.8627,1.8325,1.8437,1.8892,1.8833,1.8788,1.8291,1.8246,1.8417,4.61448084E7,7.68255308E7,3.12444713E7,8.604909166366E7,1.4265010148219E8,5.787247163674E7,445516,812307,254408,1.88950484E7,3.20868166E7,1.34267871E7,3.523326392579E7,5.959038119293E7,2.487194744292E7,1.8326,1.8437,1.8735,122.52,120.05,122.27,124.46,125.14,125.08,119.71,119.24,121.86,1818325.148,3326516.562,1357802.112,2.226660133961E8,4.077937896008E8,1.6742763564651E8,620763,1242795,458614,889311.86,1709921.31,705415.06,1.0887370702848E8,2.096428482221E8,8.693006387465E7,120.06,122.26,124.73,75.79,75.7,76.87,77.57,78,80.58,75.36,75.48,76.76,204493.057,254509.443,211258.146,1.564810878935E7,1.958324634934E7,1.653916637659E7,158515,189137,147647,102446.218,127956.238,107790.958,7840916.92,9848315.154,8441859.784,75.71,76.87,80.33,2947.48,2903.9,2928,2971.46,2994.38,2960.89,2891.2,2894.26,2917.13,188721.2981,314830.9989,95040.3956,5.54690625492779E8,9.28357784217832E8,2.78706096334518E8,2183611,4062164,1004396,85987.392,159371.2995,43285.9713,2.52678463929107E8,4.697842926982E8,1.26936744905573E8,2903.95,2927.99,2949.05,2950.91
2025-12-28T22:38:47,87225.27,87369.56,87877,89567.75,87984,88088.75,86655.08,87253.05,87435,18344.61505,4469.55156,4446.29285,1.616722115636646E9,3.91274205274436E8,3.903272991502763E8,4509482,957536,1241426,8846.80613,2065.72405,2230.75216,7.804648777249064E8,1.808604812392424E8,1.958421281874143E8,87369.56,87877.01,87952.71,1.8325,1.8437,1.8734,1.8833,1.8788,1.8796,1.8246,1.8417,1.8539,7.68255308E7,3.12444713E7,2.65972383E7,1.4265010148219E8,5.787247163674E7,4.968312809448E7,812307,254408,272306,3.20868166E7,1.34267871E7,1.19303935E7,5.959038119293E7,2.487194744292E7,2.228262700367E7,1.8437,1.8735,1.8654,120.05,122.27,124.74,125.14,125.08,125.64,119.24,121.86,123.08,3326516.562,1357802.112,1828960.451,4.077937896008E8,1.6742763564651E8,2.2704972092228E8,1242795,458614,519293,1709921.31,705415.06,1001153.634,2.096428482221E8,8.693006387465E7,1.2425028318544E8,122.26,124.73,125.27,75.7,76.87,80.33,78,80.58,80.58,75.48,76.76,77.87,254509.443,211258.146,219808.346,1.958324634934E7,1.653916637659E7,1.738710887098E7,189137,147647,144305,127956.238,107790.958,107349.162,9848315.154,8441859.784,8488345.946,76.87,80.33,78.73,2903.9,2928,2949.05,2994.38,2960.89,2961.23,2894.26,2917.13,2924.54,314830.9989,95040.3956,128834.139,9.28357784217832E8,2.78706096334518E8,3.79078145432578E8,4062164,1004396,1484510,159371.2995,43285.9713,65373.9915,4.697842926982E8,1.26936744905573E8,1.92352556018686E8,2927.99,2949.05,2950.91,2937.9
2025-12-29T22:38:47,87369.56,87877,87952.71,87984,88088.75,90406.08,87253.05,87435,86806.5,4469.55156,4446.29285,19894.98575,3.91274205274436E8,3.903272991502763E8,1.7620119930377953E9,957536,1241426,4793589,2065.72405,2230.75216,10079.10102,1.808604812392424E8,1.958421281874143E8,8.92298235375502E8,87877.01,87952.71,87237.13,1.8437,1.8734,1.8655,1.8788,1.8796,1.918,1.8417,1.8539,1.845,3.12444713E7,2.65972383E7,7.02657085E7,5.787247163674E7,4.968312809448E7,1.3214910678247E8,254408,272306,713307,1.34267871E7,1.19303935E7,3.25492739E7,2.487194744292E7,2.228262700367E7,6.116295330353E7,1.8735,1.8654,1.8508,122.27,124.74,125.27,125.08,125.64,130.16,121.86,123.08,122.36,1357802.112,1828960.451,4307595.105,1.6742763564651E8,2.2704972092228E8,5.4372330450905E8,458614,519293,1525275,705415.06,1001153.634,2170738.716,8.693006387465E7,1.2425028318544E8,2.7397955100564E8,124.73,125.27,123.28,76.87,80.33,78.73,80.58,80.58,80.25,76.76,77.87,76.92,211258.146,219808.346,309985.174,1.653916637659E7,1.738710887098E7,2.433618254246E7,147647,144305,221638,107790.958,107349.162,159701.329,8441859.784,8488345.946,1.254180424963E7,80.33,78.73,78.32,2928,2949.05,2950.91,2960.89,2961.23,3057.78,2917.13,2924.54,2910.25,95040.3956,128834.139,485959.1824,2.78706096334518E8,3.79078145432578E8,1.447180217933539E9,1004396,1484510,5162535,43285.9713,65373.9915,233555.1583,1.26936744905573E8,1.92352556018686E8,6.94845447761885E8,2949.05,2950.91,2937.9,2973.69
2025-12-30T22:38:47,87877,87952.71,87237.13,88088.75,90406.08,89400,87435,86806.5,86845.66,4446.29285,19894.98575,13105.91001,3.903272991502763E8,1.7620119930377953E9,1.1550164044786754E9,1241426,4793589,3542176,2230.75216,10079.10102,6561.56089,1.958421281874143E8,8.92298235375502E8,5.783033874025434E8,87952.71,87237.13,88485.49,1.8734,1.8655,1.8508,1.8796,1.918,1.8864,1.8539,1.845,1.8439,2.65972383E7,7.02657085E7,4.83377356E7,4.968312809448E7,1.3214910678247E8,9.028778752763E7,272306,713307,418695,1.19303935E7,3.25492739E7,2.22833005E7,2.228262700367E7,6.116295330353E7,4.163433059681E7,1.8654,1.8508,1.8776,124.74,125.27,123.28,125.64,130.16,126.52,123.08,122.36,122.58,1828960.451,4307595.105,2480631.516,2.2704972092228E8,5.4372330450905E8,3.0873077748262E8,519293,1525275,955705,1001153.634,2170738.716,1282143.241,1.2425028318544E8,2.7397955100564E8,1.5951027029718E8,125.27,123.28,125.01,80.33,78.73,78.33,80.58,80.25,79.03,77.87,76.92,77.62,219808.346,309985.174,238627.692,1.738710887098E7,2.433618254246E7,1.866618105467E7,144305,221638,160915,107349.162,159701.329,109738.146,8488345.946,1.254180424963E7,8586141.454,78.73,78.32,78.89,2949.05,2950.91,2937.91,2961.23,3057.78,3009.8,2924.54,2910.25,2919.44,128834.139,485959.1824,286583.2879,3.79078145432578E8,1.447180217933539E9,8.51498558489608E8,1484510,5162535,3959890,65373.9915,233555.1583,146128.2348,1.92352556018686E8,6.94845447761885E8,4.34231190136072E8,2950.91,2937.9,2973.69,2971.64
2025-12-31T22:38:47,87952.71,87237.13,88485.5,90406.08,89400,89200,86806.5,86845.66,87250,19894.98575,13105.91001,11558.62047,1.7620119930377953E9,1.1550164044786754E9,1.0197468352795268E9,4793589,3542176,2897396,10079.10102,6561.56089,5432.03408,8.92298235375502E8,5.783033874025434E8,4.791049769645489E8,87237.13,88485.49,87648.22,1.8655,1.8508,1.8776,1.918,1.8864,1.8839,1.845,1.8439,1.8123,7.02657085E7,4.83377356E7,5.83348938E7,1.3214910678247E8,9.028778752763E7,1.081186891138E8,713307,418695,440483,3.25492739E7,2.22833005E7,2.91775214E7,6.116295330353E7,4.163433059681E7,5.407498483962E7,1.8508,1.8776,1.8423,125.27,123.28,125.02,130.16,126.52,132.75,122.36,122.58,122.99,4307595.105,2480631.516,2941643.658,5.4372330450905E8,3.0873077748262E8,3.6849359469384E8,1525275,955705,966712,2170738.716,1282143.241,1511491.268,2.7397955100564E8,1.5951027029718E8,1.8964236875779E8,123.28,125.01,124.65,78.73,78.33,78.88,80.25,79.03,78.89,76.92,77.62,76.08,309985.174,238627.692,233120.006,2.433618254246E7,1.866618105467E7,1.808427019747E7,221638,160915,165163,159701.329,109738.146,119277.527,1.254180424963E7,8586141.454,9258018.011,78.32,78.89,76.85,2950.91,2937.91,2973.69,3057.78,3009.8,3028.08,2910.25,2919.44,2958.91,485959.1824,286583.2879,233729.5887,1.447180217933539E9,8.51498558489608E8,6.97600045700212E8,5162535,3959890,2935432,233555.1583,146128.2348,116217.5263,6.94845447761885E8,4.34231190136072E8,3.46891301180933E8,2937.9,2973.69,2971.64,3004.19
2026-01-01T22:38:47,87237.13,88485.5,87648.21,89400,89200,88919.45,86845.66,87250,87550.43,13105.91001,11558.62047,6279.57133,1.1550164044786754E9,1.0197468352795268E9,5.529916352911001E8,3542176,2897396,1449281,6561.56089,5432.03408,3123.64536,5.783033874025434E8,4.791049769645489E8,2.750900772883817E8,88485.49,87648.22,88839.04,1.8508,1.8776,1.8424,1.8864,1.8839,1.8811,1.8439,1.8123,1.8261,4.83377356E7,5.83348938E7,4.10825891E7,9.028778752763E7,1.081186891138E8,7.62139648482E7,418695,440483,299761,2.22833005E7,2.91775214E7,2.0405073E7,4.163433059681E7,5.407498483962E7,3.785946444496E7,1.8776,1.8423,1.8799,123.28,125.02,124.64,126.52,132.75,127.25,122.58,122.99,124.15,2480631.516,2941643.658,1733664.978,3.0873077748262E8,3.6849359469384E8,2.1706894815615E8,955705,966712,515257,1282143.241,1511491.268,852972.092,1.5951027029718E8,1.8964236875779E8,1.0676228653978E8,125.01,124.65,126.9,78.33,78.88,76.86,79.03,78.89,80.03,77.62,76.08,76.7,238627.692,233120.006,194402.742,1.866618105467E7,1.808427019747E7,1.524632131297E7,160915,165163,140629,109738.146,119277.527,102285.941,8586141.454,9258018.011,8023819.937,78.89,76.85,79.97,2937.91,2973.69,2971.65,3009.8,3028.08,3010,2919.44,2958.91,2971.15,286583.2879,233729.5887,136088.5207,8.51498558489608E8,6.97600045700212E8,4.06547667098154E8,3959890,2935432,1338212,146128.2348,116217.5263,66477.086,4.34231190136072E8,3.46891301180933E8,1.98558579194668E8,2973.69,2971.64,3004.19,3125.45
2026-01-02T22:38:47,88485.5,87648.21,88839.05,89200,88919.45,90961.81,87250,87550.43,88379.88,11558.62047,6279.57133,17396.97301,1.0197468352795268E9,5.529916352911001E8,1.5589588608870876E9,2897396,1449281,5010211,5432.03408,3123.64536,8929.35447,4.791049769645489E8,2.750900772883817E8,8.003802739640186E8,87648.22,88839.04,89995.13,1.8776,1.8424,1.8799,1.8839,1.8811,2.0315,1.8123,1.8261,1.8689,5.83348938E7,4.10825891E7,1.273479072E8,1.081186891138E8,7.62139648482E7,2.4773447267035E8,440483,299761,1017519,2.91775214E7,2.0405073E7,5.76478506E7,5.407498483962E7,3.785946444496E7,1.1207842053494E8,1.8423,1.8799,2.0069,125.02,124.64,126.91,132.75,127.25,133.25,122.99,124.15,125.84,2941643.658,1733664.978,2924227.372,3.6849359469384E8,2.1706894815615E8,3.7821318758117E8,966712,515257,1348954,1511491.268,852972.092,1522741.331,1.8964236875779E8,1.0676228653978E8,1.9701125476109E8,124.65,126.9,132.29,78.88,76.86,79.97,78.89,80.03,82.25,76.08,76.7,79.04,233120.006,194402.742,285255.308,1.808427019747E7,1.524632131297E7,2.294033691614E7,165163,140629,228137,119277.527,102285.941,142079.285,9258018.011,8023819.937,1.142660350296E7,76.85,79.97,81.93,2973.69,2971.65,3004.19,3028.08,3010,3150.01,2958.91,2971.15,2992.49,233729.5887,136088.5207,369891.2449,6.97600045700212E8,4.06547667098154E8,1.137619077204739E9,2935432,1338212,5276480,116217.5263,66477.086,195057.0391,3.46891301180933E8,1.98558579194668E8,5.99510476371968E8,2971.64,3004.19,3125.45,3127.11
2026-01-03T22:38:47,87648.21,88839.05,89995.14,88919.45,90961.81,90741.16,87550.43,88379.88,89314.01,6279.57133,17396.97301,7057.46716,5.529916352911001E8,1.5589588608870876E9,6.355147736093655E8,1449281,5010211,1684214,3123.64536,8929.35447,3791.72083,2.750900772883817E8,8.003802739640186E8,3.414795533015828E8,88839.04,89995.13,90628.01,1.8424,1.8799,2.0068,1.8811,2.0315,2.0561,1.8261,1.8689,1.9844,4.10825891E7,1.273479072E8,7.43865221E7,7.62139648482E7,2.4773447267035E8,1.5007764184672E8,299761,1017519,656247,2.0405073E7,5.76478506E7,3.44027435E7,3.785946444496E7,1.1207842053494E8,6.937111938399E7,1.8799,2.0069,2.0182,124.64,126.91,132.28,127.25,133.25,133.99,124.15,125.84,129.6,1733664.978,2924227.372,1520623.499,2.1706894815615E8,3.7821318758117E8,2.0029592155764E8,515257,1348954,637040,852972.092,1522741.331,750641.795,1.0676228653978E8,1.9701125476109E8,9.888545669177E7,126.9,132.29,133.37,76.86,79.97,81.94,80.03,82.25,82.82,76.7,79.04,80.77,194402.742,285255.308,249457.667,1.524632131297E7,2.294033691614E7,2.042319693075E7,140629,228137,188669,102285.941,142079.285,120857.422,8023819.937,1.142660350296E7,9901753.379,79.97,81.93,82.08,2971.65,3004.19,3125.46,3010,3150.01,3136.71,2971.15,2992.49,3076,136088.5207,369891.2449,134405.2258,4.06547667098154E8,1.137619077204739E9,4.17746796512137E8,1338212,5276480,1823251,66477.086,195057.0391,66789.8067,1.98558579194668E8,5.99510476371968E8,2.07586674464872E8,3004.19,3125.45,3127.11,3144.7
2026-01-04T22:38:47,88839.05,89995.14,90628.01,90961.81,90741.16,91810,88379.88,89314.01,90628,17396.97301,7057.46716,10426.5297,1.5589588608870876E9,6.355147736093655E8,9.521609805212084E8,5010211,1684214,2207037,8929.35447,3791.72083,5320.99389,8.003802739640186E8,3.414795533015828E8,4.859186715920199E8,89995.13,90628.01,91529.73,1.8799,2.0068,2.0182,2.0315,2.0561,2.1204,1.8689,1.9844,2.0163,1.273479072E8,7.43865221E7,1.137570863E8,2.4773447267035E8,1.5007764184672E8,2.3592340178094E8,1017519,656247,980782,5.76478506E7,3.44027435E7,5.63252857E7,1.1207842053494E8,6.937111938399E7,1.1682752079926E8,2.0069,2.0182,2.0909,126.91,132.28,133.37,133.25,133.99,135.54,125.84,129.6,133.12,2924227.372,1520623.499,1809269.113,3.7821318758117E8,2.0029592155764E8,2.4298516955108E8,1348954,637040,892859,1522741.331,750641.795,891018.315,1.9701125476109E8,9.888545669177E7,1.1967826992305E8,132.29,133.37,134.12,79.97,81.94,82.09,82.25,82.82,83.17,79.04,80.77,81.65,285255.308,249457.667,254059.572,2.294033691614E7,2.042319693075E7,2.094262934106E7,228137,188669,198257,142079.285,120857.422,120576.145,1.142660350296E7,9901753.379,9941344.782,81.93,82.08,82.26,3004.19,3125.46,3127.11,3150.01,3136.71,3167.22,2992.49,3076,3118.75,369891.2449,134405.2258,181576.0686,1.137619077204739E9,4.17746796512137E8,5.70517585648554E8,5276480,1823251,2261499,195057.0391,66789.8067,94783.8698,5.99510476371968E8,2.07586674464872E8,2.97836974892677E8,3125.45,3127.11,3144.7,3224.99
2026-01-05T22:38:47,89995.14,90628.01,91529.74,90741.16,91810,94789.08,89314.01,90628,91514.81,7057.46716,10426.5297,20673.59584,6.355147736093655E8,9.521609805212084E8,1.927455243548076E9,1684214,2207037,5485489,3791.72083,5320.99389,10892.9695,3.414795533015828E8,4.859186715920199E8,1.0158587519317029E9,90628.01,91529.73,93859.71,2.0068,2.0182,2.0908,2.0561,2.1204,2.3695,1.9844,2.0163,2.0877,7.43865221E7,1.137570863E8,2.103180253E8,1.5007764184672E8,2.3592340178094E8,4.6770799715885E8,656247,980782,1982421,3.44027435E7,5.63252857E7,1.029855705E8,6.937111938399E7,1.1682752079926E8,2.2898249606502E8,2.0182,2.0909,2.3478,132.28,133.37,134.12,133.99,135.54,139.87,129.6,133.12,133.18,1520623.499,1809269.113,3327567.484,2.0029592155764E8,2.4298516955108E8,4.5291108426412E8,637040,892859,1633145,750641.795,891018.315,1712601.556,9.888545669177E7,1.1967826992305E8,2.331868655719E8,133.37,134.12,137.9,81.94,82.09,82.26,82.82,83.17,84.57,80.77,81.65,81.44,249457.667,254059.572,427913.448,2.042319693075E7,2.094262934106E7,3.54281841277E7,188669,198257,292614,120857.422,120576.145,227631.212,9901753.379,9941344.782,1.885171817835E7,82.08,82.26,83.46,3125.46,3127.11,3144.71,3136.71,3167.22,3265.66,3076,3118.75,3135.02,134405.2258,181576.0686,382446.6618,4.17746796512137E8,5.70517585648554E8,1.219648843481487E9,1823251,2261499,5401982,66789.8067,94783.8698,188956.4336,2.07586674464872E8,2.97836974892677E8,6.02755810620799E8,3127.11,3144.7,3224.99,3296.84
2026-01-06T22:38:47,90628.01,91529.74,93859.71,91810,94789.08,94444.44,90628,91514.81,91262.94,10426.5297,20673.59584,18546.41829,9.521609805212084E8,1.927455243548076E9,1.728045542298375E9,2207037,5485489,5018686,5320.99389,10892.9695,8108.82157,4.859186715920199E8,1.0158587519317029E9,7.559981933969632E8,91529.73,93859.71,93747.97,2.0182,2.0908,2.3479,2.1204,2.3695,2.4172,2.0163,2.0877,2.2046,1.137570863E8,2.103180253E8,2.703721081E8,2.3592340178094E8,4.6770799715885E8,6.2915417010637E8,980782,1982421,2585653,5.63252857E7,1.029855705E8,1.311875857E8,1.1682752079926E8,2.2898249606502E8,3.0510704568603E8,2.0909,2.3478,2.3042,133.37,134.12,137.91,135.54,139.87,143.48,133.12,133.18,136.19,1809269.113,3327567.484,3771795.117,2.4298516955108E8,4.5291108426412E8,5.264912319802E8,892859,1633145,1877400,891018.315,1712601.556,1879675.868,1.1967826992305E8,2.331868655719E8,2.6246313966856E8,134.12,137.9,141.08,82.09,82.26,83.46,83.17,84.57,84.89,81.65,81.44,81.16,254059.572,427913.448,356122.443,2.094262934106E7,3.54281841277E7,2.971456625205E7,198257,292614,267979,120576.145,227631.212,186215.642,9941344.782,1.885171817835E7,1.555233141801E7,82.26,83.46,83.96,3127.11,3144.71,3224.99,3167.22,3265.66,3308.86,3118.75,3135.02,3183.27,181576.0686,382446.6618,412503.5066,5.70517585648554E8,1.219648843481487E9,1.340863819954255E9,2261499,5401982,5310071,94783.8698,188956.4336,204316.7995,2.97836974892677E8,6.02755810620799E8,6.64312441651169E8,3144.7,3224.99,3296.84,3168.72
2026-01-07T22:38:47,91529.74,93859.71,93747.97,94789.08,94444.44,93747.97,91514.81,91262.94,90675.52,20673.59584,18546.41829,14276.49025,1.927455243548076E9,1.728045542298375E9,1.3119069529749737E9,5485489,5018686,4340252,10892.9695,8108.82157,6714.86954,1.0158587519317029E9,7.559981933969632E8,6.168894661481977E8,93859.71,93747.97,91364.16,2.0908,2.3479,2.3042,2.3695,2.4172,2.3205,2.0877,2.2046,2.1517,2.103180253E8,2.703721081E8,1.156032777E8,4.6770799715885E8,6.2915417010637E8,2.576268866184E8,1982421,2585653,1456273,1.029855705E8,1.311875857E8,5.54927341E7,2.2898249606502E8,3.0510704568603E8,1.23612092295E8,2.3478,2.3042,2.1657,134.12,137.91,141.08,139.87,143.48,141.4,133.18,136.19,134.41,3327567.484,3771795.117,2321642.178,4.5291108426412E8,5.264912319802E8,3.1914044980578E8,1633145,1877400,1424664,1712601.556,1879675.868,1134923.82,2.331868655719E8,2.6246313966856E8,1.5599477950557E8,137.9,141.08,136.39,82.26,83.46,83.95,84.57,84.89,83.97,81.44,81.16,81,427913.448,356122.443,276546.003,3.54281841277E7,2.971456625205E7,2.276467176159E7,292614,267979,215839,227631.212,186215.642,138647.052,1.885171817835E7,1.555233141801E7,1.141797252911E7,83.46,83.96,81.71,3144.71,3224.99,3296.83,3265.66,3308.86,3296.84,3135.02,3183.27,3125.42,382446.6618,412503.5066,321350.1225,1.219648843481487E9,1.340863819954255E9,1.027448724687839E9,5401982,5310071,4839276,188956.4336,204316.7995,154644.9184,6.02755810620799E8,6.64312441651169E8,4.94179925689907E8,3224.99,3296.84,3168.72,3106.65
2026-01-08T22:38:47,93859.71,93747.97,91364.16,94444.44,93747.97,91687.99,91262.94,90675.52,89311,18546.41829,14276.49025,16132.79117,1.728045542298375E9,1.3119069529749737E9,1.4606225012073882E9,5018686,4340252,4923472,8108.82157,6714.86954,8192.07574,7.559981933969632E8,6.168894661481977E8,7.417686769751914E8,93747.97,91364.16,91099.99,2.3479,2.3042,2.1658,2.4172,2.3205,2.1925,2.2046,2.1517,2.0649,2.703721081E8,1.156032777E8,1.565360805E8,6.2915417010637E8,2.576268866184E8,3.3190887948803E8,2585653,1456273,1614939,1.311875857E8,5.54927341E7,7.39523255E7,3.0510704568603E8,1.23612092295E8,1.5705196518221E8,2.3042,2.1657,2.1232,137.91,141.08,136.39,143.48,141.4,140.07,136.19,134.41,132.67,3771795.117,2321642.178,3113437.835,5.264912319802E8,3.1914044980578E8,4.2521187306351E8,1877400,1424664,1555663,1879675.868,1134923.82,1570298.608,2.6246313966856E8,1.5599477950557E8,2.1466699943402E8,141.08,136.39,138.37,83.46,83.95,81.71,84.89,83.97,82.3,81.16,81,80,356122.443,276546.003,252290.561,2.971456625205E7,2.276467176159E7,2.045915881014E7,267979,215839,201660,186215.642,138647.052,134595.953,1.555233141801E7,1.141797252911E7,1.091608628297E7,83.96,81.71,81.31,3224.99,3296.83,3168.72,3308.86,3296.84,3184.39,3183.27,3125.42,3054.65,412503.5066,321350.1225,343616.1005,1.340863819954255E9,1.027448724687839E9,1.069846020042703E9,5310071,4839276,4982423,204316.7995,154644.9184,167834.9366,6.64312441651169E8,4.94179925689907E8,5.2245048402997E8,3296.84,3168.72,3106.65,3088.4
2026-01-09T22:38:47,93747.97,91364.16,91100,93747.97,91687.99,92082.55,90675.52,89311,89694.66,14276.49025,16132.79117,15590.27939,1.3119069529749737E9,1.4606225012073882E9,1.4169071801870482E9,4340252,4923472,4155703,6714.86954,8192.07574,8512.4327,6.168894661481977E8,7.417686769751914E8,7.739997392375336E8,91364.16,91099.99,90641.28,2.3042,2.1658,2.1232,2.3205,2.1925,2.1622,2.1517,2.0649,2.0727,1.156032777E8,1.565360805E8,1.17777092E8,2.576268866184E8,3.3190887948803E8,2.4879567465699E8,1456273,1614939,1257235,5.54927341E7,7.39523255E7,6.28194228E7,1.23612092295E8,1.5705196518221E8,1.3273346814568E8,2.1657,2.1232,2.0958,141.08,136.39,138.37,141.4,140.07,141.17,134.41,132.67,134.98,2321642.178,3113437.835,3778547.996,3.1914044980578E8,4.2521187306351E8,5.2267016273951E8,1424664,1555663,1559427,1134923.82,1570298.608,1915953.782,1.5599477950557E8,2.1466699943402E8,2.6515536455501E8,136.39,138.37,135.97,83.95,81.71,81.31,83.97,82.3,82.12,81,80,79.91,276546.003,252290.561,251572.162,2.276467176159E7,2.045915881014E7,2.042625169079E7,215839,201660,212437,138647.052,134595.953,122840.378,1.141797252911E7,1.091608628297E7,9977726.248,81.71,81.31,81.49,3296.83,3168.72,3106.66,3296.84,3184.39,3148.41,3125.42,3054.65,3058.69,321350.1225,343616.1005,274587.4533,1.027448724687839E9,1.069846020042703E9,8.51846982925553E8,4839276,4982423,4182570,154644.9184,167834.9366,137269.6714,4.94179925689907E8,5.2245048402997E8,4.2601119868438E8,3168.72,3106.65,3088.4,3086.72
2026-01-10T22:38:47,91364.16,91100,90641.27,91687.99,92082.55,90832,89311,89694.66,90404,16132.79117,15590.27939,3104.11722,1.4606225012073882E9,1.4169071801870482E9,2.813213754802981E8,4923472,4155703,766357,8192.07574,8512.4327,1551.97383,7.417686769751914E8,7.739997392375336E8,1.406647594095869E8,91099.99,90641.28,90504.7,2.1658,2.1232,2.0958,2.1925,2.1622,2.1106,2.0649,2.0727,2.0806,1.565360805E8,1.17777092E8,3.15899813E7,3.3190887948803E8,2.4879567465699E8,6.61599548428E7,1614939,1257235,342381,7.39523255E7,6.28194228E7,1.64267838E7,1.5705196518221E8,1.3273346814568E8,3.440532603078E7,2.1232,2.0958,2.0907,136.39,138.37,135.96,140.07,141.17,137.05,132.67,134.98,135.37,3113437.835,3778547.996,1000837.004,4.2521187306351E8,5.2267016273951E8,1.3634633079801E8,1555663,1559427,419628,1570298.608,1915953.782,495750.86,2.1466699943402E8,2.6515536455501E8,6.755549287677E7,138.37,135.97,135.84,81.71,81.31,81.48,82.3,82.12,82.42,80,79.91,80.8,252290.561,251572.162,149346.699,2.045915881014E7,2.042625169079E7,1.217168464394E7,201660,212437,114583,134595.953,122840.378,75483.876,1.091608628297E7,9977726.248,6151851.54,81.31,81.49,81.19,3168.72,3106.66,3088.4,3184.39,3148.41,3104.12,3054.65,3058.69,3077.99,343616.1005,274587.4533,82341.0546,1.069846020042703E9,8.51846982925553E8,2.54495724002643E8,4982423,4182570,881069,167834.9366,137269.6714,44689.1628,5.2245048402997E8,4.2601119868438E8,1.38130908825049E8,3106.65,3088.4,3086.72,3123.45
2026-01-11T22:38:47,91100,90641.27,90504.7,92082.55,90832,91283.89,89694.66,90404,90236,15590.27939,3104.11722,5477.13594,1.4169071801870482E9,2.813213754802981E8,4.972458639319499E8,4155703,766357,1282029,8512.4327,1551.97383,2868.36168,7.739997392375336E8,1.406647594095869E8,2.604477068088716E8,90641.28,90504.7,91013.65,2.1232,2.0958,2.0907,2.1622,2.1106,2.11,2.0727,2.0806,2.045,1.17777092E8,3.15899813E7,5.05455782E7,2.4879567465699E8,6.61599548428E7,1.0526858116162E8,1257235,342381,497144,6.28194228E7,1.64267838E7,2.62870992E7,1.3273346814568E8,3.440532603078E7,5.476164019158E7,2.0958,2.0907,2.0745,138.37,135.96,135.85,141.17,137.05,141.6,134.98,135.37,135.75,3778547.996,1000837.004,2209913.206,5.2267016273951E8,1.3634633079801E8,3.0618540675845E8,1559427,419628,857832,1915953.782,495750.86,1211661.371,2.6515536455501E8,6.755549287677E7,1.678431830615E8,135.97,135.84,139.7,81.31,81.48,81.19,82.12,82.42,81.78,79.91,80.8,78.53,251572.162,149346.699,323460.486,2.042625169079E7,1.217168464394E7,2.604273085723E7,212437,114583,185897,122840.378,75483.876,147616.204,9977726.248,6151851.54,1.189533902071E7,81.49,81.19,78.79,3106.66,3088.4,3086.72,3148.41,3104.12,3147.27,3058.69,3077.99,3084.46,274587.4533,82341.0546,149381.2965,8.51846982925553E8,2.54495724002643E8,4.65227647583002E8,4182570,881069,1522502,137269.6714,44689.1628,77521.2191,4.2601119868438E8,1.38130908825049E8,2.41470651783173E8,3088.4,3086.72,3123.45,3095.75
2026-01-12T22:38:47,90641.27,90504.7,91013.66,90832,91283.89,92519.95,90404,90236,90128.44,3104.11722,5477.13594,16188.08268,2.813213754802981E8,4.972458639319499E8,1.4799648622693064E9,766357,1282029,4099509,1551.97383,2868.36168,8092.5428,1.406647594095869E8,2.604477068088716E8,7.400048001807222E8,90504.7,91013.65,91296.2,2.0958,2.0907,2.0745,2.1106,2.11,2.1086,2.0806,2.045,2.035,3.15899813E7,5.05455782E7,1.101400383E8,6.61599548428E7,1.0526858116162E8,2.2789478465359E8,342381,497144,1077404,1.64267838E7,2.62870992E7,4.90226195E7,3.440532603078E7,5.476164019158E7,1.0143548666429E8,2.0907,2.0745,2.054,135.96,135.85,139.69,137.05,141.6,144.4,135.37,135.75,138.34,1000837.004,2209913.206,4160120.091,1.3634633079801E8,3.0618540675845E8,5.875597100406E8,419628,857832,1815385,495750.86,1211661.371,2063458.502,6.755549287677E7,1.678431830615E8,2.9142640576436E8,135.84,139.7,139.22,81.48,81.19,78.79,82.42,81.78,80.75,80.8,78.53,75.6,149346.699,323460.486,766104.643,1.217168464394E7,2.604273085723E7,5.936726401696E7,114583,185897,412265,75483.876,147616.204,321481.898,6151851.54,1.189533902071E7,2.492940311918E7,81.19,78.79,76.12,3088.4,3086.72,3123.46,3104.12,3147.27,3171.49,3077.99,3084.46,3065.55,82341.0546,149381.2965,297373.4681,2.54495724002643E8,4.65227647583002E8,9.28024542296001E8,881069,1522502,4303605,44689.1628,77521.2191,145169.9489,1.38130908825049E8,2.41470651783173E8,4.53140052754557E8,3086.72,3123.45,3095.75,3325.82
2026-01-13T22:38:47,90504.7,91013.66,91296.2,91283.89,92519.95,96495,90236,90128.44,91042.66,5477.13594,16188.08268,23021.51482,4.972458639319499E8,1.4799648622693064E9,2.149770801117704E9,1282029,4099509,5025071,2868.36168,8092.5428,12405.23056,2.604477068088716E8,7.400048001807222E8,1.159067162248983E9,91013.65,91296.2,95414,2.0907,2.0745,2.0541,2.11,2.1086,2.185,2.045,2.035,2.0474,5.05455782E7,1.101400383E8,1.133740063E8,1.0526858116162E8,2.2789478465359E8,2.3879313174914E8,497144,1077404,1132317,2.62870992E7,4.90226195E7,5.37605548E7,5.476164019158E7,1.0143548666429E8,1.1331111058111E8,2.0745,2.054,2.1655,135.85,139.69,139.21,141.6,144.4,148.74,135.75,138.34,137.82,2209913.206,4160120.091,4195082.468,3.0618540675845E8,5.875597100406E8,5.9871314938546E8,857832,1815385,1781041,1211661.371,2063458.502,2143169.55,1.678431830615E8,2.9142640576436E8,3.060189055112E8,139.7,139.22,145.51,81.19,78.79,76.11,81.78,80.75,78.95,78.53,75.6,75.26,323460.486,766104.643,1092209.996,2.604273085723E7,5.936726401696E7,8.387936901916E7,185897,412265,584044,147616.204,321481.898,463017.883,1.189533902071E7,2.492940311918E7,3.559331796549E7,78.79,76.12,78.18,3086.72,3123.46,3095.75,3147.27,3171.49,3367.79,3084.46,3065.55,3091.96,149381.2965,297373.4681,457782.2816,4.65227647583002E8,9.28024542296001E8,1.470983302124877E9,1522502,4303605,4876916,77521.2191,145169.9489,239733.9448,2.41470651783173E8,4.53140052754557E8,7.69970312592286E8,3123.45,3095.75,3325.82,3354.92
2026-01-14T22:38:47,91013.66,91296.2,95413.99,92519.95,96495,97924.49,90128.44,91042.66,94559.28,16188.08268,23021.51482,22851.89428,1.4799648622693064E9,2.149770801117704E9,2.201535821648615E9,4099509,5025071,5346212,8092.5428,12405.23056,11974.98829,7.400048001807222E8,1.159067162248983E9,1.154415462597303E9,91296.2,95414,96951.78,2.0745,2.0541,2.1656,2.1086,2.185,2.1924,2.035,2.0474,2.1116,1.101400383E8,1.133740063E8,1.350016035E8,2.2789478465359E8,2.3879313174914E8,2.9054164835856E8,1077404,1132317,1229087,4.90226195E7,5.37605548E7,6.35054748E7,1.0143548666429E8,1.1331111058111E8,1.3672499888321E8,2.054,2.1655,2.1394,139.69,139.21,145.52,144.4,148.74,148.44,138.34,137.82,143.37,4160120.091,4195082.468,3695077.378,5.875597100406E8,5.9871314938546E8,5.3908819785762E8,1815385,1781041,1481363,2063458.502,2143169.55,1801988.737,2.9142640576436E8,3.060189055112E8,2.6289975478901E8,139.22,145.51,146.69,78.79,76.11,78.17,80.75,78.95,80.97,75.6,75.26,75.8,766104.643,1092209.996,1728520.677,5.936726401696E7,8.387936901916E7,1.3563344562117E8,412265,584044,668483,321481.898,463017.883,779366.213,2.492940311918E7,3.559331796549E7,6.125928433288E7,76.12,78.18,76.67,3123.46,3095.75,3325.83,3171.49,3367.79,3402.89,3065.55,3091.96,3280.48,297373.4681,457782.2816,503440.0759,9.28024542296001E8,1.470983302124877E9,1.682648500339798E9,4303605,4876916,5351410,145169.9489,239733.9448,242601.2111,4.53140052754557E8,7.69970312592286E8,8.11091133793289E8,3095.75,3325.82,3354.92,3318.69
2026-01-15T22:38:47,91296.2,95413.99,96951.78,96495,97924.49,97193.34,91042.66,94559.28,95134.48,23021.51482,22851.89428,21725.81369,2.149770801117704E9,2.201535821648615E9,2.0930081828437335E9,5025071,5346212,4493095,12405.23056,11974.98829,10841.32767,1.159067162248983E9,1.154415462597303E9,1.0451030631114848E9,95414,96951.78,95604.8,2.0541,2.1656,2.1393,2.185,2.1924,2.1434,2.0474,2.1116,2.0532,1.133740063E8,1.350016035E8,8.96396837E7,2.3879313174914E8,2.9054164835856E8,1.8794504068501E8,1132317,1229087,904219,5.37605548E7,6.35054748E7,4.64601369E7,1.1331111058111E8,1.3672499888321E8,9.738890672337E7,2.1655,2.1394,2.0789,139.21,145.52,146.7,148.74,148.44,146.73,137.82,143.37,140.9,4195082.468,3695077.378,2462143.139,5.9871314938546E8,5.3908819785762E8,3.5414972574563E8,1781041,1481363,1301300,2143169.55,1801988.737,1160862.142,3.060189055112E8,2.6289975478901E8,1.6700068509015E8,145.51,146.69,142.4,76.11,78.17,76.66,78.95,80.97,76.92,75.26,75.8,69.46,1092209.996,1728520.677,1503254.414,8.387936901916E7,1.3563344562117E8,1.112144913774E8,584044,668483,621073,463017.883,779366.213,697641.406,3.559331796549E7,6.125928433288E7,5.1594861454E7,78.18,76.67,72.21,3095.75,3325.83,3354.92,3367.79,3402.89,3384.19,3091.96,3280.48,3273.72,457782.2816,503440.0759,389993.836,1.470983302124877E9,1.682648500339798E9,1.29662825056622E9,4876916,5351410,4766390,239733.9448,242601.2111,182106.0811,7.69970312592286E8,8.11091133793289E8,6.05761505416469E8,3325.82,3354.92,3318.69,3296.28
2026-01-16T22:38:47,95413.99,96951.78,95604.81,97924.49,97193.34,95871.47,94559.28,95134.48,94293.46,22851.89428,21725.81369,11167.7146,2.201535821648615E9,2.0930081828437335E9,1.0640194080772514E9,5346212,4493095,2971559,11974.98829,10841.32767,5055.06952,1.154415462597303E9,1.0451030631114848E9,4.817231780814679E8,96951.78,95604.8,95550.94,2.1656,2.1393,2.0789,2.1924,2.1434,2.0866,2.1116,2.0532,2.0263,1.350016035E8,8.96396837E7,6.08946195E7,2.9054164835856E8,1.8794504068501E8,1.2541235552278E8,1229087,904219,627484,6.35054748E7,4.64601369E7,2.80317239E7,1.3672499888321E8,9.738890672337E7,5.772845137623E7,2.1394,2.0789,2.0678,145.52,146.7,142.41,148.44,146.73,145.55,143.37,140.9,140.26,3695077.378,2462143.139,1900879.026,5.3908819785762E8,3.5414972574563E8,2.7175894958215E8,1481363,1301300,1014424,1801988.737,1160862.142,919897.252,2.6289975478901E8,1.6700068509015E8,1.3158612751626E8,146.69,142.4,144.89,78.17,76.66,72.21,80.97,76.92,76.07,75.8,69.46,70.92,1728520.677,1503254.414,846767.044,1.3563344562117E8,1.112144913774E8,6.177478763465E7,668483,621073,387288,779366.213,697641.406,416278.641,6.125928433288E7,5.1594861454E7,3.040645559418E7,76.67,72.21,75.22,3325.83,3354.92,3318.7,3402.89,3384.19,3326.79,3280.48,3273.72,3253.01,503440.0759,389993.836,223921.7876,1.682648500339798E9,1.29662825056622E9,7.37278508749833E8,5351410,4766390,3528248,242601.2111,182106.0811,109159.1615,8.11091133793289E8,6.05761505416469E8,3.59334304757938E8,3354.92,3318.69,3296.28,3310.56
2026-01-17T22:38:47,96951.78,95604.81,95550.94,97193.34,95871.47,95639.45,95134.48,94293.46,95021.67,21725.81369,11167.7146,4280.80137,2.0930081828437335E9,1.0640194080772514E9,4.081619416719079E8,4493095,2971559,1020527,10841.32767,5055.06952,2059.85283,1.0451030631114848E9,4.817231780814679E8,1.963990759709701E8,95604.8,95550.94,95147.77,2.1393,2.0789,2.0678,2.1434,2.0866,2.0834,2.0532,2.0263,2.0536,8.96396837E7,6.08946195E7,3.11384549E7,1.8794504068501E8,1.2541235552278E8,6.439468522584E7,904219,627484,315864,4.64601369E7,2.80317239E7,1.5393704E7,9.738890672337E7,5.772845137623E7,3.183894079232E7,2.0789,2.0678,2.0631,146.7,142.41,144.9,146.73,145.55,144.99,140.9,140.26,143.32,2462143.139,1900879.026,835154.761,3.5414972574563E8,2.7175894958215E8,1.2039044512905E8,1301300,1014424,392089,1160862.142,919897.252,412414.642,1.6700068509015E8,1.3158612751626E8,5.943611422214E7,142.4,144.89,143.72,76.66,72.21,75.21,76.92,76.07,75.99,69.46,70.92,73.84,1503254.414,846767.044,327149.181,1.112144913774E8,6.177478763465E7,2.44623847155E7,621073,387288,186780,697641.406,416278.641,164597.182,5.1594861454E7,3.040645559418E7,1.231064736398E7,72.21,75.22,74.92,3354.92,3318.7,3296.28,3384.19,3326.79,3330.26,3273.72,3253.01,3283.96,389993.836,223921.7876,124325.0303,1.29662825056622E9,7.37278508749833E8,4.1150886839151E8,4766390,3528248,1229614,182106.0811,109159.1615,68643.5852,6.05761505416469E8,3.59334304757938E8,2.27299910454937E8,3318.69,3296.28,3310.56,3284.03
2026-01-18T22:38:47,95604.81,95550.94,95147.77,95871.47,95639.45,95531.12,94293.46,95021.67,93615.4,11167.7146,4280.80137,6895.17819,1.0640194080772514E9,4.081619416719079E8,6.547737432677118E8,2971559,1020527,1488785,5055.06952,2059.85283,3107.35604,4.817231780814679E8,1.963990759709701E8,2.952177628212793E8,95550.94,95147.77,93673.14,2.0789,2.0678,2.0632,2.0866,2.0834,2.0679,2.0263,2.0536,1.9861,6.08946195E7,3.11384549E7,4.65066977E7,1.2541235552278E8,6.439468522584E7,9.479874369225E7,627484,315864,474109,2.80317239E7,1.5393704E7,2.21074542E7,5.772845137623E7,3.183894079232E7,4.505505602994E7,2.0678,2.0631,1.9914,142.41,144.9,143.73,145.55,144.99,144,140.26,143.32,137.74,1900879.026,835154.761,1877438.698,2.7175894958215E8,1.2039044512905E8,2.6641701122107E8,1014424,392089,712971,919897.252,412414.642,837209.507,1.3158612751626E8,5.943611422214E7,1.1886573774182E8,144.89,143.72,137.87,72.21,75.21,74.92,76.07,75.99,75.9,70.92,73.84,72.1,846767.044,327149.181,377184.548,6.177478763465E7,2.44623847155E7,2.817082905366E7,387288,186780,239459,416278.641,164597.182,196115.06,3.040645559418E7,1.231064736398E7,1.466021646181E7,75.22,74.92,72.29,3318.7,3296.28,3310.56,3326.79,3330.26,3368.82,3253.01,3283.96,3278.86,223921.7876,124325.0303,173354.3026,7.37278508749833E8,4.1150886839151E8,5.76301516530256E8,3528248,1229614,2227452,109159.1615,68643.5852,93056.7992,3.59334304757938E8,2.27299910454937E8,3.09424972081588E8,3296.28,3310.56,3284.03,3189.55
2026-01-19T22:38:47,95550.94,95147.77,93673.14,95639.45,95531.12,93673.14,95021.67,93615.4,91910.2,4280.80137,6895.17819,14295.52747,4.081619416719079E8,6.547737432677118E8,1.326770336049047E9,1020527,1488785,3359066,2059.85283,3107.35604,6906.84245,1.963990759709701E8,2.952177628212793E8,6.409810048958122E8,95147.77,93673.14,92631,2.0678,2.0632,1.9914,2.0834,2.0679,2.0299,2.0536,1.9861,1.847,3.11384549E7,4.65066977E7,1.593499007E8,6.439468522584E7,9.479874369225E7,3.1242798103306E8,315864,474109,1183988,1.5393704E7,2.21074542E7,7.90856444E7,3.183894079232E7,4.505505602994E7,1.5508268404275E8,2.0631,1.9914,1.986,144.9,143.73,137.87,144.99,144,137.87,143.32,137.74,130,835154.761,1877438.698,2972524.77,1.2039044512905E8,2.6641701122107E8,3.9776601410622E8,392089,712971,1113535,412414.642,837209.507,1483332.486,5.943611422214E7,1.1886573774182E8,1.9847914456028E8,143.72,137.87,133.44,75.21,74.92,72.28,75.99,75.9,72.28,73.84,72.1,65.58,327149.181,377184.548,993480.913,2.44623847155E7,2.817082905366E7,6.941575432641E7,186780,239459,463491,164597.182,196115.06,484909.33,1.231064736398E7,1.466021646181E7,3.387400379684E7,74.92,72.29,70.8,3296.28,3310.56,3284.04,3330.26,3368.82,3284.58,3283.96,3278.86,3165.38,124325.0303,173354.3026,442540.5596,4.1150886839151E8,5.76301516530256E8,1.421588263898261E9,1229614,2227452,4406164,68643.5852,93056.7992,225707.6739,2.27299910454937E8,3.09424972081588E8,7.25130247584568E8,3310.56,3284.03,3189.55,2939.88
2026-01-20T22:38:47,95147.77,93673.14,92630.99,95531.12,93673.14,92870,93615.4,91910.2,87895.98,6895.17819,14295.52747,22007.3261,6.547737432677118E8,1.326770336049047E9,1.9896766685941782E9,1488785,3359066,6064031,3107.35604,6906.84245,9629.19624,2.952177628212793E8,6.409810048958122E8,8.709364241390942E8,93673.14,92631,88427.66,2.0632,1.9914,1.9861,2.0679,2.0299,1.9909,1.9861,1.847,1.87,4.65066977E7,1.593499007E8,1.27376122E8,9.479874369225E7,3.1242798103306E8,2.4562544778919E8,474109,1183988,1219786,2.21074542E7,7.90856444E7,6.84579919E7,4.505505602994E7,1.5508268404275E8,1.3197194045728E8,1.9914,1.986,1.89,143.73,137.87,133.44,144,137.87,134.63,137.74,130,124.68,1877438.698,2972524.77,3532423.88,2.6641701122107E8,3.9776601410622E8,4.5620036019412E8,712971,1113535,1665250,837209.507,1483332.486,1594052.788,1.1886573774182E8,1.9847914456028E8,2.0596608347806E8,137.87,133.44,125.8,74.92,72.28,70.79,75.9,72.28,71.05,72.1,65.58,65.9,377184.548,993480.913,699879.344,2.817082905366E7,6.941575432641E7,4.803441897831E7,239459,463491,412612,196115.06,484909.33,330248.217,1.466021646181E7,3.387400379684E7,2.266874151377E7,72.29,70.8,67.12,3310.56,3284.04,3189.56,3368.82,3284.58,3200.5,3278.86,3165.38,2920,173354.3026,442540.5596,518166.4787,5.76301516530256E8,1.421588263898261E9,1.58697302680606E9,2227452,4406164,7228638,93056.7992,225707.6739,251605.1302,3.09424972081588E8,7.25130247584568E8,7.70975910793193E8,3284.03,3189.55,2939.88,2982.27
2026-01-21T22:38:47,93673.14,92630.99,88427.66,93673.14,92870,90574,91910.2,87895.98,87263.53,14295.52747,22007.3261,20617.50372,1.326770336049047E9,1.9896766685941782E9,1.8377081153597033E9,3359066,6064031,6419053,6906.84245,9629.19624,10265.21302,6.409810048958122E8,8.709364241390942E8,9.155317510822006E8,92631,88427.66,89454.73,1.9914,1.9861,1.89,2.0299,1.9909,1.9907,1.847,1.87,1.8712,1.593499007E8,1.27376122E8,1.478421355E8,3.1242798103306E8,2.4562544778919E8,2.8411149909742E8,1183988,1219786,1442942,7.90856444E7,6.84579919E7,7.18482828E7,1.5508268404275E8,1.3197194045728E8,1.3809009663842E8,1.986,1.89,1.9476,137.87,133.44,125.81,137.87,134.63,132.17,130,124.68,125.26,2972524.77,3532423.88,3161736.36,3.9776601410622E8,4.5620036019412E8,4.0672765632141E8,1113535,1665250,1568002,1483332.486,1594052.788,1657610.92,1.9847914456028E8,2.0596608347806E8,2.1333253925012E8,133.44,125.8,129.54,72.28,70.79,67.12,72.28,71.05,69.71,65.58,65.9,66.03,993480.913,699879.344,677970.362,6.941575432641E7,4.803441897831E7,4.61364038906E7,463491,412612,350685,484909.33,330248.217,351262.332,3.387400379684E7,2.266874151377E7,2.389224398426E7,70.8,67.12,68.48,3284.04,3189.56,2939.88,3284.58,3200.5,3069.07,3165.38,2920,2866.11,442540.5596,518166.4787,577800.2481,1.421588263898261E9,1.58697302680606E9,1.712903183812053E9,4406164,7228638,8064316,225707.6739,251605.1302,296961.807,7.25130247584568E8,7.70975910793193E8,8.80621251790689E8,3189.55,2939.88,2982.27,2952.69
2026-01-22T22:38:47,92630.99,88427.66,89454.73,92870,90574,90359.99,87895.98,87263.53,88515.37,22007.3261,20617.50372,10825.50492,1.9896766685941782E9,1.8377081153597033E9,9.699106233559886E8,6064031,6419053,3743412,9629.19624,10265.21302,5529.54766,8.709364241390942E8,9.155317510822006E8,4.955984905227897E8,88427.66,89454.73,89559.67,1.9861,1.89,1.9475,1.9909,1.9907,1.9679,1.87,1.8712,1.9016,1.27376122E8,1.478421355E8,6.16274449E7,2.4562544778919E8,2.8411149909742E8,1.193940590727E8,1219786,1442942,660686,6.84579919E7,7.18482828E7,3.0128653E7,1.3197194045728E8,1.3809009663842E8,5.836088905984E7,1.89,1.9476,1.9236,133.44,125.81,129.53,134.63,132.17,130.94,124.68,125.26,126.73,3532423.88,3161736.36,1811586.462,4.5620036019412E8,4.0672765632141E8,2.3357068782335E8,1665250,1568002,1016749,1594052.788,1657610.92,905017.042,2.0596608347806E8,2.1333253925012E8,1.1676137693617E8,125.8,129.54,128.47,70.79,67.12,68.48,71.05,69.71,69.65,65.9,66.03,67.06,699879.344,677970.362,400973.972,4.803441897831E7,4.61364038906E7,2.742080486786E7,412612,350685,213870,330248.217,351262.332,200806.924,2.266874151377E7,2.389224398426E7,1.373431433463E7,67.12,68.48,68.19,3189.56,2939.88,2982.28,3200.5,3069.07,3038.33,2920,2866.11,2906.02,518166.4787,577800.2481,291660.7349,1.58697302680606E9,1.712903183812053E9,8.67206892239138E8,7228638,8064316,4696521,251605.1302,296961.807,144410.7947,7.70975910793193E8,8.80621251790689E8,4.29371629050317E8,2939.88,2982.27,2952.69,2956.41
2026-01-23T22:38:47,88427.66,89454.73,89559.68,90574,90359.99,91224.99,87263.53,88515.37,88578.36,20617.50372,10825.50492,13918.48919,1.8377081153597033E9,9.699106233559886E8,1.248772265678843E9,6419053,3743412,4619907,10265.21302,5529.54766,6911.17668,9.155317510822006E8,4.955984905227897E8,6.20204414132354E8,89454.73,89559.67,89600.26,1.89,1.9475,1.9237,1.9907,1.9679,1.9656,1.8712,1.9016,1.8873,1.478421355E8,6.16274449E7,7.60767069E7,2.8411149909742E8,1.193940590727E8,1.4621301514371E8,1442942,660686,774360,7.18482828E7,3.0128653E7,3.50627015E7,1.3809009663842E8,5.836088905984E7,6.736162022741E7,1.9476,1.9236,1.9196,125.81,129.53,128.47,132.17,130.94,130.2,125.26,126.73,125.28,3161736.36,1811586.462,2044063.077,4.0672765632141E8,2.3357068782335E8,2.6124394398141E8,1568002,1016749,1068593,1657610.92,905017.042,1074378.357,2.1333253925012E8,1.1676137693617E8,1.3735025013854E8,129.54,128.47,127.43,67.12,68.48,68.2,69.71,69.65,69.6,66.03,67.06,66.98,677970.362,400973.972,391555.321,4.61364038906E7,2.742080486786E7,2.678312336337E7,350685,213870,225325,351262.332,200806.924,202035.793,2.389224398426E7,1.373431433463E7,1.382911794474E7,68.48,68.19,68.07,2939.88,2982.28,2952.7,3069.07,3038.33,3019.26,2866.11,2906.02,2892.4,577800.2481,291660.7349,318415.3317,1.712903183812053E9,8.67206892239138E8,9.39757975669515E8,8064316,4696521,5479038,296961.807,144410.7947,159251.2529,8.80621251790689E8,4.29371629050317E8,4.70264718669184E8,2982.27,2952.69,2956.41,2953.22
2026-01-24T22:38:47,89454.73,89559.68,89600.26,90359.99,91224.99,89957.39,88515.37,88578.36,89162.08,10825.50492,13918.48919,4226.56737,9.699106233559886E8,1.248772265678843E9,3.784641460918812E8,3743412,4619907,959854,5529.54766,6911.17668,1835.96939,4.955984905227897E8,6.20204414132354E8,1.644011934396937E8,89559.67,89600.26,89225.34,1.9475,1.9237,1.9197,1.9679,1.9656,1.9276,1.9016,1.8873,1.91,6.16274449E7,7.60767069E7,2.71599999E7,1.193940590727E8,1.4621301514371E8,5.212782862802E7,660686,774360,221237,3.0128653E7,3.50627015E7,1.14368261E7,5.836088905984E7,6.736162022741E7,2.194931010698E7,1.9236,1.9196,1.9143,129.53,128.47,127.43,130.94,130.2,128.12,126.73,125.28,126.64,1811586.462,2044063.077,807419.995,2.3357068782335E8,2.6124394398141E8,1.0280490833679E8,1016749,1068593,331896,905017.042,1074378.357,367986.146,1.1676137693617E8,1.3735025013854E8,4.685811834194E7,128.47,127.43,127.21,68.48,68.2,68.07,69.65,69.6,68.98,67.06,66.98,67.75,400973.972,391555.321,180394.712,2.742080486786E7,2.678312336337E7,1.233235434648E7,213870,225325,107362,200806.924,202035.793,90881.014,1.373431433463E7,1.382911794474E7,6213931.278,68.19,68.07,68.19,2982.28,2952.7,2956.41,3038.33,3019.26,2970.41,2906.02,2892.4,2943.84,291660.7349,318415.3317,92082.9039,8.67206892239138E8,9.39757975669515E8,2.72517275860426E8,4696521,5479038,1185149,144410.7947,159251.2529,41483.2107,4.29371629050317E8,4.70264718669184E8,1.22751060758119E8,2952.69,2956.41,2953.22,2816.89
2026-01-25T22:38:47,89559.68,89600.26,89225.34,91224.99,89957.39,89319.13,88578.36,89162.08,86074.72,13918.48919,4226.56737,14426.22019,1.248772265678843E9,3.784641460918812E8,1.264233689841581E9,4619907,959854,3720178,6911.17668,1835.96939,6269.27657,6.20204414132354E8,1.644011934396937E8,5.493045845673954E8,89600.26,89225.34,86670.36,1.9237,1.9197,1.9143,1.9656,1.9276,1.9168,1.8873,1.91,1.8111,7.60767069E7,2.71599999E7,9.15331103E7,1.4621301514371E8,5.212782862802E7,1.6988344784291E8,774360,221237,818265,3.50627015E7,1.14368261E7,4.32186369E7,6.736162022741E7,2.194931010698E7,8.018853236239E7,1.9196,1.9143,1.8356,128.47,127.43,127.22,130.2,128.12,127.46,125.28,126.64,117.15,2044063.077,807419.995,4540879.449,2.6124394398141E8,1.0280490833679E8,5.4916453009031E8,1068593,331896,1232391,1074378.357,367986.146,2403987.331,1.3735025013854E8,4.685811834194E7,2.8986838606575E8,127.43,127.21,118.85,68.2,68.07,68.2,69.6,68.98,70.36,66.98,67.75,65.23,391555.321,180394.712,627760.546,2.678312336337E7,1.233235434648E7,4.273008141703E7,225325,107362,359726,202035.793,90881.014,297380.743,1.382911794474E7,6213931.278,2.025862355439E7,68.07,68.19,67.3,2952.7,2956.41,2953.23,3019.26,2970.41,2960.29,2892.4,2943.84,2787,318415.3317,92082.9039,380186.5326,9.39757975669515E8,2.72517275860426E8,1.088137895952771E9,5479038,1185149,4637787,159251.2529,41483.2107,165133.7717,4.70264718669184E8,1.22751060758119E8,4.73021399881065E8,2956.41,2953.22,2816.89,2930.35
2026-01-26T22:38:47,89600.26,89225.34,86670.36,89957.39,89319.13,88860,89162.08,86074.72,86509.63,4226.56737,14426.22019,17766.51453,3.784641460918812E8,1.264233689841581E9,1.560135758989215E9,959854,3720178,4798083,1835.96939,6269.27657,9428.94206,1.644011934396937E8,5.493045845673954E8,8.279143906949898E8,89225.34,86670.36,88347.08,1.9197,1.9143,1.8356,1.9276,1.9168,1.946,1.91,1.8111,1.8331,2.71599999E7,9.15331103E7,1.044811536E8,5.212782862802E7,1.6988344784291E8,1.9835923249118E8,221237,818265,973413,1.14368261E7,4.32186369E7,4.75615965E7,2.194931010698E7,8.018853236239E7,9.034692299693E7,1.9143,1.8356,1.9041,127.43,127.22,118.85,128.12,127.46,125.6,126.64,117.15,118.53,807419.995,4540879.449,2355751.363,1.0280490833679E8,5.4916453009031E8,2.8976765639401E8,331896,1232391,1187889,367986.146,2403987.331,1159271.555,4.685811834194E7,2.8986838606575E8,1.4256489485725E8,127.21,118.85,124.24,68.07,68.2,67.29,68.98,70.36,70.11,67.75,65.23,66.97,180394.712,627760.546,427828.099,1.233235434648E7,4.273008141703E7,2.940332893255E7,107362,359726,255346,90881.014,297380.743,224179.071,6213931.278,2.025862355439E7,1.54089468639E7,68.19,67.3,69.72,2956.41,2953.23,2816.9,2970.41,2960.29,2951.21,2943.84,2787,2812.37,92082.9039,380186.5326,485169.3372,2.72517275860426E8,1.088137895952771E9,1.405058143578595E9,1185149,4637787,5933570,41483.2107,165133.7717,239396.1448,1.22751060758119E8,4.73021399881065E8,6.93731253124194E8,2953.22,2816.89,2930.35,3026.77
2026-01-27T22:38:47,89225.34,86670.36,88347.08,89319.13,88860,89523.16,86074.72,86509.63,87304.33,14426.22019,17766.51453,13125.40425,1.264233689841581E9,1.560135758989215E9,1.1600268535895033E9,3720178,4798083,3787336,6269.27657,9428.94206,6722.86937,5.493045845673954E8,8.279143906949898E8,5.943885960572797E8,86670.36,88347.08,89250,1.9143,1.8356,1.9042,1.9168,1.946,1.9295,1.8111,1.8331,1.8741,9.15331103E7,1.044811536E8,6.46198271E7,1.6988344784291E8,1.9835923249118E8,1.2289303708238E8,818265,973413,684052,4.32186369E7,4.75615965E7,3.25977601E7,8.018853236239E7,9.034692299693E7,6.198296053639E7,1.8356,1.9041,1.9158,127.22,118.85,124.24,127.46,125.6,127.84,117.15,118.53,123.12,4540879.449,2355751.363,2036509.042,5.4916453009031E8,2.8976765639401E8,2.5504782637975E8,1232391,1187889,1006079,2403987.331,1159271.555,1012080.68,2.8986838606575E8,1.4256489485725E8,1.2676980388212E8,118.85,124.24,127.19,68.2,67.29,69.73,70.36,70.11,70.49,65.23,66.97,68.64,627760.546,427828.099,325716.599,4.273008141703E7,2.940332893255E7,2.267927571174E7,359726,255346,203658,297380.743,224179.071,164010.615,2.025862355439E7,1.54089468639E7,1.142162645922E7,67.3,69.72,70.03,2953.23,2816.9,2930.35,2960.29,2951.21,3035.08,2787,2812.37,2899.77,380186.5326,485169.3372,478792.3988,1.088137895952771E9,1.405058143578595E9,1.416537368433361E9,4637787,5933570,5278439,165133.7717,239396.1448,229630.1728,4.73021399881065E8,6.93731253124194E8,6.79191460936592E8,2816.89,2930.35,3026.77,3010.78
2026-01-28T22:38:47,86670.36,88347.08,89249.99,88860,89523.16,90600,86509.63,87304.33,88833.65,17766.51453,13125.40425,14332.18502,1.560135758989215E9,1.1600268535895033E9,1.283919840851472E9,4798083,3787336,4385791,9428.94206,6722.86937,7015.44336,8.279143906949898E8,5.943885960572797E8,6.287610313151364E8,88347.08,89250,89299.99,1.8356,1.9042,1.9157,1.946,1.9295,1.9427,1.8331,1.8741,1.8944,1.044811536E8,6.46198271E7,6.74258585E7,1.9835923249118E8,1.2289303708238E8,1.2926798188222E8,973413,684052,726865,4.75615965E7,3.25977601E7,3.04402803E7,9.034692299693E7,6.198296053639E7,5.835182850214E7,1.9041,1.9158,1.9111,118.85,124.24,127.18,125.6,127.84,128.34,118.53,123.12,124.78,2355751.363,2036509.042,1997863.528,2.8976765639401E8,2.5504782637975E8,2.5293365986287E8,1187889,1006079,1065285,1159271.555,1012080.68,990296.273,1.4256489485725E8,1.2676980388212E8,1.2537115637357E8,124.24,127.19,125.35,67.29,69.73,70.03,70.11,70.49,70.31,66.97,68.64,68.42,427828.099,325716.599,301017.18,2.940332893255E7,2.267927571174E7,2.091544764431E7,255346,203658,204313,224179.071,164010.615,149375.398,1.54089468639E7,1.142162645922E7,1.038127040277E7,69.72,70.03,69.42,2816.9,2930.35,3026.77,2951.21,3035.08,3045.78,2812.37,2899.77,2983.67,485169.3372,478792.3988,296607.6549,1.405058143578595E9,1.416537368433361E9,8.94057677740365E8,5933570,5278439,5061029,239396.1448,229630.1728,154557.6064,6.93731253124194E8,6.79191460936592E8,4.6594630594887E8,2930.35,3026.77,3010.78,2822.59
2026-01-29T22:38:47,88347.08,89249.99,89300,89523.16,90600,89348,87304.33,88833.65,83383.33,13125.40425,14332.18502,30431.38201,1.1600268535895033E9,1.283919840851472E9,2.6103815879100037E9,3787336,4385791,5598749,6722.86937,7015.44336,12385.58906,5.943885960572797E8,6.287610313151364E8,1.0629203840760188E9,89250,89299.99,84650.16,1.9042,1.9157,1.9112,1.9295,1.9427,1.9134,1.8741,1.8944,1.778,6.46198271E7,6.74258585E7,1.49409911E8,1.2289303708238E8,1.2926798188222E8,2.7341604653278E8,684052,726865,1163676,3.25977601E7,3.04402803E7,7.41990625E7,6.198296053639E7,5.835182850214E7,1.3567962922696E8,1.9158,1.9111,1.8076,124.24,127.18,125.34,127.84,128.34,125.51,123.12,124.78,115.39,2036509.042,1997863.528,3730613.473,2.5504782637975E8,2.5293365986287E8,4.4459760545512E8,1006079,1065285,1444201,1012080.68,990296.273,1863128.834,1.2676980388212E8,1.2537115637357E8,2.2188290425408E8,127.19,125.35,117.82,69.73,70.03,69.41,70.49,70.31,69.55,68.64,68.42,64.43,325716.599,301017.18,474641.116,2.267927571174E7,2.091544764431E7,3.157168586396E7,203658,204313,310607,164010.615,149375.398,234873.613,1.142162645922E7,1.038127040277E7,1.56185758603E7,70.03,69.42,66.24,2930.35,3026.77,3010.78,3035.08,3045.78,3013.5,2899.77,2983.67,2754.53,478792.3988,296607.6549,561288.5979,1.416537368433361E9,8.94057677740365E8,1.601894306039813E9,5278439,5061029,6779608,229630.1728,154557.6064,270939.8171,6.79191460936592E8,4.6594630594887E8,7.72718271379958E8,3026.77,3010.78,2822.59,2707.38
2026-01-30T22:38:47,89249.99,89300,84650.16,90600,89348,84735.75,88833.65,83383.33,81118,14332.18502,30431.38201,35195.84793,1.283919840851472E9,2.6103815879100037E9,2.918624066481832E9,4385791,5598749,8998829,7015.44336,12385.58906,16749.59784,6.287610313151364E8,1.0629203840760188E9,1.389486785106681E9,89299.99,84650.16,84260.49,1.9157,1.9112,1.8077,1.9427,1.9134,1.8131,1.8944,1.778,1.7107,6.74258585E7,1.49409911E8,2.297203067E8,1.2926798188222E8,2.7341604653278E8,4.0307889782779E8,726865,1163676,1962404,3.04402803E7,7.41990625E7,1.117441592E8,5.835182850214E7,1.3567962922696E8,1.9603504605739E8,1.9111,1.8076,1.7352,127.18,125.34,117.82,128.34,125.51,119.12,124.78,115.39,112.14,1997863.528,3730613.473,4761006.742,2.5293365986287E8,4.4459760545512E8,5.5202348713287E8,1065285,1444201,1991218,990296.273,1863128.834,2428166.266,1.2537115637357E8,2.2188290425408E8,2.8172354620711E8,125.35,117.82,117.59,70.03,69.41,66.24,70.31,69.55,66.47,68.42,64.43,62.71,301017.18,474641.116,686027.282,2.091544764431E7,3.157168586396E7,4.429820539446E7,204313,310607,462166,149375.398,234873.613,331480.413,1.038127040277E7,1.56185758603E7,2.140864817018E7,69.42,66.24,65.47,3026.77,3010.78,2822.6,3045.78,3013.5,2828.65,2983.67,2754.53,2636.01,296607.6549,561288.5979,793279.6252,8.94057677740365E8,1.601894306039813E9,2.161851949088385E9,5061029,6779608,10661631,154557.6064,270939.8171,388766.163,4.6594630594887E8,7.72718271379958E8,1.059467300875251E9,3010.78,2822.59,2707.38,2451.95
2026-01-31T22:38:47,89300,84650.16,84260.5,89348,84735.75,84270.02,83383.33,81118,75719.9,30431.38201,35195.84793,39491.89133,2.6103815879100037E9,2.918624066481832E9,3.155264093623044E9,5598749,8998829,7384976,12385.58906,16749.59784,17959.61358,1.0629203840760188E9,1.389486785106681E9,1.4351202459826965E9,84650.16,84260.49,78741.09,1.9112,1.8077,1.7353,1.9134,1.8131,1.7547,1.778,1.7107,1.5028,1.49409911E8,2.297203067E8,3.323694679E8,2.7341604653278E8,4.0307889782779E8,5.3878664636154E8,1163676,1962404,2380722,7.41990625E7,1.117441592E8,1.555468259E8,1.3567962922696E8,1.9603504605739E8,2.5225110731E8,1.8076,1.7352,1.6472,125.34,117.82,117.6,125.51,119.12,118.85,115.39,112.14,96.4,3730613.473,4761006.742,8567398.326,4.4459760545512E8,5.5202348713287E8,9.2058207530101E8,1444201,1991218,3248600,1863128.834,2428166.266,4092929.327,2.2188290425408E8,2.8172354620711E8,4.3914865816365E8,117.82,117.59,105.58,69.41,66.24,65.47,69.55,66.47,65.5,64.43,62.71,55,474641.116,686027.282,1322363.304,3.157168586396E7,4.429820539446E7,7.884194736423E7,310607,462166,621529,234873.613,331480.413,648434.176,1.56185758603E7,2.140864817018E7,3.86302606509E7,66.24,65.47,59.53,3010.78,2822.6,2707.37,3013.5,2828.65,2714.64,2754.53,2636.01,2250,561288.5979,793279.6252,1113097.713,1.601894306039813E9,2.161851949088385E9,2.759353621321312E9,6779608,10661631,9305297,270939.8171,388766.163,520430.2055,7.72718271379958E8,1.059467300875251E9,1.291798679952669E9,2822.59,2707.38,2451.95,2270.15
2026-02-01T22:38:47,84650.16,84260.5,78741.1,84735.75,84270.02,79424,81118,75719.9,75700,35195.84793,39491.89133,25395.48168,2.918624066481832E9,3.155264093623044E9,1.9749205570473866E9,8998829,7384976,8001906,16749.59784,17959.61358,12031.74392,1.389486785106681E9,1.4351202459826965E9,9.360957427402172E8,84260.49,78741.09,76968.21,1.8077,1.7353,1.6472,1.8131,1.7547,1.6805,1.7107,1.5028,1.5526,2.297203067E8,3.323694679E8,1.82387658E8,4.0307889782779E8,5.3878664636154E8,2.9600331728224E8,1962404,2380722,1719231,1.117441592E8,1.555468259E8,8.06645213E7,1.9603504605739E8,2.5225110731E8,1.3083719767496E8,1.7352,1.6472,1.5908,117.82,117.6,105.58,119.12,118.85,106.69,112.14,96.4,98.02,4761006.742,8567398.326,4204256.051,5.5202348713287E8,9.2058207530101E8,4.3283956225445E8,1991218,3248600,2202213,2428166.266,4092929.327,2052275.136,2.8172354620711E8,4.3914865816365E8,2.1136561568208E8,117.59,105.58,100.79,66.24,65.47,59.53,66.47,65.5,59.92,62.71,55,57.16,686027.282,1322363.304,614483.462,4.429820539446E7,7.884194736423E7,3.619632546016E7,462166,621529,400538,331480.413,648434.176,299807.269,2.140864817018E7,3.86302606509E7,1.766068751469E7,65.47,59.53,58.49,2822.6,2707.37,2451.96,2828.65,2714.64,2475.98,2636.01,2250,2222,793279.6252,1113097.713,1026573.947,2.161851949088385E9,2.759353621321312E9,2.412828498627745E9,10661631,9305297,11038637,388766.163,520430.2055,455879.6449,1.059467300875251E9,1.291798679952669E9,1.069127421804749E9,2707.38,2451.95,2270.15,2347.02
2026-02-02T22:38:47,84260.5,78741.1,76968.22,84270.02,79424,79360,75719.9,75700,74604,39491.89133,25395.48168,42273.59016,3.155264093623044E9,1.9749205570473866E9,3.2607524444613295E9,7384976,8001906,10085578,17959.61358,12031.74392,21480.45115,1.4351202459826965E9,9.360957427402172E8,1.6589774412234404E9,78741.09,76968.21,78738.61,1.7353,1.6472,1.5908,1.7547,1.6805,1.6571,1.5028,1.5526,1.5307,3.323694679E8,1.82387658E8,2.181073047E8,5.3878664636154E8,2.9600331728224E8,3.4875097895153E8,2380722,1719231,2139400,1.555468259E8,8.06645213E7,1.020122672E8,2.5225110731E8,1.3083719767496E8,1.6308148606629E8,1.6472,1.5908,1.6198,117.6,105.58,100.78,118.85,106.69,106.12,96.4,98.02,95.95,8567398.326,4204256.051,5574032.681,9.2058207530101E8,4.3283956225445E8,5.6660904193448E8,3248600,2202213,2856979,4092929.327,2052275.136,2663023.902,4.3914865816365E8,2.1136561568208E8,2.709611656031E8,105.58,100.79,104.55,65.47,59.53,58.49,65.5,59.92,61.17,55,57.16,56.51,1322363.304,614483.462,649668.505,7.884194736423E7,3.619632546016E7,3.833631586657E7,621529,400538,431721,648434.176,299807.269,314511.934,3.86302606509E7,1.766068751469E7,1.855862071048E7,59.53,58.49,60.02,2707.37,2451.96,2270.16,2714.64,2475.98,2396.62,2250,2222,2157.14,1113097.713,1026573.947,1248535.211,2.759353621321312E9,2.412828498627745E9,2.84217728624149E9,9305297,11038637,11149156,520430.2055,455879.6449,614416.942,1.291798679952669E9,1.069127421804749E9,1.398079659353768E9,2451.95,2270.15,2347.02,2233.72
2026-02-03T22:38:47,78741.1,76968.22,78738.6,79424,79360,79186.81,75700,74604,72945.5,25395.48168,42273.59016,39120.10889,1.9749205570473866E9,3.2607524444613295E9,2.986903008574792E9,8001906,10085578,9199445,12031.74392,21480.45115,17304.88253,9.360957427402172E8,1.6589774412234404E9,1.3241193964360397E9,76968.21,78738.61,75770.21,1.6472,1.5908,1.6199,1.6805,1.6571,1.6339,1.5526,1.5307,1.5274,1.82387658E8,2.181073047E8,1.905530424E8,2.9600331728224E8,3.4875097895153E8,3.0315600231118E8,1719231,2139400,1612184,8.06645213E7,1.020122672E8,8.94204996E7,1.3083719767496E8,1.6308148606629E8,1.4229731115481E8,1.5908,1.6198,1.5791,105.58,100.78,104.54,106.69,106.12,105.1,98.02,95.95,96.64,4204256.051,5574032.681,4514018.115,4.3283956225445E8,5.6660904193448E8,4.5586516822654E8,2202213,2856979,2135637,2052275.136,2663023.902,2227613.325,2.1136561568208E8,2.709611656031E8,2.2504454637139E8,100.79,104.55,97.89,59.53,58.49,60.02,59.92,61.17,61.38,57.16,56.51,56.87,614483.462,649668.505,607480.409,3.619632546016E7,3.833631586657E7,3.61686272098E7,400538,431721,394246,299807.269,314511.934,302061.837,1.766068751469E7,1.855862071048E7,1.799739106354E7,58.49,60.02,59.48,2451.96,2270.16,2347.01,2475.98,2396.62,2359.88,2222,2157.14,2110,1026573.947,1248535.211,1321099.387,2.412828498627745E9,2.84217728624149E9,2.981630480120865E9,11038637,11149156,11643770,455879.6449,614416.942,666418.2157,1.069127421804749E9,1.398079659353768E9,1.505015892495484E9,2270.15,2347.02,2233.72,2148.26
2026-02-04T22:38:47,76968.22,78738.6,75770.21,79360,79186.81,76971.52,74604,72945.5,71888,42273.59016,39120.10889,38375.36,3.2607524444613295E9,2.986903008574792E9,2.8528346315391464E9,10085578,9199445,10724002,21480.45115,17304.88253,17274.35569,1.6589774412234404E9,1.3241193964360397E9,1.2846647688290725E9,78738.61,75770.21,73165.83,1.5908,1.6199,1.579,1.6571,1.6339,1.6122,1.5307,1.5274,1.4948,2.181073047E8,1.905530424E8,1.943867029E8,3.4875097895153E8,3.0315600231118E8,3.0203789196737E8,2139400,1612184,1749945,1.020122672E8,8.94204996E7,9.29883727E7,1.6308148606629E8,1.4229731115481E8,1.4446624242228E8,1.6198,1.5791,1.512,100.78,104.54,97.89,106.12,105.1,99.67,95.95,96.64,89.3,5574032.681,4514018.115,6251459.371,5.6660904193448E8,4.5586516822654E8,5.8986383990233E8,2856979,2135637,2940009,2663023.902,2227613.325,3095939.216,2.709611656031E8,2.2504454637139E8,2.9185354148574E8,104.55,97.89,92.12,58.49,60.02,59.47,61.17,61.38,60.99,56.51,56.87,57.07,649668.505,607480.409,610711.727,3.833631586657E7,3.61686272098E7,3.605084146711E7,431721,394246,410884,314511.934,302061.837,309305.507,1.855862071048E7,1.799739106354E7,1.82552677747E7,60.02,59.48,58.89,2270.16,2347.01,2233.72,2396.62,2359.88,2295.74,2157.14,2110,2076.68,1248535.211,1321099.387,1264743.43,2.84217728624149E9,2.981630480120865E9,2.756607838332894E9,11149156,11643770,10912540,614416.942,666418.2157,609896.0952,1.398079659353768E9,1.505015892495484E9,1.325924462845477E9,2347.02,2233.72,2148.26,1826.83
2026-02-05T22:38:47,78738.6,75770.21,73165.84,79186.81,76971.52,73341.18,72945.5,71888,62345,39120.10889,38375.36,106298.829,2.986903008574792E9,2.8528346315391464E9,7.198745594280694E9,9199445,10724002,15364010,17304.88253,17274.35569,49042.65006,1.3241193964360397E9,1.2846647688290725E9,3.3257495030332394E9,75770.21,73165.83,62909.86,1.6199,1.579,1.512,1.6339,1.6122,1.5154,1.5274,1.4948,1.1371,1.905530424E8,1.943867029E8,7.44109671E8,3.0315600231118E8,3.0203789196737E8,9.6188416958011E8,1612184,1749945,5683396,8.94204996E7,9.29883727E7,3.663108951E8,1.4229731115481E8,1.4446624242228E8,4.7366494186597E8,1.5791,1.512,1.2146,104.54,97.89,92.11,105.1,99.67,93.43,96.64,89.3,77.6,4514018.115,6251459.371,1.024335548E7,4.5586516822654E8,5.8986383990233E8,8.7478898351127E8,2135637,2940009,4871571,2227613.325,3095939.216,4836738.921,2.2504454637139E8,2.9185354148574E8,4.1363735022663E8,97.89,92.12,78.35,60.02,59.47,58.89,61.38,60.99,59.49,56.87,57.07,50.18,607480.409,610711.727,1590945.035,3.61686272098E7,3.605084146711E7,8.595632193629E7,394246,410884,966022,302061.837,309305.507,762889.225,1.799739106354E7,1.82552677747E7,4.118697562069E7,59.48,58.89,50.79,2347.01,2233.72,2148.25,2359.88,2295.74,2173.77,2110,2076.68,1818.18,1321099.387,1264743.43,1952286.695,2.981630480120865E9,2.756607838332894E9,3.895174109785863E9,11643770,10912540,13667587,666418.2157,609896.0952,967965.2824,1.505015892495484E9,1.325924462845477E9,1.933830694362923E9,2233.72,2148.26,1826.83,2063.38
2026-02-06T22:38:47,75770.21,73165.84,62909.87,76971.52,73341.18,71751.33,71888,62345,60000,38375.36,106298.829,92539.21531,2.8528346315391464E9,7.198745594280694E9,6.1340566706115055E9,10724002,15364010,13228528,17274.35569,49042.65006,49477.51198,1.2846647688290725E9,3.3257495030332394E9,3.2884261492806883E9,73165.83,62909.86,70580.26,1.579,1.512,1.2145,1.6122,1.5154,1.5442,1.4948,1.1371,1.1172,1.943867029E8,7.44109671E8,7.081228008E8,3.0203789196737E8,9.6188416958011E8,9.6132149991777E8,1749945,5683396,5710571,9.29883727E7,3.663108951E8,3.409353641E8,1.4446624242228E8,4.7366494186597E8,4.6341165323958E8,1.512,1.2146,1.4698,97.89,92.11,78.34,99.67,93.43,89.84,89.3,77.6,67.5,6251459.371,1.024335548E7,1.1811095766E7,5.8986383990233E8,8.7478898351127E8,9.4430812532202E8,2940009,4871571,3980604,3095939.216,4836738.921,5773154.785,2.9185354148574E8,4.1363735022663E8,4.6225141125519E8,92.12,78.35,87.46,59.47,58.89,50.79,60.99,59.49,56.47,57.07,50.18,45.07,610711.727,1590945.035,1678612.362,3.605084146711E7,8.595632193629E7,8.536742643744E7,410884,966022,787483,309305.507,762889.225,845363.186,1.82552677747E7,4.118697562069E7,4.303412726902E7,58.89,50.79,55.02,2233.72,2148.25,1826.83,2295.74,2173.77,2093.94,2076.68,1818.18,1747.8,1264743.43,1952286.695,2102311.557,2.756607838332894E9,3.895174109785863E9,4.099448671011839E9,10912540,13667587,12362731,609896.0952,967965.2824,1189792.576,1.325924462845477E9,1.933830694362923E9,2.323481388750452E9,2148.26,1826.83,2063.38,2087.08
2026-02-07T22:38:47,73165.84,62909.87,70580.26,73341.18,71751.33,71690.07,62345,60000,67300,106298.829,92539.21531,44255.48036,7.198745594280694E9,6.1340566706115055E9,3.0589838790691524E9,15364010,13228528,7167427,49042.65006,49477.51198,18766.22233,3.3257495030332394E9,3.2884261492806883E9,1.298989823429441E9,62909.86,70580.26,69289.38,1.512,1.2145,1.4697,1.5154,1.5442,1.4879,1.1371,1.1172,1.3858,7.44109671E8,7.081228008E8,2.743103403E8,9.6188416958011E8,9.6132149991777E8,3.9196397731875E8,5683396,5710571,2315753,3.663108951E8,3.409353641E8,1.282145368E8,4.7366494186597E8,4.6341165323958E8,1.833586479262E8,1.2146,1.4698,1.4231,92.11,78.34,87.45,93.43,89.84,89.2,77.6,67.5,84.16,1.024335548E7,1.1811095766E7,4486649.48,8.7478898351127E8,9.4430812532202E8,3.8957519626258E8,4871571,3980604,1746041,4836738.921,5773154.785,2188177.051,4.1363735022663E8,4.6225141125519E8,1.9005762982127E8,78.35,87.46,87.59,58.89,50.79,55.01,59.49,56.47,56,50.18,45.07,52.86,1590945.035,1678612.362,807072.496,8.595632193629E7,8.536742643744E7,4.407917216207E7,966022,787483,370872,762889.225,845363.186,397549.15,4.118697562069E7,4.303412726902E7,2.17207442036E7,50.79,55.02,55.19,2148.25,1826.83,2063.37,2173.77,2093.94,2121.7,1818.18,1747.8,1994.57,1952286.695,2102311.557,1142616.449,3.895174109785863E9,4.099448671011839E9,2.350131251111509E9,13667587,12362731,7938360,967965.2824,1189792.576,548585.9421,1.933830694362923E9,2.323481388750452E9,1.128556150777751E9,1826.83,2063.38,2087.08,2089.74
2026-02-08T22:38:47,62909.87,70580.26,69289.37,71751.33,71690.07,72271.41,60000,67300,68888,92539.21531,44255.48036,21420.53168,6.1340566706115055E9,3.0589838790691524E9,1.510003758652842E9,13228528,7167427,4870449,49477.51198,18766.22233,11435.75238,3.2884261492806883E9,1.298989823429441E9,8.058988672818197E8,70580.26,69289.38,70330.38,1.2145,1.4697,1.4231,1.5442,1.4879,1.4703,1.1172,1.3858,1.4099,7.081228008E8,2.743103403E8,1.260126184E8,9.6132149991777E8,3.9196397731875E8,1.8140096406214E8,5710571,2315753,1292240,3.409353641E8,1.282145368E8,6.31792822E7,4.6341165323958E8,1.833586479262E8,9.096807937173E7,1.4698,1.4231,1.4308,78.34,87.45,87.59,89.84,89.2,89.08,67.5,84.16,85.77,1.1811095766E7,4486649.48,2534998.683,9.4430812532202E8,3.8957519626258E8,2.2210765610678E8,3980604,1746041,1040850,5773154.785,2188177.051,1312312.593,4.6225141125519E8,1.9005762982127E8,1.1504917517828E8,87.46,87.59,86.99,50.79,55.01,55.19,56.47,56,55.88,45.07,52.86,53.65,1678612.362,807072.496,374171.837,8.536742643744E7,4.407917216207E7,2.057309434484E7,787483,370872,186034,845363.186,397549.15,186118.409,4.303412726902E7,2.17207442036E7,1.023761246795E7,55.02,55.19,54.53,1826.83,2063.37,2087.08,2093.94,2121.7,2152.03,1747.8,1994.57,2064.1,2102311.557,1142616.449,482837.2515,4.099448671011839E9,2.350131251111509E9,1.015368967858894E9,12362731,7938360,4379045,1189792.576,548585.9421,228020.7596,2.323481388750452E9,1.128556150777751E9,4.79809411995975E8,2063.38,2087.08,2089.74,2105.02
2026-02-09T22:38:47,70580.26,69289.37,70330.38,71690.07,72271.41,71453.53,67300,68888,68308,44255.48036,21420.53168,29152.72842,3.0589838790691524E9,1.510003758652842E9,2.0389595394209776E9,7167427,4870449,6644769,18766.22233,11435.75238,13854.63486,1.298989823429441E9,8.058988672818197E8,9.690016166829728E8,69289.38,70330.38,70138,1.4697,1.4231,1.4308,1.4879,1.4703,1.4642,1.3858,1.4099,1.3728,2.743103403E8,1.260126184E8,1.685462818E8,3.9196397731875E8,1.8140096406214E8,2.4056748271765E8,2315753,1292240,1495561,1.282145368E8,6.31792822E7,7.18255307E7,1.833586479262E8,9.096807937173E7,1.0249255095228E8,1.4231,1.4308,1.437,87.45,87.59,86.99,89.2,89.08,88.69,84.16,85.77,82.86,4486649.48,2534998.683,3667652.416,3.8957519626258E8,2.2210765610678E8,3.1521186358337E8,1746041,1040850,1641253,2188177.051,1312312.593,1730490.081,1.9005762982127E8,1.1504917517828E8,1.4856083685899E8,87.59,86.99,86.77,55.01,55.19,54.53,56,55.88,55.13,52.86,53.65,52.36,807072.496,374171.837,393768.113,4.407917216207E7,2.057309434484E7,2.126759004059E7,370872,186034,221153,397549.15,186118.409,199565.246,2.17207442036E7,1.023761246795E7,1.077977942201E7,55.19,54.53,54.45,2063.37,2087.08,2089.73,2121.7,2152.03,2147.73,1994.57,2064.1,2008.62,1142616.449,482837.2515,625378.5569,2.350131251111509E9,1.015368967858894E9,1.299316807805279E9,7938360,4379045,6331904,548585.9421,228020.7596,315446.5313,1.128556150777751E9,4.79809411995975E8,6.55569971226274E8,2087.08,2089.74,2105.02,2022.67
2026-02-10T22:38:47,69289.37,70330.38,70138,72271.41,71453.53,70527.59,68888,68308,67800,21420.53168,29152.72842,20373.77072,1.510003758652842E9,2.0389595394209776E9,1.4086236233599253E9,4870449,6644769,4558658,11435.75238,13854.63486,9237.21056,8.058988672818197E8,9.690016166829728E8,6.387399502535255E8,70330.38,70138,68841.29,1.4231,1.4308,1.437,1.4703,1.4642,1.4532,1.4099,1.3728,1.3916,1.260126184E8,1.685462818E8,1.133993737E8,1.8140096406214E8,2.4056748271765E8,1.6093426597524E8,1292240,1495561,939856,6.31792822E7,7.18255307E7,5.25577904E7,9.096807937173E7,1.0249255095228E8,7.449935128717E7,1.4308,1.437,1.3999,87.59,86.99,86.77,89.08,88.69,87.49,85.77,82.86,81.91,2534998.683,3667652.416,2975212.105,2.2210765610678E8,3.1521186358337E8,2.5131796378963E8,1040850,1641253,1118002,1312312.593,1730490.081,1398749.372,1.1504917517828E8,1.4856083685899E8,1.1813369738029E8,86.99,86.77,82.99,55.19,54.53,54.45,55.88,55.13,54.68,53.65,52.36,52.84,374171.837,393768.113,289989.059,2.057309434484E7,2.126759004059E7,1.552335066067E7,186034,221153,185560,186118.409,199565.246,132344.439,1.023761246795E7,1.077977942201E7,7081719.455,54.53,54.45,53.38,2087.08,2089.73,2105.02,2152.03,2147.73,2124.71,2064.1,2008.62,1989.38,482837.2515,625378.5569,574321.6908,1.015368967858894E9,1.299316807805279E9,1.163710989708572E9,4379045,6331904,5159394,228020.7596,315446.5313,276990.265,4.79809411995975E8,6.55569971226274E8,5.6097501104426E8,2089.74,2105.02,2022.67,1941.18
2026-02-11T22:38:47,70330.38,70138,68841.28,71453.53,70527.59,69292.88,68308,67800,65756,29152.72842,20373.77072,28718.24602,2.0389595394209776E9,1.4086236233599253E9,1.9305139475441146E9,6644769,4558658,6956577,13854.63486,9237.21056,14335.50997,9.690016166829728E8,6.387399502535255E8,9.639037482694873E8,70138,68841.29,67082.52,1.4308,1.437,1.3998,1.4642,1.4532,1.4205,1.3728,1.3916,1.3421,1.685462818E8,1.133993737E8,1.726962637E8,2.4056748271765E8,1.6093426597524E8,2.3754981671376E8,1495561,939856,1382467,7.18255307E7,5.25577904E7,8.25504696E7,1.0249255095228E8,7.449935128717E7,1.1349995249281E8,1.437,1.3999,1.3697,86.99,86.77,82.99,88.69,87.49,84.39,82.86,81.91,78.04,3667652.416,2975212.105,3814913.32,3.1521186358337E8,2.5131796378963E8,3.0820541126465E8,1641253,1118002,1519961,1730490.081,1398749.372,1909861.395,1.4856083685899E8,1.1813369738029E8,1.5426625700822E8,86.77,82.99,79.3,54.53,54.45,53.37,55.13,54.68,53.71,52.36,52.84,51,393768.113,289989.059,428953.94,2.126759004059E7,1.552335066067E7,2.237706205081E7,221153,185560,231264,199565.246,132344.439,207632.745,1.077977942201E7,7081719.455,1.083347746522E7,54.45,53.38,52.32,2089.73,2105.02,2022.67,2147.73,2124.71,2032.31,2008.62,1989.38,1903.19,625378.5569,574321.6908,529655.8177,1.299316807805279E9,1.163710989708572E9,1.036100476102876E9,6331904,5159394,6450810,315446.5313,276990.265,259017.7416,6.55569971226274E8,5.6097501104426E8,5.06650635748852E8,2105.02,2022.67,1941.18,1947.85
2026-02-12T22:38:47,70138,68841.28,67082.52,70527.59,69292.88,68410.52,67800,65756,65118,20373.77072,28718.24602,24271.74283,1.4086236233599253E9,1.9305139475441146E9,1.6221621453342066E9,4558658,6956577,6778280,9237.21056,14335.50997,12101.72511,6.387399502535255E8,9.639037482694873E8,8.094188520733618E8,68841.29,67082.52,66272.17,1.437,1.3998,1.3697,1.4532,1.4205,1.4082,1.3916,1.3421,1.3461,1.133993737E8,1.726962637E8,1.168562641E8,1.6093426597524E8,2.3754981671376E8,1.6071892705486E8,939856,1382467,1005243,5.25577904E7,8.25504696E7,5.97648383E7,7.449935128717E7,1.1349995249281E8,8.216427533411E7,1.3999,1.3697,1.3635,86.77,82.99,79.31,87.49,84.39,82.25,81.91,78.04,76.6,2975212.105,3814913.32,3196230.117,2.5131796378963E8,3.0820541126465E8,2.5414571977685E8,1118002,1519961,1324436,1398749.372,1909861.395,1622269.948,1.1813369738029E8,1.5426625700822E8,1.2898266306688E8,82.99,79.3,78.4,54.45,53.37,52.32,54.68,53.71,53.81,52.84,51,51.51,289989.059,428953.94,340264.81,1.552335066067E7,2.237706205081E7,1.795176178533E7,185560,231264,178539,132344.439,207632.745,172328.959,7081719.455,1.083347746522E7,9097690.341,53.38,52.32,53.15,2105.02,2022.67,1941.19,2124.71,2032.31,2001.42,1989.38,1903.19,1897.24,574321.6908,529655.8177,427567.1469,1.163710989708572E9,1.036100476102876E9,8.33481568532024E8,5159394,6450810,5262808,276990.265,259017.7416,212467.499,5.6097501104426E8,5.06650635748852E8,4.14232137149514E8,2022.67,1941.18,1947.85,2048.72
2026-02-13T22:38:47,68841.28,67082.52,66272.17,69292.88,68410.52,69482.97,65756,65118,65872.46,28718.24602,24271.74283,20244.54955,1.9305139475441146E9,1.6221621453342066E9,1.3712860223300548E9,6956577,6778280,6450842,14335.50997,12101.72511,10425.24887,9.639037482694873E8,8.094188520733618E8,7.067665406168541E8,67082.52,66272.17,68853.96,1.3998,1.3697,1.3635,1.4205,1.4082,1.4285,1.3421,1.3461,1.3485,1.726962637E8,1.168562641E8,1.250277394E8,2.3754981671376E8,1.6071892705486E8,1.7341037067896E8,1382467,1005243,982787,8.25504696E7,5.97648383E7,5.66606887E7,1.1349995249281E8,8.216427533411E7,7.86037877335E7,1.3697,1.3635,1.4071,82.99,79.31,78.39,84.39,82.25,85.63,78.04,76.6,77.53,3814913.32,3196230.117,3370390.272,3.0820541126465E8,2.5414571977685E8,2.7578444145232E8,1519961,1324436,1245544,1909861.395,1622269.948,1651859.713,1.5426625700822E8,1.2898266306688E8,1.3522155241331E8,79.3,78.4,84.33,53.37,52.32,53.15,53.71,53.81,55.7,51,51.51,52.36,428953.94,340264.81,376571.893,2.237706205081E7,1.795176178533E7,2.03968568894E7,231264,178539,205807,207632.745,172328.959,194229.802,1.083347746522E7,9097690.341,1.051511703802E7,52.32,53.15,55.03,2022.67,1941.19,1947.85,2032.31,2001.42,2073.68,1903.19,1897.24,1924.72,529655.8177,427567.1469,425649.7698,1.036100476102876E9,8.33481568532024E8,8.5090779120718E8,6450810,5262808,4695571,259017.7416,212467.499,215643.6192,5.06650635748852E8,4.14232137149514E8,4.31290771892009E8,1941.18,1947.85,2048.72,2086.59
2026-02-14T22:38:47,67082.52,66272.17,68853.97,68410.52,69482.97,70560.01,65118,65872.46,68730.13,24271.74283,20244.54955,18114.78393,1.6221621453342066E9,1.3712860223300548E9,1.2602593143600264E9,6778280,6450842,3803163,12101.72511,10425.24887,7857.93423,8.094188520733618E8,7.067665406168541E8,5.467560732649412E8,66272.17,68853.96,69822.95,1.3697,1.3635,1.407,1.4082,1.4285,1.5138,1.3461,1.3485,1.4051,1.168562641E8,1.250277394E8,1.131405384E8,1.6071892705486E8,1.7341037067896E8,1.6577032182151E8,1005243,982787,851648,5.97648383E7,5.66606887E7,5.48679845E7,8.216427533411E7,7.86037877335E7,8.038581735301E7,1.3635,1.4071,1.5094,79.31,78.39,84.34,82.25,85.63,88.9,76.6,77.53,84.21,3196230.117,3370390.272,2698607.215,2.5414571977685E8,2.7578444145232E8,2.3437054310908E8,1324436,1245544,771870,1622269.948,1651859.713,1378612.079,1.2898266306688E8,1.3522155241331E8,1.1968903954642E8,78.4,84.33,88.06,52.32,53.15,55.04,53.81,55.7,56.66,51.51,52.36,54.88,340264.81,376571.893,322012.369,1.795176178533E7,2.03968568894E7,1.795396383347E7,178539,205807,177149,172328.959,194229.802,169987.471,9097690.341,1.051511703802E7,9474591.633,53.15,55.03,55.99,1941.19,1947.85,2048.72,2001.42,2073.68,2107.67,1897.24,1924.72,2042.37,427567.1469,425649.7698,220677.2355,8.33481568532024E8,8.5090779120718E8,4.58319230494356E8,5262808,4695571,2720271,212467.499,215643.6192,110065.542,4.14232137149514E8,4.31290771892009E8,2.28627817282618E8,1947.85,2048.72,2086.59,1966.58
2026-02-15T22:38:47,66272.17,68853.97,69822.94,69482.97,70560.01,70983,65872.46,68730.13,68000,20244.54955,18114.78393,22290.05208,1.3712860223300548E9,1.2602593143600264E9,1.5450945721368146E9,6450842,3803163,4598633,10425.24887,7857.93423,8861.59262,7.067665406168541E8,5.467560732649412E8,6.157330991208996E8,68853.96,69822.95,68832.58,1.3635,1.407,1.5094,1.4285,1.5138,1.6714,1.3485,1.4051,1.445,1.250277394E8,1.131405384E8,2.993064724E8,1.7341037067896E8,1.6577032182151E8,4.6352295761473E8,982787,851648,2457642,5.66606887E7,5.48679845E7,1.499404307E8,7.86037877335E7,8.038581735301E7,2.324881015996E8,1.4071,1.5094,1.4753,78.39,84.34,88.06,85.63,88.9,91.26,77.53,84.21,84.89,3370390.272,2698607.215,3929085.4,2.7578444145232E8,2.3437054310908E8,3.4625070178011E8,1245544,771870,1210120,1651859.713,1378612.079,1880755.574,1.3522155241331E8,1.1968903954642E8,1.6590686763736E8,84.33,88.06,86.16,53.15,55.04,55.99,55.7,56.66,56.68,52.36,54.88,54.18,376571.893,322012.369,375205.526,2.03968568894E7,1.795396383347E7,2.075386042725E7,205807,177149,233014,194229.802,169987.471,183831.788,1.051511703802E7,9474591.633,1.017449363159E7,55.03,55.99,55.08,1947.85,2048.72,2086.59,2073.68,2107.67,2103.32,1924.72,2042.37,1928.88,425649.7698,220677.2355,834778.0952,8.5090779120718E8,4.58319230494356E8,1.680654508880478E9,4695571,2720271,5864311,215643.6192,110065.542,323503.2298,4.31290771892009E8,2.28627817282618E8,6.51093452905736E8,2048.72,2086.59,1966.58,1998.33
2026-02-16T22:38:47,68853.97,69822.94,68832.59,70560.01,70983,70126.67,68730.13,68000,67294.11,18114.78393,22290.05208,15515.76534,1.2602593143600264E9,1.5450945721368146E9,1.0627979182535971E9,3803163,4598633,5233849,7857.93423,8861.59262,8153.4314,5.467560732649412E8,6.157330991208996E8,5.589091917674918E8,69822.95,68832.58,68892.43,1.407,1.5094,1.4753,1.5138,1.6714,1.5171,1.4051,1.445,1.4485,1.131405384E8,2.993064724E8,1.45403123E8,1.6577032182151E8,4.6352295761473E8,2.1554874840283E8,851648,2457642,1276762,5.48679845E7,1.499404307E8,7.59284906E7,8.038581735301E7,2.324881015996E8,1.1254813855694E8,1.5094,1.4753,1.4876,84.34,88.06,86.15,88.9,91.26,86.93,84.21,84.89,82.55,2698607.215,3929085.4,3559751.811,2.3437054310908E8,3.4625070178011E8,3.0254662754411E8,771870,1210120,1097748,1378612.079,1880755.574,1807368.413,1.1968903954642E8,1.6590686763736E8,1.536130956553E8,88.06,86.16,86.45,55.04,55.99,55.09,56.66,56.68,55.65,54.88,54.18,53.33,322012.369,375205.526,393363.556,1.795396383347E7,2.075386042725E7,2.135913176483E7,177149,233014,209803,169987.471,183831.788,202826.262,9474591.633,1.017449363159E7,1.101181902223E7,55.99,55.08,55.13,2048.72,2086.59,1966.59,2107.67,2103.32,2023.51,2042.37,1928.88,1937.24,220677.2355,834778.0952,351347.9433,4.58319230494356E8,1.680654508880478E9,6.94116360940269E8,2720271,5864311,4476026,110065.542,323503.2298,178158.7858,2.28627817282618E8,6.51093452905736E8,3.52070618301827E8,2086.59,1966.58,1998.33,1991.66
2026-02-17T22:38:47,69822.94,68832.59,68892.43,70983,70126.67,69241.5,68000,67294.11,66621.06,22290.05208,15515.76534,16489.06921,1.5450945721368146E9,1.0627979182535971E9,1.117987651294812E9,4598633,5233849,5994853,8861.59262,8153.4314,7538.45107,6.157330991208996E8,5.589091917674918E8,5.114261908932403E8,68832.58,68892.43,67503.52,1.5094,1.4753,1.4876,1.6714,1.5171,1.495,1.445,1.4485,1.4268,2.993064724E8,1.45403123E8,9.883839E7,4.6352295761473E8,2.1554874840283E8,1.4512407530722E8,2457642,1276762,923941,1.499404307E8,7.59284906E7,5.07546241E7,2.324881015996E8,1.1254813855694E8,7.452018897287E7,1.4753,1.4876,1.4743,88.06,86.15,86.45,91.26,86.93,87.69,84.89,82.55,82.92,3929085.4,3559751.811,2774655.865,3.4625070178011E8,3.0254662754411E8,2.3567349440328E8,1210120,1097748,1064339,1880755.574,1807368.413,1385557.165,1.6590686763736E8,1.536130956553E8,1.1766569465988E8,86.16,86.45,85.08,55.99,55.09,55.13,56.68,55.65,55.85,54.18,53.33,53.17,375205.526,393363.556,357538.905,2.075386042725E7,2.135913176483E7,1.946842107935E7,233014,209803,225155,183831.788,202826.262,180520.162,1.017449363159E7,1.101181902223E7,9829508.579,55.08,55.13,53.96,2086.59,1966.59,1998.34,2103.32,2023.51,2015.33,1928.88,1937.24,1941.66,834778.0952,351347.9433,406246.9427,1.680654508880478E9,6.94116360940269E8,8.04961298709777E8,5864311,4476026,6420841,323503.2298,178158.7858,196947.7031,6.51093452905736E8,3.52070618301827E8,3.90162604367408E8,1966.58,1998.33,1991.66,1955.91
2026-02-18T22:38:47,68832.59,68892.43,67503.52,70126.67,69241.5,68476.22,67294.11,66621.06,65870,15515.76534,16489.06921,15492.43839,1.0627979182535971E9,1.117987651294812E9,1.0404935246521236E9,5233849,5994853,4548997,8153.4314,7538.45107,7895.05707,5.589091917674918E8,5.114261908932403E8,5.304581781385649E8,68892.43,67503.52,66461,1.4753,1.4876,1.4742,1.5171,1.495,1.4943,1.4485,1.4268,1.4102,1.45403123E8,9.883839E7,8.58318539E7,2.1554874840283E8,1.4512407530722E8,1.251285413237E8,1276762,923941,786592,7.59284906E7,5.07546241E7,4.29532236E7,1.1254813855694E8,7.452018897287E7,6.259413836696E7,1.4876,1.4743,1.4219,86.15,86.45,85.09,86.93,87.69,86.09,82.55,82.92,80.48,3559751.811,2774655.865,3137603.97,3.0254662754411E8,2.3567349440328E8,2.612898316858E8,1097748,1064339,1026899,1807368.413,1385557.165,1549834.071,1.536130956553E8,1.1766569465988E8,1.2906755782814E8,86.45,85.08,81.61,55.09,55.13,53.96,55.65,55.85,54.93,53.33,53.17,52.95,393363.556,357538.905,260302.801,2.135913176483E7,1.946842107935E7,1.403020241314E7,209803,225155,182060,202826.262,180520.162,131921.071,1.101181902223E7,9829508.579,7113202.861,55.13,53.96,53.32,1966.59,1998.34,1991.67,2023.51,2015.33,2039.05,1937.24,1941.66,1923.78,351347.9433,406246.9427,393639.0086,6.94116360940269E8,8.04961298709777E8,7.78491630599568E8,4476026,6420841,5176537,178158.7858,196947.7031,191523.6119,3.52070618301827E8,3.90162604367408E8,3.78687588779843E8,1998.33,1991.66,1955.91,1949.08
2026-02-19T22:38:47,68892.43,67503.52,66461,69241.5,68476.22,67320,66621.06,65870,65631.83,16489.06921,15492.43839,14542.26988,1.117987651294812E9,1.0404935246521236E9,9.688635727821527E8,5994853,4548997,4679351,7538.45107,7895.05707,7106.70741,5.114261908932403E8,5.304581781385649E8,4.734562230721071E8,67503.52,66461,67003.73,1.4876,1.4742,1.422,1.495,1.4943,1.4381,1.4268,1.4102,1.382,9.883839E7,8.58318539E7,1.082596771E8,1.4512407530722E8,1.251285413237E8,1.5252921026218E8,923941,786592,885502,5.07546241E7,4.29532236E7,4.96271415E7,7.452018897287E7,6.259413836696E7,6.992733125651E7,1.4743,1.4219,1.4068,86.45,85.09,81.61,87.69,86.09,82.67,82.92,80.48,79.61,2774655.865,3137603.97,2848277.49,2.3567349440328E8,2.612898316858E8,2.3138577897627E8,1064339,1026899,946105,1385557.165,1549834.071,1441047.461,1.1766569465988E8,1.2906755782814E8,1.1701596507576E8,85.08,81.61,82.5,55.13,53.96,53.32,55.85,54.93,53.73,53.17,52.95,51.42,357538.905,260302.801,266659.855,1.946842107935E7,1.403020241314E7,1.401661077875E7,225155,182060,177298,180520.162,131921.071,131754.862,9829508.579,7113202.861,6928661.554,53.96,53.32,52.7,1998.34,1991.67,1955.9,2015.33,2039.05,1987.55,1941.66,1923.78,1907,406246.9427,393639.0086,300257.0733,8.04961298709777E8,7.78491630599568E8,5.83869775947742E8,6420841,5176537,3793608,196947.7031,191523.6119,142030.3122,3.90162604367408E8,3.78687588779843E8,2.76036975737437E8,1991.66,1955.91,1949.08,1968.88
2026-02-20T22:38:47,67503.52,66461,67003.73,68476.22,67320,68318.39,65870,65631.83,66280.2,15492.43839,14542.26988,35351.87091,1.0404935246521236E9,9.688635727821527E8,2.3780791505678473E9,4548997,4679351,5044912,7895.05707,7106.70741,15001.46034,5.304581781385649E8,4.734562230721071E8,1.0109700431452413E9,66461,67003.73,68020.01,1.4742,1.422,1.4068,1.4943,1.4381,1.4389,1.4102,1.382,1.3775,8.58318539E7,1.082596771E8,1.237097044E8,1.251285413237E8,1.5252921026218E8,1.7529941800269E8,786592,885502,1033248,4.29532236E7,4.96271415E7,6.29801381E7,6.259413836696E7,6.992733125651E7,8.929267180546E7,1.4219,1.4068,1.4292,85.09,81.61,82.5,86.09,82.67,85.49,80.48,79.61,81.77,3137603.97,2848277.49,3754556.759,2.612898316858E8,2.3138577897627E8,3.143517284764E8,1026899,946105,1184887,1549834.071,1441047.461,1792745.473,1.2906755782814E8,1.1701596507576E8,1.5010710172758E8,81.61,82.5,84.67,53.96,53.32,52.71,54.93,53.73,55.47,52.95,51.42,52.66,260302.801,266659.855,463361.849,1.403020241314E7,1.401661077875E7,2.519079437633E7,182060,177298,247994,131921.071,131754.862,238052.659,7113202.861,6928661.554,1.29543723959E7,53.32,52.7,55.19,1991.67,1955.9,1949.08,2039.05,1987.55,1981.18,1923.78,1907,1922.97,393639.0086,300257.0733,386253.5557,7.78491630599568E8,5.83869775947742E8,7.55968932473526E8,5176537,3793608,3948261,191523.6119,142030.3122,186424.2257,3.78687588779843E8,2.76036975737437E8,3.64867772122704E8,1955.91,1949.08,1968.88,1973.35
2026-02-21T22:38:47,66461,67003.73,68020,67320,68318.39,68698.7,65631.83,66280.2,67534.69,14542.26988,35351.87091,8032.84131,9.688635727821527E8,2.3780791505678473E9,5.475920788471988E8,4679351,5044912,1593539,7106.70741,15001.46034,4003.46206,4.734562230721071E8,1.0109700431452413E9,2.7291969267728E8,67003.73,68020.01,67975.93,1.422,1.4068,1.4292,1.4381,1.4389,1.4642,1.382,1.3775,1.4198,1.082596771E8,1.237097044E8,5.39979203E7,1.5252921026218E8,1.7529941800269E8,7.775530709025E7,885502,1033248,454239,4.96271415E7,6.29801381E7,2.52450589E7,6.992733125651E7,8.929267180546E7,3.637308331257E7,1.4068,1.4292,1.4304,81.61,82.5,84.68,82.67,85.49,86.72,79.61,81.77,83.97,2848277.49,3754556.759,1780748.862,2.3138577897627E8,3.143517284764E8,1.5219072200216E8,946105,1184887,501200,1441047.461,1792745.473,853621.901,1.1701596507576E8,1.5010710172758E8,7.298505155797E7,82.5,84.67,85.17,53.32,52.71,55.19,53.73,55.47,56.01,51.42,52.66,54.82,266659.855,463361.849,242511.391,1.401661077875E7,2.519079437633E7,1.342099382085E7,177298,247994,129022,131754.862,238052.659,131023.911,6928661.554,1.29543723959E7,7252760.382,52.7,55.19,54.9,1955.9,1949.08,1968.88,1987.55,1981.18,1995.56,1907,1922.97,1955.62,300257.0733,386253.5557,179173.8456,5.83869775947742E8,7.55968932473526E8,3.54489354648235E8,3793608,3948261,1362230,142030.3122,186424.2257,91535.9107,2.76036975737437E8,3.64867772122704E8,1.81134209820953E8,1949.08,1968.88,1973.35,1957.82
2026-02-22T22:38:47,67003.73,68020,67975.93,68318.39,68698.7,68245,66280.2,67534.69,67190,35351.87091,8032.84131,8175.13484,2.3780791505678473E9,5.475920788471988E8,5.536133355774136E8,5044912,1593539,2160900,15001.46034,4003.46206,3974.29287,1.0109700431452413E9,2.7291969267728E8,2.690810936109383E8,68020.01,67975.93,67643.4,1.4068,1.4292,1.4303,1.4389,1.4642,1.4338,1.3775,1.4198,1.38,1.237097044E8,5.39979203E7,6.1166336E7,1.7529941800269E8,7.775530709025E7,8.587944958334E7,1033248,454239,455685,6.29801381E7,2.52450589E7,2.84498158E7,8.929267180546E7,3.637308331257E7,3.991711834359E7,1.4292,1.4304,1.3932,82.5,84.68,85.17,85.49,86.72,85.6,81.77,83.97,82.48,3754556.759,1780748.862,1798852.596,3.143517284764E8,1.5219072200216E8,1.5139293393976E8,1184887,501200,478017,1792745.473,853621.901,884360.629,1.5010710172758E8,7.298505155797E7,7.438975312978E7,84.67,85.17,82.79,52.71,55.19,54.91,55.47,56.01,54.92,52.66,54.82,52.94,463361.849,242511.391,231209.383,2.519079437633E7,1.342099382085E7,1.243990054386E7,247994,129022,111289,238052.659,131023.911,112032.994,1.29543723959E7,7252760.382,6032959.075,55.19,54.9,53.48,1949.08,1968.88,1973.35,1981.18,1995.56,1983.13,1922.97,1955.62,1935,386253.5557,179173.8456,155325.6482,7.55968932473526E8,3.54489354648235E8,3.04517550298572E8,3948261,1362230,1850073,186424.2257,91535.9107,77240.1124,3.64867772122704E8,1.81134209820953E8,1.51464074945039E8,1968.88,1973.35,1957.82,1856.3
2026-02-23T22:38:47,68020,67975.93,67643.39,68698.7,68245,67684.86,67534.69,67190,63888.79,8032.84131,8175.13484,33075.90923,5.475920788471988E8,5.536133355774136E8,2.1581586561215167E9,1593539,2160900,8268695,4003.46206,3974.29287,16388.63858,2.7291969267728E8,2.690810936109383E8,1.0693288600589625E9,67975.93,67643.4,64656.02,1.4292,1.4303,1.3932,1.4642,1.4338,1.4248,1.4198,1.38,1.3301,5.39979203E7,6.1166336E7,1.888957004E8,7.775530709025E7,8.587944958334E7,2.5869495026527E8,454239,455685,1477289,2.52450589E7,2.84498158E7,8.75084462E7,3.637308331257E7,3.991711834359E7,1.1967850465587E8,1.4304,1.3932,1.3518,84.68,85.17,82.8,86.72,85.6,82.85,83.97,82.48,77.15,1780748.862,1798852.596,5163373.383,1.5219072200216E8,1.5139293393976E8,4.0788433570471E8,501200,478017,1508435,853621.901,884360.629,2566537.654,7.298505155797E7,7.438975312978E7,2.0262728980864E8,85.17,82.79,77.9,55.19,54.91,53.48,56.01,54.92,53.55,54.82,52.94,50.72,242511.391,231209.383,349970.204,1.342099382085E7,1.243990054386E7,1.816167977868E7,129022,111289,227901,131023.911,112032.994,163764.655,7252760.382,6032959.075,8495613.93,54.9,53.48,51.35,1968.88,1973.35,1957.82,1995.56,1983.13,1958.33,1955.62,1935,1837.13,179173.8456,155325.6482,547359.4869,3.54489354648235E8,3.04517550298572E8,1.031859704045753E9,1362230,1850073,6684753,91535.9107,77240.1124,266498.7851,1.81134209820953E8,1.51464074945039E8,5.02378481411939E8,1973.35,1957.82,1856.3,1851.94
2026-02-24T22:38:47,67975.93,67643.39,64656.01,68245,67684.86,65026.75,67190,63888.79,62510.28,8175.13484,33075.90923,23102.83622,5.536133355774136E8,2.1581586561215167E9,1.4695121597199352E9,2160900,8268695,7553629,3974.29287,16388.63858,11150.61026,2.690810936109383E8,1.0693288600589625E9,7.092354319176984E8,67643.4,64656.02,64058.15,1.4303,1.3932,1.3519,1.4338,1.4248,1.3676,1.38,1.3301,1.3124,6.1166336E7,1.888957004E8,1.392395718E8,8.587944958334E7,2.5869495026527E8,1.8675709636945E8,455685,1477289,1184905,2.84498158E7,8.75084462E7,6.44534745E7,3.991711834359E7,1.1967850465587E8,8.645940893795E7,1.3932,1.3518,1.3482,85.17,82.8,77.91,85.6,82.85,79.62,82.48,77.15,75.63,1798852.596,5163373.383,3592828.376,1.5139293393976E8,4.0788433570471E8,2.780029909516E8,478017,1508435,1232135,884360.629,2566537.654,1792005.524,7.438975312978E7,2.0262728980864E8,1.3872474112602E8,82.79,77.9,78.99,54.91,53.48,51.35,54.92,53.55,51.9,52.94,50.72,50.18,231209.383,349970.204,376143.687,1.243990054386E7,1.816167977868E7,1.918027833098E7,111289,227901,206302,112032.994,163764.655,171815.79,6032959.075,8495613.93,8765389.687,53.48,51.35,51.15,1973.35,1957.82,1856.3,1983.13,1958.33,1869.58,1935,1837.13,1800,155325.6482,547359.4869,438064.0284,3.04517550298572E8,1.031859704045753E9,8.04280693829216E8,1850073,6684753,6607359,77240.1124,266498.7851,205850.4101,1.51464074945039E8,5.02378481411939E8,3.78122255429729E8,1957.82,1856.3,1851.94,2057.48
2026-02-25T22:38:47,67643.39,64656.01,64058.15,67684.86,65026.75,69988.83,63888.79,62510.28,63913.27,33075.90923,23102.83622,30749.99259,2.1581586561215167E9,1.4695121597199352E9,2.064089702844435E9,8268695,7553629,7096715,16388.63858,11150.61026,16382.91985,1.0693288600589625E9,7.092354319176984E8,1.098904977008272E9,64656.02,64058.15,67988.04,1.3932,1.3519,1.3483,1.4248,1.3676,1.4935,1.3301,1.3124,1.3404,1.888957004E8,1.392395718E8,2.450885052E8,2.5869495026527E8,1.8675709636945E8,3.4896036929078E8,1477289,1184905,1713510,8.75084462E7,6.44534745E7,1.221194639E8,1.1967850465587E8,8.645940893795E7,1.7375757877421E8,1.3518,1.3482,1.4339,82.8,77.91,78.99,82.85,79.62,92.1,77.15,75.63,78.73,5163373.383,3592828.376,5632749.415,4.0788433570471E8,2.780029909516E8,4.8143326920429E8,1508435,1232135,2076213,2566537.654,1792005.524,2958342.232,2.0262728980864E8,1.3872474112602E8,2.529757619521E8,77.9,78.99,88.06,53.48,51.35,51.16,53.55,51.9,59,50.72,50.18,51.03,349970.204,376143.687,683585.789,1.816167977868E7,1.918027833098E7,3.80595715132E7,227901,206302,338588,163764.655,171815.79,335310.525,8495613.93,8765389.687,1.862778361077E7,51.35,51.15,56.76,1957.82,1856.3,1851.95,1958.33,1869.58,2148.39,1837.13,1800,1846.74,547359.4869,438064.0284,682979.4378,1.031859704045753E9,8.04280693829216E8,1.366356333151672E9,6684753,6607359,9024746,266498.7851,205850.4101,343230.549,5.02378481411939E8,3.78122255429729E8,6.86156732823848E8,1856.3,1851.94,2057.48,2027.68
2026-02-26T22:38:47,64656.01,64058.15,67988.04,65026.75,69988.83,68860,62510.28,63913.27,66500,23102.83622,30749.99259,20737.77792,1.4695121597199352E9,2.064089702844435E9,1.404774665564561E9,7553629,7096715,5426137,11150.61026,16382.91985,10172.50047,7.092354319176984E8,1.098904977008272E9,6.89304052453067E8,64058.15,67988.04,67485.18,1.3519,1.3483,1.4338,1.3676,1.4935,1.4691,1.3124,1.3404,1.3827,1.392395718E8,2.450885052E8,1.608291418E8,1.8675709636945E8,3.4896036929078E8,2.2879432521921E8,1184905,1713510,1216393,6.44534745E7,1.221194639E8,7.78864579E7,8.645940893795E7,1.7375757877421E8,1.1073416697347E8,1.3482,1.4339,1.4027,77.91,78.99,88.05,79.62,92.1,89.27,75.63,78.73,84.34,3592828.376,5632749.415,3356890.979,2.780029909516E8,4.8143326920429E8,2.9227135894249E8,1232135,2076213,1381041,1792005.524,2958342.232,1672944.871,1.3872474112602E8,2.529757619521E8,1.4570030815216E8,78.99,88.06,85.91,51.35,51.16,56.76,51.9,59,57.09,50.18,51.03,54.42,376143.687,683585.789,339639.683,1.918027833098E7,3.80595715132E7,1.897997432972E7,206302,338588,231245,171815.79,335310.525,168752.736,8765389.687,1.862778361077E7,9433363.439,51.15,56.76,55.62,1856.3,1851.95,2057.48,1869.58,2148.39,2083.33,1800,1846.74,1975.35,438064.0284,682979.4378,439783.3566,8.04280693829216E8,1.366356333151672E9,8.97062353242189E8,6607359,9024746,7142316,205850.4101,343230.549,224781.9099,3.78122255429729E8,6.86156732823848E8,4.58691743982327E8,1851.94,2057.48,2027.68,1929.84
2026-02-27T22:38:47,64058.15,67988.04,67485.19,69988.83,68860,68216.8,63913.27,66500,64914.46,30749.99259,20737.77792,21228.58424,2.064089702844435E9,1.404774665564561E9,1.4120338235619729E9,7096715,5426137,3856064,16382.91985,10172.50047,10107.20917,1.098904977008272E9,6.89304052453067E8,6.71986242524662E8,67988.04,67485.18,65872.1,1.3483,1.4338,1.4027,1.4935,1.4691,1.4262,1.3404,1.3827,1.3386,2.450885052E8,1.608291418E8,1.651081686E8,3.4896036929078E8,2.2879432521921E8,2.2695319407107E8,1713510,1216393,1010806,1.221194639E8,7.78864579E7,8.34629174E7,1.7375757877421E8,1.1073416697347E8,1.1478697811439E8,1.4339,1.4027,1.3562,78.99,88.05,85.91,92.1,89.27,88.29,78.73,84.34,80.32,5632749.415,3356890.979,3370499.359,4.8143326920429E8,2.9227135894249E8,2.8237239931505E8,2076213,1381041,1290836,2958342.232,1672944.871,1608089.537,2.529757619521E8,1.4570030815216E8,1.3478434690712E8,88.06,85.91,81.85,51.16,56.76,55.61,59,57.09,56.39,51.03,54.42,53.42,683585.789,339639.683,305470.267,3.80595715132E7,1.897997432972E7,1.67647751029E7,338588,231245,201256,335310.525,168752.736,157289.285,1.862778361077E7,9433363.439,8638159.274,56.76,55.62,54.56,1851.95,2057.48,2027.68,2148.39,2083.33,2063.52,1846.74,1975.35,1887,682979.4378,439783.3566,428687.234,1.366356333151672E9,8.97062353242189E8,8.46919721884444E8,9024746,7142316,5213158,343230.549,224781.9099,214287.6264,6.86156732823848E8,4.58691743982327E8,4.22880876500186E8,2057.48,2027.68,1929.84,1964.51
2026-02-28T22:38:47,67988.04,67485.19,65872.09,68860,68216.8,67760,66500,64914.46,63030,20737.77792,21228.58424,22548.71649,1.404774665564561E9,1.4120338235619729E9,1.4628644082615664E9,5426137,3856064,5268514,10172.50047,10107.20917,11531.10802,6.89304052453067E8,6.71986242524662E8,7.481903904323822E8,67485.18,65872.1,66973.26,1.4338,1.4027,1.3562,1.4691,1.4262,1.3931,1.3827,1.3386,1.27,1.608291418E8,1.651081686E8,2.299896797E8,2.2879432521921E8,2.2695319407107E8,3.0457928442876E8,1216393,1010806,1360492,7.78864579E7,8.34629174E7,1.111286969E8,1.1073416697347E8,1.1478697811439E8,1.4732635387579E8,1.4027,1.3562,1.3762,88.05,85.91,81.84,89.27,88.29,85.65,84.34,80.32,77.12,3356890.979,3370499.359,4737699.879,2.9227135894249E8,2.8237239931505E8,3.8101810331188E8,1381041,1290836,1652423,1672944.871,1608089.537,2316943.669,1.4570030815216E8,1.3478434690712E8,1.8642127138615E8,85.91,81.85,84.35,56.76,55.61,54.55,57.09,56.39,54.96,54.42,53.42,51.47,339639.683,305470.267,383397.838,1.897997432972E7,1.67647751029E7,2.036274160841E7,231245,201256,270111,168752.736,157289.285,201159.463,9433363.439,8638159.274,1.069275144483E7,55.62,54.56,54.4,2057.48,2027.68,1929.84,2083.33,2063.52,1984.99,1975.35,1887,1835.36,439783.3566,428687.234,461680.9835,8.97062353242189E8,8.46919721884444E8,8.77128283233712E8,7142316,5213158,6186042,224781.9099,214287.6264,229978.4238,4.58691743982327E8,4.22880876500186E8,4.37053523083052E8,2027.68,1929.84,1964.51,1939.71
2026-03-01T22:38:47,67485.19,65872.09,66973.26,68216.8,67760,68199.99,64914.46,63030,65056,21228.58424,22548.71649,23201.85859,1.4120338235619729E9,1.4628644082615664E9,1.5457837429062002E9,3856064,5268514,5312013,10107.20917,11531.10802,11209.77201,6.71986242524662E8,7.481903904323822E8,7.471619228484616E8,65872.1,66973.26,65776.47,1.4027,1.3562,1.3761,1.4262,1.3931,1.4333,1.3386,1.27,1.3369,1.651081686E8,2.299896797E8,1.779413269E8,2.2695319407107E8,3.0457928442876E8,2.4677515812428E8,1010806,1360492,1320595,8.34629174E7,1.111286969E8,8.67137244E7,1.1478697811439E8,1.4732635387579E8,1.2024799729241E8,1.3562,1.3762,1.3524,85.91,81.84,84.35,88.29,85.65,88.9,80.32,77.12,81.69,3370499.359,4737699.879,4435194.222,2.8237239931505E8,3.8101810331188E8,3.7970457389707E8,1290836,1652423,1639105,1608089.537,2316943.669,2143442.217,1.3478434690712E8,1.8642127138615E8,1.8346043954458E8,81.85,84.35,83.6,55.61,54.55,54.41,56.39,54.96,55.53,53.42,51.47,52.47,305470.267,383397.838,299256.409,1.67647751029E7,2.036274160841E7,1.615982822147E7,201256,270111,243982,157289.285,201159.463,145672.439,8638159.274,1.069275144483E7,7869797.854,54.56,54.4,53.24,2027.68,1929.84,1964.51,2063.52,1984.99,2054.8,1887,1835.36,1907.41,428687.234,461680.9835,529196.8464,8.46919721884444E8,8.77128283233712E8,1.051030823789445E9,5213158,6186042,6616298,214287.6264,229978.4238,254547.6476,4.22880876500186E8,4.37053523083052E8,5.05531901718655E8,1929.84,1964.51,1939.71,2027.35
2026-03-02T22:38:47,65872.09,66973.26,65776.48,67760,68199.99,70096,63030,65056,65259.21,22548.71649,23201.85859,32010.38431,1.4628644082615664E9,1.5457837429062002E9,2.164578841845917E9,5268514,5312013,8397526,11531.10802,11209.77201,15335.91369,7.481903904323822E8,7.471619228484616E8,1.0378715445481505E9,66973.26,65776.47,68830.06,1.3562,1.3761,1.3525,1.3931,1.4333,1.423,1.27,1.3369,1.3341,2.299896797E8,1.779413269E8,1.668020778E8,3.0457928442876E8,2.4677515812428E8,2.300932380767E8,1360492,1320595,1147060,1.111286969E8,8.67137244E7,7.65546155E7,1.4732635387579E8,1.2024799729241E8,1.0553463840718E8,1.3762,1.3524,1.39,81.84,84.35,83.61,85.65,88.9,90.29,77.12,81.69,82.37,4737699.879,4435194.222,5123433.26,3.8101810331188E8,3.7970457389707E8,4.4146607527522E8,1652423,1639105,2012450,2316943.669,2143442.217,2558006.604,1.8642127138615E8,1.8346043954458E8,2.2064054248227E8,84.35,83.6,86.64,54.55,54.41,53.25,54.96,55.53,55.72,51.47,52.47,52.95,383397.838,299256.409,462228.194,2.036274160841E7,1.615982822147E7,2.514342963107E7,270111,243982,285473,201159.463,145672.439,244467.986,1.069275144483E7,7869797.854,1.330303619557E7,54.4,53.24,54.61,1929.84,1964.51,1939.71,1984.99,2054.8,2090,1835.36,1907.41,1920,461680.9835,529196.8464,577406.3749,8.77128283233712E8,1.051030823789445E9,1.154427554493893E9,6186042,6616298,9343785,229978.4238,254547.6476,299199.2494,4.37053523083052E8,5.05531901718655E8,5.98658734971255E8,1964.51,1939.71,2027.35,1982.8
2026-03-03T22:38:47,66973.26,65776.48,68830.06,68199.99,70096,69258.08,65056,65259.21,66158,23201.85859,32010.38431,24972.2418,1.5457837429062002E9,2.164578841845917E9,1.6918486699430182E9,5312013,8397526,7648119,11209.77201,15335.91369,12331.622,7.471619228484616E8,1.0378715445481505E9,8.354610160946944E8,65776.47,68830.06,68338,1.3761,1.3525,1.3901,1.4333,1.423,1.3953,1.3369,1.3341,1.3366,1.779413269E8,1.668020778E8,1.356028974E8,2.4677515812428E8,2.300932380767E8,1.8472768685329E8,1320595,1147060,1007411,8.67137244E7,7.65546155E7,6.29568259E7,1.2024799729241E8,1.0553463840718E8,8.576914112572E7,1.3524,1.39,1.3607,84.35,83.61,86.65,88.9,90.29,87.46,81.69,82.37,82.5,4435194.222,5123433.26,4136742.745,3.7970457389707E8,4.4146607527522E8,3.5240798268373E8,1639105,2012450,1899723,2143442.217,2558006.604,2088429.65,1.8346043954458E8,2.2064054248227E8,1.779742467266E8,83.6,86.64,86.97,54.41,53.25,54.61,55.53,55.72,55.26,52.47,52.95,53.02,299256.409,462228.194,439975.97,1.615982822147E7,2.514342963107E7,2.386883446421E7,243982,285473,267831,145672.439,244467.986,198693.023,7869797.854,1.330303619557E7,1.07737479377E7,53.24,54.61,54.76,1964.51,1939.71,2027.34,2054.8,2090,2041.48,1907.41,1920,1929.56,529196.8464,577406.3749,509329.8534,1.051030823789445E9,1.154427554493893E9,1.007923347106694E9,6616298,9343785,8311355,254547.6476,299199.2494,254251.3309,5.05531901718655E8,5.98658734971255E8,5.03251034902722E8,1939.71,2027.35,1982.8,2127.28
2026-03-04T22:38:47,65776.48,68830.06,68338.01,70096,69258.08,74050,65259.21,66158,67400,32010.38431,24972.2418,44919.0761,2.164578841845917E9,1.6918486699430182E9,3.2028644476324606E9,8397526,7648119,8618302,15335.91369,12331.622,23641.35243,1.0378715445481505E9,8.354610160946944E8,1.685099057930178E9,68830.06,68338,72666.77,1.3525,1.3901,1.3607,1.423,1.3953,1.4732,1.3341,1.3366,1.3452,1.668020778E8,1.356028974E8,2.380257792E8,2.300932380767E8,1.8472768685329E8,3.3752683895515E8,1147060,1007411,1270039,7.65546155E7,6.29568259E7,1.110655616E8,1.0553463840718E8,8.576914112572E7,1.5767851493841E8,1.39,1.3607,1.4309,83.61,86.65,86.98,90.29,87.46,94.05,82.37,82.5,84.78,5123433.26,4136742.745,6329931.383,4.4146607527522E8,3.5240798268373E8,5.6909580357597E8,2012450,1899723,2311936,2558006.604,2088429.65,3204724.318,2.2064054248227E8,1.779742467266E8,2.883706051089E8,86.64,86.97,90.85,53.25,54.61,54.77,55.72,55.26,57.66,52.95,53.02,54.3,462228.194,439975.97,528737.562,2.514342963107E7,2.386883446421E7,2.967979684227E7,285473,267831,321571,244467.986,198693.023,263955.17,1.330303619557E7,1.07737479377E7,1.481951007907E7,54.61,54.76,56.77,1939.71,2027.34,1982.81,2090,2041.48,2199,1920,1929.56,1945.08,577406.3749,509329.8534,737644.8152,1.154427554493893E9,1.007923347106694E9,1.537991054004056E9,9343785,8311355,9527323,299199.2494,254251.3309,368171.8559,5.98658734971255E8,5.03251034902722E8,7.67713624115772E8,2027.35,1982.8,2127.28,2072.86
2026-03-05T22:38:47,68830.06,68338.01,72666.77,69258.08,74050,73558.15,66158,67400,70645.47,24972.2418,44919.0761,26590.51253,1.6918486699430182E9,3.2028644476324606E9,1.917514690387834E9,7648119,8618302,6709160,12331.622,23641.35243,12299.51467,8.354610160946944E8,1.685099057930178E9,8.867734624727771E8,68338,72666.77,70890.72,1.3901,1.3607,1.4309,1.3953,1.4732,1.4525,1.3366,1.3452,1.396,1.356028974E8,2.380257792E8,1.181689922E8,1.8472768685329E8,3.3752683895515E8,1.680702956447E8,1007411,1270039,966417,6.29568259E7,1.110655616E8,6.08477752E7,8.576914112572E7,1.5767851493841E8,8.655851496177E7,1.3607,1.4309,1.4037,86.65,86.98,90.86,87.46,94.05,92.96,82.5,84.78,87.91,4136742.745,6329931.383,3753710.608,3.5240798268373E8,5.6909580357597E8,3.3838102660303E8,1899723,2311936,1560359,2088429.65,3204724.318,1826589.831,1.779742467266E8,2.883706051089E8,1.6467909265204E8,86.97,90.85,88.77,54.61,54.77,56.77,55.26,57.66,57.27,53.02,54.3,55.03,439975.97,528737.562,390267.224,2.386883446421E7,2.967979684227E7,2.189569531222E7,267831,321571,252251,198693.023,263955.17,177143.763,1.07737479377E7,1.481951007907E7,9941531.498,54.76,56.77,55.46,2027.34,1982.81,2127.28,2041.48,2199,2163.66,1929.56,1945.08,2054.75,509329.8534,737644.8152,432157.8126,1.007923347106694E9,1.537991054004056E9,9.09578852988923E8,8311355,9527323,6753565,254251.3309,368171.8559,205453.4958,5.03251034902722E8,7.67713624115772E8,4.32642648347527E8,1982.8,2127.28,2072.86,1978.68
2026-03-06T22:38:47,68338.01,72666.77,70891.02,74050,73558.15,71419.98,67400,70645.47,67744.78,44919.0761,26590.51253,22629.88722,3.2028644476324606E9,1.917514690387834E9,1.574601198874888E9,8618302,6709160,5302899,23641.35243,12299.51467,10464.09351,1.685099057930178E9,8.867734624727771E8,7.280917577822127E8,72666.77,70890.72,68114.02,1.3607,1.4309,1.4038,1.4732,1.4525,1.4148,1.3452,1.396,1.346,2.380257792E8,1.181689922E8,1.138479789E8,3.3752683895515E8,1.680702956447E8,1.567627916806E8,1270039,966417,884241,1.110655616E8,6.08477752E7,5.31153294E7,1.5767851493841E8,8.655851496177E7,7.314273184626E7,1.4309,1.4037,1.3633,86.98,90.86,88.78,94.05,92.96,89.31,84.78,87.91,83.64,6329931.383,3753710.608,3135324.642,5.6909580357597E8,3.3838102660303E8,2.7044236096293E8,2311936,1560359,1074615,3204724.318,1826589.831,1431065.025,2.883706051089E8,1.6467909265204E8,1.2350784076447E8,90.85,88.77,84.7,54.77,56.77,55.47,57.66,57.27,55.89,54.3,55.03,53.12,528737.562,390267.224,299754.686,2.967979684227E7,2.189569531222E7,1.632103327426E7,321571,252251,184265,263955.17,177143.763,151170.728,1.481951007907E7,9941531.498,8232784.004,56.77,55.46,53.81,1982.81,2127.28,2072.86,2199,2163.66,2093.33,1945.08,2054.75,1955.95,737644.8152,432157.8126,411597.7569,1.537991054004056E9,9.09578852988923E8,8.31917068631373E8,9527323,6753565,5601424,368171.8559,205453.4958,197603.9435,7.67713624115772E8,4.32642648347527E8,3.99155087071218E8,2127.28,2072.86,1978.68,1969.59
2026-03-07T22:38:47,72666.77,70891.02,68114.02,73558.15,71419.98,68551.04,70645.47,67744.78,66915.26,26590.51253,22629.88722,12719.54315,1.917514690387834E9,1.574601198874888E9,8.617298618530488E8,6709160,5302899,2067476,12299.51467,10464.09351,5910.76849,8.867734624727771E8,7.280917577822127E8,4.004775183566913E8,70890.72,68114.02,67262.91,1.4309,1.4038,1.3632,1.4525,1.4148,1.3749,1.396,1.346,1.3468,1.181689922E8,1.138479789E8,4.77766373E7,1.680702956447E8,1.567627916806E8,6.504782155857E7,966417,884241,313956,6.08477752E7,5.31153294E7,2.25104314E7,8.655851496177E7,7.314273184626E7,3.065299317955E7,1.4037,1.3633,1.3567,90.86,88.78,84.69,92.96,89.31,85.07,87.91,83.64,82.28,3753710.608,3135324.642,1465281.721,3.3838102660303E8,2.7044236096293E8,1.2296379886816E8,1560359,1074615,449215,1826589.831,1431065.025,717082.462,1.6467909265204E8,1.2350784076447E8,6.020653808481E7,88.77,84.7,83.22,56.77,55.47,53.8,57.27,55.89,54.29,55.03,53.12,53.21,390267.224,299754.686,262288.031,2.189569531222E7,1.632103327426E7,1.412677708158E7,252251,184265,112232,177143.763,151170.728,142423.528,9941531.498,8232784.004,7671938.081,55.46,53.81,53.58,2127.28,2072.86,1978.68,2163.66,2093.33,1996.04,2054.75,1955.95,1948.09,432157.8126,411597.7569,184459.82,9.09578852988923E8,8.31917068631373E8,3.6452923478772E8,6753565,5601424,2029543,205453.4958,197603.9435,89270.3932,4.32642648347527E8,3.99155087071218E8,1.76467060503114E8,2072.86,1978.68,1969.59,1937.1
2026-03-08T22:38:47,70891.02,68114.02,67262.91,71419.98,68551.04,68200,67744.78,66915.26,65618.49,22629.88722,12719.54315,21593.63901,1.574601198874888E9,8.617298618530488E8,1.4475221603154545E9,5302899,2067476,3028392,10464.09351,5910.76849,11268.64926,7.280917577822127E8,4.004775183566913E8,7.557323591696719E8,68114.02,67262.91,65971.2,1.4038,1.3632,1.3568,1.4148,1.3749,1.3712,1.346,1.3468,1.3218,1.138479789E8,4.77766373E7,7.98256437E7,1.567627916806E8,6.504782155857E7,1.0768197934124E8,884241,313956,585270,5.31153294E7,2.25104314E7,3.78865614E7,7.314273184626E7,3.065299317955E7,5.112346605987E7,1.3633,1.3567,1.34,88.78,84.69,83.22,89.31,85.07,84.13,83.64,82.28,80.26,3135324.642,1465281.721,2102965.687,2.7044236096293E8,1.2296379886816E8,1.7299619881307E8,1074615,449215,874561,1431065.025,717082.462,1060648.598,1.2350784076447E8,6.020653808481E7,8.733621882438E7,84.7,83.22,81.59,55.47,53.8,53.59,55.89,54.29,53.94,53.12,53.21,51.88,299754.686,262288.031,398559.551,1.632103327426E7,1.412677708158E7,2.113086460299E7,184265,112232,179938,151170.728,142423.528,187345.094,8232784.004,7671938.081,9943156.421,53.81,53.58,52.59,2072.86,1978.68,1969.6,2093.33,1996.04,1979.8,1955.95,1948.09,1916.14,411597.7569,184459.82,391189.7317,8.31917068631373E8,3.6452923478772E8,7.61435521244382E8,5601424,2029543,4044585,197603.9435,89270.3932,190729.8992,3.99155087071218E8,1.76467060503114E8,3.71905575962306E8,1978.68,1969.59,1937.1,1992.98
2026-03-09T22:38:47,68114.02,67262.91,65971.2,68551.04,68200,69516.65,66915.26,65618.49,65821.97,12719.54315,21593.63901,28896.7213,8.617298618530488E8,1.4475221603154545E9,1.96762205144968E9,2067476,3028392,5093667,5910.76849,11268.64926,14101.45378,4.004775183566913E8,7.557323591696719E8,9.601957729159064E8,67262.91,65971.2,68432.16,1.3632,1.3568,1.3401,1.3749,1.3712,1.3841,1.3468,1.3218,1.333,4.77766373E7,7.98256437E7,1.301008012E8,6.504782155857E7,1.0768197934124E8,1.766316099395E8,313956,585270,1032665,2.25104314E7,3.78865614E7,6.75034396E7,3.065299317955E7,5.112346605987E7,9.163919178886E7,1.3567,1.34,1.3631,84.69,83.22,81.6,85.07,84.13,87.06,82.28,80.26,81.54,1465281.721,2102965.687,3594057.289,1.2296379886816E8,1.7299619881307E8,3.0376298141433E8,449215,874561,1435938,717082.462,1060648.598,1842761.96,6.020653808481E7,8.733621882438E7,1.5573299004278E8,83.22,81.59,84.96,53.8,53.59,52.58,54.29,53.94,54.75,53.21,51.88,52.5,262288.031,398559.551,327230.42,1.412677708158E7,2.113086460299E7,1.758802768913E7,112232,179938,204901,142423.528,187345.094,169272.091,7671938.081,9943156.421,9097844.079,53.58,52.59,53.77,1978.68,1969.6,1937.11,1996.04,1979.8,2053.52,1948.09,1916.14,1929.65,184459.82,391189.7317,550825.4883,3.6452923478772E8,7.61435521244382E8,1.102883352283049E9,2029543,4044585,6360581,89270.3932,190729.8992,282877.29,1.76467060503114E8,3.71905575962306E8,5.66353976452963E8,1969.59,1937.1,1992.98,2036.51
2026-03-10T22:38:47,67262.91,65971.2,68432.16,68200,69516.65,71777,65618.49,65821.97,68391.41,21593.63901,28896.7213,32602.57726,1.4475221603154545E9,1.96762205144968E9,2.2925256214405203E9,3028392,5093667,5176064,11268.64926,14101.45378,16453.82839,7.557323591696719E8,9.601957729159064E8,1.1572389671004455E9,65971.2,68432.16,69948.63,1.3568,1.3401,1.3631,1.3712,1.3841,1.4427,1.3218,1.333,1.3605,7.98256437E7,1.301008012E8,1.763139066E8,1.0768197934124E8,1.766316099395E8,2.470304066345E8,585270,1032665,1200724,3.78865614E7,6.75034396E7,8.25050205E7,5.112346605987E7,9.163919178886E7,1.1548733844756E8,1.34,1.3631,1.3863,83.22,81.6,84.95,84.13,87.06,88.8,80.26,81.54,84.83,2102965.687,3594057.289,3643895.134,1.7299619881307E8,3.0376298141433E8,3.1574762725955E8,874561,1435938,1345421,1060648.598,1842761.96,1804358.795,8.733621882438E7,1.5573299004278E8,1.5640758046178E8,81.59,84.96,85.88,53.59,52.58,53.77,53.94,54.75,55,51.88,52.5,53.43,398559.551,327230.42,348345.87,2.113086460299E7,1.758802768913E7,1.888617621534E7,179938,204901,207079,187345.094,169272.091,180614.737,9943156.421,9097844.079,9790689.537,52.59,53.77,53.87,1969.6,1937.11,1992.97,1979.8,2053.52,2088.19,1916.14,1929.65,1991,391189.7317,550825.4883,463411.8739,7.61435521244382E8,1.102883352283049E9,9.48509257026159E8,4044585,6360581,5226998,190729.8992,282877.29,240013.7173,3.71905575962306E8,5.66353976452963E8,4.91126376680953E8,1937.1,1992.98,2036.51,2051.97
2026-03-11T22:38:47,65971.2,68432.16,69948.64,69516.65,71777,71321,65821.97,68391.41,68977.91,28896.7213,32602.57726,27249.27542,1.96762205144968E9,2.2925256214405203E9,1.9113005962341678E9,5093667,5176064,4759855,14101.45378,16453.82839,14015.31615,9.601957729159064E8,1.1572389671004455E9,9.829718055997225E8,68432.16,69948.63,70191.86,1.3401,1.3631,1.3864,1.3841,1.4427,1.4112,1.333,1.3605,1.3706,1.301008012E8,1.763139066E8,1.11034871E8,1.766316099395E8,2.470304066345E8,1.5430885885668E8,1032665,1200724,797517,6.75034396E7,8.25050205E7,5.11581392E7,9.163919178886E7,1.1548733844756E8,7.10924427777E7,1.3631,1.3863,1.3847,81.6,84.95,85.88,87.06,88.8,88.09,81.54,84.83,84.36,3594057.289,3643895.134,3182175.739,3.0376298141433E8,3.1574762725955E8,2.7458402230669E8,1435938,1345421,1160083,1842761.96,1804358.795,1642729.604,1.5573299004278E8,1.5640758046178E8,1.4177427971997E8,84.96,85.88,86.58,52.58,53.77,53.87,54.75,55,55.28,52.5,53.43,53.54,327230.42,348345.87,272644.402,1.758802768913E7,1.888617621534E7,1.485088085647E7,204901,207079,158910,169272.091,180614.737,127442.237,9097844.079,9790689.537,6941280.624,53.77,53.87,54.8,1937.11,1992.97,2036.5,2053.52,2088.19,2085.58,1929.65,1991,2007.17,550825.4883,463411.8739,350061.256,1.102883352283049E9,9.48509257026159E8,7.17032957206017E8,6360581,5226998,4730286,282877.29,240013.7173,172446.7326,5.66353976452963E8,4.91126376680953E8,3.53640487903065E8,1992.98,2036.51,2051.97,2073.52
2026-03-12T22:38:47,68432.16,69948.64,70191.86,71777,71321,70800,68391.41,68977.91,69205.91,32602.57726,27249.27542,21997.1605,2.2925256214405203E9,1.9113005962341678E9,1.540745224510106E9,5176064,4759855,4344059,16453.82839,14015.31615,10545.03396,1.1572389671004455E9,9.829718055997225E8,7.387581118989177E8,69948.63,70191.86,70541.34,1.3631,1.3864,1.3847,1.4427,1.4112,1.3936,1.3605,1.3706,1.365,1.763139066E8,1.11034871E8,8.96896073E7,2.470304066345E8,1.5430885885668E8,1.2363972383376E8,1200724,797517,612048,8.25050205E7,5.11581392E7,4.38778681E7,1.1548733844756E8,7.10924427777E7,6.04715912967E7,1.3863,1.3847,1.3846,84.95,85.88,86.58,88.8,88.09,87.69,84.83,84.36,84.72,3643895.134,3182175.739,2913681.148,3.1574762725955E8,2.7458402230669E8,2.5146159054647E8,1345421,1160083,1011244,1804358.795,1642729.604,1514674.762,1.5640758046178E8,1.4177427971997E8,1.3073562026902E8,85.88,86.58,86.84,53.77,53.87,54.8,55,55.28,55,53.43,53.54,53.8,348345.87,272644.402,271228.185,1.888617621534E7,1.485088085647E7,1.474249711824E7,207079,158910,149964,180614.737,127442.237,145028.3,9790689.537,6941280.624,7884003.166,53.87,54.8,54.56,1992.97,2036.5,2051.97,2088.19,2085.58,2095,1991,2007.17,2017.59,463411.8739,350061.256,400507.8132,9.48509257026159E8,7.17032957206017E8,8.24458252126678E8,5226998,4730286,4757775,240013.7173,172446.7326,196694.8334,4.91126376680953E8,3.53640487903065E8,4.04852828040824E8,2036.51,2051.97,2073.52,2092.22
2026-03-13T22:38:47,69948.64,70191.86,70541.34,71321,70800,73913.74,68977.91,69205.91,70386.01,27249.27542,21997.1605,35996.61678,1.9113005962341678E9,1.540745224510106E9,2.591768526296147E9,4759855,4344059,5312490,14015.31615,10545.03396,18310.3426,9.829718055997225E8,7.387581118989177E8,1.3195306529586313E9,70191.86,70541.34,70930,1.3864,1.3847,1.3846,1.4112,1.3936,1.4528,1.3706,1.365,1.3831,1.11034871E8,8.96896073E7,2.030747255E8,1.5430885885668E8,1.2363972383376E8,2.8796460726107E8,797517,612048,1088824,5.11581392E7,4.38778681E7,9.7464057E7,7.10924427777E7,6.04715912967E7,1.3822740229546E8,1.3847,1.3846,1.3989,85.88,86.58,86.83,88.09,87.69,92.98,84.36,84.72,86.71,3182175.739,2913681.148,4940378.617,2.7458402230669E8,2.5146159054647E8,4.4438286234735E8,1160083,1011244,1573489,1642729.604,1514674.762,2461290.957,1.4177427971997E8,1.3073562026902E8,2.2140656165744E8,86.58,86.84,88.18,53.87,54.8,54.57,55.28,55,56.71,53.54,53.8,54.47,272644.402,271228.185,337868.652,1.485088085647E7,1.474249711824E7,1.879973664269E7,158910,149964,215260,127442.237,145028.3,167321.985,6941280.624,7884003.166,9315517.589,54.8,54.56,55.3,2036.5,2051.97,2073.51,2085.58,2095,2209.03,2007.17,2017.59,2070.12,350061.256,400507.8132,599657.0399,7.17032957206017E8,8.24458252126678E8,1.279403180493586E9,4730286,4757775,6138489,172446.7326,196694.8334,300361.2151,3.53640487903065E8,4.04852828040824E8,6.41144458022528E8,2051.97,2073.52,2092.22,2096.16
2026-03-14T22:38:47,70191.86,70541.34,70930.01,70800,73913.74,71307.92,69205.91,70386.01,70317,21997.1605,35996.61678,13017.24737,1.540745224510106E9,2.591768526296147E9,9.213086309462769E8,4344059,5312490,1661739,10545.03396,18310.3426,6242.10104,7.387581118989177E8,1.3195306529586313E9,4.418954053585625E8,70541.34,70930,71211.95,1.3847,1.3846,1.3988,1.3936,1.4528,1.4084,1.365,1.3831,1.3834,8.96896073E7,2.030747255E8,5.82111065E7,1.2363972383376E8,2.8796460726107E8,8.120716082588E7,612048,1088824,282488,4.38778681E7,9.7464057E7,2.63068489E7,6.04715912967E7,1.3822740229546E8,3.669845550746E7,1.3846,1.3989,1.4063,86.58,86.83,88.17,87.69,92.98,88.71,84.72,86.71,86.51,2913681.148,4940378.617,1498143.039,2.5146159054647E8,4.4438286234735E8,1.3102305050446E8,1011244,1573489,452790,1514674.762,2461290.957,752963.058,1.3073562026902E8,2.2140656165744E8,6.581998583125E7,86.84,88.18,88.03,54.8,54.57,55.3,55,56.71,55.84,53.8,54.47,54.37,271228.185,337868.652,225515.431,1.474249711824E7,1.879973664269E7,1.238898451032E7,149964,215260,106784,145028.3,167321.985,106081.929,7884003.166,9315517.589,5822628.852,54.56,55.3,54.98,2051.97,2073.51,2092.21,2095,2209.03,2106.09,2017.59,2070.12,2061.6,400507.8132,599657.0399,152500.5822,8.24458252126678E8,1.279403180493586E9,3.17648583840042E8,4757775,6138489,1584458,196694.8334,300361.2151,73409.361,4.04852828040824E8,6.41144458022528E8,1.52930062524787E8,2073.52,2092.22,2096.16,2178.3
2026-03-15T22:38:47,70541.34,70930.01,71211.95,73913.74,71307.92,73199,70386.01,70317,70858.82,35996.61678,13017.24737,14037.30704,2.591768526296147E9,9.213086309462769E8,1.0073349552436514E9,5312490,1661739,2509013,18310.3426,6242.10104,7307.01776,1.3195306529586313E9,4.418954053585625E8,5.244405197627765E8,70930,71211.95,72815.24,1.3846,1.3988,1.4063,1.4528,1.4084,1.4649,1.3831,1.3834,1.4021,2.030747255E8,5.82111065E7,9.74043997E7,2.8796460726107E8,8.120716082588E7,1.3892839917402E8,1088824,282488,574897,9.7464057E7,2.63068489E7,4.86583895E7,1.3822740229546E8,3.669845550746E7,6.94304183751E7,1.3989,1.4063,1.4487,86.83,88.17,88.04,92.98,88.71,93.23,86.71,86.51,87.36,4940378.617,1498143.039,2614547.105,4.4438286234735E8,1.3102305050446E8,2.3476748850501E8,1573489,452790,884525,2461290.957,752963.058,1425868.524,2.2140656165744E8,6.581998583125E7,1.2812133386646E8,88.18,88.03,92.3,54.57,55.3,54.98,56.71,55.84,56.41,54.47,54.37,54.69,337868.652,225515.431,247015.19,1.879973664269E7,1.238898451032E7,1.368932972171E7,215260,106784,128184,167321.985,106081.929,115518.4,9315517.589,5822628.852,6403421.561,55.3,54.98,56.27,2073.51,2092.21,2096.16,2209.03,2106.09,2202.87,2070.12,2061.6,2083.35,599657.0399,152500.5822,280825.9377,1.279403180493586E9,3.17648583840042E8,5.98811241300968E8,6138489,1584458,3001730,300361.2151,73409.361,146142.3746,6.41144458022528E8,1.52930062524787E8,3.11760540134007E8,2092.22,2096.16,2178.3,2352.97
2026-03-16T22:38:47,70930.01,71211.95,72815.25,71307.92,73199,74909.08,70317,70858.82,72270.41,13017.24737,14037.30704,28409.53019,9.213086309462769E8,1.0073349552436514E9,2.0958595115648637E9,1661739,2509013,5396482,6242.10104,7307.01776,15204.22255,4.418954053585625E8,5.244405197627765E8,1.1220451591994789E9,71211.95,72815.24,74884.67,1.3988,1.4063,1.4488,1.4084,1.4649,1.5522,1.3834,1.4021,1.4357,5.82111065E7,9.74043997E7,2.185791636E8,8.120716082588E7,1.3892839917402E8,3.264418863163E8,282488,574897,1383003,2.63068489E7,4.86583895E7,1.120913737E8,3.669845550746E7,6.94304183751E7,1.6729313130597E8,1.4063,1.4487,1.543,88.17,88.04,92.31,88.71,93.23,97.68,86.51,87.36,91.18,1498143.039,2614547.105,5621650.621,1.3102305050446E8,2.3476748850501E8,5.2805013414179E8,452790,884525,1713091,752963.058,1425868.524,2939860.344,6.581998583125E7,1.2812133386646E8,2.7630818964255E8,88.03,92.3,96.2,55.3,54.98,56.28,55.84,56.41,59.23,54.37,54.69,55.82,225515.431,247015.19,587196.808,1.238898451032E7,1.368932972171E7,3.389891698737E7,106784,128184,269948,106081.929,115518.4,285016.798,5822628.852,6403421.561,1.646072919981E7,54.98,56.27,58.7,2092.21,2096.16,2178.29,2106.09,2202.87,2386.02,2061.6,2083.35,2164.73,152500.5822,280825.9377,845892.7756,3.17648583840042E8,5.98811241300968E8,1.930037154480769E9,1584458,3001730,7409311,73409.361,146142.3746,445819.396,1.52930062524787E8,3.11760540134007E8,1.017103594869559E9,2096.16,2178.3,2352.97,2317.39
2026-03-17T22:38:47,71211.95,72815.25,74884.67,73199,74909.08,76000,70858.82,72270.41,73399.19,14037.30704,28409.53019,24521.26636,1.0073349552436514E9,2.0958595115648637E9,1.8259767313326733E9,2509013,5396482,4863187,7307.01776,15204.22255,11791.2523,5.244405197627765E8,1.1220451591994789E9,8.78396858780886E8,72815.24,74884.67,73909.36,1.4063,1.4488,1.5429,1.4649,1.5522,1.607,1.4021,1.4357,1.4941,9.74043997E7,2.185791636E8,2.328447301E8,1.3892839917402E8,3.264418863163E8,3.5747389614661E8,574897,1383003,1680614,4.86583895E7,1.120913737E8,1.158181172E8,6.94304183751E7,1.6729313130597E8,1.7802372093125E8,1.4487,1.543,1.5182,88.04,92.31,96.19,93.23,97.68,96.95,87.36,91.18,93.15,2614547.105,5621650.621,2833557.586,2.3476748850501E8,5.2805013414179E8,2.6810171495452E8,884525,1713091,1112613,1425868.524,2939860.344,1375922.322,1.2812133386646E8,2.7630818964255E8,1.3028577310802E8,92.3,96.2,94.62,54.98,56.28,58.69,56.41,59.23,59.26,54.69,55.82,57.31,247015.19,587196.808,402802.673,1.368932972171E7,3.389891698737E7,2.344015030041E7,128184,269948,214662,115518.4,285016.798,206304.377,6403421.561,1.646072919981E7,1.201095444593E7,56.27,58.7,58.09,2096.16,2178.29,2352.97,2202.87,2386.02,2376.66,2083.35,2164.73,2294.15,280825.9377,845892.7756,493831.1016,5.98811241300968E8,1.930037154480769E9,1.152094007668437E9,3001730,7409311,5596636,146142.3746,445819.396,240136.5065,3.11760540134007E8,1.017103594869559E9,5.60589683752158E8,2178.3,2352.97,2317.39,2203.39
2026-03-18T22:38:47,72815.25,74884.67,73909.37,74909.08,76000,74672.34,72270.41,73399.19,70500,28409.53019,24521.26636,23392.88093,2.0958595115648637E9,1.8259767313326733E9,1.6929498389777424E9,5396482,4863187,4733897,15204.22255,11791.2523,11709.17057,1.1220451591994789E9,8.78396858780886E8,8.479054826972562E8,74884.67,73909.36,71246.54,1.4488,1.5429,1.5182,1.5522,1.607,1.5414,1.4357,1.4941,1.4359,2.185791636E8,2.328447301E8,1.395376856E8,3.264418863163E8,3.5747389614661E8,2.065681455128E8,1383003,1680614,1028965,1.120913737E8,1.158181172E8,6.74911549E7,1.6729313130597E8,1.7802372093125E8,9.991070444566E7,1.543,1.5182,1.4647,92.31,96.19,94.61,97.68,96.95,95.65,91.18,93.15,88.55,5621650.621,2833557.586,3293861.558,5.2805013414179E8,2.6810171495452E8,3.0091740538526E8,1713091,1112613,1252844,2939860.344,1375922.322,1605377.893,2.7630818964255E8,1.3028577310802E8,1.4654402507621E8,96.2,94.62,90.08,56.28,58.69,58.09,59.23,59.26,58.56,55.82,57.31,55.3,587196.808,402802.673,355225.613,3.389891698737E7,2.344015030041E7,2.011022413314E7,269948,214662,198224,285016.798,206304.377,160825.572,1.646072919981E7,1.201095444593E7,9103196.023,58.7,58.09,56.08,2178.29,2352.97,2317.38,2386.02,2376.66,2350,2164.73,2294.15,2153.21,845892.7756,493831.1016,488040.8887,1.930037154480769E9,1.152094007668437E9,1.091022905103254E9,7409311,5596636,5684937,445819.396,240136.5065,232364.5906,1.017103594869559E9,5.60589683752158E8,5.19214878002058E8,2352.97,2317.39,2203.39,2137.81
2026-03-19T22:38:47,74884.67,73909.37,71246.55,76000,74672.34,71613.79,73399.19,70500,68793.35,24521.26636,23392.88093,22364.81819,1.8259767313326733E9,1.6929498389777424E9,1.5665739498604124E9,4863187,4733897,4972526,11791.2523,11709.17057,10489.13676,8.78396858780886E8,8.479054826972562E8,7.346346232873883E8,73909.36,71246.54,69930,1.5429,1.5182,1.4648,1.607,1.5414,1.4817,1.4941,1.4359,1.4219,2.328447301E8,1.395376856E8,1.189073526E8,3.5747389614661E8,2.065681455128E8,1.725356647207E8,1680614,1028965,980129,1.158181172E8,6.74911549E7,5.51997983E7,1.7802372093125E8,9.991070444566E7,8.012184337424E7,1.5182,1.4647,1.4475,96.19,94.61,90.07,96.95,95.65,91.41,93.15,88.55,87,2833557.586,3293861.558,2609542.924,2.6810171495452E8,3.0091740538526E8,2.3209970487992E8,1112613,1252844,969701,1375922.322,1605377.893,1320188.037,1.3028577310802E8,1.4654402507621E8,1.1743725068552E8,94.62,90.08,88.89,58.69,58.09,56.08,59.26,58.56,56.35,57.31,55.3,54.59,402802.673,355225.613,266053.615,2.344015030041E7,2.011022413314E7,1.470465070353E7,214662,198224,174237,206304.377,160825.572,130828.917,1.201095444593E7,9103196.023,7226306.579,58.09,56.08,55.54,2352.97,2317.38,2203.39,2376.66,2350,2233.72,2294.15,2153.21,2099.38,493831.1016,488040.8887,490791.679,1.152094007668437E9,1.091022905103254E9,1.055407061657721E9,5596636,5684937,6142160,240136.5065,232364.5906,235483.1788,5.60589683752158E8,5.19214878002058E8,5.06383264144461E8,2317.39,2203.39,2137.81,2146.22
2026-03-20T22:38:47,73909.37,71246.55,69930.01,74672.34,71613.79,71367,70500,68793.35,69388,23392.88093,22364.81819,18121.16745,1.6929498389777424E9,1.5665739498604124E9,1.2738128406886704E9,4733897,4972526,4369971,11709.17057,10489.13676,8801.41211,8.479054826972562E8,7.346346232873883E8,6.187819382268149E8,71246.54,69930,70510.73,1.5182,1.4648,1.4475,1.5414,1.4817,1.4665,1.4359,1.4219,1.4248,1.395376856E8,1.189073526E8,8.79556836E7,2.065681455128E8,1.725356647207E8,1.2718619600855E8,1028965,980129,699336,6.74911549E7,5.51997983E7,4.4839408E7,9.991070444566E7,8.012184337424E7,6.484993697772E7,1.4647,1.4475,1.4452,94.61,90.07,88.9,95.65,91.41,90.45,88.55,87,88.13,3293861.558,2609542.924,2201411.538,3.0091740538526E8,2.3209970487992E8,1.9642107004267E8,1252844,969701,829967,1605377.893,1320188.037,1141148.706,1.4654402507621E8,1.1743725068552E8,1.018419000551E8,90.08,88.89,89.84,58.09,56.08,55.53,58.56,56.35,56.47,55.3,54.59,55.17,355225.613,266053.615,221084.585,2.011022413314E7,1.470465070353E7,1.231605112424E7,198224,174237,144094,160825.572,130828.917,109524.558,9103196.023,7226306.579,6101458.12,56.08,55.54,56.17,2317.38,2203.39,2137.82,2350,2233.72,2176.84,2153.21,2099.38,2116.88,488040.8887,490791.679,300156.1778,1.091022905103254E9,1.055407061657721E9,6.42995528130654E8,5684937,6142160,4595372,232364.5906,235483.1788,162200.144,5.19214878002058E8,5.06383264144461E8,3.4756218659691E8,2203.39,2137.81,2146.22,2084.87
2026-03-21T22:38:47,71246.55,69930.01,70510.73,71613.79,71367,71100.94,68793.35,69388,68571.42,22364.81819,18121.16745,13397.1675,1.5665739498604124E9,1.2738128406886704E9,9.42693882026424E8,4972526,4369971,1640086,10489.13676,8801.41211,6379.69313,7.346346232873883E8,6.187819382268149E8,4.491563609341547E8,69930,70510.73,68918.12,1.4648,1.4475,1.4452,1.4817,1.4665,1.453,1.4219,1.4248,1.4003,1.189073526E8,8.79556836E7,5.71475109E7,1.725356647207E8,1.2718619600855E8,8.205170057759E7,980129,699336,335146,5.51997983E7,4.4839408E7,2.60038834E7,8.012184337424E7,6.484993697772E7,3.73411156385E7,1.4475,1.4452,1.4086,90.07,88.9,89.85,91.41,90.45,90.81,87,88.13,87.14,2609542.924,2201411.538,1241845.225,2.3209970487992E8,1.9642107004267E8,1.1125609232793E8,969701,829967,430506,1320188.037,1141148.706,589404.904,1.1743725068552E8,1.018419000551E8,5.282314638536E7,88.89,89.84,87.56,56.08,55.53,56.18,56.35,56.47,56.59,54.59,55.17,54.42,266053.615,221084.585,194699.709,1.470465070353E7,1.231605112424E7,1.087465156483E7,174237,144094,103200,130828.917,109524.558,95771.379,7226306.579,6101458.12,5352882.535,55.54,56.17,54.81,2203.39,2137.82,2146.21,2233.72,2176.84,2168.27,2099.38,2116.88,2070.78,490791.679,300156.1778,132559.4646,1.055407061657721E9,6.42995528130654E8,2.83144610716903E8,6142160,4595372,1375463,235483.1788,162200.144,63249.5812,5.06383264144461E8,3.4756218659691E8,1.35224634234885E8,2137.81,2146.22,2084.87,2053.89
2026-03-22T22:38:47,69930.01,70510.73,68918.12,71367,71100.94,69588.79,69388,68571.42,67360.66,18121.16745,13397.1675,14843.78682,1.2738128406886704E9,9.42693882026424E8,1.0189264753196974E9,4369971,1640086,3269152,8801.41211,6379.69313,7292.32333,6.187819382268149E8,4.491563609341547E8,5.007000882518349E8,70510.73,68918.12,67859,1.4475,1.4452,1.4087,1.4665,1.453,1.4263,1.4248,1.4003,1.3712,8.79556836E7,5.71475109E7,7.71822064E7,1.2718619600855E8,8.205170057759E7,1.0792696888544E8,699336,335146,712228,4.4839408E7,2.60038834E7,3.56148503E7,6.484993697772E7,3.73411156385E7,4.97839432724E7,1.4452,1.4086,1.3848,88.9,89.85,87.55,90.45,90.81,89.2,88.13,87.14,85.14,2201411.538,1241845.225,2138087.131,1.9642107004267E8,1.1125609232793E8,1.8656007907073E8,829967,430506,792987,1141148.706,589404.904,1065007.562,1.018419000551E8,5.282314638536E7,9.29675516258E7,89.84,87.56,86.2,55.53,56.18,54.79,56.47,56.59,55.05,55.17,54.42,53.03,221084.585,194699.709,303410.591,1.231605112424E7,1.087465156483E7,1.641909936945E7,144094,103200,157394,109524.558,95771.379,149806.373,6101458.12,5352882.535,8108585.098,56.17,54.81,53.51,2137.82,2146.21,2084.86,2176.84,2168.27,2127.21,2116.88,2070.78,2026,300156.1778,132559.4646,313070.5572,6.42995528130654E8,2.83144610716903E8,6.50684776658794E8,4595372,1375463,3577857,162200.144,63249.5812,154345.7056,3.4756218659691E8,1.35224634234885E8,3.20941884725678E8,2146.22,2084.87,2053.89,2152.03
2026-03-23T22:38:47,70510.73,68918.12,67859,71100.94,69588.79,71817.09,68571.42,67360.66,67445.18,13397.1675,14843.78682,28335.09119,9.42693882026424E8,1.0189264753196974E9,1.980755169231694E9,1640086,3269152,6509730,6379.69313,7292.32333,14640.9723,4.491563609341547E8,5.007000882518349E8,1.0229707754557817E9,68918.12,67859,70906.45,1.4452,1.4087,1.3849,1.453,1.4263,1.4661,1.4003,1.3712,1.3618,5.71475109E7,7.71822064E7,1.700652593E8,8.205170057759E7,1.0792696888544E8,2.410269170104E8,335146,712228,1438671,2.60038834E7,3.56148503E7,8.29931587E7,3.73411156385E7,4.97839432724E7,1.1754709027273E8,1.4086,1.3848,1.4323,89.85,87.55,86.21,90.81,89.2,92.26,87.14,85.14,85.11,1241845.225,2138087.131,4561706.388,1.1125609232793E8,1.8656007907073E8,4.0866871198439E8,430506,792987,1666603,589404.904,1065007.562,2388137.442,5.282314638536E7,9.29675516258E7,2.1407148882523E8,87.56,86.2,91.43,56.18,54.79,53.51,56.59,55.05,56.16,54.42,53.03,53.27,194699.709,303410.591,361341.093,1.087465156483E7,1.641909936945E7,1.989071143721E7,103200,157394,236501,95771.379,149806.373,183217.794,5352882.535,8108585.098,1.008733220511E7,54.81,53.51,55.72,2146.21,2084.86,2053.9,2168.27,2127.21,2198.57,2070.78,2026,2023.04,132559.4646,313070.5572,614508.4369,2.83144610716903E8,6.50684776658794E8,1.308899803016499E9,1375463,3577857,7349668,63249.5812,154345.7056,310239.9864,1.35224634234885E8,3.20941884725678E8,6.60782033700741E8,2084.87,2053.89,2152.03,2156.23
2026-03-24T22:38:47,68918.12,67859,70906.45,69588.79,71817.09,71400,67360.66,67445.18,68923.07,14843.78682,28335.09119,20702.42244,1.0189264753196974E9,1.980755169231694E9,1.4553612292099645E9,3269152,6509730,4191328,7292.32333,14640.9723,9731.85043,5.007000882518349E8,1.0229707754557817E9,6.842540392949127E8,67859,70906.45,70556.74,1.4087,1.3849,1.4323,1.4263,1.4661,1.435,1.3712,1.3618,1.3835,7.71822064E7,1.700652593E8,1.033805003E8,1.0792696888544E8,2.410269170104E8,1.4574757947872E8,712228,1438671,673812,3.56148503E7,8.29931587E7,5.33248578E7,4.97839432724E7,1.1754709027273E8,7.518294686091E7,1.3848,1.4323,1.416,87.55,86.21,91.44,89.2,92.26,92.22,85.14,85.11,88.42,2138087.131,4561706.388,3086042.526,1.8656007907073E8,4.0866871198439E8,2.7895955129154E8,792987,1666603,1020843,1065007.562,2388137.442,1573214.538,9.29675516258E7,2.1407148882523E8,1.423002862154E8,86.2,91.43,90.8,54.79,53.51,55.73,55.05,56.16,56.5,53.03,53.27,55.05,303410.591,361341.093,251140.031,1.641909936945E7,1.989071143721E7,1.398851479047E7,157394,236501,152634,149806.373,183217.794,123546.971,8108585.098,1.008733220511E7,6883814.462,53.51,55.72,56.38,2084.86,2053.9,2152.03,2127.21,2198.57,2175.16,2026,2023.04,2103.02,313070.5572,614508.4369,316703.4728,6.50684776658794E8,1.308899803016499E9,6.7810564681039E8,3577857,7349668,4633093,154345.7056,310239.9864,152304.1675,3.20941884725678E8,6.60782033700741E8,3.26179427042751E8,2053.89,2152.03,2156.23,2169.02
2026-03-25T22:38:47,67859,70906.45,70556.74,71817.09,71400,72026.09,67445.18,68923.07,70408,28335.09119,20702.42244,17719.50066,1.980755169231694E9,1.4553612292099645E9,1.2610179885394323E9,6509730,4191328,3298902,14640.9723,9731.85043,8819.77787,1.0229707754557817E9,6.842540392949127E8,6.278749828921663E8,70906.45,70556.74,71336.53,1.3849,1.4323,1.416,1.4661,1.435,1.4379,1.3618,1.3835,1.4019,1.700652593E8,1.033805003E8,9.70408127E7,2.410269170104E8,1.4574757947872E8,1.377125281866E8,1438671,673812,535641,8.29931587E7,5.33248578E7,4.60675083E7,1.1754709027273E8,7.518294686091E7,6.538809172888E7,1.4323,1.416,1.4145,86.21,91.44,90.8,92.26,92.22,93.47,85.11,88.42,90.71,4561706.388,3086042.526,2652534.798,4.0866871198439E8,2.7895955129154E8,2.4437331011937E8,1666603,1020843,844728,2388137.442,1573214.538,1385531.891,2.1407148882523E8,1.423002862154E8,1.2764857752073E8,91.43,90.8,91.7,53.51,55.73,56.39,56.16,56.5,56.8,53.27,55.05,55.79,361341.093,251140.031,308934.412,1.989071143721E7,1.398851479047E7,1.740618272869E7,236501,152634,133351,183217.794,123546.971,146028.372,1.008733220511E7,6883814.462,8228790.263,55.72,56.38,56.65,2053.9,2152.03,2156.22,2198.57,2175.16,2199.02,2023.04,2103.02,2146.35,614508.4369,316703.4728,275641.5255,1.308899803016499E9,6.7810564681039E8,5.99018681167746E8,7349668,4633093,3492121,310239.9864,152304.1675,139003.4847,6.60782033700741E8,3.26179427042751E8,3.02159076486272E8,2152.03,2156.23,2169.02,2060.43
2026-03-26T22:38:47,70906.45,70556.74,71336.53,71400,72026.09,71436.82,68923.07,70408,68153,20702.42244,17719.50066,20820.45768,1.4553612292099645E9,1.2610179885394323E9,1.447699734339839E9,4191328,3298902,3597702,9731.85043,8819.77787,10116.39467,6.842540392949127E8,6.278749828921663E8,7.036500015901196E8,70556.74,71336.53,68820.31,1.4323,1.416,1.4145,1.435,1.4379,1.4165,1.3835,1.4019,1.336,1.033805003E8,9.70408127E7,1.308420254E8,1.4574757947872E8,1.377125281866E8,1.7935716490353E8,673812,535641,632117,5.33248578E7,4.60675083E7,6.00125927E7,7.518294686091E7,6.538809172888E7,8.23128876859E7,1.416,1.4145,1.3609,91.44,90.8,91.7,92.22,93.47,91.98,88.42,90.71,85.45,3086042.526,2652534.798,3566192.736,2.7895955129154E8,2.4437331011937E8,3.138487207704E8,1020843,844728,864864,1573214.538,1385531.891,1628293.113,1.423002862154E8,1.2764857752073E8,1.4314798257771E8,90.8,91.7,86.53,55.73,56.39,56.64,56.5,56.8,56.67,55.05,55.79,54.23,251140.031,308934.412,382513.198,1.398851479047E7,1.740618272869E7,2.099980053381E7,152634,133351,147781,123546.971,146028.372,164299.115,6883814.462,8228790.263,9021670.727,56.38,56.65,54.59,2152.03,2156.22,2169.02,2175.16,2199.02,2172.19,2103.02,2146.35,2034.54,316703.4728,275641.5255,338010.6238,6.7810564681039E8,5.99018681167746E8,7.05496760970934E8,4633093,3492121,3890747,152304.1675,139003.4847,171588.2134,3.26179427042751E8,3.02159076486272E8,3.57646756153379E8,2156.23,2169.02,2060.43,1992.75
2026-03-27T22:38:47,70556.74,71336.53,68820.31,72026.09,71436.82,69179.05,70408,68153,65548.25,17719.50066,20820.45768,28603.69557,1.2610179885394323E9,1.447699734339839E9,1.917318222709913E9,3298902,3597702,4159306,8819.77787,10116.39467,14568.62853,6.278749828921663E8,7.036500015901196E8,9.76680026265681E8,71336.53,68820.31,66407.28,1.416,1.4145,1.3608,1.4379,1.4165,1.3726,1.4019,1.336,1.3184,9.70408127E7,1.308420254E8,1.19257397E8,1.377125281866E8,1.7935716490353E8,1.6004201149069E8,535641,632117,593277,4.60675083E7,6.00125927E7,5.61682505E7,6.538809172888E7,8.23128876859E7,7.53744590056E7,1.4145,1.3609,1.3257,90.8,91.7,86.52,93.47,91.98,87.04,90.71,85.45,81.86,2652534.798,3566192.736,2840562.07,2.4437331011937E8,3.138487207704E8,2.3909715426725E8,844728,864864,817296,1385531.891,1628293.113,1374893.666,1.2764857752073E8,1.4314798257771E8,1.1549913575521E8,91.7,86.53,83.11,56.39,56.64,54.59,56.8,56.67,55.18,55.79,54.23,53.29,308934.412,382513.198,262999.776,1.740618272869E7,2.099980053381E7,1.424826728402E7,133351,147781,151570,146028.372,164299.115,120529.037,8228790.263,9021670.727,6532249.152,56.65,54.59,53.72,2156.22,2169.02,2060.43,2199.02,2172.19,2077.19,2146.35,2034.54,1970.93,275641.5255,338010.6238,394873.5248,5.99018681167746E8,7.05496760970934E8,7.9410862900714E8,3492121,3890747,3909237,139003.4847,171588.2134,206051.2798,3.02159076486272E8,3.57646756153379E8,4.14754558991471E8,2169.02,2060.43,1992.75,1994.74
2026-03-28T22:38:47,71336.53,68820.31,66407.28,71436.82,69179.05,67288.94,68153,65548.25,65932.09,20820.45768,28603.69557,11462.39847,1.447699734339839E9,1.917318222709913E9,7.626762554470605E8,3597702,4159306,1687368,10116.39467,14568.62853,5753.04124,7.036500015901196E8,9.76680026265681E8,3.829214122238488E8,68820.31,66407.28,66377.03,1.4145,1.3608,1.3256,1.4165,1.3726,1.3582,1.336,1.3184,1.3191,1.308420254E8,1.19257397E8,5.37171263E7,1.7935716490353E8,1.6004201149069E8,7.196354371712E7,632117,593277,293074,6.00125927E7,5.61682505E7,2.61520385E7,8.23128876859E7,7.53744590056E7,3.501297504814E7,1.3609,1.3257,1.3333,91.7,86.52,83.11,91.98,87.04,84.29,85.45,81.86,81.69,3566192.736,2840562.07,1667010.099,3.138487207704E8,2.3909715426725E8,1.3858635326362E8,864864,817296,451858,1628293.113,1374893.666,839405.538,1.4314798257771E8,1.1549913575521E8,6.980216157468E7,86.53,83.11,82.09,56.64,54.59,53.71,56.67,55.18,54.93,54.23,53.29,53.26,382513.198,262999.776,269897.849,2.099980053381E7,1.424826728402E7,1.460559232613E7,147781,151570,116262,164299.115,120529.037,146392.985,9021670.727,6532249.152,7918076.544,54.59,53.72,53.85,2169.02,2060.43,1992.76,2172.19,2077.19,2047.45,2034.54,1970.93,1983.17,338010.6238,394873.5248,154831.8055,7.05496760970934E8,7.9410862900714E8,3.11328052147329E8,3890747,3909237,1569810,171588.2134,206051.2798,86378.919,3.57646756153379E8,4.14754558991471E8,1.7367314748441E8,2060.43,1992.75,1994.74,1984.64
2026-03-29T22:38:47,68820.31,66407.28,66377.04,69179.05,67288.94,67130.5,65548.25,65932.09,65000,28603.69557,11462.39847,10052.85584,1.917318222709913E9,7.626762554470605E8,6.67003517605987E8,4159306,1687368,2146177,14568.62853,5753.04124,4769.42832,9.76680026265681E8,3.829214122238488E8,3.166740973501869E8,66407.28,66377.03,66010.93,1.3608,1.3256,1.3333,1.3726,1.3582,1.3433,1.3184,1.3191,1.2954,1.19257397E8,5.37171263E7,6.13390186E7,1.6004201149069E8,7.196354371712E7,8.123590940779E7,593277,293074,412127,5.61682505E7,2.61520385E7,2.96168339E7,7.53744590056E7,3.501297504814E7,3.921426656693E7,1.3257,1.3333,1.3278,86.52,83.11,82.09,87.04,84.29,83.24,81.86,81.69,78.96,2840562.07,1667010.099,1624673.475,2.3909715426725E8,1.3858635326362E8,1.3261925769694E8,817296,451858,523110,1374893.666,839405.538,775501.505,1.1549913575521E8,6.980216157468E7,6.335437006667E7,83.11,82.09,81.44,54.59,53.71,53.84,55.18,54.93,54.39,53.29,53.26,52.22,262999.776,269897.849,181661.454,1.424826728402E7,1.460559232613E7,9731298.209,151570,116262,119092,120529.037,146392.985,85287.9,6532249.152,7918076.544,4572820.008,53.72,53.85,53.32,2060.43,1992.76,1994.74,2077.19,2047.45,2019.65,1970.93,1983.17,1938.82,394873.5248,154831.8055,166726.7382,7.9410862900714E8,3.11328052147329E8,3.3124965402983E8,3909237,1569810,2049808,206051.2798,86378.919,87697.2438,4.14754558991471E8,1.7367314748441E8,1.74245244856979E8,1992.75,1994.74,1984.64,2026.48
2026-03-30T22:38:47,66407.28,66377.04,66010.93,67288.94,67130.5,68169.65,65932.09,65000,65800.59,11462.39847,10052.85584,18353.38975,7.626762554470605E8,6.67003517605987E8,1.2346176908920753E9,1687368,2146177,3902849,5753.04124,4769.42832,9155.91893,3.829214122238488E8,3.166740973501869E8,6.15747978851381E8,66377.03,66010.93,66797.37,1.3256,1.3333,1.3279,1.3582,1.3433,1.3669,1.3191,1.2954,1.3166,5.37171263E7,6.13390186E7,1.0020262E8,7.196354371712E7,8.123590940779E7,1.3470886012218E8,293074,412127,655782,2.61520385E7,2.96168339E7,5.27738244E7,3.501297504814E7,3.921426656693E7,7.095507956633E7,1.3333,1.3278,1.3242,83.11,82.09,81.45,84.29,83.24,84.99,81.69,78.96,81.15,1667010.099,1624673.475,3025854.687,1.3858635326362E8,1.3261925769694E8,2.5260497645833E8,451858,523110,887139,839405.538,775501.505,1564663.742,6.980216157468E7,6.335437006667E7,1.3058918837782E8,82.09,81.44,82.54,53.71,53.84,53.33,54.93,54.39,54.41,53.26,52.22,52.96,269897.849,181661.454,414289.211,1.460559232613E7,9731298.209,2.22640437895E7,116262,119092,171920,146392.985,85287.9,191153.443,7918076.544,4572820.008,1.027178659316E7,53.85,53.32,53.34,1992.76,1994.74,1984.65,2047.45,2019.65,2085,1983.17,1938.82,1980.28,154831.8055,166726.7382,338304.4344,3.11328052147329E8,3.3124965402983E8,6.91966365082457E8,1569810,2049808,3886546,86378.919,87697.2438,174062.2111,1.7367314748441E8,1.74245244856979E8,3.55924242290809E8,1994.74,1984.64,2026.48,2105.43
2026-03-31T22:38:47,66377.04,66010.93,66797.38,67130.5,68169.65,68589.49,65000,65800.59,65998.05,10052.85584,18353.38975,22105.40662,6.67003517605987E8,1.2346176908920753E9,1.4901684874548745E9,2146177,3902849,4846820,4769.42832,9155.91893,10726.18262,3.166740973501869E8,6.15747978851381E8,7.233786927667619E8,66010.93,66797.37,68284.48,1.3333,1.3279,1.3242,1.3433,1.3669,1.3503,1.2954,1.3166,1.3038,6.13390186E7,1.0020262E8,1.013184138E8,8.123590940779E7,1.3470886012218E8,1.3433978110057E8,412127,655782,677324,2.96168339E7,5.27738244E7,5.04078213E7,3.921426656693E7,7.095507956633E7,6.684217832348E7,1.3278,1.3242,1.3411,82.09,81.45,82.55,83.24,84.99,84.62,78.96,81.15,80.08,1624673.475,3025854.687,4272567.426,1.3261925769694E8,2.5260497645833E8,3.5016860026211E8,523110,887139,1157793,775501.505,1564663.742,2164590.908,6.335437006667E7,1.3058918837782E8,1.7738543683912E8,81.44,82.54,83.2,53.84,53.33,53.34,54.39,54.41,54.29,52.22,52.96,53.13,181661.454,414289.211,332765.311,9731298.209,2.22640437895E7,1.789081923599E7,119092,171920,161896,85287.9,191153.443,171657.225,4572820.008,1.027178659316E7,9232269.365,53.32,53.34,53.95,1994.74,1984.65,2026.48,2019.65,2085,2124.03,1938.82,1980.28,2012.64,166726.7382,338304.4344,421897.9023,3.3124965402983E8,6.91966365082457E8,8.74387220206194E8,2049808,3886546,5013796,87697.2438,174062.2111,218379.1286,1.74245244856979E8,3.55924242290809E8,4.52866534126971E8,1984.64,2026.48,2105.43,2140.35
2026-04-01T22:38:47,66010.93,66797.38,68284.49,68169.65,68589.49,69310,65800.59,65998.05,67578.75,18353.38975,22105.40662,19020.1899,1.2346176908920753E9,1.4901684874548745E9,1.3017082270745244E9,3902849,4846820,3741910,9155.91893,10726.18262,9702.49844,6.15747978851381E8,7.233786927667619E8,6.641260339269131E8,66797.37,68284.48,68113.92,1.3279,1.3242,1.341,1.3669,1.3503,1.3683,1.3166,1.3038,1.3314,1.0020262E8,1.013184138E8,8.6898811E7,1.3470886012218E8,1.3433978110057E8,1.1739672133357E8,655782,677324,504793,5.27738244E7,5.04078213E7,4.43532883E7,7.095507956633E7,6.684217832348E7,5.991445819938E7,1.3242,1.3411,1.3478,81.45,82.55,83.19,84.99,84.62,86.65,81.15,80.08,80.77,3025854.687,4272567.426,4676736.12,2.5260497645833E8,3.5016860026211E8,3.9037550093046E8,887139,1157793,1221698,1564663.742,2164590.908,2333531.443,1.3058918837782E8,1.7738543683912E8,1.9479717267961E8,82.54,83.2,81.18,53.33,53.34,53.94,54.41,54.29,54.78,52.96,53.13,53.72,414289.211,332765.311,398752.553,2.22640437895E7,1.789081923599E7,2.15999117936E7,171920,161896,147646,191153.443,171657.225,197862.459,1.027178659316E7,9232269.365,1.071953121129E7,53.34,53.95,53.82,1984.65,2026.48,2105.43,2085,2124.03,2167.85,1980.28,2012.64,2082.08,338304.4344,421897.9023,399227.3779,6.91966365082457E8,8.74387220206194E8,8.52017259878771E8,3886546,5013796,4211533,174062.2111,218379.1286,203721.1114,3.55924242290809E8,4.52866534126971E8,4.34880842712559E8,2026.48,2105.43,2140.35,2057.17
2026-04-02T22:38:47,66797.38,68284.49,68113.92,68589.49,69310,68653.38,65998.05,67578.75,65712.12,22105.40662,19020.1899,20203.47916,1.4901684874548745E9,1.3017082270745244E9,1.3492234615270572E9,4846820,3741910,4189133,10726.18262,9702.49844,10090.6562,7.233786927667619E8,6.641260339269131E8,6.738154638757505E8,68284.48,68113.92,66901.99,1.3242,1.341,1.3477,1.3503,1.3683,1.3569,1.3038,1.3314,1.2802,1.013184138E8,8.6898811E7,1.328715597E8,1.3433978110057E8,1.1739672133357E8,1.7386755112521E8,677324,504793,701799,5.04078213E7,4.43532883E7,6.59281594E7,6.684217832348E7,5.991445819938E7,8.623600874453E7,1.3411,1.3478,1.32,82.55,83.19,81.19,84.62,86.65,81.77,80.08,80.77,76.7,4272567.426,4676736.12,4210024.263,3.5016860026211E8,3.9037550093046E8,3.3287712459013E8,1157793,1221698,1149760,2164590.908,2333531.443,2218883.41,1.7738543683912E8,1.9479717267961E8,1.7543755400219E8,83.2,81.18,78.94,53.34,53.94,53.82,54.29,54.78,54.12,53.13,53.72,51.4,332765.311,398752.553,346503.9,1.789081923599E7,2.15999117936E7,1.810550392199E7,161896,147646,172486,171657.225,197862.459,168588.781,9232269.365,1.071953121129E7,8805000.56,53.95,53.82,52.29,2026.48,2105.43,2140.35,2124.03,2167.85,2159.37,2012.64,2082.08,2017.04,421897.9023,399227.3779,346872.8323,8.74387220206194E8,8.52017259878771E8,7.16548524665744E8,5013796,4211533,4462923,218379.1286,203721.1114,161146.8702,4.52866534126971E8,4.34880842712559E8,3.32893735583132E8,2105.43,2140.35,2057.17,2053.83
2026-04-03T22:38:47,68284.49,68113.92,66901.99,69310,68653.38,67370.42,67578.75,65712.12,66282,19020.1899,20203.47916,11429.13131,1.3017082270745244E9,1.3492234615270572E9,7.635356069777881E8,3741910,4189133,2023104,9702.49844,10090.6562,5535.26988,6.641260339269131E8,6.738154638757505E8,3.698594093227177E8,68113.92,66901.99,66964.3,1.341,1.3477,1.32,1.3683,1.3569,1.3356,1.3314,1.2802,1.3033,8.6898811E7,1.328715597E8,6.47840533E7,1.1739672133357E8,1.7386755112521E8,8.539455707847E7,504793,701799,350966,4.43532883E7,6.59281594E7,3.16100956E7,5.991445819938E7,8.623600874453E7,4.166440610016E7,1.3478,1.32,1.3184,83.19,81.19,78.95,86.65,81.77,80.91,80.77,76.7,78.85,4676736.12,4210024.263,2230839.74,3.9037550093046E8,3.3287712459013E8,1.7818000668359E8,1221698,1149760,585265,2333531.443,2218883.41,1241609.842,1.9479717267961E8,1.7543755400219E8,9.922379492358E7,81.18,78.94,80.4,53.94,53.82,52.29,54.78,54.12,53.49,53.72,51.4,52.14,398752.553,346503.9,195542.014,2.15999117936E7,1.810550392199E7,1.034849252488E7,147646,172486,99499,197862.459,168588.781,96012.854,1.071953121129E7,8805000.56,5081427.764,53.82,52.29,53.24,2105.43,2140.35,2057.18,2167.85,2159.37,2081.76,2082.08,2017.04,2040.66,399227.3779,346872.8323,136266.6393,8.52017259878771E8,7.16548524665744E8,2.80140562112841E8,4211533,4462923,1741595,203721.1114,161146.8702,64849.8016,4.34880842712559E8,3.32893735583132E8,1.3333903925233E8,2140.35,2057.17,2053.83,2065.52
2026-04-04T22:38:47,68113.92,66901.99,66964.29,68653.38,67370.42,67562.93,65712.12,66282,66775.91,20203.47916,11429.13131,7373.51613,1.3492234615270572E9,7.635356069777881E8,4.949320174232442E8,4189133,2023104,1356179,10090.6562,5535.26988,3701.32932,6.738154638757505E8,3.698594093227177E8,2.484898799959024E8,66901.99,66964.3,67300.42,1.3477,1.32,1.3183,1.3569,1.3356,1.3226,1.2802,1.3033,1.3067,1.328715597E8,6.47840533E7,2.99750109E7,1.7386755112521E8,8.539455707847E7,3.940133781849E7,701799,350966,171364,6.59281594E7,3.16100956E7,1.6136639E7,8.623600874453E7,4.166440610016E7,2.121013281462E7,1.32,1.3184,1.3153,81.19,78.95,80.39,81.77,80.91,81.61,76.7,78.85,79.57,4210024.263,2230839.74,1562930.767,3.3287712459013E8,1.7818000668359E8,1.260248141398E8,1149760,585265,339581,2218883.41,1241609.842,778904.625,1.7543755400219E8,9.922379492358E7,6.27952407296E7,78.94,80.4,80.83,53.82,52.29,53.23,54.12,53.49,53.86,51.4,52.14,52.99,346503.9,195542.014,149737.599,1.810550392199E7,1.034849252488E7,7996437.396,172486,99499,67311,168588.781,96012.854,72054.586,8805000.56,5081427.764,3848368.029,52.29,53.24,53.59,2140.35,2057.18,2053.83,2159.37,2081.76,2084,2017.04,2040.66,2044.63,346872.8323,136266.6393,86504.4406,7.16548524665744E8,2.80140562112841E8,1.78054333996784E8,4462923,1741595,1246022,161146.8702,64849.8016,42789.6573,3.32893735583132E8,1.3333903925233E8,8.8100430809662E7,2057.17,2053.83,2065.52,2110.17
2026-04-05T22:38:47,66901.99,66964.29,67300.42,67370.42,67562.93,69136.2,66282,66775.91,66611.66,11429.13131,7373.51613,11733.46752,7.635356069777881E8,4.949320174232442E8,7.916619773234503E8,2023104,1356179,2106257,5535.26988,3701.32932,5791.55692,3.698594093227177E8,2.484898799959024E8,3.910914721386122E8,66964.3,67300.42,69034.18,1.32,1.3183,1.3154,1.3356,1.3226,1.332,1.3033,1.3067,1.2787,6.47840533E7,2.99750109E7,7.43142668E7,8.539455707847E7,3.940133781849E7,9.672290221271E7,350966,171364,369116,3.16100956E7,1.6136639E7,3.65761533E7,4.166440610016E7,2.121013281462E7,4.762390268834E7,1.3184,1.3153,1.3263,78.95,80.39,80.84,80.91,81.61,82.13,78.85,79.57,78.52,2230839.74,1562930.767,1732438.558,1.7818000668359E8,1.260248141398E8,1.387441908724E8,585265,339581,530668,1241609.842,778904.625,857730.959,9.922379492358E7,6.27952407296E7,6.871342178504E7,80.4,80.83,81.89,52.29,53.23,53.59,53.49,53.86,54.21,52.14,52.99,52.59,195542.014,149737.599,154164.553,1.034849252488E7,7996437.396,8205431.344,99499,67311,84781,96012.854,72054.586,74832.935,5081427.764,3848368.029,3983718.047,53.24,53.59,54.11,2057.18,2053.83,2065.51,2081.76,2084,2123.49,2040.66,2044.63,2021.5,136266.6393,86504.4406,157353.3199,2.80140562112841E8,1.78054333996784E8,3.24727424312346E8,1741595,1246022,2504865,64849.8016,42789.6573,78363.4974,1.3333903925233E8,8.8100430809662E7,1.61754815545079E8,2053.83,2065.52,2110.17,2107.16
2026-04-06T22:38:47,66964.29,67300.42,69034.18,67562.93,69136.2,70351.46,66775.91,66611.66,68300,7373.51613,11733.46752,20281.61044,4.949320174232442E8,7.916619773234503E8,1.4080201730961628E9,1356179,2106257,4695523,3701.32932,5791.55692,10149.79257,2.484898799959024E8,3.910914721386122E8,7.047978016383992E8,67300.42,69034.18,68853.66,1.3183,1.3154,1.3264,1.3226,1.332,1.3577,1.3067,1.2787,1.3122,2.99750109E7,7.43142668E7,1.043457907E8,3.940133781849E7,9.672290221271E7,1.3993324570375E8,171364,369116,582783,1.6136639E7,3.65761533E7,4.98500773E7,2.121013281462E7,4.762390268834E7,6.684934093235E7,1.3153,1.3263,1.3212,80.39,80.84,81.89,81.61,82.13,83.2,79.57,78.52,79.6,1562930.767,1732438.558,2730370.564,1.260248141398E8,1.387441908724E8,2.2371885815637E8,339581,530668,836312,778904.625,857730.959,1352929.853,6.27952407296E7,6.871342178504E7,1.1088947901967E8,80.83,81.89,80.03,53.23,53.59,54.12,53.86,54.21,54.64,52.99,52.59,53.2,149737.599,154164.553,251244.43,7996437.396,8205431.344,1.36096557216E7,67311,84781,116245,72054.586,74832.935,121886.022,3848368.029,3983718.047,6601494.606,53.59,54.11,53.53,2053.83,2065.51,2110.17,2084,2123.49,2174.79,2044.63,2021.5,2087.5,86504.4406,157353.3199,356054.2894,1.78054333996784E8,3.24727424312346E8,7.61391237671373E8,1246022,2504865,5330366,42789.6573,78363.4974,180414.5093,8.8100430809662E7,1.61754815545079E8,3.85813662231182E8,2065.52,2110.17,2107.16,2240.01
2026-04-07T22:38:47,67300.42,69034.18,68853.66,69136.2,70351.46,72761,66611.66,68300,67732.01,11733.46752,20281.61044,23750.49661,7.916619773234503E8,1.4080201730961628E9,1.649637855842697E9,2106257,4695523,4871706,5791.55692,10149.79257,12465.18271,3.910914721386122E8,7.047978016383992E8,8.667300892310435E8,69034.18,68853.66,71924.22,1.3154,1.3264,1.3211,1.332,1.3577,1.3962,1.2787,1.3122,1.2949,7.43142668E7,1.043457907E8,1.307029954E8,9.672290221271E7,1.3993324570375E8,1.7415593796025E8,369116,582783,758728,3.65761533E7,4.98500773E7,6.7718962E7,4.762390268834E7,6.684934093235E7,9.01964784771E7,1.3263,1.3212,1.3787,80.84,81.89,80.03,82.13,83.2,87.02,78.52,79.6,78.38,1732438.558,2730370.564,4312598.52,1.387441908724E8,2.2371885815637E8,3.5201923678463E8,530668,836312,1320957,857730.959,1352929.853,2196613.788,6.871342178504E7,1.1088947901967E8,1.7932672989516E8,81.89,80.03,85.56,53.59,54.12,53.52,54.21,54.64,55.74,52.59,53.2,52.91,154164.553,251244.43,313030.401,8205431.344,1.36096557216E7,1.683626337129E7,84781,116245,153619,74832.935,121886.022,151630.93,3983718.047,6601494.606,8158155.339,54.11,53.53,55.36,2065.51,2110.17,2107.16,2123.49,2174.79,2273.87,2021.5,2087.5,2060.24,157353.3199,356054.2894,460094.8093,3.24727424312346E8,7.61391237671373E8,9.86211206778875E8,2504865,5330366,5189711,78363.4974,180414.5093,239252.9777,1.61754815545079E8,3.85813662231182E8,5.13077515537625E8,2110.17,2107.16,2240.01,2190
2026-04-08T22:38:47,69034.18,68853.66,71924.22,70351.46,72761,72857,68300,67732.01,70707.23,20281.61044,23750.49661,19802.68627,1.4080201730961628E9,1.649637855842697E9,1.4184841880521238E9,4695523,4871706,3843988,10149.79257,12465.18271,9570.20189,7.047978016383992E8,8.667300892310435E8,6.856662768388308E8,68853.66,71924.22,71069.93,1.3264,1.3211,1.3786,1.3577,1.3962,1.3898,1.3122,1.2949,1.3389,1.043457907E8,1.307029954E8,1.248557333E8,1.3993324570375E8,1.7415593796025E8,1.7094340716364E8,582783,758728,665297,4.98500773E7,6.7718962E7,6.12980574E7,6.684934093235E7,9.01964784771E7,8.395380495898E7,1.3212,1.3787,1.3428,81.89,80.03,85.56,83.2,87.02,85.9,79.6,78.38,82.24,2730370.564,4312598.52,2952758.548,2.2371885815637E8,3.5201923678463E8,2.4817677753562E8,836312,1320957,910454,1352929.853,2196613.788,1433720.963,1.1088947901967E8,1.7932672989516E8,1.2051256771634E8,80.03,85.56,82.57,54.12,53.52,55.36,54.64,55.74,55.59,53.2,52.91,53.89,251244.43,313030.401,262118.262,1.36096557216E7,1.683626337129E7,1.438160428379E7,116245,153619,117516,121886.022,151630.93,127241.579,6601494.606,8158155.339,6982534.506,53.53,55.36,53.95,2110.17,2107.16,2240.01,2174.79,2273.87,2270.55,2087.5,2060.24,2179.78,356054.2894,460094.8093,404717.6321,7.61391237671373E8,9.86211206778875E8,9.02920921749915E8,5330366,5189711,4339985,180414.5093,239252.9777,190983.3243,3.85813662231182E8,5.13077515537625E8,4.26109014229703E8,2107.16,2240.01,2190,2190.2
2026-04-09T22:38:47,68853.66,71924.22,71069.93,72761,72857,73145,67732.01,70707.23,70466,23750.49661,19802.68627,18158.42159,1.649637855842697E9,1.4184841880521238E9,1.300323816009336E9,4871706,3843988,3773025,12465.18271,9570.20189,9604.31771,8.667300892310435E8,6.856662768388308E8,6.87990251043167E8,71924.22,71069.93,71787.97,1.3211,1.3786,1.3428,1.3962,1.3898,1.3696,1.2949,1.3389,1.3218,1.307029954E8,1.248557333E8,1.122656141E8,1.7415593796025E8,1.7094340716364E8,1.5040307858352E8,758728,665297,552805,6.7718962E7,6.12980574E7,5.52285127E7,9.01964784771E7,8.395380495898E7,7.399647114722E7,1.3787,1.3428,1.3438,80.03,85.56,82.56,87.02,85.9,85.95,78.38,82.24,81.4,4312598.52,2952758.548,2775927.629,3.5201923678463E8,2.4817677753562E8,2.3102318206021E8,1320957,910454,900238,2196613.788,1433720.963,1450802.075,1.7932672989516E8,1.2051256771634E8,1.2087271371972E8,85.56,82.57,83.33,53.52,55.36,53.94,55.74,55.59,55.28,52.91,53.89,53.62,313030.401,262118.262,248302.357,1.683626337129E7,1.438160428379E7,1.348471076247E7,153619,117516,118079,151630.93,127241.579,123095.902,8158155.339,6982534.506,6685776.034,55.36,53.95,54.55,2107.16,2240.01,2190,2273.87,2270.55,2246,2060.24,2179.78,2157.31,460094.8093,404717.6321,275317.9503,9.86211206778875E8,9.02920921749915E8,6.04408302665429E8,5189711,4339985,3756386,239252.9777,190983.3243,135540.5413,5.13077515537625E8,4.26109014229703E8,2.97732725565674E8,2240.01,2190,2190.2,2245.05
2026-04-10T22:38:47,71924.22,71069.93,71787.98,72857,73145,73434,70707.23,70466,71426.15,19802.68627,18158.42159,17372.63288,1.4184841880521238E9,1.300323816009336E9,1.259195636055663E9,3843988,3773025,3176308,9570.20189,9604.31771,8819.74841,6.856662768388308E8,6.87990251043167E8,6.397059025013963E8,71069.93,71787.97,72962.7,1.3786,1.3428,1.3438,1.3898,1.3696,1.366,1.3389,1.3218,1.3348,1.248557333E8,1.122656141E8,7.97859967E7,1.7094340716364E8,1.5040307858352E8,1.0749416628678E8,665297,552805,395652,6.12980574E7,5.52285127E7,3.78534754E7,8.395380495898E7,7.399647114722E7,5.099048317794E7,1.3428,1.3438,1.3559,85.56,82.56,83.33,85.9,85.95,85.67,82.24,81.4,82.62,2952758.548,2775927.629,2186078.343,2.4817677753562E8,2.3102318206021E8,1.8358649142502E8,910454,900238,684681,1433720.963,1450802.075,1137103.618,1.2051256771634E8,1.2087271371972E8,9.544683946211E7,82.57,83.33,84.83,55.36,53.94,54.55,55.59,55.28,55.52,53.89,53.62,54.23,262118.262,248302.357,227586.41,1.438160428379E7,1.348471076247E7,1.249188961623E7,117516,118079,111160,127241.579,123095.902,112640.857,6982534.506,6685776.034,6181282.864,53.95,54.55,54.96,2240.01,2190,2190.17,2270.55,2246,2257.99,2179.78,2157.31,2176.1,404717.6321,275317.9503,272899.0858,9.02920921749915E8,6.04408302665429E8,6.05992300076126E8,4339985,3756386,2929213,190983.3243,135540.5413,132077.3122,4.26109014229703E8,2.97732725565674E8,2.93534507028314E8,2190,2190.2,2245.05,2284.99
2026-04-11T22:38:47,71069.93,71787.98,72962.71,73145,73434,73790,70466,71426.15,72513.09,18158.42159,17372.63288,9070.94374,1.300323816009336E9,1.259195636055663E9,6.624371137096702E8,3773025,3176308,1472041,9604.31771,8819.74841,4673.47605,6.87990251043167E8,6.397059025013963E8,3.412690099930418E8,71787.97,72962.7,73043.16,1.3428,1.3438,1.3559,1.3696,1.366,1.3752,1.3218,1.3348,1.3394,1.122656141E8,7.97859967E7,5.70953563E7,1.5040307858352E8,1.0749416628678E8,7.731914101944E7,552805,395652,301231,5.52285127E7,3.78534754E7,2.66083811E7,7.399647114722E7,5.099048317794E7,3.604231716565E7,1.3438,1.3559,1.3546,82.56,83.33,84.83,85.95,85.67,86.26,81.4,82.62,83.8,2775927.629,2186078.343,1570901.883,2.3102318206021E8,1.8358649142502E8,1.3325053399659E8,900238,684681,479797,1450802.075,1137103.618,811280.276,1.2087271371972E8,9.544683946211E7,6.88465999871E7,83.33,84.83,84.93,53.94,54.55,54.96,55.28,55.52,55.71,53.62,54.23,54.35,248302.357,227586.41,181747.445,1.348471076247E7,1.249188961623E7,9972879.681,118079,111160,84794,123095.902,112640.857,87231.945,6685776.034,6181282.864,4785715.362,54.55,54.96,55.06,2190,2190.17,2245.06,2246,2257.99,2329.93,2157.31,2176.1,2229,275317.9503,272899.0858,214785.4039,6.04408302665429E8,6.05992300076126E8,4.88370993146922E8,3756386,2929213,1929651,135540.5413,132077.3122,107238.9877,2.97732725565674E8,2.93534507028314E8,2.43918090904994E8,2190.2,2245.05,2284.99,2191.65
2026-04-12T22:38:47,71787.98,72962.71,73043.16,73434,73790,73137.24,71426.15,72513.09,70505.88,17372.63288,9070.94374,13472.46801,1.259195636055663E9,6.624371137096702E8,9.628258918165911E8,3176308,1472041,2068779,8819.74841,4673.47605,6326.31289,6.397059025013963E8,3.412690099930418E8,4.518538878110209E8,72962.7,73043.16,70740.98,1.3438,1.3559,1.3547,1.366,1.3752,1.3559,1.3348,1.3394,1.3193,7.97859967E7,5.70953563E7,7.02457711E7,1.0749416628678E8,7.731914101944E7,9.350146937078E7,395652,301231,368425,3.78534754E7,2.66083811E7,3.46502144E7,5.099048317794E7,3.604231716565E7,4.611536670329E7,1.3559,1.3546,1.3247,83.33,84.83,84.94,85.67,86.26,85,82.62,83.8,81.27,2186078.343,1570901.883,2174791.866,1.8358649142502E8,1.3325053399659E8,1.7904809672296E8,684681,479797,639807,1137103.618,811280.276,1035637.218,9.544683946211E7,6.88465999871E7,8.525854555518E7,84.83,84.93,81.53,54.55,54.96,55.06,55.52,55.71,55.06,54.23,54.35,53.36,227586.41,181747.445,208716.671,1.249188961623E7,9972879.681,1.123919209643E7,111160,84794,103682,112640.857,87231.945,96694.546,6181282.864,4785715.362,5205978.372,54.96,55.06,53.48,2190.17,2245.06,2285,2257.99,2329.93,2288.57,2176.1,2229,2175,272899.0858,214785.4039,258156.8821,6.05992300076126E8,4.88370993146922E8,5.71520838841888E8,2929213,1929651,2575808,132077.3122,107238.9877,125658.2437,2.93534507028314E8,2.43918090904994E8,2.78162577109033E8,2245.05,2284.99,2191.65,2369.46
2026-04-13T22:38:47,72962.71,73043.16,70741.56,73790,73137.24,74900,72513.09,70505.88,70566.99,9070.94374,13472.46801,24230.21625,6.624371137096702E8,9.628258918165911E8,1.753370318184166E9,1472041,2068779,3673539,4673.47605,6326.31289,12639.79905,3.412690099930418E8,4.518538878110209E8,9.147837738511786E8,73043.16,70740.98,74417.99,1.3559,1.3547,1.3246,1.3752,1.3559,1.3839,1.3394,1.3193,1.3193,5.70953563E7,7.02457711E7,1.054507012E8,7.731914101944E7,9.350146937078E7,1.4172610152109E8,301231,368425,526222,2.66083811E7,3.46502144E7,5.24812431E7,3.604231716565E7,4.611536670329E7,7.048653333122E7,1.3546,1.3247,1.3756,84.83,84.94,81.54,86.26,85,86.81,83.8,81.27,81.4,1570901.883,2174791.866,2950390.415,1.3325053399659E8,1.7904809672296E8,2.4688104341407E8,479797,639807,1038169,811280.276,1035637.218,1566990.352,6.88465999871E7,8.525854555518E7,1.3115198259805E8,84.93,81.53,86.51,54.96,55.06,53.49,55.71,55.06,54.76,54.35,53.36,52.66,181747.445,208716.671,330733.726,9972879.681,1.123919209643E7,1.765927914637E7,84794,103682,140451,87231.945,96694.546,167332.906,4785715.362,5205978.372,8936778.076,55.06,53.48,54.62,2245.06,2285,2191.64,2329.93,2288.57,2394.71,2229,2175,2175.68,214785.4039,258156.8821,453870.8292,4.88370993146922E8,5.71520838841888E8,1.029253015586254E9,1929651,2575808,4527557,107238.9877,125658.2437,234599.9045,2.43918090904994E8,2.78162577109033E8,5.31843331731738E8,2284.99,2191.65,2369.46,2322.44
2026-04-14T22:38:47,73043.16,70741.56,74418,73137.24,74900,76038,70505.88,70566.99,73795.47,13472.46801,24230.21625,26532.94456,9.628258918165911E8,1.753370318184166E9,1.98272898960722E9,2068779,3673539,4033448,6326.31289,12639.79905,13313.88956,4.518538878110209E8,9.147837738511786E8,9.956944409989893E8,70740.98,74417.99,74131.55,1.3547,1.3246,1.3757,1.3559,1.3839,1.3955,1.3193,1.3193,1.3521,7.02457711E7,1.054507012E8,1.030425995E8,9.350146937078E7,1.4172610152109E8,1.4126698485634E8,368425,526222,530040,3.46502144E7,5.24812431E7,4.97529743E7,4.611536670329E7,7.048653333122E7,6.82199859827E7,1.3247,1.3756,1.3617,84.94,81.54,86.51,85,86.81,87.67,81.27,81.4,83.3,2174791.866,2950390.415,3532984.692,1.7904809672296E8,2.4688104341407E8,3.0258316925849E8,639807,1038169,949683,1035637.218,1566990.352,1751000.134,8.525854555518E7,1.3115198259805E8,1.5007526769665E8,81.53,86.51,83.72,55.06,53.49,54.62,55.06,54.76,55.27,53.36,52.66,54.01,208716.671,330733.726,323202.379,1.123919209643E7,1.765927914637E7,1.762837651403E7,103682,140451,133440,96694.546,167332.906,152700.859,5205978.372,8936778.076,8328928.662,53.48,54.62,54.28,2285,2191.64,2369.46,2288.57,2394.71,2415.5,2175,2175.68,2302.9,258156.8821,453870.8292,460107.3841,5.71520838841888E8,1.029253015586254E9,1.087699649074122E9,2575808,4527557,3689565,125658.2437,234599.9045,226148.4763,2.78162577109033E8,5.31843331731738E8,5.34958937284315E8,2191.65,2369.46,2322.44,2359.95
2026-04-15T22:38:47,70741.56,74418,74131.55,74900,76038,75425,70566.99,73795.47,73514,24230.21625,26532.94456,14425.04167,1.753370318184166E9,1.98272898960722E9,1.0714486125370219E9,3673539,4033448,3187792,12639.79905,13313.88956,7014.01981,9.147837738511786E8,9.956944409989893E8,5.211122651711658E8,74417.99,74131.55,74809.99,1.3246,1.3757,1.3617,1.3839,1.3955,1.4086,1.3193,1.3521,1.3503,1.054507012E8,1.030425995E8,1.094939544E8,1.4172610152109E8,1.4126698485634E8,1.5054773654314E8,526222,530040,518292,5.24812431E7,4.97529743E7,5.35618077E7,7.048653333122E7,6.82199859827E7,7.361688880821E7,1.3756,1.3617,1.3922,81.54,86.51,83.72,86.81,87.67,85.83,81.4,83.3,82.65,2950390.415,3532984.692,2602448.593,2.4688104341407E8,3.0258316925849E8,2.1851845854018E8,1038169,949683,866567,1566990.352,1751000.134,1313551.259,1.3115198259805E8,1.5007526769665E8,1.1030020848276E8,86.51,83.72,84.9,53.49,54.62,54.28,54.76,55.27,55.65,52.66,54.01,53.78,330733.726,323202.379,261668.064,1.765927914637E7,1.762837651403E7,1.431792882715E7,140451,133440,121677,167332.906,152700.859,131793.619,8936778.076,8328928.662,7215354.144,54.62,54.28,55.15,2191.64,2369.46,2322.44,2394.71,2415.5,2385.61,2175.68,2302.9,2308.5,453870.8292,460107.3841,268190.6377,1.029253015586254E9,1.087699649074122E9,6.27841344479089E8,4527557,3689565,3232871,234599.9045,226148.4763,126442.7153,5.31843331731738E8,5.34958937284315E8,2.95982409848983E8,2369.46,2322.44,2359.95,2348.17
2026-04-16T22:38:47,74418,74131.55,74809.99,76038,75425,75534.76,73795.47,73514,73309.85,26532.94456,14425.04167,17088.68777,1.98272898960722E9,1.0714486125370219E9,1.2748941237496114E9,4033448,3187792,3581890,13313.88956,7014.01981,8601.69794,9.956944409989893E8,5.211122651711658E8,6.41950287248219E8,74131.55,74809.99,75154.29,1.3757,1.3617,1.3922,1.3955,1.4086,1.4664,1.3521,1.3503,1.3865,1.030425995E8,1.094939544E8,1.554272421E8,1.4126698485634E8,1.5054773654314E8,2.2087059221472E8,530040,518292,1029873,4.97529743E7,5.35618077E7,7.40870549E7,6.82199859827E7,7.361688880821E7,1.0528613781193E8,1.3617,1.3922,1.453,86.51,83.72,84.9,87.67,85.83,90.53,83.3,82.65,83.8,3532984.692,2602448.593,3940291.341,3.0258316925849E8,2.1851845854018E8,3.4253892172054E8,949683,866567,1188495,1751000.134,1313551.259,2104470.318,1.5007526769665E8,1.1030020848276E8,1.8317949387041E8,83.72,84.9,89.05,54.62,54.28,55.16,55.27,55.65,56.61,54.01,53.78,54.59,323202.379,261668.064,329669.004,1.762837651403E7,1.431792882715E7,1.833155896583E7,133440,121677,176731,152700.859,131793.619,168825.375,8328928.662,7215354.144,9394314.038,54.28,55.15,56.36,2369.46,2322.44,2359.94,2415.5,2385.61,2369.59,2302.9,2308.5,2285.1,460107.3841,268190.6377,328960.9377,1.087699649074122E9,6.27841344479089E8,7.67882725893263E8,3689565,3232871,3793210,226148.4763,126442.7153,155922.2439,5.34958937284315E8,2.95982409848983E8,3.63994207031231E8,2322.44,2359.95,2348.17,2419
2026-04-17T22:38:47,74131.55,74809.99,75154.28,75425,75534.76,78333,73514,73309.85,74529.4,14425.04167,17088.68777,25941.36694,1.0714486125370219E9,1.2748941237496114E9,1.98734320884067E9,3187792,3581890,4931167,7014.01981,8601.69794,14435.4773,5.211122651711658E8,6.41950287248219E8,1.1065873610045395E9,74809.99,75154.29,77072,1.3617,1.3922,1.453,1.4086,1.4664,1.51,1.3503,1.3865,1.4225,1.094939544E8,1.554272421E8,1.558663371E8,1.5054773654314E8,2.2087059221472E8,2.2876788059186E8,518292,1029873,1067860,5.35618077E7,7.40870549E7,7.36150446E7,7.361688880821E7,1.0528613781193E8,1.0798332040167E8,1.3922,1.453,1.4757,83.72,84.9,89.06,85.83,90.53,90.73,82.65,83.8,87.34,2602448.593,3940291.341,4237208.388,2.1851845854018E8,3.4253892172054E8,3.7730728279799E8,866567,1188495,1177055,1313551.259,2104470.318,2275080.6,1.1030020848276E8,1.8317949387041E8,2.0265171747248E8,84.9,89.05,88.76,54.28,55.16,56.36,55.65,56.61,57.42,53.78,54.59,55.34,261668.064,329669.004,340755.368,1.431792882715E7,1.833155896583E7,1.926680750504E7,121677,176731,173098,131793.619,168825.375,175007.746,7215354.144,9394314.038,9899596.276,55.15,56.36,56.39,2322.44,2359.94,2348.16,2385.61,2369.59,2464.91,2308.5,2285.1,2317.43,268190.6377,328960.9377,491731.3615,6.27841344479089E8,7.67882725893263E8,1.182467392606106E9,3232871,3793210,4541654,126442.7153,155922.2439,252564.9694,2.95982409848983E8,3.63994207031231E8,6.07785958798977E8,2359.95,2348.17,2419,2350.32
2026-04-18T22:38:47,74809.99,75154.28,77072.01,75534.76,78333,77420.08,73309.85,74529.4,75445.16,17088.68777,25941.36694,9141.84456,1.2748941237496114E9,1.98734320884067E9,6.980085679340073E8,3581890,4931167,1941112,8601.69794,14435.4773,4333.78362,6.41950287248219E8,1.1065873610045395E9,3.309181125519663E8,75154.29,77072,75691.76,1.3922,1.453,1.4757,1.4664,1.51,1.4823,1.3865,1.4225,1.4235,1.554272421E8,1.558663371E8,8.2670483E7,2.2087059221472E8,2.2876788059186E8,1.1954644418719E8,1029873,1067860,621913,7.40870549E7,7.36150446E7,3.86626211E7,1.0528613781193E8,1.0798332040167E8,5.590173894468E7,1.453,1.4757,1.4323,84.9,89.06,88.77,90.53,90.73,89.16,83.8,87.34,85.78,3940291.341,4237208.388,1893190.543,3.4253892172054E8,3.7730728279799E8,1.6524922553869E8,1188495,1177055,560071,2104470.318,2275080.6,863736.099,1.8317949387041E8,2.0265171747248E8,7.5386662887E7,89.05,88.76,86.16,55.16,56.36,56.39,56.61,57.42,56.66,54.59,55.34,55.24,329669.004,340755.368,230684.754,1.833155896583E7,1.926680750504E7,1.290883734349E7,176731,173098,123389,168825.375,175007.746,105372.968,9394314.038,9899596.276,5897629.61,56.36,56.39,55.65,2359.94,2348.16,2419,2369.59,2464.91,2427.64,2285.1,2317.43,2339.92,328960.9377,491731.3615,221741.3888,7.67882725893263E8,1.182467392606106E9,5.26019366775183E8,3793210,4541654,2045925,155922.2439,252564.9694,98727.0694,3.63994207031231E8,6.07785958798977E8,2.34161468610884E8,2348.17,2419,2350.32,2263.27
2026-04-19T22:38:47,75154.28,77072.01,75691.76,78333,77420.08,76240.66,74529.4,75445.16,73762.9,25941.36694,9141.84456,11369.82232,1.98734320884067E9,6.980085679340073E8,8.549153704407915E8,4931167,1941112,2739751,14435.4773,4333.78362,5458.61875,1.1065873610045395E9,3.309181125519663E8,4.106544870526324E8,77072,75691.76,73801.79,1.453,1.4757,1.4324,1.51,1.4823,1.447,1.4225,1.4235,1.3909,1.558663371E8,8.2670483E7,9.04139399E7,2.2876788059186E8,1.1954644418719E8,1.2854726886372E8,1067860,621913,716932,7.36150446E7,3.86626211E7,4.36899451E7,1.0798332040167E8,5.590173894468E7,6.214078159198E7,1.4757,1.4323,1.3942,89.06,88.77,86.15,90.73,89.16,87.12,87.34,85.78,82.94,4237208.388,1893190.543,2594849.065,3.7730728279799E8,1.6524922553869E8,2.2110542300326E8,1177055,560071,769677,2275080.6,863736.099,1270518.854,2.0265171747248E8,7.5386662887E7,1.0834024085943E8,88.76,86.16,83.47,56.36,56.39,55.66,57.42,56.66,55.82,55.34,55.24,53.91,340755.368,230684.754,228336.314,1.926680750504E7,1.290883734349E7,1.256278261466E7,173098,123389,130120,175007.746,105372.968,104072.897,9899596.276,5897629.61,5729497.455,56.39,55.65,54.06,2348.16,2419,2350.33,2464.91,2427.64,2355.3,2317.43,2339.92,2252.72,491731.3615,221741.3888,256086.8276,1.182467392606106E9,5.26019366775183E8,5.9110851309305E8,4541654,2045925,2728260,252564.9694,98727.0694,119800.9019,6.07785958798977E8,2.34161468610884E8,2.76635006888945E8,2419,2350.32,2263.27,2313.85
2026-04-20T22:38:47,77072.01,75691.76,73801.8,77420.08,76240.66,76558.62,75445.16,73762.9,73724.31,9141.84456,11369.82232,16993.41034,6.980085679340073E8,8.549153704407915E8,1.2805039143710752E9,1941112,2739751,3563591,4333.78362,5458.61875,8812.70109,3.309181125519663E8,4.106544870526324E8,6.640691759657189E8,75691.76,73801.79,75840.97,1.4757,1.4324,1.3943,1.4823,1.447,1.4369,1.4235,1.3909,1.3933,8.2670483E7,9.04139399E7,9.95758115E7,1.1954644418719E8,1.2854726886372E8,1.4126939785089E8,621913,716932,658856,3.86626211E7,4.36899451E7,5.05007003E7,5.590173894468E7,6.214078159198E7,7.161681213526E7,1.4323,1.3942,1.4243,88.77,86.15,83.47,89.16,87.12,86.22,85.78,82.94,83.34,1893190.543,2594849.065,2300346.75,1.6524922553869E8,2.2110542300326E8,1.9574770512717E8,560071,769677,755776,863736.099,1270518.854,1199663.506,7.5386662887E7,1.0834024085943E8,1.0208912171035E8,86.16,83.47,85.28,56.39,55.66,54.06,56.66,55.82,55.44,55.24,53.91,53.99,230684.754,228336.314,265247,1.290883734349E7,1.256278261466E7,1.456591868008E7,123389,130120,133272,105372.968,104072.897,138629.401,5897629.61,5729497.455,7612635.252,55.65,54.06,55.03,2419,2350.33,2263.28,2427.64,2355.3,2346.78,2339.92,2252.72,2259.67,221741.3888,256086.8276,301000.0659,5.26019366775183E8,5.9110851309305E8,6.94052197978693E8,2045925,2728260,3751621,98727.0694,119800.9019,149027.6285,2.34161468610884E8,2.76635006888945E8,3.43672032590961E8,2350.32,2263.27,2313.85,2327.14
2026-04-21T22:38:47,75691.76,73801.8,75840.97,76240.66,76558.62,76927.57,73762.9,73724.31,74821.57,11369.82232,16993.41034,14912.57132,8.549153704407915E8,1.2805039143710752E9,1.132118272558311E9,2739751,3563591,3616213,5458.61875,8812.70109,7672.96288,4.106544870526324E8,6.640691759657189E8,5.826596549138548E8,73801.79,75840.97,76336.15,1.4324,1.3943,1.4244,1.447,1.4369,1.45,1.3909,1.3933,1.4116,9.04139399E7,9.95758115E7,8.52781806E7,1.2854726886372E8,1.4126939785089E8,1.2198605230914E8,716932,658856,567920,4.36899451E7,5.05007003E7,4.28038625E7,6.214078159198E7,7.161681213526E7,6.122527247515E7,1.3942,1.4243,1.4334,86.15,83.47,85.29,87.12,86.22,86.89,82.94,83.34,84.31,2594849.065,2300346.75,2111587.269,2.2110542300326E8,1.9574770512717E8,1.8068988518477E8,769677,755776,789037,1270518.854,1199663.506,1094282.274,1.0834024085943E8,1.0208912171035E8,9.36701182769E7,83.47,85.28,86.03,55.66,54.06,55.03,55.82,55.44,55.88,53.91,53.99,54.67,228336.314,265247,253718.736,1.256278261466E7,1.456591868008E7,1.401388984161E7,130120,133272,127262,104072.897,138629.401,132180.255,5729497.455,7612635.252,7301954.331,54.06,55.03,55.57,2350.33,2263.28,2313.84,2355.3,2346.78,2338.75,2252.72,2259.67,2284.19,256086.8276,301000.0659,226645.977,5.9110851309305E8,6.94052197978693E8,5.2418694963958E8,2728260,3751621,3398934,119800.9019,149027.6285,108621.4578,2.76635006888945E8,3.43672032590961E8,2.51286503845979E8,2263.27,2313.85,2327.14,2374.07
2026-04-22T22:38:47,73801.8,75840.97,76336.14,76558.62,76927.57,79472.82,73724.31,74821.57,76132.95,16993.41034,14912.57132,19737.51225,1.2805039143710752E9,1.132118272558311E9,1.5437320855463338E9,3563591,3616213,3757077,8812.70109,7672.96288,10376.12434,6.640691759657189E8,5.826596549138548E8,8.11313167070367E8,75840.97,76336.15,78178.23,1.3943,1.4244,1.4335,1.4369,1.45,1.4626,1.3933,1.4116,1.4268,9.95758115E7,8.52781806E7,8.34291814E7,1.4126939785089E8,1.2198605230914E8,1.2084179814579E8,658856,567920,513323,5.05007003E7,4.28038625E7,4.09050206E7,7.161681213526E7,6.122527247515E7,5.923689990947E7,1.4243,1.4334,1.4294,83.47,85.29,86.04,86.22,86.89,89.32,83.34,84.31,86.01,2300346.75,2111587.269,3154871.835,1.9574770512717E8,1.8068988518477E8,2.7731296848886E8,755776,789037,814469,1199663.506,1094282.274,1730943.426,1.0208912171035E8,9.36701182769E7,1.5214468451329E8,85.28,86.03,86.87,54.06,55.03,55.57,55.44,55.88,56.55,53.99,54.67,55.48,265247,253718.736,267526.056,1.456591868008E7,1.401388984161E7,1.50095849084E7,133272,127262,126136,138629.401,132180.255,134842.015,7612635.252,7301954.331,7567849.829,55.03,55.57,55.49,2263.28,2313.84,2327.15,2346.78,2338.75,2423.75,2259.67,2284.19,2312.95,301000.0659,226645.977,379707.1259,6.94052197978693E8,5.2418694963958E8,9.06985929200687E8,3751621,3398934,4230243,149027.6285,108621.4578,191758.2678,3.43672032590961E8,2.51286503845979E8,4.5799692349354E8,2313.85,2327.14,2374.07,2330.26
2026-04-23T22:38:47,75840.97,76336.14,78178.22,76927.57,79472.82,78662.5,74821.57,76132.95,76960,14912.57132,19737.51225,16970.79501,1.132118272558311E9,1.5437320855463338E9,1.3213496983542461E9,3616213,3757077,3571796,7672.96288,10376.12434,7760.75572,5.826596549138548E8,8.11313167070367E8,6.043221343078095E8,76336.15,78178.23,78257.48,1.4244,1.4335,1.4293,1.45,1.4626,1.441,1.4116,1.4268,1.409,8.52781806E7,8.34291814E7,9.21839774E7,1.2198605230914E8,1.2084179814579E8,1.3141415533569E8,567920,513323,546775,4.28038625E7,4.09050206E7,5.00090447E7,6.122527247515E7,5.923689990947E7,7.133164633761E7,1.4334,1.4294,1.4386,85.29,86.04,86.86,86.89,89.32,87.18,84.31,86.01,84.48,2111587.269,3154871.835,2894663.239,1.8068988518477E8,2.7731296848886E8,2.4838134737972E8,789037,814469,789600,1094282.274,1730943.426,1551557.114,9.36701182769E7,1.5214468451329E8,1.3314299682914E8,86.03,86.87,86.12,55.03,55.57,55.5,55.88,56.55,56.23,54.67,55.48,54.9,253718.736,267526.056,233231.953,1.401388984161E7,1.50095849084E7,1.293675572858E7,127262,126136,139554,132180.255,134842.015,109367.704,7301954.331,7567849.829,6068210.758,55.57,55.49,56.21,2313.84,2327.15,2374.08,2338.75,2423.75,2382,2284.19,2312.95,2285.42,226645.977,379707.1259,356645.6923,5.2418694963958E8,9.06985929200687E8,8.31612346681225E8,3398934,4230243,4079579,108621.4578,191758.2678,169637.8993,2.51286503845979E8,4.5799692349354E8,3.95788711633604E8,2327.14,2374.07,2330.26,2314.99
2026-04-24T22:38:47,76336.14,78178.22,78257.48,79472.82,78662.5,78581.93,76132.95,76960,77264.08,19737.51225,16970.79501,12675.14315,1.5437320855463338E9,1.3213496983542461E9,9.869325646001965E8,3757077,3571796,2581973,10376.12434,7760.75572,6148.06393,8.11313167070367E8,6.043221343078095E8,4.78778657353311E8,78178.23,78257.48,77437.13,1.4335,1.4293,1.4386,1.4626,1.441,1.4503,1.4268,1.409,1.4239,8.34291814E7,9.21839774E7,6.62291285E7,1.2084179814579E8,1.3141415533569E8,9.510599107739E7,513323,546775,418281,4.09050206E7,5.00090447E7,3.1418267E7,5.923689990947E7,7.133164633761E7,4.51215702502E7,1.4294,1.4386,1.4334,86.04,86.86,86.12,89.32,87.18,86.94,86.01,84.48,84.92,3154871.835,2894663.239,1818574.663,2.7731296848886E8,2.4838134737972E8,1.5636025167295E8,814469,789600,545936,1730943.426,1551557.114,918892.981,1.5214468451329E8,1.3314299682914E8,7.899191793927E7,86.87,86.12,86.18,55.57,55.5,56.21,56.55,56.23,56.76,55.48,54.9,55.75,267526.056,233231.953,233846.698,1.50095849084E7,1.293675572858E7,1.316276242094E7,126136,139554,102714,134842.015,109367.704,118593.618,7567849.829,6068210.758,6676577.12,55.49,56.21,56.54,2327.15,2374.08,2330.27,2423.75,2382,2337.5,2312.95,2285.42,2300.22,379707.1259,356645.6923,183887.6181,9.06985929200687E8,8.31612346681225E8,4.26084826217819E8,4230243,4079579,2413824,191758.2678,169637.8993,88184.8381,4.5799692349354E8,3.95788711633604E8,2.04323992883765E8,2374.07,2330.26,2314.99,2319.5
2026-04-25T22:38:47,78178.22,78257.48,77437.13,78662.5,78581.93,77885.35,76960,77264.08,77140.23,16970.79501,12675.14315,5685.1142,1.3213496983542461E9,9.869325646001965E8,4.406840043451535E8,3571796,2581973,806542,7760.75572,6148.06393,2999.85355,6.043221343078095E8,4.78778657353311E8,2.325677408198693E8,78257.48,77437.13,77625,1.4293,1.4386,1.4333,1.441,1.4503,1.4377,1.409,1.4239,1.4187,9.21839774E7,6.62291285E7,2.63465586E7,1.3141415533569E8,9.510599107739E7,3.762680397471E7,546775,418281,162830,5.00090447E7,3.1418267E7,1.22087576E7,7.133164633761E7,4.51215702502E7,1.744145632529E7,1.4386,1.4334,1.4238,86.86,86.12,86.18,87.18,86.94,86.8,84.48,84.92,85.53,2894663.239,1818574.663,1033932.436,2.4838134737972E8,1.5636025167295E8,8.908375112267E7,789600,545936,300075,1551557.114,918892.981,513711.595,1.3314299682914E8,7.899191793927E7,4.425086559785E7,86.12,86.18,86.18,55.5,56.21,56.55,56.23,56.76,56.72,54.9,55.75,55.91,233231.953,233846.698,141641.823,1.293675572858E7,1.316276242094E7,7980343.258,139554,102714,69859,109367.704,118593.618,69247.774,6068210.758,6676577.12,3901976.912,56.21,56.54,56.05,2374.08,2330.27,2314.98,2382,2337.5,2323.21,2285.42,2300.22,2300.55,356645.6923,183887.6181,68139.2191,8.31612346681225E8,4.26084826217819E8,1.57673587538543E8,4079579,2413824,658757,169637.8993,88184.8381,33589.8529,3.95788711633604E8,2.04323992883765E8,7.7727130994055E7,2330.26,2314.99,2319.5,2369.44
2026-04-26T22:38:47,78257.48,77437.13,77625,78581.93,77885.35,78961,77264.08,77140.23,77326.51,12675.14315,5685.1142,7963.56162,9.869325646001965E8,4.406840043451535E8,6.219919734848E8,2581973,806542,1476971,6148.06393,2999.85355,3981.86566,4.78778657353311E8,2.325677408198693E8,3.111495946071661E8,77437.13,77625,78657.55,1.4386,1.4333,1.4238,1.4503,1.4377,1.4366,1.4239,1.4187,1.418,6.62291285E7,2.63465586E7,3.00243677E7,9.510599107739E7,3.762680397471E7,4.283707914942E7,418281,162830,230769,3.1418267E7,1.22087576E7,1.45979017E7,4.51215702502E7,1.744145632529E7,2.082838532123E7,1.4334,1.4238,1.4307,86.12,86.18,86.19,86.94,86.8,87.32,84.92,85.53,85.84,1818574.663,1033932.436,1453501.452,1.5636025167295E8,8.908375112267E7,1.2572737039517E8,545936,300075,380657,918892.981,513711.595,735165.507,7.899191793927E7,4.425086559785E7,6.359274368955E7,86.18,86.18,86.93,56.21,56.55,56.05,56.76,56.72,56.48,55.75,55.91,55.75,233846.698,141641.823,151412.239,1.316276242094E7,7980343.258,8498403.832,102714,69859,74315,118593.618,69247.774,74747.712,6676577.12,3901976.912,4196298.51,56.54,56.05,56.28,2330.27,2314.98,2319.49,2337.5,2323.21,2380,2300.22,2300.55,2306.72,183887.6181,68139.2191,154591.6219,4.26084826217819E8,1.57673587538543E8,3.63039217940693E8,2413824,658757,1508570,88184.8381,33589.8529,76876.1717,2.04323992883765E8,7.7727130994055E7,1.80579327354915E8,2314.99,2319.5,2369.44,2303.67
2026-04-27T22:38:47,77437.13,77625,78657.55,77885.35,78961,79485.66,77140.23,77326.51,76459.64,5685.1142,7963.56162,16046.92418,4.406840043451535E8,6.219919734848E8,1.2478335500841923E9,806542,1476971,2982889,2999.85355,3981.86566,7712.53219,2.325677408198693E8,3.111495946071661E8,6.001224225927734E8,77625,78657.55,77371.32,1.4333,1.4238,1.4308,1.4377,1.4366,1.4466,1.4187,1.418,1.3836,2.63465586E7,3.00243677E7,7.31552981E7,3.762680397471E7,4.283707914942E7,1.0318723314259E8,162830,230769,464442,1.22087576E7,1.45979017E7,3.63680113E7,1.744145632529E7,2.082838532123E7,5.12886545149E7,1.4238,1.4307,1.4007,86.18,86.19,86.93,86.8,87.32,88.08,85.53,85.84,83.63,1033932.436,1453501.452,3009101.691,8.908375112267E7,1.2572737039517E8,2.5801918738674E8,300075,380657,737519,513711.595,735165.507,1583431.358,4.425086559785E7,6.359274368955E7,1.3590045508456E8,86.18,86.93,84.82,56.55,56.05,56.28,56.72,56.48,56.8,55.91,55.75,54.95,141641.823,151412.239,255326.831,7980343.258,8498403.832,1.420708716275E7,69859,74315,122144,69247.774,74747.712,122908.03,3901976.912,4196298.51,6839081.344,56.05,56.28,55.57,2314.98,2319.49,2369.45,2323.21,2380,2404.37,2300.55,2306.72,2266.09,68139.2191,154591.6219,300363.8586,1.57673587538543E8,3.63039217940693E8,6.97653543100754E8,658757,1508570,3192282,33589.8529,76876.1717,143798.2975,7.7727130994055E7,1.80579327354915E8,3.34290742028397E8,2319.5,2369.44,2303.67,2289.42
2026-04-28T22:38:47,77625,78657.55,77371.32,78961,79485.66,77478,77326.51,76459.64,75666.6,7963.56162,16046.92418,13210.72383,6.219919734848E8,1.2478335500841923E9,1.0104126735550212E9,1476971,2982889,2352446,3981.86566,7712.53219,6518.95469,3.111495946071661E8,6.001224225927734E8,4.986814161989518E8,78657.55,77371.32,76342.77,1.4238,1.4308,1.4008,1.4366,1.4466,1.4009,1.418,1.3836,1.3677,3.00243677E7,7.31552981E7,5.32342454E7,4.283707914942E7,1.0318723314259E8,7.365757496158E7,230769,464442,320064,1.45979017E7,3.63680113E7,2.36852956E7,2.082838532123E7,5.12886545149E7,3.275863694567E7,1.4307,1.4007,1.3805,86.19,86.93,84.82,87.32,88.08,84.93,85.84,83.63,82.98,1453501.452,3009101.691,1664394.443,1.2572737039517E8,2.5801918738674E8,1.3951526233159E8,380657,737519,397883,735165.507,1583431.358,903890.968,6.359274368955E7,1.3590045508456E8,7.577549532337E7,86.93,84.82,84.06,56.05,56.28,55.56,56.48,56.8,55.79,55.75,54.95,54.67,151412.239,255326.831,182047.015,8498403.832,1.420708716275E7,1.005428930903E7,74315,122144,84905,74747.712,122908.03,83481.022,4196298.51,6839081.344,4612752.254,56.28,55.57,55.71,2319.49,2369.45,2303.66,2380,2404.37,2310.88,2306.72,2266.09,2258.24,154591.6219,300363.8586,187932.2201,3.63039217940693E8,6.97653543100754E8,4.29094630508975E8,1508570,3192282,2346992,76876.1717,143798.2975,94578.0797,1.80579327354915E8,3.34290742028397E8,2.15948355744806E8,2369.44,2303.67,2289.42,2252.9
2026-04-29T22:38:47,78657.55,77371.32,76342.78,79485.66,77478,77904.93,76459.64,75666.6,74937.52,16046.92418,13210.72383,18279.93022,1.2478335500841923E9,1.0104126735550212E9,1.3997358583455281E9,2982889,2352446,3032890,7712.53219,6518.95469,9680.02112,6.001224225927734E8,4.986814161989518E8,7.412797415187618E8,77371.32,76342.77,75780,1.4308,1.4008,1.3806,1.4466,1.4009,1.4067,1.3836,1.3677,1.3458,7.31552981E7,5.32342454E7,7.41948798E7,1.0318723314259E8,7.365757496158E7,1.0203283977557E8,464442,320064,474018,3.63680113E7,2.36852956E7,3.74034161E7,5.12886545149E7,3.275863694567E7,5.146028974986E7,1.4007,1.3805,1.3691,86.93,84.82,84.06,88.08,84.93,85.56,83.63,82.98,81.4,3009101.691,1664394.443,2576063.596,2.5801918738674E8,1.3951526233159E8,2.1570289297072E8,737519,397883,581305,1583431.358,903890.968,1182001.869,1.3590045508456E8,7.577549532337E7,9.89226583919E7,84.82,84.06,83.04,56.28,55.56,55.7,56.8,55.79,57.71,54.95,54.67,54.35,255326.831,182047.015,407969.758,1.420708716275E7,1.005428930903E7,2.282182726244E7,122144,84905,188804,122908.03,83481.022,191589.136,6839081.344,4612752.254,1.072260931626E7,55.57,55.71,55.32,2369.45,2303.66,2289.42,2404.37,2310.88,2346.95,2266.09,2258.24,2220.36,300363.8586,187932.2201,355078.1015,6.97653543100754E8,4.29094630508975E8,8.11555243527633E8,3192282,2346992,3588292,143798.2975,94578.0797,178999.8027,3.34290742028397E8,2.15948355744806E8,4.09301744342773E8,2303.67,2289.42,2252.9,2257.51
2026-04-30T22:38:47,77371.32,76342.78,75780,77478,77904.93,76669.14,75666.6,74937.52,75323.65,13210.72383,18279.93022,10381.81607,1.0104126735550212E9,1.3997358583455281E9,7.90584591689154E8,2352446,3032890,2569480,6518.95469,9680.02112,5585.19124,4.986814161989518E8,7.412797415187618E8,4.253113832018324E8,76342.77,75780,76346.57,1.4008,1.3806,1.3692,1.4009,1.4067,1.3847,1.3677,1.3458,1.3591,5.32342454E7,7.41948798E7,5.11103891E7,7.365757496158E7,1.0203283977557E8,7.004633572061E7,320064,474018,365359,2.36852956E7,3.74034161E7,2.15463669E7,3.275863694567E7,5.146028974986E7,2.953079016271E7,1.3805,1.3691,1.3679,84.82,84.06,83.05,84.93,85.56,84.01,82.98,81.4,82.16,1664394.443,2576063.596,1372591.611,1.3951526233159E8,2.1570289297072E8,1.1414709921202E8,397883,581305,481530,903890.968,1182001.869,735437.679,7.577549532337E7,9.89226583919E7,6.116991008091E7,84.06,83.04,83.09,55.56,55.7,55.32,55.79,57.71,55.99,54.67,54.35,54.93,182047.015,407969.758,195777.274,1.005428930903E7,2.282182726244E7,1.086825184975E7,84905,188804,106126,83481.022,191589.136,90877.519,4612752.254,1.072260931626E7,5046319.637,55.71,55.32,55.19,2303.66,2289.42,2252.9,2310.88,2346.95,2279,2258.24,2220.36,2231.64,187932.2201,355078.1015,167194.2776,4.29094630508975E8,8.11555243527633E8,3.77557889671635E8,2346992,3588292,2649837,94578.0797,178999.8027,83993.1124,2.15948355744806E8,4.09301744342773E8,1.89738754617926E8,2289.42,2252.9,2257.51,2295.63
