date,XRP.high_5,XRP.high_4,XRP.high_3,XRP.high_2,XRP.high_1,XRP.high,XRP.low_5,XRP.low_4,XRP.low_3,XRP.low_2,XRP.low_1,XRP.low,XRP.volume_5,XRP.volume_4,XRP.volume_3,XRP.volume_2,XRP.volume_1,XRP.volume,XRP.numberOfTrades_5,XRP.numberOfTrades_4,XRP.numberOfTrades_3,XRP.numberOfTrades_2,XRP.numberOfTrades_1,XRP.numberOfTrades,XRP.takerBuyBaseAssetVolume_5,XRP.takerBuyBaseAssetVolume_4,XRP.takerBuyBaseAssetVolume_3,XRP.takerBuyBaseAssetVolume_2,XRP.takerBuyBaseAssetVolume_1,XRP.takerBuyBaseAssetVolume,XRP.close_5,XRP.close_4,XRP.close_3,XRP.close_2,XRP.close_1,XRP.close,ETH.high_5,ETH.high_4,ETH.high_3,ETH.high_2,ETH.high_1,ETH.high,ETH.low_5,ETH.low_4,ETH.low_3,ETH.low_2,ETH.low_1,ETH.low,ETH.volume_5,ETH.volume_4,ETH.volume_3,ETH.volume_2,ETH.volume_1,ETH.volume,ETH.numberOfTrades_5,ETH.numberOfTrades_4,ETH.numberOfTrades_3,ETH.numberOfTrades_2,ETH.numberOfTrades_1,ETH.numberOfTrades,ETH.takerBuyBaseAssetVolume_5,ETH.takerBuyBaseAssetVolume_4,ETH.takerBuyBaseAssetVolume_3,ETH.takerBuyBaseAssetVolume_2,ETH.takerBuyBaseAssetVolume_1,ETH.takerBuyBaseAssetVolume,ETH.close_5,ETH.close_4,ETH.close_3,ETH.close_2,ETH.close_1,ETH.close
2025-12-31T00:00:00,1.8833,1.8788,1.8796,1.918,1.8864,1.8839,1.8246,1.8417,1.8539,1.845,1.8439,1.8123,7.68255308E7,3.12444713E7,2.65972383E7,7.02657085E7,4.83377356E7,5.83348938E7,812307,254408,272306,713307,418695,440483,3.20868166E7,1.34267871E7,1.19303935E7,3.25492739E7,2.22833005E7,2.91775214E7,1.8437,1.8735,1.8654,1.8508,1.8776,1.8423,2994.38,2960.89,2961.23,3057.78,3009.8,3028.08,2894.26,2917.13,2924.54,2910.25,2919.44,2958.91,314830.9989,95040.3956,128834.139,485959.1824,286583.2879,233729.5887,4062164,1004396,1484510,5162535,3959890,2935432,159371.2995,43285.9713,65373.9915,233555.1583,146128.2348,116217.5263,2927.99,2949.05,2950.91,2937.9,2973.69,2971.64
2026-01-01T00:00:00,1.8788,1.8796,1.918,1.8864,1.8839,1.8811,1.8417,1.8539,1.845,1.8439,1.8123,1.8261,3.12444713E7,2.65972383E7,7.02657085E7,4.83377356E7,5.83348938E7,4.10825891E7,254408,272306,713307,418695,440483,299761,1.34267871E7,1.19303935E7,3.25492739E7,2.22833005E7,2.91775214E7,2.0405073E7,1.8735,1.8654,1.8508,1.8776,1.8423,1.8799,2960.89,2961.23,3057.78,3009.8,3028.08,3010.0,2917.13,2924.54,2910.25,2919.44,2958.91,2971.15,95040.3956,128834.139,485959.1824,286583.2879,233729.5887,136088.5207,1004396,1484510,5162535,3959890,2935432,1338212,43285.9713,65373.9915,233555.1583,146128.2348,116217.5263,66477.086,2949.05,2950.91,2937.9,2973.69,2971.64,3004.19
2026-01-02T00:00:00,1.8796,1.918,1.8864,1.8839,1.8811,2.0315,1.8539,1.845,1.8439,1.8123,1.8261,1.8689,2.65972383E7,7.02657085E7,4.83377356E7,5.83348938E7,4.10825891E7,1.273479072E8,272306,713307,418695,440483,299761,1017519,1.19303935E7,3.25492739E7,2.22833005E7,2.91775214E7,2.0405073E7,5.76478506E7,1.8654,1.8508,1.8776,1.8423,1.8799,2.0069,2961.23,3057.78,3009.8,3028.08,3010.0,3150.01,2924.54,2910.25,2919.44,2958.91,2971.15,2992.49,128834.139,485959.1824,286583.2879,233729.5887,136088.5207,369891.2449,1484510,5162535,3959890,2935432,1338212,5276480,65373.9915,233555.1583,146128.2348,116217.5263,66477.086,195057.0391,2950.91,2937.9,2973.69,2971.64,3004.19,3125.45
2026-01-03T00:00:00,1.918,1.8864,1.8839,1.8811,2.0315,2.0561,1.845,1.8439,1.8123,1.8261,1.8689,1.9844,7.02657085E7,4.83377356E7,5.83348938E7,4.10825891E7,1.273479072E8,7.43865221E7,713307,418695,440483,299761,1017519,656247,3.25492739E7,2.22833005E7,2.91775214E7,2.0405073E7,5.76478506E7,3.44027435E7,1.8508,1.8776,1.8423,1.8799,2.0069,2.0182,3057.78,3009.8,3028.08,3010.0,3150.01,3136.71,2910.25,2919.44,2958.91,2971.15,2992.49,3076.0,485959.1824,286583.2879,233729.5887,136088.5207,369891.2449,134405.2258,5162535,3959890,2935432,1338212,5276480,1823251,233555.1583,146128.2348,116217.5263,66477.086,195057.0391,66789.8067,2937.9,2973.69,2971.64,3004.19,3125.45,3127.11
2026-01-04T00:00:00,1.8864,1.8839,1.8811,2.0315,2.0561,2.1204,1.8439,1.8123,1.8261,1.8689,1.9844,2.0163,4.83377356E7,5.83348938E7,4.10825891E7,1.273479072E8,7.43865221E7,1.137570863E8,418695,440483,299761,1017519,656247,980782,2.22833005E7,2.91775214E7,2.0405073E7,5.76478506E7,3.44027435E7,5.63252857E7,1.8776,1.8423,1.8799,2.0069,2.0182,2.0909,3009.8,3028.08,3010.0,3150.01,3136.71,3167.22,2919.44,2958.91,2971.15,2992.49,3076.0,3118.75,286583.2879,233729.5887,136088.5207,369891.2449,134405.2258,181576.0686,3959890,2935432,1338212,5276480,1823251,2261499,146128.2348,116217.5263,66477.086,195057.0391,66789.8067,94783.8698,2973.69,2971.64,3004.19,3125.45,3127.11,3144.7
2026-01-05T00:00:00,1.8839,1.8811,2.0315,2.0561,2.1204,2.3695,1.8123,1.8261,1.8689,1.9844,2.0163,2.0877,5.83348938E7,4.10825891E7,1.273479072E8,7.43865221E7,1.137570863E8,2.103180253E8,440483,299761,1017519,656247,980782,1982421,2.91775214E7,2.0405073E7,5.76478506E7,3.44027435E7,5.63252857E7,1.029855705E8,1.8423,1.8799,2.0069,2.0182,2.0909,2.3478,3028.08,3010.0,3150.01,3136.71,3167.22,3265.66,2958.91,2971.15,2992.49,3076.0,3118.75,3135.02,233729.5887,136088.5207,369891.2449,134405.2258,181576.0686,382446.6618,2935432,1338212,5276480,1823251,2261499,5401982,116217.5263,66477.086,195057.0391,66789.8067,94783.8698,188956.4336,2971.64,3004.19,3125.45,3127.11,3144.7,3224.99
2026-01-06T00:00:00,1.8811,2.0315,2.0561,2.1204,2.3695,2.4172,1.8261,1.8689,1.9844,2.0163,2.0877,2.2046,4.10825891E7,1.273479072E8,7.43865221E7,1.137570863E8,2.103180253E8,2.703721081E8,299761,1017519,656247,980782,1982421,2585653,2.0405073E7,5.76478506E7,3.44027435E7,5.63252857E7,1.029855705E8,1.311875857E8,1.8799,2.0069,2.0182,2.0909,2.3478,2.3042,3010.0,3150.01,3136.71,3167.22,3265.66,3308.86,2971.15,2992.49,3076.0,3118.75,3135.02,3183.27,136088.5207,369891.2449,134405.2258,181576.0686,382446.6618,412503.5066,1338212,5276480,1823251,2261499,5401982,5310071,66477.086,195057.0391,66789.8067,94783.8698,188956.4336,204316.7995,3004.19,3125.45,3127.11,3144.7,3224.99,3296.84
2026-01-07T00:00:00,2.0315,2.0561,2.1204,2.3695,2.4172,2.3205,1.8689,1.9844,2.0163,2.0877,2.2046,2.1517,1.273479072E8,7.43865221E7,1.137570863E8,2.103180253E8,2.703721081E8,1.156032777E8,1017519,656247,980782,1982421,2585653,1456273,5.76478506E7,3.44027435E7,5.63252857E7,1.029855705E8,1.311875857E8,5.54927341E7,2.0069,2.0182,2.0909,2.3478,2.3042,2.1657,3150.01,3136.71,3167.22,3265.66,3308.86,3296.84,2992.49,3076.0,3118.75,3135.02,3183.27,3125.42,369891.2449,134405.2258,181576.0686,382446.6618,412503.5066,321350.1225,5276480,1823251,2261499,5401982,5310071,4839276,195057.0391,66789.8067,94783.8698,188956.4336,204316.7995,154644.9184,3125.45,3127.11,3144.7,3224.99,3296.84,3168.72
2026-01-08T00:00:00,2.0561,2.1204,2.3695,2.4172,2.3205,2.1925,1.9844,2.0163,2.0877,2.2046,2.1517,2.0649,7.43865221E7,1.137570863E8,2.103180253E8,2.703721081E8,1.156032777E8,1.565360805E8,656247,980782,1982421,2585653,1456273,1614939,3.44027435E7,5.63252857E7,1.029855705E8,1.311875857E8,5.54927341E7,7.39523255E7,2.0182,2.0909,2.3478,2.3042,2.1657,2.1232,3136.71,3167.22,3265.66,3308.86,3296.84,3184.39,3076.0,3118.75,3135.02,3183.27,3125.42,3054.65,134405.2258,181576.0686,382446.6618,412503.5066,321350.1225,343616.1005,1823251,2261499,5401982,5310071,4839276,4982423,66789.8067,94783.8698,188956.4336,204316.7995,154644.9184,167834.9366,3127.11,3144.7,3224.99,3296.84,3168.72,3106.65
2026-01-09T00:00:00,2.1204,2.3695,2.4172,2.3205,2.1925,2.1622,2.0163,2.0877,2.2046,2.1517,2.0649,2.0727,1.137570863E8,2.103180253E8,2.703721081E8,1.156032777E8,1.565360805E8,1.17777092E8,980782,1982421,2585653,1456273,1614939,1257235,5.63252857E7,1.029855705E8,1.311875857E8,5.54927341E7,7.39523255E7,6.28194228E7,2.0909,2.3478,2.3042,2.1657,2.1232,2.0958,3167.22,3265.66,3308.86,3296.84,3184.39,3148.41,3118.75,3135.02,3183.27,3125.42,3054.65,3058.69,181576.0686,382446.6618,412503.5066,321350.1225,343616.1005,274587.4533,2261499,5401982,5310071,4839276,4982423,4182570,94783.8698,188956.4336,204316.7995,154644.9184,167834.9366,137269.6714,3144.7,3224.99,3296.84,3168.72,3106.65,3088.4
2026-01-10T00:00:00,2.3695,2.4172,2.3205,2.1925,2.1622,2.1106,2.0877,2.2046,2.1517,2.0649,2.0727,2.0806,2.103180253E8,2.703721081E8,1.156032777E8,1.565360805E8,1.17777092E8,3.15899813E7,1982421,2585653,1456273,1614939,1257235,342381,1.029855705E8,1.311875857E8,5.54927341E7,7.39523255E7,6.28194228E7,1.64267838E7,2.3478,2.3042,2.1657,2.1232,2.0958,2.0907,3265.66,3308.86,3296.84,3184.39,3148.41,3104.12,3135.02,3183.27,3125.42,3054.65,3058.69,3077.99,382446.6618,412503.5066,321350.1225,343616.1005,274587.4533,82341.0546,5401982,5310071,4839276,4982423,4182570,881069,188956.4336,204316.7995,154644.9184,167834.9366,137269.6714,44689.1628,3224.99,3296.84,3168.72,3106.65,3088.4,3086.72
2026-01-11T00:00:00,2.4172,2.3205,2.1925,2.1622,2.1106,2.11,2.2046,2.1517,2.0649,2.0727,2.0806,2.045,2.703721081E8,1.156032777E8,1.565360805E8,1.17777092E8,3.15899813E7,5.05455782E7,2585653,1456273,1614939,1257235,342381,497144,1.311875857E8,5.54927341E7,7.39523255E7,6.28194228E7,1.64267838E7,2.62870992E7,2.3042,2.1657,2.1232,2.0958,2.0907,2.0745,3308.86,3296.84,3184.39,3148.41,3104.12,3147.27,3183.27,3125.42,3054.65,3058.69,3077.99,3084.46,412503.5066,321350.1225,343616.1005,274587.4533,82341.0546,149381.2965,5310071,4839276,4982423,4182570,881069,1522502,204316.7995,154644.9184,167834.9366,137269.6714,44689.1628,77521.2191,3296.84,3168.72,3106.65,3088.4,3086.72,3123.45
2026-01-12T00:00:00,2.3205,2.1925,2.1622,2.1106,2.11,2.1086,2.1517,2.0649,2.0727,2.0806,2.045,2.035,1.156032777E8,1.565360805E8,1.17777092E8,3.15899813E7,5.05455782E7,1.101400383E8,1456273,1614939,1257235,342381,497144,1077404,5.54927341E7,7.39523255E7,6.28194228E7,1.64267838E7,2.62870992E7,4.90226195E7,2.1657,2.1232,2.0958,2.0907,2.0745,2.054,3296.84,3184.39,3148.41,3104.12,3147.27,3171.49,3125.42,3054.65,3058.69,3077.99,3084.46,3065.55,321350.1225,343616.1005,274587.4533,82341.0546,149381.2965,297373.4681,4839276,4982423,4182570,881069,1522502,4303605,154644.9184,167834.9366,137269.6714,44689.1628,77521.2191,145169.9489,3168.72,3106.65,3088.4,3086.72,3123.45,3095.75
2026-01-13T00:00:00,2.1925,2.1622,2.1106,2.11,2.1086,2.185,2.0649,2.0727,2.0806,2.045,2.035,2.0474,1.565360805E8,1.17777092E8,3.15899813E7,5.05455782E7,1.101400383E8,1.133740063E8,1614939,1257235,342381,497144,1077404,1132317,7.39523255E7,6.28194228E7,1.64267838E7,2.62870992E7,4.90226195E7,5.37605548E7,2.1232,2.0958,2.0907,2.0745,2.054,2.1655,3184.39,3148.41,3104.12,3147.27,3171.49,3367.79,3054.65,3058.69,3077.99,3084.46,3065.55,3091.96,343616.1005,274587.4533,82341.0546,149381.2965,297373.4681,457782.2816,4982423,4182570,881069,1522502,4303605,4876916,167834.9366,137269.6714,44689.1628,77521.2191,145169.9489,239733.9448,3106.65,3088.4,3086.72,3123.45,3095.75,3325.82
2026-01-14T00:00:00,2.1622,2.1106,2.11,2.1086,2.185,2.1924,2.0727,2.0806,2.045,2.035,2.0474,2.1116,1.17777092E8,3.15899813E7,5.05455782E7,1.101400383E8,1.133740063E8,1.350016035E8,1257235,342381,497144,1077404,1132317,1229087,6.28194228E7,1.64267838E7,2.62870992E7,4.90226195E7,5.37605548E7,6.35054748E7,2.0958,2.0907,2.0745,2.054,2.1655,2.1394,3148.41,3104.12,3147.27,3171.49,3367.79,3402.89,3058.69,3077.99,3084.46,3065.55,3091.96,3280.48,274587.4533,82341.0546,149381.2965,297373.4681,457782.2816,503440.0759,4182570,881069,1522502,4303605,4876916,5351410,137269.6714,44689.1628,77521.2191,145169.9489,239733.9448,242601.2111,3088.4,3086.72,3123.45,3095.75,3325.82,3354.92
2026-01-15T00:00:00,2.1106,2.11,2.1086,2.185,2.1924,2.1434,2.0806,2.045,2.035,2.0474,2.1116,2.0532,3.15899813E7,5.05455782E7,1.101400383E8,1.133740063E8,1.350016035E8,8.96396837E7,342381,497144,1077404,1132317,1229087,904219,1.64267838E7,2.62870992E7,4.90226195E7,5.37605548E7,6.35054748E7,4.64601369E7,2.0907,2.0745,2.054,2.1655,2.1394,2.0789,3104.12,3147.27,3171.49,3367.79,3402.89,3384.19,3077.99,3084.46,3065.55,3091.96,3280.48,3273.72,82341.0546,149381.2965,297373.4681,457782.2816,503440.0759,389993.836,881069,1522502,4303605,4876916,5351410,4766390,44689.1628,77521.2191,145169.9489,239733.9448,242601.2111,182106.0811,3086.72,3123.45,3095.75,3325.82,3354.92,3318.69
2026-01-16T00:00:00,2.11,2.1086,2.185,2.1924,2.1434,2.0866,2.045,2.035,2.0474,2.1116,2.0532,2.0263,5.05455782E7,1.101400383E8,1.133740063E8,1.350016035E8,8.96396837E7,6.08946195E7,497144,1077404,1132317,1229087,904219,627484,2.62870992E7,4.90226195E7,5.37605548E7,6.35054748E7,4.64601369E7,2.80317239E7,2.0745,2.054,2.1655,2.1394,2.0789,2.0678,3147.27,3171.49,3367.79,3402.89,3384.19,3326.79,3084.46,3065.55,3091.96,3280.48,3273.72,3253.01,149381.2965,297373.4681,457782.2816,503440.0759,389993.836,223921.7876,1522502,4303605,4876916,5351410,4766390,3528248,77521.2191,145169.9489,239733.9448,242601.2111,182106.0811,109159.1615,3123.45,3095.75,3325.82,3354.92,3318.69,3296.28
2026-01-17T00:00:00,2.1086,2.185,2.1924,2.1434,2.0866,2.0834,2.035,2.0474,2.1116,2.0532,2.0263,2.0536,1.101400383E8,1.133740063E8,1.350016035E8,8.96396837E7,6.08946195E7,3.11384549E7,1077404,1132317,1229087,904219,627484,315864,4.90226195E7,5.37605548E7,6.35054748E7,4.64601369E7,2.80317239E7,1.5393704E7,2.054,2.1655,2.1394,2.0789,2.0678,2.0631,3171.49,3367.79,3402.89,3384.19,3326.79,3330.26,3065.55,3091.96,3280.48,3273.72,3253.01,3283.96,297373.4681,457782.2816,503440.0759,389993.836,223921.7876,124325.0303,4303605,4876916,5351410,4766390,3528248,1229614,145169.9489,239733.9448,242601.2111,182106.0811,109159.1615,68643.5852,3095.75,3325.82,3354.92,3318.69,3296.28,3310.56
2026-01-18T00:00:00,2.185,2.1924,2.1434,2.0866,2.0834,2.0679,2.0474,2.1116,2.0532,2.0263,2.0536,1.9861,1.133740063E8,1.350016035E8,8.96396837E7,6.08946195E7,3.11384549E7,4.65066977E7,1132317,1229087,904219,627484,315864,474109,5.37605548E7,6.35054748E7,4.64601369E7,2.80317239E7,1.5393704E7,2.21074542E7,2.1655,2.1394,2.0789,2.0678,2.0631,1.9914,3367.79,3402.89,3384.19,3326.79,3330.26,3368.82,3091.96,3280.48,3273.72,3253.01,3283.96,3278.86,457782.2816,503440.0759,389993.836,223921.7876,124325.0303,173354.3026,4876916,5351410,4766390,3528248,1229614,2227452,239733.9448,242601.2111,182106.0811,109159.1615,68643.5852,93056.7992,3325.82,3354.92,3318.69,3296.28,3310.56,3284.03
2026-01-19T00:00:00,2.1924,2.1434,2.0866,2.0834,2.0679,2.0299,2.1116,2.0532,2.0263,2.0536,1.9861,1.847,1.350016035E8,8.96396837E7,6.08946195E7,3.11384549E7,4.65066977E7,1.593499007E8,1229087,904219,627484,315864,474109,1183988,6.35054748E7,4.64601369E7,2.80317239E7,1.5393704E7,2.21074542E7,7.90856444E7,2.1394,2.0789,2.0678,2.0631,1.9914,1.986,3402.89,3384.19,3326.79,3330.26,3368.82,3284.58,3280.48,3273.72,3253.01,3283.96,3278.86,3165.38,503440.0759,389993.836,223921.7876,124325.0303,173354.3026,442540.5596,5351410,4766390,3528248,1229614,2227452,4406164,242601.2111,182106.0811,109159.1615,68643.5852,93056.7992,225707.6739,3354.92,3318.69,3296.28,3310.56,3284.03,3189.55
2026-01-20T00:00:00,2.1434,2.0866,2.0834,2.0679,2.0299,1.9909,2.0532,2.0263,2.0536,1.9861,1.847,1.87,8.96396837E7,6.08946195E7,3.11384549E7,4.65066977E7,1.593499007E8,1.27376122E8,904219,627484,315864,474109,1183988,1219786,4.64601369E7,2.80317239E7,1.5393704E7,2.21074542E7,7.90856444E7,6.84579919E7,2.0789,2.0678,2.0631,1.9914,1.986,1.89,3384.19,3326.79,3330.26,3368.82,3284.58,3200.5,3273.72,3253.01,3283.96,3278.86,3165.38,2920.0,389993.836,223921.7876,124325.0303,173354.3026,442540.5596,518166.4787,4766390,3528248,1229614,2227452,4406164,7228638,182106.0811,109159.1615,68643.5852,93056.7992,225707.6739,251605.1302,3318.69,3296.28,3310.56,3284.03,3189.55,2939.88
2026-01-21T00:00:00,2.0866,2.0834,2.0679,2.0299,1.9909,1.9907,2.0263,2.0536,1.9861,1.847,1.87,1.8712,6.08946195E7,3.11384549E7,4.65066977E7,1.593499007E8,1.27376122E8,1.478421355E8,627484,315864,474109,1183988,1219786,1442942,2.80317239E7,1.5393704E7,2.21074542E7,7.90856444E7,6.84579919E7,7.18482828E7,2.0678,2.0631,1.9914,1.986,1.89,1.9476,3326.79,3330.26,3368.82,3284.58,3200.5,3069.07,3253.01,3283.96,3278.86,3165.38,2920.0,2866.11,223921.7876,124325.0303,173354.3026,442540.5596,518166.4787,577800.2481,3528248,1229614,2227452,4406164,7228638,8064316,109159.1615,68643.5852,93056.7992,225707.6739,251605.1302,296961.807,3296.28,3310.56,3284.03,3189.55,2939.88,2982.27
2026-01-22T00:00:00,2.0834,2.0679,2.0299,1.9909,1.9907,1.9679,2.0536,1.9861,1.847,1.87,1.8712,1.9016,3.11384549E7,4.65066977E7,1.593499007E8,1.27376122E8,1.478421355E8,6.16274449E7,315864,474109,1183988,1219786,1442942,660686,1.5393704E7,2.21074542E7,7.90856444E7,6.84579919E7,7.18482828E7,3.0128653E7,2.0631,1.9914,1.986,1.89,1.9476,1.9236,3330.26,3368.82,3284.58,3200.5,3069.07,3038.33,3283.96,3278.86,3165.38,2920.0,2866.11,2906.02,124325.0303,173354.3026,442540.5596,518166.4787,577800.2481,291660.7349,1229614,2227452,4406164,7228638,8064316,4696521,68643.5852,93056.7992,225707.6739,251605.1302,296961.807,144410.7947,3310.56,3284.03,3189.55,2939.88,2982.27,2952.69
2026-01-23T00:00:00,2.0679,2.0299,1.9909,1.9907,1.9679,1.9656,1.9861,1.847,1.87,1.8712,1.9016,1.8873,4.65066977E7,1.593499007E8,1.27376122E8,1.478421355E8,6.16274449E7,7.60767069E7,474109,1183988,1219786,1442942,660686,774360,2.21074542E7,7.90856444E7,6.84579919E7,7.18482828E7,3.0128653E7,3.50627015E7,1.9914,1.986,1.89,1.9476,1.9236,1.9196,3368.82,3284.58,3200.5,3069.07,3038.33,3019.26,3278.86,3165.38,2920.0,2866.11,2906.02,2892.4,173354.3026,442540.5596,518166.4787,577800.2481,291660.7349,318415.3317,2227452,4406164,7228638,8064316,4696521,5479038,93056.7992,225707.6739,251605.1302,296961.807,144410.7947,159251.2529,3284.03,3189.55,2939.88,2982.27,2952.69,2956.41
2026-01-24T00:00:00,2.0299,1.9909,1.9907,1.9679,1.9656,1.9276,1.847,1.87,1.8712,1.9016,1.8873,1.91,1.593499007E8,1.27376122E8,1.478421355E8,6.16274449E7,7.60767069E7,2.71599999E7,1183988,1219786,1442942,660686,774360,221237,7.90856444E7,6.84579919E7,7.18482828E7,3.0128653E7,3.50627015E7,1.14368261E7,1.986,1.89,1.9476,1.9236,1.9196,1.9143,3284.58,3200.5,3069.07,3038.33,3019.26,2970.41,3165.38,2920.0,2866.11,2906.02,2892.4,2943.84,442540.5596,518166.4787,577800.2481,291660.7349,318415.3317,92082.9039,4406164,7228638,8064316,4696521,5479038,1185149,225707.6739,251605.1302,296961.807,144410.7947,159251.2529,41483.2107,3189.55,2939.88,2982.27,2952.69,2956.41,2953.22
2026-01-25T00:00:00,1.9909,1.9907,1.9679,1.9656,1.9276,1.9168,1.87,1.8712,1.9016,1.8873,1.91,1.8111,1.27376122E8,1.478421355E8,6.16274449E7,7.60767069E7,2.71599999E7,9.15331103E7,1219786,1442942,660686,774360,221237,818265,6.84579919E7,7.18482828E7,3.0128653E7,3.50627015E7,1.14368261E7,4.32186369E7,1.89,1.9476,1.9236,1.9196,1.9143,1.8356,3200.5,3069.07,3038.33,3019.26,2970.41,2960.29,2920.0,2866.11,2906.02,2892.4,2943.84,2787.0,518166.4787,577800.2481,291660.7349,318415.3317,92082.9039,380186.5326,7228638,8064316,4696521,5479038,1185149,4637787,251605.1302,296961.807,144410.7947,159251.2529,41483.2107,165133.7717,2939.88,2982.27,2952.69,2956.41,2953.22,2816.89
2026-01-26T00:00:00,1.9907,1.9679,1.9656,1.9276,1.9168,1.946,1.8712,1.9016,1.8873,1.91,1.8111,1.8331,1.478421355E8,6.16274449E7,7.60767069E7,2.71599999E7,9.15331103E7,1.044811536E8,1442942,660686,774360,221237,818265,973413,7.18482828E7,3.0128653E7,3.50627015E7,1.14368261E7,4.32186369E7,4.75615965E7,1.9476,1.9236,1.9196,1.9143,1.8356,1.9041,3069.07,3038.33,3019.26,2970.41,2960.29,2951.21,2866.11,2906.02,2892.4,2943.84,2787.0,2812.37,577800.2481,291660.7349,318415.3317,92082.9039,380186.5326,485169.3372,8064316,4696521,5479038,1185149,4637787,5933570,296961.807,144410.7947,159251.2529,41483.2107,165133.7717,239396.1448,2982.27,2952.69,2956.41,2953.22,2816.89,2930.35
2026-01-27T00:00:00,1.9679,1.9656,1.9276,1.9168,1.946,1.9295,1.9016,1.8873,1.91,1.8111,1.8331,1.8741,6.16274449E7,7.60767069E7,2.71599999E7,9.15331103E7,1.044811536E8,6.46198271E7,660686,774360,221237,818265,973413,684052,3.0128653E7,3.50627015E7,1.14368261E7,4.32186369E7,4.75615965E7,3.25977601E7,1.9236,1.9196,1.9143,1.8356,1.9041,1.9158,3038.33,3019.26,2970.41,2960.29,2951.21,3035.08,2906.02,2892.4,2943.84,2787.0,2812.37,2899.77,291660.7349,318415.3317,92082.9039,380186.5326,485169.3372,478792.3988,4696521,5479038,1185149,4637787,5933570,5278439,144410.7947,159251.2529,41483.2107,165133.7717,239396.1448,229630.1728,2952.69,2956.41,2953.22,2816.89,2930.35,3026.77
2026-01-28T00:00:00,1.9656,1.9276,1.9168,1.946,1.9295,1.9427,1.8873,1.91,1.8111,1.8331,1.8741,1.8944,7.60767069E7,2.71599999E7,9.15331103E7,1.044811536E8,6.46198271E7,6.74258585E7,774360,221237,818265,973413,684052,726865,3.50627015E7,1.14368261E7,4.32186369E7,4.75615965E7,3.25977601E7,3.04402803E7,1.9196,1.9143,1.8356,1.9041,1.9158,1.9111,3019.26,2970.41,2960.29,2951.21,3035.08,3045.78,2892.4,2943.84,2787.0,2812.37,2899.77,2983.67,318415.3317,92082.9039,380186.5326,485169.3372,478792.3988,296607.6549,5479038,1185149,4637787,5933570,5278439,5061029,159251.2529,41483.2107,165133.7717,239396.1448,229630.1728,154557.6064,2956.41,2953.22,2816.89,2930.35,3026.77,3010.78
2026-01-29T00:00:00,1.9276,1.9168,1.946,1.9295,1.9427,1.9134,1.91,1.8111,1.8331,1.8741,1.8944,1.778,2.71599999E7,9.15331103E7,1.044811536E8,6.46198271E7,6.74258585E7,1.49409911E8,221237,818265,973413,684052,726865,1163676,1.14368261E7,4.32186369E7,4.75615965E7,3.25977601E7,3.04402803E7,7.41990625E7,1.9143,1.8356,1.9041,1.9158,1.9111,1.8076,2970.41,2960.29,2951.21,3035.08,3045.78,3013.5,2943.84,2787.0,2812.37,2899.77,2983.67,2754.53,92082.9039,380186.5326,485169.3372,478792.3988,296607.6549,561288.5979,1185149,4637787,5933570,5278439,5061029,6779608,41483.2107,165133.7717,239396.1448,229630.1728,154557.6064,270939.8171,2953.22,2816.89,2930.35,3026.77,3010.78,2822.59
2026-01-30T00:00:00,1.9168,1.946,1.9295,1.9427,1.9134,1.8131,1.8111,1.8331,1.8741,1.8944,1.778,1.7107,9.15331103E7,1.044811536E8,6.46198271E7,6.74258585E7,1.49409911E8,2.297203067E8,818265,973413,684052,726865,1163676,1962404,4.32186369E7,4.75615965E7,3.25977601E7,3.04402803E7,7.41990625E7,1.117441592E8,1.8356,1.9041,1.9158,1.9111,1.8076,1.7352,2960.29,2951.21,3035.08,3045.78,3013.5,2828.65,2787.0,2812.37,2899.77,2983.67,2754.53,2636.01,380186.5326,485169.3372,478792.3988,296607.6549,561288.5979,793279.6252,4637787,5933570,5278439,5061029,6779608,10661631,165133.7717,239396.1448,229630.1728,154557.6064,270939.8171,388766.163,2816.89,2930.35,3026.77,3010.78,2822.59,2707.38
2026-01-31T00:00:00,1.946,1.9295,1.9427,1.9134,1.8131,1.7547,1.8331,1.8741,1.8944,1.778,1.7107,1.5028,1.044811536E8,6.46198271E7,6.74258585E7,1.49409911E8,2.297203067E8,3.323694679E8,973413,684052,726865,1163676,1962404,2380722,4.75615965E7,3.25977601E7,3.04402803E7,7.41990625E7,1.117441592E8,1.555468259E8,1.9041,1.9158,1.9111,1.8076,1.7352,1.6472,2951.21,3035.08,3045.78,3013.5,2828.65,2714.64,2812.37,2899.77,2983.67,2754.53,2636.01,2250.0,485169.3372,478792.3988,296607.6549,561288.5979,793279.6252,1113097.7132,5933570,5278439,5061029,6779608,10661631,9305297,239396.1448,229630.1728,154557.6064,270939.8171,388766.163,520430.2055,2930.35,3026.77,3010.78,2822.59,2707.38,2451.95
2026-02-01T00:00:00,1.9295,1.9427,1.9134,1.8131,1.7547,1.6805,1.8741,1.8944,1.778,1.7107,1.5028,1.5526,6.46198271E7,6.74258585E7,1.49409911E8,2.297203067E8,3.323694679E8,1.82387658E8,684052,726865,1163676,1962404,2380722,1719231,3.25977601E7,3.04402803E7,7.41990625E7,1.117441592E8,1.555468259E8,8.06645213E7,1.9158,1.9111,1.8076,1.7352,1.6472,1.5908,3035.08,3045.78,3013.5,2828.65,2714.64,2475.98,2899.77,2983.67,2754.53,2636.01,2250.0,2222.0,478792.3988,296607.6549,561288.5979,793279.6252,1113097.7132,1026573.9466,5278439,5061029,6779608,10661631,9305297,11038637,229630.1728,154557.6064,270939.8171,388766.163,520430.2055,455879.6449,3026.77,3010.78,2822.59,2707.38,2451.95,2270.15
2026-02-02T00:00:00,1.9427,1.9134,1.8131,1.7547,1.6805,1.6571,1.8944,1.778,1.7107,1.5028,1.5526,1.5307,6.74258585E7,1.49409911E8,2.297203067E8,3.323694679E8,1.82387658E8,2.181073047E8,726865,1163676,1962404,2380722,1719231,2139400,3.04402803E7,7.41990625E7,1.117441592E8,1.555468259E8,8.06645213E7,1.020122672E8,1.9111,1.8076,1.7352,1.6472,1.5908,1.6198,3045.78,3013.5,2828.65,2714.64,2475.98,2396.62,2983.67,2754.53,2636.01,2250.0,2222.0,2157.14,296607.6549,561288.5979,793279.6252,1113097.7132,1026573.9466,1248535.2114,5061029,6779608,10661631,9305297,11038637,11149156,154557.6064,270939.8171,388766.163,520430.2055,455879.6449,614416.942,3010.78,2822.59,2707.38,2451.95,2270.15,2347.02
2026-02-03T00:00:00,1.9134,1.8131,1.7547,1.6805,1.6571,1.6339,1.778,1.7107,1.5028,1.5526,1.5307,1.5274,1.49409911E8,2.297203067E8,3.323694679E8,1.82387658E8,2.181073047E8,1.905530424E8,1163676,1962404,2380722,1719231,2139400,1612184,7.41990625E7,1.117441592E8,1.555468259E8,8.06645213E7,1.020122672E8,8.94204996E7,1.8076,1.7352,1.6472,1.5908,1.6198,1.5791,3013.5,2828.65,2714.64,2475.98,2396.62,2359.88,2754.53,2636.01,2250.0,2222.0,2157.14,2110.0,561288.5979,793279.6252,1113097.7132,1026573.9466,1248535.2114,1321099.3867,6779608,10661631,9305297,11038637,11149156,11643770,270939.8171,388766.163,520430.2055,455879.6449,614416.942,666418.2157,2822.59,2707.38,2451.95,2270.15,2347.02,2233.72
2026-02-04T00:00:00,1.8131,1.7547,1.6805,1.6571,1.6339,1.6122,1.7107,1.5028,1.5526,1.5307,1.5274,1.4948,2.297203067E8,3.323694679E8,1.82387658E8,2.181073047E8,1.905530424E8,1.943867029E8,1962404,2380722,1719231,2139400,1612184,1749945,1.117441592E8,1.555468259E8,8.06645213E7,1.020122672E8,8.94204996E7,9.29883727E7,1.7352,1.6472,1.5908,1.6198,1.5791,1.512,2828.65,2714.64,2475.98,2396.62,2359.88,2295.74,2636.01,2250.0,2222.0,2157.14,2110.0,2076.68,793279.6252,1113097.7132,1026573.9466,1248535.2114,1321099.3867,1264743.43,10661631,9305297,11038637,11149156,11643770,10912540,388766.163,520430.2055,455879.6449,614416.942,666418.2157,609896.0952,2707.38,2451.95,2270.15,2347.02,2233.72,2148.26
2026-02-05T00:00:00,1.7547,1.6805,1.6571,1.6339,1.6122,1.5154,1.5028,1.5526,1.5307,1.5274,1.4948,1.1371,3.323694679E8,1.82387658E8,2.181073047E8,1.905530424E8,1.943867029E8,7.44109671E8,2380722,1719231,2139400,1612184,1749945,5683396,1.555468259E8,8.06645213E7,1.020122672E8,8.94204996E7,9.29883727E7,3.663108951E8,1.6472,1.5908,1.6198,1.5791,1.512,1.2146,2714.64,2475.98,2396.62,2359.88,2295.74,2173.77,2250.0,2222.0,2157.14,2110.0,2076.68,1818.18,1113097.7132,1026573.9466,1248535.2114,1321099.3867,1264743.43,1952286.6951,9305297,11038637,11149156,11643770,10912540,13667587,520430.2055,455879.6449,614416.942,666418.2157,609896.0952,967965.2824,2451.95,2270.15,2347.02,2233.72,2148.26,1826.83
2026-02-06T00:00:00,1.6805,1.6571,1.6339,1.6122,1.5154,1.5442,1.5526,1.5307,1.5274,1.4948,1.1371,1.1172,1.82387658E8,2.181073047E8,1.905530424E8,1.943867029E8,7.44109671E8,7.081228008E8,1719231,2139400,1612184,1749945,5683396,5710571,8.06645213E7,1.020122672E8,8.94204996E7,9.29883727E7,3.663108951E8,3.409353641E8,1.5908,1.6198,1.5791,1.512,1.2146,1.4698,2475.98,2396.62,2359.88,2295.74,2173.77,2093.94,2222.0,2157.14,2110.0,2076.68,1818.18,1747.8,1026573.9466,1248535.2114,1321099.3867,1264743.43,1952286.6951,2102311.5573,11038637,11149156,11643770,10912540,13667587,12362731,455879.6449,614416.942,666418.2157,609896.0952,967965.2824,1189792.5763,2270.15,2347.02,2233.72,2148.26,1826.83,2063.38
2026-02-07T00:00:00,1.6571,1.6339,1.6122,1.5154,1.5442,1.4879,1.5307,1.5274,1.4948,1.1371,1.1172,1.3858,2.181073047E8,1.905530424E8,1.943867029E8,7.44109671E8,7.081228008E8,2.743103403E8,2139400,1612184,1749945,5683396,5710571,2315753,1.020122672E8,8.94204996E7,9.29883727E7,3.663108951E8,3.409353641E8,1.282145368E8,1.6198,1.5791,1.512,1.2146,1.4698,1.4231,2396.62,2359.88,2295.74,2173.77,2093.94,2121.7,2157.14,2110.0,2076.68,1818.18,1747.8,1994.57,1248535.2114,1321099.3867,1264743.43,1952286.6951,2102311.5573,1142616.4487,11149156,11643770,10912540,13667587,12362731,7938360,614416.942,666418.2157,609896.0952,967965.2824,1189792.5763,548585.9421,2347.02,2233.72,2148.26,1826.83,2063.38,2087.08
2026-02-08T00:00:00,1.6339,1.6122,1.5154,1.5442,1.4879,1.4703,1.5274,1.4948,1.1371,1.1172,1.3858,1.4099,1.905530424E8,1.943867029E8,7.44109671E8,7.081228008E8,2.743103403E8,1.260126184E8,1612184,1749945,5683396,5710571,2315753,1292240,8.94204996E7,9.29883727E7,3.663108951E8,3.409353641E8,1.282145368E8,6.31792822E7,1.5791,1.512,1.2146,1.4698,1.4231,1.4308,2359.88,2295.74,2173.77,2093.94,2121.7,2152.03,2110.0,2076.68,1818.18,1747.8,1994.57,2064.1,1321099.3867,1264743.43,1952286.6951,2102311.5573,1142616.4487,482837.2515,11643770,10912540,13667587,12362731,7938360,4379045,666418.2157,609896.0952,967965.2824,1189792.5763,548585.9421,228020.7596,2233.72,2148.26,1826.83,2063.38,2087.08,2089.74
2026-02-09T00:00:00,1.6122,1.5154,1.5442,1.4879,1.4703,1.4642,1.4948,1.1371,1.1172,1.3858,1.4099,1.3728,1.943867029E8,7.44109671E8,7.081228008E8,2.743103403E8,1.260126184E8,1.685462818E8,1749945,5683396,5710571,2315753,1292240,1495561,9.29883727E7,3.663108951E8,3.409353641E8,1.282145368E8,6.31792822E7,7.18255307E7,1.512,1.2146,1.4698,1.4231,1.4308,1.437,2295.74,2173.77,2093.94,2121.7,2152.03,2147.73,2076.68,1818.18,1747.8,1994.57,2064.1,2008.62,1264743.43,1952286.6951,2102311.5573,1142616.4487,482837.2515,625378.5569,10912540,13667587,12362731,7938360,4379045,6331904,609896.0952,967965.2824,1189792.5763,548585.9421,228020.7596,315446.5313,2148.26,1826.83,2063.38,2087.08,2089.74,2105.02
2026-02-10T00:00:00,1.5154,1.5442,1.4879,1.4703,1.4642,1.4532,1.1371,1.1172,1.3858,1.4099,1.3728,1.3916,7.44109671E8,7.081228008E8,2.743103403E8,1.260126184E8,1.685462818E8,1.133993737E8,5683396,5710571,2315753,1292240,1495561,939856,3.663108951E8,3.409353641E8,1.282145368E8,6.31792822E7,7.18255307E7,5.25577904E7,1.2146,1.4698,1.4231,1.4308,1.437,1.3999,2173.77,2093.94,2121.7,2152.03,2147.73,2124.71,1818.18,1747.8,1994.57,2064.1,2008.62,1989.38,1952286.6951,2102311.5573,1142616.4487,482837.2515,625378.5569,574321.6908,13667587,12362731,7938360,4379045,6331904,5159394,967965.2824,1189792.5763,548585.9421,228020.7596,315446.5313,276990.265,1826.83,2063.38,2087.08,2089.74,2105.02,2022.67
2026-02-11T00:00:00,1.5442,1.4879,1.4703,1.4642,1.4532,1.4205,1.1172,1.3858,1.4099,1.3728,1.3916,1.3421,7.081228008E8,2.743103403E8,1.260126184E8,1.685462818E8,1.133993737E8,1.726962637E8,5710571,2315753,1292240,1495561,939856,1382467,3.409353641E8,1.282145368E8,6.31792822E7,7.18255307E7,5.25577904E7,8.25504696E7,1.4698,1.4231,1.4308,1.437,1.3999,1.3697,2093.94,2121.7,2152.03,2147.73,2124.71,2032.31,1747.8,1994.57,2064.1,2008.62,1989.38,1903.19,2102311.5573,1142616.4487,482837.2515,625378.5569,574321.6908,529655.8177,12362731,7938360,4379045,6331904,5159394,6450810,1189792.5763,548585.9421,228020.7596,315446.5313,276990.265,259017.7416,2063.38,2087.08,2089.74,2105.02,2022.67,1941.18
2026-02-12T00:00:00,1.4879,1.4703,1.4642,1.4532,1.4205,1.4082,1.3858,1.4099,1.3728,1.3916,1.3421,1.3461,2.743103403E8,1.260126184E8,1.685462818E8,1.133993737E8,1.726962637E8,1.168562641E8,2315753,1292240,1495561,939856,1382467,1005243,1.282145368E8,6.31792822E7,7.18255307E7,5.25577904E7,8.25504696E7,5.97648383E7,1.4231,1.4308,1.437,1.3999,1.3697,1.3635,2121.7,2152.03,2147.73,2124.71,2032.31,2001.42,1994.57,2064.1,2008.62,1989.38,1903.19,1897.24,1142616.4487,482837.2515,625378.5569,574321.6908,529655.8177,427567.1469,7938360,4379045,6331904,5159394,6450810,5262808,548585.9421,228020.7596,315446.5313,276990.265,259017.7416,212467.499,2087.08,2089.74,2105.02,2022.67,1941.18,1947.85
2026-02-13T00:00:00,1.4703,1.4642,1.4532,1.4205,1.4082,1.4285,1.4099,1.3728,1.3916,1.3421,1.3461,1.3485,1.260126184E8,1.685462818E8,1.133993737E8,1.726962637E8,1.168562641E8,1.250277394E8,1292240,1495561,939856,1382467,1005243,982787,6.31792822E7,7.18255307E7,5.25577904E7,8.25504696E7,5.97648383E7,5.66606887E7,1.4308,1.437,1.3999,1.3697,1.3635,1.4071,2152.03,2147.73,2124.71,2032.31,2001.42,2073.68,2064.1,2008.62,1989.38,1903.19,1897.24,1924.72,482837.2515,625378.5569,574321.6908,529655.8177,427567.1469,425649.7698,4379045,6331904,5159394,6450810,5262808,4695571,228020.7596,315446.5313,276990.265,259017.7416,212467.499,215643.6192,2089.74,2105.02,2022.67,1941.18,1947.85,2048.72
2026-02-14T00:00:00,1.4642,1.4532,1.4205,1.4082,1.4285,1.5138,1.3728,1.3916,1.3421,1.3461,1.3485,1.4051,1.685462818E8,1.133993737E8,1.726962637E8,1.168562641E8,1.250277394E8,1.131405384E8,1495561,939856,1382467,1005243,982787,851648,7.18255307E7,5.25577904E7,8.25504696E7,5.97648383E7,5.66606887E7,5.48679845E7,1.437,1.3999,1.3697,1.3635,1.4071,1.5094,2147.73,2124.71,2032.31,2001.42,2073.68,2107.67,2008.62,1989.38,1903.19,1897.24,1924.72,2042.37,625378.5569,574321.6908,529655.8177,427567.1469,425649.7698,220677.2355,6331904,5159394,6450810,5262808,4695571,2720271,315446.5313,276990.265,259017.7416,212467.499,215643.6192,110065.542,2105.02,2022.67,1941.18,1947.85,2048.72,2086.59
2026-02-15T00:00:00,1.4532,1.4205,1.4082,1.4285,1.5138,1.6714,1.3916,1.3421,1.3461,1.3485,1.4051,1.445,1.133993737E8,1.726962637E8,1.168562641E8,1.250277394E8,1.131405384E8,2.993064724E8,939856,1382467,1005243,982787,851648,2457642,5.25577904E7,8.25504696E7,5.97648383E7,5.66606887E7,5.48679845E7,1.499404307E8,1.3999,1.3697,1.3635,1.4071,1.5094,1.4753,2124.71,2032.31,2001.42,2073.68,2107.67,2103.32,1989.38,1903.19,1897.24,1924.72,2042.37,1928.88,574321.6908,529655.8177,427567.1469,425649.7698,220677.2355,834778.0952,5159394,6450810,5262808,4695571,2720271,5864311,276990.265,259017.7416,212467.499,215643.6192,110065.542,323503.2298,2022.67,1941.18,1947.85,2048.72,2086.59,1966.58
2026-02-16T00:00:00,1.4205,1.4082,1.4285,1.5138,1.6714,1.5171,1.3421,1.3461,1.3485,1.4051,1.445,1.4485,1.726962637E8,1.168562641E8,1.250277394E8,1.131405384E8,2.993064724E8,1.45403123E8,1382467,1005243,982787,851648,2457642,1276762,8.25504696E7,5.97648383E7,5.66606887E7,5.48679845E7,1.499404307E8,7.59284906E7,1.3697,1.3635,1.4071,1.5094,1.4753,1.4876,2032.31,2001.42,2073.68,2107.67,2103.32,2023.51,1903.19,1897.24,1924.72,2042.37,1928.88,1937.24,529655.8177,427567.1469,425649.7698,220677.2355,834778.0952,351347.9433,6450810,5262808,4695571,2720271,5864311,4476026,259017.7416,212467.499,215643.6192,110065.542,323503.2298,178158.7858,1941.18,1947.85,2048.72,2086.59,1966.58,1998.33
2026-02-17T00:00:00,1.4082,1.4285,1.5138,1.6714,1.5171,1.495,1.3461,1.3485,1.4051,1.445,1.4485,1.4268,1.168562641E8,1.250277394E8,1.131405384E8,2.993064724E8,1.45403123E8,9.883839E7,1005243,982787,851648,2457642,1276762,923941,5.97648383E7,5.66606887E7,5.48679845E7,1.499404307E8,7.59284906E7,5.07546241E7,1.3635,1.4071,1.5094,1.4753,1.4876,1.4743,2001.42,2073.68,2107.67,2103.32,2023.51,2015.33,1897.24,1924.72,2042.37,1928.88,1937.24,1941.66,427567.1469,425649.7698,220677.2355,834778.0952,351347.9433,406246.9427,5262808,4695571,2720271,5864311,4476026,6420841,212467.499,215643.6192,110065.542,323503.2298,178158.7858,196947.7031,1947.85,2048.72,2086.59,1966.58,1998.33,1991.66
2026-02-18T00:00:00,1.4285,1.5138,1.6714,1.5171,1.495,1.4943,1.3485,1.4051,1.445,1.4485,1.4268,1.4102,1.250277394E8,1.131405384E8,2.993064724E8,1.45403123E8,9.883839E7,8.58318539E7,982787,851648,2457642,1276762,923941,786592,5.66606887E7,5.48679845E7,1.499404307E8,7.59284906E7,5.07546241E7,4.29532236E7,1.4071,1.5094,1.4753,1.4876,1.4743,1.4219,2073.68,2107.67,2103.32,2023.51,2015.33,2039.05,1924.72,2042.37,1928.88,1937.24,1941.66,1923.78,425649.7698,220677.2355,834778.0952,351347.9433,406246.9427,393639.0086,4695571,2720271,5864311,4476026,6420841,5176537,215643.6192,110065.542,323503.2298,178158.7858,196947.7031,191523.6119,2048.72,2086.59,1966.58,1998.33,1991.66,1955.91
2026-02-19T00:00:00,1.5138,1.6714,1.5171,1.495,1.4943,1.4381,1.4051,1.445,1.4485,1.4268,1.4102,1.382,1.131405384E8,2.993064724E8,1.45403123E8,9.883839E7,8.58318539E7,1.082596771E8,851648,2457642,1276762,923941,786592,885502,5.48679845E7,1.499404307E8,7.59284906E7,5.07546241E7,4.29532236E7,4.96271415E7,1.5094,1.4753,1.4876,1.4743,1.4219,1.4068,2107.67,2103.32,2023.51,2015.33,2039.05,1987.55,2042.37,1928.88,1937.24,1941.66,1923.78,1907.0,220677.2355,834778.0952,351347.9433,406246.9427,393639.0086,300257.0733,2720271,5864311,4476026,6420841,5176537,3793608,110065.542,323503.2298,178158.7858,196947.7031,191523.6119,142030.3122,2086.59,1966.58,1998.33,1991.66,1955.91,1949.08
2026-02-20T00:00:00,1.6714,1.5171,1.495,1.4943,1.4381,1.4389,1.445,1.4485,1.4268,1.4102,1.382,1.3775,2.993064724E8,1.45403123E8,9.883839E7,8.58318539E7,1.082596771E8,1.237097044E8,2457642,1276762,923941,786592,885502,1033248,1.499404307E8,7.59284906E7,5.07546241E7,4.29532236E7,4.96271415E7,6.29801381E7,1.4753,1.4876,1.4743,1.4219,1.4068,1.4292,2103.32,2023.51,2015.33,2039.05,1987.55,1981.18,1928.88,1937.24,1941.66,1923.78,1907.0,1922.97,834778.0952,351347.9433,406246.9427,393639.0086,300257.0733,386253.5557,5864311,4476026,6420841,5176537,3793608,3948261,323503.2298,178158.7858,196947.7031,191523.6119,142030.3122,186424.2257,1966.58,1998.33,1991.66,1955.91,1949.08,1968.88
2026-02-21T00:00:00,1.5171,1.495,1.4943,1.4381,1.4389,1.4642,1.4485,1.4268,1.4102,1.382,1.3775,1.4198,1.45403123E8,9.883839E7,8.58318539E7,1.082596771E8,1.237097044E8,5.39979203E7,1276762,923941,786592,885502,1033248,454239,7.59284906E7,5.07546241E7,4.29532236E7,4.96271415E7,6.29801381E7,2.52450589E7,1.4876,1.4743,1.4219,1.4068,1.4292,1.4304,2023.51,2015.33,2039.05,1987.55,1981.18,1995.56,1937.24,1941.66,1923.78,1907.0,1922.97,1955.62,351347.9433,406246.9427,393639.0086,300257.0733,386253.5557,179173.8456,4476026,6420841,5176537,3793608,3948261,1362230,178158.7858,196947.7031,191523.6119,142030.3122,186424.2257,91535.9107,1998.33,1991.66,1955.91,1949.08,1968.88,1973.35
2026-02-22T00:00:00,1.495,1.4943,1.4381,1.4389,1.4642,1.4338,1.4268,1.4102,1.382,1.3775,1.4198,1.38,9.883839E7,8.58318539E7,1.082596771E8,1.237097044E8,5.39979203E7,6.1166336E7,923941,786592,885502,1033248,454239,455685,5.07546241E7,4.29532236E7,4.96271415E7,6.29801381E7,2.52450589E7,2.84498158E7,1.4743,1.4219,1.4068,1.4292,1.4304,1.3932,2015.33,2039.05,1987.55,1981.18,1995.56,1983.13,1941.66,1923.78,1907.0,1922.97,1955.62,1935.0,406246.9427,393639.0086,300257.0733,386253.5557,179173.8456,155325.6482,6420841,5176537,3793608,3948261,1362230,1850073,196947.7031,191523.6119,142030.3122,186424.2257,91535.9107,77240.1124,1991.66,1955.91,1949.08,1968.88,1973.35,1957.82
2026-02-23T00:00:00,1.4943,1.4381,1.4389,1.4642,1.4338,1.4248,1.4102,1.382,1.3775,1.4198,1.38,1.3301,8.58318539E7,1.082596771E8,1.237097044E8,5.39979203E7,6.1166336E7,1.888957004E8,786592,885502,1033248,454239,455685,1477289,4.29532236E7,4.96271415E7,6.29801381E7,2.52450589E7,2.84498158E7,8.75084462E7,1.4219,1.4068,1.4292,1.4304,1.3932,1.3518,2039.05,1987.55,1981.18,1995.56,1983.13,1958.33,1923.78,1907.0,1922.97,1955.62,1935.0,1837.13,393639.0086,300257.0733,386253.5557,179173.8456,155325.6482,547359.4869,5176537,3793608,3948261,1362230,1850073,6684753,191523.6119,142030.3122,186424.2257,91535.9107,77240.1124,266498.7851,1955.91,1949.08,1968.88,1973.35,1957.82,1856.3
2026-02-24T00:00:00,1.4381,1.4389,1.4642,1.4338,1.4248,1.3676,1.382,1.3775,1.4198,1.38,1.3301,1.3124,1.082596771E8,1.237097044E8,5.39979203E7,6.1166336E7,1.888957004E8,1.392395718E8,885502,1033248,454239,455685,1477289,1184905,4.96271415E7,6.29801381E7,2.52450589E7,2.84498158E7,8.75084462E7,6.44534745E7,1.4068,1.4292,1.4304,1.3932,1.3518,1.3482,1987.55,1981.18,1995.56,1983.13,1958.33,1869.58,1907.0,1922.97,1955.62,1935.0,1837.13,1800.0,300257.0733,386253.5557,179173.8456,155325.6482,547359.4869,438064.0284,3793608,3948261,1362230,1850073,6684753,6607359,142030.3122,186424.2257,91535.9107,77240.1124,266498.7851,205850.4101,1949.08,1968.88,1973.35,1957.82,1856.3,1851.94
2026-02-25T00:00:00,1.4389,1.4642,1.4338,1.4248,1.3676,1.4935,1.3775,1.4198,1.38,1.3301,1.3124,1.3404,1.237097044E8,5.39979203E7,6.1166336E7,1.888957004E8,1.392395718E8,2.450885052E8,1033248,454239,455685,1477289,1184905,1713510,6.29801381E7,2.52450589E7,2.84498158E7,8.75084462E7,6.44534745E7,1.221194639E8,1.4292,1.4304,1.3932,1.3518,1.3482,1.4339,1981.18,1995.56,1983.13,1958.33,1869.58,2148.39,1922.97,1955.62,1935.0,1837.13,1800.0,1846.74,386253.5557,179173.8456,155325.6482,547359.4869,438064.0284,682979.4378,3948261,1362230,1850073,6684753,6607359,9024746,186424.2257,91535.9107,77240.1124,266498.7851,205850.4101,343230.549,1968.88,1973.35,1957.82,1856.3,1851.94,2057.48
2026-02-26T00:00:00,1.4642,1.4338,1.4248,1.3676,1.4935,1.4691,1.4198,1.38,1.3301,1.3124,1.3404,1.3827,5.39979203E7,6.1166336E7,1.888957004E8,1.392395718E8,2.450885052E8,1.608291418E8,454239,455685,1477289,1184905,1713510,1216393,2.52450589E7,2.84498158E7,8.75084462E7,6.44534745E7,1.221194639E8,7.78864579E7,1.4304,1.3932,1.3518,1.3482,1.4339,1.4027,1995.56,1983.13,1958.33,1869.58,2148.39,2083.33,1955.62,1935.0,1837.13,1800.0,1846.74,1975.35,179173.8456,155325.6482,547359.4869,438064.0284,682979.4378,439783.3566,1362230,1850073,6684753,6607359,9024746,7142316,91535.9107,77240.1124,266498.7851,205850.4101,343230.549,224781.9099,1973.35,1957.82,1856.3,1851.94,2057.48,2027.68
2026-02-27T00:00:00,1.4338,1.4248,1.3676,1.4935,1.4691,1.4262,1.38,1.3301,1.3124,1.3404,1.3827,1.3386,6.1166336E7,1.888957004E8,1.392395718E8,2.450885052E8,1.608291418E8,1.651081686E8,455685,1477289,1184905,1713510,1216393,1010806,2.84498158E7,8.75084462E7,6.44534745E7,1.221194639E8,7.78864579E7,8.34629174E7,1.3932,1.3518,1.3482,1.4339,1.4027,1.3562,1983.13,1958.33,1869.58,2148.39,2083.33,2063.52,1935.0,1837.13,1800.0,1846.74,1975.35,1887.0,155325.6482,547359.4869,438064.0284,682979.4378,439783.3566,428687.234,1850073,6684753,6607359,9024746,7142316,5213158,77240.1124,266498.7851,205850.4101,343230.549,224781.9099,214287.6264,1957.82,1856.3,1851.94,2057.48,2027.68,1929.84
2026-02-28T00:00:00,1.4248,1.3676,1.4935,1.4691,1.4262,1.3931,1.3301,1.3124,1.3404,1.3827,1.3386,1.27,1.888957004E8,1.392395718E8,2.450885052E8,1.608291418E8,1.651081686E8,2.299896797E8,1477289,1184905,1713510,1216393,1010806,1360492,8.75084462E7,6.44534745E7,1.221194639E8,7.78864579E7,8.34629174E7,1.111286969E8,1.3518,1.3482,1.4339,1.4027,1.3562,1.3762,1958.33,1869.58,2148.39,2083.33,2063.52,1984.99,1837.13,1800.0,1846.74,1975.35,1887.0,1835.36,547359.4869,438064.0284,682979.4378,439783.3566,428687.234,461680.9835,6684753,6607359,9024746,7142316,5213158,6186042,266498.7851,205850.4101,343230.549,224781.9099,214287.6264,229978.4238,1856.3,1851.94,2057.48,2027.68,1929.84,1964.51
2026-03-01T00:00:00,1.3676,1.4935,1.4691,1.4262,1.3931,1.4333,1.3124,1.3404,1.3827,1.3386,1.27,1.3369,1.392395718E8,2.450885052E8,1.608291418E8,1.651081686E8,2.299896797E8,1.779413269E8,1184905,1713510,1216393,1010806,1360492,1320595,6.44534745E7,1.221194639E8,7.78864579E7,8.34629174E7,1.111286969E8,8.67137244E7,1.3482,1.4339,1.4027,1.3562,1.3762,1.3524,1869.58,2148.39,2083.33,2063.52,1984.99,2054.8,1800.0,1846.74,1975.35,1887.0,1835.36,1907.41,438064.0284,682979.4378,439783.3566,428687.234,461680.9835,529196.8464,6607359,9024746,7142316,5213158,6186042,6616298,205850.4101,343230.549,224781.9099,214287.6264,229978.4238,254547.6476,1851.94,2057.48,2027.68,1929.84,1964.51,1939.71
2026-03-02T00:00:00,1.4935,1.4691,1.4262,1.3931,1.4333,1.423,1.3404,1.3827,1.3386,1.27,1.3369,1.3341,2.450885052E8,1.608291418E8,1.651081686E8,2.299896797E8,1.779413269E8,1.668020778E8,1713510,1216393,1010806,1360492,1320595,1147060,1.221194639E8,7.78864579E7,8.34629174E7,1.111286969E8,8.67137244E7,7.65546155E7,1.4339,1.4027,1.3562,1.3762,1.3524,1.39,2148.39,2083.33,2063.52,1984.99,2054.8,2090.0,1846.74,1975.35,1887.0,1835.36,1907.41,1920.0,682979.4378,439783.3566,428687.234,461680.9835,529196.8464,577406.3749,9024746,7142316,5213158,6186042,6616298,9343785,343230.549,224781.9099,214287.6264,229978.4238,254547.6476,299199.2494,2057.48,2027.68,1929.84,1964.51,1939.71,2027.35
2026-03-03T00:00:00,1.4691,1.4262,1.3931,1.4333,1.423,1.3953,1.3827,1.3386,1.27,1.3369,1.3341,1.3366,1.608291418E8,1.651081686E8,2.299896797E8,1.779413269E8,1.668020778E8,1.356028974E8,1216393,1010806,1360492,1320595,1147060,1007411,7.78864579E7,8.34629174E7,1.111286969E8,8.67137244E7,7.65546155E7,6.29568259E7,1.4027,1.3562,1.3762,1.3524,1.39,1.3607,2083.33,2063.52,1984.99,2054.8,2090.0,2041.48,1975.35,1887.0,1835.36,1907.41,1920.0,1929.56,439783.3566,428687.234,461680.9835,529196.8464,577406.3749,509329.8534,7142316,5213158,6186042,6616298,9343785,8311355,224781.9099,214287.6264,229978.4238,254547.6476,299199.2494,254251.3309,2027.68,1929.84,1964.51,1939.71,2027.35,1982.8
2026-03-04T00:00:00,1.4262,1.3931,1.4333,1.423,1.3953,1.4732,1.3386,1.27,1.3369,1.3341,1.3366,1.3452,1.651081686E8,2.299896797E8,1.779413269E8,1.668020778E8,1.356028974E8,2.380257792E8,1010806,1360492,1320595,1147060,1007411,1270039,8.34629174E7,1.111286969E8,8.67137244E7,7.65546155E7,6.29568259E7,1.110655616E8,1.3562,1.3762,1.3524,1.39,1.3607,1.4309,2063.52,1984.99,2054.8,2090.0,2041.48,2199.0,1887.0,1835.36,1907.41,1920.0,1929.56,1945.08,428687.234,461680.9835,529196.8464,577406.3749,509329.8534,737644.8152,5213158,6186042,6616298,9343785,8311355,9527323,214287.6264,229978.4238,254547.6476,299199.2494,254251.3309,368171.8559,1929.84,1964.51,1939.71,2027.35,1982.8,2127.28
2026-03-05T00:00:00,1.3931,1.4333,1.423,1.3953,1.4732,1.4525,1.27,1.3369,1.3341,1.3366,1.3452,1.396,2.299896797E8,1.779413269E8,1.668020778E8,1.356028974E8,2.380257792E8,1.181689922E8,1360492,1320595,1147060,1007411,1270039,966417,1.111286969E8,8.67137244E7,7.65546155E7,6.29568259E7,1.110655616E8,6.08477752E7,1.3762,1.3524,1.39,1.3607,1.4309,1.4037,1984.99,2054.8,2090.0,2041.48,2199.0,2163.66,1835.36,1907.41,1920.0,1929.56,1945.08,2054.75,461680.9835,529196.8464,577406.3749,509329.8534,737644.8152,432157.8126,6186042,6616298,9343785,8311355,9527323,6753565,229978.4238,254547.6476,299199.2494,254251.3309,368171.8559,205453.4958,1964.51,1939.71,2027.35,1982.8,2127.28,2072.86
2026-03-06T00:00:00,1.4333,1.423,1.3953,1.4732,1.4525,1.4148,1.3369,1.3341,1.3366,1.3452,1.396,1.346,1.779413269E8,1.668020778E8,1.356028974E8,2.380257792E8,1.181689922E8,1.138479789E8,1320595,1147060,1007411,1270039,966417,884241,8.67137244E7,7.65546155E7,6.29568259E7,1.110655616E8,6.08477752E7,5.31153294E7,1.3524,1.39,1.3607,1.4309,1.4037,1.3633,2054.8,2090.0,2041.48,2199.0,2163.66,2093.33,1907.41,1920.0,1929.56,1945.08,2054.75,1955.95,529196.8464,577406.3749,509329.8534,737644.8152,432157.8126,411597.7569,6616298,9343785,8311355,9527323,6753565,5601424,254547.6476,299199.2494,254251.3309,368171.8559,205453.4958,197603.9435,1939.71,2027.35,1982.8,2127.28,2072.86,1978.68
2026-03-07T00:00:00,1.423,1.3953,1.4732,1.4525,1.4148,1.3749,1.3341,1.3366,1.3452,1.396,1.346,1.3468,1.668020778E8,1.356028974E8,2.380257792E8,1.181689922E8,1.138479789E8,4.77766373E7,1147060,1007411,1270039,966417,884241,313956,7.65546155E7,6.29568259E7,1.110655616E8,6.08477752E7,5.31153294E7,2.25104314E7,1.39,1.3607,1.4309,1.4037,1.3633,1.3567,2090.0,2041.48,2199.0,2163.66,2093.33,1996.04,1920.0,1929.56,1945.08,2054.75,1955.95,1948.09,577406.3749,509329.8534,737644.8152,432157.8126,411597.7569,184459.82,9343785,8311355,9527323,6753565,5601424,2029543,299199.2494,254251.3309,368171.8559,205453.4958,197603.9435,89270.3932,2027.35,1982.8,2127.28,2072.86,1978.68,1969.59
2026-03-08T00:00:00,1.3953,1.4732,1.4525,1.4148,1.3749,1.3712,1.3366,1.3452,1.396,1.346,1.3468,1.3218,1.356028974E8,2.380257792E8,1.181689922E8,1.138479789E8,4.77766373E7,7.98256437E7,1007411,1270039,966417,884241,313956,585270,6.29568259E7,1.110655616E8,6.08477752E7,5.31153294E7,2.25104314E7,3.78865614E7,1.3607,1.4309,1.4037,1.3633,1.3567,1.34,2041.48,2199.0,2163.66,2093.33,1996.04,1979.8,1929.56,1945.08,2054.75,1955.95,1948.09,1916.14,509329.8534,737644.8152,432157.8126,411597.7569,184459.82,391189.7317,8311355,9527323,6753565,5601424,2029543,4044585,254251.3309,368171.8559,205453.4958,197603.9435,89270.3932,190729.8992,1982.8,2127.28,2072.86,1978.68,1969.59,1937.1
2026-03-09T00:00:00,1.4732,1.4525,1.4148,1.3749,1.3712,1.3841,1.3452,1.396,1.346,1.3468,1.3218,1.333,2.380257792E8,1.181689922E8,1.138479789E8,4.77766373E7,7.98256437E7,1.301008012E8,1270039,966417,884241,313956,585270,1032665,1.110655616E8,6.08477752E7,5.31153294E7,2.25104314E7,3.78865614E7,6.75034396E7,1.4309,1.4037,1.3633,1.3567,1.34,1.3631,2199.0,2163.66,2093.33,1996.04,1979.8,2053.52,1945.08,2054.75,1955.95,1948.09,1916.14,1929.65,737644.8152,432157.8126,411597.7569,184459.82,391189.7317,550825.4883,9527323,6753565,5601424,2029543,4044585,6360581,368171.8559,205453.4958,197603.9435,89270.3932,190729.8992,282877.29,2127.28,2072.86,1978.68,1969.59,1937.1,1992.98
2026-03-10T00:00:00,1.4525,1.4148,1.3749,1.3712,1.3841,1.4427,1.396,1.346,1.3468,1.3218,1.333,1.3605,1.181689922E8,1.138479789E8,4.77766373E7,7.98256437E7,1.301008012E8,1.763139066E8,966417,884241,313956,585270,1032665,1200724,6.08477752E7,5.31153294E7,2.25104314E7,3.78865614E7,6.75034396E7,8.25050205E7,1.4037,1.3633,1.3567,1.34,1.3631,1.3863,2163.66,2093.33,1996.04,1979.8,2053.52,2088.19,2054.75,1955.95,1948.09,1916.14,1929.65,1991.0,432157.8126,411597.7569,184459.82,391189.7317,550825.4883,463411.8739,6753565,5601424,2029543,4044585,6360581,5226998,205453.4958,197603.9435,89270.3932,190729.8992,282877.29,240013.7173,2072.86,1978.68,1969.59,1937.1,1992.98,2036.51
2026-03-11T00:00:00,1.4148,1.3749,1.3712,1.3841,1.4427,1.4112,1.346,1.3468,1.3218,1.333,1.3605,1.3706,1.138479789E8,4.77766373E7,7.98256437E7,1.301008012E8,1.763139066E8,1.11034871E8,884241,313956,585270,1032665,1200724,797517,5.31153294E7,2.25104314E7,3.78865614E7,6.75034396E7,8.25050205E7,5.11581392E7,1.3633,1.3567,1.34,1.3631,1.3863,1.3847,2093.33,1996.04,1979.8,2053.52,2088.19,2085.58,1955.95,1948.09,1916.14,1929.65,1991.0,2007.17,411597.7569,184459.82,391189.7317,550825.4883,463411.8739,350061.256,5601424,2029543,4044585,6360581,5226998,4730286,197603.9435,89270.3932,190729.8992,282877.29,240013.7173,172446.7326,1978.68,1969.59,1937.1,1992.98,2036.51,2051.97
2026-03-12T00:00:00,1.3749,1.3712,1.3841,1.4427,1.4112,1.3936,1.3468,1.3218,1.333,1.3605,1.3706,1.365,4.77766373E7,7.98256437E7,1.301008012E8,1.763139066E8,1.11034871E8,8.96896073E7,313956,585270,1032665,1200724,797517,612048,2.25104314E7,3.78865614E7,6.75034396E7,8.25050205E7,5.11581392E7,4.38778681E7,1.3567,1.34,1.3631,1.3863,1.3847,1.3846,1996.04,1979.8,2053.52,2088.19,2085.58,2095.0,1948.09,1916.14,1929.65,1991.0,2007.17,2017.59,184459.82,391189.7317,550825.4883,463411.8739,350061.256,400507.8132,2029543,4044585,6360581,5226998,4730286,4757775,89270.3932,190729.8992,282877.29,240013.7173,172446.7326,196694.8334,1969.59,1937.1,1992.98,2036.51,2051.97,2073.52
2026-03-13T00:00:00,1.3712,1.3841,1.4427,1.4112,1.3936,1.4528,1.3218,1.333,1.3605,1.3706,1.365,1.3831,7.98256437E7,1.301008012E8,1.763139066E8,1.11034871E8,8.96896073E7,2.030747255E8,585270,1032665,1200724,797517,612048,1088824,3.78865614E7,6.75034396E7,8.25050205E7,5.11581392E7,4.38778681E7,9.7464057E7,1.34,1.3631,1.3863,1.3847,1.3846,1.3989,1979.8,2053.52,2088.19,2085.58,2095.0,2209.03,1916.14,1929.65,1991.0,2007.17,2017.59,2070.12,391189.7317,550825.4883,463411.8739,350061.256,400507.8132,599657.0399,4044585,6360581,5226998,4730286,4757775,6138489,190729.8992,282877.29,240013.7173,172446.7326,196694.8334,300361.2151,1937.1,1992.98,2036.51,2051.97,2073.52,2092.22
2026-03-14T00:00:00,1.3841,1.4427,1.4112,1.3936,1.4528,1.4084,1.333,1.3605,1.3706,1.365,1.3831,1.3834,1.301008012E8,1.763139066E8,1.11034871E8,8.96896073E7,2.030747255E8,5.82111065E7,1032665,1200724,797517,612048,1088824,282488,6.75034396E7,8.25050205E7,5.11581392E7,4.38778681E7,9.7464057E7,2.63068489E7,1.3631,1.3863,1.3847,1.3846,1.3989,1.4063,2053.52,2088.19,2085.58,2095.0,2209.03,2106.09,1929.65,1991.0,2007.17,2017.59,2070.12,2061.6,550825.4883,463411.8739,350061.256,400507.8132,599657.0399,152500.5822,6360581,5226998,4730286,4757775,6138489,1584458,282877.29,240013.7173,172446.7326,196694.8334,300361.2151,73409.361,1992.98,2036.51,2051.97,2073.52,2092.22,2096.16
2026-03-15T00:00:00,1.4427,1.4112,1.3936,1.4528,1.4084,1.4649,1.3605,1.3706,1.365,1.3831,1.3834,1.4021,1.763139066E8,1.11034871E8,8.96896073E7,2.030747255E8,5.82111065E7,9.74043997E7,1200724,797517,612048,1088824,282488,574897,8.25050205E7,5.11581392E7,4.38778681E7,9.7464057E7,2.63068489E7,4.86583895E7,1.3863,1.3847,1.3846,1.3989,1.4063,1.4487,2088.19,2085.58,2095.0,2209.03,2106.09,2202.87,1991.0,2007.17,2017.59,2070.12,2061.6,2083.35,463411.8739,350061.256,400507.8132,599657.0399,152500.5822,280825.9377,5226998,4730286,4757775,6138489,1584458,3001730,240013.7173,172446.7326,196694.8334,300361.2151,73409.361,146142.3746,2036.51,2051.97,2073.52,2092.22,2096.16,2178.3
2026-03-16T00:00:00,1.4112,1.3936,1.4528,1.4084,1.4649,1.5522,1.3706,1.365,1.3831,1.3834,1.4021,1.4357,1.11034871E8,8.96896073E7,2.030747255E8,5.82111065E7,9.74043997E7,2.185791636E8,797517,612048,1088824,282488,574897,1383003,5.11581392E7,4.38778681E7,9.7464057E7,2.63068489E7,4.86583895E7,1.120913737E8,1.3847,1.3846,1.3989,1.4063,1.4487,1.543,2085.58,2095.0,2209.03,2106.09,2202.87,2386.02,2007.17,2017.59,2070.12,2061.6,2083.35,2164.73,350061.256,400507.8132,599657.0399,152500.5822,280825.9377,845892.7756,4730286,4757775,6138489,1584458,3001730,7409311,172446.7326,196694.8334,300361.2151,73409.361,146142.3746,445819.396,2051.97,2073.52,2092.22,2096.16,2178.3,2352.97
2026-03-17T00:00:00,1.3936,1.4528,1.4084,1.4649,1.5522,1.607,1.365,1.3831,1.3834,1.4021,1.4357,1.4941,8.96896073E7,2.030747255E8,5.82111065E7,9.74043997E7,2.185791636E8,2.328447301E8,612048,1088824,282488,574897,1383003,1680614,4.38778681E7,9.7464057E7,2.63068489E7,4.86583895E7,1.120913737E8,1.158181172E8,1.3846,1.3989,1.4063,1.4487,1.543,1.5182,2095.0,2209.03,2106.09,2202.87,2386.02,2376.66,2017.59,2070.12,2061.6,2083.35,2164.73,2294.15,400507.8132,599657.0399,152500.5822,280825.9377,845892.7756,493831.1016,4757775,6138489,1584458,3001730,7409311,5596636,196694.8334,300361.2151,73409.361,146142.3746,445819.396,240136.5065,2073.52,2092.22,2096.16,2178.3,2352.97,2317.39
2026-03-18T00:00:00,1.4528,1.4084,1.4649,1.5522,1.607,1.5414,1.3831,1.3834,1.4021,1.4357,1.4941,1.4359,2.030747255E8,5.82111065E7,9.74043997E7,2.185791636E8,2.328447301E8,1.395376856E8,1088824,282488,574897,1383003,1680614,1028965,9.7464057E7,2.63068489E7,4.86583895E7,1.120913737E8,1.158181172E8,6.74911549E7,1.3989,1.4063,1.4487,1.543,1.5182,1.4647,2209.03,2106.09,2202.87,2386.02,2376.66,2350.0,2070.12,2061.6,2083.35,2164.73,2294.15,2153.21,599657.0399,152500.5822,280825.9377,845892.7756,493831.1016,488040.8887,6138489,1584458,3001730,7409311,5596636,5684937,300361.2151,73409.361,146142.3746,445819.396,240136.5065,232364.5906,2092.22,2096.16,2178.3,2352.97,2317.39,2203.39
2026-03-19T00:00:00,1.4084,1.4649,1.5522,1.607,1.5414,1.4817,1.3834,1.4021,1.4357,1.4941,1.4359,1.4219,5.82111065E7,9.74043997E7,2.185791636E8,2.328447301E8,1.395376856E8,1.189073526E8,282488,574897,1383003,1680614,1028965,980129,2.63068489E7,4.86583895E7,1.120913737E8,1.158181172E8,6.74911549E7,5.51997983E7,1.4063,1.4487,1.543,1.5182,1.4647,1.4475,2106.09,2202.87,2386.02,2376.66,2350.0,2233.72,2061.6,2083.35,2164.73,2294.15,2153.21,2099.38,152500.5822,280825.9377,845892.7756,493831.1016,488040.8887,490791.679,1584458,3001730,7409311,5596636,5684937,6142160,73409.361,146142.3746,445819.396,240136.5065,232364.5906,235483.1788,2096.16,2178.3,2352.97,2317.39,2203.39,2137.81
2026-03-20T00:00:00,1.4649,1.5522,1.607,1.5414,1.4817,1.4665,1.4021,1.4357,1.4941,1.4359,1.4219,1.4248,9.74043997E7,2.185791636E8,2.328447301E8,1.395376856E8,1.189073526E8,8.79556836E7,574897,1383003,1680614,1028965,980129,699336,4.86583895E7,1.120913737E8,1.158181172E8,6.74911549E7,5.51997983E7,4.4839408E7,1.4487,1.543,1.5182,1.4647,1.4475,1.4452,2202.87,2386.02,2376.66,2350.0,2233.72,2176.84,2083.35,2164.73,2294.15,2153.21,2099.38,2116.88,280825.9377,845892.7756,493831.1016,488040.8887,490791.679,300156.1778,3001730,7409311,5596636,5684937,6142160,4595372,146142.3746,445819.396,240136.5065,232364.5906,235483.1788,162200.144,2178.3,2352.97,2317.39,2203.39,2137.81,2146.22
2026-03-21T00:00:00,1.5522,1.607,1.5414,1.4817,1.4665,1.453,1.4357,1.4941,1.4359,1.4219,1.4248,1.4003,2.185791636E8,2.328447301E8,1.395376856E8,1.189073526E8,8.79556836E7,5.71475109E7,1383003,1680614,1028965,980129,699336,335146,1.120913737E8,1.158181172E8,6.74911549E7,5.51997983E7,4.4839408E7,2.60038834E7,1.543,1.5182,1.4647,1.4475,1.4452,1.4086,2386.02,2376.66,2350.0,2233.72,2176.84,2168.27,2164.73,2294.15,2153.21,2099.38,2116.88,2070.78,845892.7756,493831.1016,488040.8887,490791.679,300156.1778,132559.4646,7409311,5596636,5684937,6142160,4595372,1375463,445819.396,240136.5065,232364.5906,235483.1788,162200.144,63249.5812,2352.97,2317.39,2203.39,2137.81,2146.22,2084.87
2026-03-22T00:00:00,1.607,1.5414,1.4817,1.4665,1.453,1.4263,1.4941,1.4359,1.4219,1.4248,1.4003,1.3712,2.328447301E8,1.395376856E8,1.189073526E8,8.79556836E7,5.71475109E7,7.71822064E7,1680614,1028965,980129,699336,335146,712228,1.158181172E8,6.74911549E7,5.51997983E7,4.4839408E7,2.60038834E7,3.56148503E7,1.5182,1.4647,1.4475,1.4452,1.4086,1.3848,2376.66,2350.0,2233.72,2176.84,2168.27,2127.21,2294.15,2153.21,2099.38,2116.88,2070.78,2026.0,493831.1016,488040.8887,490791.679,300156.1778,132559.4646,313070.5572,5596636,5684937,6142160,4595372,1375463,3577857,240136.5065,232364.5906,235483.1788,162200.144,63249.5812,154345.7056,2317.39,2203.39,2137.81,2146.22,2084.87,2053.89
2026-03-23T00:00:00,1.5414,1.4817,1.4665,1.453,1.4263,1.4661,1.4359,1.4219,1.4248,1.4003,1.3712,1.3618,1.395376856E8,1.189073526E8,8.79556836E7,5.71475109E7,7.71822064E7,1.700652593E8,1028965,980129,699336,335146,712228,1438671,6.74911549E7,5.51997983E7,4.4839408E7,2.60038834E7,3.56148503E7,8.29931587E7,1.4647,1.4475,1.4452,1.4086,1.3848,1.4323,2350.0,2233.72,2176.84,2168.27,2127.21,2198.57,2153.21,2099.38,2116.88,2070.78,2026.0,2023.04,488040.8887,490791.679,300156.1778,132559.4646,313070.5572,614508.4369,5684937,6142160,4595372,1375463,3577857,7349668,232364.5906,235483.1788,162200.144,63249.5812,154345.7056,310239.9864,2203.39,2137.81,2146.22,2084.87,2053.89,2152.03
2026-03-24T00:00:00,1.4817,1.4665,1.453,1.4263,1.4661,1.435,1.4219,1.4248,1.4003,1.3712,1.3618,1.3835,1.189073526E8,8.79556836E7,5.71475109E7,7.71822064E7,1.700652593E8,1.033805003E8,980129,699336,335146,712228,1438671,673812,5.51997983E7,4.4839408E7,2.60038834E7,3.56148503E7,8.29931587E7,5.33248578E7,1.4475,1.4452,1.4086,1.3848,1.4323,1.416,2233.72,2176.84,2168.27,2127.21,2198.57,2175.16,2099.38,2116.88,2070.78,2026.0,2023.04,2103.02,490791.679,300156.1778,132559.4646,313070.5572,614508.4369,316703.4728,6142160,4595372,1375463,3577857,7349668,4633093,235483.1788,162200.144,63249.5812,154345.7056,310239.9864,152304.1675,2137.81,2146.22,2084.87,2053.89,2152.03,2156.23
2026-03-25T00:00:00,1.4665,1.453,1.4263,1.4661,1.435,1.4379,1.4248,1.4003,1.3712,1.3618,1.3835,1.4019,8.79556836E7,5.71475109E7,7.71822064E7,1.700652593E8,1.033805003E8,9.70408127E7,699336,335146,712228,1438671,673812,535641,4.4839408E7,2.60038834E7,3.56148503E7,8.29931587E7,5.33248578E7,4.60675083E7,1.4452,1.4086,1.3848,1.4323,1.416,1.4145,2176.84,2168.27,2127.21,2198.57,2175.16,2199.02,2116.88,2070.78,2026.0,2023.04,2103.02,2146.35,300156.1778,132559.4646,313070.5572,614508.4369,316703.4728,275641.5255,4595372,1375463,3577857,7349668,4633093,3492121,162200.144,63249.5812,154345.7056,310239.9864,152304.1675,139003.4847,2146.22,2084.87,2053.89,2152.03,2156.23,2169.02
2026-03-26T00:00:00,1.453,1.4263,1.4661,1.435,1.4379,1.4165,1.4003,1.3712,1.3618,1.3835,1.4019,1.336,5.71475109E7,7.71822064E7,1.700652593E8,1.033805003E8,9.70408127E7,1.308420254E8,335146,712228,1438671,673812,535641,632117,2.60038834E7,3.56148503E7,8.29931587E7,5.33248578E7,4.60675083E7,6.00125927E7,1.4086,1.3848,1.4323,1.416,1.4145,1.3609,2168.27,2127.21,2198.57,2175.16,2199.02,2172.19,2070.78,2026.0,2023.04,2103.02,2146.35,2034.54,132559.4646,313070.5572,614508.4369,316703.4728,275641.5255,338010.6238,1375463,3577857,7349668,4633093,3492121,3890747,63249.5812,154345.7056,310239.9864,152304.1675,139003.4847,171588.2134,2084.87,2053.89,2152.03,2156.23,2169.02,2060.43
2026-03-27T00:00:00,1.4263,1.4661,1.435,1.4379,1.4165,1.3726,1.3712,1.3618,1.3835,1.4019,1.336,1.3184,7.71822064E7,1.700652593E8,1.033805003E8,9.70408127E7,1.308420254E8,1.19257397E8,712228,1438671,673812,535641,632117,593277,3.56148503E7,8.29931587E7,5.33248578E7,4.60675083E7,6.00125927E7,5.61682505E7,1.3848,1.4323,1.416,1.4145,1.3609,1.3257,2127.21,2198.57,2175.16,2199.02,2172.19,2077.19,2026.0,2023.04,2103.02,2146.35,2034.54,1970.93,313070.5572,614508.4369,316703.4728,275641.5255,338010.6238,394873.5248,3577857,7349668,4633093,3492121,3890747,3909237,154345.7056,310239.9864,152304.1675,139003.4847,171588.2134,206051.2798,2053.89,2152.03,2156.23,2169.02,2060.43,1992.75
2026-03-28T00:00:00,1.4661,1.435,1.4379,1.4165,1.3726,1.3582,1.3618,1.3835,1.4019,1.336,1.3184,1.3191,1.700652593E8,1.033805003E8,9.70408127E7,1.308420254E8,1.19257397E8,5.37171263E7,1438671,673812,535641,632117,593277,293074,8.29931587E7,5.33248578E7,4.60675083E7,6.00125927E7,5.61682505E7,2.61520385E7,1.4323,1.416,1.4145,1.3609,1.3257,1.3333,2198.57,2175.16,2199.02,2172.19,2077.19,2047.45,2023.04,2103.02,2146.35,2034.54,1970.93,1983.17,614508.4369,316703.4728,275641.5255,338010.6238,394873.5248,154831.8055,7349668,4633093,3492121,3890747,3909237,1569810,310239.9864,152304.1675,139003.4847,171588.2134,206051.2798,86378.919,2152.03,2156.23,2169.02,2060.43,1992.75,1994.74
2026-03-29T00:00:00,1.435,1.4379,1.4165,1.3726,1.3582,1.3433,1.3835,1.4019,1.336,1.3184,1.3191,1.2954,1.033805003E8,9.70408127E7,1.308420254E8,1.19257397E8,5.37171263E7,6.13390186E7,673812,535641,632117,593277,293074,412127,5.33248578E7,4.60675083E7,6.00125927E7,5.61682505E7,2.61520385E7,2.96168339E7,1.416,1.4145,1.3609,1.3257,1.3333,1.3278,2175.16,2199.02,2172.19,2077.19,2047.45,2019.65,2103.02,2146.35,2034.54,1970.93,1983.17,1938.82,316703.4728,275641.5255,338010.6238,394873.5248,154831.8055,166726.7382,4633093,3492121,3890747,3909237,1569810,2049808,152304.1675,139003.4847,171588.2134,206051.2798,86378.919,87697.2438,2156.23,2169.02,2060.43,1992.75,1994.74,1984.64
2026-03-30T00:00:00,1.4379,1.4165,1.3726,1.3582,1.3433,1.3669,1.4019,1.336,1.3184,1.3191,1.2954,1.3166,9.70408127E7,1.308420254E8,1.19257397E8,5.37171263E7,6.13390186E7,1.0020262E8,535641,632117,593277,293074,412127,655782,4.60675083E7,6.00125927E7,5.61682505E7,2.61520385E7,2.96168339E7,5.27738244E7,1.4145,1.3609,1.3257,1.3333,1.3278,1.3242,2199.02,2172.19,2077.19,2047.45,2019.65,2085.0,2146.35,2034.54,1970.93,1983.17,1938.82,1980.28,275641.5255,338010.6238,394873.5248,154831.8055,166726.7382,338304.4344,3492121,3890747,3909237,1569810,2049808,3886546,139003.4847,171588.2134,206051.2798,86378.919,87697.2438,174062.2111,2169.02,2060.43,1992.75,1994.74,1984.64,2026.48
2026-03-31T00:00:00,1.4165,1.3726,1.3582,1.3433,1.3669,1.3503,1.336,1.3184,1.3191,1.2954,1.3166,1.3038,1.308420254E8,1.19257397E8,5.37171263E7,6.13390186E7,1.0020262E8,1.013184138E8,632117,593277,293074,412127,655782,677324,6.00125927E7,5.61682505E7,2.61520385E7,2.96168339E7,5.27738244E7,5.04078213E7,1.3609,1.3257,1.3333,1.3278,1.3242,1.3411,2172.19,2077.19,2047.45,2019.65,2085.0,2124.03,2034.54,1970.93,1983.17,1938.82,1980.28,2012.64,338010.6238,394873.5248,154831.8055,166726.7382,338304.4344,421897.9023,3890747,3909237,1569810,2049808,3886546,5013796,171588.2134,206051.2798,86378.919,87697.2438,174062.2111,218379.1286,2060.43,1992.75,1994.74,1984.64,2026.48,2105.43
2026-04-01T00:00:00,1.3726,1.3582,1.3433,1.3669,1.3503,1.3683,1.3184,1.3191,1.2954,1.3166,1.3038,1.3314,1.19257397E8,5.37171263E7,6.13390186E7,1.0020262E8,1.013184138E8,8.6898811E7,593277,293074,412127,655782,677324,504793,5.61682505E7,2.61520385E7,2.96168339E7,5.27738244E7,5.04078213E7,4.43532883E7,1.3257,1.3333,1.3278,1.3242,1.3411,1.3478,2077.19,2047.45,2019.65,2085.0,2124.03,2167.85,1970.93,1983.17,1938.82,1980.28,2012.64,2082.08,394873.5248,154831.8055,166726.7382,338304.4344,421897.9023,399227.3779,3909237,1569810,2049808,3886546,5013796,4211533,206051.2798,86378.919,87697.2438,174062.2111,218379.1286,203721.1114,1992.75,1994.74,1984.64,2026.48,2105.43,2140.35
2026-04-02T00:00:00,1.3582,1.3433,1.3669,1.3503,1.3683,1.3569,1.3191,1.2954,1.3166,1.3038,1.3314,1.2802,5.37171263E7,6.13390186E7,1.0020262E8,1.013184138E8,8.6898811E7,1.328715597E8,293074,412127,655782,677324,504793,701799,2.61520385E7,2.96168339E7,5.27738244E7,5.04078213E7,4.43532883E7,6.59281594E7,1.3333,1.3278,1.3242,1.3411,1.3478,1.32,2047.45,2019.65,2085.0,2124.03,2167.85,2159.37,1983.17,1938.82,1980.28,2012.64,2082.08,2017.04,154831.8055,166726.7382,338304.4344,421897.9023,399227.3779,346872.8323,1569810,2049808,3886546,5013796,4211533,4462923,86378.919,87697.2438,174062.2111,218379.1286,203721.1114,161146.8702,1994.74,1984.64,2026.48,2105.43,2140.35,2057.17
2026-04-03T00:00:00,1.3433,1.3669,1.3503,1.3683,1.3569,1.3356,1.2954,1.3166,1.3038,1.3314,1.2802,1.3033,6.13390186E7,1.0020262E8,1.013184138E8,8.6898811E7,1.328715597E8,6.47840533E7,412127,655782,677324,504793,701799,350966,2.96168339E7,5.27738244E7,5.04078213E7,4.43532883E7,6.59281594E7,3.16100956E7,1.3278,1.3242,1.3411,1.3478,1.32,1.3184,2019.65,2085.0,2124.03,2167.85,2159.37,2081.76,1938.82,1980.28,2012.64,2082.08,2017.04,2040.66,166726.7382,338304.4344,421897.9023,399227.3779,346872.8323,136266.6393,2049808,3886546,5013796,4211533,4462923,1741595,87697.2438,174062.2111,218379.1286,203721.1114,161146.8702,64849.8016,1984.64,2026.48,2105.43,2140.35,2057.17,2053.83
2026-04-04T00:00:00,1.3669,1.3503,1.3683,1.3569,1.3356,1.3226,1.3166,1.3038,1.3314,1.2802,1.3033,1.3067,1.0020262E8,1.013184138E8,8.6898811E7,1.328715597E8,6.47840533E7,2.99750109E7,655782,677324,504793,701799,350966,171364,5.27738244E7,5.04078213E7,4.43532883E7,6.59281594E7,3.16100956E7,1.6136639E7,1.3242,1.3411,1.3478,1.32,1.3184,1.3153,2085.0,2124.03,2167.85,2159.37,2081.76,2084.0,1980.28,2012.64,2082.08,2017.04,2040.66,2044.63,338304.4344,421897.9023,399227.3779,346872.8323,136266.6393,86504.4406,3886546,5013796,4211533,4462923,1741595,1246022,174062.2111,218379.1286,203721.1114,161146.8702,64849.8016,42789.6573,2026.48,2105.43,2140.35,2057.17,2053.83,2065.52
2026-04-05T00:00:00,1.3503,1.3683,1.3569,1.3356,1.3226,1.332,1.3038,1.3314,1.2802,1.3033,1.3067,1.2787,1.013184138E8,8.6898811E7,1.328715597E8,6.47840533E7,2.99750109E7,7.43142668E7,677324,504793,701799,350966,171364,369116,5.04078213E7,4.43532883E7,6.59281594E7,3.16100956E7,1.6136639E7,3.65761533E7,1.3411,1.3478,1.32,1.3184,1.3153,1.3263,2124.03,2167.85,2159.37,2081.76,2084.0,2123.49,2012.64,2082.08,2017.04,2040.66,2044.63,2021.5,421897.9023,399227.3779,346872.8323,136266.6393,86504.4406,157353.3199,5013796,4211533,4462923,1741595,1246022,2504865,218379.1286,203721.1114,161146.8702,64849.8016,42789.6573,78363.4974,2105.43,2140.35,2057.17,2053.83,2065.52,2110.17
2026-04-06T00:00:00,1.3683,1.3569,1.3356,1.3226,1.332,1.3577,1.3314,1.2802,1.3033,1.3067,1.2787,1.3122,8.6898811E7,1.328715597E8,6.47840533E7,2.99750109E7,7.43142668E7,1.043457907E8,504793,701799,350966,171364,369116,582783,4.43532883E7,6.59281594E7,3.16100956E7,1.6136639E7,3.65761533E7,4.98500773E7,1.3478,1.32,1.3184,1.3153,1.3263,1.3212,2167.85,2159.37,2081.76,2084.0,2123.49,2174.79,2082.08,2017.04,2040.66,2044.63,2021.5,2087.5,399227.3779,346872.8323,136266.6393,86504.4406,157353.3199,356054.2894,4211533,4462923,1741595,1246022,2504865,5330366,203721.1114,161146.8702,64849.8016,42789.6573,78363.4974,180414.5093,2140.35,2057.17,2053.83,2065.52,2110.17,2107.16
2026-04-07T00:00:00,1.3569,1.3356,1.3226,1.332,1.3577,1.3962,1.2802,1.3033,1.3067,1.2787,1.3122,1.2949,1.328715597E8,6.47840533E7,2.99750109E7,7.43142668E7,1.043457907E8,1.307029954E8,701799,350966,171364,369116,582783,758728,6.59281594E7,3.16100956E7,1.6136639E7,3.65761533E7,4.98500773E7,6.7718962E7,1.32,1.3184,1.3153,1.3263,1.3212,1.3787,2159.37,2081.76,2084.0,2123.49,2174.79,2273.87,2017.04,2040.66,2044.63,2021.5,2087.5,2060.24,346872.8323,136266.6393,86504.4406,157353.3199,356054.2894,460094.8093,4462923,1741595,1246022,2504865,5330366,5189711,161146.8702,64849.8016,42789.6573,78363.4974,180414.5093,239252.9777,2057.17,2053.83,2065.52,2110.17,2107.16,2240.01
2026-04-08T00:00:00,1.3356,1.3226,1.332,1.3577,1.3962,1.3898,1.3033,1.3067,1.2787,1.3122,1.2949,1.3389,6.47840533E7,2.99750109E7,7.43142668E7,1.043457907E8,1.307029954E8,1.248557333E8,350966,171364,369116,582783,758728,665297,3.16100956E7,1.6136639E7,3.65761533E7,4.98500773E7,6.7718962E7,6.12980574E7,1.3184,1.3153,1.3263,1.3212,1.3787,1.3428,2081.76,2084.0,2123.49,2174.79,2273.87,2270.55,2040.66,2044.63,2021.5,2087.5,2060.24,2179.78,136266.6393,86504.4406,157353.3199,356054.2894,460094.8093,404717.6321,1741595,1246022,2504865,5330366,5189711,4339985,64849.8016,42789.6573,78363.4974,180414.5093,239252.9777,190983.3243,2053.83,2065.52,2110.17,2107.16,2240.01,2190.0
2026-04-09T00:00:00,1.3226,1.332,1.3577,1.3962,1.3898,1.3696,1.3067,1.2787,1.3122,1.2949,1.3389,1.3218,2.99750109E7,7.43142668E7,1.043457907E8,1.307029954E8,1.248557333E8,1.122656141E8,171364,369116,582783,758728,665297,552805,1.6136639E7,3.65761533E7,4.98500773E7,6.7718962E7,6.12980574E7,5.52285127E7,1.3153,1.3263,1.3212,1.3787,1.3428,1.3438,2084.0,2123.49,2174.79,2273.87,2270.55,2246.0,2044.63,2021.5,2087.5,2060.24,2179.78,2157.31,86504.4406,157353.3199,356054.2894,460094.8093,404717.6321,275317.9503,1246022,2504865,5330366,5189711,4339985,3756386,42789.6573,78363.4974,180414.5093,239252.9777,190983.3243,135540.5413,2065.52,2110.17,2107.16,2240.01,2190.0,2190.2
2026-04-10T00:00:00,1.332,1.3577,1.3962,1.3898,1.3696,1.366,1.2787,1.3122,1.2949,1.3389,1.3218,1.3348,7.43142668E7,1.043457907E8,1.307029954E8,1.248557333E8,1.122656141E8,7.97859967E7,369116,582783,758728,665297,552805,395652,3.65761533E7,4.98500773E7,6.7718962E7,6.12980574E7,5.52285127E7,3.78534754E7,1.3263,1.3212,1.3787,1.3428,1.3438,1.3559,2123.49,2174.79,2273.87,2270.55,2246.0,2257.99,2021.5,2087.5,2060.24,2179.78,2157.31,2176.1,157353.3199,356054.2894,460094.8093,404717.6321,275317.9503,272899.0858,2504865,5330366,5189711,4339985,3756386,2929213,78363.4974,180414.5093,239252.9777,190983.3243,135540.5413,132077.3122,2110.17,2107.16,2240.01,2190.0,2190.2,2245.05
2026-04-11T00:00:00,1.3577,1.3962,1.3898,1.3696,1.366,1.3752,1.3122,1.2949,1.3389,1.3218,1.3348,1.3394,1.043457907E8,1.307029954E8,1.248557333E8,1.122656141E8,7.97859967E7,5.70953563E7,582783,758728,665297,552805,395652,301231,4.98500773E7,6.7718962E7,6.12980574E7,5.52285127E7,3.78534754E7,2.66083811E7,1.3212,1.3787,1.3428,1.3438,1.3559,1.3546,2174.79,2273.87,2270.55,2246.0,2257.99,2329.93,2087.5,2060.24,2179.78,2157.31,2176.1,2229.0,356054.2894,460094.8093,404717.6321,275317.9503,272899.0858,214785.4039,5330366,5189711,4339985,3756386,2929213,1929651,180414.5093,239252.9777,190983.3243,135540.5413,132077.3122,107238.9877,2107.16,2240.01,2190.0,2190.2,2245.05,2284.99
2026-04-12T00:00:00,1.3962,1.3898,1.3696,1.366,1.3752,1.3559,1.2949,1.3389,1.3218,1.3348,1.3394,1.3193,1.307029954E8,1.248557333E8,1.122656141E8,7.97859967E7,5.70953563E7,7.02457711E7,758728,665297,552805,395652,301231,368425,6.7718962E7,6.12980574E7,5.52285127E7,3.78534754E7,2.66083811E7,3.46502144E7,1.3787,1.3428,1.3438,1.3559,1.3546,1.3247,2273.87,2270.55,2246.0,2257.99,2329.93,2288.57,2060.24,2179.78,2157.31,2176.1,2229.0,2175.0,460094.8093,404717.6321,275317.9503,272899.0858,214785.4039,258156.8821,5189711,4339985,3756386,2929213,1929651,2575808,239252.9777,190983.3243,135540.5413,132077.3122,107238.9877,125658.2437,2240.01,2190.0,2190.2,2245.05,2284.99,2191.65
2026-04-13T00:00:00,1.3898,1.3696,1.366,1.3752,1.3559,1.3839,1.3389,1.3218,1.3348,1.3394,1.3193,1.3193,1.248557333E8,1.122656141E8,7.97859967E7,5.70953563E7,7.02457711E7,1.054507012E8,665297,552805,395652,301231,368425,526222,6.12980574E7,5.52285127E7,3.78534754E7,2.66083811E7,3.46502144E7,5.24812431E7,1.3428,1.3438,1.3559,1.3546,1.3247,1.3756,2270.55,2246.0,2257.99,2329.93,2288.57,2394.71,2179.78,2157.31,2176.1,2229.0,2175.0,2175.68,404717.6321,275317.9503,272899.0858,214785.4039,258156.8821,453870.8292,4339985,3756386,2929213,1929651,2575808,4527557,190983.3243,135540.5413,132077.3122,107238.9877,125658.2437,234599.9045,2190.0,2190.2,2245.05,2284.99,2191.65,2369.46
2026-04-14T00:00:00,1.3696,1.366,1.3752,1.3559,1.3839,1.3955,1.3218,1.3348,1.3394,1.3193,1.3193,1.3521,1.122656141E8,7.97859967E7,5.70953563E7,7.02457711E7,1.054507012E8,1.030425995E8,552805,395652,301231,368425,526222,530040,5.52285127E7,3.78534754E7,2.66083811E7,3.46502144E7,5.24812431E7,4.97529743E7,1.3438,1.3559,1.3546,1.3247,1.3756,1.3617,2246.0,2257.99,2329.93,2288.57,2394.71,2415.5,2157.31,2176.1,2229.0,2175.0,2175.68,2302.9,275317.9503,272899.0858,214785.4039,258156.8821,453870.8292,460107.3841,3756386,2929213,1929651,2575808,4527557,3689565,135540.5413,132077.3122,107238.9877,125658.2437,234599.9045,226148.4763,2190.2,2245.05,2284.99,2191.65,2369.46,2322.44
2026-04-15T00:00:00,1.366,1.3752,1.3559,1.3839,1.3955,1.4086,1.3348,1.3394,1.3193,1.3193,1.3521,1.3503,7.97859967E7,5.70953563E7,7.02457711E7,1.054507012E8,1.030425995E8,1.094939544E8,395652,301231,368425,526222,530040,518292,3.78534754E7,2.66083811E7,3.46502144E7,5.24812431E7,4.97529743E7,5.35618077E7,1.3559,1.3546,1.3247,1.3756,1.3617,1.3922,2257.99,2329.93,2288.57,2394.71,2415.5,2385.61,2176.1,2229.0,2175.0,2175.68,2302.9,2308.5,272899.0858,214785.4039,258156.8821,453870.8292,460107.3841,268190.6377,2929213,1929651,2575808,4527557,3689565,3232871,132077.3122,107238.9877,125658.2437,234599.9045,226148.4763,126442.7153,2245.05,2284.99,2191.65,2369.46,2322.44,2359.95
2026-04-16T00:00:00,1.3752,1.3559,1.3839,1.3955,1.4086,1.4664,1.3394,1.3193,1.3193,1.3521,1.3503,1.3865,5.70953563E7,7.02457711E7,1.054507012E8,1.030425995E8,1.094939544E8,1.554272421E8,301231,368425,526222,530040,518292,1029873,2.66083811E7,3.46502144E7,5.24812431E7,4.97529743E7,5.35618077E7,7.40870549E7,1.3546,1.3247,1.3756,1.3617,1.3922,1.453,2329.93,2288.57,2394.71,2415.5,2385.61,2369.59,2229.0,2175.0,2175.68,2302.9,2308.5,2285.1,214785.4039,258156.8821,453870.8292,460107.3841,268190.6377,328960.9377,1929651,2575808,4527557,3689565,3232871,3793210,107238.9877,125658.2437,234599.9045,226148.4763,126442.7153,155922.2439,2284.99,2191.65,2369.46,2322.44,2359.95,2348.17
2026-04-17T00:00:00,1.3559,1.3839,1.3955,1.4086,1.4664,1.51,1.3193,1.3193,1.3521,1.3503,1.3865,1.4225,7.02457711E7,1.054507012E8,1.030425995E8,1.094939544E8,1.554272421E8,1.558663371E8,368425,526222,530040,518292,1029873,1067860,3.46502144E7,5.24812431E7,4.97529743E7,5.35618077E7,7.40870549E7,7.36150446E7,1.3247,1.3756,1.3617,1.3922,1.453,1.4757,2288.57,2394.71,2415.5,2385.61,2369.59,2464.91,2175.0,2175.68,2302.9,2308.5,2285.1,2317.43,258156.8821,453870.8292,460107.3841,268190.6377,328960.9377,491731.3615,2575808,4527557,3689565,3232871,3793210,4541654,125658.2437,234599.9045,226148.4763,126442.7153,155922.2439,252564.9694,2191.65,2369.46,2322.44,2359.95,2348.17,2419.0
2026-04-18T00:00:00,1.3839,1.3955,1.4086,1.4664,1.51,1.4823,1.3193,1.3521,1.3503,1.3865,1.4225,1.4235,1.054507012E8,1.030425995E8,1.094939544E8,1.554272421E8,1.558663371E8,8.2670483E7,526222,530040,518292,1029873,1067860,621913,5.24812431E7,4.97529743E7,5.35618077E7,7.40870549E7,7.36150446E7,3.86626211E7,1.3756,1.3617,1.3922,1.453,1.4757,1.4323,2394.71,2415.5,2385.61,2369.59,2464.91,2427.64,2175.68,2302.9,2308.5,2285.1,2317.43,2339.92,453870.8292,460107.3841,268190.6377,328960.9377,491731.3615,221741.3888,4527557,3689565,3232871,3793210,4541654,2045925,234599.9045,226148.4763,126442.7153,155922.2439,252564.9694,98727.0694,2369.46,2322.44,2359.95,2348.17,2419.0,2350.32
2026-04-19T00:00:00,1.3955,1.4086,1.4664,1.51,1.4823,1.447,1.3521,1.3503,1.3865,1.4225,1.4235,1.3909,1.030425995E8,1.094939544E8,1.554272421E8,1.558663371E8,8.2670483E7,9.04139399E7,530040,518292,1029873,1067860,621913,716932,4.97529743E7,5.35618077E7,7.40870549E7,7.36150446E7,3.86626211E7,4.36899451E7,1.3617,1.3922,1.453,1.4757,1.4323,1.3942,2415.5,2385.61,2369.59,2464.91,2427.64,2355.3,2302.9,2308.5,2285.1,2317.43,2339.92,2252.72,460107.3841,268190.6377,328960.9377,491731.3615,221741.3888,256086.8276,3689565,3232871,3793210,4541654,2045925,2728260,226148.4763,126442.7153,155922.2439,252564.9694,98727.0694,119800.9019,2322.44,2359.95,2348.17,2419.0,2350.32,2263.27
2026-04-20T00:00:00,1.4086,1.4664,1.51,1.4823,1.447,1.4369,1.3503,1.3865,1.4225,1.4235,1.3909,1.3933,1.094939544E8,1.554272421E8,1.558663371E8,8.2670483E7,9.04139399E7,9.95758115E7,518292,1029873,1067860,621913,716932,658856,5.35618077E7,7.40870549E7,7.36150446E7,3.86626211E7,4.36899451E7,5.05007003E7,1.3922,1.453,1.4757,1.4323,1.3942,1.4243,2385.61,2369.59,2464.91,2427.64,2355.3,2346.78,2308.5,2285.1,2317.43,2339.92,2252.72,2259.67,268190.6377,328960.9377,491731.3615,221741.3888,256086.8276,301000.0659,3232871,3793210,4541654,2045925,2728260,3751621,126442.7153,155922.2439,252564.9694,98727.0694,119800.9019,149027.6285,2359.95,2348.17,2419.0,2350.32,2263.27,2313.85
2026-04-21T00:00:00,1.4664,1.51,1.4823,1.447,1.4369,1.45,1.3865,1.4225,1.4235,1.3909,1.3933,1.4116,1.554272421E8,1.558663371E8,8.2670483E7,9.04139399E7,9.95758115E7,8.52781806E7,1029873,1067860,621913,716932,658856,567920,7.40870549E7,7.36150446E7,3.86626211E7,4.36899451E7,5.05007003E7,4.28038625E7,1.453,1.4757,1.4323,1.3942,1.4243,1.4334,2369.59,2464.91,2427.64,2355.3,2346.78,2338.75,2285.1,2317.43,2339.92,2252.72,2259.67,2284.19,328960.9377,491731.3615,221741.3888,256086.8276,301000.0659,226645.977,3793210,4541654,2045925,2728260,3751621,3398934,155922.2439,252564.9694,98727.0694,119800.9019,149027.6285,108621.4578,2348.17,2419.0,2350.32,2263.27,2313.85,2327.14
2026-04-22T00:00:00,1.51,1.4823,1.447,1.4369,1.45,1.4626,1.4225,1.4235,1.3909,1.3933,1.4116,1.4268,1.558663371E8,8.2670483E7,9.04139399E7,9.95758115E7,8.52781806E7,8.34291814E7,1067860,621913,716932,658856,567920,513323,7.36150446E7,3.86626211E7,4.36899451E7,5.05007003E7,4.28038625E7,4.09050206E7,1.4757,1.4323,1.3942,1.4243,1.4334,1.4294,2464.91,2427.64,2355.3,2346.78,2338.75,2423.75,2317.43,2339.92,2252.72,2259.67,2284.19,2312.95,491731.3615,221741.3888,256086.8276,301000.0659,226645.977,379707.1259,4541654,2045925,2728260,3751621,3398934,4230243,252564.9694,98727.0694,119800.9019,149027.6285,108621.4578,191758.2678,2419.0,2350.32,2263.27,2313.85,2327.14,2374.07
2026-04-23T00:00:00,1.4823,1.447,1.4369,1.45,1.4626,1.441,1.4235,1.3909,1.3933,1.4116,1.4268,1.409,8.2670483E7,9.04139399E7,9.95758115E7,8.52781806E7,8.34291814E7,9.21839774E7,621913,716932,658856,567920,513323,546775,3.86626211E7,4.36899451E7,5.05007003E7,4.28038625E7,4.09050206E7,5.00090447E7,1.4323,1.3942,1.4243,1.4334,1.4294,1.4386,2427.64,2355.3,2346.78,2338.75,2423.75,2382.0,2339.92,2252.72,2259.67,2284.19,2312.95,2285.42,221741.3888,256086.8276,301000.0659,226645.977,379707.1259,356645.6923,2045925,2728260,3751621,3398934,4230243,4079579,98727.0694,119800.9019,149027.6285,108621.4578,191758.2678,169637.8993,2350.32,2263.27,2313.85,2327.14,2374.07,2330.26
2026-04-24T00:00:00,1.447,1.4369,1.45,1.4626,1.441,1.4503,1.3909,1.3933,1.4116,1.4268,1.409,1.4239,9.04139399E7,9.95758115E7,8.52781806E7,8.34291814E7,9.21839774E7,6.62291285E7,716932,658856,567920,513323,546775,418281,4.36899451E7,5.05007003E7,4.28038625E7,4.09050206E7,5.00090447E7,3.1418267E7,1.3942,1.4243,1.4334,1.4294,1.4386,1.4334,2355.3,2346.78,2338.75,2423.75,2382.0,2337.5,2252.72,2259.67,2284.19,2312.95,2285.42,2300.22,256086.8276,301000.0659,226645.977,379707.1259,356645.6923,183887.6181,2728260,3751621,3398934,4230243,4079579,2413824,119800.9019,149027.6285,108621.4578,191758.2678,169637.8993,88184.8381,2263.27,2313.85,2327.14,2374.07,2330.26,2314.99
2026-04-25T00:00:00,1.4369,1.45,1.4626,1.441,1.4503,1.4377,1.3933,1.4116,1.4268,1.409,1.4239,1.4187,9.95758115E7,8.52781806E7,8.34291814E7,9.21839774E7,6.62291285E7,2.63465586E7,658856,567920,513323,546775,418281,162830,5.05007003E7,4.28038625E7,4.09050206E7,5.00090447E7,3.1418267E7,1.22087576E7,1.4243,1.4334,1.4294,1.4386,1.4334,1.4238,2346.78,2338.75,2423.75,2382.0,2337.5,2323.21,2259.67,2284.19,2312.95,2285.42,2300.22,2300.55,301000.0659,226645.977,379707.1259,356645.6923,183887.6181,68139.2191,3751621,3398934,4230243,4079579,2413824,658757,149027.6285,108621.4578,191758.2678,169637.8993,88184.8381,33589.8529,2313.85,2327.14,2374.07,2330.26,2314.99,2319.5
2026-04-26T00:00:00,1.45,1.4626,1.441,1.4503,1.4377,1.4366,1.4116,1.4268,1.409,1.4239,1.4187,1.418,8.52781806E7,8.34291814E7,9.21839774E7,6.62291285E7,2.63465586E7,3.00243677E7,567920,513323,546775,418281,162830,230769,4.28038625E7,4.09050206E7,5.00090447E7,3.1418267E7,1.22087576E7,1.45979017E7,1.4334,1.4294,1.4386,1.4334,1.4238,1.4307,2338.75,2423.75,2382.0,2337.5,2323.21,2380.0,2284.19,2312.95,2285.42,2300.22,2300.55,2306.72,226645.977,379707.1259,356645.6923,183887.6181,68139.2191,154591.6219,3398934,4230243,4079579,2413824,658757,1508570,108621.4578,191758.2678,169637.8993,88184.8381,33589.8529,76876.1717,2327.14,2374.07,2330.26,2314.99,2319.5,2369.44
2026-04-27T00:00:00,1.4626,1.441,1.4503,1.4377,1.4366,1.4466,1.4268,1.409,1.4239,1.4187,1.418,1.3836,8.34291814E7,9.21839774E7,6.62291285E7,2.63465586E7,3.00243677E7,7.31552981E7,513323,546775,418281,162830,230769,464442,4.09050206E7,5.00090447E7,3.1418267E7,1.22087576E7,1.45979017E7,3.63680113E7,1.4294,1.4386,1.4334,1.4238,1.4307,1.4007,2423.75,2382.0,2337.5,2323.21,2380.0,2404.37,2312.95,2285.42,2300.22,2300.55,2306.72,2266.09,379707.1259,356645.6923,183887.6181,68139.2191,154591.6219,300363.8586,4230243,4079579,2413824,658757,1508570,3192282,191758.2678,169637.8993,88184.8381,33589.8529,76876.1717,143798.2975,2374.07,2330.26,2314.99,2319.5,2369.44,2303.67
2026-04-28T00:00:00,1.441,1.4503,1.4377,1.4366,1.4466,1.4009,1.409,1.4239,1.4187,1.418,1.3836,1.3677,9.21839774E7,6.62291285E7,2.63465586E7,3.00243677E7,7.31552981E7,5.32342454E7,546775,418281,162830,230769,464442,320064,5.00090447E7,3.1418267E7,1.22087576E7,1.45979017E7,3.63680113E7,2.36852956E7,1.4386,1.4334,1.4238,1.4307,1.4007,1.3805,2382.0,2337.5,2323.21,2380.0,2404.37,2310.88,2285.42,2300.22,2300.55,2306.72,2266.09,2258.24,356645.6923,183887.6181,68139.2191,154591.6219,300363.8586,187932.2201,4079579,2413824,658757,1508570,3192282,2346992,169637.8993,88184.8381,33589.8529,76876.1717,143798.2975,94578.0797,2330.26,2314.99,2319.5,2369.44,2303.67,2289.42
2026-04-29T00:00:00,1.4503,1.4377,1.4366,1.4466,1.4009,1.4067,1.4239,1.4187,1.418,1.3836,1.3677,1.3458,6.62291285E7,2.63465586E7,3.00243677E7,7.31552981E7,5.32342454E7,7.41948798E7,418281,162830,230769,464442,320064,474018,3.1418267E7,1.22087576E7,1.45979017E7,3.63680113E7,2.36852956E7,3.74034161E7,1.4334,1.4238,1.4307,1.4007,1.3805,1.3691,2337.5,2323.21,2380.0,2404.37,2310.88,2346.95,2300.22,2300.55,2306.72,2266.09,2258.24,2220.36,183887.6181,68139.2191,154591.6219,300363.8586,187932.2201,355078.1015,2413824,658757,1508570,3192282,2346992,3588292,88184.8381,33589.8529,76876.1717,143798.2975,94578.0797,178999.8027,2314.99,2319.5,2369.44,2303.67,2289.42,2252.9
2026-04-30T00:00:00,1.4377,1.4366,1.4466,1.4009,1.4067,1.3847,1.4187,1.418,1.3836,1.3677,1.3458,1.3591,2.63465586E7,3.00243677E7,7.31552981E7,5.32342454E7,7.41948798E7,5.11103891E7,162830,230769,464442,320064,474018,365359,1.22087576E7,1.45979017E7,3.63680113E7,2.36852956E7,3.74034161E7,2.15463669E7,1.4238,1.4307,1.4007,1.3805,1.3691,1.3679,2323.21,2380.0,2404.37,2310.88,2346.95,2279.0,2300.55,2306.72,2266.09,2258.24,2220.36,2231.64,68139.2191,154591.6219,300363.8586,187932.2201,355078.1015,167194.2776,658757,1508570,3192282,2346992,3588292,2649837,33589.8529,76876.1717,143798.2975,94578.0797,178999.8027,83993.1124,2319.5,2369.44,2303.67,2289.42,2252.9,2257.51
2026-05-01T00:00:00,1.4366,1.4466,1.4009,1.4067,1.3847,1.3999,1.418,1.3836,1.3677,1.3458,1.3591,1.3649,3.00243677E7,7.31552981E7,5.32342454E7,7.41948798E7,5.11103891E7,6.0188179E7,230769,464442,320064,474018,365359,318307,1.45979017E7,3.63680113E7,2.36852956E7,3.74034161E7,2.15463669E7,2.74325365E7,1.4307,1.4007,1.3805,1.3691,1.3679,1.3858,2380.0,2404.37,2310.88,2346.95,2279.0,2325.28,2306.72,2266.09,2258.24,2220.36,2231.64,2257.21,154591.6219,300363.8586,187932.2201,355078.1015,167194.2776,191082.555,1508570,3192282,2346992,3588292,2649837,1805481,76876.1717,143798.2975,94578.0797,178999.8027,83993.1124,89533.7329,2369.44,2303.67,2289.42,2252.9,2257.51,2295.63
2026-05-02T00:00:00,1.4466,1.4009,1.4067,1.3847,1.3999,1.4003,1.3836,1.3677,1.3458,1.3591,1.3649,1.3812,7.31552981E7,5.32342454E7,7.41948798E7,5.11103891E7,6.0188179E7,3.30302641E7,464442,320064,474018,365359,318307,196148,3.63680113E7,2.36852956E7,3.74034161E7,2.15463669E7,2.74325365E7,1.61731518E7,1.4007,1.3805,1.3691,1.3679,1.3858,1.3937,2404.37,2310.88,2346.95,2279.0,2325.28,2343.6,2266.09,2258.24,2220.36,2231.64,2257.21,2292.91,300363.8586,187932.2201,355078.1015,167194.2776,191082.555,85588.4724,3192282,2346992,3588292,2649837,1805481,870699,143798.2975,94578.0797,178999.8027,83993.1124,89533.7329,45662.7959,2303.67,2289.42,2252.9,2257.51,2295.63,2316.97
2026-05-03T00:00:00,1.4009,1.4067,1.3847,1.3999,1.4003,1.4042,1.3677,1.3458,1.3591,1.3649,1.3812,1.3814,5.32342454E7,7.41948798E7,5.11103891E7,6.0188179E7,3.30302641E7,2.92468368E7,320064,474018,365359,318307,196148,202324,2.36852956E7,3.74034161E7,2.15463669E7,2.74325365E7,1.61731518E7,1.31260069E7,1.3805,1.3691,1.3679,1.3858,1.3937,1.388,2310.88,2346.95,2279.0,2325.28,2343.6,2356.92,2258.24,2220.36,2231.64,2257.21,2292.91,2297.59,187932.2201,355078.1015,167194.2776,191082.555,85588.4724,151074.4342,2346992,3588292,2649837,1805481,870699,1374290,94578.0797,178999.8027,83993.1124,89533.7329,45662.7959,74492.1738,2289.42,2252.9,2257.51,2295.63,2316.97,2322.65
2026-05-04T00:00:00,1.4067,1.3847,1.3999,1.4003,1.4042,1.4209,1.3458,1.3591,1.3649,1.3812,1.3814,1.3829,7.41948798E7,5.11103891E7,6.0188179E7,3.30302641E7,2.92468368E7,8.32006647E7,474018,365359,318307,196148,202324,630159,3.74034161E7,2.15463669E7,2.74325365E7,1.61731518E7,1.31260069E7,4.03850177E7,1.3691,1.3679,1.3858,1.3937,1.388,1.3918,2346.95,2279.0,2325.28,2343.6,2356.92,2398.93,2220.36,2231.64,2257.21,2292.91,2297.59,2309.24,355078.1015,167194.2776,191082.555,85588.4724,151074.4342,453020.7985,3588292,2649837,1805481,870699,1374290,4137093,178999.8027,83993.1124,89533.7329,45662.7959,74492.1738,220556.484,2252.9,2257.51,2295.63,2316.97,2322.65,2347.16
2026-05-05T00:00:00,1.3847,1.3999,1.4003,1.4042,1.4209,1.4222,1.3591,1.3649,1.3812,1.3814,1.3829,1.3904,5.11103891E7,6.0188179E7,3.30302641E7,2.92468368E7,8.32006647E7,6.75758182E7,365359,318307,196148,202324,630159,396613,2.15463669E7,2.74325365E7,1.61731518E7,1.31260069E7,4.03850177E7,3.19653794E7,1.3679,1.3858,1.3937,1.388,1.3918,1.4126,2279.0,2325.28,2343.6,2356.92,2398.93,2399.5,2231.64,2257.21,2292.91,2297.59,2309.24,2344.93,167194.2776,191082.555,85588.4724,151074.4342,453020.7985,286636.7312,2649837,1805481,870699,1374290,4137093,2512190,83993.1124,89533.7329,45662.7959,74492.1738,220556.484,139328.0697,2257.51,2295.63,2316.97,2322.65,2347.16,2360.77
2026-05-06T00:00:00,1.3999,1.4003,1.4042,1.4209,1.4222,1.4573,1.3649,1.3812,1.3814,1.3829,1.3904,1.4073,6.0188179E7,3.30302641E7,2.92468368E7,8.32006647E7,6.75758182E7,9.71952649E7,318307,196148,202324,630159,396613,608640,2.74325365E7,1.61731518E7,1.31260069E7,4.03850177E7,3.19653794E7,4.59721467E7,1.3858,1.3937,1.388,1.3918,1.4126,1.4249,2325.28,2343.6,2356.92,2398.93,2399.5,2423.74,2257.21,2292.91,2297.59,2309.24,2344.93,2338.0,191082.555,85588.4724,151074.4342,453020.7985,286636.7312,420667.3161,1805481,870699,1374290,4137093,2512190,3062625,89533.7329,45662.7959,74492.1738,220556.484,139328.0697,193007.5534,2295.63,2316.97,2322.65,2347.16,2360.77,2350.84
2026-05-07T00:00:00,1.4003,1.4042,1.4209,1.4222,1.4573,1.4258,1.3812,1.3814,1.3829,1.3904,1.4073,1.3802,3.30302641E7,2.92468368E7,8.32006647E7,6.75758182E7,9.71952649E7,8.28303865E7,196148,202324,630159,396613,608640,481543,1.61731518E7,1.31260069E7,4.03850177E7,3.19653794E7,4.59721467E7,4.24387354E7,1.3937,1.388,1.3918,1.4126,1.4249,1.3869,2343.6,2356.92,2398.93,2399.5,2423.74,2352.3,2292.91,2297.59,2309.24,2344.93,2338.0,2280.1,85588.4724,151074.4342,453020.7985,286636.7312,420667.3161,469521.9378,870699,1374290,4137093,2512190,3062625,3191083,45662.7959,74492.1738,220556.484,139328.0697,193007.5534,177521.5123,2316.97,2322.65,2347.16,2360.77,2350.84,2291.06
2026-05-08T00:00:00,1.4042,1.4209,1.4222,1.4573,1.4258,1.427,1.3814,1.3829,1.3904,1.4073,1.3802,1.3778,2.92468368E7,8.32006647E7,6.75758182E7,9.71952649E7,8.28303865E7,6.65212034E7,202324,630159,396613,608640,481543,366289,1.31260069E7,4.03850177E7,3.19653794E7,4.59721467E7,4.24387354E7,3.13968883E7,1.388,1.3918,1.4126,1.4249,1.3869,1.4182,2356.92,2398.93,2399.5,2423.74,2352.3,2321.22,2297.59,2309.24,2344.93,2338.0,2280.1,2265.61,151074.4342,453020.7985,286636.7312,420667.3161,469521.9378,421035.1582,1374290,4137093,2512190,3062625,3191083,2568056,74492.1738,220556.484,139328.0697,193007.5534,177521.5123,164773.9995,2322.65,2347.16,2360.77,2350.84,2291.06,2307.06
2026-05-09T00:00:00,1.4209,1.4222,1.4573,1.4258,1.427,1.435,1.3829,1.3904,1.4073,1.3802,1.3778,1.4113,8.32006647E7,6.75758182E7,9.71952649E7,8.28303865E7,6.65212034E7,5.77925613E7,630159,396613,608640,481543,366289,259660,4.03850177E7,3.19653794E7,4.59721467E7,4.24387354E7,3.13968883E7,2.70783543E7,1.3918,1.4126,1.4249,1.3869,1.4182,1.4205,2398.93,2399.5,2423.74,2352.3,2321.22,2338.37,2309.24,2344.93,2338.0,2280.1,2265.61,2300.0,453020.7985,286636.7312,420667.3161,469521.9378,421035.1582,230431.157,4137093,2512190,3062625,3191083,2568056,1248625,220556.484,139328.0697,193007.5534,177521.5123,164773.9995,90960.5803,2347.16,2360.77,2350.84,2291.06,2307.06,2326.44
2026-05-10T00:00:00,1.4222,1.4573,1.4258,1.427,1.435,1.5082,1.3904,1.4073,1.3802,1.3778,1.4113,1.4119,6.75758182E7,9.71952649E7,8.28303865E7,6.65212034E7,5.77925613E7,1.560953122E8,396613,608640,481543,366289,259660,935415,3.19653794E7,4.59721467E7,4.24387354E7,3.13968883E7,2.70783543E7,8.136678E7,1.4126,1.4249,1.3869,1.4182,1.4205,1.4734,2399.5,2423.74,2352.3,2321.22,2338.37,2382.53,2344.93,2338.0,2280.1,2265.61,2300.0,2311.83,286636.7312,420667.3161,469521.9378,421035.1582,230431.157,398122.8623,2512190,3062625,3191083,2568056,1248625,2272749,139328.0697,193007.5534,177521.5123,164773.9995,90960.5803,219121.332,2360.77,2350.84,2291.06,2307.06,2326.44,2371.27
2026-05-11T00:00:00,1.4573,1.4258,1.427,1.435,1.5082,1.4886,1.4073,1.3802,1.3778,1.4113,1.4119,1.4399,9.71952649E7,8.28303865E7,6.65212034E7,5.77925613E7,1.560953122E8,1.184232765E8,608640,481543,366289,259660,935415,690868,4.59721467E7,4.24387354E7,3.13968883E7,2.70783543E7,8.136678E7,5.63196443E7,1.4249,1.3869,1.4182,1.4205,1.4734,1.4776,2423.74,2352.3,2321.22,2338.37,2382.53,2374.92,2338.0,2280.1,2265.61,2300.0,2311.83,2304.0,420667.3161,469521.9378,421035.1582,230431.157,398122.8623,236962.0552,3062625,3191083,2568056,1248625,2272749,2594593,193007.5534,177521.5123,164773.9995,90960.5803,219121.332,103490.2032,2350.84,2291.06,2307.06,2326.44,2371.27,2339.87
2026-05-12T00:00:00,1.4258,1.427,1.435,1.5082,1.4886,1.4848,1.3802,1.3778,1.4113,1.4119,1.4399,1.4183,8.28303865E7,6.65212034E7,5.77925613E7,1.560953122E8,1.184232765E8,1.055540135E8,481543,366289,259660,935415,690868,606755,4.24387354E7,3.13968883E7,2.70783543E7,8.136678E7,5.63196443E7,5.16700863E7,1.3869,1.4182,1.4205,1.4734,1.4776,1.437,2352.3,2321.22,2338.37,2382.53,2374.92,2340.85,2280.1,2265.61,2300.0,2311.83,2304.0,2256.27,469521.9378,421035.1582,230431.157,398122.8623,236962.0552,252981.1082,3191083,2568056,1248625,2272749,2594593,2520381,177521.5123,164773.9995,90960.5803,219121.332,103490.2032,112560.2947,2291.06,2307.06,2326.44,2371.27,2339.87,2274.96
2026-05-13T00:00:00,1.427,1.435,1.5082,1.4886,1.4848,1.4693,1.3778,1.4113,1.4119,1.4399,1.4183,1.4112,6.65212034E7,5.77925613E7,1.560953122E8,1.184232765E8,1.055540135E8,1.257173671E8,366289,259660,935415,690868,606755,614824,3.13968883E7,2.70783543E7,8.136678E7,5.63196443E7,5.16700863E7,6.15299867E7,1.4182,1.4205,1.4734,1.4776,1.437,1.4273,2321.22,2338.37,2382.53,2374.92,2340.85,2323.36,2265.61,2300.0,2311.83,2304.0,2256.27,2234.13,421035.1582,230431.157,398122.8623,236962.0552,252981.1082,258455.7299,2568056,1248625,2272749,2594593,2520381,2145600,164773.9995,90960.5803,219121.332,103490.2032,112560.2947,124180.3611,2307.06,2326.44,2371.27,2339.87,2274.96,2258.65
2026-05-14T00:00:00,1.435,1.5082,1.4886,1.4848,1.4693,1.5496,1.4113,1.4119,1.4399,1.4183,1.4112,1.4208,5.77925613E7,1.560953122E8,1.184232765E8,1.055540135E8,1.257173671E8,2.032789119E8,259660,935415,690868,606755,614824,1067851,2.70783543E7,8.136678E7,5.63196443E7,5.16700863E7,6.15299867E7,9.72104061E7,1.4205,1.4734,1.4776,1.437,1.4273,1.4852,2338.37,2382.53,2374.92,2340.85,2323.36,2319.33,2300.0,2311.83,2304.0,2256.27,2234.13,2238.64,230431.157,398122.8623,236962.0552,252981.1082,258455.7299,256680.8359,1248625,2272749,2594593,2520381,2145600,2730407,90960.5803,219121.332,103490.2032,112560.2947,124180.3611,127752.3579,2326.44,2371.27,2339.87,2274.96,2258.65,2283.25
2026-05-15T00:00:00,1.5082,1.4886,1.4848,1.4693,1.5496,1.5002,1.4119,1.4399,1.4183,1.4112,1.4208,1.4275,1.560953122E8,1.184232765E8,1.055540135E8,1.257173671E8,2.032789119E8,1.235512061E8,935415,690868,606755,614824,1067851,790625,8.136678E7,5.63196443E7,5.16700863E7,6.15299867E7,9.72104061E7,5.99185597E7,1.4734,1.4776,1.437,1.4273,1.4852,1.434,2382.53,2374.92,2340.85,2323.36,2319.33,2300.29,2311.83,2304.0,2256.27,2234.13,2238.64,2205.11,398122.8623,236962.0552,252981.1082,258455.7299,256680.8359,288536.5507,2272749,2594593,2520381,2145600,2730407,2977308,219121.332,103490.2032,112560.2947,124180.3611,127752.3579,123184.0319,2371.27,2339.87,2274.96,2258.65,2283.25,2224.66
2026-05-16T00:00:00,1.4886,1.4848,1.4693,1.5496,1.5002,1.4396,1.4399,1.4183,1.4112,1.4208,1.4275,1.394,1.184232765E8,1.055540135E8,1.257173671E8,2.032789119E8,1.235512061E8,7.15432779E7,690868,606755,614824,1067851,790625,436296,5.63196443E7,5.16700863E7,6.15299867E7,9.72104061E7,5.99185597E7,3.18969222E7,1.4776,1.437,1.4273,1.4852,1.434,1.4136,2374.92,2340.85,2323.36,2319.33,2300.29,2231.51,2304.0,2256.27,2234.13,2238.64,2205.11,2162.55,236962.0552,252981.1082,258455.7299,256680.8359,288536.5507,199288.5761,2594593,2520381,2145600,2730407,2977308,1541883,103490.2032,112560.2947,124180.3611,127752.3579,123184.0319,91742.2991,2339.87,2274.96,2258.65,2283.25,2224.66,2180.77
2026-05-17T00:00:00,1.4848,1.4693,1.5496,1.5002,1.4396,1.4291,1.4183,1.4112,1.4208,1.4275,1.394,1.3715,1.055540135E8,1.257173671E8,2.032789119E8,1.235512061E8,7.15432779E7,6.79755862E7,606755,614824,1067851,790625,436296,440935,5.16700863E7,6.15299867E7,9.72104061E7,5.99185597E7,3.18969222E7,3.20903714E7,1.437,1.4273,1.4852,1.434,1.4136,1.4016,2340.85,2323.36,2319.33,2300.29,2231.51,2198.14,2256.27,2234.13,2238.64,2205.11,2162.55,2091.48,252981.1082,258455.7299,256680.8359,288536.5507,199288.5761,175116.8149,2520381,2145600,2730407,2977308,1541883,1638605,112560.2947,124180.3611,127752.3579,123184.0319,91742.2991,83798.741,2274.96,2258.65,2283.25,2224.66,2180.77,2131.0
2026-05-18T00:00:00,1.4693,1.5496,1.5002,1.4396,1.4291,1.4027,1.4112,1.4208,1.4275,1.394,1.3715,1.3638,1.257173671E8,2.032789119E8,1.235512061E8,7.15432779E7,6.79755862E7,1.032972518E8,614824,1067851,790625,436296,440935,754312,6.15299867E7,9.72104061E7,5.99185597E7,3.18969222E7,3.20903714E7,5.10713057E7,1.4273,1.4852,1.434,1.4136,1.4016,1.39,2323.36,2319.33,2300.29,2231.51,2198.14,2157.24,2234.13,2238.64,2205.11,2162.55,2091.48,2077.23,258455.7299,256680.8359,288536.5507,199288.5761,175116.8149,381878.3932,2145600,2730407,2977308,1541883,1638605,3981985,124180.3611,127752.3579,123184.0319,91742.2991,83798.741,183892.1637,2258.65,2283.25,2224.66,2180.77,2131.0,2130.08
2026-05-19T00:00:00,1.5496,1.5002,1.4396,1.4291,1.4027,1.3977,1.4208,1.4275,1.394,1.3715,1.3638,1.3531,2.032789119E8,1.235512061E8,7.15432779E7,6.79755862E7,1.032972518E8,9.85929235E7,1067851,790625,436296,440935,754312,490844,9.72104061E7,5.99185597E7,3.18969222E7,3.20903714E7,5.10713057E7,4.03100719E7,1.4852,1.434,1.4136,1.4016,1.39,1.3616,2319.33,2300.29,2231.51,2198.14,2157.24,2146.95,2238.64,2205.11,2162.55,2091.48,2077.23,2094.47,256680.8359,288536.5507,199288.5761,175116.8149,381878.3932,186945.075,2730407,2977308,1541883,1638605,3981985,2356965,127752.3579,123184.0319,91742.2991,83798.741,183892.1637,86073.6731,2283.25,2224.66,2180.77,2131.0,2130.08,2111.93
2026-05-20T00:00:00,1.5002,1.4396,1.4291,1.4027,1.3977,1.3807,1.4275,1.394,1.3715,1.3638,1.3531,1.3477,1.235512061E8,7.15432779E7,6.79755862E7,1.032972518E8,9.85929235E7,6.89094147E7,790625,436296,440935,754312,490844,441630,5.99185597E7,3.18969222E7,3.20903714E7,5.10713057E7,4.03100719E7,3.52569915E7,1.434,1.4136,1.4016,1.39,1.3616,1.3672,2300.29,2231.51,2198.14,2157.24,2146.95,2149.0,2205.11,2162.55,2091.48,2077.23,2094.47,2103.29,288536.5507,199288.5761,175116.8149,381878.3932,186945.075,189088.294,2977308,1541883,1638605,3981985,2356965,2256505,123184.0319,91742.2991,83798.741,183892.1637,86073.6731,93912.9824,2224.66,2180.77,2131.0,2130.08,2111.93,2129.44
2026-05-21T00:00:00,1.4396,1.4291,1.4027,1.3977,1.3807,1.3862,1.394,1.3715,1.3638,1.3531,1.3477,1.3512,7.15432779E7,6.79755862E7,1.032972518E8,9.85929235E7,6.89094147E7,7.79207475E7,436296,440935,754312,490844,441630,462981,3.18969222E7,3.20903714E7,5.10713057E7,4.03100719E7,3.52569915E7,3.80627497E7,1.4136,1.4016,1.39,1.3616,1.3672,1.3739,2231.51,2198.14,2157.24,2146.95,2149.0,2157.5,2162.55,2091.48,2077.23,2094.47,2103.29,2105.15,199288.5761,175116.8149,381878.3932,186945.075,189088.294,232889.1117,1541883,1638605,3981985,2356965,2256505,2526150,91742.2991,83798.741,183892.1637,86073.6731,93912.9824,118956.068,2180.77,2131.0,2130.08,2111.93,2129.44,2133.76
2026-05-22T00:00:00,1.4291,1.4027,1.3977,1.3807,1.3862,1.376,1.3715,1.3638,1.3531,1.3477,1.3512,1.33,6.79755862E7,1.032972518E8,9.85929235E7,6.89094147E7,7.79207475E7,9.18473022E7,440935,754312,490844,441630,462981,528380,3.20903714E7,5.10713057E7,4.03100719E7,3.52569915E7,3.80627497E7,4.75108117E7,1.4016,1.39,1.3616,1.3672,1.3739,1.3345,2198.14,2157.24,2146.95,2149.0,2157.5,2141.39,2091.48,2077.23,2094.47,2103.29,2105.15,2057.79,175116.8149,381878.3932,186945.075,189088.294,232889.1117,221783.2548,1638605,3981985,2356965,2256505,2526150,2344218,83798.741,183892.1637,86073.6731,93912.9824,118956.068,109989.3764,2131.0,2130.08,2111.93,2129.44,2133.76,2065.85
2026-05-23T00:00:00,1.4027,1.3977,1.3807,1.3862,1.376,1.3762,1.3638,1.3531,1.3477,1.3512,1.33,1.3019,1.032972518E8,9.85929235E7,6.89094147E7,7.79207475E7,9.18473022E7,1.029602905E8,754312,490844,441630,462981,528380,475661,5.10713057E7,4.03100719E7,3.52569915E7,3.80627497E7,4.75108117E7,5.11365715E7,1.39,1.3616,1.3672,1.3739,1.3345,1.3583,2157.24,2146.95,2149.0,2157.5,2141.39,2149.95,2077.23,2094.47,2103.29,2105.15,2057.79,2009.3,381878.3932,186945.075,189088.294,232889.1117,221783.2548,350546.2289,3981985,2356965,2256505,2526150,2344218,2641732,183892.1637,86073.6731,93912.9824,118956.068,109989.3764,186016.0823,2130.08,2111.93,2129.44,2133.76,2065.85,2117.68
2026-05-24T00:00:00,1.3977,1.3807,1.3862,1.376,1.3762,1.371,1.3531,1.3477,1.3512,1.33,1.3019,1.3326,9.85929235E7,6.89094147E7,7.79207475E7,9.18473022E7,1.029602905E8,5.2635116E7,490844,441630,462981,528380,475661,302213,4.03100719E7,3.52569915E7,3.80627497E7,4.75108117E7,5.11365715E7,2.36430653E7,1.3616,1.3672,1.3739,1.3345,1.3583,1.351,2146.95,2149.0,2157.5,2141.39,2149.95,2132.14,2094.47,2103.29,2105.15,2057.79,2009.3,2063.0,186945.075,189088.294,232889.1117,221783.2548,350546.2289,197748.7605,2356965,2256505,2526150,2344218,2641732,1928016,86073.6731,93912.9824,118956.068,109989.3764,186016.0823,95960.6284,2111.93,2129.44,2133.76,2065.85,2117.68,2099.85
2026-05-25T00:00:00,1.3807,1.3862,1.376,1.3762,1.371,1.3657,1.3477,1.3512,1.33,1.3019,1.3326,1.3435,6.89094147E7,7.79207475E7,9.18473022E7,1.029602905E8,5.2635116E7,5.76435668E7,441630,462981,528380,475661,302213,290748,3.52569915E7,3.80627497E7,4.75108117E7,5.11365715E7,2.36430653E7,2.80397892E7,1.3672,1.3739,1.3345,1.3583,1.351,1.3503,2149.0,2157.5,2141.39,2149.95,2132.14,2141.98,2103.29,2105.15,2057.79,2009.3,2063.0,2092.26,189088.294,232889.1117,221783.2548,350546.2289,197748.7605,166428.5979,2256505,2526150,2344218,2641732,1928016,1786621,93912.9824,118956.068,109989.3764,186016.0823,95960.6284,86258.1599,2129.44,2133.76,2065.85,2117.68,2099.85,2113.01
2026-05-26T00:00:00,1.3862,1.376,1.3762,1.371,1.3657,1.3656,1.3512,1.33,1.3019,1.3326,1.3435,1.3273,7.79207475E7,9.18473022E7,1.029602905E8,5.2635116E7,5.76435668E7,6.73529579E7,462981,528380,475661,302213,290748,433078,3.80627497E7,4.75108117E7,5.11365715E7,2.36430653E7,2.80397892E7,3.32947295E7,1.3739,1.3345,1.3583,1.351,1.3503,1.3292,2157.5,2141.39,2149.95,2132.14,2141.98,2140.49,2105.15,2057.79,2009.3,2063.0,2092.26,2055.06,232889.1117,221783.2548,350546.2289,197748.7605,166428.5979,282553.3096,2526150,2344218,2641732,1928016,1786621,2963706,118956.068,109989.3764,186016.0823,95960.6284,86258.1599,125284.8456,2133.76,2065.85,2117.68,2099.85,2113.01,2073.77
2026-05-27T00:00:00,1.376,1.3762,1.371,1.3657,1.3656,1.3437,1.33,1.3019,1.3326,1.3435,1.3273,1.3033,9.18473022E7,1.029602905E8,5.2635116E7,5.76435668E7,6.73529579E7,7.77443691E7,528380,475661,302213,290748,433078,502662,4.75108117E7,5.11365715E7,2.36430653E7,2.80397892E7,3.32947295E7,3.53720793E7,1.3345,1.3583,1.351,1.3503,1.3292,1.3076,2141.39,2149.95,2132.14,2141.98,2140.49,2097.4,2057.79,2009.3,2063.0,2092.26,2055.06,2016.0,221783.2548,350546.2289,197748.7605,166428.5979,282553.3096,267963.1573,2344218,2641732,1928016,1786621,2963706,3056962,109989.3764,186016.0823,95960.6284,86258.1599,125284.8456,121588.1389,2065.85,2117.68,2099.85,2113.01,2073.77,2024.84
2026-05-28T00:00:00,1.3762,1.371,1.3657,1.3656,1.3437,1.3385,1.3019,1.3326,1.3435,1.3273,1.3033,1.2677,1.029602905E8,5.2635116E7,5.76435668E7,6.73529579E7,7.77443691E7,1.150368222E8,475661,302213,290748,433078,502662,792711,5.11365715E7,2.36430653E7,2.80397892E7,3.32947295E7,3.53720793E7,5.48134354E7,1.3583,1.351,1.3503,1.3292,1.3076,1.3156,2149.95,2132.14,2141.98,2140.49,2097.4,2030.0,2009.3,2063.0,2092.26,2055.06,2016.0,1967.0,350546.2289,197748.7605,166428.5979,282553.3096,267963.1573,363834.9211,2641732,1928016,1786621,2963706,3056962,3609031,186016.0823,95960.6284,86258.1599,125284.8456,121588.1389,176081.0293,2117.68,2099.85,2113.01,2073.77,2024.84,2009.9
2026-05-29T00:00:00,1.371,1.3657,1.3656,1.3437,1.3385,1.3339,1.3326,1.3435,1.3273,1.3033,1.2677,1.2947,5.2635116E7,5.76435668E7,6.73529579E7,7.77443691E7,1.150368222E8,1.001957419E8,302213,290748,433078,502662,792711,539932,2.36430653E7,2.80397892E7,3.32947295E7,3.53720793E7,5.48134354E7,5.15551744E7,1.351,1.3503,1.3292,1.3076,1.3156,1.33,2132.14,2141.98,2140.49,2097.4,2030.0,2046.59,2063.0,2092.26,2055.06,2016.0,1967.0,1976.48,197748.7605,166428.5979,282553.3096,267963.1573,363834.9211,283145.695,1928016,1786621,2963706,3056962,3609031,2925370,95960.6284,86258.1599,125284.8456,121588.1389,176081.0293,142075.6321,2099.85,2113.01,2073.77,2024.84,2009.9,2014.54
2026-05-30T00:00:00,1.3657,1.3656,1.3437,1.3385,1.3339,1.3661,1.3435,1.3273,1.3033,1.2677,1.2947,1.3281,5.76435668E7,6.73529579E7,7.77443691E7,1.150368222E8,1.001957419E8,8.08979131E7,290748,433078,502662,792711,539932,445261,2.80397892E7,3.32947295E7,3.53720793E7,5.48134354E7,5.15551744E7,3.95276338E7,1.3503,1.3292,1.3076,1.3156,1.33,1.3408,2141.98,2140.49,2097.4,2030.0,2046.59,2032.0,2092.26,2055.06,2016.0,1967.0,1976.48,2002.0,166428.5979,282553.3096,267963.1573,363834.9211,283145.695,97977.5349,1786621,2963706,3056962,3609031,2925370,969371,86258.1599,125284.8456,121588.1389,176081.0293,142075.6321,51565.2626,2113.01,2073.77,2024.84,2009.9,2014.54,2022.44
2026-05-31T00:00:00,1.3656,1.3437,1.3385,1.3339,1.3661,1.3484,1.3273,1.3033,1.2677,1.2947,1.3281,1.321,6.73529579E7,7.77443691E7,1.150368222E8,1.001957419E8,8.08979131E7,4.40765003E7,433078,502662,792711,539932,445261,302843,3.32947295E7,3.53720793E7,5.48134354E7,5.15551744E7,3.95276338E7,1.97083733E7,1.3292,1.3076,1.3156,1.33,1.3408,1.333,2140.49,2097.4,2030.0,2046.59,2032.0,2038.0,2055.06,2016.0,1967.0,1976.48,2002.0,1993.75,282553.3096,267963.1573,363834.9211,283145.695,97977.5349,163735.4958,2963706,3056962,3609031,2925370,969371,1454319,125284.8456,121588.1389,176081.0293,142075.6321,51565.2626,69842.5033,2073.77,2024.84,2009.9,2014.54,2022.44,2007.01
2026-06-01T00:00:00,1.3437,1.3385,1.3339,1.3661,1.3484,1.3412,1.3033,1.2677,1.2947,1.3281,1.321,1.2794,7.77443691E7,1.150368222E8,1.001957419E8,8.08979131E7,4.40765003E7,9.08983368E7,502662,792711,539932,445261,302843,669452,3.53720793E7,5.48134354E7,5.15551744E7,3.95276338E7,1.97083733E7,4.3569263E7,1.3076,1.3156,1.33,1.3408,1.333,1.2972,2097.4,2030.0,2046.59,2032.0,2038.0,2021.5,2016.0,1967.0,1976.48,2002.0,1993.75,1956.04,267963.1573,363834.9211,283145.695,97977.5349,163735.4958,374428.2839,3056962,3609031,2925370,969371,1454319,3806222,121588.1389,176081.0293,142075.6321,51565.2626,69842.5033,189965.6217,2024.84,2009.9,2014.54,2022.44,2007.01,2006.73
2026-06-02T00:00:00,1.3385,1.3339,1.3661,1.3484,1.3412,1.2972,1.2677,1.2947,1.3281,1.321,1.2794,1.1948,1.150368222E8,1.001957419E8,8.08979131E7,4.40765003E7,9.08983368E7,1.623346495E8,792711,539932,445261,302843,669452,1089257,5.48134354E7,5.15551744E7,3.95276338E7,1.97083733E7,4.3569263E7,7.8485431E7,1.3156,1.33,1.3408,1.333,1.2972,1.2117,2030.0,2046.59,2032.0,2038.0,2021.5,2006.78,1967.0,1976.48,2002.0,1993.75,1956.04,1839.02,363834.9211,283145.695,97977.5349,163735.4958,374428.2839,556885.5418,3609031,2925370,969371,1454319,3806222,5759311,176081.0293,142075.6321,51565.2626,69842.5033,189965.6217,262471.3967,2009.9,2014.54,2022.44,2007.01,2006.73,1859.84
2026-06-03T00:00:00,1.3339,1.3661,1.3484,1.3412,1.2972,1.2491,1.2947,1.3281,1.321,1.2794,1.1948,1.1868,1.001957419E8,8.08979131E7,4.40765003E7,9.08983368E7,1.623346495E8,1.241439218E8,539932,445261,302843,669452,1089257,969593,5.15551744E7,3.95276338E7,1.97083733E7,4.3569263E7,7.8485431E7,6.14952924E7,1.33,1.3408,1.333,1.2972,1.2117,1.2012,2046.59,2032.0,2038.0,2021.5,2006.78,1893.07,1976.48,2002.0,1993.75,1956.04,1839.02,1769.62,283145.695,97977.5349,163735.4958,374428.2839,556885.5418,584760.4818,2925370,969371,1454319,3806222,5759311,6496256,142075.6321,51565.2626,69842.5033,189965.6217,262471.3967,291410.2577,2014.54,2022.44,2007.01,2006.73,1859.84,1813.05
2026-06-04T00:00:00,1.3661,1.3484,1.3412,1.2972,1.2491,1.212,1.3281,1.321,1.2794,1.1948,1.1868,1.1407,8.08979131E7,4.40765003E7,9.08983368E7,1.623346495E8,1.241439218E8,1.860913803E8,445261,302843,669452,1089257,969593,1649842,3.95276338E7,1.97083733E7,4.3569263E7,7.8485431E7,6.14952924E7,8.96900296E7,1.3408,1.333,1.2972,1.2117,1.2012,1.1688,2032.0,2038.0,2021.5,2006.78,1893.07,1820.5,2002.0,1993.75,1956.04,1839.02,1769.62,1717.28,97977.5349,163735.4958,374428.2839,556885.5418,584760.4818,648306.1051,969371,1454319,3806222,5759311,6496256,8222751,51565.2626,69842.5033,189965.6217,262471.3967,291410.2577,313120.6405,2022.44,2007.01,2006.73,1859.84,1813.05,1770.77
2026-06-05T00:00:00,1.3484,1.3412,1.2972,1.2491,1.212,1.1751,1.321,1.2794,1.1948,1.1868,1.1407,1.0692,4.40765003E7,9.08983368E7,1.623346495E8,1.241439218E8,1.860913803E8,2.817695797E8,302843,669452,1089257,969593,1649842,2460423,1.97083733E7,4.3569263E7,7.8485431E7,6.14952924E7,8.96900296E7,1.282457655E8,1.333,1.2972,1.2117,1.2012,1.1688,1.0978,2038.0,2021.5,2006.78,1893.07,1820.5,1774.99,1993.75,1956.04,1839.02,1769.62,1717.28,1540.19,163735.4958,374428.2839,556885.5418,584760.4818,648306.1051,1257013.1608,1454319,3806222,5759311,6496256,8222751,13017779,69842.5033,189965.6217,262471.3967,291410.2577,313120.6405,605408.4543,2007.01,2006.73,1859.84,1813.05,1770.77,1583.4
2026-06-06T00:00:00,1.3412,1.2972,1.2491,1.212,1.1751,1.1144,1.2794,1.1948,1.1868,1.1407,1.0692,1.0501,9.08983368E7,1.623346495E8,1.241439218E8,1.860913803E8,2.817695797E8,1.413597191E8,669452,1089257,969593,1649842,2460423,1222201,4.3569263E7,7.8485431E7,6.14952924E7,8.96900296E7,1.282457655E8,7.01517028E7,1.2972,1.2117,1.2012,1.1688,1.0978,1.0934,2021.5,2006.78,1893.07,1820.5,1774.99,1601.22,1956.04,1839.02,1769.62,1717.28,1540.19,1505.68,374428.2839,556885.5418,584760.4818,648306.1051,1257013.1608,558458.3672,3806222,5759311,6496256,8222751,13017779,6254953,189965.6217,262471.3967,291410.2577,313120.6405,605408.4543,267600.8258,2006.73,1859.84,1813.05,1770.77,1583.4,1569.69
2026-06-07T00:00:00,1.2972,1.2491,1.212,1.1751,1.1144,1.1719,1.1948,1.1868,1.1407,1.0692,1.0501,1.0886,1.623346495E8,1.241439218E8,1.860913803E8,2.817695797E8,1.413597191E8,1.123876171E8,1089257,969593,1649842,2460423,1222201,859882,7.8485431E7,6.14952924E7,8.96900296E7,1.282457655E8,7.01517028E7,5.61751856E7,1.2117,1.2012,1.1688,1.0978,1.0934,1.1556,2006.78,1893.07,1820.5,1774.99,1601.22,1721.93,1839.02,1769.62,1717.28,1540.19,1505.68,1564.1,556885.5418,584760.4818,648306.1051,1257013.1608,558458.3672,458280.5909,5759311,6496256,8222751,13017779,6254953,5095675,262471.3967,291410.2577,313120.6405,605408.4543,267600.8258,228933.854,1859.84,1813.05,1770.77,1583.4,1569.69,1690.51
2026-06-08T00:00:00,1.2491,1.212,1.1751,1.1144,1.1719,1.1866,1.1868,1.1407,1.0692,1.0501,1.0886,1.1319,1.241439218E8,1.860913803E8,2.817695797E8,1.413597191E8,1.123876171E8,1.146447922E8,969593,1649842,2460423,1222201,859882,778674,6.14952924E7,8.96900296E7,1.282457655E8,7.01517028E7,5.61751856E7,5.7911854E7,1.2012,1.1688,1.0978,1.0934,1.1556,1.1683,1893.07,1820.5,1774.99,1601.22,1721.93,1714.5,1769.62,1717.28,1540.19,1505.68,1564.1,1645.0,584760.4818,648306.1051,1257013.1608,558458.3672,458280.5909,480027.3121,6496256,8222751,13017779,6254953,5095675,5759621,291410.2577,313120.6405,605408.4543,267600.8258,228933.854,245621.2272,1813.05,1770.77,1583.4,1569.69,1690.51,1690.49
2026-06-09T00:00:00,1.212,1.1751,1.1144,1.1719,1.1866,1.1769,1.1407,1.0692,1.0501,1.0886,1.1319,1.1187,1.860913803E8,2.817695797E8,1.413597191E8,1.123876171E8,1.146447922E8,1.069467333E8,1649842,2460423,1222201,859882,778674,849064,8.96900296E7,1.282457655E8,7.01517028E7,5.61751856E7,5.7911854E7,5.11104391E7,1.1688,1.0978,1.0934,1.1556,1.1683,1.1375,1820.5,1774.99,1601.22,1721.93,1714.5,1696.88,1717.28,1540.19,1505.68,1564.1,1645.0,1614.02,648306.1051,1257013.1608,558458.3672,458280.5909,480027.3121,384147.2349,8222751,13017779,6254953,5095675,5759621,4501516,313120.6405,605408.4543,267600.8258,228933.854,245621.2272,174461.5449,1770.77,1583.4,1569.69,1690.51,1690.49,1639.52
2026-06-10T00:00:00,1.1751,1.1144,1.1719,1.1866,1.1769,1.1412,1.0692,1.0501,1.0886,1.1319,1.1187,1.0884,2.817695797E8,1.413597191E8,1.123876171E8,1.146447922E8,1.069467333E8,1.166796446E8,2460423,1222201,859882,778674,849064,1006939,1.282457655E8,7.01517028E7,5.61751856E7,5.7911854E7,5.11104391E7,5.77638808E7,1.0978,1.0934,1.1556,1.1683,1.1375,1.097,1774.99,1601.22,1721.93,1714.5,1696.88,1667.96,1540.19,1505.68,1564.1,1645.0,1614.02,1603.44,1257013.1608,558458.3672,458280.5909,480027.3121,384147.2349,290791.2819,13017779,6254953,5095675,5759621,4501516,4680030,605408.4543,267600.8258,228933.854,245621.2272,174461.5449,144480.8587,1583.4,1569.69,1690.51,1690.49,1639.52,1621.59
2026-06-11T00:00:00,1.1144,1.1719,1.1866,1.1769,1.1412,1.15,1.0501,1.0886,1.1319,1.1187,1.0884,1.0965,1.413597191E8,1.123876171E8,1.146447922E8,1.069467333E8,1.166796446E8,9.42242822E7,1222201,859882,778674,849064,1006939,755083,7.01517028E7,5.61751856E7,5.7911854E7,5.11104391E7,5.77638808E7,4.67969196E7,1.0934,1.1556,1.1683,1.1375,1.097,1.1428,1601.22,1721.93,1714.5,1696.88,1667.96,1693.59,1505.68,1564.1,1645.0,1614.02,1603.44,1621.6,558458.3672,458280.5909,480027.3121,384147.2349,290791.2819,278507.7204,6254953,5095675,5759621,4501516,4680030,3410263,267600.8258,228933.854,245621.2272,174461.5449,144480.8587,146755.8289,1569.69,1690.51,1690.49,1639.52,1621.59,1673.46
2026-06-12T00:00:00,1.1719,1.1866,1.1769,1.1412,1.15,1.1577,1.0886,1.1319,1.1187,1.0884,1.0965,1.1261,1.123876171E8,1.146447922E8,1.069467333E8,1.166796446E8,9.42242822E7,7.25829139E7,859882,778674,849064,1006939,755083,635449,5.61751856E7,5.7911854E7,5.11104391E7,5.77638808E7,4.67969196E7,3.61559107E7,1.1556,1.1683,1.1375,1.097,1.1428,1.1325,1721.93,1714.5,1696.88,1667.96,1693.59,1691.07,1564.1,1645.0,1614.02,1603.44,1621.6,1652.09,458280.5909,480027.3121,384147.2349,290791.2819,278507.7204,201888.0102,5095675,5759621,4501516,4680030,3410263,2888517,228933.854,245621.2272,174461.5449,144480.8587,146755.8289,103835.6453,1690.51,1690.49,1639.52,1621.59,1673.46,1666.41
2026-06-13T00:00:00,1.1866,1.1769,1.1412,1.15,1.1577,1.161,1.1319,1.1187,1.0884,1.0965,1.1261,1.1299,1.146447922E8,1.069467333E8,1.166796446E8,9.42242822E7,7.25829139E7,4.50100072E7,778674,849064,1006939,755083,635449,300818,5.7911854E7,5.11104391E7,5.77638808E7,4.67969196E7,3.61559107E7,2.25440906E7,1.1683,1.1375,1.097,1.1428,1.1325,1.1507,1714.5,1696.88,1667.96,1693.59,1691.07,1697.28,1645.0,1614.02,1603.44,1621.6,1652.09,1662.2,480027.3121,384147.2349,290791.2819,278507.7204,201888.0102,106751.6077,5759621,4501516,4680030,3410263,2888517,1222979,245621.2272,174461.5449,144480.8587,146755.8289,103835.6453,57726.9957,1690.49,1639.52,1621.59,1673.46,1666.41,1681.18
2026-06-14T00:00:00,1.1769,1.1412,1.15,1.1577,1.161,1.1878,1.1187,1.0884,1.0965,1.1261,1.1299,1.1268,1.069467333E8,1.166796446E8,9.42242822E7,7.25829139E7,4.50100072E7,5.64189876E7,849064,1006939,755083,635449,300818,450135,5.11104391E7,5.77638808E7,4.67969196E7,3.61559107E7,2.25440906E7,2.6945654E7,1.1375,1.097,1.1428,1.1325,1.1507,1.1861,1696.88,1667.96,1693.59,1691.07,1697.28,1732.28,1614.02,1603.44,1621.6,1652.09,1662.2,1654.9,384147.2349,290791.2819,278507.7204,201888.0102,106751.6077,178009.9541,4501516,4680030,3410263,2888517,1222979,1935991,174461.5449,144480.8587,146755.8289,103835.6453,57726.9957,90922.7855,1639.52,1621.59,1673.46,1666.41,1681.18,1725.62
2026-06-15T00:00:00,1.1412,1.15,1.1577,1.161,1.1878,1.2935,1.0884,1.0965,1.1261,1.1299,1.1268,1.1778,1.166796446E8,9.42242822E7,7.25829139E7,4.50100072E7,5.64189876E7,1.958460162E8,1006939,755083,635449,300818,450135,1337348,5.77638808E7,4.67969196E7,3.61559107E7,2.25440906E7,2.6945654E7,9.52653323E7,1.097,1.1428,1.1325,1.1507,1.1861,1.2382,1667.96,1693.59,1691.07,1697.28,1732.28,1849.54,1603.44,1621.6,1652.09,1662.2,1654.9,1709.66,290791.2819,278507.7204,201888.0102,106751.6077,178009.9541,464135.2553,4680030,3410263,2888517,1222979,1935991,3136116,144480.8587,146755.8289,103835.6453,57726.9957,90922.7855,226908.449,1621.59,1673.46,1666.41,1681.18,1725.62,1796.13
2026-06-16T00:00:00,1.15,1.1577,1.161,1.1878,1.2935,1.256,1.0965,1.1261,1.1299,1.1268,1.1778,1.2053,9.42242822E7,7.25829139E7,4.50100072E7,5.64189876E7,1.958460162E8,9.43292097E7,755083,635449,300818,450135,1337348,759684,4.67969196E7,3.61559107E7,2.25440906E7,2.6945654E7,9.52653323E7,4.81609661E7,1.1428,1.1325,1.1507,1.1861,1.2382,1.2173,1693.59,1691.07,1697.28,1732.28,1849.54,1839.77,1621.6,1652.09,1662.2,1654.9,1709.66,1758.0,278507.7204,201888.0102,106751.6077,178009.9541,464135.2553,353577.549,3410263,2888517,1222979,1935991,3136116,3651200,146755.8289,103835.6453,57726.9957,90922.7855,226908.449,175935.254,1673.46,1666.41,1681.18,1725.62,1796.13,1792.99
2026-06-17T00:00:00,1.1577,1.161,1.1878,1.2935,1.256,1.2283,1.1261,1.1299,1.1268,1.1778,1.2053,1.1715,7.25829139E7,4.50100072E7,5.64189876E7,1.958460162E8,9.43292097E7,1.075221153E8,635449,300818,450135,1337348,759684,851153,3.61559107E7,2.25440906E7,2.6945654E7,9.52653323E7,4.81609661E7,5.38659269E7,1.1325,1.1507,1.1861,1.2382,1.2173,1.1868,1691.07,1697.28,1732.28,1849.54,1839.77,1810.21,1652.09,1662.2,1654.9,1709.66,1758.0,1725.34,201888.0102,106751.6077,178009.9541,464135.2553,353577.549,334498.0575,2888517,1222979,1935991,3136116,3651200,4175463,103835.6453,57726.9957,90922.7855,226908.449,175935.254,156023.0739,1666.41,1681.18,1725.62,1796.13,1792.99,1750.6
2026-06-18T00:00:00,1.161,1.1878,1.2935,1.256,1.2283,1.1923,1.1299,1.1268,1.1778,1.2053,1.1715,1.1329,4.50100072E7,5.64189876E7,1.958460162E8,9.43292097E7,1.075221153E8,1.141783158E8,300818,450135,1337348,759684,851153,681734,2.25440906E7,2.6945654E7,9.52653323E7,4.81609661E7,5.38659269E7,5.21413711E7,1.1507,1.1861,1.2382,1.2173,1.1868,1.1465,1697.28,1732.28,1849.54,1839.77,1810.21,1762.99,1662.2,1654.9,1709.66,1758.0,1725.34,1671.79,106751.6077,178009.9541,464135.2553,353577.549,334498.0575,312480.9656,1222979,1935991,3136116,3651200,4175463,3404966,57726.9957,90922.7855,226908.449,175935.254,156023.0739,150925.452,1681.18,1725.62,1796.13,1792.99,1750.6,1711.11
2026-06-19T00:00:00,1.1878,1.2935,1.256,1.2283,1.1923,1.153,1.1268,1.1778,1.2053,1.1715,1.1329,1.1187,5.64189876E7,1.958460162E8,9.43292097E7,1.075221153E8,1.141783158E8,7.26644159E7,450135,1337348,759684,851153,681734,508134,2.6945654E7,9.52653323E7,4.81609661E7,5.38659269E7,5.21413711E7,3.69452955E7,1.1861,1.2382,1.2173,1.1868,1.1465,1.1359,1732.28,1849.54,1839.77,1810.21,1762.99,1719.51,1654.9,1709.66,1758.0,1725.34,1671.79,1679.11,178009.9541,464135.2553,353577.549,334498.0575,312480.9656,165078.1984,1935991,3136116,3651200,4175463,3404966,2339768,90922.7855,226908.449,175935.254,156023.0739,150925.452,86541.467,1725.62,1796.13,1792.99,1750.6,1711.11,1711.19
2026-06-20T00:00:00,1.2935,1.256,1.2283,1.1923,1.153,1.156,1.1778,1.2053,1.1715,1.1329,1.1187,1.1342,1.958460162E8,9.43292097E7,1.075221153E8,1.141783158E8,7.26644159E7,4.5285668E7,1337348,759684,851153,681734,508134,318381,9.52653323E7,4.81609661E7,5.38659269E7,5.21413711E7,3.69452955E7,2.22751798E7,1.2382,1.2173,1.1868,1.1465,1.1359,1.1499,1849.54,1839.77,1810.21,1762.99,1719.51,1749.55,1709.66,1758.0,1725.34,1671.79,1679.11,1704.06,464135.2553,353577.549,334498.0575,312480.9656,165078.1984,159791.8211,3136116,3651200,4175463,3404966,2339768,1842588,226908.449,175935.254,156023.0739,150925.452,86541.467,85441.3878,1796.13,1792.99,1750.6,1711.11,1711.19,1741.08
2026-06-21T00:00:00,1.256,1.2283,1.1923,1.153,1.156,1.1535,1.2053,1.1715,1.1329,1.1187,1.1342,1.1225,9.43292097E7,1.075221153E8,1.141783158E8,7.26644159E7,4.5285668E7,4.75940543E7,759684,851153,681734,508134,318381,305660,4.81609661E7,5.38659269E7,5.21413711E7,3.69452955E7,2.22751798E7,2.23171834E7,1.2173,1.1868,1.1465,1.1359,1.1499,1.1248,1839.77,1810.21,1762.99,1719.51,1749.55,1741.45,1758.0,1725.34,1671.79,1679.11,1704.06,1702.0,353577.549,334498.0575,312480.9656,165078.1984,159791.8211,123762.4689,3651200,4175463,3404966,2339768,1842588,1658599,175935.254,156023.0739,150925.452,86541.467,85441.3878,60145.8081,1792.99,1750.6,1711.11,1711.19,1741.08,1706.94
2026-06-22T00:00:00,1.2283,1.1923,1.153,1.156,1.1535,1.1639,1.1715,1.1329,1.1187,1.1342,1.1225,1.1216,1.075221153E8,1.141783158E8,7.26644159E7,4.5285668E7,4.75940543E7,8.33214923E7,851153,681734,508134,318381,305660,559318,5.38659269E7,5.21413711E7,3.69452955E7,2.22751798E7,2.23171834E7,4.32145782E7,1.1868,1.1465,1.1359,1.1499,1.1248,1.1295,1810.21,1762.99,1719.51,1749.55,1741.45,1779.9,1725.34,1671.79,1679.11,1704.06,1702.0,1706.94,334498.0575,312480.9656,165078.1984,159791.8211,123762.4689,262657.182,4175463,3404966,2339768,1842588,1658599,3303043,156023.0739,150925.452,86541.467,85441.3878,60145.8081,132053.0362,1750.6,1711.11,1711.19,1741.08,1706.94,1728.19
2026-06-23T00:00:00,1.1923,1.153,1.156,1.1535,1.1639,1.1339,1.1329,1.1187,1.1342,1.1225,1.1216,1.092,1.141783158E8,7.26644159E7,4.5285668E7,4.75940543E7,8.33214923E7,7.55920268E7,681734,508134,318381,305660,559318,556869,5.21413711E7,3.69452955E7,2.22751798E7,2.23171834E7,4.32145782E7,3.67876923E7,1.1465,1.1359,1.1499,1.1248,1.1295,1.1103,1762.99,1719.51,1749.55,1741.45,1779.9,1736.25,1671.79,1679.11,1704.06,1702.0,1706.94,1635.65,312480.9656,165078.1984,159791.8211,123762.4689,262657.182,248262.012,3404966,2339768,1842588,1658599,3303043,3415279,150925.452,86541.467,85441.3878,60145.8081,132053.0362,120633.5298,1711.11,1711.19,1741.08,1706.94,1728.19,1667.13
2026-06-24T00:00:00,1.153,1.156,1.1535,1.1639,1.1339,1.1139,1.1187,1.1342,1.1225,1.1216,1.092,1.0462,7.26644159E7,4.5285668E7,4.75940543E7,8.33214923E7,7.55920268E7,1.183693721E8,508134,318381,305660,559318,556869,785109,3.69452955E7,2.22751798E7,2.23171834E7,4.32145782E7,3.67876923E7,5.63761106E7,1.1359,1.1499,1.1248,1.1295,1.1103,1.0736,1719.51,1749.55,1741.45,1779.9,1736.25,1693.67,1679.11,1704.06,1702.0,1706.94,1635.65,1552.95,165078.1984,159791.8211,123762.4689,262657.182,248262.012,355728.3403,2339768,1842588,1658599,3303043,3415279,5254099,86541.467,85441.3878,60145.8081,132053.0362,120633.5298,177192.2396,1711.19,1741.08,1706.94,1728.19,1667.13,1622.17
2026-06-25T00:00:00,1.156,1.1535,1.1639,1.1339,1.1139,1.0899,1.1342,1.1225,1.1216,1.092,1.0462,1.0122,4.5285668E7,4.75940543E7,8.33214923E7,7.55920268E7,1.183693721E8,1.361976999E8,318381,305660,559318,556869,785109,957997,2.22751798E7,2.23171834E7,4.32145782E7,3.67876923E7,5.63761106E7,6.72045543E7,1.1499,1.1248,1.1295,1.1103,1.0736,1.0435,1749.55,1741.45,1779.9,1736.25,1693.67,1660.54,1704.06,1702.0,1706.94,1635.65,1552.95,1532.9,159791.8211,123762.4689,262657.182,248262.012,355728.3403,440671.005,1842588,1658599,3303043,3415279,5254099,4454580,85441.3878,60145.8081,132053.0362,120633.5298,177192.2396,236247.0286,1741.08,1706.94,1728.19,1667.13,1622.17,1567.84
2026-06-26T00:00:00,1.1535,1.1639,1.1339,1.1139,1.0899,1.0558,1.1225,1.1216,1.092,1.0462,1.0122,1.0092,4.75940543E7,8.33214923E7,7.55920268E7,1.183693721E8,1.361976999E8,1.451565804E8,305660,559318,556869,785109,957997,963953,2.23171834E7,4.32145782E7,3.67876923E7,5.63761106E7,6.72045543E7,6.87899057E7,1.1248,1.1295,1.1103,1.0736,1.0435,1.049,1741.45,1779.9,1736.25,1693.67,1660.54,1594.7,1702.0,1706.94,1635.65,1552.95,1532.9,1512.0,123762.4689,262657.182,248262.012,355728.3403,440671.005,423691.4393,1658599,3303043,3415279,5254099,4454580,4010582,60145.8081,132053.0362,120633.5298,177192.2396,236247.0286,219134.2695,1706.94,1728.19,1667.13,1622.17,1567.84,1578.68
2026-06-27T00:00:00,1.1639,1.1339,1.1139,1.0899,1.0558,1.0777,1.1216,1.092,1.0462,1.0122,1.0092,1.0441,8.33214923E7,7.55920268E7,1.183693721E8,1.361976999E8,1.451565804E8,6.11027164E7,559318,556869,785109,957997,963953,396476,4.32145782E7,3.67876923E7,5.63761106E7,6.72045543E7,6.87899057E7,2.93087527E7,1.1295,1.1103,1.0736,1.0435,1.049,1.0475,1779.9,1736.25,1693.67,1660.54,1594.7,1611.02,1706.94,1635.65,1552.95,1532.9,1512.0,1562.86,262657.182,248262.012,355728.3403,440671.005,423691.4393,131592.3598,3303043,3415279,5254099,4454580,4010582,1281824,132053.0362,120633.5298,177192.2396,236247.0286,219134.2695,67386.1857,1728.19,1667.13,1622.17,1567.84,1578.68,1573.99
2026-06-28T00:00:00,1.1339,1.1139,1.0899,1.0558,1.0777,1.0591,1.092,1.0462,1.0122,1.0092,1.0441,1.0333,7.55920268E7,1.183693721E8,1.361976999E8,1.451565804E8,6.11027164E7,4.55438357E7,556869,785109,957997,963953,396476,379263,3.67876923E7,5.63761106E7,6.72045543E7,6.87899057E7,2.93087527E7,1.92416873E7,1.1103,1.0736,1.0435,1.049,1.0475,1.0485,1736.25,1693.67,1660.54,1594.7,1611.02,1588.82,1635.65,1552.95,1532.9,1512.0,1562.86,1548.37,248262.012,355728.3403,440671.005,423691.4393,131592.3598,140181.1417,3415279,5254099,4454580,4010582,1281824,1506628,120633.5298,177192.2396,236247.0286,219134.2695,67386.1857,70060.9956,1667.13,1622.17,1567.84,1578.68,1573.99,1571.96
2026-06-29T00:00:00,1.1139,1.0899,1.0558,1.0777,1.0591,1.0768,1.0462,1.0122,1.0092,1.0441,1.0333,1.0322,1.183693721E8,1.361976999E8,1.451565804E8,6.11027164E7,4.55438357E7,9.47594156E7,785109,957997,963953,396476,379263,762527,5.63761106E7,6.72045543E7,6.87899057E7,2.93087527E7,1.92416873E7,4.85269197E7,1.0736,1.0435,1.049,1.0475,1.0485,1.059,1693.67,1660.54,1594.7,1611.02,1588.82,1637.58,1552.95,1532.9,1512.0,1562.86,1548.37,1550.43,355728.3403,440671.005,423691.4393,131592.3598,140181.1417,309968.9748,5254099,4454580,4010582,1281824,1506628,2959728,177192.2396,236247.0286,219134.2695,67386.1857,70060.9956,155013.503,1622.17,1567.84,1578.68,1573.99,1571.96,1613.07
2026-06-30T00:00:00,1.0899,1.0558,1.0777,1.0591,1.0768,1.0595,1.0122,1.0092,1.0441,1.0333,1.0322,1.0274,1.361976999E8,1.451565804E8,6.11027164E7,4.55438357E7,9.47594156E7,6.63527859E7,957997,963953,396476,379263,762527,452008,6.72045543E7,6.87899057E7,2.93087527E7,1.92416873E7,4.85269197E7,3.12282078E7,1.0435,1.049,1.0475,1.0485,1.059,1.0401,1660.54,1594.7,1611.02,1588.82,1637.58,1614.41,1532.9,1512.0,1562.86,1548.37,1550.43,1550.2,440671.005,423691.4393,131592.3598,140181.1417,309968.9748,222057.2042,4454580,4010582,1281824,1506628,2959728,2013738,236247.0286,219134.2695,67386.1857,70060.9956,155013.503,104379.84,1567.84,1578.68,1573.99,1571.96,1613.07,1572.01
2026-07-01T00:00:00,1.0558,1.0777,1.0591,1.0768,1.0595,1.0738,1.0092,1.0441,1.0333,1.0322,1.0274,1.022,1.451565804E8,6.11027164E7,4.55438357E7,9.47594156E7,6.63527859E7,8.79686751E7,963953,396476,379263,762527,452008,588819,6.87899057E7,2.93087527E7,1.92416873E7,4.85269197E7,3.12282078E7,4.27018308E7,1.049,1.0475,1.0485,1.059,1.0401,1.053,1594.7,1611.02,1588.82,1637.58,1614.41,1646.26,1512.0,1562.86,1548.37,1550.43,1550.2,1552.92,423691.4393,131592.3598,140181.1417,309968.9748,222057.2042,306536.311,4010582,1281824,1506628,2959728,2013738,2678598,219134.2695,67386.1857,70060.9956,155013.503,104379.84,156369.5022,1578.68,1573.99,1571.96,1613.07,1572.01,1609.58
2026-07-02T00:00:00,1.0777,1.0591,1.0768,1.0595,1.0738,1.1125,1.0441,1.0333,1.0322,1.0274,1.022,1.0451,6.11027164E7,4.55438357E7,9.47594156E7,6.63527859E7,8.79686751E7,8.98963097E7,396476,379263,762527,452008,588819,617820,2.93087527E7,1.92416873E7,4.85269197E7,3.12282078E7,4.27018308E7,4.45960138E7,1.0475,1.0485,1.059,1.0401,1.053,1.0881,1611.02,1588.82,1637.58,1614.41,1646.26,1725.0,1562.86,1548.37,1550.43,1550.2,1552.92,1597.22,131592.3598,140181.1417,309968.9748,222057.2042,306536.311,373453.5082,1281824,1506628,2959728,2013738,2678598,2999563,67386.1857,70060.9956,155013.503,104379.84,156369.5022,199786.5508,1573.99,1571.96,1613.07,1572.01,1609.58,1700.57
2026-07-03T00:00:00,1.0591,1.0768,1.0595,1.0738,1.1125,1.1453,1.0333,1.0322,1.0274,1.022,1.0451,1.0828,4.55438357E7,9.47594156E7,6.63527859E7,8.79686751E7,8.98963097E7,8.41073752E7,379263,762527,452008,588819,617820,582539,1.92416873E7,4.85269197E7,3.12282078E7,4.27018308E7,4.45960138E7,4.2497557E7,1.0485,1.059,1.0401,1.053,1.0881,1.1348,1588.82,1637.58,1614.41,1646.26,1725.0,1775.78,1548.37,1550.43,1550.2,1552.92,1597.22,1694.72,140181.1417,309968.9748,222057.2042,306536.311,373453.5082,244416.868,1506628,2959728,2013738,2678598,2999563,2558467,70060.9956,155013.503,104379.84,156369.5022,199786.5508,129829.1354,1571.96,1613.07,1572.01,1609.58,1700.57,1758.21
2026-07-04T00:00:00,1.0768,1.0595,1.0738,1.1125,1.1453,1.1843,1.0322,1.0274,1.022,1.0451,1.0828,1.1315,9.47594156E7,6.63527859E7,8.79686751E7,8.98963097E7,8.41073752E7,9.07220886E7,762527,452008,588819,617820,582539,722008,4.85269197E7,3.12282078E7,4.27018308E7,4.45960138E7,4.2497557E7,4.42982446E7,1.059,1.0401,1.053,1.0881,1.1348,1.1574,1637.58,1614.41,1646.26,1725.0,1775.78,1807.65,1550.43,1550.2,1552.92,1597.22,1694.72,1744.09,309968.9748,222057.2042,306536.311,373453.5082,244416.868,190880.1497,2959728,2013738,2678598,2999563,2558467,1984105,155013.503,104379.84,156369.5022,199786.5508,129829.1354,98915.7658,1613.07,1572.01,1609.58,1700.57,1758.21,1780.64
2026-07-05T00:00:00,1.0595,1.0738,1.1125,1.1453,1.1843,1.1696,1.0274,1.022,1.0451,1.0828,1.1315,1.1248,6.63527859E7,8.79686751E7,8.98963097E7,8.41073752E7,9.07220886E7,5.60561033E7,452008,588819,617820,582539,722008,428513,3.12282078E7,4.27018308E7,4.45960138E7,4.2497557E7,4.42982446E7,2.69833973E7,1.0401,1.053,1.0881,1.1348,1.1574,1.1572,1614.41,1646.26,1725.0,1775.78,1807.65,1808.0,1550.2,1552.92,1597.22,1694.72,1744.09,1748.79,222057.2042,306536.311,373453.5082,244416.868,190880.1497,389673.4191,2013738,2678598,2999563,2558467,1984105,2710301,104379.84,156369.5022,199786.5508,129829.1354,98915.7658,186115.1562,1572.01,1609.58,1700.57,1758.21,1780.64,1785.65
2026-07-06T00:00:00,1.0738,1.1125,1.1453,1.1843,1.1696,1.165,1.022,1.0451,1.0828,1.1315,1.1248,1.1095,8.79686751E7,8.98963097E7,8.41073752E7,9.07220886E7,5.60561033E7,8.37304345E7,588819,617820,582539,722008,428513,713373,4.27018308E7,4.45960138E7,4.2497557E7,4.42982446E7,2.69833973E7,3.87874272E7,1.053,1.0881,1.1348,1.1574,1.1572,1.145,1646.26,1725.0,1775.78,1807.65,1808.0,1833.4,1552.92,1597.22,1694.72,1744.09,1748.79,1728.95,306536.311,373453.5082,244416.868,190880.1497,389673.4191,305879.3304,2678598,2999563,2558467,1984105,2710301,2770665,156369.5022,199786.5508,129829.1354,98915.7658,186115.1562,156283.9234,1609.58,1700.57,1758.21,1780.64,1785.65,1799.56
2026-07-07T00:00:00,1.1125,1.1453,1.1843,1.1696,1.165,1.1514,1.0451,1.0828,1.1315,1.1248,1.1095,1.1065,8.98963097E7,8.41073752E7,9.07220886E7,5.60561033E7,8.37304345E7,6.92153708E7,617820,582539,722008,428513,713373,522584,4.45960138E7,4.2497557E7,4.42982446E7,2.69833973E7,3.87874272E7,3.14759363E7,1.0881,1.1348,1.1574,1.1572,1.145,1.112,1725.0,1775.78,1807.65,1808.0,1833.4,1813.16,1597.22,1694.72,1744.09,1748.79,1728.95,1757.57,373453.5082,244416.868,190880.1497,389673.4191,305879.3304,241536.7253,2999563,2558467,1984105,2710301,2770665,2520272,199786.5508,129829.1354,98915.7658,186115.1562,156283.9234,117218.5185,1700.57,1758.21,1780.64,1785.65,1799.56,1771.45
2026-07-08T00:00:00,1.1453,1.1843,1.1696,1.165,1.1514,1.1165,1.0828,1.1315,1.1248,1.1095,1.1065,1.0694,8.41073752E7,9.07220886E7,5.60561033E7,8.37304345E7,6.92153708E7,8.85417504E7,582539,722008,428513,713373,522584,586622,4.2497557E7,4.42982446E7,2.69833973E7,3.87874272E7,3.14759363E7,3.77577342E7,1.1348,1.1574,1.1572,1.145,1.112,1.0908,1775.78,1807.65,1808.0,1833.4,1813.16,1785.0,1694.72,1744.09,1748.79,1728.95,1757.57,1713.44,244416.868,190880.1497,389673.4191,305879.3304,241536.7253,225231.2254,2558467,1984105,2710301,2770665,2520272,2459826,129829.1354,98915.7658,186115.1562,156283.9234,117218.5185,107440.578,1758.21,1780.64,1785.65,1799.56,1771.45,1743.54
2026-07-09T00:00:00,1.1843,1.1696,1.165,1.1514,1.1165,1.1029,1.1315,1.1248,1.1095,1.1065,1.0694,1.0826,9.07220886E7,5.60561033E7,8.37304345E7,6.92153708E7,8.85417504E7,4.54025655E7,722008,428513,713373,522584,586622,395701,4.42982446E7,2.69833973E7,3.87874272E7,3.14759363E7,3.77577342E7,2.06732031E7,1.1574,1.1572,1.145,1.112,1.0908,1.0932,1807.65,1808.0,1833.4,1813.16,1785.0,1762.36,1744.09,1748.79,1728.95,1757.57,1713.44,1721.93,190880.1497,389673.4191,305879.3304,241536.7253,225231.2254,173705.2572,1984105,2710301,2770665,2520272,2459826,1852063,98915.7658,186115.1562,156283.9234,117218.5185,107440.578,87235.1274,1780.64,1785.65,1799.56,1771.45,1743.54,1745.16
2026-07-10T00:00:00,1.1696,1.165,1.1514,1.1165,1.1029,1.1183,1.1248,1.1095,1.1065,1.0694,1.0826,1.0891,5.60561033E7,8.37304345E7,6.92153708E7,8.85417504E7,4.54025655E7,5.80260526E7,428513,713373,522584,586622,395701,375841,2.69833973E7,3.87874272E7,3.14759363E7,3.77577342E7,2.06732031E7,2.89885943E7,1.1572,1.145,1.112,1.0908,1.0932,1.1046,1808.0,1833.4,1813.16,1785.0,1762.36,1812.0,1748.79,1728.95,1757.57,1713.44,1721.93,1737.68,389673.4191,305879.3304,241536.7253,225231.2254,173705.2572,215605.8045,2710301,2770665,2520272,2459826,1852063,1885371,186115.1562,156283.9234,117218.5185,107440.578,87235.1274,111540.9027,1785.65,1799.56,1771.45,1743.54,1745.16,1796.85
2026-07-11T00:00:00,1.165,1.1514,1.1165,1.1029,1.1183,1.1193,1.1095,1.1065,1.0694,1.0826,1.0891,1.0961,8.37304345E7,6.92153708E7,8.85417504E7,4.54025655E7,5.80260526E7,3.27073234E7,713373,522584,586622,395701,375841,216971,3.87874272E7,3.14759363E7,3.77577342E7,2.06732031E7,2.89885943E7,1.51250583E7,1.145,1.112,1.0908,1.0932,1.1046,1.0967,1833.4,1813.16,1785.0,1762.36,1812.0,1830.0,1728.95,1757.57,1713.44,1721.93,1737.68,1786.58,305879.3304,241536.7253,225231.2254,173705.2572,215605.8045,178703.4183,2770665,2520272,2459826,1852063,1885371,1196630,156283.9234,117218.5185,107440.578,87235.1274,111540.9027,82847.9976,1799.56,1771.45,1743.54,1745.16,1796.85,1787.76
2026-07-12T00:00:00,1.1514,1.1165,1.1029,1.1183,1.1193,1.1043,1.1065,1.0694,1.0826,1.0891,1.0961,1.0811,6.92153708E7,8.85417504E7,4.54025655E7,5.80260526E7,3.27073234E7,3.8378492E7,522584,586622,395701,375841,216971,250222,3.14759363E7,3.77577342E7,2.06732031E7,2.89885943E7,1.51250583E7,1.56348646E7,1.112,1.0908,1.0932,1.1046,1.0967,1.0858,1813.16,1785.0,1762.36,1812.0,1830.0,1826.92,1757.57,1713.44,1721.93,1737.68,1786.58,1779.46,241536.7253,225231.2254,173705.2572,215605.8045,178703.4183,141072.9835,2520272,2459826,1852063,1885371,1196630,1163165,117218.5185,107440.578,87235.1274,111540.9027,82847.9976,67542.1325,1771.45,1743.54,1745.16,1796.85,1787.76,1806.8
2026-07-13T00:00:00,1.1165,1.1029,1.1183,1.1193,1.1043,1.103,1.0694,1.0826,1.0891,1.0961,1.0811,1.0535,8.85417504E7,4.54025655E7,5.80260526E7,3.27073234E7,3.8378492E7,7.12418452E7,586622,395701,375841,216971,250222,493153,3.77577342E7,2.06732031E7,2.89885943E7,1.51250583E7,1.56348646E7,3.18670108E7,1.0908,1.0932,1.1046,1.0967,1.0858,1.0675,1785.0,1762.36,1812.0,1830.0,1826.92,1846.0,1713.44,1721.93,1737.68,1786.58,1779.46,1750.2,225231.2254,173705.2572,215605.8045,178703.4183,141072.9835,295031.6198,2459826,1852063,1885371,1196630,1163165,2649302,107440.578,87235.1274,111540.9027,82847.9976,67542.1325,139033.3963,1743.54,1745.16,1796.85,1787.76,1806.8,1776.72
2026-07-14T00:00:00,1.1029,1.1183,1.1193,1.1043,1.103,1.121,1.0826,1.0891,1.0961,1.0811,1.0535,1.061,4.54025655E7,5.80260526E7,3.27073234E7,3.8378492E7,7.12418452E7,7.83249116E7,395701,375841,216971,250222,493153,439319,2.06732031E7,2.89885943E7,1.51250583E7,1.56348646E7,3.18670108E7,3.66412606E7,1.0932,1.1046,1.0967,1.0858,1.0675,1.1117,1762.36,1812.0,1830.0,1826.92,1846.0,1896.14,1721.93,1737.68,1786.58,1779.46,1750.2,1773.41,173705.2572,215605.8045,178703.4183,141072.9835,295031.6198,368913.772,1852063,1885371,1196630,1163165,2649302,3283907,87235.1274,111540.9027,82847.9976,67542.1325,139033.3963,202166.4648,1745.16,1796.85,1787.76,1806.8,1776.72,1891.87
2026-07-15T00:00:00,1.1183,1.1193,1.1043,1.103,1.121,1.1302,1.0891,1.0961,1.0811,1.0535,1.061,1.099,5.80260526E7,3.27073234E7,3.8378492E7,7.12418452E7,7.83249116E7,6.54790846E7,375841,216971,250222,493153,439319,413620,2.89885943E7,1.51250583E7,1.56348646E7,3.18670108E7,3.66412606E7,3.07649317E7,1.1046,1.0967,1.0858,1.0675,1.1117,1.1133,1812.0,1830.0,1826.92,1846.0,1896.14,1946.52,1737.68,1786.58,1779.46,1750.2,1773.41,1864.38,215605.8045,178703.4183,141072.9835,295031.6198,368913.772,319800.9693,1885371,1196630,1163165,2649302,3283907,2766157,111540.9027,82847.9976,67542.1325,139033.3963,202166.4648,164441.1035,1796.85,1787.76,1806.8,1776.72,1891.87,1917.86
2026-07-16T00:00:00,1.1193,1.1043,1.103,1.121,1.1302,1.1182,1.0961,1.0811,1.0535,1.061,1.099,1.0853,3.27073234E7,3.8378492E7,7.12418452E7,7.83249116E7,6.54790846E7,6.29477883E7,216971,250222,493153,439319,413620,362789,1.51250583E7,1.56348646E7,3.18670108E7,3.66412606E7,3.07649317E7,3.07500859E7,1.0967,1.0858,1.0675,1.1117,1.1133,1.0871,1830.0,1826.92,1846.0,1896.14,1946.52,1929.48,1786.58,1779.46,1750.2,1773.41,1864.38,1857.54,178703.4183,141072.9835,295031.6198,368913.772,319800.9693,271689.0863,1196630,1163165,2649302,3283907,2766157,2577028,82847.9976,67542.1325,139033.3963,202166.4648,164441.1035,124124.427,1787.76,1806.8,1776.72,1891.87,1917.86,1864.71
2026-07-17T00:00:00,1.1043,1.103,1.121,1.1302,1.1182,1.0958,1.0811,1.0535,1.061,1.099,1.0853,1.0698,3.8378492E7,7.12418452E7,7.83249116E7,6.54790846E7,6.29477883E7,5.53511432E7,250222,493153,439319,413620,362789,372518,1.56348646E7,3.18670108E7,3.66412606E7,3.07649317E7,3.07500859E7,2.59000316E7,1.0858,1.0675,1.1117,1.1133,1.0871,1.089,1826.92,1846.0,1896.14,1946.52,1929.48,1871.08,1779.46,1750.2,1773.41,1864.38,1857.54,1803.05,141072.9835,295031.6198,368913.772,319800.9693,271689.0863,253027.7556,1163165,2649302,3283907,2766157,2577028,2654101,67542.1325,139033.3963,202166.4648,164441.1035,124124.427,127019.9006,1806.8,1776.72,1891.87,1917.86,1864.71,1841.93
2026-07-18T00:00:00,1.103,1.121,1.1302,1.1182,1.0958,1.0984,1.0535,1.061,1.099,1.0853,1.0698,1.0836,7.12418452E7,7.83249116E7,6.54790846E7,6.29477883E7,5.53511432E7,2.19339158E7,493153,439319,413620,362789,372518,148154,3.18670108E7,3.66412606E7,3.07649317E7,3.07500859E7,2.59000316E7,1.10354391E7,1.0675,1.1117,1.1133,1.0871,1.089,1.0929,1846.0,1896.14,1946.52,1929.48,1871.08,1867.58,1750.2,1773.41,1864.38,1857.54,1803.05,1837.58,295031.6198,368913.772,319800.9693,271689.0863,253027.7556,92597.9232,2649302,3283907,2766157,2577028,2654101,898148,139033.3963,202166.4648,164441.1035,124124.427,127019.9006,49679.7706,1776.72,1891.87,1917.86,1864.71,1841.93,1862.61
2026-07-19T00:00:00,1.121,1.1302,1.1182,1.0958,1.0984,1.1018,1.061,1.099,1.0853,1.0698,1.0836,1.0893,7.83249116E7,6.54790846E7,6.29477883E7,5.53511432E7,2.19339158E7,2.68501939E7,439319,413620,362789,372518,148154,197564,3.66412606E7,3.07649317E7,3.07500859E7,2.59000316E7,1.10354391E7,1.14810977E7,1.1117,1.1133,1.0871,1.089,1.0929,1.0978,1896.14,1946.52,1929.48,1871.08,1867.58,1879.38,1773.41,1864.38,1857.54,1803.05,1837.58,1851.71,368913.772,319800.9693,271689.0863,253027.7556,92597.9232,143922.6662,3283907,2766157,2577028,2654101,898148,1375145,202166.4648,164441.1035,124124.427,127019.9006,49679.7706,72477.4109,1891.87,1917.86,1864.71,1841.93,1862.61,1872.23
2026-07-20T00:00:00,1.1302,1.1182,1.0958,1.0984,1.1018,1.1207,1.099,1.0853,1.0698,1.0836,1.0893,1.0831,6.54790846E7,6.29477883E7,5.53511432E7,2.19339158E7,2.68501939E7,6.45488192E7,413620,362789,372518,148154,197564,482024,3.07649317E7,3.07500859E7,2.59000316E7,1.10354391E7,1.14810977E7,2.88722889E7,1.1133,1.0871,1.089,1.0929,1.0978,1.1124,1946.52,1929.48,1871.08,1867.58,1879.38,1918.16,1864.38,1857.54,1803.05,1837.58,1851.71,1843.14,319800.9693,271689.0863,253027.7556,92597.9232,143922.6662,271195.633,2766157,2577028,2654101,898148,1375145,2898762,164441.1035,124124.427,127019.9006,49679.7706,72477.4109,139935.4434,1917.86,1864.71,1841.93,1862.61,1872.23,1904.77
2026-07-21T00:00:00,1.1182,1.0958,1.0984,1.1018,1.1207,1.1646,1.0853,1.0698,1.0836,1.0893,1.0831,1.1111,6.29477883E7,5.53511432E7,2.19339158E7,2.68501939E7,6.45488192E7,8.4431888E7,362789,372518,148154,197564,482024,486316,3.07500859E7,2.59000316E7,1.10354391E7,1.14810977E7,2.88722889E7,4.31971143E7,1.0871,1.089,1.0929,1.0978,1.1124,1.1436,1929.48,1871.08,1867.58,1879.38,1918.16,1953.0,1857.54,1803.05,1837.58,1851.71,1843.14,1900.74,271689.0863,253027.7556,92597.9232,143922.6662,271195.633,326965.6779,2577028,2654101,898148,1375145,2898762,2430342,124124.427,127019.9006,49679.7706,72477.4109,139935.4434,178850.1688,1864.71,1841.93,1862.61,1872.23,1904.77,1930.09
2026-07-22T00:00:00,1.0958,1.0984,1.1018,1.1207,1.1646,1.1574,1.0698,1.0836,1.0893,1.0831,1.1111,1.1288,5.53511432E7,2.19339158E7,2.68501939E7,6.45488192E7,8.4431888E7,5.10814012E7,372518,148154,197564,482024,486316,368828,2.59000316E7,1.10354391E7,1.14810977E7,2.88722889E7,4.31971143E7,2.39326071E7,1.089,1.0929,1.0978,1.1124,1.1436,1.1421,1871.08,1867.58,1879.38,1918.16,1953.0,1956.45,1803.05,1837.58,1851.71,1843.14,1900.74,1910.68,253027.7556,92597.9232,143922.6662,271195.633,326965.6779,251140.8253,2654101,898148,1375145,2898762,2430342,2535468,127019.9006,49679.7706,72477.4109,139935.4434,178850.1688,123958.4642,1841.93,1862.61,1872.23,1904.77,1930.09,1934.25
2026-07-23T00:00:00,1.0984,1.1018,1.1207,1.1646,1.1574,1.1452,1.0836,1.0893,1.0831,1.1111,1.1288,1.1006,2.19339158E7,2.68501939E7,6.45488192E7,8.4431888E7,5.10814012E7,5.2277156E7,148154,197564,482024,486316,368828,316024,1.10354391E7,1.14810977E7,2.88722889E7,4.31971143E7,2.39326071E7,2.43958597E7,1.0929,1.0978,1.1124,1.1436,1.1421,1.1077,1867.58,1879.38,1918.16,1953.0,1956.45,1941.5,1837.58,1851.71,1843.14,1900.74,1910.68,1869.44,92597.9232,143922.6662,271195.633,326965.6779,251140.8253,219789.0733,898148,1375145,2898762,2430342,2535468,2040809,49679.7706,72477.4109,139935.4434,178850.1688,123958.4642,99799.0967,1862.61,1872.23,1904.77,1930.09,1934.25,1878.38
2026-07-24T00:00:00,1.1018,1.1207,1.1646,1.1574,1.1452,1.1215,1.0893,1.0831,1.1111,1.1288,1.1006,1.085,2.68501939E7,6.45488192E7,8.4431888E7,5.10814012E7,5.2277156E7,5.05493585E7,197564,482024,486316,368828,316024,256119,1.14810977E7,2.88722889E7,4.31971143E7,2.39326071E7,2.43958597E7,2.34636094E7,1.0978,1.1124,1.1436,1.1421,1.1077,1.0919,1879.38,1918.16,1953.0,1956.45,1941.5,1909.8,1851.71,1843.14,1900.74,1910.68,1869.44,1848.09,143922.6662,271195.633,326965.6779,251140.8253,219789.0733,200795.4361,1375145,2898762,2430342,2535468,2040809,2134534,72477.4109,139935.4434,178850.1688,123958.4642,99799.0967,102087.8997,1872.23,1904.77,1930.09,1934.25,1878.38,1861.44
2026-07-25T00:00:00,1.1207,1.1646,1.1574,1.1452,1.1215,1.108,1.0831,1.1111,1.1288,1.1006,1.085,1.0855,6.45488192E7,8.4431888E7,5.10814012E7,5.2277156E7,5.05493585E7,2.75775627E7,482024,486316,368828,316024,256119,136884,2.88722889E7,4.31971143E7,2.39326071E7,2.43958597E7,2.34636094E7,1.32318044E7,1.1124,1.1436,1.1421,1.1077,1.0919,1.0977,1918.16,1953.0,1956.45,1941.5,1909.8,1877.07,1843.14,1900.74,1910.68,1869.44,1848.09,1851.22,271195.633,326965.6779,251140.8253,219789.0733,200795.4361,88434.488,2898762,2430342,2535468,2040809,2134534,763113,139935.4434,178850.1688,123958.4642,99799.0967,102087.8997,45312.7075,1904.77,1930.09,1934.25,1878.38,1861.44,1874.89
2026-07-26T00:00:00,1.1646,1.1574,1.1452,1.1215,1.108,1.1167,1.1111,1.1288,1.1006,1.085,1.0855,1.0955,8.4431888E7,5.10814012E7,5.2277156E7,5.05493585E7,2.75775627E7,2.43372495E7,486316,368828,316024,256119,136884,145889,4.31971143E7,2.39326071E7,2.43958597E7,2.34636094E7,1.32318044E7,1.19054115E7,1.1436,1.1421,1.1077,1.0919,1.0977,1.1131,1953.0,1956.45,1941.5,1909.8,1877.07,1967.36,1900.74,1910.68,1869.44,1848.09,1851.22,1873.85,326965.6779,251140.8253,219789.0733,200795.4361,88434.488,153233.6949,2430342,2535468,2040809,2134534,763113,1515963,178850.1688,123958.4642,99799.0967,102087.8997,45312.7075,80698.9915,1930.09,1934.25,1878.38,1861.44,1874.89,1954.72
2026-07-27T00:00:00,1.1574,1.1452,1.1215,1.108,1.1167,1.1153,1.1288,1.1006,1.085,1.0855,1.0955,1.0628,5.10814012E7,5.2277156E7,5.05493585E7,2.75775627E7,2.43372495E7,6.02103834E7,368828,316024,256119,136884,145889,394772,2.39326071E7,2.43958597E7,2.34636094E7,1.32318044E7,1.19054115E7,2.61322353E7,1.1421,1.1077,1.0919,1.0977,1.1131,1.0661,1956.45,1941.5,1909.8,1877.07,1967.36,1981.24,1910.68,1869.44,1848.09,1851.22,1873.85,1882.49,251140.8253,219789.0733,200795.4361,88434.488,153233.6949,342451.48,2535468,2040809,2134534,763113,1515963,3195743,123958.4642,99799.0967,102087.8997,45312.7075,80698.9915,162403.1192,1934.25,1878.38,1861.44,1874.89,1954.72,1892.53
2026-07-28T00:00:00,1.1452,1.1215,1.108,1.1167,1.1153,1.0706,1.1006,1.085,1.0855,1.0955,1.0628,1.045,5.2277156E7,5.05493585E7,2.75775627E7,2.43372495E7,6.02103834E7,5.83635105E7,316024,256119,136884,145889,394772,359668,2.43958597E7,2.34636094E7,1.32318044E7,1.19054115E7,2.61322353E7,2.60307779E7,1.1077,1.0919,1.0977,1.1131,1.0661,1.069,1941.5,1909.8,1877.07,1967.36,1981.24,1929.67,1869.44,1848.09,1851.22,1873.85,1882.49,1856.88,219789.0733,200795.4361,88434.488,153233.6949,342451.48,289225.1629,2040809,2134534,763113,1515963,3195743,2505196,99799.0967,102087.8997,45312.7075,80698.9915,162403.1192,142104.8161,1878.38,1861.44,1874.89,1954.72,1892.53,1922.23
2026-07-29T00:00:00,1.1215,1.108,1.1167,1.1153,1.0706,1.0937,1.085,1.0855,1.0955,1.0628,1.045,1.0622,5.05493585E7,2.75775627E7,2.43372495E7,6.02103834E7,5.83635105E7,8.39205168E7,256119,136884,145889,394772,359668,541642,2.34636094E7,1.32318044E7,1.19054115E7,2.61322353E7,2.60307779E7,3.89339855E7,1.0919,1.0977,1.1131,1.0661,1.069,1.0737,1909.8,1877.07,1967.36,1981.24,1929.67,1935.68,1848.09,1851.22,1873.85,1882.49,1856.88,1872.0,200795.4361,88434.488,153233.6949,342451.48,289225.1629,298562.344,2134534,763113,1515963,3195743,2505196,3050869,102087.8997,45312.7075,80698.9915,162403.1192,142104.8161,146699.4645,1861.44,1874.89,1954.72,1892.53,1922.23,1910.72
2026-07-30T00:00:00,1.108,1.1167,1.1153,1.0706,1.0937,1.095,1.0855,1.0955,1.0628,1.045,1.0622,1.0685,2.75775627E7,2.43372495E7,6.02103834E7,5.83635105E7,8.39205168E7,5.11656353E7,136884,145889,394772,359668,541642,279433,1.32318044E7,1.19054115E7,2.61322353E7,2.60307779E7,3.89339855E7,2.59273163E7,1.0977,1.1131,1.0661,1.069,1.0737,1.0829,1877.07,1967.36,1981.24,1929.67,1935.68,1936.99,1851.22,1873.85,1882.49,1856.88,1872.0,1893.99,88434.488,153233.6949,342451.48,289225.1629,298562.344,176531.6818,763113,1515963,3195743,2505196,3050869,1937149,45312.7075,80698.9915,162403.1192,142104.8161,146699.4645,88629.7538,1874.89,1954.72,1892.53,1922.23,1910.72,1918.31
2026-07-31T00:00:00,1.1167,1.1153,1.0706,1.0937,1.095,1.09,1.0955,1.0628,1.045,1.0622,1.0685,1.0571,2.43372495E7,6.02103834E7,5.83635105E7,8.39205168E7,5.11656353E7,5.41486862E7,145889,394772,359668,541642,279433,277357,1.19054115E7,2.61322353E7,2.60307779E7,3.89339855E7,2.59273163E7,2.47525713E7,1.1131,1.0661,1.069,1.0737,1.0829,1.0619,1967.36,1981.24,1929.67,1935.68,1936.99,1936.15,1873.85,1882.49,1856.88,1872.0,1893.99,1848.7,153233.6949,342451.48,289225.1629,298562.344,176531.6818,242904.7865,1515963,3195743,2505196,3050869,1937149,2209134,80698.9915,162403.1192,142104.8161,146699.4645,88629.7538,105152.1456,1954.72,1892.53,1922.23,1910.72,1918.31,1862.6
2026-08-01T00:00:00,1.1153,1.0706,1.0937,1.095,1.09,1.0674,1.0628,1.045,1.0622,1.0685,1.0571,1.0473,6.02103834E7,5.83635105E7,8.39205168E7,5.11656353E7,5.41486862E7,2.49216152E7,394772,359668,541642,279433,277357,129506,2.61322353E7,2.60307779E7,3.89339855E7,2.59273163E7,2.47525713E7,1.11688808E7,1.0661,1.069,1.0737,1.0829,1.0619,1.0604,1981.24,1929.67,1935.68,1936.99,1936.15,1875.45,1882.49,1856.88,1872.0,1893.99,1848.7,1822.06,342451.48,289225.1629,298562.344,176531.6818,242904.7865,108886.9878,3195743,2505196,3050869,1937149,2209134,880600,162403.1192,142104.8161,146699.4645,88629.7538,105152.1456,48007.9114,1892.53,1922.23,1910.72,1918.31,1862.6,1844.94
2026-08-02T00:00:00,1.0706,1.0937,1.095,1.09,1.0674,1.0933,1.045,1.0622,1.0685,1.0571,1.0473,1.0605,5.83635105E7,8.39205168E7,5.11656353E7,5.41486862E7,2.49216152E7,3.35431558E7,359668,541642,279433,277357,129506,194447,2.60307779E7,3.89339855E7,2.59273163E7,2.47525713E7,1.11688808E7,1.66137597E7,1.069,1.0737,1.0829,1.0619,1.0604,1.0869,1929.67,1935.68,1936.99,1936.15,1875.45,1898.5,1856.88,1872.0,1893.99,1848.7,1822.06,1843.67,289225.1629,298562.344,176531.6818,242904.7865,108886.9878,123655.0632,2505196,3050869,1937149,2209134,880600,1129827,142104.8161,146699.4645,88629.7538,105152.1456,48007.9114,64503.1281,1922.23,1910.72,1918.31,1862.6,1844.94,1885.36
2026-08-03T00:00:00,1.0937,1.095,1.09,1.0674,1.0933,1.0878,1.0622,1.0685,1.0571,1.0473,1.0605,1.0628,8.39205168E7,5.11656353E7,5.41486862E7,2.49216152E7,3.35431558E7,4.68618938E7,541642,279433,277357,129506,194447,241455,3.89339855E7,2.59273163E7,2.47525713E7,1.11688808E7,1.66137597E7,2.13852815E7,1.0737,1.0829,1.0619,1.0604,1.0869,1.0758,1935.68,1936.99,1936.15,1875.45,1898.5,1885.95,1872.0,1893.99,1848.7,1822.06,1843.67,1828.62,298562.344,176531.6818,242904.7865,108886.9878,123655.0632,175607.0099,3050869,1937149,2209134,880600,1129827,1775363,146699.4645,88629.7538,105152.1456,48007.9114,64503.1281,84775.068,1910.72,1918.31,1862.6,1844.94,1885.36,1860.5
2026-08-04T00:00:00,1.095,1.09,1.0674,1.0933,1.0878,1.0828,1.0685,1.0571,1.0473,1.0605,1.0628,1.07,5.11656353E7,5.41486862E7,2.49216152E7,3.35431558E7,4.68618938E7,3.9742782E7,279433,277357,129506,194447,241455,224847,2.59273163E7,2.47525713E7,1.11688808E7,1.66137597E7,2.13852815E7,1.86670357E7,1.0829,1.0619,1.0604,1.0869,1.0758,1.0739,1936.99,1936.15,1875.45,1898.5,1885.95,1882.44,1893.99,1848.7,1822.06,1843.67,1828.62,1848.38,176531.6818,242904.7865,108886.9878,123655.0632,175607.0099,185254.5452,1937149,2209134,880600,1129827,1775363,1809806,88629.7538,105152.1456,48007.9114,64503.1281,84775.068,93966.2161,1918.31,1862.6,1844.94,1885.36,1860.5,1869.75
2026-08-05T00:00:00,1.09,1.0674,1.0933,1.0878,1.0828,1.077,1.0571,1.0473,1.0605,1.0628,1.07,1.055,5.41486862E7,2.49216152E7,3.35431558E7,4.68618938E7,3.9742782E7,5.33199897E7,277357,129506,194447,241455,224847,226775,2.47525713E7,1.11688808E7,1.66137597E7,2.13852815E7,1.86670357E7,2.44941651E7,1.0619,1.0604,1.0869,1.0758,1.0739,1.0623,1936.15,1875.45,1898.5,1885.95,1882.44,1928.0,1848.7,1822.06,1843.67,1828.62,1848.38,1855.5,242904.7865,108886.9878,123655.0632,175607.0099,185254.5452,238330.3269,2209134,880600,1129827,1775363,1809806,2270605,105152.1456,48007.9114,64503.1281,84775.068,93966.2161,124423.2562,1862.6,1844.94,1885.36,1860.5,1869.75,1908.9
2026-08-06T00:00:00,1.0674,1.0933,1.0878,1.0828,1.077,1.0638,1.0473,1.0605,1.0628,1.07,1.055,1.03,2.49216152E7,3.35431558E7,4.68618938E7,3.9742782E7,5.33199897E7,7.85805621E7,129506,194447,241455,224847,226775,345501,1.11688808E7,1.66137597E7,2.13852815E7,1.86670357E7,2.44941651E7,3.6229015E7,1.0604,1.0869,1.0758,1.0739,1.0623,1.0351,1875.45,1898.5,1885.95,1882.44,1928.0,1920.51,1822.06,1843.67,1828.62,1848.38,1855.5,1892.04,108886.9878,123655.0632,175607.0099,185254.5452,238330.3269,177529.7135,880600,1129827,1775363,1809806,2270605,1782371,48007.9114,64503.1281,84775.068,93966.2161,124423.2562,81160.1351,1844.94,1885.36,1860.5,1869.75,1908.9,1904.1
2026-08-07T00:00:00,1.0933,1.0878,1.0828,1.077,1.0638,1.0432,1.0605,1.0628,1.07,1.055,1.03,1.0128,3.35431558E7,4.68618938E7,3.9742782E7,5.33199897E7,7.85805621E7,8.20019865E7,194447,241455,224847,226775,345501,336082,1.66137597E7,2.13852815E7,1.86670357E7,2.44941651E7,3.6229015E7,3.9110279E7,1.0869,1.0758,1.0739,1.0623,1.0351,1.021,1898.5,1885.95,1882.44,1928.0,1920.51,1943.02,1843.67,1828.62,1848.38,1855.5,1892.04,1894.35,123655.0632,175607.0099,185254.5452,238330.3269,177529.7135,210276.529,1129827,1775363,1809806,2270605,1782371,1579936,64503.1281,84775.068,93966.2161,124423.2562,81160.1351,95029.1101,1885.36,1860.5,1869.75,1908.9,1904.1,1914.18
2026-08-08T00:00:00,1.0878,1.0828,1.077,1.0638,1.0432,1.0488,1.0628,1.07,1.055,1.03,1.0128,1.0202,4.68618938E7,3.9742782E7,5.33199897E7,7.85805621E7,8.20019865E7,3.42527136E7,241455,224847,226775,345501,336082,145683,2.13852815E7,1.86670357E7,2.44941651E7,3.6229015E7,3.9110279E7,1.52052165E7,1.0758,1.0739,1.0623,1.0351,1.021,1.0397,1885.95,1882.44,1928.0,1920.51,1943.02,1926.72,1828.62,1848.38,1855.5,1892.04,1894.35,1912.27,175607.0099,185254.5452,238330.3269,177529.7135,210276.529,56872.3931,1775363,1809806,2270605,1782371,1579936,433955,84775.068,93966.2161,124423.2562,81160.1351,95029.1101,27552.6004,1860.5,1869.75,1908.9,1904.1,1914.18,1916.74
2026-08-09T00:00:00,1.0828,1.077,1.0638,1.0432,1.0488,1.0478,1.07,1.055,1.03,1.0128,1.0202,1.0279,3.9742782E7,5.33199897E7,7.85805621E7,8.20019865E7,3.42527136E7,2.97844825E7,224847,226775,345501,336082,145683,143416,1.86670357E7,2.44941651E7,3.6229015E7,3.9110279E7,1.52052165E7,1.25402571E7,1.0739,1.0623,1.0351,1.021,1.0397,1.0299,1882.44,1928.0,1920.51,1943.02,1926.72,1938.22,1848.38,1855.5,1892.04,1894.35,1912.27,1907.56,185254.5452,238330.3269,177529.7135,210276.529,56872.3931,87855.3253,1809806,2270605,1782371,1579936,433955,681191,93966.2161,124423.2562,81160.1351,95029.1101,27552.6004,42718.9753,1869.75,1908.9,1904.1,1914.18,1916.74,1910.65
2026-08-10T00:00:00,1.077,1.0638,1.0432,1.0488,1.0478,1.041,1.055,1.03,1.0128,1.0202,1.0279,1.0051,5.33199897E7,7.85805621E7,8.20019865E7,3.42527136E7,2.97844825E7,6.20371495E7,226775,345501,336082,145683,143416,311940,2.44941651E7,3.6229015E7,3.9110279E7,1.52052165E7,1.25402571E7,2.80329921E7,1.0623,1.0351,1.021,1.0397,1.0299,1.0123,1928.0,1920.51,1943.02,1926.72,1938.22,1931.57,1855.5,1892.04,1894.35,1912.27,1907.56,1867.96,238330.3269,177529.7135,210276.529,56872.3931,87855.3253,209809.0221,2270605,1782371,1579936,433955,681191,1866587,124423.2562,81160.1351,95029.1101,27552.6004,42718.9753,92868.0329,1908.9,1904.1,1914.18,1916.74,1910.65,1873.16
2026-08-11T00:00:00,1.0638,1.0432,1.0488,1.0478,1.041,1.0267,1.03,1.0128,1.0202,1.0279,1.0051,0.9915,7.85805621E7,8.20019865E7,3.42527136E7,2.97844825E7,6.20371495E7,7.98855141E7,345501,336082,145683,143416,311940,346626,3.6229015E7,3.9110279E7,1.52052165E7,1.25402571E7,2.80329921E7,3.72913805E7,1.0351,1.021,1.0397,1.0299,1.0123,1.0229,1920.51,1943.02,1926.72,1938.22,1931.57,1897.8,1892.04,1894.35,1912.27,1907.56,1867.96,1853.62,177529.7135,210276.529,56872.3931,87855.3253,209809.0221,193300.5166,1782371,1579936,433955,681191,1866587,1441139,81160.1351,95029.1101,27552.6004,42718.9753,92868.0329,89434.2115,1904.1,1914.18,1916.74,1910.65,1873.16,1882.59
2026-08-12T00:00:00,1.0432,1.0488,1.0478,1.041,1.0267,1.0262,1.0128,1.0202,1.0279,1.0051,0.9915,1.0009,8.20019865E7,3.42527136E7,2.97844825E7,6.20371495E7,7.98855141E7,5.61237192E7,336082,145683,143416,311940,346626,232550,3.9110279E7,1.52052165E7,1.25402571E7,2.80329921E7,3.72913805E7,2.63928157E7,1.021,1.0397,1.0299,1.0123,1.0229,1.0055,1943.02,1926.72,1938.22,1931.57,1897.8,1925.0,1894.35,1912.27,1907.56,1867.96,1853.62,1873.29,210276.529,56872.3931,87855.3253,209809.0221,193300.5166,171255.9975,1579936,433955,681191,1866587,1441139,1564544,95029.1101,27552.6004,42718.9753,92868.0329,89434.2115,84089.6358,1914.18,1916.74,1910.65,1873.16,1882.59,1879.81
2026-08-13T00:00:00,1.0488,1.0478,1.041,1.0267,1.0262,1.0154,1.0202,1.0279,1.0051,0.9915,1.0009,0.9982,3.42527136E7,2.97844825E7,6.20371495E7,7.98855141E7,5.61237192E7,4.39412478E7,145683,143416,311940,346626,232550,202868,1.52052165E7,1.25402571E7,2.80329921E7,3.72913805E7,2.63928157E7,1.87284428E7,1.0397,1.0299,1.0123,1.0229,1.0055,1.0094,1926.72,1938.22,1931.57,1897.8,1925.0,1900.0,1912.27,1907.56,1867.96,1853.62,1873.29,1863.67,56872.3931,87855.3253,209809.0221,193300.5166,171255.9975,154140.6308,433955,681191,1866587,1441139,1564544,1514857,27552.6004,42718.9753,92868.0329,89434.2115,84089.6358,79343.6238,1916.74,1910.65,1873.16,1882.59,1879.81,1886.15
2026-08-14T00:00:00,1.0478,1.041,1.0267,1.0262,1.0154,1.0142,1.0279,1.0051,0.9915,1.0009,0.9982,0.9862,2.97844825E7,6.20371495E7,7.98855141E7,5.61237192E7,4.39412478E7,6.59267556E7,143416,311940,346626,232550,202868,226183,1.25402571E7,2.80329921E7,3.72913805E7,2.63928157E7,1.87284428E7,2.78882572E7,1.0299,1.0123,1.0229,1.0055,1.0094,0.9996,1938.22,1931.57,1897.8,1925.0,1900.0,1891.3,1907.56,1867.96,1853.62,1873.29,1863.67,1864.28,87855.3253,209809.0221,193300.5166,171255.9975,154140.6308,108123.7734,681191,1866587,1441139,1564544,1514857,1319228,42718.9753,92868.0329,89434.2115,84089.6358,79343.6238,53799.6172,1910.65,1873.16,1882.59,1879.81,1886.15,1882.2
2026-08-15T00:00:00,1.041,1.0267,1.0262,1.0154,1.0142,1.0079,1.0051,0.9915,1.0009,0.9982,0.9862,0.9982,6.20371495E7,7.98855141E7,5.61237192E7,4.39412478E7,6.59267556E7,2.0869812E7,311940,346626,232550,202868,226183,90922,2.80329921E7,3.72913805E7,2.63928157E7,1.87284428E7,2.78882572E7,8981523.9,1.0123,1.0229,1.0055,1.0094,0.9996,1.0028,1931.57,1897.8,1925.0,1900.0,1891.3,1886.59,1867.96,1853.62,1873.29,1863.67,1864.28,1876.01,209809.0221,193300.5166,171255.9975,154140.6308,108123.7734,48197.0909,1866587,1441139,1564544,1514857,1319228,409630,92868.0329,89434.2115,84089.6358,79343.6238,53799.6172,23013.4799,1873.16,1882.59,1879.81,1886.15,1882.2,1882.64
2026-08-16T00:00:00,1.0267,1.0262,1.0154,1.0142,1.0079,1.0037,0.9915,1.0009,0.9982,0.9862,0.9982,0.9902,7.98855141E7,5.61237192E7,4.39412478E7,6.59267556E7,2.0869812E7,2.52513704E7,346626,232550,202868,226183,90922,103774,3.72913805E7,2.63928157E7,1.87284428E7,2.78882572E7,8981523.9,1.05531789E7,1.0229,1.0055,1.0094,0.9996,1.0028,0.9936,1897.8,1925.0,1900.0,1891.3,1886.59,1892.31,1853.62,1873.29,1863.67,1864.28,1876.01,1869.17,193300.5166,171255.9975,154140.6308,108123.7734,48197.0909,68574.4231,1441139,1564544,1514857,1319228,409630,573492,89434.2115,84089.6358,79343.6238,53799.6172,23013.4799,34107.2041,1882.59,1879.81,1886.15,1882.2,1882.64,1876.0
2026-08-17T00:00:00,1.0262,1.0154,1.0142,1.0079,1.0037,1.0086,1.0009,0.9982,0.9862,0.9982,0.9902,0.9882,5.61237192E7,4.39412478E7,6.59267556E7,2.0869812E7,2.52513704E7,4.82374684E7,232550,202868,226183,90922,103774,188848,2.63928157E7,1.87284428E7,2.78882572E7,8981523.9,1.05531789E7,2.20350455E7,1.0055,1.0094,0.9996,1.0028,0.9936,1.003,1925.0,1900.0,1891.3,1886.59,1892.31,1918.71,1873.29,1863.67,1864.28,1876.01,1869.17,1872.46,171255.9975,154140.6308,108123.7734,48197.0909,68574.4231,175727.2871,1564544,1514857,1319228,409630,573492,1441485,84089.6358,79343.6238,53799.6172,23013.4799,34107.2041,88860.7417,1879.81,1886.15,1882.2,1882.64,1876.0,1913.6
2026-08-18T00:00:00,1.0154,1.0142,1.0079,1.0037,1.0086,1.0067,0.9982,0.9862,0.9982,0.9902,0.9882,0.9888,4.39412478E7,6.59267556E7,2.0869812E7,2.52513704E7,4.82374684E7,4.5240986E7,202868,226183,90922,103774,188848,175243,1.87284428E7,2.78882572E7,8981523.9,1.05531789E7,2.20350455E7,2.10574633E7,1.0094,0.9996,1.0028,0.9936,1.003,1.0019,1900.0,1891.3,1886.59,1892.31,1918.71,1923.27,1863.67,1864.28,1876.01,1869.17,1872.46,1885.78,154140.6308,108123.7734,48197.0909,68574.4231,175727.2871,144436.9084,1514857,1319228,409630,573492,1441485,1229278,79343.6238,53799.6172,23013.4799,34107.2041,88860.7417,67921.8767,1886.15,1882.2,1882.64,1876.0,1913.6,1917.85
2026-08-19T00:00:00,1.0142,1.0079,1.0037,1.0086,1.0067,1.1363,0.9862,0.9982,0.9902,0.9882,0.9888,0.9959,6.59267556E7,2.0869812E7,2.52513704E7,4.82374684E7,4.5240986E7,1.850168408E8,226183,90922,103774,188848,175243,827861,2.78882572E7,8981523.9,1.05531789E7,2.20350455E7,2.10574633E7,9.12721282E7,0.9996,1.0028,0.9936,1.003,1.0019,1.106,1891.3,1886.59,1892.31,1918.71,1923.27,2333.65,1864.28,1876.01,1869.17,1872.46,1885.78,1906.0,108123.7734,48197.0909,68574.4231,175727.2871,144436.9084,799553.3447,1319228,409630,573492,1441485,1229278,5279678,53799.6172,23013.4799,34107.2041,88860.7417,67921.8767,417055.9435,1882.2,1882.64,1876.0,1913.6,1917.85,2252.8
2026-08-20T00:00:00,1.0079,1.0037,1.0086,1.0067,1.1363,1.3441,0.9982,0.9902,0.9882,0.9888,0.9959,1.0879,2.0869812E7,2.52513704E7,4.82374684E7,4.5240986E7,1.850168408E8,3.805517165E8,90922,103774,188848,175243,827861,2757182,8981523.9,1.05531789E7,2.20350455E7,2.10574633E7,9.12721282E7,1.893436211E8,1.0028,0.9936,1.003,1.0019,1.106,1.2681,1886.59,1892.31,1918.71,1923.27,2333.65,2360.0,1876.01,1869.17,1872.46,1885.78,1906.0,2221.54,48197.0909,68574.4231,175727.2871,144436.9084,799553.3447,648620.7228,409630,573492,1441485,1229278,5279678,5641127,23013.4799,34107.2041,88860.7417,67921.8767,417055.9435,338052.5415,1882.64,1876.0,1913.6,1917.85,2252.8,2326.82
2026-08-21T00:00:00,1.0037,1.0086,1.0067,1.1363,1.3441,1.4756,0.9902,0.9882,0.9888,0.9959,1.0879,1.2588,2.52513704E7,4.82374684E7,4.5240986E7,1.850168408E8,3.805517165E8,4.422135982E8,103774,188848,175243,827861,2757182,3808927,1.05531789E7,2.20350455E7,2.10574633E7,9.12721282E7,1.893436211E8,2.16264082E8,0.9936,1.003,1.0019,1.106,1.2681,1.4544,1892.31,1918.71,1923.27,2333.65,2360.0,2546.78,1869.17,1872.46,1885.78,1906.0,2221.54,2324.99,68574.4231,175727.2871,144436.9084,799553.3447,648620.7228,740662.9146,573492,1441485,1229278,5279678,5641127,7242698,34107.2041,88860.7417,67921.8767,417055.9435,338052.5415,402068.9383,1876.0,1913.6,1917.85,2252.8,2326.82,2516.3
2026-08-22T00:00:00,1.0086,1.0067,1.1363,1.3441,1.4756,1.6999,0.9882,0.9888,0.9959,1.0879,1.2588,1.378,4.82374684E7,4.5240986E7,1.850168408E8,3.805517165E8,4.422135982E8,5.883035065E8,188848,175243,827861,2757182,3808927,5072730,2.20350455E7,2.10574633E7,9.12721282E7,1.893436211E8,2.16264082E8,2.903660968E8,1.003,1.0019,1.106,1.2681,1.4544,1.4619,1918.71,1923.27,2333.65,2360.0,2546.78,2529.99,1872.46,1885.78,1906.0,2221.54,2324.99,2385.0,175727.2871,144436.9084,799553.3447,648620.7228,740662.9146,485164.8901,1441485,1229278,5279678,5641127,7242698,4481778,88860.7417,67921.8767,417055.9435,338052.5415,402068.9383,244219.4254,1913.6,1917.85,2252.8,2326.82,2516.3,2422.6
2026-08-23T00:00:00,1.0067,1.1363,1.3441,1.4756,1.6999,1.5507,0.9888,0.9959,1.0879,1.2588,1.378,1.4342,4.5240986E7,1.850168408E8,3.805517165E8,4.422135982E8,5.883035065E8,2.545528679E8,175243,827861,2757182,3808927,5072730,2020319,2.10574633E7,9.12721282E7,1.893436211E8,2.16264082E8,2.903660968E8,1.207696451E8,1.0019,1.106,1.2681,1.4544,1.4619,1.5204,1923.27,2333.65,2360.0,2546.78,2529.99,2484.62,1885.78,1906.0,2221.54,2324.99,2385.0,2355.71,144436.9084,799553.3447,648620.7228,740662.9146,485164.8901,378847.2022,1229278,5279678,5641127,7242698,4481778,3810702,67921.8767,417055.9435,338052.5415,402068.9383,244219.4254,204739.2032,1917.85,2252.8,2326.82,2516.3,2422.6,2463.41
2026-08-24T00:00:00,1.1363,1.3441,1.4756,1.6999,1.5507,1.5304,0.9959,1.0879,1.2588,1.378,1.4342,1.4532,1.850168408E8,3.805517165E8,4.422135982E8,5.883035065E8,2.545528679E8,2.640488318E8,827861,2757182,3808927,5072730,2020319,1982442,9.12721282E7,1.893436211E8,2.16264082E8,2.903660968E8,1.207696451E8,1.262441129E8,1.106,1.2681,1.4544,1.4619,1.5204,1.4817,2333.65,2360.0,2546.78,2529.99,2484.62,2532.95,1906.0,2221.54,2324.99,2385.0,2355.71,2424.73,799553.3447,648620.7228,740662.9146,485164.8901,378847.2022,467435.1868,5279678,5641127,7242698,4481778,3810702,4314361,417055.9435,338052.5415,402068.9383,244219.4254,204739.2032,239011.3165,2252.8,2326.82,2516.3,2422.6,2463.41,2482.31
2026-08-25T00:00:00,1.3441,1.4756,1.6999,1.5507,1.5304,1.5505,1.0879,1.2588,1.378,1.4342,1.4532,1.4043,3.805517165E8,4.422135982E8,5.883035065E8,2.545528679E8,2.640488318E8,2.264777931E8,2757182,3808927,5072730,2020319,1982442,1784974,1.893436211E8,2.16264082E8,2.903660968E8,1.207696451E8,1.262441129E8,1.124466728E8,1.2681,1.4544,1.4619,1.5204,1.4817,1.4343,2360.0,2546.78,2529.99,2484.62,2532.95,2532.5,2221.54,2324.99,2385.0,2355.71,2424.73,2414.64,648620.7228,740662.9146,485164.8901,378847.2022,467435.1868,341388.961,5641127,7242698,4481778,3810702,4314361,3492228,338052.5415,402068.9383,244219.4254,204739.2032,239011.3165,156179.9493,2326.82,2516.3,2422.6,2463.41,2482.31,2442.64
2026-08-26T00:00:00,1.4756,1.6999,1.5507,1.5304,1.5505,1.4513,1.2588,1.378,1.4342,1.4532,1.4043,1.3574,4.422135982E8,5.883035065E8,2.545528679E8,2.640488318E8,2.264777931E8,1.697956109E8,3808927,5072730,2020319,1982442,1784974,1648472,2.16264082E8,2.903660968E8,1.207696451E8,1.262441129E8,1.124466728E8,8.81047559E7,1.4544,1.4619,1.5204,1.4817,1.4343,1.4229,2546.78,2529.99,2484.62,2532.95,2532.5,2515.38,2324.99,2385.0,2355.71,2424.73,2414.64,2432.32,740662.9146,485164.8901,378847.2022,467435.1868,341388.961,250583.2707,7242698,4481778,3810702,4314361,3492228,2687659,402068.9383,244219.4254,204739.2032,239011.3165,156179.9493,128221.3698,2516.3,2422.6,2463.41,2482.31,2442.64,2506.78
2026-08-27T00:00:00,1.6999,1.5507,1.5304,1.5505,1.4513,1.474,1.378,1.4342,1.4532,1.4043,1.3574,1.3926,5.883035065E8,2.545528679E8,2.640488318E8,2.264777931E8,1.697956109E8,1.569928109E8,5072730,2020319,1982442,1784974,1648472,1358571,2.903660968E8,1.207696451E8,1.262441129E8,1.124466728E8,8.81047559E7,7.50834329E7,1.4619,1.5204,1.4817,1.4343,1.4229,1.4534,2529.99,2484.62,2532.95,2532.5,2515.38,2566.53,2385.0,2355.71,2424.73,2414.64,2432.32,2481.74,485164.8901,378847.2022,467435.1868,341388.961,250583.2707,336914.06,4481778,3810702,4314361,3492228,2687659,3426529,244219.4254,204739.2032,239011.3165,156179.9493,128221.3698,163836.3225,2422.6,2463.41,2482.31,2442.64,2506.78,2510.94
2026-08-28T00:00:00,1.5507,1.5304,1.5505,1.4513,1.474,1.4726,1.4342,1.4532,1.4043,1.3574,1.3926,1.3633,2.545528679E8,2.640488318E8,2.264777931E8,1.697956109E8,1.569928109E8,1.559166551E8,2020319,1982442,1784974,1648472,1358571,1354988,1.207696451E8,1.262441129E8,1.124466728E8,8.81047559E7,7.50834329E7,7.86132375E7,1.5204,1.4817,1.4343,1.4229,1.4534,1.3838,2484.62,2532.95,2532.5,2515.38,2566.53,2535.05,2355.71,2424.73,2414.64,2432.32,2481.74,2405.97,378847.2022,467435.1868,341388.961,250583.2707,336914.06,361082.4672,3810702,4314361,3492228,2687659,3426529,3449843,204739.2032,239011.3165,156179.9493,128221.3698,163836.3225,167131.5356,2463.41,2482.31,2442.64,2506.78,2510.94,2442.8
2026-08-29T00:00:00,1.5304,1.5505,1.4513,1.474,1.4726,1.4032,1.4532,1.4043,1.3574,1.3926,1.3633,1.3768,2.640488318E8,2.264777931E8,1.697956109E8,1.569928109E8,1.559166551E8,5.03791831E7,1982442,1784974,1648472,1358571,1354988,378897,1.262441129E8,1.124466728E8,8.81047559E7,7.50834329E7,7.86132375E7,2.61589493E7,1.4817,1.4343,1.4229,1.4534,1.3838,1.3964,2532.95,2532.5,2515.38,2566.53,2535.05,2459.76,2424.73,2414.64,2432.32,2481.74,2405.97,2430.45,467435.1868,341388.961,250583.2707,336914.06,361082.4672,103523.9255,4314361,3492228,2687659,3426529,3449843,828389,239011.3165,156179.9493,128221.3698,163836.3225,167131.5356,54147.5103,2482.31,2442.64,2506.78,2510.94,2442.8,2457.67
2026-08-30T00:00:00,1.5505,1.4513,1.474,1.4726,1.4032,1.4335,1.4043,1.3574,1.3926,1.3633,1.3768,1.3352,2.264777931E8,1.697956109E8,1.569928109E8,1.559166551E8,5.03791831E7,9.49980186E7,1784974,1648472,1358571,1354988,378897,723654,1.124466728E8,8.81047559E7,7.50834329E7,7.86132375E7,2.61589493E7,4.47896483E7,1.4343,1.4229,1.4534,1.3838,1.3964,1.3575,2532.5,2515.38,2566.53,2535.05,2459.76,2534.98,2414.64,2432.32,2481.74,2405.97,2430.45,2387.28,341388.961,250583.2707,336914.06,361082.4672,103523.9255,268297.9503,3492228,2687659,3426529,3449843,828389,2396145,156179.9493,128221.3698,163836.3225,167131.5356,54147.5103,126372.702,2442.64,2506.78,2510.94,2442.8,2457.67,2416.88
2026-08-31T00:00:00,1.4513,1.474,1.4726,1.4032,1.4335,1.3963,1.3574,1.3926,1.3633,1.3768,1.3352,1.3394,1.697956109E8,1.569928109E8,1.559166551E8,5.03791831E7,9.49980186E7,9.57521948E7,1648472,1358571,1354988,378897,723654,844493,8.81047559E7,7.50834329E7,7.86132375E7,2.61589493E7,4.47896483E7,4.65289784E7,1.4229,1.4534,1.3838,1.3964,1.3575,1.3798,2515.38,2566.53,2535.05,2459.76,2534.98,2489.95,2432.32,2481.74,2405.97,2430.45,2387.28,2401.35,250583.2707,336914.06,361082.4672,103523.9255,268297.9503,265221.8545,2687659,3426529,3449843,828389,2396145,2904113,128221.3698,163836.3225,167131.5356,54147.5103,126372.702,132003.0417,2506.78,2510.94,2442.8,2457.67,2416.88,2467.65
2026-09-01T00:00:00,1.474,1.4726,1.4032,1.4335,1.3963,1.3967,1.3926,1.3633,1.3768,1.3352,1.3394,1.3382,1.569928109E8,1.559166551E8,5.03791831E7,9.49980186E7,9.57521948E7,1.097638821E8,1358571,1354988,378897,723654,844493,805433,7.50834329E7,7.86132375E7,2.61589493E7,4.47896483E7,4.65289784E7,5.73323076E7,1.4534,1.3838,1.3964,1.3575,1.3798,1.3518,2566.53,2535.05,2459.76,2534.98,2489.95,2485.5,2481.74,2405.97,2430.45,2387.28,2401.35,2383.34,336914.06,361082.4672,103523.9255,268297.9503,265221.8545,276587.6824,3426529,3449843,828389,2396145,2904113,2474291,163836.3225,167131.5356,54147.5103,126372.702,132003.0417,134387.9163,2510.94,2442.8,2457.67,2416.88,2467.65,2418.57
