date,ETH.open_5,ETH.open_4,ETH.open_3,ETH.open_2,ETH.open_1,ETH.open,ETH.high_5,ETH.high_4,ETH.high_3,ETH.high_2,ETH.high_1,ETH.high,ETH.low_5,ETH.low_4,ETH.low_3,ETH.low_2,ETH.low_1,ETH.low,ETH.volume_5,ETH.volume_4,ETH.volume_3,ETH.volume_2,ETH.volume_1,ETH.volume,ETH.quoteAssetVolume_5,ETH.quoteAssetVolume_4,ETH.quoteAssetVolume_3,ETH.quoteAssetVolume_2,ETH.quoteAssetVolume_1,ETH.quoteAssetVolume,ETH.numberOfTrades_5,ETH.numberOfTrades_4,ETH.numberOfTrades_3,ETH.numberOfTrades_2,ETH.numberOfTrades_1,ETH.numberOfTrades,ETH.takerBuyBaseAssetVolume_5,ETH.takerBuyBaseAssetVolume_4,ETH.takerBuyBaseAssetVolume_3,ETH.takerBuyBaseAssetVolume_2,ETH.takerBuyBaseAssetVolume_1,ETH.takerBuyBaseAssetVolume,ETH.takerBuyQuoteAssetVolume_5,ETH.takerBuyQuoteAssetVolume_4,ETH.takerBuyQuoteAssetVolume_3,ETH.takerBuyQuoteAssetVolume_2,ETH.takerBuyQuoteAssetVolume_1,ETH.takerBuyQuoteAssetVolume,ETH.return_5,ETH.return_4,ETH.return_3,ETH.return_2,ETH.return_1,ETH.return,ETH.close_5,ETH.close_4,ETH.close_3,ETH.close_2,ETH.close_1,ETH.close,ETH.open_5,ETH.open_4,ETH.open_3,ETH.open_2,ETH.open_1,ETH.open,ETH.high_5,ETH.high_4,ETH.high_3,ETH.high_2,ETH.high_1,ETH.high,ETH.low_5,ETH.low_4,ETH.low_3,ETH.low_2,ETH.low_1,ETH.low,ETH.volume_5,ETH.volume_4,ETH.volume_3,ETH.volume_2,ETH.volume_1,ETH.volume,ETH.quoteAssetVolume_5,ETH.quoteAssetVolume_4,ETH.quoteAssetVolume_3,ETH.quoteAssetVolume_2,ETH.quoteAssetVolume_1,ETH.quoteAssetVolume,ETH.numberOfTrades_5,ETH.numberOfTrades_4,ETH.numberOfTrades_3,ETH.numberOfTrades_2,ETH.numberOfTrades_1,ETH.numberOfTrades,ETH.takerBuyBaseAssetVolume_5,ETH.takerBuyBaseAssetVolume_4,ETH.takerBuyBaseAssetVolume_3,ETH.takerBuyBaseAssetVolume_2,ETH.takerBuyBaseAssetVolume_1,ETH.takerBuyBaseAssetVolume,ETH.takerBuyQuoteAssetVolume_5,ETH.takerBuyQuoteAssetVolume_4,ETH.takerBuyQuoteAssetVolume_3,ETH.takerBuyQuoteAssetVolume_2,ETH.takerBuyQuoteAssetVolume_1,ETH.takerBuyQuoteAssetVolume,ETH.return_5,ETH.return_4,ETH.return_3,ETH.return_2,ETH.return_1,ETH.return,ETH.close_5,ETH.close_4,ETH.close_3,ETH.close_2,ETH.close_1,ETH.close,ETH.close
2025-01-01T00:00:00,3335.04,3333.51,3404.01,3356.48,3361.83,3337.78,3444.16,3428.68,3413.78,3437.59,3451,3374.85,3306.6,3322.23,3326.17,3305,3315.59,3313.88,342529.6038,175963.613,156256.8819,420794.6476,303053.1685,190238.5861,1.152635224265439E9,5.92591876178986E8,5.27250656145704E8,1.420731724372564E9,1.024862944046191E9,6.36613395695965E8,3133395,1445334,1170497,2700666,2021786,1182219,171567.6704,88404.9578,74717.2883,215138.5269,146510.7501,99518.0217,5.77327628470155E8,2.97871890109462E8,2.52109610012067E8,7.26878029720071E8,4.95460792490612E8,3.33085258287462E8,-4.62E-04,0.021145879,-0.013960047,0.001596911,-0.007156795,0.006770968,3333.51,3404,3356.48,3361.84,3337.78,3360.38,3335.04,3333.51,3404.01,3356.48,3361.83,3337.78,3444.16,3428.68,3413.78,3437.59,3451,3374.85,3306.6,3322.23,3326.17,3305,3315.59,3313.88,342529.6038,175963.613,156256.8819,420794.6476,303053.1685,190238.5861,1.152635224265439E9,5.92591876178986E8,5.27250656145704E8,1.420731724372564E9,1.024862944046191E9,6.36613395695965E8,3133395,1445334,1170497,2700666,2021786,1182219,171567.6704,88404.9578,74717.2883,215138.5269,146510.7501,99518.0217,5.77327628470155E8,2.97871890109462E8,2.52109610012067E8,7.26878029720071E8,4.95460792490612E8,3.33085258287462E8,-4.62E-04,0.021145879,-0.013960047,0.001596911,-0.007156795,0.006770968,3333.51,3404,3356.48,3361.84,3337.78,3360.38,3455.67
2025-01-02T00:00:00,3333.51,3404.01,3356.48,3361.83,3337.78,3360.39,3428.68,3413.78,3437.59,3451,3374.85,3509.99,3322.23,3326.17,3305,3315.59,3313.88,3354.5,175963.613,156256.8819,420794.6476,303053.1685,190238.5861,338632.8874,5.92591876178986E8,5.27250656145704E8,1.420731724372564E9,1.024862944046191E9,6.36613395695965E8,1.166286232162882E9,1445334,1170497,2700666,2021786,1182219,2373075,88404.9578,74717.2883,215138.5269,146510.7501,99518.0217,169044.3627,2.97871890109462E8,2.52109610012067E8,7.26878029720071E8,4.95460792490612E8,3.33085258287462E8,5.82161055521965E8,0.021145879,-0.013960047,0.001596911,-0.007156795,0.006770968,0.028356912,3404,3356.48,3361.84,3337.78,3360.38,3455.67,3333.51,3404.01,3356.48,3361.83,3337.78,3360.39,3428.68,3413.78,3437.59,3451,3374.85,3509.99,3322.23,3326.17,3305,3315.59,3313.88,3354.5,175963.613,156256.8819,420794.6476,303053.1685,190238.5861,338632.8874,5.92591876178986E8,5.27250656145704E8,1.420731724372564E9,1.024862944046191E9,6.36613395695965E8,1.166286232162882E9,1445334,1170497,2700666,2021786,1182219,2373075,88404.9578,74717.2883,215138.5269,146510.7501,99518.0217,169044.3627,2.97871890109462E8,2.52109610012067E8,7.26878029720071E8,4.95460792490612E8,3.33085258287462E8,5.82161055521965E8,0.021145879,-0.013960047,0.001596911,-0.007156795,0.006770968,0.028356912,3404,3356.48,3361.84,3337.78,3360.38,3455.67,3609.01
2025-01-03T00:00:00,3404.01,3356.48,3361.83,3337.78,3360.39,3455.68,3413.78,3437.59,3451,3374.85,3509.99,3630,3326.17,3305,3315.59,3313.88,3354.5,3423.44,156256.8819,420794.6476,303053.1685,190238.5861,338632.8874,334041.0604,5.27250656145704E8,1.420731724372564E9,1.024862944046191E9,6.36613395695965E8,1.166286232162882E9,1.179953901101814E9,1170497,2700666,2021786,1182219,2373075,2293811,74717.2883,215138.5269,146510.7501,99518.0217,169044.3627,169194.075,2.52109610012067E8,7.26878029720071E8,4.95460792490612E8,3.33085258287462E8,5.82161055521965E8,5.97682226030962E8,-0.013960047,0.001596911,-0.007156795,0.006770968,0.028356912,0.04437345,3356.48,3361.84,3337.78,3360.38,3455.67,3609.01,3404.01,3356.48,3361.83,3337.78,3360.39,3455.68,3413.78,3437.59,3451,3374.85,3509.99,3630,3326.17,3305,3315.59,3313.88,3354.5,3423.44,156256.8819,420794.6476,303053.1685,190238.5861,338632.8874,334041.0604,5.27250656145704E8,1.420731724372564E9,1.024862944046191E9,6.36613395695965E8,1.166286232162882E9,1.179953901101814E9,1170497,2700666,2021786,1182219,2373075,2293811,74717.2883,215138.5269,146510.7501,99518.0217,169044.3627,169194.075,2.52109610012067E8,7.26878029720071E8,4.95460792490612E8,3.33085258287462E8,5.82161055521965E8,5.97682226030962E8,-0.013960047,0.001596911,-0.007156795,0.006770968,0.028356912,0.04437345,3356.48,3361.84,3337.78,3360.38,3455.67,3609.01,3656.88
2025-01-04T00:00:00,3356.48,3361.83,3337.78,3360.39,3455.68,3609,3437.59,3451,3374.85,3509.99,3630,3671.6,3305,3315.59,3313.88,3354.5,3423.44,3572.42,420794.6476,303053.1685,190238.5861,338632.8874,334041.0604,229266.3133,1.420731724372564E9,1.024862944046191E9,6.36613395695965E8,1.166286232162882E9,1.179953901101814E9,8.29864804859837E8,2700666,2021786,1182219,2373075,2293811,1567855,215138.5269,146510.7501,99518.0217,169044.3627,169194.075,116823.1483,7.26878029720071E8,4.95460792490612E8,3.33085258287462E8,5.82161055521965E8,5.97682226030962E8,4.22850861086886E8,0.001596911,-0.007156795,0.006770968,0.028356912,0.04437345,0.013264025314421375,3361.84,3337.78,3360.38,3455.67,3609.01,3656.88,3356.48,3361.83,3337.78,3360.39,3455.68,3609,3437.59,3451,3374.85,3509.99,3630,3671.6,3305,3315.59,3313.88,3354.5,3423.44,3572.42,420794.6476,303053.1685,190238.5861,338632.8874,334041.0604,229266.3133,1.420731724372564E9,1.024862944046191E9,6.36613395695965E8,1.166286232162882E9,1.179953901101814E9,8.29864804859837E8,2700666,2021786,1182219,2373075,2293811,1567855,215138.5269,146510.7501,99518.0217,169044.3627,169194.075,116823.1483,7.26878029720071E8,4.95460792490612E8,3.33085258287462E8,5.82161055521965E8,5.97682226030962E8,4.22850861086886E8,0.001596911,-0.007156795,0.006770968,0.028356912,0.04437345,0.013264025314421375,3361.84,3337.78,3360.38,3455.67,3609.01,3656.88,3635.99
2025-01-05T00:00:00,3361.83,3337.78,3360.39,3455.68,3609,3656.88,3451,3374.85,3509.99,3630,3671.6,3675.25,3315.59,3313.88,3354.5,3423.44,3572.42,3593.7,303053.1685,190238.5861,338632.8874,334041.0604,229266.3133,155444.1741,1.024862944046191E9,6.36613395695965E8,1.166286232162882E9,1.179953901101814E9,8.29864804859837E8,5.64147572800669E8,2021786,1182219,2373075,2293811,1567855,1461192,146510.7501,99518.0217,169044.3627,169194.075,116823.1483,76901.3758,4.95460792490612E8,3.33085258287462E8,5.82161055521965E8,5.97682226030962E8,4.22850861086886E8,2.79135355270006E8,-0.007156795,0.006770968,0.028356912,0.04437345,0.013264025314421375,-0.00571252,3337.78,3360.38,3455.67,3609.01,3656.88,3635.99,3361.83,3337.78,3360.39,3455.68,3609,3656.88,3451,3374.85,3509.99,3630,3671.6,3675.25,3315.59,3313.88,3354.5,3423.44,3572.42,3593.7,303053.1685,190238.5861,338632.8874,334041.0604,229266.3133,155444.1741,1.024862944046191E9,6.36613395695965E8,1.166286232162882E9,1.179953901101814E9,8.29864804859837E8,5.64147572800669E8,2021786,1182219,2373075,2293811,1567855,1461192,146510.7501,99518.0217,169044.3627,169194.075,116823.1483,76901.3758,4.95460792490612E8,3.33085258287462E8,5.82161055521965E8,5.97682226030962E8,4.22850861086886E8,2.79135355270006E8,-0.007156795,0.006770968,0.028356912,0.04437345,0.013264025314421375,-0.00571252,3337.78,3360.38,3455.67,3609.01,3656.88,3635.99,3687.45
2025-01-06T00:00:00,3337.78,3360.39,3455.68,3609,3656.88,3636,3374.85,3509.99,3630,3671.6,3675.25,3744.83,3313.88,3354.5,3423.44,3572.42,3593.7,3610.63,190238.5861,338632.8874,334041.0604,229266.3133,155444.1741,329642.3648,6.36613395695965E8,1.166286232162882E9,1.179953901101814E9,8.29864804859837E8,5.64147572800669E8,1.210642823302069E9,1182219,2373075,2293811,1567855,1461192,2753873,99518.0217,169044.3627,169194.075,116823.1483,76901.3758,166824.6196,3.33085258287462E8,5.82161055521965E8,5.97682226030962E8,4.22850861086886E8,2.79135355270006E8,6.12822771954551E8,0.006770968,0.028356912,0.04437345,0.013264025314421375,-0.00571252,0.014152954,3360.38,3455.67,3609.01,3656.88,3635.99,3687.45,3337.78,3360.39,3455.68,3609,3656.88,3636,3374.85,3509.99,3630,3671.6,3675.25,3744.83,3313.88,3354.5,3423.44,3572.42,3593.7,3610.63,190238.5861,338632.8874,334041.0604,229266.3133,155444.1741,329642.3648,6.36613395695965E8,1.166286232162882E9,1.179953901101814E9,8.29864804859837E8,5.64147572800669E8,1.210642823302069E9,1182219,2373075,2293811,1567855,1461192,2753873,99518.0217,169044.3627,169194.075,116823.1483,76901.3758,166824.6196,3.33085258287462E8,5.82161055521965E8,5.97682226030962E8,4.22850861086886E8,2.79135355270006E8,6.12822771954551E8,0.006770968,0.028356912,0.04437345,0.013264025314421375,-0.00571252,0.014152954,3360.38,3455.67,3609.01,3656.88,3635.99,3687.45,3381.31
2025-01-07T00:00:00,3360.39,3455.68,3609,3656.88,3636,3687.44,3509.99,3630,3671.6,3675.25,3744.83,3700.86,3354.5,3423.44,3572.42,3593.7,3610.63,3356.31,338632.8874,334041.0604,229266.3133,155444.1741,329642.3648,541543.2874,1.166286232162882E9,1.179953901101814E9,8.29864804859837E8,5.64147572800669E8,1.210642823302069E9,1.899318756158016E9,2373075,2293811,1567855,1461192,2753873,3538701,169044.3627,169194.075,116823.1483,76901.3758,166824.6196,254553.4502,5.82161055521965E8,5.97682226030962E8,4.22850861086886E8,2.79135355270006E8,6.12822771954551E8,8.92893276020809E8,0.028356912,0.04437345,0.013264025314421375,-0.00571252,0.014152954,-0.083022143,3455.67,3609.01,3656.88,3635.99,3687.45,3381.31,3360.39,3455.68,3609,3656.88,3636,3687.44,3509.99,3630,3671.6,3675.25,3744.83,3700.86,3354.5,3423.44,3572.42,3593.7,3610.63,3356.31,338632.8874,334041.0604,229266.3133,155444.1741,329642.3648,541543.2874,1.166286232162882E9,1.179953901101814E9,8.29864804859837E8,5.64147572800669E8,1.210642823302069E9,1.899318756158016E9,2373075,2293811,1567855,1461192,2753873,3538701,169044.3627,169194.075,116823.1483,76901.3758,166824.6196,254553.4502,5.82161055521965E8,5.97682226030962E8,4.22850861086886E8,2.79135355270006E8,6.12822771954551E8,8.92893276020809E8,0.028356912,0.04437345,0.013264025314421375,-0.00571252,0.014152954,-0.083022143,3455.67,3609.01,3656.88,3635.99,3687.45,3381.31,3327.29
2025-01-08T00:00:00,3455.68,3609,3656.88,3636,3687.44,3381.31,3630,3671.6,3675.25,3744.83,3700.86,3415.1,3423.44,3572.42,3593.7,3610.63,3356.31,3208.2,334041.0604,229266.3133,155444.1741,329642.3648,541543.2874,584749.9627,1.179953901101814E9,8.29864804859837E8,5.64147572800669E8,1.210642823302069E9,1.899318756158016E9,1.944382187656659E9,2293811,1567855,1461192,2753873,3538701,3766197,169194.075,116823.1483,76901.3758,166824.6196,254553.4502,275577.2269,5.97682226030962E8,4.22850861086886E8,2.79135355270006E8,6.12822771954551E8,8.92893276020809E8,9.16259778418379E8,0.04437345,0.013264025314421375,-0.00571252,0.014152954,-0.083022143,-0.015976057,3609.01,3656.88,3635.99,3687.45,3381.31,3327.29,3455.68,3609,3656.88,3636,3687.44,3381.31,3630,3671.6,3675.25,3744.83,3700.86,3415.1,3423.44,3572.42,3593.7,3610.63,3356.31,3208.2,334041.0604,229266.3133,155444.1741,329642.3648,541543.2874,584749.9627,1.179953901101814E9,8.29864804859837E8,5.64147572800669E8,1.210642823302069E9,1.899318756158016E9,1.944382187656659E9,2293811,1567855,1461192,2753873,3538701,3766197,169194.075,116823.1483,76901.3758,166824.6196,254553.4502,275577.2269,5.97682226030962E8,4.22850861086886E8,2.79135355270006E8,6.12822771954551E8,8.92893276020809E8,9.16259778418379E8,0.04437345,0.013264025314421375,-0.00571252,0.014152954,-0.083022143,-0.015976057,3609.01,3656.88,3635.99,3687.45,3381.31,3327.29,3219.2
2025-01-09T00:00:00,3609,3656.88,3636,3687.44,3381.31,3327.29,3671.6,3675.25,3744.83,3700.86,3415.1,3357.27,3572.42,3593.7,3610.63,3356.31,3208.2,3158,229266.3133,155444.1741,329642.3648,541543.2874,584749.9627,501818.4247,8.29864804859837E8,5.64147572800669E8,1.210642823302069E9,1.899318756158016E9,1.944382187656659E9,1.638958679714368E9,1567855,1461192,2753873,3538701,3766197,3685889,116823.1483,76901.3758,166824.6196,254553.4502,275577.2269,237793.7346,4.22850861086886E8,2.79135355270006E8,6.12822771954551E8,8.92893276020809E8,9.16259778418379E8,7.77185110082679E8,0.013264025314421375,-0.00571252,0.014152954,-0.083022143,-0.015976057,-0.032485897,3656.88,3635.99,3687.45,3381.31,3327.29,3219.2,3609,3656.88,3636,3687.44,3381.31,3327.29,3671.6,3675.25,3744.83,3700.86,3415.1,3357.27,3572.42,3593.7,3610.63,3356.31,3208.2,3158,229266.3133,155444.1741,329642.3648,541543.2874,584749.9627,501818.4247,8.29864804859837E8,5.64147572800669E8,1.210642823302069E9,1.899318756158016E9,1.944382187656659E9,1.638958679714368E9,1567855,1461192,2753873,3538701,3766197,3685889,116823.1483,76901.3758,166824.6196,254553.4502,275577.2269,237793.7346,4.22850861086886E8,2.79135355270006E8,6.12822771954551E8,8.92893276020809E8,9.16259778418379E8,7.77185110082679E8,0.013264025314421375,-0.00571252,0.014152954,-0.083022143,-0.015976057,-0.032485897,3656.88,3635.99,3687.45,3381.31,3327.29,3219.2,3267.04
2025-01-10T00:00:00,3656.88,3636,3687.44,3381.31,3327.29,3219.2,3675.25,3744.83,3700.86,3415.1,3357.27,3322.49,3593.7,3610.63,3356.31,3208.2,3158,3193.97,155444.1741,329642.3648,541543.2874,584749.9627,501818.4247,454142.1333,5.64147572800669E8,1.210642823302069E9,1.899318756158016E9,1.944382187656659E9,1.638958679714368E9,1.482940591671988E9,1461192,2753873,3538701,3766197,3685889,3199118,76901.3758,166824.6196,254553.4502,275577.2269,237793.7346,222519.1849,2.79135355270006E8,6.12822771954551E8,8.92893276020809E8,9.16259778418379E8,7.77185110082679E8,7.26413490668374E8,-0.00571252,0.014152954,-0.083022143,-0.015976057,-0.032485897,0.014860834990059689,3635.99,3687.45,3381.31,3327.29,3219.2,3267.04,3656.88,3636,3687.44,3381.31,3327.29,3219.2,3675.25,3744.83,3700.86,3415.1,3357.27,3322.49,3593.7,3610.63,3356.31,3208.2,3158,3193.97,155444.1741,329642.3648,541543.2874,584749.9627,501818.4247,454142.1333,5.64147572800669E8,1.210642823302069E9,1.899318756158016E9,1.944382187656659E9,1.638958679714368E9,1.482940591671988E9,1461192,2753873,3538701,3766197,3685889,3199118,76901.3758,166824.6196,254553.4502,275577.2269,237793.7346,222519.1849,2.79135355270006E8,6.12822771954551E8,8.92893276020809E8,9.16259778418379E8,7.77185110082679E8,7.26413490668374E8,-0.00571252,0.014152954,-0.083022143,-0.015976057,-0.032485897,0.014860834990059689,3635.99,3687.45,3381.31,3327.29,3219.2,3267.04,3282.83
2025-01-11T00:00:00,3636,3687.44,3381.31,3327.29,3219.2,3267.05,3744.83,3700.86,3415.1,3357.27,3322.49,3320.18,3610.63,3356.31,3208.2,3158,3193.97,3217.56,329642.3648,541543.2874,584749.9627,501818.4247,454142.1333,151679.7487,1.210642823302069E9,1.899318756158016E9,1.944382187656659E9,1.638958679714368E9,1.482940591671988E9,4.94933295358262E8,2753873,3538701,3766197,3685889,3199118,1208777,166824.6196,254553.4502,275577.2269,237793.7346,222519.1849,74202.7876,6.12822771954551E8,8.92893276020809E8,9.16259778418379E8,7.77185110082679E8,7.26413490668374E8,2.42350177143991E8,0.014152954,-0.083022143,-0.015976057,-0.032485897,0.014860834990059689,0.004833121,3687.45,3381.31,3327.29,3219.2,3267.04,3282.83,3636,3687.44,3381.31,3327.29,3219.2,3267.05,3744.83,3700.86,3415.1,3357.27,3322.49,3320.18,3610.63,3356.31,3208.2,3158,3193.97,3217.56,329642.3648,541543.2874,584749.9627,501818.4247,454142.1333,151679.7487,1.210642823302069E9,1.899318756158016E9,1.944382187656659E9,1.638958679714368E9,1.482940591671988E9,4.94933295358262E8,2753873,3538701,3766197,3685889,3199118,1208777,166824.6196,254553.4502,275577.2269,237793.7346,222519.1849,74202.7876,6.12822771954551E8,8.92893276020809E8,9.16259778418379E8,7.77185110082679E8,7.26413490668374E8,2.42350177143991E8,0.014152954,-0.083022143,-0.015976057,-0.032485897,0.014860834990059689,0.004833121,3687.45,3381.31,3327.29,3219.2,3267.04,3282.83,3267.3
2025-01-12T00:00:00,3687.44,3381.31,3327.29,3219.2,3267.05,3282.83,3700.86,3415.1,3357.27,3322.49,3320.18,3300,3356.31,3208.2,3158,3193.97,3217.56,3224.49,541543.2874,584749.9627,501818.4247,454142.1333,151679.7487,164879.9709,1.899318756158016E9,1.944382187656659E9,1.638958679714368E9,1.482940591671988E9,4.94933295358262E8,5.38751712045787E8,3538701,3766197,3685889,3199118,1208777,1151908,254553.4502,275577.2269,237793.7346,222519.1849,74202.7876,78312.5332,8.92893276020809E8,9.16259778418379E8,7.77185110082679E8,7.26413490668374E8,2.42350177143991E8,2.5599000731399E8,-0.083022143,-0.015976057,-0.032485897,0.014860834990059689,0.004833121,-0.004730674,3381.31,3327.29,3219.2,3267.04,3282.83,3267.3,3687.44,3381.31,3327.29,3219.2,3267.05,3282.83,3700.86,3415.1,3357.27,3322.49,3320.18,3300,3356.31,3208.2,3158,3193.97,3217.56,3224.49,541543.2874,584749.9627,501818.4247,454142.1333,151679.7487,164879.9709,1.899318756158016E9,1.944382187656659E9,1.638958679714368E9,1.482940591671988E9,4.94933295358262E8,5.38751712045787E8,3538701,3766197,3685889,3199118,1208777,1151908,254553.4502,275577.2269,237793.7346,222519.1849,74202.7876,78312.5332,8.92893276020809E8,9.16259778418379E8,7.77185110082679E8,7.26413490668374E8,2.42350177143991E8,2.5599000731399E8,-0.083022143,-0.015976057,-0.032485897,0.014860834990059689,0.004833121,-0.004730674,3381.31,3327.29,3219.2,3267.04,3282.83,3267.3,3137.51
2025-01-13T00:00:00,3381.31,3327.29,3219.2,3267.05,3282.83,3267.3,3415.1,3357.27,3322.49,3320.18,3300,3339,3208.2,3158,3193.97,3217.56,3224.49,2920,584749.9627,501818.4247,454142.1333,151679.7487,164879.9709,845907.5669,1.944382187656659E9,1.638958679714368E9,1.482940591671988E9,4.94933295358262E8,5.38751712045787E8,2.614824635154439E9,3766197,3685889,3199118,1208777,1151908,4900248,275577.2269,237793.7346,222519.1849,74202.7876,78312.5332,410956.8014,9.16259778418379E8,7.77185110082679E8,7.26413490668374E8,2.42350177143991E8,2.5599000731399E8,1.271030799211468E9,-0.015976057,-0.032485897,0.014860834990059689,0.004833121,-0.004730674,-0.039723931,3327.29,3219.2,3267.04,3282.83,3267.3,3137.51,3381.31,3327.29,3219.2,3267.05,3282.83,3267.3,3415.1,3357.27,3322.49,3320.18,3300,3339,3208.2,3158,3193.97,3217.56,3224.49,2920,584749.9627,501818.4247,454142.1333,151679.7487,164879.9709,845907.5669,1.944382187656659E9,1.638958679714368E9,1.482940591671988E9,4.94933295358262E8,5.38751712045787E8,2.614824635154439E9,3766197,3685889,3199118,1208777,1151908,4900248,275577.2269,237793.7346,222519.1849,74202.7876,78312.5332,410956.8014,9.16259778418379E8,7.77185110082679E8,7.26413490668374E8,2.42350177143991E8,2.5599000731399E8,1.271030799211468E9,-0.015976057,-0.032485897,0.014860834990059689,0.004833121,-0.004730674,-0.039723931,3327.29,3219.2,3267.04,3282.83,3267.3,3137.51,3225.63
2025-01-14T00:00:00,3327.29,3219.2,3267.05,3282.83,3267.3,3137.51,3357.27,3322.49,3320.18,3300,3339,3256.67,3158,3193.97,3217.56,3224.49,2920,3125.65,501818.4247,454142.1333,151679.7487,164879.9709,845907.5669,374308.4517,1.638958679714368E9,1.482940591671988E9,4.94933295358262E8,5.38751712045787E8,2.614824635154439E9,1.197715520899026E9,3685889,3199118,1208777,1151908,4900248,2446285,237793.7346,222519.1849,74202.7876,78312.5332,410956.8014,180843.3605,7.77185110082679E8,7.26413490668374E8,2.42350177143991E8,2.5599000731399E8,1.271030799211468E9,5.78754045677244E8,-0.032485897,0.014860834990059689,0.004833121,-0.004730674,-0.039723931,0.028085966259868457,3219.2,3267.04,3282.83,3267.3,3137.51,3225.63,3327.29,3219.2,3267.05,3282.83,3267.3,3137.51,3357.27,3322.49,3320.18,3300,3339,3256.67,3158,3193.97,3217.56,3224.49,2920,3125.65,501818.4247,454142.1333,151679.7487,164879.9709,845907.5669,374308.4517,1.638958679714368E9,1.482940591671988E9,4.94933295358262E8,5.38751712045787E8,2.614824635154439E9,1.197715520899026E9,3685889,3199118,1208777,1151908,4900248,2446285,237793.7346,222519.1849,74202.7876,78312.5332,410956.8014,180843.3605,7.77185110082679E8,7.26413490668374E8,2.42350177143991E8,2.5599000731399E8,1.271030799211468E9,5.78754045677244E8,-0.032485897,0.014860834990059689,0.004833121,-0.004730674,-0.039723931,0.028085966259868457,3219.2,3267.04,3282.83,3267.3,3137.51,3225.63,3451.52
2025-01-15T00:00:00,3219.2,3267.05,3282.83,3267.3,3137.51,3225.63,3322.49,3320.18,3300,3339,3256.67,3473.75,3193.97,3217.56,3224.49,2920,3125.65,3186.36,454142.1333,151679.7487,164879.9709,845907.5669,374308.4517,464188.034,1.482940591671988E9,4.94933295358262E8,5.38751712045787E8,2.614824635154439E9,1.197715520899026E9,1.537407357366771E9,3199118,1208777,1151908,4900248,2446285,2689488,222519.1849,74202.7876,78312.5332,410956.8014,180843.3605,233981.7183,7.26413490668374E8,2.42350177143991E8,2.5599000731399E8,1.271030799211468E9,5.78754045677244E8,7.75803015406068E8,0.014860834990059689,0.004833121,-0.004730674,-0.039723931,0.028085966259868457,0.070029731,3267.04,3282.83,3267.3,3137.51,3225.63,3451.52,3219.2,3267.05,3282.83,3267.3,3137.51,3225.63,3322.49,3320.18,3300,3339,3256.67,3473.75,3193.97,3217.56,3224.49,2920,3125.65,3186.36,454142.1333,151679.7487,164879.9709,845907.5669,374308.4517,464188.034,1.482940591671988E9,4.94933295358262E8,5.38751712045787E8,2.614824635154439E9,1.197715520899026E9,1.537407357366771E9,3199118,1208777,1151908,4900248,2446285,2689488,222519.1849,74202.7876,78312.5332,410956.8014,180843.3605,233981.7183,7.26413490668374E8,2.42350177143991E8,2.5599000731399E8,1.271030799211468E9,5.78754045677244E8,7.75803015406068E8,0.014860834990059689,0.004833121,-0.004730674,-0.039723931,0.028085966259868457,0.070029731,3267.04,3282.83,3267.3,3137.51,3225.63,3451.52,3308.05
2025-01-16T00:00:00,3267.05,3282.83,3267.3,3137.51,3225.63,3451.51,3320.18,3300,3339,3256.67,3473.75,3460.79,3217.56,3224.49,2920,3125.65,3186.36,3265.44,151679.7487,164879.9709,845907.5669,374308.4517,464188.034,471282.6787,4.94933295358262E8,5.38751712045787E8,2.614824635154439E9,1.197715520899026E9,1.537407357366771E9,1.573512574074851E9,1208777,1151908,4900248,2446285,2689488,2667507,74202.7876,78312.5332,410956.8014,180843.3605,233981.7183,227669.8721,2.42350177143991E8,2.5599000731399E8,1.271030799211468E9,5.78754045677244E8,7.75803015406068E8,7.60336218428321E8,0.004833121,-0.004730674,-0.039723931,0.028085966259868457,0.070029731,-0.041567194,3282.83,3267.3,3137.51,3225.63,3451.52,3308.05,3267.05,3282.83,3267.3,3137.51,3225.63,3451.51,3320.18,3300,3339,3256.67,3473.75,3460.79,3217.56,3224.49,2920,3125.65,3186.36,3265.44,151679.7487,164879.9709,845907.5669,374308.4517,464188.034,471282.6787,4.94933295358262E8,5.38751712045787E8,2.614824635154439E9,1.197715520899026E9,1.537407357366771E9,1.573512574074851E9,1208777,1151908,4900248,2446285,2689488,2667507,74202.7876,78312.5332,410956.8014,180843.3605,233981.7183,227669.8721,2.42350177143991E8,2.5599000731399E8,1.271030799211468E9,5.78754045677244E8,7.75803015406068E8,7.60336218428321E8,0.004833121,-0.004730674,-0.039723931,0.028085966259868457,0.070029731,-0.041567194,3282.83,3267.3,3137.51,3225.63,3451.52,3308.05,3473.63
2025-01-17T00:00:00,3282.83,3267.3,3137.51,3225.63,3451.51,3308.04,3300,3339,3256.67,3473.75,3460.79,3525.72,3224.49,2920,3125.65,3186.36,3265.44,3307.5,164879.9709,845907.5669,374308.4517,464188.034,471282.6787,518550.1813,5.38751712045787E8,2.614824635154439E9,1.197715520899026E9,1.537407357366771E9,1.573512574074851E9,1.773013467309093E9,1151908,4900248,2446285,2689488,2667507,3165882,78312.5332,410956.8014,180843.3605,233981.7183,227669.8721,269301.5133,2.5599000731399E8,1.271030799211468E9,5.78754045677244E8,7.75803015406068E8,7.60336218428321E8,9.20836504156446E8,-0.004730674,-0.039723931,0.028085966259868457,0.070029731,-0.041567194,0.050053656988255896,3267.3,3137.51,3225.63,3451.52,3308.05,3473.63,3282.83,3267.3,3137.51,3225.63,3451.51,3308.04,3300,3339,3256.67,3473.75,3460.79,3525.72,3224.49,2920,3125.65,3186.36,3265.44,3307.5,164879.9709,845907.5669,374308.4517,464188.034,471282.6787,518550.1813,5.38751712045787E8,2.614824635154439E9,1.197715520899026E9,1.537407357366771E9,1.573512574074851E9,1.773013467309093E9,1151908,4900248,2446285,2689488,2667507,3165882,78312.5332,410956.8014,180843.3605,233981.7183,227669.8721,269301.5133,2.5599000731399E8,1.271030799211468E9,5.78754045677244E8,7.75803015406068E8,7.60336218428321E8,9.20836504156446E8,-0.004730674,-0.039723931,0.028085966259868457,0.070029731,-0.041567194,0.050053656988255896,3267.3,3137.51,3225.63,3451.52,3308.05,3473.63,3307.71
2025-01-18T00:00:00,3267.3,3137.51,3225.63,3451.51,3308.04,3473.64,3339,3256.67,3473.75,3460.79,3525.72,3494.39,2920,3125.65,3186.36,3265.44,3307.5,3227,845907.5669,374308.4517,464188.034,471282.6787,518550.1813,634197.1281,2.614824635154439E9,1.197715520899026E9,1.537407357366771E9,1.573512574074851E9,1.773013467309093E9,2.100633661764419E9,4900248,2446285,2689488,2667507,3165882,3931387,410956.8014,180843.3605,233981.7183,227669.8721,269301.5133,309754.3291,1.271030799211468E9,5.78754045677244E8,7.75803015406068E8,7.60336218428321E8,9.20836504156446E8,1.025970289517671E9,-0.039723931,0.028085966259868457,0.070029731,-0.041567194,0.050053656988255896,-0.047765594,3137.51,3225.63,3451.52,3308.05,3473.63,3307.71,3267.3,3137.51,3225.63,3451.51,3308.04,3473.64,3339,3256.67,3473.75,3460.79,3525.72,3494.39,2920,3125.65,3186.36,3265.44,3307.5,3227,845907.5669,374308.4517,464188.034,471282.6787,518550.1813,634197.1281,2.614824635154439E9,1.197715520899026E9,1.537407357366771E9,1.573512574074851E9,1.773013467309093E9,2.100633661764419E9,4900248,2446285,2689488,2667507,3165882,3931387,410956.8014,180843.3605,233981.7183,227669.8721,269301.5133,309754.3291,1.271030799211468E9,5.78754045677244E8,7.75803015406068E8,7.60336218428321E8,9.20836504156446E8,1.025970289517671E9,-0.039723931,0.028085966259868457,0.070029731,-0.041567194,0.050053656988255896,-0.047765594,3137.51,3225.63,3451.52,3308.05,3473.63,3307.71,3215.12
2025-01-19T00:00:00,3137.51,3225.63,3451.51,3308.04,3473.64,3307.71,3256.67,3473.75,3460.79,3525.72,3494.39,3448.99,3125.65,3186.36,3265.44,3307.5,3227,3130.48,374308.4517,464188.034,471282.6787,518550.1813,634197.1281,1342301.522,1.197715520899026E9,1.537407357366771E9,1.573512574074851E9,1.773013467309093E9,2.100633661764419E9,4.40865968101233E9,2446285,2689488,2667507,3165882,3931387,7064813,180843.3605,233981.7183,227669.8721,269301.5133,309754.3291,651932.4312,5.78754045677244E8,7.75803015406068E8,7.60336218428321E8,9.20836504156446E8,1.025970289517671E9,2.143657478900286E9,0.028085966259868457,0.070029731,-0.041567194,0.050053656988255896,-0.047765594,-0.027992176,3225.63,3451.52,3308.05,3473.63,3307.71,3215.12,3137.51,3225.63,3451.51,3308.04,3473.64,3307.71,3256.67,3473.75,3460.79,3525.72,3494.39,3448.99,3125.65,3186.36,3265.44,3307.5,3227,3130.48,374308.4517,464188.034,471282.6787,518550.1813,634197.1281,1342301.522,1.197715520899026E9,1.537407357366771E9,1.573512574074851E9,1.773013467309093E9,2.100633661764419E9,4.40865968101233E9,2446285,2689488,2667507,3165882,3931387,7064813,180843.3605,233981.7183,227669.8721,269301.5133,309754.3291,651932.4312,5.78754045677244E8,7.75803015406068E8,7.60336218428321E8,9.20836504156446E8,1.025970289517671E9,2.143657478900286E9,0.028085966259868457,0.070029731,-0.041567194,0.050053656988255896,-0.047765594,-0.027992176,3225.63,3451.52,3308.05,3473.63,3307.71,3215.12,3284
2025-01-20T00:00:00,3225.63,3451.51,3308.04,3473.64,3307.71,3215.2,3473.75,3460.79,3525.72,3494.39,3448.99,3453.69,3186.36,3265.44,3307.5,3227,3130.48,3142.78,464188.034,471282.6787,518550.1813,634197.1281,1342301.522,1158354.781,1.537407357366771E9,1.573512574074851E9,1.773013467309093E9,2.100633661764419E9,4.40865968101233E9,3.830020315131607E9,2689488,2667507,3165882,3931387,7064813,7137551,233981.7183,227669.8721,269301.5133,309754.3291,651932.4312,572672.7028,7.75803015406068E8,7.60336218428321E8,9.20836504156446E8,1.025970289517671E9,2.143657478900286E9,1.895320599961986E9,0.070029731,-0.041567194,0.050053656988255896,-0.047765594,-0.027992176,0.021423773,3451.52,3308.05,3473.63,3307.71,3215.12,3284,3225.63,3451.51,3308.04,3473.64,3307.71,3215.2,3473.75,3460.79,3525.72,3494.39,3448.99,3453.69,3186.36,3265.44,3307.5,3227,3130.48,3142.78,464188.034,471282.6787,518550.1813,634197.1281,1342301.522,1158354.781,1.537407357366771E9,1.573512574074851E9,1.773013467309093E9,2.100633661764419E9,4.40865968101233E9,3.830020315131607E9,2689488,2667507,3165882,3931387,7064813,7137551,233981.7183,227669.8721,269301.5133,309754.3291,651932.4312,572672.7028,7.75803015406068E8,7.60336218428321E8,9.20836504156446E8,1.025970289517671E9,2.143657478900286E9,1.895320599961986E9,0.070029731,-0.041567194,0.050053656988255896,-0.047765594,-0.027992176,0.021423773,3451.52,3308.05,3473.63,3307.71,3215.12,3284,3327.54
2025-01-21T00:00:00,3451.51,3308.04,3473.64,3307.71,3215.2,3283.99,3460.79,3525.72,3494.39,3448.99,3453.69,3368,3265.44,3307.5,3227,3130.48,3142.78,3204.6,471282.6787,518550.1813,634197.1281,1342301.522,1158354.781,548706.0513,1.573512574074851E9,1.773013467309093E9,2.100633661764419E9,4.40865968101233E9,3.830020315131607E9,1.802317579667659E9,2667507,3165882,3931387,7064813,7137551,3752957,227669.8721,269301.5133,309754.3291,651932.4312,572672.7028,271093.6278,7.60336218428321E8,9.20836504156446E8,1.025970289517671E9,2.143657478900286E9,1.895320599961986E9,8.90755658885448E8,-0.041567194,0.050053656988255896,-0.047765594,-0.027992176,0.021423773,0.013258221680876968,3308.05,3473.63,3307.71,3215.12,3284,3327.54,3451.51,3308.04,3473.64,3307.71,3215.2,3283.99,3460.79,3525.72,3494.39,3448.99,3453.69,3368,3265.44,3307.5,3227,3130.48,3142.78,3204.6,471282.6787,518550.1813,634197.1281,1342301.522,1158354.781,548706.0513,1.573512574074851E9,1.773013467309093E9,2.100633661764419E9,4.40865968101233E9,3.830020315131607E9,1.802317579667659E9,2667507,3165882,3931387,7064813,7137551,3752957,227669.8721,269301.5133,309754.3291,651932.4312,572672.7028,271093.6278,7.60336218428321E8,9.20836504156446E8,1.025970289517671E9,2.143657478900286E9,1.895320599961986E9,8.90755658885448E8,-0.041567194,0.050053656988255896,-0.047765594,-0.027992176,0.021423773,0.013258221680876968,3308.05,3473.63,3307.71,3215.12,3284,3327.54,3242.6
2025-01-22T00:00:00,3308.04,3473.64,3307.71,3215.2,3283.99,3327.55,3525.72,3494.39,3448.99,3453.69,3368,3365.99,3307.5,3227,3130.48,3142.78,3204.6,3222.85,518550.1813,634197.1281,1342301.522,1158354.781,548706.0513,349240.7498,1.773013467309093E9,2.100633661764419E9,4.40865968101233E9,3.830020315131607E9,1.802317579667659E9,1.150648371196559E9,3165882,3931387,7064813,7137551,3752957,2187671,269301.5133,309754.3291,651932.4312,572672.7028,271093.6278,163482.76,9.20836504156446E8,1.025970289517671E9,2.143657478900286E9,1.895320599961986E9,8.90755658885448E8,5.38844820504563E8,0.050053656988255896,-0.047765594,-0.027992176,0.021423773,0.013258221680876968,-0.025526365,3473.63,3307.71,3215.12,3284,3327.54,3242.6,3308.04,3473.64,3307.71,3215.2,3283.99,3327.55,3525.72,3494.39,3448.99,3453.69,3368,3365.99,3307.5,3227,3130.48,3142.78,3204.6,3222.85,518550.1813,634197.1281,1342301.522,1158354.781,548706.0513,349240.7498,1.773013467309093E9,2.100633661764419E9,4.40865968101233E9,3.830020315131607E9,1.802317579667659E9,1.150648371196559E9,3165882,3931387,7064813,7137551,3752957,2187671,269301.5133,309754.3291,651932.4312,572672.7028,271093.6278,163482.76,9.20836504156446E8,1.025970289517671E9,2.143657478900286E9,1.895320599961986E9,8.90755658885448E8,5.38844820504563E8,0.050053656988255896,-0.047765594,-0.027992176,0.021423773,0.013258221680876968,-0.025526365,3473.63,3307.71,3215.12,3284,3327.54,3242.6,3338.21
2025-01-23T00:00:00,3473.64,3307.71,3215.2,3283.99,3327.55,3242.61,3494.39,3448.99,3453.69,3368,3365.99,3347.97,3227,3130.48,3142.78,3204.6,3222.85,3185,634197.1281,1342301.522,1158354.781,548706.0513,349240.7498,605592.7225,2.100633661764419E9,4.40865968101233E9,3.830020315131607E9,1.802317579667659E9,1.150648371196559E9,1.965307923080547E9,3931387,7064813,7137551,3752957,2187671,3255920,309754.3291,651932.4312,572672.7028,271093.6278,163482.76,303294.9418,1.025970289517671E9,2.143657478900286E9,1.895320599961986E9,8.90755658885448E8,5.38844820504563E8,9.84590435717348E8,-0.047765594,-0.027992176,0.021423773,0.013258221680876968,-0.025526365,0.029485598,3307.71,3215.12,3284,3327.54,3242.6,3338.21,3473.64,3307.71,3215.2,3283.99,3327.55,3242.61,3494.39,3448.99,3453.69,3368,3365.99,3347.97,3227,3130.48,3142.78,3204.6,3222.85,3185,634197.1281,1342301.522,1158354.781,548706.0513,349240.7498,605592.7225,2.100633661764419E9,4.40865968101233E9,3.830020315131607E9,1.802317579667659E9,1.150648371196559E9,1.965307923080547E9,3931387,7064813,7137551,3752957,2187671,3255920,309754.3291,651932.4312,572672.7028,271093.6278,163482.76,303294.9418,1.025970289517671E9,2.143657478900286E9,1.895320599961986E9,8.90755658885448E8,5.38844820504563E8,9.84590435717348E8,-0.047765594,-0.027992176,0.021423773,0.013258221680876968,-0.025526365,0.029485598,3307.71,3215.12,3284,3327.54,3242.6,3338.21,3310.09
2025-01-24T00:00:00,3307.71,3215.2,3283.99,3327.55,3242.61,3338.22,3448.99,3453.69,3368,3365.99,3347.97,3428,3130.48,3142.78,3204.6,3222.85,3185,3275.9,1342301.522,1158354.781,548706.0513,349240.7498,605592.7225,451524.2752,4.40865968101233E9,3.830020315131607E9,1.802317579667659E9,1.150648371196559E9,1.965307923080547E9,1.519379297690963E9,7064813,7137551,3752957,2187671,3255920,2793569,651932.4312,572672.7028,271093.6278,163482.76,303294.9418,215008.0035,2.143657478900286E9,1.895320599961986E9,8.90755658885448E8,5.38844820504563E8,9.84590435717348E8,7.23830815046523E8,-0.027992176,0.021423773,0.013258221680876968,-0.025526365,0.029485598,-0.008423676,3215.12,3284,3327.54,3242.6,3338.21,3310.09,3307.71,3215.2,3283.99,3327.55,3242.61,3338.22,3448.99,3453.69,3368,3365.99,3347.97,3428,3130.48,3142.78,3204.6,3222.85,3185,3275.9,1342301.522,1158354.781,548706.0513,349240.7498,605592.7225,451524.2752,4.40865968101233E9,3.830020315131607E9,1.802317579667659E9,1.150648371196559E9,1.965307923080547E9,1.519379297690963E9,7064813,7137551,3752957,2187671,3255920,2793569,651932.4312,572672.7028,271093.6278,163482.76,303294.9418,215008.0035,2.143657478900286E9,1.895320599961986E9,8.90755658885448E8,5.38844820504563E8,9.84590435717348E8,7.23830815046523E8,-0.027992176,0.021423773,0.013258221680876968,-0.025526365,0.029485598,-0.008423676,3215.12,3284,3327.54,3242.6,3338.21,3310.09,3318.77
2025-01-25T00:00:00,3215.2,3283.99,3327.55,3242.61,3338.22,3310.1,3453.69,3368,3365.99,3347.97,3428,3350.68,3142.78,3204.6,3222.85,3185,3275.9,3268.66,1158354.781,548706.0513,349240.7498,605592.7225,451524.2752,208559.0415,3.830020315131607E9,1.802317579667659E9,1.150648371196559E9,1.965307923080547E9,1.519379297690963E9,6.90383485125444E8,7137551,3752957,2187671,3255920,2793569,1456638,572672.7028,271093.6278,163482.76,303294.9418,215008.0035,98129.4498,1.895320599961986E9,8.90755658885448E8,5.38844820504563E8,9.84590435717348E8,7.23830815046523E8,3.24799632127654E8,0.021423773,0.013258221680876968,-0.025526365,0.029485598,-0.008423676,0.002622285,3284,3327.54,3242.6,3338.21,3310.09,3318.77,3215.2,3283.99,3327.55,3242.61,3338.22,3310.1,3453.69,3368,3365.99,3347.97,3428,3350.68,3142.78,3204.6,3222.85,3185,3275.9,3268.66,1158354.781,548706.0513,349240.7498,605592.7225,451524.2752,208559.0415,3.830020315131607E9,1.802317579667659E9,1.150648371196559E9,1.965307923080547E9,1.519379297690963E9,6.90383485125444E8,7137551,3752957,2187671,3255920,2793569,1456638,572672.7028,271093.6278,163482.76,303294.9418,215008.0035,98129.4498,1.895320599961986E9,8.90755658885448E8,5.38844820504563E8,9.84590435717348E8,7.23830815046523E8,3.24799632127654E8,0.021423773,0.013258221680876968,-0.025526365,0.029485598,-0.008423676,0.002622285,3284,3327.54,3242.6,3338.21,3310.09,3318.77,3232.61
2025-01-26T00:00:00,3283.99,3327.55,3242.61,3338.22,3310.1,3318.76,3368,3365.99,3347.97,3428,3350.68,3362,3204.6,3222.85,3185,3275.9,3268.66,3230,548706.0513,349240.7498,605592.7225,451524.2752,208559.0415,272165.469,1.802317579667659E9,1.150648371196559E9,1.965307923080547E9,1.519379297690963E9,6.90383485125444E8,8.99291017613374E8,3752957,2187671,3255920,2793569,1456638,1416325,271093.6278,163482.76,303294.9418,215008.0035,98129.4498,116826.2789,8.90755658885448E8,5.38844820504563E8,9.84590435717348E8,7.23830815046523E8,3.24799632127654E8,3.86320687827929E8,0.013258221680876968,-0.025526365,0.029485598,-0.008423676,0.002622285,-0.025961425,3327.54,3242.6,3338.21,3310.09,3318.77,3232.61,3283.99,3327.55,3242.61,3338.22,3310.1,3318.76,3368,3365.99,3347.97,3428,3350.68,3362,3204.6,3222.85,3185,3275.9,3268.66,3230,548706.0513,349240.7498,605592.7225,451524.2752,208559.0415,272165.469,1.802317579667659E9,1.150648371196559E9,1.965307923080547E9,1.519379297690963E9,6.90383485125444E8,8.99291017613374E8,3752957,2187671,3255920,2793569,1456638,1416325,271093.6278,163482.76,303294.9418,215008.0035,98129.4498,116826.2789,8.90755658885448E8,5.38844820504563E8,9.84590435717348E8,7.23830815046523E8,3.24799632127654E8,3.86320687827929E8,0.013258221680876968,-0.025526365,0.029485598,-0.008423676,0.002622285,-0.025961425,3327.54,3242.6,3338.21,3310.09,3318.77,3232.61,3182.44
2025-01-27T00:00:00,3327.55,3242.61,3338.22,3310.1,3318.76,3232.61,3365.99,3347.97,3428,3350.68,3362,3253.91,3222.85,3185,3275.9,3268.66,3230,3020.01,349240.7498,605592.7225,451524.2752,208559.0415,272165.469,753004.7529,1.150648371196559E9,1.965307923080547E9,1.519379297690963E9,6.90383485125444E8,8.99291017613374E8,2.349770569706611E9,2187671,3255920,2793569,1456638,1416325,4888504,163482.76,303294.9418,215008.0035,98129.4498,116826.2789,345284.5821,5.38844820504563E8,9.84590435717348E8,7.23830815046523E8,3.24799632127654E8,3.86320687827929E8,1.077195796137122E9,-0.025526365,0.029485598,-0.008423676,0.002622285,-0.025961425,-0.015519967,3242.6,3338.21,3310.09,3318.77,3232.61,3182.44,3327.55,3242.61,3338.22,3310.1,3318.76,3232.61,3365.99,3347.97,3428,3350.68,3362,3253.91,3222.85,3185,3275.9,3268.66,3230,3020.01,349240.7498,605592.7225,451524.2752,208559.0415,272165.469,753004.7529,1.150648371196559E9,1.965307923080547E9,1.519379297690963E9,6.90383485125444E8,8.99291017613374E8,2.349770569706611E9,2187671,3255920,2793569,1456638,1416325,4888504,163482.76,303294.9418,215008.0035,98129.4498,116826.2789,345284.5821,5.38844820504563E8,9.84590435717348E8,7.23830815046523E8,3.24799632127654E8,3.86320687827929E8,1.077195796137122E9,-0.025526365,0.029485598,-0.008423676,0.002622285,-0.025961425,-0.015519967,3242.6,3338.21,3310.09,3318.77,3232.61,3182.44,3077.72
2025-01-28T00:00:00,3242.61,3338.22,3310.1,3318.76,3232.61,3182.44,3347.97,3428,3350.68,3362,3253.91,3223.01,3185,3275.9,3268.66,3230,3020.01,3040.03,605592.7225,451524.2752,208559.0415,272165.469,753004.7529,350959.7173,1.965307923080547E9,1.519379297690963E9,6.90383485125444E8,8.99291017613374E8,2.349770569706611E9,1.107001736175005E9,3255920,2793569,1456638,1416325,4888504,2936974,303294.9418,215008.0035,98129.4498,116826.2789,345284.5821,170776.7271,9.84590435717348E8,7.23830815046523E8,3.24799632127654E8,3.86320687827929E8,1.077195796137122E9,5.38990208723447E8,0.029485598,-0.008423676,0.002622285,-0.025961425,-0.015519967,-0.032905569,3338.21,3310.09,3318.77,3232.61,3182.44,3077.72,3242.61,3338.22,3310.1,3318.76,3232.61,3182.44,3347.97,3428,3350.68,3362,3253.91,3223.01,3185,3275.9,3268.66,3230,3020.01,3040.03,605592.7225,451524.2752,208559.0415,272165.469,753004.7529,350959.7173,1.965307923080547E9,1.519379297690963E9,6.90383485125444E8,8.99291017613374E8,2.349770569706611E9,1.107001736175005E9,3255920,2793569,1456638,1416325,4888504,2936974,303294.9418,215008.0035,98129.4498,116826.2789,345284.5821,170776.7271,9.84590435717348E8,7.23830815046523E8,3.24799632127654E8,3.86320687827929E8,1.077195796137122E9,5.38990208723447E8,0.029485598,-0.008423676,0.002622285,-0.025961425,-0.015519967,-0.032905569,3338.21,3310.09,3318.77,3232.61,3182.44,3077.72,3113.9
2025-01-29T00:00:00,3338.22,3310.1,3318.76,3232.61,3182.44,3077.72,3428,3350.68,3362,3253.91,3223.01,3182.52,3275.9,3268.66,3230,3020.01,3040.03,3054.06,451524.2752,208559.0415,272165.469,753004.7529,350959.7173,409737.2576,1.519379297690963E9,6.90383485125444E8,8.99291017613374E8,2.349770569706611E9,1.107001736175005E9,1.27825664574957E9,2793569,1456638,1416325,4888504,2936974,3277369,215008.0035,98129.4498,116826.2789,345284.5821,170776.7271,200807.9235,7.23830815046523E8,3.24799632127654E8,3.86320687827929E8,1.077195796137122E9,5.38990208723447E8,6.2655650038162E8,-0.008423676,0.002622285,-0.025961425,-0.015519967,-0.032905569,0.011755455337067795,3310.09,3318.77,3232.61,3182.44,3077.72,3113.9,3338.22,3310.1,3318.76,3232.61,3182.44,3077.72,3428,3350.68,3362,3253.91,3223.01,3182.52,3275.9,3268.66,3230,3020.01,3040.03,3054.06,451524.2752,208559.0415,272165.469,753004.7529,350959.7173,409737.2576,1.519379297690963E9,6.90383485125444E8,8.99291017613374E8,2.349770569706611E9,1.107001736175005E9,1.27825664574957E9,2793569,1456638,1416325,4888504,2936974,3277369,215008.0035,98129.4498,116826.2789,345284.5821,170776.7271,200807.9235,7.23830815046523E8,3.24799632127654E8,3.86320687827929E8,1.077195796137122E9,5.38990208723447E8,6.2655650038162E8,-0.008423676,0.002622285,-0.025961425,-0.015519967,-0.032905569,0.011755455337067795,3310.09,3318.77,3232.61,3182.44,3077.72,3113.9,3247.39
2025-01-30T00:00:00,3310.1,3318.76,3232.61,3182.44,3077.72,3113.9,3350.68,3362,3253.91,3223.01,3182.52,3283.43,3268.66,3230,3020.01,3040.03,3054.06,3091.06,208559.0415,272165.469,753004.7529,350959.7173,409737.2576,350639.4823,6.90383485125444E8,8.99291017613374E8,2.349770569706611E9,1.107001736175005E9,1.27825664574957E9,1.130886606539682E9,1456638,1416325,4888504,2936974,3277369,2410789,98129.4498,116826.2789,345284.5821,170776.7271,200807.9235,180484.1307,3.24799632127654E8,3.86320687827929E8,1.077195796137122E9,5.38990208723447E8,6.2655650038162E8,5.81935263184576E8,0.002622285,-0.025961425,-0.015519967,-0.032905569,0.011755455337067795,0.042869070939978736,3318.77,3232.61,3182.44,3077.72,3113.9,3247.39,3310.1,3318.76,3232.61,3182.44,3077.72,3113.9,3350.68,3362,3253.91,3223.01,3182.52,3283.43,3268.66,3230,3020.01,3040.03,3054.06,3091.06,208559.0415,272165.469,753004.7529,350959.7173,409737.2576,350639.4823,6.90383485125444E8,8.99291017613374E8,2.349770569706611E9,1.107001736175005E9,1.27825664574957E9,1.130886606539682E9,1456638,1416325,4888504,2936974,3277369,2410789,98129.4498,116826.2789,345284.5821,170776.7271,200807.9235,180484.1307,3.24799632127654E8,3.86320687827929E8,1.077195796137122E9,5.38990208723447E8,6.2655650038162E8,5.81935263184576E8,0.002622285,-0.025961425,-0.015519967,-0.032905569,0.011755455337067795,0.042869070939978736,3318.77,3232.61,3182.44,3077.72,3113.9,3247.39,3300.99
2025-01-31T00:00:00,3318.76,3232.61,3182.44,3077.72,3113.9,3247.38,3362,3253.91,3223.01,3182.52,3283.43,3437.31,3230,3020.01,3040.03,3054.06,3091.06,3213.8,272165.469,753004.7529,350959.7173,409737.2576,350639.4823,648681.6561,8.99291017613374E8,2.349770569706611E9,1.107001736175005E9,1.27825664574957E9,1.130886606539682E9,2.158479814331743E9,1416325,4888504,2936974,3277369,2410789,3802893,116826.2789,345284.5821,170776.7271,200807.9235,180484.1307,343645.0199,3.86320687827929E8,1.077195796137122E9,5.38990208723447E8,6.2655650038162E8,5.81935263184576E8,1.144000791641501E9,-0.025961425,-0.015519967,-0.032905569,0.011755455337067795,0.042869070939978736,0.016505562928998338,3232.61,3182.44,3077.72,3113.9,3247.39,3300.99,3318.76,3232.61,3182.44,3077.72,3113.9,3247.38,3362,3253.91,3223.01,3182.52,3283.43,3437.31,3230,3020.01,3040.03,3054.06,3091.06,3213.8,272165.469,753004.7529,350959.7173,409737.2576,350639.4823,648681.6561,8.99291017613374E8,2.349770569706611E9,1.107001736175005E9,1.27825664574957E9,1.130886606539682E9,2.158479814331743E9,1416325,4888504,2936974,3277369,2410789,3802893,116826.2789,345284.5821,170776.7271,200807.9235,180484.1307,343645.0199,3.86320687827929E8,1.077195796137122E9,5.38990208723447E8,6.2655650038162E8,5.81935263184576E8,1.144000791641501E9,-0.025961425,-0.015519967,-0.032905569,0.011755455337067795,0.042869070939978736,0.016505562928998338,3232.61,3182.44,3077.72,3113.9,3247.39,3300.99,3117.54
2025-02-01T00:00:00,3232.61,3182.44,3077.72,3113.9,3247.38,3300.99,3253.91,3223.01,3182.52,3283.43,3437.31,3331.98,3020.01,3040.03,3054.06,3091.06,3213.8,3101.7,753004.7529,350959.7173,409737.2576,350639.4823,648681.6561,354065.2525,2.349770569706611E9,1.107001736175005E9,1.27825664574957E9,1.130886606539682E9,2.158479814331743E9,1.142845926865901E9,4888504,2936974,3277369,2410789,3802893,2900696,345284.5821,170776.7271,200807.9235,180484.1307,343645.0199,170674.3585,1.077195796137122E9,5.38990208723447E8,6.2655650038162E8,5.81935263184576E8,1.144000791641501E9,5.51595869395103E8,-0.015519967,-0.032905569,0.011755455337067795,0.042869070939978736,0.016505562928998338,-0.055574237,3182.44,3077.72,3113.9,3247.39,3300.99,3117.54,3232.61,3182.44,3077.72,3113.9,3247.38,3300.99,3253.91,3223.01,3182.52,3283.43,3437.31,3331.98,3020.01,3040.03,3054.06,3091.06,3213.8,3101.7,753004.7529,350959.7173,409737.2576,350639.4823,648681.6561,354065.2525,2.349770569706611E9,1.107001736175005E9,1.27825664574957E9,1.130886606539682E9,2.158479814331743E9,1.142845926865901E9,4888504,2936974,3277369,2410789,3802893,2900696,345284.5821,170776.7271,200807.9235,180484.1307,343645.0199,170674.3585,1.077195796137122E9,5.38990208723447E8,6.2655650038162E8,5.81935263184576E8,1.144000791641501E9,5.51595869395103E8,-0.015519967,-0.032905569,0.011755455337067795,0.042869070939978736,0.016505562928998338,-0.055574237,3182.44,3077.72,3113.9,3247.39,3300.99,3117.54,2869.68
2025-02-02T00:00:00,3182.44,3077.72,3113.9,3247.38,3300.99,3117.54,3223.01,3182.52,3283.43,3437.31,3331.98,3163.2,3040.03,3054.06,3091.06,3213.8,3101.7,2750.71,350959.7173,409737.2576,350639.4823,648681.6561,354065.2525,1050805.93,1.107001736175005E9,1.27825664574957E9,1.130886606539682E9,2.158479814331743E9,1.142845926865901E9,3.131430738391756E9,2936974,3277369,2410789,3802893,2900696,5974563,170776.7271,200807.9235,180484.1307,343645.0199,170674.3585,494989.1069,5.38990208723447E8,6.2655650038162E8,5.81935263184576E8,1.144000791641501E9,5.51595869395103E8,1.476742890842307E9,-0.032905569,0.011755455337067795,0.042869070939978736,0.016505562928998338,-0.055574237,-0.079504994,3077.72,3113.9,3247.39,3300.99,3117.54,2869.68,3182.44,3077.72,3113.9,3247.38,3300.99,3117.54,3223.01,3182.52,3283.43,3437.31,3331.98,3163.2,3040.03,3054.06,3091.06,3213.8,3101.7,2750.71,350959.7173,409737.2576,350639.4823,648681.6561,354065.2525,1050805.93,1.107001736175005E9,1.27825664574957E9,1.130886606539682E9,2.158479814331743E9,1.142845926865901E9,3.131430738391756E9,2936974,3277369,2410789,3802893,2900696,5974563,170776.7271,200807.9235,180484.1307,343645.0199,170674.3585,494989.1069,5.38990208723447E8,6.2655650038162E8,5.81935263184576E8,1.144000791641501E9,5.51595869395103E8,1.476742890842307E9,-0.032905569,0.011755455337067795,0.042869070939978736,0.016505562928998338,-0.055574237,-0.079504994,3077.72,3113.9,3247.39,3300.99,3117.54,2869.68,2879.9
2025-02-03T00:00:00,3077.72,3113.9,3247.38,3300.99,3117.54,2869.68,3182.52,3283.43,3437.31,3331.98,3163.2,2921,3054.06,3091.06,3213.8,3101.7,2750.71,2125.01,409737.2576,350639.4823,648681.6561,354065.2525,1050805.93,2807979.021,1.27825664574957E9,1.130886606539682E9,2.158479814331743E9,1.142845926865901E9,3.131430738391756E9,7.325488963974643E9,3277369,2410789,3802893,2900696,5974563,10550628,200807.9235,180484.1307,343645.0199,170674.3585,494989.1069,1344253.332,6.2655650038162E8,5.81935263184576E8,1.144000791641501E9,5.51595869395103E8,1.476742890842307E9,3.509887592196321E9,0.011755455337067795,0.042869070939978736,0.016505562928998338,-0.055574237,-0.079504994,0.003561373,3113.9,3247.39,3300.99,3117.54,2869.68,2879.9,3077.72,3113.9,3247.38,3300.99,3117.54,2869.68,3182.52,3283.43,3437.31,3331.98,3163.2,2921,3054.06,3091.06,3213.8,3101.7,2750.71,2125.01,409737.2576,350639.4823,648681.6561,354065.2525,1050805.93,2807979.021,1.27825664574957E9,1.130886606539682E9,2.158479814331743E9,1.142845926865901E9,3.131430738391756E9,7.325488963974643E9,3277369,2410789,3802893,2900696,5974563,10550628,200807.9235,180484.1307,343645.0199,170674.3585,494989.1069,1344253.332,6.2655650038162E8,5.81935263184576E8,1.144000791641501E9,5.51595869395103E8,1.476742890842307E9,3.509887592196321E9,0.011755455337067795,0.042869070939978736,0.016505562928998338,-0.055574237,-0.079504994,0.003561373,3113.9,3247.39,3300.99,3117.54,2869.68,2879.9,2731.19
2025-02-04T00:00:00,3113.9,3247.38,3300.99,3117.54,2869.68,2879.89,3283.43,3437.31,3331.98,3163.2,2921,2888.5,3091.06,3213.8,3101.7,2750.71,2125.01,2632.6,350639.4823,648681.6561,354065.2525,1050805.93,2807979.021,1259594.392,1.130886606539682E9,2.158479814331743E9,1.142845926865901E9,3.131430738391756E9,7.325488963974643E9,3.47767014318934E9,2410789,3802893,2900696,5974563,10550628,4767588,180484.1307,343645.0199,170674.3585,494989.1069,1344253.332,602952.4706,5.81935263184576E8,1.144000791641501E9,5.51595869395103E8,1.476742890842307E9,3.509887592196321E9,1.664512055454141E9,0.042869070939978736,0.016505562928998338,-0.055574237,-0.079504994,0.003561373,-0.05163721,3247.39,3300.99,3117.54,2869.68,2879.9,2731.19,3113.9,3247.38,3300.99,3117.54,2869.68,2879.89,3283.43,3437.31,3331.98,3163.2,2921,2888.5,3091.06,3213.8,3101.7,2750.71,2125.01,2632.6,350639.4823,648681.6561,354065.2525,1050805.93,2807979.021,1259594.392,1.130886606539682E9,2.158479814331743E9,1.142845926865901E9,3.131430738391756E9,7.325488963974643E9,3.47767014318934E9,2410789,3802893,2900696,5974563,10550628,4767588,180484.1307,343645.0199,170674.3585,494989.1069,1344253.332,602952.4706,5.81935263184576E8,1.144000791641501E9,5.51595869395103E8,1.476742890842307E9,3.509887592196321E9,1.664512055454141E9,0.042869070939978736,0.016505562928998338,-0.055574237,-0.079504994,0.003561373,-0.05163721,3247.39,3300.99,3117.54,2869.68,2879.9,2731.19,2788.25
2025-02-05T00:00:00,3247.38,3300.99,3117.54,2869.68,2879.89,2731.19,3437.31,3331.98,3163.2,2921,2888.5,2826.95,3213.8,3101.7,2750.71,2125.01,2632.6,2699.13,648681.6561,354065.2525,1050805.93,2807979.021,1259594.392,686593.0429,2.158479814331743E9,1.142845926865901E9,3.131430738391756E9,7.325488963974643E9,3.47767014318934E9,1.897054238490223E9,3802893,2900696,5974563,10550628,4767588,3498289,343645.0199,170674.3585,494989.1069,1344253.332,602952.4706,327991.4256,1.144000791641501E9,5.51595869395103E8,1.476742890842307E9,3.509887592196321E9,1.664512055454141E9,9.06340721064559E8,0.016505562928998338,-0.055574237,-0.079504994,0.003561373,-0.05163721,0.020891992135296314,3300.99,3117.54,2869.68,2879.9,2731.19,2788.25,3247.38,3300.99,3117.54,2869.68,2879.89,2731.19,3437.31,3331.98,3163.2,2921,2888.5,2826.95,3213.8,3101.7,2750.71,2125.01,2632.6,2699.13,648681.6561,354065.2525,1050805.93,2807979.021,1259594.392,686593.0429,2.158479814331743E9,1.142845926865901E9,3.131430738391756E9,7.325488963974643E9,3.47767014318934E9,1.897054238490223E9,3802893,2900696,5974563,10550628,4767588,3498289,343645.0199,170674.3585,494989.1069,1344253.332,602952.4706,327991.4256,1.144000791641501E9,5.51595869395103E8,1.476742890842307E9,3.509887592196321E9,1.664512055454141E9,9.06340721064559E8,0.016505562928998338,-0.055574237,-0.079504994,0.003561373,-0.05163721,0.020891992135296314,3300.99,3117.54,2869.68,2879.9,2731.19,2788.25,2686.64
2025-02-06T00:00:00,3300.99,3117.54,2869.68,2879.89,2731.19,2788.25,3331.98,3163.2,2921,2888.5,2826.95,2857.64,3101.7,2750.71,2125.01,2632.6,2699.13,2655.28,354065.2525,1050805.93,2807979.021,1259594.392,686593.0429,719459.9571,1.142845926865901E9,3.131430738391756E9,7.325488963974643E9,3.47767014318934E9,1.897054238490223E9,1.981674881322119E9,2900696,5974563,10550628,4767588,3498289,3805682,170674.3585,494989.1069,1344253.332,602952.4706,327991.4256,325809.3292,5.51595869395103E8,1.476742890842307E9,3.509887592196321E9,1.664512055454141E9,9.06340721064559E8,8.97799508979957E8,-0.055574237,-0.079504994,0.003561373,-0.05163721,0.020891992135296314,-0.036442213,3117.54,2869.68,2879.9,2731.19,2788.25,2686.64,3300.99,3117.54,2869.68,2879.89,2731.19,2788.25,3331.98,3163.2,2921,2888.5,2826.95,2857.64,3101.7,2750.71,2125.01,2632.6,2699.13,2655.28,354065.2525,1050805.93,2807979.021,1259594.392,686593.0429,719459.9571,1.142845926865901E9,3.131430738391756E9,7.325488963974643E9,3.47767014318934E9,1.897054238490223E9,1.981674881322119E9,2900696,5974563,10550628,4767588,3498289,3805682,170674.3585,494989.1069,1344253.332,602952.4706,327991.4256,325809.3292,5.51595869395103E8,1.476742890842307E9,3.509887592196321E9,1.664512055454141E9,9.06340721064559E8,8.97799508979957E8,-0.055574237,-0.079504994,0.003561373,-0.05163721,0.020891992135296314,-0.036442213,3117.54,2869.68,2879.9,2731.19,2788.25,2686.64,2622.1
2025-02-07T00:00:00,3117.54,2869.68,2879.89,2731.19,2788.25,2686.63,3163.2,2921,2888.5,2826.95,2857.64,2797.5,2750.71,2125.01,2632.6,2699.13,2655.28,2562.51,1050805.93,2807979.021,1259594.392,686593.0429,719459.9571,695467.3612,3.131430738391756E9,7.325488963974643E9,3.47767014318934E9,1.897054238490223E9,1.981674881322119E9,1.875060380334312E9,5974563,10550628,4767588,3498289,3805682,3272698,494989.1069,1344253.332,602952.4706,327991.4256,325809.3292,327218.1388,1.476742890842307E9,3.509887592196321E9,1.664512055454141E9,9.06340721064559E8,8.97799508979957E8,8.82532535722566E8,-0.079504994,0.003561373,-0.05163721,0.020891992135296314,-0.036442213,-0.024022571,2869.68,2879.9,2731.19,2788.25,2686.64,2622.1,3117.54,2869.68,2879.89,2731.19,2788.25,2686.63,3163.2,2921,2888.5,2826.95,2857.64,2797.5,2750.71,2125.01,2632.6,2699.13,2655.28,2562.51,1050805.93,2807979.021,1259594.392,686593.0429,719459.9571,695467.3612,3.131430738391756E9,7.325488963974643E9,3.47767014318934E9,1.897054238490223E9,1.981674881322119E9,1.875060380334312E9,5974563,10550628,4767588,3498289,3805682,3272698,494989.1069,1344253.332,602952.4706,327991.4256,325809.3292,327218.1388,1.476742890842307E9,3.509887592196321E9,1.664512055454141E9,9.06340721064559E8,8.97799508979957E8,8.82532535722566E8,-0.079504994,0.003561373,-0.05163721,0.020891992135296314,-0.036442213,-0.024022571,2869.68,2879.9,2731.19,2788.25,2686.64,2622.1,2632.46
2025-02-08T00:00:00,2869.68,2879.89,2731.19,2788.25,2686.63,2622.11,2921,2888.5,2826.95,2857.64,2797.5,2667.3,2125.01,2632.6,2699.13,2655.28,2562.51,2588.8,2807979.021,1259594.392,686593.0429,719459.9571,695467.3612,379685.1509,7.325488963974643E9,3.47767014318934E9,1.897054238490223E9,1.981674881322119E9,1.875060380334312E9,9.96898803984915E8,10550628,4767588,3498289,3805682,3272698,1865406,1344253.332,602952.4706,327991.4256,325809.3292,327218.1388,182406.1592,3.509887592196321E9,1.664512055454141E9,9.06340721064559E8,8.97799508979957E8,8.82532535722566E8,4.78945902373384E8,0.003561373,-0.05163721,0.020891992135296314,-0.036442213,-0.024022571,0.003951032,2879.9,2731.19,2788.25,2686.64,2622.1,2632.46,2869.68,2879.89,2731.19,2788.25,2686.63,2622.11,2921,2888.5,2826.95,2857.64,2797.5,2667.3,2125.01,2632.6,2699.13,2655.28,2562.51,2588.8,2807979.021,1259594.392,686593.0429,719459.9571,695467.3612,379685.1509,7.325488963974643E9,3.47767014318934E9,1.897054238490223E9,1.981674881322119E9,1.875060380334312E9,9.96898803984915E8,10550628,4767588,3498289,3805682,3272698,1865406,1344253.332,602952.4706,327991.4256,325809.3292,327218.1388,182406.1592,3.509887592196321E9,1.664512055454141E9,9.06340721064559E8,8.97799508979957E8,8.82532535722566E8,4.78945902373384E8,0.003561373,-0.05163721,0.020891992135296314,-0.036442213,-0.024022571,0.003951032,2879.9,2731.19,2788.25,2686.64,2622.1,2632.46,2627.18
2025-02-09T00:00:00,2879.89,2731.19,2788.25,2686.63,2622.11,2632.46,2888.5,2826.95,2857.64,2797.5,2667.3,2698.9,2632.6,2699.13,2655.28,2562.51,2588.8,2520.02,1259594.392,686593.0429,719459.9571,695467.3612,379685.1509,387166.7911,3.47767014318934E9,1.897054238490223E9,1.981674881322119E9,1.875060380334312E9,9.96898803984915E8,1.016386052050485E9,4767588,3498289,3805682,3272698,1865406,2319910,602952.4706,327991.4256,325809.3292,327218.1388,182406.1592,185314.8373,1.664512055454141E9,9.06340721064559E8,8.97799508979957E8,8.82532535722566E8,4.78945902373384E8,4.86833033685477E8,-0.05163721,0.020891992135296314,-0.036442213,-0.024022571,0.003951032,-0.002005728,2731.19,2788.25,2686.64,2622.1,2632.46,2627.18,2879.89,2731.19,2788.25,2686.63,2622.11,2632.46,2888.5,2826.95,2857.64,2797.5,2667.3,2698.9,2632.6,2699.13,2655.28,2562.51,2588.8,2520.02,1259594.392,686593.0429,719459.9571,695467.3612,379685.1509,387166.7911,3.47767014318934E9,1.897054238490223E9,1.981674881322119E9,1.875060380334312E9,9.96898803984915E8,1.016386052050485E9,4767588,3498289,3805682,3272698,1865406,2319910,602952.4706,327991.4256,325809.3292,327218.1388,182406.1592,185314.8373,1.664512055454141E9,9.06340721064559E8,8.97799508979957E8,8.82532535722566E8,4.78945902373384E8,4.86833033685477E8,-0.05163721,0.020891992135296314,-0.036442213,-0.024022571,0.003951032,-0.002005728,2731.19,2788.25,2686.64,2622.1,2632.46,2627.18,2661.19
2025-02-10T00:00:00,2731.19,2788.25,2686.63,2622.11,2632.46,2627.18,2826.95,2857.64,2797.5,2667.3,2698.9,2693.79,2699.13,2655.28,2562.51,2588.8,2520.02,2559.85,686593.0429,719459.9571,695467.3612,379685.1509,387166.7911,398173.2716,1.897054238490223E9,1.981674881322119E9,1.875060380334312E9,9.96898803984915E8,1.016386052050485E9,1.05170823255688E9,3498289,3805682,3272698,1865406,2319910,2736600,327991.4256,325809.3292,327218.1388,182406.1592,185314.8373,195023.1915,9.06340721064559E8,8.97799508979957E8,8.82532535722566E8,4.78945902373384E8,4.86833033685477E8,5.1509398036806E8,0.020891992135296314,-0.036442213,-0.024022571,0.003951032,-0.002005728,0.012945439596830146,2788.25,2686.64,2622.1,2632.46,2627.18,2661.19,2731.19,2788.25,2686.63,2622.11,2632.46,2627.18,2826.95,2857.64,2797.5,2667.3,2698.9,2693.79,2699.13,2655.28,2562.51,2588.8,2520.02,2559.85,686593.0429,719459.9571,695467.3612,379685.1509,387166.7911,398173.2716,1.897054238490223E9,1.981674881322119E9,1.875060380334312E9,9.96898803984915E8,1.016386052050485E9,1.05170823255688E9,3498289,3805682,3272698,1865406,2319910,2736600,327991.4256,325809.3292,327218.1388,182406.1592,185314.8373,195023.1915,9.06340721064559E8,8.97799508979957E8,8.82532535722566E8,4.78945902373384E8,4.86833033685477E8,5.1509398036806E8,0.020891992135296314,-0.036442213,-0.024022571,0.003951032,-0.002005728,0.012945439596830146,2788.25,2686.64,2622.1,2632.46,2627.18,2661.19,2602.59
2025-02-11T00:00:00,2788.25,2686.63,2622.11,2632.46,2627.18,2661.19,2857.64,2797.5,2667.3,2698.9,2693.79,2725.04,2655.28,2562.51,2588.8,2520.02,2559.85,2558.24,719459.9571,695467.3612,379685.1509,387166.7911,398173.2716,484196.1435,1.981674881322119E9,1.875060380334312E9,9.96898803984915E8,1.016386052050485E9,1.05170823255688E9,1.286091770773805E9,3805682,3272698,1865406,2319910,2736600,2776008,325809.3292,327218.1388,182406.1592,185314.8373,195023.1915,226374.751,8.97799508979957E8,8.82532535722566E8,4.78945902373384E8,4.86833033685477E8,5.1509398036806E8,6.02010853065178E8,-0.036442213,-0.024022571,0.003951032,-0.002005728,0.012945439596830146,-0.022020224,2686.64,2622.1,2632.46,2627.18,2661.19,2602.59,2788.25,2686.63,2622.11,2632.46,2627.18,2661.19,2857.64,2797.5,2667.3,2698.9,2693.79,2725.04,2655.28,2562.51,2588.8,2520.02,2559.85,2558.24,719459.9571,695467.3612,379685.1509,387166.7911,398173.2716,484196.1435,1.981674881322119E9,1.875060380334312E9,9.96898803984915E8,1.016386052050485E9,1.05170823255688E9,1.286091770773805E9,3805682,3272698,1865406,2319910,2736600,2776008,325809.3292,327218.1388,182406.1592,185314.8373,195023.1915,226374.751,8.97799508979957E8,8.82532535722566E8,4.78945902373384E8,4.86833033685477E8,5.1509398036806E8,6.02010853065178E8,-0.036442213,-0.024022571,0.003951032,-0.002005728,0.012945439596830146,-0.022020224,2686.64,2622.1,2632.46,2627.18,2661.19,2602.59,2738.27
2025-02-12T00:00:00,2686.63,2622.11,2632.46,2627.18,2661.19,2602.59,2797.5,2667.3,2698.9,2693.79,2725.04,2795.45,2562.51,2588.8,2520.02,2559.85,2558.24,2546.92,695467.3612,379685.1509,387166.7911,398173.2716,484196.1435,646295.8959,1.875060380334312E9,9.96898803984915E8,1.016386052050485E9,1.05170823255688E9,1.286091770773805E9,1.705436939533127E9,3272698,1865406,2319910,2736600,2776008,4190060,327218.1388,182406.1592,185314.8373,195023.1915,226374.751,324858.6193,8.82532535722566E8,4.78945902373384E8,4.86833033685477E8,5.1509398036806E8,6.02010853065178E8,8.58009920218688E8,-0.024022571,0.003951032,-0.002005728,0.012945439596830146,-0.022020224,0.052132683,2622.1,2632.46,2627.18,2661.19,2602.59,2738.27,2686.63,2622.11,2632.46,2627.18,2661.19,2602.59,2797.5,2667.3,2698.9,2693.79,2725.04,2795.45,2562.51,2588.8,2520.02,2559.85,2558.24,2546.92,695467.3612,379685.1509,387166.7911,398173.2716,484196.1435,646295.8959,1.875060380334312E9,9.96898803984915E8,1.016386052050485E9,1.05170823255688E9,1.286091770773805E9,1.705436939533127E9,3272698,1865406,2319910,2736600,2776008,4190060,327218.1388,182406.1592,185314.8373,195023.1915,226374.751,324858.6193,8.82532535722566E8,4.78945902373384E8,4.86833033685477E8,5.1509398036806E8,6.02010853065178E8,8.58009920218688E8,-0.024022571,0.003951032,-0.002005728,0.012945439596830146,-0.022020224,0.052132683,2622.1,2632.46,2627.18,2661.19,2602.59,2738.27,2675.87
2025-02-13T00:00:00,2622.11,2632.46,2627.18,2661.19,2602.59,2738.27,2667.3,2698.9,2693.79,2725.04,2795.45,2757.28,2588.8,2520.02,2559.85,2558.24,2546.92,2612.76,379685.1509,387166.7911,398173.2716,484196.1435,646295.8959,443769.2853,9.96898803984915E8,1.016386052050485E9,1.05170823255688E9,1.286091770773805E9,1.705436939533127E9,1.185301387824423E9,1865406,2319910,2736600,2776008,4190060,3213834,182406.1592,185314.8373,195023.1915,226374.751,324858.6193,217787.6458,4.78945902373384E8,4.86833033685477E8,5.1509398036806E8,6.02010853065178E8,8.58009920218688E8,5.81683038436098E8,0.003951032,-0.002005728,0.012945439596830146,-0.022020224,0.052132683,-0.022788111,2632.46,2627.18,2661.19,2602.59,2738.27,2675.87,2622.11,2632.46,2627.18,2661.19,2602.59,2738.27,2667.3,2698.9,2693.79,2725.04,2795.45,2757.28,2588.8,2520.02,2559.85,2558.24,2546.92,2612.76,379685.1509,387166.7911,398173.2716,484196.1435,646295.8959,443769.2853,9.96898803984915E8,1.016386052050485E9,1.05170823255688E9,1.286091770773805E9,1.705436939533127E9,1.185301387824423E9,1865406,2319910,2736600,2776008,4190060,3213834,182406.1592,185314.8373,195023.1915,226374.751,324858.6193,217787.6458,4.78945902373384E8,4.86833033685477E8,5.1509398036806E8,6.02010853065178E8,8.58009920218688E8,5.81683038436098E8,0.003951032,-0.002005728,0.012945439596830146,-0.022020224,0.052132683,-0.022788111,2632.46,2627.18,2661.19,2602.59,2738.27,2675.87,2725.95
2025-02-14T00:00:00,2632.46,2627.18,2661.19,2602.59,2738.27,2675.87,2698.9,2693.79,2725.04,2795.45,2757.28,2791.78,2520.02,2559.85,2558.24,2546.92,2612.76,2664.46,387166.7911,398173.2716,484196.1435,646295.8959,443769.2853,419895.7862,1.016386052050485E9,1.05170823255688E9,1.286091770773805E9,1.705436939533127E9,1.185301387824423E9,1.142877818043903E9,2319910,2736600,2776008,4190060,3213834,2645594,185314.8373,195023.1915,226374.751,324858.6193,217787.6458,222908.7801,4.86833033685477E8,5.1509398036806E8,6.02010853065178E8,8.58009920218688E8,5.81683038436098E8,6.06858652139505E8,-0.002005728,0.012945439596830146,-0.022020224,0.052132683,-0.022788111,0.018715408,2627.18,2661.19,2602.59,2738.27,2675.87,2725.95,2632.46,2627.18,2661.19,2602.59,2738.27,2675.87,2698.9,2693.79,2725.04,2795.45,2757.28,2791.78,2520.02,2559.85,2558.24,2546.92,2612.76,2664.46,387166.7911,398173.2716,484196.1435,646295.8959,443769.2853,419895.7862,1.016386052050485E9,1.05170823255688E9,1.286091770773805E9,1.705436939533127E9,1.185301387824423E9,1.142877818043903E9,2319910,2736600,2776008,4190060,3213834,2645594,185314.8373,195023.1915,226374.751,324858.6193,217787.6458,222908.7801,4.86833033685477E8,5.1509398036806E8,6.02010853065178E8,8.58009920218688E8,5.81683038436098E8,6.06858652139505E8,-0.002005728,0.012945439596830146,-0.022020224,0.052132683,-0.022788111,0.018715408,2627.18,2661.19,2602.59,2738.27,2675.87,2725.95,2693.04
2025-02-15T00:00:00,2627.18,2661.19,2602.59,2738.27,2675.87,2725.95,2693.79,2725.04,2795.45,2757.28,2791.78,2739,2559.85,2558.24,2546.92,2612.76,2664.46,2662.28,398173.2716,484196.1435,646295.8959,443769.2853,419895.7862,202971.4295,1.05170823255688E9,1.286091770773805E9,1.705436939533127E9,1.185301387824423E9,1.142877818043903E9,5.48554180222323E8,2736600,2776008,4190060,3213834,2645594,1678502,195023.1915,226374.751,324858.6193,217787.6458,222908.7801,90810.3179,5.1509398036806E8,6.02010853065178E8,8.58009920218688E8,5.81683038436098E8,6.06858652139505E8,2.45463912573468E8,0.012945439596830146,-0.022020224,0.052132683,-0.022788111,0.018715408,-0.012072855,2661.19,2602.59,2738.27,2675.87,2725.95,2693.04,2627.18,2661.19,2602.59,2738.27,2675.87,2725.95,2693.79,2725.04,2795.45,2757.28,2791.78,2739,2559.85,2558.24,2546.92,2612.76,2664.46,2662.28,398173.2716,484196.1435,646295.8959,443769.2853,419895.7862,202971.4295,1.05170823255688E9,1.286091770773805E9,1.705436939533127E9,1.185301387824423E9,1.142877818043903E9,5.48554180222323E8,2736600,2776008,4190060,3213834,2645594,1678502,195023.1915,226374.751,324858.6193,217787.6458,222908.7801,90810.3179,5.1509398036806E8,6.02010853065178E8,8.58009920218688E8,5.81683038436098E8,6.06858652139505E8,2.45463912573468E8,0.012945439596830146,-0.022020224,0.052132683,-0.022788111,0.018715408,-0.012072855,2661.19,2602.59,2738.27,2675.87,2725.95,2693.04,2661.41
2025-02-16T00:00:00,2661.19,2602.59,2738.27,2675.87,2725.95,2693.04,2725.04,2795.45,2757.28,2791.78,2739,2727.31,2558.24,2546.92,2612.76,2664.46,2662.28,2651.26,484196.1435,646295.8959,443769.2853,419895.7862,202971.4295,191231.5314,1.286091770773805E9,1.705436939533127E9,1.185301387824423E9,1.142877818043903E9,5.48554180222323E8,5.14482095174283E8,2776008,4190060,3213834,2645594,1678502,1449884,226374.751,324858.6193,217787.6458,222908.7801,90810.3179,89433.4055,6.02010853065178E8,8.58009920218688E8,5.81683038436098E8,6.06858652139505E8,2.45463912573468E8,2.40599550812392E8,-0.022020224,0.052132683,-0.022788111,0.018715408,-0.012072855,-0.011745091,2602.59,2738.27,2675.87,2725.95,2693.04,2661.41,2661.19,2602.59,2738.27,2675.87,2725.95,2693.04,2725.04,2795.45,2757.28,2791.78,2739,2727.31,2558.24,2546.92,2612.76,2664.46,2662.28,2651.26,484196.1435,646295.8959,443769.2853,419895.7862,202971.4295,191231.5314,1.286091770773805E9,1.705436939533127E9,1.185301387824423E9,1.142877818043903E9,5.48554180222323E8,5.14482095174283E8,2776008,4190060,3213834,2645594,1678502,1449884,226374.751,324858.6193,217787.6458,222908.7801,90810.3179,89433.4055,6.02010853065178E8,8.58009920218688E8,5.81683038436098E8,6.06858652139505E8,2.45463912573468E8,2.40599550812392E8,-0.022020224,0.052132683,-0.022788111,0.018715408,-0.012072855,-0.011745091,2602.59,2738.27,2675.87,2725.95,2693.04,2661.41,2744.05
2025-02-17T00:00:00,2602.59,2738.27,2675.87,2725.95,2693.04,2661.41,2795.45,2757.28,2791.78,2739,2727.31,2849.7,2546.92,2612.76,2664.46,2662.28,2651.26,2637.71,646295.8959,443769.2853,419895.7862,202971.4295,191231.5314,639739.8197,1.705436939533127E9,1.185301387824423E9,1.142877818043903E9,5.48554180222323E8,5.14482095174283E8,1.752388687805609E9,4190060,3213834,2645594,1678502,1449884,3881592,324858.6193,217787.6458,222908.7801,90810.3179,89433.4055,329950.3751,8.58009920218688E8,5.81683038436098E8,6.06858652139505E8,2.45463912573468E8,2.40599550812392E8,9.04399237600089E8,0.052132683,-0.022788111,0.018715408,-0.012072855,-0.011745091,0.031051209697115563,2738.27,2675.87,2725.95,2693.04,2661.41,2744.05,2602.59,2738.27,2675.87,2725.95,2693.04,2661.41,2795.45,2757.28,2791.78,2739,2727.31,2849.7,2546.92,2612.76,2664.46,2662.28,2651.26,2637.71,646295.8959,443769.2853,419895.7862,202971.4295,191231.5314,639739.8197,1.705436939533127E9,1.185301387824423E9,1.142877818043903E9,5.48554180222323E8,5.14482095174283E8,1.752388687805609E9,4190060,3213834,2645594,1678502,1449884,3881592,324858.6193,217787.6458,222908.7801,90810.3179,89433.4055,329950.3751,8.58009920218688E8,5.81683038436098E8,6.06858652139505E8,2.45463912573468E8,2.40599550812392E8,9.04399237600089E8,0.052132683,-0.022788111,0.018715408,-0.012072855,-0.011745091,0.031051209697115563,2738.27,2675.87,2725.95,2693.04,2661.41,2744.05,2671.99
2025-02-18T00:00:00,2738.27,2675.87,2725.95,2693.04,2661.41,2744.05,2757.28,2791.78,2739,2727.31,2849.7,2756.93,2612.76,2664.46,2662.28,2651.26,2637.71,2605.44,443769.2853,419895.7862,202971.4295,191231.5314,639739.8197,604863.8737,1.185301387824423E9,1.142877818043903E9,5.48554180222323E8,5.14482095174283E8,1.752388687805609E9,1.616153629018717E9,3213834,2645594,1678502,1449884,3881592,3898156,217787.6458,222908.7801,90810.3179,89433.4055,329950.3751,285508.8694,5.81683038436098E8,6.06858652139505E8,2.45463912573468E8,2.40599550812392E8,9.04399237600089E8,7.62964442385853E8,-0.022788111,0.018715408,-0.012072855,-0.011745091,0.031051209697115563,-0.026260454,2675.87,2725.95,2693.04,2661.41,2744.05,2671.99,2738.27,2675.87,2725.95,2693.04,2661.41,2744.05,2757.28,2791.78,2739,2727.31,2849.7,2756.93,2612.76,2664.46,2662.28,2651.26,2637.71,2605.44,443769.2853,419895.7862,202971.4295,191231.5314,639739.8197,604863.8737,1.185301387824423E9,1.142877818043903E9,5.48554180222323E8,5.14482095174283E8,1.752388687805609E9,1.616153629018717E9,3213834,2645594,1678502,1449884,3881592,3898156,217787.6458,222908.7801,90810.3179,89433.4055,329950.3751,285508.8694,5.81683038436098E8,6.06858652139505E8,2.45463912573468E8,2.40599550812392E8,9.04399237600089E8,7.62964442385853E8,-0.022788111,0.018715408,-0.012072855,-0.011745091,0.031051209697115563,-0.026260454,2675.87,2725.95,2693.04,2661.41,2744.05,2671.99,2715.5
2025-02-19T00:00:00,2675.87,2725.95,2693.04,2661.41,2744.05,2672,2791.78,2739,2727.31,2849.7,2756.93,2736.7,2664.46,2662.28,2651.26,2637.71,2605.44,2656.03,419895.7862,202971.4295,191231.5314,639739.8197,604863.8737,326154.0202,1.142877818043903E9,5.48554180222323E8,5.14482095174283E8,1.752388687805609E9,1.616153629018717E9,8.82047186131933E8,2645594,1678502,1449884,3881592,3898156,2376004,222908.7801,90810.3179,89433.4055,329950.3751,285508.8694,163604.8767,6.06858652139505E8,2.45463912573468E8,2.40599550812392E8,9.04399237600089E8,7.62964442385853E8,4.42601160332459E8,0.018715408,-0.012072855,-0.011745091,0.031051209697115563,-0.026260454,0.016283743576884727,2725.95,2693.04,2661.41,2744.05,2671.99,2715.5,2675.87,2725.95,2693.04,2661.41,2744.05,2672,2791.78,2739,2727.31,2849.7,2756.93,2736.7,2664.46,2662.28,2651.26,2637.71,2605.44,2656.03,419895.7862,202971.4295,191231.5314,639739.8197,604863.8737,326154.0202,1.142877818043903E9,5.48554180222323E8,5.14482095174283E8,1.752388687805609E9,1.616153629018717E9,8.82047186131933E8,2645594,1678502,1449884,3881592,3898156,2376004,222908.7801,90810.3179,89433.4055,329950.3751,285508.8694,163604.8767,6.06858652139505E8,2.45463912573468E8,2.40599550812392E8,9.04399237600089E8,7.62964442385853E8,4.42601160332459E8,0.018715408,-0.012072855,-0.011745091,0.031051209697115563,-0.026260454,0.016283743576884727,2725.95,2693.04,2661.41,2744.05,2671.99,2715.5,2738.04
2025-02-20T00:00:00,2725.95,2693.04,2661.41,2744.05,2672,2715.51,2739,2727.31,2849.7,2756.93,2736.7,2770.59,2662.28,2651.26,2637.71,2605.44,2656.03,2707.18,202971.4295,191231.5314,639739.8197,604863.8737,326154.0202,336735.2544,5.48554180222323E8,5.14482095174283E8,1.752388687805609E9,1.616153629018717E9,8.82047186131933E8,9.21476439354937E8,1678502,1449884,3881592,3898156,2376004,2096063,90810.3179,89433.4055,329950.3751,285508.8694,163604.8767,170515.6667,2.45463912573468E8,2.40599550812392E8,9.04399237600089E8,7.62964442385853E8,4.42601160332459E8,4.66756209201236E8,-0.012072855,-0.011745091,0.031051209697115563,-0.026260454,0.016283743576884727,0.008300497,2693.04,2661.41,2744.05,2671.99,2715.5,2738.04,2725.95,2693.04,2661.41,2744.05,2672,2715.51,2739,2727.31,2849.7,2756.93,2736.7,2770.59,2662.28,2651.26,2637.71,2605.44,2656.03,2707.18,202971.4295,191231.5314,639739.8197,604863.8737,326154.0202,336735.2544,5.48554180222323E8,5.14482095174283E8,1.752388687805609E9,1.616153629018717E9,8.82047186131933E8,9.21476439354937E8,1678502,1449884,3881592,3898156,2376004,2096063,90810.3179,89433.4055,329950.3751,285508.8694,163604.8767,170515.6667,2.45463912573468E8,2.40599550812392E8,9.04399237600089E8,7.62964442385853E8,4.42601160332459E8,4.66756209201236E8,-0.012072855,-0.011745091,0.031051209697115563,-0.026260454,0.016283743576884727,0.008300497,2693.04,2661.41,2744.05,2671.99,2715.5,2738.04,2663
2025-02-21T00:00:00,2693.04,2661.41,2744.05,2672,2715.51,2738.04,2727.31,2849.7,2756.93,2736.7,2770.59,2845.32,2651.26,2637.71,2605.44,2656.03,2707.18,2616.72,191231.5314,639739.8197,604863.8737,326154.0202,336735.2544,890440.0604,5.14482095174283E8,1.752388687805609E9,1.616153629018717E9,8.82047186131933E8,9.21476439354937E8,2.429306635177234E9,1449884,3881592,3898156,2376004,2096063,3872201,89433.4055,329950.3751,285508.8694,163604.8767,170515.6667,428879.7345,2.40599550812392E8,9.04399237600089E8,7.62964442385853E8,4.42601160332459E8,4.66756209201236E8,1.170981749414793E9,-0.011745091,0.031051209697115563,-0.026260454,0.016283743576884727,0.008300497,-0.027406466,2661.41,2744.05,2671.99,2715.5,2738.04,2663,2693.04,2661.41,2744.05,2672,2715.51,2738.04,2727.31,2849.7,2756.93,2736.7,2770.59,2845.32,2651.26,2637.71,2605.44,2656.03,2707.18,2616.72,191231.5314,639739.8197,604863.8737,326154.0202,336735.2544,890440.0604,5.14482095174283E8,1.752388687805609E9,1.616153629018717E9,8.82047186131933E8,9.21476439354937E8,2.429306635177234E9,1449884,3881592,3898156,2376004,2096063,3872201,89433.4055,329950.3751,285508.8694,163604.8767,170515.6667,428879.7345,2.40599550812392E8,9.04399237600089E8,7.62964442385853E8,4.42601160332459E8,4.66756209201236E8,1.170981749414793E9,-0.011745091,0.031051209697115563,-0.026260454,0.016283743576884727,0.008300497,-0.027406466,2661.41,2744.05,2671.99,2715.5,2738.04,2663,2763.22
2025-02-22T00:00:00,2661.41,2744.05,2672,2715.51,2738.04,2663,2849.7,2756.93,2736.7,2770.59,2845.32,2798.07,2637.71,2605.44,2656.03,2707.18,2616.72,2653.33,639739.8197,604863.8737,326154.0202,336735.2544,890440.0604,444989.6669,1.752388687805609E9,1.616153629018717E9,8.82047186131933E8,9.21476439354937E8,2.429306635177234E9,1.214059511899935E9,3881592,3898156,2376004,2096063,3872201,2597168,329950.3751,285508.8694,163604.8767,170515.6667,428879.7345,248387.7772,9.04399237600089E8,7.62964442385853E8,4.42601160332459E8,4.66756209201236E8,1.170981749414793E9,6.77008292573996E8,0.031051209697115563,-0.026260454,0.016283743576884727,0.008300497,-0.027406466,0.037634247,2744.05,2671.99,2715.5,2738.04,2663,2763.22,2661.41,2744.05,2672,2715.51,2738.04,2663,2849.7,2756.93,2736.7,2770.59,2845.32,2798.07,2637.71,2605.44,2656.03,2707.18,2616.72,2653.33,639739.8197,604863.8737,326154.0202,336735.2544,890440.0604,444989.6669,1.752388687805609E9,1.616153629018717E9,8.82047186131933E8,9.21476439354937E8,2.429306635177234E9,1.214059511899935E9,3881592,3898156,2376004,2096063,3872201,2597168,329950.3751,285508.8694,163604.8767,170515.6667,428879.7345,248387.7772,9.04399237600089E8,7.62964442385853E8,4.42601160332459E8,4.66756209201236E8,1.170981749414793E9,6.77008292573996E8,0.031051209697115563,-0.026260454,0.016283743576884727,0.008300497,-0.027406466,0.037634247,2744.05,2671.99,2715.5,2738.04,2663,2763.22,2819.69
2025-02-23T00:00:00,2744.05,2672,2715.51,2738.04,2663,2763.23,2756.93,2736.7,2770.59,2845.32,2798.07,2857.34,2605.44,2656.03,2707.18,2616.72,2653.33,2745.41,604863.8737,326154.0202,336735.2544,890440.0604,444989.6669,611002.1222,1.616153629018717E9,8.82047186131933E8,9.21476439354937E8,2.429306635177234E9,1.214059511899935E9,1.711849865819046E9,3898156,2376004,2096063,3872201,2597168,2796506,285508.8694,163604.8767,170515.6667,428879.7345,248387.7772,321625.3377,7.62964442385853E8,4.42601160332459E8,4.66756209201236E8,1.170981749414793E9,6.77008292573996E8,9.01407652084993E8,-0.026260454,0.016283743576884727,0.008300497,-0.027406466,0.037634247,0.020436302574532703,2671.99,2715.5,2738.04,2663,2763.22,2819.69,2744.05,2672,2715.51,2738.04,2663,2763.23,2756.93,2736.7,2770.59,2845.32,2798.07,2857.34,2605.44,2656.03,2707.18,2616.72,2653.33,2745.41,604863.8737,326154.0202,336735.2544,890440.0604,444989.6669,611002.1222,1.616153629018717E9,8.82047186131933E8,9.21476439354937E8,2.429306635177234E9,1.214059511899935E9,1.711849865819046E9,3898156,2376004,2096063,3872201,2597168,2796506,285508.8694,163604.8767,170515.6667,428879.7345,248387.7772,321625.3377,7.62964442385853E8,4.42601160332459E8,4.66756209201236E8,1.170981749414793E9,6.77008292573996E8,9.01407652084993E8,-0.026260454,0.016283743576884727,0.008300497,-0.027406466,0.037634247,0.020436302574532703,2671.99,2715.5,2738.04,2663,2763.22,2819.69,2513.52
2025-02-24T00:00:00,2672,2715.51,2738.04,2663,2763.23,2819.7,2736.7,2770.59,2845.32,2798.07,2857.34,2839.95,2656.03,2707.18,2616.72,2653.33,2745.41,2470.33,326154.0202,336735.2544,890440.0604,444989.6669,611002.1222,876876.3707,8.82047186131933E8,9.21476439354937E8,2.429306635177234E9,1.214059511899935E9,1.711849865819046E9,2.334572148661955E9,2376004,2096063,3872201,2597168,2796506,4737903,163604.8767,170515.6667,428879.7345,248387.7772,321625.3377,411575.6658,4.42601160332459E8,4.66756209201236E8,1.170981749414793E9,6.77008292573996E8,9.01407652084993E8,1.095102528763101E9,0.016283743576884727,0.008300497,-0.027406466,0.037634247,0.020436302574532703,-0.108582858,2715.5,2738.04,2663,2763.22,2819.69,2513.52,2672,2715.51,2738.04,2663,2763.23,2819.7,2736.7,2770.59,2845.32,2798.07,2857.34,2839.95,2656.03,2707.18,2616.72,2653.33,2745.41,2470.33,326154.0202,336735.2544,890440.0604,444989.6669,611002.1222,876876.3707,8.82047186131933E8,9.21476439354937E8,2.429306635177234E9,1.214059511899935E9,1.711849865819046E9,2.334572148661955E9,2376004,2096063,3872201,2597168,2796506,4737903,163604.8767,170515.6667,428879.7345,248387.7772,321625.3377,411575.6658,4.42601160332459E8,4.66756209201236E8,1.170981749414793E9,6.77008292573996E8,9.01407652084993E8,1.095102528763101E9,0.016283743576884727,0.008300497,-0.027406466,0.037634247,0.020436302574532703,-0.108582858,2715.5,2738.04,2663,2763.22,2819.69,2513.52,2495.7
2025-02-25T00:00:00,2715.51,2738.04,2663,2763.23,2819.7,2513.52,2770.59,2845.32,2798.07,2857.34,2839.95,2533.49,2707.18,2616.72,2653.33,2745.41,2470.33,2313.49,336735.2544,890440.0604,444989.6669,611002.1222,876876.3707,1322016.872,9.21476439354937E8,2.429306635177234E9,1.214059511899935E9,1.711849865819046E9,2.334572148661955E9,3.207776114782463E9,2096063,3872201,2597168,2796506,4737903,7076645,170515.6667,428879.7345,248387.7772,321625.3377,411575.6658,655424.217,4.66756209201236E8,1.170981749414793E9,6.77008292573996E8,9.01407652084993E8,1.095102528763101E9,1.590563026371759E9,0.008300497,-0.027406466,0.037634247,0.020436302574532703,-0.108582858,-0.007089659,2738.04,2663,2763.22,2819.69,2513.52,2495.7,2715.51,2738.04,2663,2763.23,2819.7,2513.52,2770.59,2845.32,2798.07,2857.34,2839.95,2533.49,2707.18,2616.72,2653.33,2745.41,2470.33,2313.49,336735.2544,890440.0604,444989.6669,611002.1222,876876.3707,1322016.872,9.21476439354937E8,2.429306635177234E9,1.214059511899935E9,1.711849865819046E9,2.334572148661955E9,3.207776114782463E9,2096063,3872201,2597168,2796506,4737903,7076645,170515.6667,428879.7345,248387.7772,321625.3377,411575.6658,655424.217,4.66756209201236E8,1.170981749414793E9,6.77008292573996E8,9.01407652084993E8,1.095102528763101E9,1.590563026371759E9,0.008300497,-0.027406466,0.037634247,0.020436302574532703,-0.108582858,-0.007089659,2738.04,2663,2763.22,2819.69,2513.52,2495.7,2336.37
2025-02-26T00:00:00,2738.04,2663,2763.23,2819.7,2513.52,2495.69,2845.32,2798.07,2857.34,2839.95,2533.49,2507.5,2616.72,2653.33,2745.41,2470.33,2313.49,2253.77,890440.0604,444989.6669,611002.1222,876876.3707,1322016.872,863087.2133,2.429306635177234E9,1.214059511899935E9,1.711849865819046E9,2.334572148661955E9,3.207776114782463E9,2.059160287050773E9,3872201,2597168,2796506,4737903,7076645,5495972,428879.7345,248387.7772,321625.3377,411575.6658,655424.217,408608.956,1.170981749414793E9,6.77008292573996E8,9.01407652084993E8,1.095102528763101E9,1.590563026371759E9,9.75185376421555E8,-0.027406466,0.037634247,0.020436302574532703,-0.108582858,-0.007089659,-0.063841808,2663,2763.22,2819.69,2513.52,2495.7,2336.37,2738.04,2663,2763.23,2819.7,2513.52,2495.69,2845.32,2798.07,2857.34,2839.95,2533.49,2507.5,2616.72,2653.33,2745.41,2470.33,2313.49,2253.77,890440.0604,444989.6669,611002.1222,876876.3707,1322016.872,863087.2133,2.429306635177234E9,1.214059511899935E9,1.711849865819046E9,2.334572148661955E9,3.207776114782463E9,2.059160287050773E9,3872201,2597168,2796506,4737903,7076645,5495972,428879.7345,248387.7772,321625.3377,411575.6658,655424.217,408608.956,1.170981749414793E9,6.77008292573996E8,9.01407652084993E8,1.095102528763101E9,1.590563026371759E9,9.75185376421555E8,-0.027406466,0.037634247,0.020436302574532703,-0.108582858,-0.007089659,-0.063841808,2663,2763.22,2819.69,2513.52,2495.7,2336.37,2307.72
2025-02-27T00:00:00,2663,2763.23,2819.7,2513.52,2495.69,2336.38,2798.07,2857.34,2839.95,2533.49,2507.5,2381.6,2653.33,2745.41,2470.33,2313.49,2253.77,2230.57,444989.6669,611002.1222,876876.3707,1322016.872,863087.2133,637583.9106,1.214059511899935E9,1.711849865819046E9,2.334572148661955E9,3.207776114782463E9,2.059160287050773E9,1.480849324540646E9,2597168,2796506,4737903,7076645,5495972,3906903,248387.7772,321625.3377,411575.6658,655424.217,408608.956,297736.9154,6.77008292573996E8,9.01407652084993E8,1.095102528763101E9,1.590563026371759E9,9.75185376421555E8,6.91230000438891E8,0.037634247,0.020436302574532703,-0.108582858,-0.007089659,-0.063841808,-0.012262613,2763.22,2819.69,2513.52,2495.7,2336.37,2307.72,2663,2763.23,2819.7,2513.52,2495.69,2336.38,2798.07,2857.34,2839.95,2533.49,2507.5,2381.6,2653.33,2745.41,2470.33,2313.49,2253.77,2230.57,444989.6669,611002.1222,876876.3707,1322016.872,863087.2133,637583.9106,1.214059511899935E9,1.711849865819046E9,2.334572148661955E9,3.207776114782463E9,2.059160287050773E9,1.480849324540646E9,2597168,2796506,4737903,7076645,5495972,3906903,248387.7772,321625.3377,411575.6658,655424.217,408608.956,297736.9154,6.77008292573996E8,9.01407652084993E8,1.095102528763101E9,1.590563026371759E9,9.75185376421555E8,6.91230000438891E8,0.037634247,0.020436302574532703,-0.108582858,-0.007089659,-0.063841808,-0.012262613,2763.22,2819.69,2513.52,2495.7,2336.37,2307.72,2237.59
2025-02-28T00:00:00,2763.23,2819.7,2513.52,2495.69,2336.38,2307.72,2857.34,2839.95,2533.49,2507.5,2381.6,2314.18,2745.41,2470.33,2313.49,2253.77,2230.57,2076.26,611002.1222,876876.3707,1322016.872,863087.2133,637583.9106,1291539.056,1.711849865819046E9,2.334572148661955E9,3.207776114782463E9,2.059160287050773E9,1.480849324540646E9,2.794546441726884E9,2796506,4737903,7076645,5495972,3906903,5708556,321625.3377,411575.6658,655424.217,408608.956,297736.9154,625030.5287,9.01407652084993E8,1.095102528763101E9,1.590563026371759E9,9.75185376421555E8,6.91230000438891E8,1.351940395764772E9,0.020436302574532703,-0.108582858,-0.007089659,-0.063841808,-0.012262613,-0.030389302,2819.69,2513.52,2495.7,2336.37,2307.72,2237.59,2763.23,2819.7,2513.52,2495.69,2336.38,2307.72,2857.34,2839.95,2533.49,2507.5,2381.6,2314.18,2745.41,2470.33,2313.49,2253.77,2230.57,2076.26,611002.1222,876876.3707,1322016.872,863087.2133,637583.9106,1291539.056,1.711849865819046E9,2.334572148661955E9,3.207776114782463E9,2.059160287050773E9,1.480849324540646E9,2.794546441726884E9,2796506,4737903,7076645,5495972,3906903,5708556,321625.3377,411575.6658,655424.217,408608.956,297736.9154,625030.5287,9.01407652084993E8,1.095102528763101E9,1.590563026371759E9,9.75185376421555E8,6.91230000438891E8,1.351940395764772E9,0.020436302574532703,-0.108582858,-0.007089659,-0.063841808,-0.012262613,-0.030389302,2819.69,2513.52,2495.7,2336.37,2307.72,2237.59,2217.39
2025-03-01T00:00:00,2819.7,2513.52,2495.69,2336.38,2307.72,2237.59,2839.95,2533.49,2507.5,2381.6,2314.18,2281.14,2470.33,2313.49,2253.77,2230.57,2076.26,2142.73,876876.3707,1322016.872,863087.2133,637583.9106,1291539.056,446430.7271,2.334572148661955E9,3.207776114782463E9,2.059160287050773E9,1.480849324540646E9,2.794546441726884E9,9.88941461430361E8,4737903,7076645,5495972,3906903,5708556,2511839,411575.6658,655424.217,408608.956,297736.9154,625030.5287,209196.8605,1.095102528763101E9,1.590563026371759E9,9.75185376421555E8,6.91230000438891E8,1.351940395764772E9,4.63872993775749E8,-0.108582858,-0.007089659,-0.063841808,-0.012262613,-0.030389302,-0.00902757,2513.52,2495.7,2336.37,2307.72,2237.59,2217.39,2819.7,2513.52,2495.69,2336.38,2307.72,2237.59,2839.95,2533.49,2507.5,2381.6,2314.18,2281.14,2470.33,2313.49,2253.77,2230.57,2076.26,2142.73,876876.3707,1322016.872,863087.2133,637583.9106,1291539.056,446430.7271,2.334572148661955E9,3.207776114782463E9,2.059160287050773E9,1.480849324540646E9,2.794546441726884E9,9.88941461430361E8,4737903,7076645,5495972,3906903,5708556,2511839,411575.6658,655424.217,408608.956,297736.9154,625030.5287,209196.8605,1.095102528763101E9,1.590563026371759E9,9.75185376421555E8,6.91230000438891E8,1.351940395764772E9,4.63872993775749E8,-0.108582858,-0.007089659,-0.063841808,-0.012262613,-0.030389302,-0.00902757,2513.52,2495.7,2336.37,2307.72,2237.59,2217.39,2518.11
2025-03-02T00:00:00,2513.52,2495.69,2336.38,2307.72,2237.59,2217.4,2533.49,2507.5,2381.6,2314.18,2281.14,2550.58,2313.49,2253.77,2230.57,2076.26,2142.73,2172.04,1322016.872,863087.2133,637583.9106,1291539.056,446430.7271,1266684.775,3.207776114782463E9,2.059160287050773E9,1.480849324540646E9,2.794546441726884E9,9.88941461430361E8,3.001215557603687E9,7076645,5495972,3906903,5708556,2511839,4977392,655424.217,408608.956,297736.9154,625030.5287,209196.8605,627527.3017,1.590563026371759E9,9.75185376421555E8,6.91230000438891E8,1.351940395764772E9,4.63872993775749E8,1.488652979402768E9,-0.007089659,-0.063841808,-0.012262613,-0.030389302,-0.00902757,0.13561890330523735,2495.7,2336.37,2307.72,2237.59,2217.39,2518.11,2513.52,2495.69,2336.38,2307.72,2237.59,2217.4,2533.49,2507.5,2381.6,2314.18,2281.14,2550.58,2313.49,2253.77,2230.57,2076.26,2142.73,2172.04,1322016.872,863087.2133,637583.9106,1291539.056,446430.7271,1266684.775,3.207776114782463E9,2.059160287050773E9,1.480849324540646E9,2.794546441726884E9,9.88941461430361E8,3.001215557603687E9,7076645,5495972,3906903,5708556,2511839,4977392,655424.217,408608.956,297736.9154,625030.5287,209196.8605,627527.3017,1.590563026371759E9,9.75185376421555E8,6.91230000438891E8,1.351940395764772E9,4.63872993775749E8,1.488652979402768E9,-0.007089659,-0.063841808,-0.012262613,-0.030389302,-0.00902757,0.13561890330523735,2495.7,2336.37,2307.72,2237.59,2217.39,2518.11,2149.01
2025-03-03T00:00:00,2495.69,2336.38,2307.72,2237.59,2217.4,2518.12,2507.5,2381.6,2314.18,2281.14,2550.58,2523.56,2253.77,2230.57,2076.26,2142.73,2172.04,2097.91,863087.2133,637583.9106,1291539.056,446430.7271,1266684.775,1109565.2,2.059160287050773E9,1.480849324540646E9,2.794546441726884E9,9.88941461430361E8,3.001215557603687E9,2.529346005909485E9,5495972,3906903,5708556,2511839,4977392,4969357,408608.956,297736.9154,625030.5287,209196.8605,627527.3017,510488.2652,9.75185376421555E8,6.91230000438891E8,1.351940395764772E9,4.63872993775749E8,1.488652979402768E9,1.161760907053157E9,-0.063841808,-0.012262613,-0.030389302,-0.00902757,0.13561890330523735,-0.146578188,2336.37,2307.72,2237.59,2217.39,2518.11,2149.01,2495.69,2336.38,2307.72,2237.59,2217.4,2518.12,2507.5,2381.6,2314.18,2281.14,2550.58,2523.56,2253.77,2230.57,2076.26,2142.73,2172.04,2097.91,863087.2133,637583.9106,1291539.056,446430.7271,1266684.775,1109565.2,2.059160287050773E9,1.480849324540646E9,2.794546441726884E9,9.88941461430361E8,3.001215557603687E9,2.529346005909485E9,5495972,3906903,5708556,2511839,4977392,4969357,408608.956,297736.9154,625030.5287,209196.8605,627527.3017,510488.2652,9.75185376421555E8,6.91230000438891E8,1.351940395764772E9,4.63872993775749E8,1.488652979402768E9,1.161760907053157E9,-0.063841808,-0.012262613,-0.030389302,-0.00902757,0.13561890330523735,-0.146578188,2336.37,2307.72,2237.59,2217.39,2518.11,2149.01,2171.51
2025-03-04T00:00:00,2336.38,2307.72,2237.59,2217.4,2518.12,2149.02,2381.6,2314.18,2281.14,2550.58,2523.56,2221.88,2230.57,2076.26,2142.73,2172.04,2097.91,1993.2,637583.9106,1291539.056,446430.7271,1266684.775,1109565.2,1257822.337,1.480849324540646E9,2.794546441726884E9,9.88941461430361E8,3.001215557603687E9,2.529346005909485E9,2.634485208259771E9,3906903,5708556,2511839,4977392,4969357,5856962,297736.9154,625030.5287,209196.8605,627527.3017,510488.2652,596181.03,6.91230000438891E8,1.351940395764772E9,4.63872993775749E8,1.488652979402768E9,1.161760907053157E9,1.248910466060303E9,-0.012262613,-0.030389302,-0.00902757,0.13561890330523735,-0.146578188,0.010469937319975243,2307.72,2237.59,2217.39,2518.11,2149.01,2171.51,2336.38,2307.72,2237.59,2217.4,2518.12,2149.02,2381.6,2314.18,2281.14,2550.58,2523.56,2221.88,2230.57,2076.26,2142.73,2172.04,2097.91,1993.2,637583.9106,1291539.056,446430.7271,1266684.775,1109565.2,1257822.337,1.480849324540646E9,2.794546441726884E9,9.88941461430361E8,3.001215557603687E9,2.529346005909485E9,2.634485208259771E9,3906903,5708556,2511839,4977392,4969357,5856962,297736.9154,625030.5287,209196.8605,627527.3017,510488.2652,596181.03,6.91230000438891E8,1.351940395764772E9,4.63872993775749E8,1.488652979402768E9,1.161760907053157E9,1.248910466060303E9,-0.012262613,-0.030389302,-0.00902757,0.13561890330523735,-0.146578188,0.010469937319975243,2307.72,2237.59,2217.39,2518.11,2149.01,2171.51,2241.59
2025-03-05T00:00:00,2307.72,2237.59,2217.4,2518.12,2149.02,2171.5,2314.18,2281.14,2550.58,2523.56,2221.88,2273.51,2076.26,2142.73,2172.04,2097.91,1993.2,2155.03,1291539.056,446430.7271,1266684.775,1109565.2,1257822.337,687130.7897,2.794546441726884E9,9.88941461430361E8,3.001215557603687E9,2.529346005909485E9,2.634485208259771E9,1.514537132807393E9,5708556,2511839,4977392,4969357,5856962,3480893,625030.5287,209196.8605,627527.3017,510488.2652,596181.03,326604.0072,1.351940395764772E9,4.63872993775749E8,1.488652979402768E9,1.161760907053157E9,1.248910466060303E9,7.20412253031027E8,-0.030389302,-0.00902757,0.13561890330523735,-0.146578188,0.010469937319975243,0.032272474,2237.59,2217.39,2518.11,2149.01,2171.51,2241.59,2307.72,2237.59,2217.4,2518.12,2149.02,2171.5,2314.18,2281.14,2550.58,2523.56,2221.88,2273.51,2076.26,2142.73,2172.04,2097.91,1993.2,2155.03,1291539.056,446430.7271,1266684.775,1109565.2,1257822.337,687130.7897,2.794546441726884E9,9.88941461430361E8,3.001215557603687E9,2.529346005909485E9,2.634485208259771E9,1.514537132807393E9,5708556,2511839,4977392,4969357,5856962,3480893,625030.5287,209196.8605,627527.3017,510488.2652,596181.03,326604.0072,1.351940395764772E9,4.63872993775749E8,1.488652979402768E9,1.161760907053157E9,1.248910466060303E9,7.20412253031027E8,-0.030389302,-0.00902757,0.13561890330523735,-0.146578188,0.010469937319975243,0.032272474,2237.59,2217.39,2518.11,2149.01,2171.51,2241.59,2202.2
2025-03-06T00:00:00,2237.59,2217.4,2518.12,2149.02,2171.5,2241.59,2281.14,2550.58,2523.56,2221.88,2273.51,2319.99,2142.73,2172.04,2097.91,1993.2,2155.03,2176.9,446430.7271,1266684.775,1109565.2,1257822.337,687130.7897,596908.3935,9.88941461430361E8,3.001215557603687E9,2.529346005909485E9,2.634485208259771E9,1.514537132807393E9,1.343407922359188E9,2511839,4977392,4969357,5856962,3480893,3304973,209196.8605,627527.3017,510488.2652,596181.03,326604.0072,304201.8256,4.63872993775749E8,1.488652979402768E9,1.161760907053157E9,1.248910466060303E9,7.20412253031027E8,6.84721457490546E8,-0.00902757,0.13561890330523735,-0.146578188,0.010469937319975243,0.032272474,-0.017572348,2217.39,2518.11,2149.01,2171.51,2241.59,2202.2,2237.59,2217.4,2518.12,2149.02,2171.5,2241.59,2281.14,2550.58,2523.56,2221.88,2273.51,2319.99,2142.73,2172.04,2097.91,1993.2,2155.03,2176.9,446430.7271,1266684.775,1109565.2,1257822.337,687130.7897,596908.3935,9.88941461430361E8,3.001215557603687E9,2.529346005909485E9,2.634485208259771E9,1.514537132807393E9,1.343407922359188E9,2511839,4977392,4969357,5856962,3480893,3304973,209196.8605,627527.3017,510488.2652,596181.03,326604.0072,304201.8256,4.63872993775749E8,1.488652979402768E9,1.161760907053157E9,1.248910466060303E9,7.20412253031027E8,6.84721457490546E8,-0.00902757,0.13561890330523735,-0.146578188,0.010469937319975243,0.032272474,-0.017572348,2217.39,2518.11,2149.01,2171.51,2241.59,2202.2,2141.6
2025-03-07T00:00:00,2217.4,2518.12,2149.02,2171.5,2241.59,2202.21,2550.58,2523.56,2221.88,2273.51,2319.99,2258.47,2172.04,2097.91,1993.2,2155.03,2176.9,2101.82,1266684.775,1109565.2,1257822.337,687130.7897,596908.3935,782387.2606,3.001215557603687E9,2.529346005909485E9,2.634485208259771E9,1.514537132807393E9,1.343407922359188E9,1.69845949223933E9,4977392,4969357,5856962,3480893,3304973,4452265,627527.3017,510488.2652,596181.03,326604.0072,304201.8256,384442.6282,1.488652979402768E9,1.161760907053157E9,1.248910466060303E9,7.20412253031027E8,6.84721457490546E8,8.34995037361386E8,0.13561890330523735,-0.146578188,0.010469937319975243,0.032272474,-0.017572348,-0.027517937,2518.11,2149.01,2171.51,2241.59,2202.2,2141.6,2217.4,2518.12,2149.02,2171.5,2241.59,2202.21,2550.58,2523.56,2221.88,2273.51,2319.99,2258.47,2172.04,2097.91,1993.2,2155.03,2176.9,2101.82,1266684.775,1109565.2,1257822.337,687130.7897,596908.3935,782387.2606,3.001215557603687E9,2.529346005909485E9,2.634485208259771E9,1.514537132807393E9,1.343407922359188E9,1.69845949223933E9,4977392,4969357,5856962,3480893,3304973,4452265,627527.3017,510488.2652,596181.03,326604.0072,304201.8256,384442.6282,1.488652979402768E9,1.161760907053157E9,1.248910466060303E9,7.20412253031027E8,6.84721457490546E8,8.34995037361386E8,0.13561890330523735,-0.146578188,0.010469937319975243,0.032272474,-0.017572348,-0.027517937,2518.11,2149.01,2171.51,2241.59,2202.2,2141.6,2203.58
2025-03-08T00:00:00,2518.12,2149.02,2171.5,2241.59,2202.21,2141.6,2523.56,2221.88,2273.51,2319.99,2258.47,2234.93,2097.91,1993.2,2155.03,2176.9,2101.82,2105.06,1109565.2,1257822.337,687130.7897,596908.3935,782387.2606,328793.0979,2.529346005909485E9,2.634485208259771E9,1.514537132807393E9,1.343407922359188E9,1.69845949223933E9,7.14743022410347E8,4969357,5856962,3480893,3304973,4452265,2118806,510488.2652,596181.03,326604.0072,304201.8256,384442.6282,165408.6608,1.161760907053157E9,1.248910466060303E9,7.20412253031027E8,6.84721457490546E8,8.34995037361386E8,3.59616114815223E8,-0.146578188,0.010469937319975243,0.032272474,-0.017572348,-0.027517937,0.028940978707508416,2149.01,2171.51,2241.59,2202.2,2141.6,2203.58,2518.12,2149.02,2171.5,2241.59,2202.21,2141.6,2523.56,2221.88,2273.51,2319.99,2258.47,2234.93,2097.91,1993.2,2155.03,2176.9,2101.82,2105.06,1109565.2,1257822.337,687130.7897,596908.3935,782387.2606,328793.0979,2.529346005909485E9,2.634485208259771E9,1.514537132807393E9,1.343407922359188E9,1.69845949223933E9,7.14743022410347E8,4969357,5856962,3480893,3304973,4452265,2118806,510488.2652,596181.03,326604.0072,304201.8256,384442.6282,165408.6608,1.161760907053157E9,1.248910466060303E9,7.20412253031027E8,6.84721457490546E8,8.34995037361386E8,3.59616114815223E8,-0.146578188,0.010469937319975243,0.032272474,-0.017572348,-0.027517937,0.028940978707508416,2149.01,2171.51,2241.59,2202.2,2141.6,2203.58,2020.41
2025-03-09T00:00:00,2149.02,2171.5,2241.59,2202.21,2141.6,2203.57,2221.88,2273.51,2319.99,2258.47,2234.93,2212,1993.2,2155.03,2176.9,2101.82,2105.06,1989.66,1257822.337,687130.7897,596908.3935,782387.2606,328793.0979,601671.5882,2.634485208259771E9,1.514537132807393E9,1.343407922359188E9,1.69845949223933E9,7.14743022410347E8,1.249766628544949E9,5856962,3480893,3304973,4452265,2118806,2791079,596181.03,326604.0072,304201.8256,384442.6282,165408.6608,283406.499,1.248910466060303E9,7.20412253031027E8,6.84721457490546E8,8.34995037361386E8,3.59616114815223E8,5.89074622734246E8,0.010469937319975243,0.032272474,-0.017572348,-0.027517937,0.028940978707508416,-0.083123826,2171.51,2241.59,2202.2,2141.6,2203.58,2020.41,2149.02,2171.5,2241.59,2202.21,2141.6,2203.57,2221.88,2273.51,2319.99,2258.47,2234.93,2212,1993.2,2155.03,2176.9,2101.82,2105.06,1989.66,1257822.337,687130.7897,596908.3935,782387.2606,328793.0979,601671.5882,2.634485208259771E9,1.514537132807393E9,1.343407922359188E9,1.69845949223933E9,7.14743022410347E8,1.249766628544949E9,5856962,3480893,3304973,4452265,2118806,2791079,596181.03,326604.0072,304201.8256,384442.6282,165408.6608,283406.499,1.248910466060303E9,7.20412253031027E8,6.84721457490546E8,8.34995037361386E8,3.59616114815223E8,5.89074622734246E8,0.010469937319975243,0.032272474,-0.017572348,-0.027517937,0.028940978707508416,-0.083123826,2171.51,2241.59,2202.2,2141.6,2203.58,2020.41,1865.1
2025-03-10T00:00:00,2171.5,2241.59,2202.21,2141.6,2203.57,2020.43,2273.51,2319.99,2258.47,2234.93,2212,2152.4,2155.03,2176.9,2101.82,2105.06,1989.66,1810.01,687130.7897,596908.3935,782387.2606,328793.0979,601671.5882,1248745.351,1.514537132807393E9,1.343407922359188E9,1.69845949223933E9,7.14743022410347E8,1.249766628544949E9,2.461512870770777E9,3480893,3304973,4452265,2118806,2791079,5261040,326604.0072,304201.8256,384442.6282,165408.6608,283406.499,617411.7094,7.20412253031027E8,6.84721457490546E8,8.34995037361386E8,3.59616114815223E8,5.89074622734246E8,1.216440716446106E9,0.032272474,-0.017572348,-0.027517937,0.028940978707508416,-0.083123826,-0.076870536,2241.59,2202.2,2141.6,2203.58,2020.41,1865.1,2171.5,2241.59,2202.21,2141.6,2203.57,2020.43,2273.51,2319.99,2258.47,2234.93,2212,2152.4,2155.03,2176.9,2101.82,2105.06,1989.66,1810.01,687130.7897,596908.3935,782387.2606,328793.0979,601671.5882,1248745.351,1.514537132807393E9,1.343407922359188E9,1.69845949223933E9,7.14743022410347E8,1.249766628544949E9,2.461512870770777E9,3480893,3304973,4452265,2118806,2791079,5261040,326604.0072,304201.8256,384442.6282,165408.6608,283406.499,617411.7094,7.20412253031027E8,6.84721457490546E8,8.34995037361386E8,3.59616114815223E8,5.89074622734246E8,1.216440716446106E9,0.032272474,-0.017572348,-0.027517937,0.028940978707508416,-0.083123826,-0.076870536,2241.59,2202.2,2141.6,2203.58,2020.41,1865.1,1923.43
2025-03-11T00:00:00,2241.59,2202.21,2141.6,2203.57,2020.43,1865.11,2319.99,2258.47,2234.93,2212,2152.4,1963.2,2176.9,2101.82,2105.06,1989.66,1810.01,1754.28,596908.3935,782387.2606,328793.0979,601671.5882,1248745.351,1171428,1.343407922359188E9,1.69845949223933E9,7.14743022410347E8,1.249766628544949E9,2.461512870770777E9,2.203451540611388E9,3304973,4452265,2118806,2791079,5261040,4578427,304201.8256,384442.6282,165408.6608,283406.499,617411.7094,576537.0793,6.84721457490546E8,8.34995037361386E8,3.59616114815223E8,5.89074622734246E8,1.216440716446106E9,1.085290919303633E9,-0.017572348,-0.027517937,0.028940978707508416,-0.083123826,-0.076870536,0.031274462495308644,2202.2,2141.6,2203.58,2020.41,1865.1,1923.43,2241.59,2202.21,2141.6,2203.57,2020.43,1865.11,2319.99,2258.47,2234.93,2212,2152.4,1963.2,2176.9,2101.82,2105.06,1989.66,1810.01,1754.28,596908.3935,782387.2606,328793.0979,601671.5882,1248745.351,1171428,1.343407922359188E9,1.69845949223933E9,7.14743022410347E8,1.249766628544949E9,2.461512870770777E9,2.203451540611388E9,3304973,4452265,2118806,2791079,5261040,4578427,304201.8256,384442.6282,165408.6608,283406.499,617411.7094,576537.0793,6.84721457490546E8,8.34995037361386E8,3.59616114815223E8,5.89074622734246E8,1.216440716446106E9,1.085290919303633E9,-0.017572348,-0.027517937,0.028940978707508416,-0.083123826,-0.076870536,0.031274462495308644,2202.2,2141.6,2203.58,2020.41,1865.1,1923.43,1908.2
2025-03-12T00:00:00,2202.21,2141.6,2203.57,2020.43,1865.11,1923.42,2258.47,2234.93,2212,2152.4,1963.2,1960,2101.82,2105.06,1989.66,1810.01,1754.28,1829.72,782387.2606,328793.0979,601671.5882,1248745.351,1171428,788739.6763,1.69845949223933E9,7.14743022410347E8,1.249766628544949E9,2.461512870770777E9,2.203451540611388E9,1.49438466901818E9,4452265,2118806,2791079,5261040,4578427,3444921,384442.6282,165408.6608,283406.499,617411.7094,576537.0793,399364.7041,8.34995037361386E8,3.59616114815223E8,5.89074622734246E8,1.216440716446106E9,1.085290919303633E9,7.56917595001095E8,-0.027517937,0.028940978707508416,-0.083123826,-0.076870536,0.031274462495308644,-0.007918146,2141.6,2203.58,2020.41,1865.1,1923.43,1908.2,2202.21,2141.6,2203.57,2020.43,1865.11,1923.42,2258.47,2234.93,2212,2152.4,1963.2,1960,2101.82,2105.06,1989.66,1810.01,1754.28,1829.72,782387.2606,328793.0979,601671.5882,1248745.351,1171428,788739.6763,1.69845949223933E9,7.14743022410347E8,1.249766628544949E9,2.461512870770777E9,2.203451540611388E9,1.49438466901818E9,4452265,2118806,2791079,5261040,4578427,3444921,384442.6282,165408.6608,283406.499,617411.7094,576537.0793,399364.7041,8.34995037361386E8,3.59616114815223E8,5.89074622734246E8,1.216440716446106E9,1.085290919303633E9,7.56917595001095E8,-0.027517937,0.028940978707508416,-0.083123826,-0.076870536,0.031274462495308644,-0.007918146,2141.6,2203.58,2020.41,1865.1,1923.43,1908.2,1864.59
2025-03-13T00:00:00,2141.6,2203.57,2020.43,1865.11,1923.42,1908.2,2234.93,2212,2152.4,1963.2,1960,1923.09,2105.06,1989.66,1810.01,1754.28,1829.72,1821.81,328793.0979,601671.5882,1248745.351,1171428,788739.6763,569537.2622,7.14743022410347E8,1.249766628544949E9,2.461512870770777E9,2.203451540611388E9,1.49438466901818E9,1.06962904944307E9,2118806,2791079,5261040,4578427,3444921,2688683,165408.6608,283406.499,617411.7094,576537.0793,399364.7041,276728.702,3.59616114815223E8,5.89074622734246E8,1.216440716446106E9,1.085290919303633E9,7.56917595001095E8,5.19941674768743E8,0.028940978707508416,-0.083123826,-0.076870536,0.031274462495308644,-0.007918146,-0.022853999,2203.58,2020.41,1865.1,1923.43,1908.2,1864.59,2141.6,2203.57,2020.43,1865.11,1923.42,1908.2,2234.93,2212,2152.4,1963.2,1960,1923.09,2105.06,1989.66,1810.01,1754.28,1829.72,1821.81,328793.0979,601671.5882,1248745.351,1171428,788739.6763,569537.2622,7.14743022410347E8,1.249766628544949E9,2.461512870770777E9,2.203451540611388E9,1.49438466901818E9,1.06962904944307E9,2118806,2791079,5261040,4578427,3444921,2688683,165408.6608,283406.499,617411.7094,576537.0793,399364.7041,276728.702,3.59616114815223E8,5.89074622734246E8,1.216440716446106E9,1.085290919303633E9,7.56917595001095E8,5.19941674768743E8,0.028940978707508416,-0.083123826,-0.076870536,0.031274462495308644,-0.007918146,-0.022853999,2203.58,2020.41,1865.1,1923.43,1908.2,1864.59,1911.65
2025-03-14T00:00:00,2203.57,2020.43,1865.11,1923.42,1908.2,1864.59,2212,2152.4,1963.2,1960,1923.09,1945.64,1989.66,1810.01,1754.28,1829.72,1821.81,1861.31,601671.5882,1248745.351,1171428,788739.6763,569537.2622,375805.7355,1.249766628544949E9,2.461512870770777E9,2.203451540611388E9,1.49438466901818E9,1.06962904944307E9,7.18122712753679E8,2791079,5261040,4578427,3444921,2688683,1728618,283406.499,617411.7094,576537.0793,399364.7041,276728.702,196808.7418,5.89074622734246E8,1.216440716446106E9,1.085290919303633E9,7.56917595001095E8,5.19941674768743E8,3.76032113705905E8,-0.083123826,-0.076870536,0.031274462495308644,-0.007918146,-0.022853999,0.025238792442306444,2020.41,1865.1,1923.43,1908.2,1864.59,1911.65,2203.57,2020.43,1865.11,1923.42,1908.2,1864.59,2212,2152.4,1963.2,1960,1923.09,1945.64,1989.66,1810.01,1754.28,1829.72,1821.81,1861.31,601671.5882,1248745.351,1171428,788739.6763,569537.2622,375805.7355,1.249766628544949E9,2.461512870770777E9,2.203451540611388E9,1.49438466901818E9,1.06962904944307E9,7.18122712753679E8,2791079,5261040,4578427,3444921,2688683,1728618,283406.499,617411.7094,576537.0793,399364.7041,276728.702,196808.7418,5.89074622734246E8,1.216440716446106E9,1.085290919303633E9,7.56917595001095E8,5.19941674768743E8,3.76032113705905E8,-0.083123826,-0.076870536,0.031274462495308644,-0.007918146,-0.022853999,0.025238792442306444,2020.41,1865.1,1923.43,1908.2,1864.59,1911.65,1937.17
2025-03-15T00:00:00,2020.43,1865.11,1923.42,1908.2,1864.59,1911.64,2152.4,1963.2,1960,1923.09,1945.64,1957.19,1810.01,1754.28,1829.72,1821.81,1861.31,1903.75,1248745.351,1171428,788739.6763,569537.2622,375805.7355,209545.8675,2.461512870770777E9,2.203451540611388E9,1.49438466901818E9,1.06962904944307E9,7.18122712753679E8,4.04571982738394E8,5261040,4578427,3444921,2688683,1728618,884429,617411.7094,576537.0793,399364.7041,276728.702,196808.7418,103183.2548,1.216440716446106E9,1.085290919303633E9,7.56917595001095E8,5.19941674768743E8,3.76032113705905E8,1.99258936505655E8,-0.076870536,0.031274462495308644,-0.007918146,-0.022853999,0.025238792442306444,0.013349724,1865.1,1923.43,1908.2,1864.59,1911.65,1937.17,2020.43,1865.11,1923.42,1908.2,1864.59,1911.64,2152.4,1963.2,1960,1923.09,1945.64,1957.19,1810.01,1754.28,1829.72,1821.81,1861.31,1903.75,1248745.351,1171428,788739.6763,569537.2622,375805.7355,209545.8675,2.461512870770777E9,2.203451540611388E9,1.49438466901818E9,1.06962904944307E9,7.18122712753679E8,4.04571982738394E8,5261040,4578427,3444921,2688683,1728618,884429,617411.7094,576537.0793,399364.7041,276728.702,196808.7418,103183.2548,1.216440716446106E9,1.085290919303633E9,7.56917595001095E8,5.19941674768743E8,3.76032113705905E8,1.99258936505655E8,-0.076870536,0.031274462495308644,-0.007918146,-0.022853999,0.025238792442306444,0.013349724,1865.1,1923.43,1908.2,1864.59,1911.65,1937.17,1887
2025-03-16T00:00:00,1865.11,1923.42,1908.2,1864.59,1911.64,1937.18,1963.2,1960,1923.09,1945.64,1957.19,1940.87,1754.28,1829.72,1821.81,1861.31,1903.75,1860.38,1171428,788739.6763,569537.2622,375805.7355,209545.8675,324766.6564,2.203451540611388E9,1.49438466901818E9,1.06962904944307E9,7.18122712753679E8,4.04571982738394E8,6.16620264891675E8,4578427,3444921,2688683,1728618,884429,1466585,576537.0793,399364.7041,276728.702,196808.7418,103183.2548,147750.6179,1.085290919303633E9,7.56917595001095E8,5.19941674768743E8,3.76032113705905E8,1.99258936505655E8,2.80566280649476E8,0.031274462495308644,-0.007918146,-0.022853999,0.025238792442306444,0.013349724,-0.025898605,1923.43,1908.2,1864.59,1911.65,1937.17,1887,1865.11,1923.42,1908.2,1864.59,1911.64,1937.18,1963.2,1960,1923.09,1945.64,1957.19,1940.87,1754.28,1829.72,1821.81,1861.31,1903.75,1860.38,1171428,788739.6763,569537.2622,375805.7355,209545.8675,324766.6564,2.203451540611388E9,1.49438466901818E9,1.06962904944307E9,7.18122712753679E8,4.04571982738394E8,6.16620264891675E8,4578427,3444921,2688683,1728618,884429,1466585,576537.0793,399364.7041,276728.702,196808.7418,103183.2548,147750.6179,1.085290919303633E9,7.56917595001095E8,5.19941674768743E8,3.76032113705905E8,1.99258936505655E8,2.80566280649476E8,0.031274462495308644,-0.007918146,-0.022853999,0.025238792442306444,0.013349724,-0.025898605,1923.43,1908.2,1864.59,1911.65,1937.17,1887,1926.31
2025-03-17T00:00:00,1923.42,1908.2,1864.59,1911.64,1937.18,1887.01,1960,1923.09,1945.64,1957.19,1940.87,1952.4,1829.72,1821.81,1861.31,1903.75,1860.38,1879.98,788739.6763,569537.2622,375805.7355,209545.8675,324766.6564,334840.4877,1.49438466901818E9,1.06962904944307E9,7.18122712753679E8,4.04571982738394E8,6.16620264891675E8,6.41484974278307E8,3444921,2688683,1728618,884429,1466585,1566024,399364.7041,276728.702,196808.7418,103183.2548,147750.6179,166794.9782,7.56917595001095E8,5.19941674768743E8,3.76032113705905E8,1.99258936505655E8,2.80566280649476E8,3.19499477720785E8,-0.007918146,-0.022853999,0.025238792442306444,0.013349724,-0.025898605,0.020832008479067275,1908.2,1864.59,1911.65,1937.17,1887,1926.31,1923.42,1908.2,1864.59,1911.64,1937.18,1887.01,1960,1923.09,1945.64,1957.19,1940.87,1952.4,1829.72,1821.81,1861.31,1903.75,1860.38,1879.98,788739.6763,569537.2622,375805.7355,209545.8675,324766.6564,334840.4877,1.49438466901818E9,1.06962904944307E9,7.18122712753679E8,4.04571982738394E8,6.16620264891675E8,6.41484974278307E8,3444921,2688683,1728618,884429,1466585,1566024,399364.7041,276728.702,196808.7418,103183.2548,147750.6179,166794.9782,7.56917595001095E8,5.19941674768743E8,3.76032113705905E8,1.99258936505655E8,2.80566280649476E8,3.19499477720785E8,-0.007918146,-0.022853999,0.025238792442306444,0.013349724,-0.025898605,0.020832008479067275,1908.2,1864.59,1911.65,1937.17,1887,1926.31,1931.54
2025-03-18T00:00:00,1908.2,1864.59,1911.64,1937.18,1887.01,1926.3,1923.09,1945.64,1957.19,1940.87,1952.4,1936.2,1821.81,1861.31,1903.75,1860.38,1879.98,1872.31,569537.2622,375805.7355,209545.8675,324766.6564,334840.4877,332896.0155,1.06962904944307E9,7.18122712753679E8,4.04571982738394E8,6.16620264891675E8,6.41484974278307E8,6.32109997551311E8,2688683,1728618,884429,1466585,1566024,1549810,276728.702,196808.7418,103183.2548,147750.6179,166794.9782,156778.6707,5.19941674768743E8,3.76032113705905E8,1.99258936505655E8,2.80566280649476E8,3.19499477720785E8,2.97667875793969E8,-0.022853999,0.025238792442306444,0.013349724,-0.025898605,0.020832008479067275,0.002715035,1864.59,1911.65,1937.17,1887,1926.31,1931.54,1908.2,1864.59,1911.64,1937.18,1887.01,1926.3,1923.09,1945.64,1957.19,1940.87,1952.4,1936.2,1821.81,1861.31,1903.75,1860.38,1879.98,1872.31,569537.2622,375805.7355,209545.8675,324766.6564,334840.4877,332896.0155,1.06962904944307E9,7.18122712753679E8,4.04571982738394E8,6.16620264891675E8,6.41484974278307E8,6.32109997551311E8,2688683,1728618,884429,1466585,1566024,1549810,276728.702,196808.7418,103183.2548,147750.6179,166794.9782,156778.6707,5.19941674768743E8,3.76032113705905E8,1.99258936505655E8,2.80566280649476E8,3.19499477720785E8,2.97667875793969E8,-0.022853999,0.025238792442306444,0.013349724,-0.025898605,0.020832008479067275,0.002715035,1864.59,1911.65,1937.17,1887,1926.31,1931.54,2056.06
2025-03-19T00:00:00,1864.59,1911.64,1937.18,1887.01,1926.3,1931.54,1945.64,1957.19,1940.87,1952.4,1936.2,2069.9,1861.31,1903.75,1860.38,1879.98,1872.31,1927.58,375805.7355,209545.8675,324766.6564,334840.4877,332896.0155,691809.5034,7.18122712753679E8,4.04571982738394E8,6.16620264891675E8,6.41484974278307E8,6.32109997551311E8,1.385193898481618E9,1728618,884429,1466585,1566024,1549810,2614680,196808.7418,103183.2548,147750.6179,166794.9782,156778.6707,338168.3696,3.76032113705905E8,1.99258936505655E8,2.80566280649476E8,3.19499477720785E8,2.97667875793969E8,6.77189954262031E8,0.025238792442306444,0.013349724,-0.025898605,0.020832008479067275,0.002715035,0.064466695,1911.65,1937.17,1887,1926.31,1931.54,2056.06,1864.59,1911.64,1937.18,1887.01,1926.3,1931.54,1945.64,1957.19,1940.87,1952.4,1936.2,2069.9,1861.31,1903.75,1860.38,1879.98,1872.31,1927.58,375805.7355,209545.8675,324766.6564,334840.4877,332896.0155,691809.5034,7.18122712753679E8,4.04571982738394E8,6.16620264891675E8,6.41484974278307E8,6.32109997551311E8,1.385193898481618E9,1728618,884429,1466585,1566024,1549810,2614680,196808.7418,103183.2548,147750.6179,166794.9782,156778.6707,338168.3696,3.76032113705905E8,1.99258936505655E8,2.80566280649476E8,3.19499477720785E8,2.97667875793969E8,6.77189954262031E8,0.025238792442306444,0.013349724,-0.025898605,0.020832008479067275,0.002715035,0.064466695,1911.65,1937.17,1887,1926.31,1931.54,2056.06,1983.79
2025-03-20T00:00:00,1911.64,1937.18,1887.01,1926.3,1931.54,2056.05,1957.19,1940.87,1952.4,1936.2,2069.9,2067.9,1903.75,1860.38,1879.98,1872.31,1927.58,1952.17,209545.8675,324766.6564,334840.4877,332896.0155,691809.5034,401518.9282,4.04571982738394E8,6.16620264891675E8,6.41484974278307E8,6.32109997551311E8,1.385193898481618E9,8.00851703937569E8,884429,1466585,1566024,1549810,2614680,1885019,103183.2548,147750.6179,166794.9782,156778.6707,338168.3696,185718.3372,1.99258936505655E8,2.80566280649476E8,3.19499477720785E8,2.97667875793969E8,6.77189954262031E8,3.70117787131419E8,0.013349724,-0.025898605,0.020832008479067275,0.002715035,0.064466695,-0.035149752,1937.17,1887,1926.31,1931.54,2056.06,1983.79,1911.64,1937.18,1887.01,1926.3,1931.54,2056.05,1957.19,1940.87,1952.4,1936.2,2069.9,2067.9,1903.75,1860.38,1879.98,1872.31,1927.58,1952.17,209545.8675,324766.6564,334840.4877,332896.0155,691809.5034,401518.9282,4.04571982738394E8,6.16620264891675E8,6.41484974278307E8,6.32109997551311E8,1.385193898481618E9,8.00851703937569E8,884429,1466585,1566024,1549810,2614680,1885019,103183.2548,147750.6179,166794.9782,156778.6707,338168.3696,185718.3372,1.99258936505655E8,2.80566280649476E8,3.19499477720785E8,2.97667875793969E8,6.77189954262031E8,3.70117787131419E8,0.013349724,-0.025898605,0.020832008479067275,0.002715035,0.064466695,-0.035149752,1937.17,1887,1926.31,1931.54,2056.06,1983.79,1965.75
2025-03-21T00:00:00,1937.18,1887.01,1926.3,1931.54,2056.05,1983.79,1940.87,1952.4,1936.2,2069.9,2067.9,1996.73,1860.38,1879.98,1872.31,1927.58,1952.17,1937.1,324766.6564,334840.4877,332896.0155,691809.5034,401518.9282,262641.659,6.16620264891675E8,6.41484974278307E8,6.32109997551311E8,1.385193898481618E9,8.00851703937569E8,5.16587945858554E8,1466585,1566024,1549810,2614680,1885019,1470569,147750.6179,166794.9782,156778.6707,338168.3696,185718.3372,130673.0391,2.80566280649476E8,3.19499477720785E8,2.97667875793969E8,6.77189954262031E8,3.70117787131419E8,2.56964902673041E8,-0.025898605,0.020832008479067275,0.002715035,0.064466695,-0.035149752,-0.009093704,1887,1926.31,1931.54,2056.06,1983.79,1965.75,1937.18,1887.01,1926.3,1931.54,2056.05,1983.79,1940.87,1952.4,1936.2,2069.9,2067.9,1996.73,1860.38,1879.98,1872.31,1927.58,1952.17,1937.1,324766.6564,334840.4877,332896.0155,691809.5034,401518.9282,262641.659,6.16620264891675E8,6.41484974278307E8,6.32109997551311E8,1.385193898481618E9,8.00851703937569E8,5.16587945858554E8,1466585,1566024,1549810,2614680,1885019,1470569,147750.6179,166794.9782,156778.6707,338168.3696,185718.3372,130673.0391,2.80566280649476E8,3.19499477720785E8,2.97667875793969E8,6.77189954262031E8,3.70117787131419E8,2.56964902673041E8,-0.025898605,0.020832008479067275,0.002715035,0.064466695,-0.035149752,-0.009093704,1887,1926.31,1931.54,2056.06,1983.79,1965.75,1980.69
2025-03-22T00:00:00,1887.01,1926.3,1931.54,2056.05,1983.79,1965.74,1952.4,1936.2,2069.9,2067.9,1996.73,2006.61,1879.98,1872.31,1927.58,1952.17,1937.1,1964.34,334840.4877,332896.0155,691809.5034,401518.9282,262641.659,170782.9574,6.41484974278307E8,6.32109997551311E8,1.385193898481618E9,8.00851703937569E8,5.16587945858554E8,3.39679365319319E8,1566024,1549810,2614680,1885019,1470569,833146,166794.9782,156778.6707,338168.3696,185718.3372,130673.0391,83417.243,3.19499477720785E8,2.97667875793969E8,6.77189954262031E8,3.70117787131419E8,2.56964902673041E8,1.65949750564435E8,0.020832008479067275,0.002715035,0.064466695,-0.035149752,-0.009093704,0.007600153,1926.31,1931.54,2056.06,1983.79,1965.75,1980.69,1887.01,1926.3,1931.54,2056.05,1983.79,1965.74,1952.4,1936.2,2069.9,2067.9,1996.73,2006.61,1879.98,1872.31,1927.58,1952.17,1937.1,1964.34,334840.4877,332896.0155,691809.5034,401518.9282,262641.659,170782.9574,6.41484974278307E8,6.32109997551311E8,1.385193898481618E9,8.00851703937569E8,5.16587945858554E8,3.39679365319319E8,1566024,1549810,2614680,1885019,1470569,833146,166794.9782,156778.6707,338168.3696,185718.3372,130673.0391,83417.243,3.19499477720785E8,2.97667875793969E8,6.77189954262031E8,3.70117787131419E8,2.56964902673041E8,1.65949750564435E8,0.020832008479067275,0.002715035,0.064466695,-0.035149752,-0.009093704,0.007600153,1926.31,1931.54,2056.06,1983.79,1965.75,1980.69,2005.99
2025-03-23T00:00:00,1926.3,1931.54,2056.05,1983.79,1965.74,1980.68,1936.2,2069.9,2067.9,1996.73,2006.61,2020.74,1872.31,1927.58,1952.17,1937.1,1964.34,1976.81,332896.0155,691809.5034,401518.9282,262641.659,170782.9574,268707.5233,6.32109997551311E8,1.385193898481618E9,8.00851703937569E8,5.16587945858554E8,3.39679365319319E8,5.37810044752251E8,1549810,2614680,1885019,1470569,833146,973880,156778.6707,338168.3696,185718.3372,130673.0391,83417.243,141545.4057,2.97667875793969E8,6.77189954262031E8,3.70117787131419E8,2.56964902673041E8,1.65949750564435E8,2.83218620576171E8,0.002715035,0.064466695,-0.035149752,-0.009093704,0.007600153,0.012773326,1931.54,2056.06,1983.79,1965.75,1980.69,2005.99,1926.3,1931.54,2056.05,1983.79,1965.74,1980.68,1936.2,2069.9,2067.9,1996.73,2006.61,2020.74,1872.31,1927.58,1952.17,1937.1,1964.34,1976.81,332896.0155,691809.5034,401518.9282,262641.659,170782.9574,268707.5233,6.32109997551311E8,1.385193898481618E9,8.00851703937569E8,5.16587945858554E8,3.39679365319319E8,5.37810044752251E8,1549810,2614680,1885019,1470569,833146,973880,156778.6707,338168.3696,185718.3372,130673.0391,83417.243,141545.4057,2.97667875793969E8,6.77189954262031E8,3.70117787131419E8,2.56964902673041E8,1.65949750564435E8,2.83218620576171E8,0.002715035,0.064466695,-0.035149752,-0.009093704,0.007600153,0.012773326,1931.54,2056.06,1983.79,1965.75,1980.69,2005.99,2081.2
2025-03-24T00:00:00,1931.54,2056.05,1983.79,1965.74,1980.68,2005.99,2069.9,2067.9,1996.73,2006.61,2020.74,2104.11,1927.58,1952.17,1937.1,1964.34,1976.81,1977.67,691809.5034,401518.9282,262641.659,170782.9574,268707.5233,477912.8154,1.385193898481618E9,8.00851703937569E8,5.16587945858554E8,3.39679365319319E8,5.37810044752251E8,9.85984215594533E8,2614680,1885019,1470569,833146,973880,1804046,338168.3696,185718.3372,130673.0391,83417.243,141545.4057,241987.6758,6.77189954262031E8,3.70117787131419E8,2.56964902673041E8,1.65949750564435E8,2.83218620576171E8,4.99157615491606E8,0.064466695,-0.035149752,-0.009093704,0.007600153,0.012773326,0.037492709,2056.06,1983.79,1965.75,1980.69,2005.99,2081.2,1931.54,2056.05,1983.79,1965.74,1980.68,2005.99,2069.9,2067.9,1996.73,2006.61,2020.74,2104.11,1927.58,1952.17,1937.1,1964.34,1976.81,1977.67,691809.5034,401518.9282,262641.659,170782.9574,268707.5233,477912.8154,1.385193898481618E9,8.00851703937569E8,5.16587945858554E8,3.39679365319319E8,5.37810044752251E8,9.85984215594533E8,2614680,1885019,1470569,833146,973880,1804046,338168.3696,185718.3372,130673.0391,83417.243,141545.4057,241987.6758,6.77189954262031E8,3.70117787131419E8,2.56964902673041E8,1.65949750564435E8,2.83218620576171E8,4.99157615491606E8,0.064466695,-0.035149752,-0.009093704,0.007600153,0.012773326,0.037492709,2056.06,1983.79,1965.75,1980.69,2005.99,2081.2,2066.15
2025-03-25T00:00:00,2056.05,1983.79,1965.74,1980.68,2005.99,2081.2,2067.9,1996.73,2006.61,2020.74,2104.11,2097.7,1952.17,1937.1,1964.34,1976.81,1977.67,2037.08,401518.9282,262641.659,170782.9574,268707.5233,477912.8154,328765.3292,8.00851703937569E8,5.16587945858554E8,3.39679365319319E8,5.37810044752251E8,9.85984215594533E8,6.78919919780749E8,1885019,1470569,833146,973880,1804046,1398034,185718.3372,130673.0391,83417.243,141545.4057,241987.6758,144848.2928,3.70117787131419E8,2.56964902673041E8,1.65949750564435E8,2.83218620576171E8,4.99157615491606E8,2.99282311765827E8,-0.035149752,-0.009093704,0.007600153,0.012773326,0.037492709,-0.007231405,1983.79,1965.75,1980.69,2005.99,2081.2,2066.15,2056.05,1983.79,1965.74,1980.68,2005.99,2081.2,2067.9,1996.73,2006.61,2020.74,2104.11,2097.7,1952.17,1937.1,1964.34,1976.81,1977.67,2037.08,401518.9282,262641.659,170782.9574,268707.5233,477912.8154,328765.3292,8.00851703937569E8,5.16587945858554E8,3.39679365319319E8,5.37810044752251E8,9.85984215594533E8,6.78919919780749E8,1885019,1470569,833146,973880,1804046,1398034,185718.3372,130673.0391,83417.243,141545.4057,241987.6758,144848.2928,3.70117787131419E8,2.56964902673041E8,1.65949750564435E8,2.83218620576171E8,4.99157615491606E8,2.99282311765827E8,-0.035149752,-0.009093704,0.007600153,0.012773326,0.037492709,-0.007231405,1983.79,1965.75,1980.69,2005.99,2081.2,2066.15,2009.52
2025-03-26T00:00:00,1983.79,1965.74,1980.68,2005.99,2081.2,2066.16,1996.73,2006.61,2020.74,2104.11,2097.7,2079.21,1937.1,1964.34,1976.81,1977.67,2037.08,1981.6,262641.659,170782.9574,268707.5233,477912.8154,328765.3292,428975.3286,5.16587945858554E8,3.39679365319319E8,5.37810044752251E8,9.85984215594533E8,6.78919919780749E8,8.72757205466645E8,1470569,833146,973880,1804046,1398034,1468474,130673.0391,83417.243,141545.4057,241987.6758,144848.2928,181445.0723,2.56964902673041E8,1.65949750564435E8,2.83218620576171E8,4.99157615491606E8,2.99282311765827E8,3.69125581320511E8,-0.009093704,0.007600153,0.012773326,0.037492709,-0.007231405,-0.027408465,1965.75,1980.69,2005.99,2081.2,2066.15,2009.52,1983.79,1965.74,1980.68,2005.99,2081.2,2066.16,1996.73,2006.61,2020.74,2104.11,2097.7,2079.21,1937.1,1964.34,1976.81,1977.67,2037.08,1981.6,262641.659,170782.9574,268707.5233,477912.8154,328765.3292,428975.3286,5.16587945858554E8,3.39679365319319E8,5.37810044752251E8,9.85984215594533E8,6.78919919780749E8,8.72757205466645E8,1470569,833146,973880,1804046,1398034,1468474,130673.0391,83417.243,141545.4057,241987.6758,144848.2928,181445.0723,2.56964902673041E8,1.65949750564435E8,2.83218620576171E8,4.99157615491606E8,2.99282311765827E8,3.69125581320511E8,-0.009093704,0.007600153,0.012773326,0.037492709,-0.007231405,-0.027408465,1965.75,1980.69,2005.99,2081.2,2066.15,2009.52,2003.66
2025-03-27T00:00:00,1965.74,1980.68,2005.99,2081.2,2066.16,2009.52,2006.61,2020.74,2104.11,2097.7,2079.21,2037.38,1964.34,1976.81,1977.67,2037.08,1981.6,1987.06,170782.9574,268707.5233,477912.8154,328765.3292,428975.3286,360634.8383,3.39679365319319E8,5.37810044752251E8,9.85984215594533E8,6.78919919780749E8,8.72757205466645E8,7.26385594534751E8,833146,973880,1804046,1398034,1468474,1394730,83417.243,141545.4057,241987.6758,144848.2928,181445.0723,154040.2327,1.65949750564435E8,2.83218620576171E8,4.99157615491606E8,2.99282311765827E8,3.69125581320511E8,3.10291637030968E8,0.007600153,0.012773326,0.037492709,-0.007231405,-0.027408465,-0.002916119,1980.69,2005.99,2081.2,2066.15,2009.52,2003.66,1965.74,1980.68,2005.99,2081.2,2066.16,2009.52,2006.61,2020.74,2104.11,2097.7,2079.21,2037.38,1964.34,1976.81,1977.67,2037.08,1981.6,1987.06,170782.9574,268707.5233,477912.8154,328765.3292,428975.3286,360634.8383,3.39679365319319E8,5.37810044752251E8,9.85984215594533E8,6.78919919780749E8,8.72757205466645E8,7.26385594534751E8,833146,973880,1804046,1398034,1468474,1394730,83417.243,141545.4057,241987.6758,144848.2928,181445.0723,154040.2327,1.65949750564435E8,2.83218620576171E8,4.99157615491606E8,2.99282311765827E8,3.69125581320511E8,3.10291637030968E8,0.007600153,0.012773326,0.037492709,-0.007231405,-0.027408465,-0.002916119,1980.69,2005.99,2081.2,2066.15,2009.52,2003.66,1896.9
2025-03-28T00:00:00,1980.68,2005.99,2081.2,2066.16,2009.52,2003.67,2020.74,2104.11,2097.7,2079.21,2037.38,2015.93,1976.81,1977.67,2037.08,1981.6,1987.06,1860,268707.5233,477912.8154,328765.3292,428975.3286,360634.8383,626167.5832,5.37810044752251E8,9.85984215594533E8,6.78919919780749E8,8.72757205466645E8,7.26385594534751E8,1.197329354058415E9,973880,1804046,1398034,1468474,1394730,2245087,141545.4057,241987.6758,144848.2928,181445.0723,154040.2327,307332.2769,2.83218620576171E8,4.99157615491606E8,2.99282311765827E8,3.69125581320511E8,3.10291637030968E8,5.87606938584515E8,0.012773326,0.037492709,-0.007231405,-0.027408465,-0.002916119,-0.053282493,2005.99,2081.2,2066.15,2009.52,2003.66,1896.9,1980.68,2005.99,2081.2,2066.16,2009.52,2003.67,2020.74,2104.11,2097.7,2079.21,2037.38,2015.93,1976.81,1977.67,2037.08,1981.6,1987.06,1860,268707.5233,477912.8154,328765.3292,428975.3286,360634.8383,626167.5832,5.37810044752251E8,9.85984215594533E8,6.78919919780749E8,8.72757205466645E8,7.26385594534751E8,1.197329354058415E9,973880,1804046,1398034,1468474,1394730,2245087,141545.4057,241987.6758,144848.2928,181445.0723,154040.2327,307332.2769,2.83218620576171E8,4.99157615491606E8,2.99282311765827E8,3.69125581320511E8,3.10291637030968E8,5.87606938584515E8,0.012773326,0.037492709,-0.007231405,-0.027408465,-0.002916119,-0.053282493,2005.99,2081.2,2066.15,2009.52,2003.66,1896.9,1828.08
2025-03-29T00:00:00,2005.99,2081.2,2066.16,2009.52,2003.67,1896.9,2104.11,2097.7,2079.21,2037.38,2015.93,1913.6,1977.67,2037.08,1981.6,1987.06,1860,1797.2,477912.8154,328765.3292,428975.3286,360634.8383,626167.5832,409769.7555,9.85984215594533E8,6.78919919780749E8,8.72757205466645E8,7.26385594534751E8,1.197329354058415E9,7.58545295871779E8,1804046,1398034,1468474,1394730,2245087,1755638,241987.6758,144848.2928,181445.0723,154040.2327,307332.2769,199201.1398,4.99157615491606E8,2.99282311765827E8,3.69125581320511E8,3.10291637030968E8,5.87606938584515E8,3.68752720356886E8,0.037492709,-0.007231405,-0.027408465,-0.002916119,-0.053282493,-0.036280247,2081.2,2066.15,2009.52,2003.66,1896.9,1828.08,2005.99,2081.2,2066.16,2009.52,2003.67,1896.9,2104.11,2097.7,2079.21,2037.38,2015.93,1913.6,1977.67,2037.08,1981.6,1987.06,1860,1797.2,477912.8154,328765.3292,428975.3286,360634.8383,626167.5832,409769.7555,9.85984215594533E8,6.78919919780749E8,8.72757205466645E8,7.26385594534751E8,1.197329354058415E9,7.58545295871779E8,1804046,1398034,1468474,1394730,2245087,1755638,241987.6758,144848.2928,181445.0723,154040.2327,307332.2769,199201.1398,4.99157615491606E8,2.99282311765827E8,3.69125581320511E8,3.10291637030968E8,5.87606938584515E8,3.68752720356886E8,0.037492709,-0.007231405,-0.027408465,-0.002916119,-0.053282493,-0.036280247,2081.2,2066.15,2009.52,2003.66,1896.9,1828.08,1807.74
2025-03-30T00:00:00,2081.2,2066.16,2009.52,2003.67,1896.9,1828.09,2097.7,2079.21,2037.38,2015.93,1913.6,1849.01,2037.08,1981.6,1987.06,1860,1797.2,1767.69,328765.3292,428975.3286,360634.8383,626167.5832,409769.7555,327843.4476,6.78919919780749E8,8.72757205466645E8,7.26385594534751E8,1.197329354058415E9,7.58545295871779E8,5.95676639883548E8,1398034,1468474,1394730,2245087,1755638,1523210,144848.2928,181445.0723,154040.2327,307332.2769,199201.1398,164123.1476,2.99282311765827E8,3.69125581320511E8,3.10291637030968E8,5.87606938584515E8,3.68752720356886E8,2.98224370054843E8,-0.007231405,-0.027408465,-0.002916119,-0.053282493,-0.036280247,-0.011126428,2066.15,2009.52,2003.66,1896.9,1828.08,1807.74,2081.2,2066.16,2009.52,2003.67,1896.9,1828.09,2097.7,2079.21,2037.38,2015.93,1913.6,1849.01,2037.08,1981.6,1987.06,1860,1797.2,1767.69,328765.3292,428975.3286,360634.8383,626167.5832,409769.7555,327843.4476,6.78919919780749E8,8.72757205466645E8,7.26385594534751E8,1.197329354058415E9,7.58545295871779E8,5.95676639883548E8,1398034,1468474,1394730,2245087,1755638,1523210,144848.2928,181445.0723,154040.2327,307332.2769,199201.1398,164123.1476,2.99282311765827E8,3.69125581320511E8,3.10291637030968E8,5.87606938584515E8,3.68752720356886E8,2.98224370054843E8,-0.007231405,-0.027408465,-0.002916119,-0.053282493,-0.036280247,-0.011126428,2066.15,2009.52,2003.66,1896.9,1828.08,1807.74,1822.43
2025-03-31T00:00:00,2066.16,2009.52,2003.67,1896.9,1828.09,1807.74,2079.21,2037.38,2015.93,1913.6,1849.01,1854.22,1981.6,1987.06,1860,1797.2,1767.69,1776.75,428975.3286,360634.8383,626167.5832,409769.7555,327843.4476,497854.9052,8.72757205466645E8,7.26385594534751E8,1.197329354058415E9,7.58545295871779E8,5.95676639883548E8,9.04456573010415E8,1468474,1394730,2245087,1755638,1523210,2283021,181445.0723,154040.2327,307332.2769,199201.1398,164123.1476,248408.7865,3.69125581320511E8,3.10291637030968E8,5.87606938584515E8,3.68752720356886E8,2.98224370054843E8,4.51323627204578E8,-0.027408465,-0.002916119,-0.053282493,-0.036280247,-0.011126428,0.008126169,2009.52,2003.66,1896.9,1828.08,1807.74,1822.43,2066.16,2009.52,2003.67,1896.9,1828.09,1807.74,2079.21,2037.38,2015.93,1913.6,1849.01,1854.22,1981.6,1987.06,1860,1797.2,1767.69,1776.75,428975.3286,360634.8383,626167.5832,409769.7555,327843.4476,497854.9052,8.72757205466645E8,7.26385594534751E8,1.197329354058415E9,7.58545295871779E8,5.95676639883548E8,9.04456573010415E8,1468474,1394730,2245087,1755638,1523210,2283021,181445.0723,154040.2327,307332.2769,199201.1398,164123.1476,248408.7865,3.69125581320511E8,3.10291637030968E8,5.87606938584515E8,3.68752720356886E8,2.98224370054843E8,4.51323627204578E8,-0.027408465,-0.002916119,-0.053282493,-0.036280247,-0.011126428,0.008126169,2009.52,2003.66,1896.9,1828.08,1807.74,1822.43,1904.98
2025-04-01T00:00:00,2009.52,2003.67,1896.9,1828.09,1807.74,1822.43,2037.38,2015.93,1913.6,1849.01,1854.22,1927.9,1987.06,1860,1797.2,1767.69,1776.75,1817.88,360634.8383,626167.5832,409769.7555,327843.4476,497854.9052,452989.0974,7.26385594534751E8,1.197329354058415E9,7.58545295871779E8,5.95676639883548E8,9.04456573010415E8,8.51190042273377E8,1394730,2245087,1755638,1523210,2283021,2141608,154040.2327,307332.2769,199201.1398,164123.1476,248408.7865,227293.9134,3.10291637030968E8,5.87606938584515E8,3.68752720356886E8,2.98224370054843E8,4.51323627204578E8,4.2706869666992E8,-0.002916119,-0.053282493,-0.036280247,-0.011126428,0.008126169,0.045296664,2003.66,1896.9,1828.08,1807.74,1822.43,1904.98,2009.52,2003.67,1896.9,1828.09,1807.74,1822.43,2037.38,2015.93,1913.6,1849.01,1854.22,1927.9,1987.06,1860,1797.2,1767.69,1776.75,1817.88,360634.8383,626167.5832,409769.7555,327843.4476,497854.9052,452989.0974,7.26385594534751E8,1.197329354058415E9,7.58545295871779E8,5.95676639883548E8,9.04456573010415E8,8.51190042273377E8,1394730,2245087,1755638,1523210,2283021,2141608,154040.2327,307332.2769,199201.1398,164123.1476,248408.7865,227293.9134,3.10291637030968E8,5.87606938584515E8,3.68752720356886E8,2.98224370054843E8,4.51323627204578E8,4.2706869666992E8,-0.002916119,-0.053282493,-0.036280247,-0.011126428,0.008126169,0.045296664,2003.66,1896.9,1828.08,1807.74,1822.43,1904.98,1795.22
2025-04-02T00:00:00,2003.67,1896.9,1828.09,1807.74,1822.43,1904.98,2015.93,1913.6,1849.01,1854.22,1927.9,1957,1860,1797.2,1767.69,1776.75,1817.88,1781.53,626167.5832,409769.7555,327843.4476,497854.9052,452989.0974,750840.7823,1.197329354058415E9,7.58545295871779E8,5.95676639883548E8,9.04456573010415E8,8.51190042273377E8,1.411539014562126E9,2245087,1755638,1523210,2283021,2141608,3408080,307332.2769,199201.1398,164123.1476,248408.7865,227293.9134,364479.3767,5.87606938584515E8,3.68752720356886E8,2.98224370054843E8,4.51323627204578E8,4.2706869666992E8,6.85797603628611E8,-0.053282493,-0.036280247,-0.011126428,0.008126169,0.045296664,-0.057617403,1896.9,1828.08,1807.74,1822.43,1904.98,1795.22,2003.67,1896.9,1828.09,1807.74,1822.43,1904.98,2015.93,1913.6,1849.01,1854.22,1927.9,1957,1860,1797.2,1767.69,1776.75,1817.88,1781.53,626167.5832,409769.7555,327843.4476,497854.9052,452989.0974,750840.7823,1.197329354058415E9,7.58545295871779E8,5.95676639883548E8,9.04456573010415E8,8.51190042273377E8,1.411539014562126E9,2245087,1755638,1523210,2283021,2141608,3408080,307332.2769,199201.1398,164123.1476,248408.7865,227293.9134,364479.3767,5.87606938584515E8,3.68752720356886E8,2.98224370054843E8,4.51323627204578E8,4.2706869666992E8,6.85797603628611E8,-0.053282493,-0.036280247,-0.011126428,0.008126169,0.045296664,-0.057617403,1896.9,1828.08,1807.74,1822.43,1904.98,1795.22,1817.23
2025-04-03T00:00:00,1896.9,1828.09,1807.74,1822.43,1904.98,1795.21,1913.6,1849.01,1854.22,1927.9,1957,1845.26,1797.2,1767.69,1776.75,1817.88,1781.53,1750,409769.7555,327843.4476,497854.9052,452989.0974,750840.7823,508075.018,7.58545295871779E8,5.95676639883548E8,9.04456573010415E8,8.51190042273377E8,1.411539014562126E9,9.12214691840036E8,1755638,1523210,2283021,2141608,3408080,2579520,199201.1398,164123.1476,248408.7865,227293.9134,364479.3767,253462.4464,3.68752720356886E8,2.98224370054843E8,4.51323627204578E8,4.2706869666992E8,6.85797603628611E8,4.55404696427552E8,-0.036280247,-0.011126428,0.008126169,0.045296664,-0.057617403,0.012260336,1828.08,1807.74,1822.43,1904.98,1795.22,1817.23,1896.9,1828.09,1807.74,1822.43,1904.98,1795.21,1913.6,1849.01,1854.22,1927.9,1957,1845.26,1797.2,1767.69,1776.75,1817.88,1781.53,1750,409769.7555,327843.4476,497854.9052,452989.0974,750840.7823,508075.018,7.58545295871779E8,5.95676639883548E8,9.04456573010415E8,8.51190042273377E8,1.411539014562126E9,9.12214691840036E8,1755638,1523210,2283021,2141608,3408080,2579520,199201.1398,164123.1476,248408.7865,227293.9134,364479.3767,253462.4464,3.68752720356886E8,2.98224370054843E8,4.51323627204578E8,4.2706869666992E8,6.85797603628611E8,4.55404696427552E8,-0.036280247,-0.011126428,0.008126169,0.045296664,-0.057617403,0.012260336,1828.08,1807.74,1822.43,1904.98,1795.22,1817.23,1816.87
2025-04-04T00:00:00,1828.09,1807.74,1822.43,1904.98,1795.21,1817.23,1849.01,1854.22,1927.9,1957,1845.26,1835.68,1767.69,1776.75,1817.88,1781.53,1750,1758.72,327843.4476,497854.9052,452989.0974,750840.7823,508075.018,572734.4702,5.95676639883548E8,9.04456573010415E8,8.51190042273377E8,1.411539014562126E9,9.12214691840036E8,1.030518559141754E9,1523210,2283021,2141608,3408080,2579520,2647730,164123.1476,248408.7865,227293.9134,364479.3767,253462.4464,277397.8197,2.98224370054843E8,4.51323627204578E8,4.2706869666992E8,6.85797603628611E8,4.55404696427552E8,4.99272616797469E8,-0.011126428,0.008126169,0.045296664,-0.057617403,0.012260336,-1.98E-04,1807.74,1822.43,1904.98,1795.22,1817.23,1816.87,1828.09,1807.74,1822.43,1904.98,1795.21,1817.23,1849.01,1854.22,1927.9,1957,1845.26,1835.68,1767.69,1776.75,1817.88,1781.53,1750,1758.72,327843.4476,497854.9052,452989.0974,750840.7823,508075.018,572734.4702,5.95676639883548E8,9.04456573010415E8,8.51190042273377E8,1.411539014562126E9,9.12214691840036E8,1.030518559141754E9,1523210,2283021,2141608,3408080,2579520,2647730,164123.1476,248408.7865,227293.9134,364479.3767,253462.4464,277397.8197,2.98224370054843E8,4.51323627204578E8,4.2706869666992E8,6.85797603628611E8,4.55404696427552E8,4.99272616797469E8,-0.011126428,0.008126169,0.045296664,-0.057617403,0.012260336,-1.98E-04,1807.74,1822.43,1904.98,1795.22,1817.23,1816.87,1806.01
2025-04-05T00:00:00,1807.74,1822.43,1904.98,1795.21,1817.23,1816.88,1854.22,1927.9,1957,1845.26,1835.68,1827.29,1776.75,1817.88,1781.53,1750,1758.72,1764.39,497854.9052,452989.0974,750840.7823,508075.018,572734.4702,201716.2696,9.04456573010415E8,8.51190042273377E8,1.411539014562126E9,9.12214691840036E8,1.030518559141754E9,3.62822603997079E8,2283021,2141608,3408080,2579520,2647730,861593,248408.7865,227293.9134,364479.3767,253462.4464,277397.8197,96425.6245,4.51323627204578E8,4.2706869666992E8,6.85797603628611E8,4.55404696427552E8,4.99272616797469E8,1.73484839307568E8,0.008126169,0.045296664,-0.057617403,0.012260336,-1.98E-04,-0.005977313,1822.43,1904.98,1795.22,1817.23,1816.87,1806.01,1807.74,1822.43,1904.98,1795.21,1817.23,1816.88,1854.22,1927.9,1957,1845.26,1835.68,1827.29,1776.75,1817.88,1781.53,1750,1758.72,1764.39,497854.9052,452989.0974,750840.7823,508075.018,572734.4702,201716.2696,9.04456573010415E8,8.51190042273377E8,1.411539014562126E9,9.12214691840036E8,1.030518559141754E9,3.62822603997079E8,2283021,2141608,3408080,2579520,2647730,861593,248408.7865,227293.9134,364479.3767,253462.4464,277397.8197,96425.6245,4.51323627204578E8,4.2706869666992E8,6.85797603628611E8,4.55404696427552E8,4.99272616797469E8,1.73484839307568E8,0.008126169,0.045296664,-0.057617403,0.012260336,-1.98E-04,-0.005977313,1822.43,1904.98,1795.22,1817.23,1816.87,1806.01,1580.76
2025-04-06T00:00:00,1822.43,1904.98,1795.21,1817.23,1816.88,1806.02,1927.9,1957,1845.26,1835.68,1827.29,1817,1817.88,1781.53,1750,1758.72,1764.39,1537.5,452989.0974,750840.7823,508075.018,572734.4702,201716.2696,979847.0958,8.51190042273377E8,1.411539014562126E9,9.12214691840036E8,1.030518559141754E9,3.62822603997079E8,1.621420911803542E9,2141608,3408080,2579520,2647730,861593,3251935,227293.9134,364479.3767,253462.4464,277397.8197,96425.6245,453768.9316,4.2706869666992E8,6.85797603628611E8,4.55404696427552E8,4.99272616797469E8,1.73484839307568E8,7.5131940863196E8,0.045296664,-0.057617403,0.012260336,-1.98E-04,-0.005977313,-0.124722454,1904.98,1795.22,1817.23,1816.87,1806.01,1580.76,1822.43,1904.98,1795.21,1817.23,1816.88,1806.02,1927.9,1957,1845.26,1835.68,1827.29,1817,1817.88,1781.53,1750,1758.72,1764.39,1537.5,452989.0974,750840.7823,508075.018,572734.4702,201716.2696,979847.0958,8.51190042273377E8,1.411539014562126E9,9.12214691840036E8,1.030518559141754E9,3.62822603997079E8,1.621420911803542E9,2141608,3408080,2579520,2647730,861593,3251935,227293.9134,364479.3767,253462.4464,277397.8197,96425.6245,453768.9316,4.2706869666992E8,6.85797603628611E8,4.55404696427552E8,4.99272616797469E8,1.73484839307568E8,7.5131940863196E8,0.045296664,-0.057617403,0.012260336,-1.98E-04,-0.005977313,-0.124722454,1904.98,1795.22,1817.23,1816.87,1806.01,1580.76,1553.04
2025-04-07T00:00:00,1904.98,1795.21,1817.23,1816.88,1806.02,1580.77,1957,1845.26,1835.68,1827.29,1817,1639,1781.53,1750,1758.72,1764.39,1537.5,1411.01,750840.7823,508075.018,572734.4702,201716.2696,979847.0958,2168796.007,1.411539014562126E9,9.12214691840036E8,1.030518559141754E9,3.62822603997079E8,1.621420911803542E9,3.314200223327178E9,3408080,2579520,2647730,861593,3251935,5723226,364479.3767,253462.4464,277397.8197,96425.6245,453768.9316,1076060.067,6.85797603628611E8,4.55404696427552E8,4.99272616797469E8,1.73484839307568E8,7.5131940863196E8,1.645270461504365E9,-0.057617403,0.012260336,-1.98E-04,-0.005977313,-0.124722454,-0.017535869,1795.22,1817.23,1816.87,1806.01,1580.76,1553.04,1904.98,1795.21,1817.23,1816.88,1806.02,1580.77,1957,1845.26,1835.68,1827.29,1817,1639,1781.53,1750,1758.72,1764.39,1537.5,1411.01,750840.7823,508075.018,572734.4702,201716.2696,979847.0958,2168796.007,1.411539014562126E9,9.12214691840036E8,1.030518559141754E9,3.62822603997079E8,1.621420911803542E9,3.314200223327178E9,3408080,2579520,2647730,861593,3251935,5723226,364479.3767,253462.4464,277397.8197,96425.6245,453768.9316,1076060.067,6.85797603628611E8,4.55404696427552E8,4.99272616797469E8,1.73484839307568E8,7.5131940863196E8,1.645270461504365E9,-0.057617403,0.012260336,-1.98E-04,-0.005977313,-0.124722454,-0.017535869,1795.22,1817.23,1816.87,1806.01,1580.76,1553.04,1473.41
2025-04-08T00:00:00,1795.21,1817.23,1816.88,1806.02,1580.77,1553.04,1845.26,1835.68,1827.29,1817,1639,1618.67,1750,1758.72,1764.39,1537.5,1411.01,1441.3,508075.018,572734.4702,201716.2696,979847.0958,2168796.007,891846.1327,9.12214691840036E8,1.030518559141754E9,3.62822603997079E8,1.621420911803542E9,3.314200223327178E9,1.361139288977932E9,2579520,2647730,861593,3251935,5723226,3369669,253462.4464,277397.8197,96425.6245,453768.9316,1076060.067,449628.1417,4.55404696427552E8,4.99272616797469E8,1.73484839307568E8,7.5131940863196E8,1.645270461504365E9,6.86762120765776E8,0.012260336,-1.98E-04,-0.005977313,-0.124722454,-0.017535869,-0.051273631,1817.23,1816.87,1806.01,1580.76,1553.04,1473.41,1795.21,1817.23,1816.88,1806.02,1580.77,1553.04,1845.26,1835.68,1827.29,1817,1639,1618.67,1750,1758.72,1764.39,1537.5,1411.01,1441.3,508075.018,572734.4702,201716.2696,979847.0958,2168796.007,891846.1327,9.12214691840036E8,1.030518559141754E9,3.62822603997079E8,1.621420911803542E9,3.314200223327178E9,1.361139288977932E9,2579520,2647730,861593,3251935,5723226,3369669,253462.4464,277397.8197,96425.6245,453768.9316,1076060.067,449628.1417,4.55404696427552E8,4.99272616797469E8,1.73484839307568E8,7.5131940863196E8,1.645270461504365E9,6.86762120765776E8,0.012260336,-1.98E-04,-0.005977313,-0.124722454,-0.017535869,-0.051273631,1817.23,1816.87,1806.01,1580.76,1553.04,1473.41,1669.51
2025-04-09T00:00:00,1817.23,1816.88,1806.02,1580.77,1553.04,1473.41,1835.68,1827.29,1817,1639,1618.67,1689,1758.72,1764.39,1537.5,1411.01,1441.3,1385.05,572734.4702,201716.2696,979847.0958,2168796.007,891846.1327,1968530.914,1.030518559141754E9,3.62822603997079E8,1.621420911803542E9,3.314200223327178E9,1.361139288977932E9,2.995077137626647E9,2647730,861593,3251935,5723226,3369669,4723847,277397.8197,96425.6245,453768.9316,1076060.067,449628.1417,990740.8363,4.99272616797469E8,1.73484839307568E8,7.5131940863196E8,1.645270461504365E9,6.86762120765776E8,1.508747907727771E9,-1.98E-04,-0.005977313,-0.124722454,-0.017535869,-0.051273631,0.13309262187714208,1816.87,1806.01,1580.76,1553.04,1473.41,1669.51,1817.23,1816.88,1806.02,1580.77,1553.04,1473.41,1835.68,1827.29,1817,1639,1618.67,1689,1758.72,1764.39,1537.5,1411.01,1441.3,1385.05,572734.4702,201716.2696,979847.0958,2168796.007,891846.1327,1968530.914,1.030518559141754E9,3.62822603997079E8,1.621420911803542E9,3.314200223327178E9,1.361139288977932E9,2.995077137626647E9,2647730,861593,3251935,5723226,3369669,4723847,277397.8197,96425.6245,453768.9316,1076060.067,449628.1417,990740.8363,4.99272616797469E8,1.73484839307568E8,7.5131940863196E8,1.645270461504365E9,6.86762120765776E8,1.508747907727771E9,-1.98E-04,-0.005977313,-0.124722454,-0.017535869,-0.051273631,0.13309262187714208,1816.87,1806.01,1580.76,1553.04,1473.41,1669.51,1522.25
2025-04-10T00:00:00,1816.88,1806.02,1580.77,1553.04,1473.41,1669.51,1827.29,1817,1639,1618.67,1689,1669.85,1764.39,1537.5,1411.01,1441.3,1385.05,1471.02,201716.2696,979847.0958,2168796.007,891846.1327,1968530.914,911855.3934,3.62822603997079E8,1.621420911803542E9,3.314200223327178E9,1.361139288977932E9,2.995077137626647E9,1.425649915894919E9,861593,3251935,5723226,3369669,4723847,3007121,96425.6245,453768.9316,1076060.067,449628.1417,990740.8363,454828.2592,1.73484839307568E8,7.5131940863196E8,1.645270461504365E9,6.86762120765776E8,1.508747907727771E9,7.11164539487151E8,-0.005977313,-0.124722454,-0.017535869,-0.051273631,0.13309262187714208,-0.088205521,1806.01,1580.76,1553.04,1473.41,1669.51,1522.25,1816.88,1806.02,1580.77,1553.04,1473.41,1669.51,1827.29,1817,1639,1618.67,1689,1669.85,1764.39,1537.5,1411.01,1441.3,1385.05,1471.02,201716.2696,979847.0958,2168796.007,891846.1327,1968530.914,911855.3934,3.62822603997079E8,1.621420911803542E9,3.314200223327178E9,1.361139288977932E9,2.995077137626647E9,1.425649915894919E9,861593,3251935,5723226,3369669,4723847,3007121,96425.6245,453768.9316,1076060.067,449628.1417,990740.8363,454828.2592,1.73484839307568E8,7.5131940863196E8,1.645270461504365E9,6.86762120765776E8,1.508747907727771E9,7.11164539487151E8,-0.005977313,-0.124722454,-0.017535869,-0.051273631,0.13309262187714208,-0.088205521,1806.01,1580.76,1553.04,1473.41,1669.51,1522.25,1566.85
2025-04-11T00:00:00,1806.02,1580.77,1553.04,1473.41,1669.51,1522.24,1817,1639,1618.67,1689,1669.85,1591.47,1537.5,1411.01,1441.3,1385.05,1471.02,1504.63,979847.0958,2168796.007,891846.1327,1968530.914,911855.3934,578484.3183,1.621420911803542E9,3.314200223327178E9,1.361139288977932E9,2.995077137626647E9,1.425649915894919E9,9.01210974608363E8,3251935,5723226,3369669,4723847,3007121,2547292,453768.9316,1076060.067,449628.1417,990740.8363,454828.2592,305707.1748,7.5131940863196E8,1.645270461504365E9,6.86762120765776E8,1.508747907727771E9,7.11164539487151E8,4.76514872298804E8,-0.124722454,-0.017535869,-0.051273631,0.13309262187714208,-0.088205521,0.029298735,1580.76,1553.04,1473.41,1669.51,1522.25,1566.85,1806.02,1580.77,1553.04,1473.41,1669.51,1522.24,1817,1639,1618.67,1689,1669.85,1591.47,1537.5,1411.01,1441.3,1385.05,1471.02,1504.63,979847.0958,2168796.007,891846.1327,1968530.914,911855.3934,578484.3183,1.621420911803542E9,3.314200223327178E9,1.361139288977932E9,2.995077137626647E9,1.425649915894919E9,9.01210974608363E8,3251935,5723226,3369669,4723847,3007121,2547292,453768.9316,1076060.067,449628.1417,990740.8363,454828.2592,305707.1748,7.5131940863196E8,1.645270461504365E9,6.86762120765776E8,1.508747907727771E9,7.11164539487151E8,4.76514872298804E8,-0.124722454,-0.017535869,-0.051273631,0.13309262187714208,-0.088205521,0.029298735,1580.76,1553.04,1473.41,1669.51,1522.25,1566.85,1644.18
2025-04-12T00:00:00,1580.77,1553.04,1473.41,1669.51,1522.24,1566.85,1639,1618.67,1689,1669.85,1591.47,1669.59,1411.01,1441.3,1385.05,1471.02,1504.63,1546.06,2168796.007,891846.1327,1968530.914,911855.3934,578484.3183,501867.9033,3.314200223327178E9,1.361139288977932E9,2.995077137626647E9,1.425649915894919E9,9.01210974608363E8,8.13176435313973E8,5723226,3369669,4723847,3007121,2547292,2177800,1076060.067,449628.1417,990740.8363,454828.2592,305707.1748,266899.4092,1.645270461504365E9,6.86762120765776E8,1.508747907727771E9,7.11164539487151E8,4.76514872298804E8,4.32987094823904E8,-0.017535869,-0.051273631,0.13309262187714208,-0.088205521,0.029298735,0.049353799,1553.04,1473.41,1669.51,1522.25,1566.85,1644.18,1580.77,1553.04,1473.41,1669.51,1522.24,1566.85,1639,1618.67,1689,1669.85,1591.47,1669.59,1411.01,1441.3,1385.05,1471.02,1504.63,1546.06,2168796.007,891846.1327,1968530.914,911855.3934,578484.3183,501867.9033,3.314200223327178E9,1.361139288977932E9,2.995077137626647E9,1.425649915894919E9,9.01210974608363E8,8.13176435313973E8,5723226,3369669,4723847,3007121,2547292,2177800,1076060.067,449628.1417,990740.8363,454828.2592,305707.1748,266899.4092,1.645270461504365E9,6.86762120765776E8,1.508747907727771E9,7.11164539487151E8,4.76514872298804E8,4.32987094823904E8,-0.017535869,-0.051273631,0.13309262187714208,-0.088205521,0.029298735,0.049353799,1553.04,1473.41,1669.51,1522.25,1566.85,1644.18,1597.76
2025-04-13T00:00:00,1553.04,1473.41,1669.51,1522.24,1566.85,1644.19,1618.67,1689,1669.85,1591.47,1669.59,1649.75,1441.3,1385.05,1471.02,1504.63,1546.06,1562.01,891846.1327,1968530.914,911855.3934,578484.3183,501867.9033,580136.6145,1.361139288977932E9,2.995077137626647E9,1.425649915894919E9,9.01210974608363E8,8.13176435313973E8,9.31598664291855E8,3369669,4723847,3007121,2547292,2177800,2597350,449628.1417,990740.8363,454828.2592,305707.1748,266899.4092,281372.538,6.86762120765776E8,1.508747907727771E9,7.11164539487151E8,4.76514872298804E8,4.32987094823904E8,4.52135764611083E8,-0.051273631,0.13309262187714208,-0.088205521,0.029298735,0.049353799,-0.028232919,1473.41,1669.51,1522.25,1566.85,1644.18,1597.76,1553.04,1473.41,1669.51,1522.24,1566.85,1644.19,1618.67,1689,1669.85,1591.47,1669.59,1649.75,1441.3,1385.05,1471.02,1504.63,1546.06,1562.01,891846.1327,1968530.914,911855.3934,578484.3183,501867.9033,580136.6145,1.361139288977932E9,2.995077137626647E9,1.425649915894919E9,9.01210974608363E8,8.13176435313973E8,9.31598664291855E8,3369669,4723847,3007121,2547292,2177800,2597350,449628.1417,990740.8363,454828.2592,305707.1748,266899.4092,281372.538,6.86762120765776E8,1.508747907727771E9,7.11164539487151E8,4.76514872298804E8,4.32987094823904E8,4.52135764611083E8,-0.051273631,0.13309262187714208,-0.088205521,0.029298735,0.049353799,-0.028232919,1473.41,1669.51,1522.25,1566.85,1644.18,1597.76,1623.77
2025-04-14T00:00:00,1473.41,1669.51,1522.24,1566.85,1644.19,1597.76,1689,1669.85,1591.47,1669.59,1649.75,1691.5,1385.05,1471.02,1504.63,1546.06,1562.01,1595.56,1968530.914,911855.3934,578484.3183,501867.9033,580136.6145,645930.1419,2.995077137626647E9,1.425649915894919E9,9.01210974608363E8,8.13176435313973E8,9.31598664291855E8,1.062426756849636E9,4723847,3007121,2547292,2177800,2597350,2975844,990740.8363,454828.2592,305707.1748,266899.4092,281372.538,332185.1295,1.508747907727771E9,7.11164539487151E8,4.76514872298804E8,4.32987094823904E8,4.52135764611083E8,5.46536662981744E8,0.13309262187714208,-0.088205521,0.029298735,0.049353799,-0.028232919,0.016279040656919683,1669.51,1522.25,1566.85,1644.18,1597.76,1623.77,1473.41,1669.51,1522.24,1566.85,1644.19,1597.76,1689,1669.85,1591.47,1669.59,1649.75,1691.5,1385.05,1471.02,1504.63,1546.06,1562.01,1595.56,1968530.914,911855.3934,578484.3183,501867.9033,580136.6145,645930.1419,2.995077137626647E9,1.425649915894919E9,9.01210974608363E8,8.13176435313973E8,9.31598664291855E8,1.062426756849636E9,4723847,3007121,2547292,2177800,2597350,2975844,990740.8363,454828.2592,305707.1748,266899.4092,281372.538,332185.1295,1.508747907727771E9,7.11164539487151E8,4.76514872298804E8,4.32987094823904E8,4.52135764611083E8,5.46536662981744E8,0.13309262187714208,-0.088205521,0.029298735,0.049353799,-0.028232919,0.016279040656919683,1669.51,1522.25,1566.85,1644.18,1597.76,1623.77,1588.78
2025-04-15T00:00:00,1669.51,1522.24,1566.85,1644.19,1597.76,1623.78,1669.85,1591.47,1669.59,1649.75,1691.5,1661.21,1471.02,1504.63,1546.06,1562.01,1595.56,1583.12,911855.3934,578484.3183,501867.9033,580136.6145,645930.1419,476178.8915,1.425649915894919E9,9.01210974608363E8,8.13176435313973E8,9.31598664291855E8,1.062426756849636E9,7.74210116710625E8,3007121,2547292,2177800,2597350,2975844,2283302,454828.2592,305707.1748,266899.4092,281372.538,332185.1295,232389.8503,7.11164539487151E8,4.76514872298804E8,4.32987094823904E8,4.52135764611083E8,5.46536662981744E8,3.77978352554607E8,-0.088205521,0.029298735,0.049353799,-0.028232919,0.016279040656919683,-0.021548618,1522.25,1566.85,1644.18,1597.76,1623.77,1588.78,1669.51,1522.24,1566.85,1644.19,1597.76,1623.78,1669.85,1591.47,1669.59,1649.75,1691.5,1661.21,1471.02,1504.63,1546.06,1562.01,1595.56,1583.12,911855.3934,578484.3183,501867.9033,580136.6145,645930.1419,476178.8915,1.425649915894919E9,9.01210974608363E8,8.13176435313973E8,9.31598664291855E8,1.062426756849636E9,7.74210116710625E8,3007121,2547292,2177800,2597350,2975844,2283302,454828.2592,305707.1748,266899.4092,281372.538,332185.1295,232389.8503,7.11164539487151E8,4.76514872298804E8,4.32987094823904E8,4.52135764611083E8,5.46536662981744E8,3.77978352554607E8,-0.088205521,0.029298735,0.049353799,-0.028232919,0.016279040656919683,-0.021548618,1522.25,1566.85,1644.18,1597.76,1623.77,1588.78,1577.14
2025-04-16T00:00:00,1522.24,1566.85,1644.19,1597.76,1623.78,1588.77,1591.47,1669.59,1649.75,1691.5,1661.21,1613.66,1504.63,1546.06,1562.01,1595.56,1583.12,1538.07,578484.3183,501867.9033,580136.6145,645930.1419,476178.8915,611387.8686,9.01210974608363E8,8.13176435313973E8,9.31598664291855E8,1.062426756849636E9,7.74210116710625E8,9.65271509893183E8,2547292,2177800,2597350,2975844,2283302,2645419,305707.1748,266899.4092,281372.538,332185.1295,232389.8503,311107.7903,4.76514872298804E8,4.32987094823904E8,4.52135764611083E8,5.46536662981744E8,3.77978352554607E8,4.91272640364742E8,0.029298735,0.049353799,-0.028232919,0.016279040656919683,-0.021548618,-0.007326376,1566.85,1644.18,1597.76,1623.77,1588.78,1577.14,1522.24,1566.85,1644.19,1597.76,1623.78,1588.77,1591.47,1669.59,1649.75,1691.5,1661.21,1613.66,1504.63,1546.06,1562.01,1595.56,1583.12,1538.07,578484.3183,501867.9033,580136.6145,645930.1419,476178.8915,611387.8686,9.01210974608363E8,8.13176435313973E8,9.31598664291855E8,1.062426756849636E9,7.74210116710625E8,9.65271509893183E8,2547292,2177800,2597350,2975844,2283302,2645419,305707.1748,266899.4092,281372.538,332185.1295,232389.8503,311107.7903,4.76514872298804E8,4.32987094823904E8,4.52135764611083E8,5.46536662981744E8,3.77978352554607E8,4.91272640364742E8,0.029298735,0.049353799,-0.028232919,0.016279040656919683,-0.021548618,-0.007326376,1566.85,1644.18,1597.76,1623.77,1588.78,1577.14,1583.62
2025-04-17T00:00:00,1566.85,1644.19,1597.76,1623.78,1588.77,1577.15,1669.59,1649.75,1691.5,1661.21,1613.66,1616.96,1546.06,1562.01,1595.56,1583.12,1538.07,1563.2,501867.9033,580136.6145,645930.1419,476178.8915,611387.8686,449870.3628,8.13176435313973E8,9.31598664291855E8,1.062426756849636E9,7.74210116710625E8,9.65271509893183E8,7.16711483143345E8,2177800,2597350,2975844,2283302,2645419,1871114,266899.4092,281372.538,332185.1295,232389.8503,311107.7903,226961.4241,4.32987094823904E8,4.52135764611083E8,5.46536662981744E8,3.77978352554607E8,4.91272640364742E8,3.61610704821231E8,0.049353799,-0.028232919,0.016279040656919683,-0.021548618,-0.007326376,0.004108703,1644.18,1597.76,1623.77,1588.78,1577.14,1583.62,1566.85,1644.19,1597.76,1623.78,1588.77,1577.15,1669.59,1649.75,1691.5,1661.21,1613.66,1616.96,1546.06,1562.01,1595.56,1583.12,1538.07,1563.2,501867.9033,580136.6145,645930.1419,476178.8915,611387.8686,449870.3628,8.13176435313973E8,9.31598664291855E8,1.062426756849636E9,7.74210116710625E8,9.65271509893183E8,7.16711483143345E8,2177800,2597350,2975844,2283302,2645419,1871114,266899.4092,281372.538,332185.1295,232389.8503,311107.7903,226961.4241,4.32987094823904E8,4.52135764611083E8,5.46536662981744E8,3.77978352554607E8,4.91272640364742E8,3.61610704821231E8,0.049353799,-0.028232919,0.016279040656919683,-0.021548618,-0.007326376,0.004108703,1644.18,1597.76,1623.77,1588.78,1577.14,1583.62,1588.6
2025-04-18T00:00:00,1644.19,1597.76,1623.78,1588.77,1577.15,1583.63,1649.75,1691.5,1661.21,1613.66,1616.96,1600.64,1562.01,1595.56,1583.12,1538.07,1563.2,1573.54,580136.6145,645930.1419,476178.8915,611387.8686,449870.3628,200409.0359,9.31598664291855E8,1.062426756849636E9,7.74210116710625E8,9.65271509893183E8,7.16711483143345E8,3.17931022839473E8,2597350,2975844,2283302,2645419,1871114,889028,281372.538,332185.1295,232389.8503,311107.7903,226961.4241,99073.5374,4.52135764611083E8,5.46536662981744E8,3.77978352554607E8,4.91272640364742E8,3.61610704821231E8,1.57166748966902E8,-0.028232919,0.016279040656919683,-0.021548618,-0.007326376,0.004108703,0.003144694,1597.76,1623.77,1588.78,1577.14,1583.62,1588.6,1644.19,1597.76,1623.78,1588.77,1577.15,1583.63,1649.75,1691.5,1661.21,1613.66,1616.96,1600.64,1562.01,1595.56,1583.12,1538.07,1563.2,1573.54,580136.6145,645930.1419,476178.8915,611387.8686,449870.3628,200409.0359,9.31598664291855E8,1.062426756849636E9,7.74210116710625E8,9.65271509893183E8,7.16711483143345E8,3.17931022839473E8,2597350,2975844,2283302,2645419,1871114,889028,281372.538,332185.1295,232389.8503,311107.7903,226961.4241,99073.5374,4.52135764611083E8,5.46536662981744E8,3.77978352554607E8,4.91272640364742E8,3.61610704821231E8,1.57166748966902E8,-0.028232919,0.016279040656919683,-0.021548618,-0.007326376,0.004108703,0.003144694,1597.76,1623.77,1588.78,1577.14,1583.62,1588.6,1613.27
2025-04-19T00:00:00,1597.76,1623.78,1588.77,1577.15,1583.63,1588.6,1691.5,1661.21,1613.66,1616.96,1600.64,1631.81,1595.56,1583.12,1538.07,1563.2,1573.54,1585.01,645930.1419,476178.8915,611387.8686,449870.3628,200409.0359,223096.3899,1.062426756849636E9,7.74210116710625E8,9.65271509893183E8,7.16711483143345E8,3.17931022839473E8,3.58254845712294E8,2975844,2283302,2645419,1871114,889028,1762563,332185.1295,232389.8503,311107.7903,226961.4241,99073.5374,119856.3027,5.46536662981744E8,3.77978352554607E8,4.91272640364742E8,3.61610704821231E8,1.57166748966902E8,1.92451022067047E8,0.016279040656919683,-0.021548618,-0.007326376,0.004108703,0.003144694,0.015529396953292253,1623.77,1588.78,1577.14,1583.62,1588.6,1613.27,1597.76,1623.78,1588.77,1577.15,1583.63,1588.6,1691.5,1661.21,1613.66,1616.96,1600.64,1631.81,1595.56,1583.12,1538.07,1563.2,1573.54,1585.01,645930.1419,476178.8915,611387.8686,449870.3628,200409.0359,223096.3899,1.062426756849636E9,7.74210116710625E8,9.65271509893183E8,7.16711483143345E8,3.17931022839473E8,3.58254845712294E8,2975844,2283302,2645419,1871114,889028,1762563,332185.1295,232389.8503,311107.7903,226961.4241,99073.5374,119856.3027,5.46536662981744E8,3.77978352554607E8,4.91272640364742E8,3.61610704821231E8,1.57166748966902E8,1.92451022067047E8,0.016279040656919683,-0.021548618,-0.007326376,0.004108703,0.003144694,0.015529396953292253,1623.77,1588.78,1577.14,1583.62,1588.6,1613.27,1587.36
2025-04-20T00:00:00,1623.78,1588.77,1577.15,1583.63,1588.6,1613.26,1661.21,1613.66,1616.96,1600.64,1631.81,1619.19,1583.12,1538.07,1563.2,1573.54,1585.01,1565.59,476178.8915,611387.8686,449870.3628,200409.0359,223096.3899,276052.2306,7.74210116710625E8,9.65271509893183E8,7.16711483143345E8,3.17931022839473E8,3.58254845712294E8,4.38377495975152E8,2283302,2645419,1871114,889028,1762563,1913811,232389.8503,311107.7903,226961.4241,99073.5374,119856.3027,138393.3947,3.77978352554607E8,4.91272640364742E8,3.61610704821231E8,1.57166748966902E8,1.92451022067047E8,2.19774032482756E8,-0.021548618,-0.007326376,0.004108703,0.003144694,0.015529396953292253,-0.016060548,1588.78,1577.14,1583.62,1588.6,1613.27,1587.36,1623.78,1588.77,1577.15,1583.63,1588.6,1613.26,1661.21,1613.66,1616.96,1600.64,1631.81,1619.19,1583.12,1538.07,1563.2,1573.54,1585.01,1565.59,476178.8915,611387.8686,449870.3628,200409.0359,223096.3899,276052.2306,7.74210116710625E8,9.65271509893183E8,7.16711483143345E8,3.17931022839473E8,3.58254845712294E8,4.38377495975152E8,2283302,2645419,1871114,889028,1762563,1913811,232389.8503,311107.7903,226961.4241,99073.5374,119856.3027,138393.3947,3.77978352554607E8,4.91272640364742E8,3.61610704821231E8,1.57166748966902E8,1.92451022067047E8,2.19774032482756E8,-0.021548618,-0.007326376,0.004108703,0.003144694,0.015529396953292253,-0.016060548,1588.78,1577.14,1583.62,1588.6,1613.27,1587.36,1579.57
2025-04-21T00:00:00,1588.77,1577.15,1583.63,1588.6,1613.26,1587.36,1613.66,1616.96,1600.64,1631.81,1619.19,1658.75,1538.07,1563.2,1573.54,1585.01,1565.59,1564.07,611387.8686,449870.3628,200409.0359,223096.3899,276052.2306,691486.6667,9.65271509893183E8,7.16711483143345E8,3.17931022839473E8,3.58254845712294E8,4.38377495975152E8,1.117358203868595E9,2645419,1871114,889028,1762563,1913811,4257816,311107.7903,226961.4241,99073.5374,119856.3027,138393.3947,349723.7779,4.91272640364742E8,3.61610704821231E8,1.57166748966902E8,1.92451022067047E8,2.19774032482756E8,5.65324291159292E8,-0.007326376,0.004108703,0.003144694,0.015529396953292253,-0.016060548,-0.004907519,1577.14,1583.62,1588.6,1613.27,1587.36,1579.57,1588.77,1577.15,1583.63,1588.6,1613.26,1587.36,1613.66,1616.96,1600.64,1631.81,1619.19,1658.75,1538.07,1563.2,1573.54,1585.01,1565.59,1564.07,611387.8686,449870.3628,200409.0359,223096.3899,276052.2306,691486.6667,9.65271509893183E8,7.16711483143345E8,3.17931022839473E8,3.58254845712294E8,4.38377495975152E8,1.117358203868595E9,2645419,1871114,889028,1762563,1913811,4257816,311107.7903,226961.4241,99073.5374,119856.3027,138393.3947,349723.7779,4.91272640364742E8,3.61610704821231E8,1.57166748966902E8,1.92451022067047E8,2.19774032482756E8,5.65324291159292E8,-0.007326376,0.004108703,0.003144694,0.015529396953292253,-0.016060548,-0.004907519,1577.14,1583.62,1588.6,1613.27,1587.36,1579.57,1756.26
2025-04-22T00:00:00,1577.15,1583.63,1588.6,1613.26,1587.36,1579.57,1616.96,1600.64,1631.81,1619.19,1658.75,1778,1563.2,1573.54,1585.01,1565.59,1564.07,1537.26,449870.3628,200409.0359,223096.3899,276052.2306,691486.6667,1103036.959,7.16711483143345E8,3.17931022839473E8,3.58254845712294E8,4.38377495975152E8,1.117358203868595E9,1.833852783080129E9,1871114,889028,1762563,1913811,4257816,3841594,226961.4241,99073.5374,119856.3027,138393.3947,349723.7779,570956.5969,3.61610704821231E8,1.57166748966902E8,1.92451022067047E8,2.19774032482756E8,5.65324291159292E8,9.49980453538352E8,0.004108703,0.003144694,0.015529396953292253,-0.016060548,-0.004907519,0.11185955671480217,1583.62,1588.6,1613.27,1587.36,1579.57,1756.26,1577.15,1583.63,1588.6,1613.26,1587.36,1579.57,1616.96,1600.64,1631.81,1619.19,1658.75,1778,1563.2,1573.54,1585.01,1565.59,1564.07,1537.26,449870.3628,200409.0359,223096.3899,276052.2306,691486.6667,1103036.959,7.16711483143345E8,3.17931022839473E8,3.58254845712294E8,4.38377495975152E8,1.117358203868595E9,1.833852783080129E9,1871114,889028,1762563,1913811,4257816,3841594,226961.4241,99073.5374,119856.3027,138393.3947,349723.7779,570956.5969,3.61610704821231E8,1.57166748966902E8,1.92451022067047E8,2.19774032482756E8,5.65324291159292E8,9.49980453538352E8,0.004108703,0.003144694,0.015529396953292253,-0.016060548,-0.004907519,0.11185955671480217,1583.62,1588.6,1613.27,1587.36,1579.57,1756.26,1795.07
2025-04-23T00:00:00,1583.63,1588.6,1613.26,1587.36,1579.57,1756.25,1600.64,1631.81,1619.19,1658.75,1778,1834.86,1573.54,1585.01,1565.59,1564.07,1537.26,1744.95,200409.0359,223096.3899,276052.2306,691486.6667,1103036.959,887545.6316,3.17931022839473E8,3.58254845712294E8,4.38377495975152E8,1.117358203868595E9,1.833852783080129E9,1.590311895515477E9,889028,1762563,1913811,4257816,3841594,3346263,99073.5374,119856.3027,138393.3947,349723.7779,570956.5969,465865.2367,1.57166748966902E8,1.92451022067047E8,2.19774032482756E8,5.65324291159292E8,9.49980453538352E8,8.34633411499644E8,0.003144694,0.015529396953292253,-0.016060548,-0.004907519,0.11185955671480217,0.022098095,1588.6,1613.27,1587.36,1579.57,1756.26,1795.07,1583.63,1588.6,1613.26,1587.36,1579.57,1756.25,1600.64,1631.81,1619.19,1658.75,1778,1834.86,1573.54,1585.01,1565.59,1564.07,1537.26,1744.95,200409.0359,223096.3899,276052.2306,691486.6667,1103036.959,887545.6316,3.17931022839473E8,3.58254845712294E8,4.38377495975152E8,1.117358203868595E9,1.833852783080129E9,1.590311895515477E9,889028,1762563,1913811,4257816,3841594,3346263,99073.5374,119856.3027,138393.3947,349723.7779,570956.5969,465865.2367,1.57166748966902E8,1.92451022067047E8,2.19774032482756E8,5.65324291159292E8,9.49980453538352E8,8.34633411499644E8,0.003144694,0.015529396953292253,-0.016060548,-0.004907519,0.11185955671480217,0.022098095,1588.6,1613.27,1587.36,1579.57,1756.26,1795.07,1769.65
2025-04-24T00:00:00,1588.6,1613.26,1587.36,1579.57,1756.25,1795.08,1631.81,1619.19,1658.75,1778,1834.86,1802.82,1585.01,1565.59,1564.07,1537.26,1744.95,1722.9,223096.3899,276052.2306,691486.6667,1103036.959,887545.6316,483465.0385,3.58254845712294E8,4.38377495975152E8,1.117358203868595E9,1.833852783080129E9,1.590311895515477E9,8.5150719204646E8,1762563,1913811,4257816,3841594,3346263,2225460,119856.3027,138393.3947,349723.7779,570956.5969,465865.2367,228156.9812,1.92451022067047E8,2.19774032482756E8,5.65324291159292E8,9.49980453538352E8,8.34633411499644E8,4.01904077519877E8,0.015529396953292253,-0.016060548,-0.004907519,0.11185955671480217,0.022098095,-0.014161008,1613.27,1587.36,1579.57,1756.26,1795.07,1769.65,1588.6,1613.26,1587.36,1579.57,1756.25,1795.08,1631.81,1619.19,1658.75,1778,1834.86,1802.82,1585.01,1565.59,1564.07,1537.26,1744.95,1722.9,223096.3899,276052.2306,691486.6667,1103036.959,887545.6316,483465.0385,3.58254845712294E8,4.38377495975152E8,1.117358203868595E9,1.833852783080129E9,1.590311895515477E9,8.5150719204646E8,1762563,1913811,4257816,3841594,3346263,2225460,119856.3027,138393.3947,349723.7779,570956.5969,465865.2367,228156.9812,1.92451022067047E8,2.19774032482756E8,5.65324291159292E8,9.49980453538352E8,8.34633411499644E8,4.01904077519877E8,0.015529396953292253,-0.016060548,-0.004907519,0.11185955671480217,0.022098095,-0.014161008,1613.27,1587.36,1579.57,1756.26,1795.07,1769.65,1784.6
2025-04-25T00:00:00,1613.26,1587.36,1579.57,1756.25,1795.08,1769.64,1619.19,1658.75,1778,1834.86,1802.82,1827.32,1565.59,1564.07,1537.26,1744.95,1722.9,1738.6,276052.2306,691486.6667,1103036.959,887545.6316,483465.0385,595610.8894,4.38377495975152E8,1.117358203868595E9,1.833852783080129E9,1.590311895515477E9,8.5150719204646E8,1.063192910339053E9,1913811,4257816,3841594,3346263,2225460,2516748,138393.3947,349723.7779,570956.5969,465865.2367,228156.9812,310119.5698,2.19774032482756E8,5.65324291159292E8,9.49980453538352E8,8.34633411499644E8,4.01904077519877E8,5.53732398650821E8,-0.016060548,-0.004907519,0.11185955671480217,0.022098095,-0.014161008,0.008447998,1587.36,1579.57,1756.26,1795.07,1769.65,1784.6,1613.26,1587.36,1579.57,1756.25,1795.08,1769.64,1619.19,1658.75,1778,1834.86,1802.82,1827.32,1565.59,1564.07,1537.26,1744.95,1722.9,1738.6,276052.2306,691486.6667,1103036.959,887545.6316,483465.0385,595610.8894,4.38377495975152E8,1.117358203868595E9,1.833852783080129E9,1.590311895515477E9,8.5150719204646E8,1.063192910339053E9,1913811,4257816,3841594,3346263,2225460,2516748,138393.3947,349723.7779,570956.5969,465865.2367,228156.9812,310119.5698,2.19774032482756E8,5.65324291159292E8,9.49980453538352E8,8.34633411499644E8,4.01904077519877E8,5.53732398650821E8,-0.016060548,-0.004907519,0.11185955671480217,0.022098095,-0.014161008,0.008447998,1587.36,1579.57,1756.26,1795.07,1769.65,1784.6,1820.88
2025-04-26T00:00:00,1587.36,1579.57,1756.25,1795.08,1769.64,1784.6,1658.75,1778,1834.86,1802.82,1827.32,1841.16,1564.07,1537.26,1744.95,1722.9,1738.6,1778.94,691486.6667,1103036.959,887545.6316,483465.0385,595610.8894,355068.0442,1.117358203868595E9,1.833852783080129E9,1.590311895515477E9,8.5150719204646E8,1.063192910339053E9,6.40645562865216E8,4257816,3841594,3346263,2225460,2516748,1907298,349723.7779,570956.5969,465865.2367,228156.9812,310119.5698,184308.0796,5.65324291159292E8,9.49980453538352E8,8.34633411499644E8,4.01904077519877E8,5.53732398650821E8,3.32672166455174E8,-0.004907519,0.11185955671480217,0.022098095,-0.014161008,0.008447998,0.020329486,1579.57,1756.26,1795.07,1769.65,1784.6,1820.88,1587.36,1579.57,1756.25,1795.08,1769.64,1784.6,1658.75,1778,1834.86,1802.82,1827.32,1841.16,1564.07,1537.26,1744.95,1722.9,1738.6,1778.94,691486.6667,1103036.959,887545.6316,483465.0385,595610.8894,355068.0442,1.117358203868595E9,1.833852783080129E9,1.590311895515477E9,8.5150719204646E8,1.063192910339053E9,6.40645562865216E8,4257816,3841594,3346263,2225460,2516748,1907298,349723.7779,570956.5969,465865.2367,228156.9812,310119.5698,184308.0796,5.65324291159292E8,9.49980453538352E8,8.34633411499644E8,4.01904077519877E8,5.53732398650821E8,3.32672166455174E8,-0.004907519,0.11185955671480217,0.022098095,-0.014161008,0.008447998,0.020329486,1579.57,1756.26,1795.07,1769.65,1784.6,1820.88,1791.29
2025-04-27T00:00:00,1579.57,1756.25,1795.08,1769.64,1784.6,1820.87,1778,1834.86,1802.82,1827.32,1841.16,1857.47,1537.26,1744.95,1722.9,1738.6,1778.94,1781.9,1103036.959,887545.6316,483465.0385,595610.8894,355068.0442,340332.6435,1.833852783080129E9,1.590311895515477E9,8.5150719204646E8,1.063192910339053E9,6.40645562865216E8,6.16122293308254E8,3841594,3346263,2225460,2516748,1907298,2405764,570956.5969,465865.2367,228156.9812,310119.5698,184308.0796,164744.7128,9.49980453538352E8,8.34633411499644E8,4.01904077519877E8,5.53732398650821E8,3.32672166455174E8,2.98455924453593E8,0.11185955671480217,0.022098095,-0.014161008,0.008447998,0.020329486,-0.016250384,1756.26,1795.07,1769.65,1784.6,1820.88,1791.29,1579.57,1756.25,1795.08,1769.64,1784.6,1820.87,1778,1834.86,1802.82,1827.32,1841.16,1857.47,1537.26,1744.95,1722.9,1738.6,1778.94,1781.9,1103036.959,887545.6316,483465.0385,595610.8894,355068.0442,340332.6435,1.833852783080129E9,1.590311895515477E9,8.5150719204646E8,1.063192910339053E9,6.40645562865216E8,6.16122293308254E8,3841594,3346263,2225460,2516748,1907298,2405764,570956.5969,465865.2367,228156.9812,310119.5698,184308.0796,164744.7128,9.49980453538352E8,8.34633411499644E8,4.01904077519877E8,5.53732398650821E8,3.32672166455174E8,2.98455924453593E8,0.11185955671480217,0.022098095,-0.014161008,0.008447998,0.020329486,-0.016250384,1756.26,1795.07,1769.65,1784.6,1820.88,1791.29,1799.88
2025-04-28T00:00:00,1756.25,1795.08,1769.64,1784.6,1820.87,1791.29,1834.86,1802.82,1827.32,1841.16,1857.47,1827.98,1744.95,1722.9,1738.6,1778.94,1781.9,1744.71,887545.6316,483465.0385,595610.8894,355068.0442,340332.6435,587269.743,1.590311895515477E9,8.5150719204646E8,1.063192910339053E9,6.40645562865216E8,6.16122293308254E8,1.049690759152374E9,3346263,2225460,2516748,1907298,2405764,2980656,465865.2367,228156.9812,310119.5698,184308.0796,164744.7128,282424.4021,8.34633411499644E8,4.01904077519877E8,5.53732398650821E8,3.32672166455174E8,2.98455924453593E8,5.04906960405928E8,0.022098095,-0.014161008,0.008447998,0.020329486,-0.016250384,0.004795427,1795.07,1769.65,1784.6,1820.88,1791.29,1799.88,1756.25,1795.08,1769.64,1784.6,1820.87,1791.29,1834.86,1802.82,1827.32,1841.16,1857.47,1827.98,1744.95,1722.9,1738.6,1778.94,1781.9,1744.71,887545.6316,483465.0385,595610.8894,355068.0442,340332.6435,587269.743,1.590311895515477E9,8.5150719204646E8,1.063192910339053E9,6.40645562865216E8,6.16122293308254E8,1.049690759152374E9,3346263,2225460,2516748,1907298,2405764,2980656,465865.2367,228156.9812,310119.5698,184308.0796,164744.7128,282424.4021,8.34633411499644E8,4.01904077519877E8,5.53732398650821E8,3.32672166455174E8,2.98455924453593E8,5.04906960405928E8,0.022098095,-0.014161008,0.008447998,0.020329486,-0.016250384,0.004795427,1795.07,1769.65,1784.6,1820.88,1791.29,1799.88,1797.81
2025-04-29T00:00:00,1795.08,1769.64,1784.6,1820.87,1791.29,1799.88,1802.82,1827.32,1841.16,1857.47,1827.98,1842.99,1722.9,1738.6,1778.94,1781.9,1744.71,1780.47,483465.0385,595610.8894,355068.0442,340332.6435,587269.743,480456.3884,8.5150719204646E8,1.063192910339053E9,6.40645562865216E8,6.16122293308254E8,1.049690759152374E9,8.71685371749142E8,2225460,2516748,1907298,2405764,2980656,2590967,228156.9812,310119.5698,184308.0796,164744.7128,282424.4021,247137.1213,4.01904077519877E8,5.53732398650821E8,3.32672166455174E8,2.98455924453593E8,5.04906960405928E8,4.48518545933271E8,-0.014161008,0.008447998,0.020329486,-0.016250384,0.004795427,-0.001150077,1769.65,1784.6,1820.88,1791.29,1799.88,1797.81,1795.08,1769.64,1784.6,1820.87,1791.29,1799.88,1802.82,1827.32,1841.16,1857.47,1827.98,1842.99,1722.9,1738.6,1778.94,1781.9,1744.71,1780.47,483465.0385,595610.8894,355068.0442,340332.6435,587269.743,480456.3884,8.5150719204646E8,1.063192910339053E9,6.40645562865216E8,6.16122293308254E8,1.049690759152374E9,8.71685371749142E8,2225460,2516748,1907298,2405764,2980656,2590967,228156.9812,310119.5698,184308.0796,164744.7128,282424.4021,247137.1213,4.01904077519877E8,5.53732398650821E8,3.32672166455174E8,2.98455924453593E8,5.04906960405928E8,4.48518545933271E8,-0.014161008,0.008447998,0.020329486,-0.016250384,0.004795427,-0.001150077,1769.65,1784.6,1820.88,1791.29,1799.88,1797.81,1793.61
2025-04-30T00:00:00,1769.64,1784.6,1820.87,1791.29,1799.88,1797.81,1827.32,1841.16,1857.47,1827.98,1842.99,1816.8,1738.6,1778.94,1781.9,1744.71,1780.47,1731.7,595610.8894,355068.0442,340332.6435,587269.743,480456.3884,473523.9877,1.063192910339053E9,6.40645562865216E8,6.16122293308254E8,1.049690759152374E9,8.71685371749142E8,8.43558998326332E8,2516748,1907298,2405764,2980656,2590967,2468998,310119.5698,184308.0796,164744.7128,282424.4021,247137.1213,224863.7757,5.53732398650821E8,3.32672166455174E8,2.98455924453593E8,5.04906960405928E8,4.48518545933271E8,4.00751136051079E8,0.008447998,0.020329486,-0.016250384,0.004795427,-0.001150077,-0.002336176,1784.6,1820.88,1791.29,1799.88,1797.81,1793.61,1769.64,1784.6,1820.87,1791.29,1799.88,1797.81,1827.32,1841.16,1857.47,1827.98,1842.99,1816.8,1738.6,1778.94,1781.9,1744.71,1780.47,1731.7,595610.8894,355068.0442,340332.6435,587269.743,480456.3884,473523.9877,1.063192910339053E9,6.40645562865216E8,6.16122293308254E8,1.049690759152374E9,8.71685371749142E8,8.43558998326332E8,2516748,1907298,2405764,2980656,2590967,2468998,310119.5698,184308.0796,164744.7128,282424.4021,247137.1213,224863.7757,5.53732398650821E8,3.32672166455174E8,2.98455924453593E8,5.04906960405928E8,4.48518545933271E8,4.00751136051079E8,0.008447998,0.020329486,-0.016250384,0.004795427,-0.001150077,-0.002336176,1784.6,1820.88,1791.29,1799.88,1797.81,1793.61,1838.11
2025-05-01T00:00:00,1784.6,1820.87,1791.29,1799.88,1797.81,1793.62,1841.16,1857.47,1827.98,1842.99,1816.8,1873.17,1778.94,1781.9,1744.71,1780.47,1731.7,1792.52,355068.0442,340332.6435,587269.743,480456.3884,473523.9877,537198.7291,6.40645562865216E8,6.16122293308254E8,1.049690759152374E9,8.71685371749142E8,8.43558998326332E8,9.88206595824892E8,1907298,2405764,2980656,2590967,2468998,2398765,184308.0796,164744.7128,282424.4021,247137.1213,224863.7757,284534.1382,3.32672166455174E8,2.98455924453593E8,5.04906960405928E8,4.48518545933271E8,4.00751136051079E8,5.23485516257833E8,0.020329486,-0.016250384,0.004795427,-0.001150077,-0.002336176,0.024810298782901523,1820.88,1791.29,1799.88,1797.81,1793.61,1838.11,1784.6,1820.87,1791.29,1799.88,1797.81,1793.62,1841.16,1857.47,1827.98,1842.99,1816.8,1873.17,1778.94,1781.9,1744.71,1780.47,1731.7,1792.52,355068.0442,340332.6435,587269.743,480456.3884,473523.9877,537198.7291,6.40645562865216E8,6.16122293308254E8,1.049690759152374E9,8.71685371749142E8,8.43558998326332E8,9.88206595824892E8,1907298,2405764,2980656,2590967,2468998,2398765,184308.0796,164744.7128,282424.4021,247137.1213,224863.7757,284534.1382,3.32672166455174E8,2.98455924453593E8,5.04906960405928E8,4.48518545933271E8,4.00751136051079E8,5.23485516257833E8,0.020329486,-0.016250384,0.004795427,-0.001150077,-0.002336176,0.024810298782901523,1820.88,1791.29,1799.88,1797.81,1793.61,1838.11,1842.2
2025-05-02T00:00:00,1820.87,1791.29,1799.88,1797.81,1793.62,1838.1,1857.47,1827.98,1842.99,1816.8,1873.17,1871,1781.9,1744.71,1780.47,1731.7,1792.52,1813,340332.6435,587269.743,480456.3884,473523.9877,537198.7291,410667.875,6.16122293308254E8,1.049690759152374E9,8.71685371749142E8,8.43558998326332E8,9.88206595824892E8,7.55324594318921E8,2405764,2980656,2590967,2468998,2398765,2062923,164744.7128,282424.4021,247137.1213,224863.7757,284534.1382,214203.7089,2.98455924453593E8,5.04906960405928E8,4.48518545933271E8,4.00751136051079E8,5.23485516257833E8,3.94103918039345E8,-0.016250384,0.004795427,-0.001150077,-0.002336176,0.024810298782901523,0.002225112,1791.29,1799.88,1797.81,1793.61,1838.11,1842.2,1820.87,1791.29,1799.88,1797.81,1793.62,1838.1,1857.47,1827.98,1842.99,1816.8,1873.17,1871,1781.9,1744.71,1780.47,1731.7,1792.52,1813,340332.6435,587269.743,480456.3884,473523.9877,537198.7291,410667.875,6.16122293308254E8,1.049690759152374E9,8.71685371749142E8,8.43558998326332E8,9.88206595824892E8,7.55324594318921E8,2405764,2980656,2590967,2468998,2398765,2062923,164744.7128,282424.4021,247137.1213,224863.7757,284534.1382,214203.7089,2.98455924453593E8,5.04906960405928E8,4.48518545933271E8,4.00751136051079E8,5.23485516257833E8,3.94103918039345E8,-0.016250384,0.004795427,-0.001150077,-0.002336176,0.024810298782901523,0.002225112,1791.29,1799.88,1797.81,1793.61,1838.11,1842.2,1833.52
2025-05-03T00:00:00,1791.29,1799.88,1797.81,1793.62,1838.1,1842.2,1827.98,1842.99,1816.8,1873.17,1871,1848.6,1744.71,1780.47,1731.7,1792.52,1813,1810,587269.743,480456.3884,473523.9877,537198.7291,410667.875,213751.5979,1.049690759152374E9,8.71685371749142E8,8.43558998326332E8,9.88206595824892E8,7.55324594318921E8,3.91267436332057E8,2980656,2590967,2468998,2398765,2062923,1135719,282424.4021,247137.1213,224863.7757,284534.1382,214203.7089,102337.2203,5.04906960405928E8,4.48518545933271E8,4.00751136051079E8,5.23485516257833E8,3.94103918039345E8,1.87310371211181E8,0.004795427,-0.001150077,-0.002336176,0.024810298782901523,0.002225112,-0.004711758,1799.88,1797.81,1793.61,1838.11,1842.2,1833.52,1791.29,1799.88,1797.81,1793.62,1838.1,1842.2,1827.98,1842.99,1816.8,1873.17,1871,1848.6,1744.71,1780.47,1731.7,1792.52,1813,1810,587269.743,480456.3884,473523.9877,537198.7291,410667.875,213751.5979,1.049690759152374E9,8.71685371749142E8,8.43558998326332E8,9.88206595824892E8,7.55324594318921E8,3.91267436332057E8,2980656,2590967,2468998,2398765,2062923,1135719,282424.4021,247137.1213,224863.7757,284534.1382,214203.7089,102337.2203,5.04906960405928E8,4.48518545933271E8,4.00751136051079E8,5.23485516257833E8,3.94103918039345E8,1.87310371211181E8,0.004795427,-0.001150077,-0.002336176,0.024810298782901523,0.002225112,-0.004711758,1799.88,1797.81,1793.61,1838.11,1842.2,1833.52,1808.86
2025-05-04T00:00:00,1799.88,1797.81,1793.62,1838.1,1842.2,1833.52,1842.99,1816.8,1873.17,1871,1848.6,1849.95,1780.47,1731.7,1792.52,1813,1810,1803,480456.3884,473523.9877,537198.7291,410667.875,213751.5979,238254.3564,8.71685371749142E8,8.43558998326332E8,9.88206595824892E8,7.55324594318921E8,3.91267436332057E8,4.35999576565349E8,2590967,2468998,2398765,2062923,1135719,1443996,247137.1213,224863.7757,284534.1382,214203.7089,102337.2203,115191.4115,4.48518545933271E8,4.00751136051079E8,5.23485516257833E8,3.94103918039345E8,1.87310371211181E8,2.10878994455424E8,-0.001150077,-0.002336176,0.024810298782901523,0.002225112,-0.004711758,-0.01344954,1797.81,1793.61,1838.11,1842.2,1833.52,1808.86,1799.88,1797.81,1793.62,1838.1,1842.2,1833.52,1842.99,1816.8,1873.17,1871,1848.6,1849.95,1780.47,1731.7,1792.52,1813,1810,1803,480456.3884,473523.9877,537198.7291,410667.875,213751.5979,238254.3564,8.71685371749142E8,8.43558998326332E8,9.88206595824892E8,7.55324594318921E8,3.91267436332057E8,4.35999576565349E8,2590967,2468998,2398765,2062923,1135719,1443996,247137.1213,224863.7757,284534.1382,214203.7089,102337.2203,115191.4115,4.48518545933271E8,4.00751136051079E8,5.23485516257833E8,3.94103918039345E8,1.87310371211181E8,2.10878994455424E8,-0.001150077,-0.002336176,0.024810298782901523,0.002225112,-0.004711758,-0.01344954,1797.81,1793.61,1838.11,1842.2,1833.52,1808.86,1820.19
2025-05-05T00:00:00,1797.81,1793.62,1838.1,1842.2,1833.52,1808.86,1816.8,1873.17,1871,1848.6,1849.95,1833.55,1731.7,1792.52,1813,1810,1803,1781.85,473523.9877,537198.7291,410667.875,213751.5979,238254.3564,342341.0078,8.43558998326332E8,9.88206595824892E8,7.55324594318921E8,3.91267436332057E8,4.35999576565349E8,6.19310042705E8,2468998,2398765,2062923,1135719,1443996,1961255,224863.7757,284534.1382,214203.7089,102337.2203,115191.4115,174628.629,4.00751136051079E8,5.23485516257833E8,3.94103918039345E8,1.87310371211181E8,2.10878994455424E8,3.15946281030022E8,-0.002336176,0.024810298782901523,0.002225112,-0.004711758,-0.01344954,0.006263614,1793.61,1838.11,1842.2,1833.52,1808.86,1820.19,1797.81,1793.62,1838.1,1842.2,1833.52,1808.86,1816.8,1873.17,1871,1848.6,1849.95,1833.55,1731.7,1792.52,1813,1810,1803,1781.85,473523.9877,537198.7291,410667.875,213751.5979,238254.3564,342341.0078,8.43558998326332E8,9.88206595824892E8,7.55324594318921E8,3.91267436332057E8,4.35999576565349E8,6.19310042705E8,2468998,2398765,2062923,1135719,1443996,1961255,224863.7757,284534.1382,214203.7089,102337.2203,115191.4115,174628.629,4.00751136051079E8,5.23485516257833E8,3.94103918039345E8,1.87310371211181E8,2.10878994455424E8,3.15946281030022E8,-0.002336176,0.024810298782901523,0.002225112,-0.004711758,-0.01344954,0.006263614,1793.61,1838.11,1842.2,1833.52,1808.86,1820.19,1817
2025-05-06T00:00:00,1793.62,1838.1,1842.2,1833.52,1808.86,1820.19,1873.17,1871,1848.6,1849.95,1833.55,1820.9,1792.52,1813,1810,1803,1781.85,1752,537198.7291,410667.875,213751.5979,238254.3564,342341.0078,384584.2451,9.88206595824892E8,7.55324594318921E8,3.91267436332057E8,4.35999576565349E8,6.19310042705E8,6.87049952313885E8,2398765,2062923,1135719,1443996,1961255,2333041,284534.1382,214203.7089,102337.2203,115191.4115,174628.629,187697.5461,5.23485516257833E8,3.94103918039345E8,1.87310371211181E8,2.10878994455424E8,3.15946281030022E8,3.35412217286639E8,0.024810298782901523,0.002225112,-0.004711758,-0.01344954,0.006263614,-0.001752564,1838.11,1842.2,1833.52,1808.86,1820.19,1817,1793.62,1838.1,1842.2,1833.52,1808.86,1820.19,1873.17,1871,1848.6,1849.95,1833.55,1820.9,1792.52,1813,1810,1803,1781.85,1752,537198.7291,410667.875,213751.5979,238254.3564,342341.0078,384584.2451,9.88206595824892E8,7.55324594318921E8,3.91267436332057E8,4.35999576565349E8,6.19310042705E8,6.87049952313885E8,2398765,2062923,1135719,1443996,1961255,2333041,284534.1382,214203.7089,102337.2203,115191.4115,174628.629,187697.5461,5.23485516257833E8,3.94103918039345E8,1.87310371211181E8,2.10878994455424E8,3.15946281030022E8,3.35412217286639E8,0.024810298782901523,0.002225112,-0.004711758,-0.01344954,0.006263614,-0.001752564,1838.11,1842.2,1833.52,1808.86,1820.19,1817,1811.11
2025-05-07T00:00:00,1838.1,1842.2,1833.52,1808.86,1820.19,1817,1871,1848.6,1849.95,1833.55,1820.9,1850,1813,1810,1803,1781.85,1752,1787.01,410667.875,213751.5979,238254.3564,342341.0078,384584.2451,456170.0705,7.55324594318921E8,3.91267436332057E8,4.35999576565349E8,6.19310042705E8,6.87049952313885E8,8.31394497734043E8,2062923,1135719,1443996,1961255,2333041,2408512,214203.7089,102337.2203,115191.4115,174628.629,187697.5461,237181.4755,3.94103918039345E8,1.87310371211181E8,2.10878994455424E8,3.15946281030022E8,3.35412217286639E8,4.32215626276345E8,0.002225112,-0.004711758,-0.01344954,0.006263614,-0.001752564,-0.003241607,1842.2,1833.52,1808.86,1820.19,1817,1811.11,1838.1,1842.2,1833.52,1808.86,1820.19,1817,1871,1848.6,1849.95,1833.55,1820.9,1850,1813,1810,1803,1781.85,1752,1787.01,410667.875,213751.5979,238254.3564,342341.0078,384584.2451,456170.0705,7.55324594318921E8,3.91267436332057E8,4.35999576565349E8,6.19310042705E8,6.87049952313885E8,8.31394497734043E8,2062923,1135719,1443996,1961255,2333041,2408512,214203.7089,102337.2203,115191.4115,174628.629,187697.5461,237181.4755,3.94103918039345E8,1.87310371211181E8,2.10878994455424E8,3.15946281030022E8,3.35412217286639E8,4.32215626276345E8,0.002225112,-0.004711758,-0.01344954,0.006263614,-0.001752564,-0.003241607,1842.2,1833.52,1808.86,1820.19,1817,1811.11,2207.39
2025-05-08T00:00:00,1842.2,1833.52,1808.86,1820.19,1817,1811.11,1848.6,1849.95,1833.55,1820.9,1850,2226,1810,1803,1781.85,1752,1787.01,1808.71,213751.5979,238254.3564,342341.0078,384584.2451,456170.0705,1473152.686,3.91267436332057E8,4.35999576565349E8,6.19310042705E8,6.87049952313885E8,8.31394497734043E8,2.976074419323541E9,1135719,1443996,1961255,2333041,2408512,5616063,102337.2203,115191.4115,174628.629,187697.5461,237181.4755,774940.4643,1.87310371211181E8,2.10878994455424E8,3.15946281030022E8,3.35412217286639E8,4.32215626276345E8,1.564609175673035E9,-0.004711758,-0.01344954,0.006263614,-0.001752564,-0.003241607,0.21880504221168234,1833.52,1808.86,1820.19,1817,1811.11,2207.39,1842.2,1833.52,1808.86,1820.19,1817,1811.11,1848.6,1849.95,1833.55,1820.9,1850,2226,1810,1803,1781.85,1752,1787.01,1808.71,213751.5979,238254.3564,342341.0078,384584.2451,456170.0705,1473152.686,3.91267436332057E8,4.35999576565349E8,6.19310042705E8,6.87049952313885E8,8.31394497734043E8,2.976074419323541E9,1135719,1443996,1961255,2333041,2408512,5616063,102337.2203,115191.4115,174628.629,187697.5461,237181.4755,774940.4643,1.87310371211181E8,2.10878994455424E8,3.15946281030022E8,3.35412217286639E8,4.32215626276345E8,1.564609175673035E9,-0.004711758,-0.01344954,0.006263614,-0.001752564,-0.003241607,0.21880504221168234,1833.52,1808.86,1820.19,1817,1811.11,2207.39,2345.04
2025-05-09T00:00:00,1833.52,1808.86,1820.19,1817,1811.11,2207.39,1849.95,1833.55,1820.9,1850,2226,2490.77,1803,1781.85,1752,1787.01,1808.71,2184.33,238254.3564,342341.0078,384584.2451,456170.0705,1473152.686,1667041.038,4.35999576565349E8,6.19310042705E8,6.87049952313885E8,8.31394497734043E8,2.976074419323541E9,3.881949928351723E9,1443996,1961255,2333041,2408512,5616063,6885286,115191.4115,174628.629,187697.5461,237181.4755,774940.4643,816968.732,2.10878994455424E8,3.15946281030022E8,3.35412217286639E8,4.32215626276345E8,1.564609175673035E9,1.901989668677011E9,-0.01344954,0.006263614,-0.001752564,-0.003241607,0.21880504221168234,0.062358713,1808.86,1820.19,1817,1811.11,2207.39,2345.04,1833.52,1808.86,1820.19,1817,1811.11,2207.39,1849.95,1833.55,1820.9,1850,2226,2490.77,1803,1781.85,1752,1787.01,1808.71,2184.33,238254.3564,342341.0078,384584.2451,456170.0705,1473152.686,1667041.038,4.35999576565349E8,6.19310042705E8,6.87049952313885E8,8.31394497734043E8,2.976074419323541E9,3.881949928351723E9,1443996,1961255,2333041,2408512,5616063,6885286,115191.4115,174628.629,187697.5461,237181.4755,774940.4643,816968.732,2.10878994455424E8,3.15946281030022E8,3.35412217286639E8,4.32215626276345E8,1.564609175673035E9,1.901989668677011E9,-0.01344954,0.006263614,-0.001752564,-0.003241607,0.21880504221168234,0.062358713,1808.86,1820.19,1817,1811.11,2207.39,2345.04,2583.23
2025-05-10T00:00:00,1808.86,1820.19,1817,1811.11,2207.39,2345.04,1833.55,1820.9,1850,2226,2490.77,2600,1781.85,1752,1787.01,1808.71,2184.33,2317,342341.0078,384584.2451,456170.0705,1473152.686,1667041.038,979350.1606,6.19310042705E8,6.87049952313885E8,8.31394497734043E8,2.976074419323541E9,3.881949928351723E9,2.393510879665205E9,1961255,2333041,2408512,5616063,6885286,4862978,174628.629,187697.5461,237181.4755,774940.4643,816968.732,508011.2632,3.15946281030022E8,3.35412217286639E8,4.32215626276345E8,1.564609175673035E9,1.901989668677011E9,1.242333639703975E9,0.006263614,-0.001752564,-0.003241607,0.21880504221168234,0.062358713,0.10157182819909258,1820.19,1817,1811.11,2207.39,2345.04,2583.23,1808.86,1820.19,1817,1811.11,2207.39,2345.04,1833.55,1820.9,1850,2226,2490.77,2600,1781.85,1752,1787.01,1808.71,2184.33,2317,342341.0078,384584.2451,456170.0705,1473152.686,1667041.038,979350.1606,6.19310042705E8,6.87049952313885E8,8.31394497734043E8,2.976074419323541E9,3.881949928351723E9,2.393510879665205E9,1961255,2333041,2408512,5616063,6885286,4862978,174628.629,187697.5461,237181.4755,774940.4643,816968.732,508011.2632,3.15946281030022E8,3.35412217286639E8,4.32215626276345E8,1.564609175673035E9,1.901989668677011E9,1.242333639703975E9,0.006263614,-0.001752564,-0.003241607,0.21880504221168234,0.062358713,0.10157182819909258,1820.19,1817,1811.11,2207.39,2345.04,2583.23,2514.57
2025-05-11T00:00:00,1820.19,1817,1811.11,2207.39,2345.04,2583.22,1820.9,1850,2226,2490.77,2600,2608.13,1752,1787.01,1808.71,2184.33,2317,2435.51,384584.2451,456170.0705,1473152.686,1667041.038,979350.1606,831584.3888,6.87049952313885E8,8.31394497734043E8,2.976074419323541E9,3.881949928351723E9,2.393510879665205E9,2.087255708689512E9,2333041,2408512,5616063,6885286,4862978,4340859,187697.5461,237181.4755,774940.4643,816968.732,508011.2632,402700.0972,3.35412217286639E8,4.32215626276345E8,1.564609175673035E9,1.901989668677011E9,1.242333639703975E9,1.010999635269731E9,-0.001752564,-0.003241607,0.21880504221168234,0.062358713,0.10157182819909258,-0.026579128,1817,1811.11,2207.39,2345.04,2583.23,2514.57,1820.19,1817,1811.11,2207.39,2345.04,2583.22,1820.9,1850,2226,2490.77,2600,2608.13,1752,1787.01,1808.71,2184.33,2317,2435.51,384584.2451,456170.0705,1473152.686,1667041.038,979350.1606,831584.3888,6.87049952313885E8,8.31394497734043E8,2.976074419323541E9,3.881949928351723E9,2.393510879665205E9,2.087255708689512E9,2333041,2408512,5616063,6885286,4862978,4340859,187697.5461,237181.4755,774940.4643,816968.732,508011.2632,402700.0972,3.35412217286639E8,4.32215626276345E8,1.564609175673035E9,1.901989668677011E9,1.242333639703975E9,1.010999635269731E9,-0.001752564,-0.003241607,0.21880504221168234,0.062358713,0.10157182819909258,-0.026579128,1817,1811.11,2207.39,2345.04,2583.23,2514.57,2495.47
2025-05-12T00:00:00,1817,1811.11,2207.39,2345.04,2583.22,2514.58,1850,2226,2490.77,2600,2608.13,2624,1787.01,1808.71,2184.33,2317,2435.51,2406.63,456170.0705,1473152.686,1667041.038,979350.1606,831584.3888,1068680.943,8.31394497734043E8,2.976074419323541E9,3.881949928351723E9,2.393510879665205E9,2.087255708689512E9,2.694150708642761E9,2408512,5616063,6885286,4862978,4340859,5441783,237181.4755,774940.4643,816968.732,508011.2632,402700.0972,534397.3204,4.32215626276345E8,1.564609175673035E9,1.901989668677011E9,1.242333639703975E9,1.010999635269731E9,1.347640836766131E9,-0.003241607,0.21880504221168234,0.062358713,0.10157182819909258,-0.026579128,-0.007595732,1811.11,2207.39,2345.04,2583.23,2514.57,2495.47,1817,1811.11,2207.39,2345.04,2583.22,2514.58,1850,2226,2490.77,2600,2608.13,2624,1787.01,1808.71,2184.33,2317,2435.51,2406.63,456170.0705,1473152.686,1667041.038,979350.1606,831584.3888,1068680.943,8.31394497734043E8,2.976074419323541E9,3.881949928351723E9,2.393510879665205E9,2.087255708689512E9,2.694150708642761E9,2408512,5616063,6885286,4862978,4340859,5441783,237181.4755,774940.4643,816968.732,508011.2632,402700.0972,534397.3204,4.32215626276345E8,1.564609175673035E9,1.901989668677011E9,1.242333639703975E9,1.010999635269731E9,1.347640836766131E9,-0.003241607,0.21880504221168234,0.062358713,0.10157182819909258,-0.026579128,-0.007595732,1811.11,2207.39,2345.04,2583.23,2514.57,2495.47,2679.71
2025-05-13T00:00:00,1811.11,2207.39,2345.04,2583.22,2514.58,2495.48,2226,2490.77,2600,2608.13,2624,2738.5,1808.71,2184.33,2317,2435.51,2406.63,2415.3,1473152.686,1667041.038,979350.1606,831584.3888,1068680.943,1031355.647,2.976074419323541E9,3.881949928351723E9,2.393510879665205E9,2.087255708689512E9,2.694150708642761E9,2.653880363305381E9,5616063,6885286,4862978,4340859,5441783,4666012,774940.4643,816968.732,508011.2632,402700.0972,534397.3204,569632.7662,1.564609175673035E9,1.901989668677011E9,1.242333639703975E9,1.010999635269731E9,1.347640836766131E9,1.468803335988289E9,0.21880504221168234,0.062358713,0.10157182819909258,-0.026579128,-0.007595732,0.07382978,2207.39,2345.04,2583.23,2514.57,2495.47,2679.71,1811.11,2207.39,2345.04,2583.22,2514.58,2495.48,2226,2490.77,2600,2608.13,2624,2738.5,1808.71,2184.33,2317,2435.51,2406.63,2415.3,1473152.686,1667041.038,979350.1606,831584.3888,1068680.943,1031355.647,2.976074419323541E9,3.881949928351723E9,2.393510879665205E9,2.087255708689512E9,2.694150708642761E9,2.653880363305381E9,5616063,6885286,4862978,4340859,5441783,4666012,774940.4643,816968.732,508011.2632,402700.0972,534397.3204,569632.7662,1.564609175673035E9,1.901989668677011E9,1.242333639703975E9,1.010999635269731E9,1.347640836766131E9,1.468803335988289E9,0.21880504221168234,0.062358713,0.10157182819909258,-0.026579128,-0.007595732,0.07382978,2207.39,2345.04,2583.23,2514.57,2495.47,2679.71,2609.74
2025-05-14T00:00:00,2207.39,2345.04,2583.22,2514.58,2495.48,2679.71,2490.77,2600,2608.13,2624,2738.5,2725.99,2184.33,2317,2435.51,2406.63,2415.3,2547.26,1667041.038,979350.1606,831584.3888,1068680.943,1031355.647,830047.1122,3.881949928351723E9,2.393510879665205E9,2.087255708689512E9,2.694150708642761E9,2.653880363305381E9,2.183890526340228E9,6885286,4862978,4340859,5441783,4666012,4181188,816968.732,508011.2632,402700.0972,534397.3204,569632.7662,413256.8419,1.901989668677011E9,1.242333639703975E9,1.010999635269731E9,1.347640836766131E9,1.468803335988289E9,1.088633834584732E9,0.062358713,0.10157182819909258,-0.026579128,-0.007595732,0.07382978,-0.026111034,2345.04,2583.23,2514.57,2495.47,2679.71,2609.74,2207.39,2345.04,2583.22,2514.58,2495.48,2679.71,2490.77,2600,2608.13,2624,2738.5,2725.99,2184.33,2317,2435.51,2406.63,2415.3,2547.26,1667041.038,979350.1606,831584.3888,1068680.943,1031355.647,830047.1122,3.881949928351723E9,2.393510879665205E9,2.087255708689512E9,2.694150708642761E9,2.653880363305381E9,2.183890526340228E9,6885286,4862978,4340859,5441783,4666012,4181188,816968.732,508011.2632,402700.0972,534397.3204,569632.7662,413256.8419,1.901989668677011E9,1.242333639703975E9,1.010999635269731E9,1.347640836766131E9,1.468803335988289E9,1.088633834584732E9,0.062358713,0.10157182819909258,-0.026579128,-0.007595732,0.07382978,-0.026111034,2345.04,2583.23,2514.57,2495.47,2679.71,2609.74,2548.69
2025-05-15T00:00:00,2345.04,2583.22,2514.58,2495.48,2679.71,2609.75,2600,2608.13,2624,2738.5,2725.99,2647.03,2317,2435.51,2406.63,2415.3,2547.26,2476.03,979350.1606,831584.3888,1068680.943,1031355.647,830047.1122,768954.0332,2.393510879665205E9,2.087255708689512E9,2.694150708642761E9,2.653880363305381E9,2.183890526340228E9,1.963827790236602E9,4862978,4340859,5441783,4666012,4181188,4305508,508011.2632,402700.0972,534397.3204,569632.7662,413256.8419,396304.5157,1.242333639703975E9,1.010999635269731E9,1.347640836766131E9,1.468803335988289E9,1.088633834584732E9,1.012773316797603E9,0.10157182819909258,-0.026579128,-0.007595732,0.07382978,-0.026111034,-0.023393135,2583.23,2514.57,2495.47,2679.71,2609.74,2548.69,2345.04,2583.22,2514.58,2495.48,2679.71,2609.75,2600,2608.13,2624,2738.5,2725.99,2647.03,2317,2435.51,2406.63,2415.3,2547.26,2476.03,979350.1606,831584.3888,1068680.943,1031355.647,830047.1122,768954.0332,2.393510879665205E9,2.087255708689512E9,2.694150708642761E9,2.653880363305381E9,2.183890526340228E9,1.963827790236602E9,4862978,4340859,5441783,4666012,4181188,4305508,508011.2632,402700.0972,534397.3204,569632.7662,413256.8419,396304.5157,1.242333639703975E9,1.010999635269731E9,1.347640836766131E9,1.468803335988289E9,1.088633834584732E9,1.012773316797603E9,0.10157182819909258,-0.026579128,-0.007595732,0.07382978,-0.026111034,-0.023393135,2583.23,2514.57,2495.47,2679.71,2609.74,2548.69,2537.12
2025-05-16T00:00:00,2583.22,2514.58,2495.48,2679.71,2609.75,2548.7,2608.13,2624,2738.5,2725.99,2647.03,2649.31,2435.51,2406.63,2415.3,2547.26,2476.03,2529.4,831584.3888,1068680.943,1031355.647,830047.1122,768954.0332,605953.6919,2.087255708689512E9,2.694150708642761E9,2.653880363305381E9,2.183890526340228E9,1.963827790236602E9,1.568128704046345E9,4340859,5441783,4666012,4181188,4305508,3310498,402700.0972,534397.3204,569632.7662,413256.8419,396304.5157,323624.7041,1.010999635269731E9,1.347640836766131E9,1.468803335988289E9,1.088633834584732E9,1.012773316797603E9,8.37990689566938E8,-0.026579128,-0.007595732,0.07382978,-0.026111034,-0.023393135,-0.004539587,2514.57,2495.47,2679.71,2609.74,2548.69,2537.12,2583.22,2514.58,2495.48,2679.71,2609.75,2548.7,2608.13,2624,2738.5,2725.99,2647.03,2649.31,2435.51,2406.63,2415.3,2547.26,2476.03,2529.4,831584.3888,1068680.943,1031355.647,830047.1122,768954.0332,605953.6919,2.087255708689512E9,2.694150708642761E9,2.653880363305381E9,2.183890526340228E9,1.963827790236602E9,1.568128704046345E9,4340859,5441783,4666012,4181188,4305508,3310498,402700.0972,534397.3204,569632.7662,413256.8419,396304.5157,323624.7041,1.010999635269731E9,1.347640836766131E9,1.468803335988289E9,1.088633834584732E9,1.012773316797603E9,8.37990689566938E8,-0.026579128,-0.007595732,0.07382978,-0.026111034,-0.023393135,-0.004539587,2514.57,2495.47,2679.71,2609.74,2548.69,2537.12,2475.08
2025-05-17T00:00:00,2514.58,2495.48,2679.71,2609.75,2548.7,2537.13,2624,2738.5,2725.99,2647.03,2649.31,2538.16,2406.63,2415.3,2547.26,2476.03,2529.4,2446.42,1068680.943,1031355.647,830047.1122,768954.0332,605953.6919,494333.2782,2.694150708642761E9,2.653880363305381E9,2.183890526340228E9,1.963827790236602E9,1.568128704046345E9,1.22757809831878E9,5441783,4666012,4181188,4305508,3310498,2950197,534397.3204,569632.7662,413256.8419,396304.5157,323624.7041,227882.8455,1.347640836766131E9,1.468803335988289E9,1.088633834584732E9,1.012773316797603E9,8.37990689566938E8,5.66013389009042E8,-0.007595732,0.07382978,-0.026111034,-0.023393135,-0.004539587,-0.024452923,2495.47,2679.71,2609.74,2548.69,2537.12,2475.08,2514.58,2495.48,2679.71,2609.75,2548.7,2537.13,2624,2738.5,2725.99,2647.03,2649.31,2538.16,2406.63,2415.3,2547.26,2476.03,2529.4,2446.42,1068680.943,1031355.647,830047.1122,768954.0332,605953.6919,494333.2782,2.694150708642761E9,2.653880363305381E9,2.183890526340228E9,1.963827790236602E9,1.568128704046345E9,1.22757809831878E9,5441783,4666012,4181188,4305508,3310498,2950197,534397.3204,569632.7662,413256.8419,396304.5157,323624.7041,227882.8455,1.347640836766131E9,1.468803335988289E9,1.088633834584732E9,1.012773316797603E9,8.37990689566938E8,5.66013389009042E8,-0.007595732,0.07382978,-0.026111034,-0.023393135,-0.004539587,-0.024452923,2495.47,2679.71,2609.74,2548.69,2537.12,2475.08,2497.78
2025-05-18T00:00:00,2495.48,2679.71,2609.75,2548.7,2537.13,2475.09,2738.5,2725.99,2647.03,2649.31,2538.16,2587.61,2415.3,2547.26,2476.03,2529.4,2446.42,2323.21,1031355.647,830047.1122,768954.0332,605953.6919,494333.2782,810103.1851,2.653880363305381E9,2.183890526340228E9,1.963827790236602E9,1.568128704046345E9,1.22757809831878E9,2.001441345434297E9,4666012,4181188,4305508,3310498,2950197,3416878,569632.7662,413256.8419,396304.5157,323624.7041,227882.8455,400896.368,1.468803335988289E9,1.088633834584732E9,1.012773316797603E9,8.37990689566938E8,5.66013389009042E8,9.90832542382129E8,0.07382978,-0.026111034,-0.023393135,-0.004539587,-0.024452923,0.009171421,2679.71,2609.74,2548.69,2537.12,2475.08,2497.78,2495.48,2679.71,2609.75,2548.7,2537.13,2475.09,2738.5,2725.99,2647.03,2649.31,2538.16,2587.61,2415.3,2547.26,2476.03,2529.4,2446.42,2323.21,1031355.647,830047.1122,768954.0332,605953.6919,494333.2782,810103.1851,2.653880363305381E9,2.183890526340228E9,1.963827790236602E9,1.568128704046345E9,1.22757809831878E9,2.001441345434297E9,4666012,4181188,4305508,3310498,2950197,3416878,569632.7662,413256.8419,396304.5157,323624.7041,227882.8455,400896.368,1.468803335988289E9,1.088633834584732E9,1.012773316797603E9,8.37990689566938E8,5.66013389009042E8,9.90832542382129E8,0.07382978,-0.026111034,-0.023393135,-0.004539587,-0.024452923,0.009171421,2679.71,2609.74,2548.69,2537.12,2475.08,2497.78,2528.14
2025-05-19T00:00:00,2679.71,2609.75,2548.7,2537.13,2475.09,2497.78,2725.99,2647.03,2649.31,2538.16,2587.61,2547.36,2547.26,2476.03,2529.4,2446.42,2323.21,2348.38,830047.1122,768954.0332,605953.6919,494333.2782,810103.1851,861747.523,2.183890526340228E9,1.963827790236602E9,1.568128704046345E9,1.22757809831878E9,2.001441345434297E9,2.109843607573324E9,4181188,4305508,3310498,2950197,3416878,4757453,413256.8419,396304.5157,323624.7041,227882.8455,400896.368,431712.8465,1.088633834584732E9,1.012773316797603E9,8.37990689566938E8,5.66013389009042E8,9.90832542382129E8,1.057907975585551E9,-0.026111034,-0.023393135,-0.004539587,-0.024452923,0.009171421,0.012154793456589319,2609.74,2548.69,2537.12,2475.08,2497.78,2528.14,2679.71,2609.75,2548.7,2537.13,2475.09,2497.78,2725.99,2647.03,2649.31,2538.16,2587.61,2547.36,2547.26,2476.03,2529.4,2446.42,2323.21,2348.38,830047.1122,768954.0332,605953.6919,494333.2782,810103.1851,861747.523,2.183890526340228E9,1.963827790236602E9,1.568128704046345E9,1.22757809831878E9,2.001441345434297E9,2.109843607573324E9,4181188,4305508,3310498,2950197,3416878,4757453,413256.8419,396304.5157,323624.7041,227882.8455,400896.368,431712.8465,1.088633834584732E9,1.012773316797603E9,8.37990689566938E8,5.66013389009042E8,9.90832542382129E8,1.057907975585551E9,-0.026111034,-0.023393135,-0.004539587,-0.024452923,0.009171421,0.012154793456589319,2609.74,2548.69,2537.12,2475.08,2497.78,2528.14,2524.19
2025-05-20T00:00:00,2609.75,2548.7,2537.13,2475.09,2497.78,2528.14,2647.03,2649.31,2538.16,2587.61,2547.36,2588.63,2476.03,2529.4,2446.42,2323.21,2348.38,2442.4,768954.0332,605953.6919,494333.2782,810103.1851,861747.523,676989.1747,1.963827790236602E9,1.568128704046345E9,1.22757809831878E9,2.001441345434297E9,2.109843607573324E9,1.703522806130449E9,4305508,3310498,2950197,3416878,4757453,3816684,396304.5157,323624.7041,227882.8455,400896.368,431712.8465,338210.0092,1.012773316797603E9,8.37990689566938E8,5.66013389009042E8,9.90832542382129E8,1.057907975585551E9,8.51893459669116E8,-0.023393135,-0.004539587,-0.024452923,0.009171421,0.012154793456589319,-0.001562413,2548.69,2537.12,2475.08,2497.78,2528.14,2524.19,2609.75,2548.7,2537.13,2475.09,2497.78,2528.14,2647.03,2649.31,2538.16,2587.61,2547.36,2588.63,2476.03,2529.4,2446.42,2323.21,2348.38,2442.4,768954.0332,605953.6919,494333.2782,810103.1851,861747.523,676989.1747,1.963827790236602E9,1.568128704046345E9,1.22757809831878E9,2.001441345434297E9,2.109843607573324E9,1.703522806130449E9,4305508,3310498,2950197,3416878,4757453,3816684,396304.5157,323624.7041,227882.8455,400896.368,431712.8465,338210.0092,1.012773316797603E9,8.37990689566938E8,5.66013389009042E8,9.90832542382129E8,1.057907975585551E9,8.51893459669116E8,-0.023393135,-0.004539587,-0.024452923,0.009171421,0.012154793456589319,-0.001562413,2548.69,2537.12,2475.08,2497.78,2528.14,2524.19,2550.99
2025-05-21T00:00:00,2548.7,2537.13,2475.09,2497.78,2528.14,2524.19,2649.31,2538.16,2587.61,2547.36,2588.63,2615.95,2529.4,2446.42,2323.21,2348.38,2442.4,2452.2,605953.6919,494333.2782,810103.1851,861747.523,676989.1747,1095890.29,1.568128704046345E9,1.22757809831878E9,2.001441345434297E9,2.109843607573324E9,1.703522806130449E9,2.780015740832861E9,3310498,2950197,3416878,4757453,3816684,5568312,323624.7041,227882.8455,400896.368,431712.8465,338210.0092,550624.5604,8.37990689566938E8,5.66013389009042E8,9.90832542382129E8,1.057907975585551E9,8.51893459669116E8,1.397549396349744E9,-0.004539587,-0.024452923,0.009171421,0.012154793456589319,-0.001562413,0.010617267321398043,2537.12,2475.08,2497.78,2528.14,2524.19,2550.99,2548.7,2537.13,2475.09,2497.78,2528.14,2524.19,2649.31,2538.16,2587.61,2547.36,2588.63,2615.95,2529.4,2446.42,2323.21,2348.38,2442.4,2452.2,605953.6919,494333.2782,810103.1851,861747.523,676989.1747,1095890.29,1.568128704046345E9,1.22757809831878E9,2.001441345434297E9,2.109843607573324E9,1.703522806130449E9,2.780015740832861E9,3310498,2950197,3416878,4757453,3816684,5568312,323624.7041,227882.8455,400896.368,431712.8465,338210.0092,550624.5604,8.37990689566938E8,5.66013389009042E8,9.90832542382129E8,1.057907975585551E9,8.51893459669116E8,1.397549396349744E9,-0.004539587,-0.024452923,0.009171421,0.012154793456589319,-0.001562413,0.010617267321398043,2537.12,2475.08,2497.78,2528.14,2524.19,2550.99,2664.82
2025-05-22T00:00:00,2537.13,2475.09,2497.78,2528.14,2524.19,2551,2538.16,2587.61,2547.36,2588.63,2615.95,2692.99,2446.42,2323.21,2348.38,2442.4,2452.2,2544.83,494333.2782,810103.1851,861747.523,676989.1747,1095890.29,852555.6669,1.22757809831878E9,2.001441345434297E9,2.109843607573324E9,1.703522806130449E9,2.780015740832861E9,2.246807632745271E9,2950197,3416878,4757453,3816684,5568312,5196535,227882.8455,400896.368,431712.8465,338210.0092,550624.5604,448569.1098,5.66013389009042E8,9.90832542382129E8,1.057907975585551E9,8.51893459669116E8,1.397549396349744E9,1.182067855833156E9,-0.024452923,0.009171421,0.012154793456589319,-0.001562413,0.010617267321398043,0.044621891892951515,2475.08,2497.78,2528.14,2524.19,2550.99,2664.82,2537.13,2475.09,2497.78,2528.14,2524.19,2551,2538.16,2587.61,2547.36,2588.63,2615.95,2692.99,2446.42,2323.21,2348.38,2442.4,2452.2,2544.83,494333.2782,810103.1851,861747.523,676989.1747,1095890.29,852555.6669,1.22757809831878E9,2.001441345434297E9,2.109843607573324E9,1.703522806130449E9,2.780015740832861E9,2.246807632745271E9,2950197,3416878,4757453,3816684,5568312,5196535,227882.8455,400896.368,431712.8465,338210.0092,550624.5604,448569.1098,5.66013389009042E8,9.90832542382129E8,1.057907975585551E9,8.51893459669116E8,1.397549396349744E9,1.182067855833156E9,-0.024452923,0.009171421,0.012154793456589319,-0.001562413,0.010617267321398043,0.044621891892951515,2475.08,2497.78,2528.14,2524.19,2550.99,2664.82,2526.5
2025-05-23T00:00:00,2475.09,2497.78,2528.14,2524.19,2551,2664.83,2587.61,2547.36,2588.63,2615.95,2692.99,2734.23,2323.21,2348.38,2442.4,2452.2,2544.83,2498.3,810103.1851,861747.523,676989.1747,1095890.29,852555.6669,971442.4532,2.001441345434297E9,2.109843607573324E9,1.703522806130449E9,2.780015740832861E9,2.246807632745271E9,2.537338702615742E9,3416878,4757453,3816684,5568312,5196535,5450420,400896.368,431712.8465,338210.0092,550624.5604,448569.1098,473528.1684,9.90832542382129E8,1.057907975585551E9,8.51893459669116E8,1.397549396349744E9,1.182067855833156E9,1.237163443755829E9,0.009171421,0.012154793456589319,-0.001562413,0.010617267321398043,0.044621891892951515,-0.051905945,2497.78,2528.14,2524.19,2550.99,2664.82,2526.5,2475.09,2497.78,2528.14,2524.19,2551,2664.83,2587.61,2547.36,2588.63,2615.95,2692.99,2734.23,2323.21,2348.38,2442.4,2452.2,2544.83,2498.3,810103.1851,861747.523,676989.1747,1095890.29,852555.6669,971442.4532,2.001441345434297E9,2.109843607573324E9,1.703522806130449E9,2.780015740832861E9,2.246807632745271E9,2.537338702615742E9,3416878,4757453,3816684,5568312,5196535,5450420,400896.368,431712.8465,338210.0092,550624.5604,448569.1098,473528.1684,9.90832542382129E8,1.057907975585551E9,8.51893459669116E8,1.397549396349744E9,1.182067855833156E9,1.237163443755829E9,0.009171421,0.012154793456589319,-0.001562413,0.010617267321398043,0.044621891892951515,-0.051905945,2497.78,2528.14,2524.19,2550.99,2664.82,2526.5,2530.4
2025-05-24T00:00:00,2497.78,2528.14,2524.19,2551,2664.83,2526.49,2547.36,2588.63,2615.95,2692.99,2734.23,2575.85,2348.38,2442.4,2452.2,2544.83,2498.3,2515.08,861747.523,676989.1747,1095890.29,852555.6669,971442.4532,257544.2344,2.109843607573324E9,1.703522806130449E9,2.780015740832861E9,2.246807632745271E9,2.537338702615742E9,6.56038924220513E8,4757453,3816684,5568312,5196535,5450420,2090724,431712.8465,338210.0092,550624.5604,448569.1098,473528.1684,128007.8604,1.057907975585551E9,8.51893459669116E8,1.397549396349744E9,1.182067855833156E9,1.237163443755829E9,3.26091787487667E8,0.012154793456589319,-0.001562413,0.010617267321398043,0.044621891892951515,-0.051905945,0.001543637,2528.14,2524.19,2550.99,2664.82,2526.5,2530.4,2497.78,2528.14,2524.19,2551,2664.83,2526.49,2547.36,2588.63,2615.95,2692.99,2734.23,2575.85,2348.38,2442.4,2452.2,2544.83,2498.3,2515.08,861747.523,676989.1747,1095890.29,852555.6669,971442.4532,257544.2344,2.109843607573324E9,1.703522806130449E9,2.780015740832861E9,2.246807632745271E9,2.537338702615742E9,6.56038924220513E8,4757453,3816684,5568312,5196535,5450420,2090724,431712.8465,338210.0092,550624.5604,448569.1098,473528.1684,128007.8604,1.057907975585551E9,8.51893459669116E8,1.397549396349744E9,1.182067855833156E9,1.237163443755829E9,3.26091787487667E8,0.012154793456589319,-0.001562413,0.010617267321398043,0.044621891892951515,-0.051905945,0.001543637,2528.14,2524.19,2550.99,2664.82,2526.5,2530.4,2551.22
2025-05-25T00:00:00,2528.14,2524.19,2551,2664.83,2526.49,2530.41,2588.63,2615.95,2692.99,2734.23,2575.85,2554.26,2442.4,2452.2,2544.83,2498.3,2515.08,2463,676989.1747,1095890.29,852555.6669,971442.4532,257544.2344,359890.0299,1.703522806130449E9,2.780015740832861E9,2.246807632745271E9,2.537338702615742E9,6.56038924220513E8,9.01956598724874E8,3816684,5568312,5196535,5450420,2090724,2556052,338210.0092,550624.5604,448569.1098,473528.1684,128007.8604,170482.1859,8.51893459669116E8,1.397549396349744E9,1.182067855833156E9,1.237163443755829E9,3.26091787487667E8,4.27565947988837E8,-0.001562413,0.010617267321398043,0.044621891892951515,-0.051905945,0.001543637,0.008227948,2524.19,2550.99,2664.82,2526.5,2530.4,2551.22,2528.14,2524.19,2551,2664.83,2526.49,2530.41,2588.63,2615.95,2692.99,2734.23,2575.85,2554.26,2442.4,2452.2,2544.83,2498.3,2515.08,2463,676989.1747,1095890.29,852555.6669,971442.4532,257544.2344,359890.0299,1.703522806130449E9,2.780015740832861E9,2.246807632745271E9,2.537338702615742E9,6.56038924220513E8,9.01956598724874E8,3816684,5568312,5196535,5450420,2090724,2556052,338210.0092,550624.5604,448569.1098,473528.1684,128007.8604,170482.1859,8.51893459669116E8,1.397549396349744E9,1.182067855833156E9,1.237163443755829E9,3.26091787487667E8,4.27565947988837E8,-0.001562413,0.010617267321398043,0.044621891892951515,-0.051905945,0.001543637,0.008227948,2524.19,2550.99,2664.82,2526.5,2530.4,2551.22,2563.7
2025-05-26T00:00:00,2524.19,2551,2664.83,2526.49,2530.41,2551.22,2615.95,2692.99,2734.23,2575.85,2554.26,2599,2452.2,2544.83,2498.3,2515.08,2463,2525.86,1095890.29,852555.6669,971442.4532,257544.2344,359890.0299,362971.1182,2.780015740832861E9,2.246807632745271E9,2.537338702615742E9,6.56038924220513E8,9.01956598724874E8,9.29347758924527E8,5568312,5196535,5450420,2090724,2556052,2374458,550624.5604,448569.1098,473528.1684,128007.8604,170482.1859,175269.0596,1.397549396349744E9,1.182067855833156E9,1.237163443755829E9,3.26091787487667E8,4.27565947988837E8,4.48860267783445E8,0.010617267321398043,0.044621891892951515,-0.051905945,0.001543637,0.008227948,0.004891777,2550.99,2664.82,2526.5,2530.4,2551.22,2563.7,2524.19,2551,2664.83,2526.49,2530.41,2551.22,2615.95,2692.99,2734.23,2575.85,2554.26,2599,2452.2,2544.83,2498.3,2515.08,2463,2525.86,1095890.29,852555.6669,971442.4532,257544.2344,359890.0299,362971.1182,2.780015740832861E9,2.246807632745271E9,2.537338702615742E9,6.56038924220513E8,9.01956598724874E8,9.29347758924527E8,5568312,5196535,5450420,2090724,2556052,2374458,550624.5604,448569.1098,473528.1684,128007.8604,170482.1859,175269.0596,1.397549396349744E9,1.182067855833156E9,1.237163443755829E9,3.26091787487667E8,4.27565947988837E8,4.48860267783445E8,0.010617267321398043,0.044621891892951515,-0.051905945,0.001543637,0.008227948,0.004891777,2550.99,2664.82,2526.5,2530.4,2551.22,2563.7,2660.81
2025-05-27T00:00:00,2551,2664.83,2526.49,2530.41,2551.22,2563.7,2692.99,2734.23,2575.85,2554.26,2599,2712.36,2544.83,2498.3,2515.08,2463,2525.86,2509.46,852555.6669,971442.4532,257544.2344,359890.0299,362971.1182,798430.8862,2.246807632745271E9,2.537338702615742E9,6.56038924220513E8,9.01956598724874E8,9.29347758924527E8,2.101748442524873E9,5196535,5450420,2090724,2556052,2374458,4017588,448569.1098,473528.1684,128007.8604,170482.1859,175269.0596,412557.6256,1.182067855833156E9,1.237163443755829E9,3.26091787487667E8,4.27565947988837E8,4.48860267783445E8,1.085725214202044E9,0.044621891892951515,-0.051905945,0.001543637,0.008227948,0.004891777,0.037878847,2664.82,2526.5,2530.4,2551.22,2563.7,2660.81,2551,2664.83,2526.49,2530.41,2551.22,2563.7,2692.99,2734.23,2575.85,2554.26,2599,2712.36,2544.83,2498.3,2515.08,2463,2525.86,2509.46,852555.6669,971442.4532,257544.2344,359890.0299,362971.1182,798430.8862,2.246807632745271E9,2.537338702615742E9,6.56038924220513E8,9.01956598724874E8,9.29347758924527E8,2.101748442524873E9,5196535,5450420,2090724,2556052,2374458,4017588,448569.1098,473528.1684,128007.8604,170482.1859,175269.0596,412557.6256,1.182067855833156E9,1.237163443755829E9,3.26091787487667E8,4.27565947988837E8,4.48860267783445E8,1.085725214202044E9,0.044621891892951515,-0.051905945,0.001543637,0.008227948,0.004891777,0.037878847,2664.82,2526.5,2530.4,2551.22,2563.7,2660.81,2681.6
2025-05-28T00:00:00,2664.83,2526.49,2530.41,2551.22,2563.7,2660.81,2734.23,2575.85,2554.26,2599,2712.36,2689.14,2498.3,2515.08,2463,2525.86,2509.46,2608.5,971442.4532,257544.2344,359890.0299,362971.1182,798430.8862,560095.6833,2.537338702615742E9,6.56038924220513E8,9.01956598724874E8,9.29347758924527E8,2.101748442524873E9,1.480645502351484E9,5450420,2090724,2556052,2374458,4017588,3160462,473528.1684,128007.8604,170482.1859,175269.0596,412557.6256,273261.3831,1.237163443755829E9,3.26091787487667E8,4.27565947988837E8,4.48860267783445E8,1.085725214202044E9,7.2262773275787E8,-0.051905945,0.001543637,0.008227948,0.004891777,0.037878847,0.00781341,2526.5,2530.4,2551.22,2563.7,2660.81,2681.6,2664.83,2526.49,2530.41,2551.22,2563.7,2660.81,2734.23,2575.85,2554.26,2599,2712.36,2689.14,2498.3,2515.08,2463,2525.86,2509.46,2608.5,971442.4532,257544.2344,359890.0299,362971.1182,798430.8862,560095.6833,2.537338702615742E9,6.56038924220513E8,9.01956598724874E8,9.29347758924527E8,2.101748442524873E9,1.480645502351484E9,5450420,2090724,2556052,2374458,4017588,3160462,473528.1684,128007.8604,170482.1859,175269.0596,412557.6256,273261.3831,1.237163443755829E9,3.26091787487667E8,4.27565947988837E8,4.48860267783445E8,1.085725214202044E9,7.2262773275787E8,-0.051905945,0.001543637,0.008227948,0.004891777,0.037878847,0.00781341,2526.5,2530.4,2551.22,2563.7,2660.81,2681.6,2631.39
2025-05-29T00:00:00,2526.49,2530.41,2551.22,2563.7,2660.81,2681.61,2575.85,2554.26,2599,2712.36,2689.14,2788,2515.08,2463,2525.86,2509.46,2608.5,2619.05,257544.2344,359890.0299,362971.1182,798430.8862,560095.6833,811567.2545,6.56038924220513E8,9.01956598724874E8,9.29347758924527E8,2.101748442524873E9,1.480645502351484E9,2.189640513339573E9,2090724,2556052,2374458,4017588,3160462,4254669,128007.8604,170482.1859,175269.0596,412557.6256,273261.3831,405459.3733,3.26091787487667E8,4.27565947988837E8,4.48860267783445E8,1.085725214202044E9,7.2262773275787E8,1.09414767184856E9,0.001543637,0.008227948,0.004891777,0.037878847,0.00781341,-0.018723896,2530.4,2551.22,2563.7,2660.81,2681.6,2631.39,2526.49,2530.41,2551.22,2563.7,2660.81,2681.61,2575.85,2554.26,2599,2712.36,2689.14,2788,2515.08,2463,2525.86,2509.46,2608.5,2619.05,257544.2344,359890.0299,362971.1182,798430.8862,560095.6833,811567.2545,6.56038924220513E8,9.01956598724874E8,9.29347758924527E8,2.101748442524873E9,1.480645502351484E9,2.189640513339573E9,2090724,2556052,2374458,4017588,3160462,4254669,128007.8604,170482.1859,175269.0596,412557.6256,273261.3831,405459.3733,3.26091787487667E8,4.27565947988837E8,4.48860267783445E8,1.085725214202044E9,7.2262773275787E8,1.09414767184856E9,0.001543637,0.008227948,0.004891777,0.037878847,0.00781341,-0.018723896,2530.4,2551.22,2563.7,2660.81,2681.6,2631.39,2531.34
2025-05-30T00:00:00,2530.41,2551.22,2563.7,2660.81,2681.61,2631.39,2554.26,2599,2712.36,2689.14,2788,2649.23,2463,2525.86,2509.46,2608.5,2619.05,2507.35,359890.0299,362971.1182,798430.8862,560095.6833,811567.2545,763045.2564,9.01956598724874E8,9.29347758924527E8,2.101748442524873E9,1.480645502351484E9,2.189640513339573E9,1.976177953879442E9,2556052,2374458,4017588,3160462,4254669,4624552,170482.1859,175269.0596,412557.6256,273261.3831,405459.3733,376566.6772,4.27565947988837E8,4.48860267783445E8,1.085725214202044E9,7.2262773275787E8,1.09414767184856E9,9.75743608339547E8,0.008227948,0.004891777,0.037878847,0.00781341,-0.018723896,-0.03802173,2551.22,2563.7,2660.81,2681.6,2631.39,2531.34,2530.41,2551.22,2563.7,2660.81,2681.61,2631.39,2554.26,2599,2712.36,2689.14,2788,2649.23,2463,2525.86,2509.46,2608.5,2619.05,2507.35,359890.0299,362971.1182,798430.8862,560095.6833,811567.2545,763045.2564,9.01956598724874E8,9.29347758924527E8,2.101748442524873E9,1.480645502351484E9,2.189640513339573E9,1.976177953879442E9,2556052,2374458,4017588,3160462,4254669,4624552,170482.1859,175269.0596,412557.6256,273261.3831,405459.3733,376566.6772,4.27565947988837E8,4.48860267783445E8,1.085725214202044E9,7.2262773275787E8,1.09414767184856E9,9.75743608339547E8,0.008227948,0.004891777,0.037878847,0.00781341,-0.018723896,-0.03802173,2551.22,2563.7,2660.81,2681.6,2631.39,2531.34,2528.06
2025-05-31T00:00:00,2551.22,2563.7,2660.81,2681.61,2631.39,2531.35,2599,2712.36,2689.14,2788,2649.23,2550.34,2525.86,2509.46,2608.5,2619.05,2507.35,2475.33,362971.1182,798430.8862,560095.6833,811567.2545,763045.2564,394537.2521,9.29347758924527E8,2.101748442524873E9,1.480645502351484E9,2.189640513339573E9,1.976177953879442E9,9.94330383170508E8,2374458,4017588,3160462,4254669,4624552,2792146,175269.0596,412557.6256,273261.3831,405459.3733,376566.6772,197180.2806,4.48860267783445E8,1.085725214202044E9,7.2262773275787E8,1.09414767184856E9,9.75743608339547E8,4.97000872324811E8,0.004891777,0.037878847,0.00781341,-0.018723896,-0.03802173,-0.001295756,2563.7,2660.81,2681.6,2631.39,2531.34,2528.06,2551.22,2563.7,2660.81,2681.61,2631.39,2531.35,2599,2712.36,2689.14,2788,2649.23,2550.34,2525.86,2509.46,2608.5,2619.05,2507.35,2475.33,362971.1182,798430.8862,560095.6833,811567.2545,763045.2564,394537.2521,9.29347758924527E8,2.101748442524873E9,1.480645502351484E9,2.189640513339573E9,1.976177953879442E9,9.94330383170508E8,2374458,4017588,3160462,4254669,4624552,2792146,175269.0596,412557.6256,273261.3831,405459.3733,376566.6772,197180.2806,4.48860267783445E8,1.085725214202044E9,7.2262773275787E8,1.09414767184856E9,9.75743608339547E8,4.97000872324811E8,0.004891777,0.037878847,0.00781341,-0.018723896,-0.03802173,-0.001295756,2563.7,2660.81,2681.6,2631.39,2531.34,2528.06,2539.21
2025-06-01T00:00:00,2563.7,2660.81,2681.61,2631.39,2531.35,2528.06,2712.36,2689.14,2788,2649.23,2550.34,2547.79,2509.46,2608.5,2619.05,2507.35,2475.33,2468.56,798430.8862,560095.6833,811567.2545,763045.2564,394537.2521,332021.7088,2.101748442524873E9,1.480645502351484E9,2.189640513339573E9,1.976177953879442E9,9.94330383170508E8,8.34842712277541E8,4017588,3160462,4254669,4624552,2792146,2210246,412557.6256,273261.3831,405459.3733,376566.6772,197180.2806,165557.314,1.085725214202044E9,7.2262773275787E8,1.09414767184856E9,9.75743608339547E8,4.97000872324811E8,4.16473007507851E8,0.037878847,0.00781341,-0.018723896,-0.03802173,-0.001295756,0.004410497,2660.81,2681.6,2631.39,2531.34,2528.06,2539.21,2563.7,2660.81,2681.61,2631.39,2531.35,2528.06,2712.36,2689.14,2788,2649.23,2550.34,2547.79,2509.46,2608.5,2619.05,2507.35,2475.33,2468.56,798430.8862,560095.6833,811567.2545,763045.2564,394537.2521,332021.7088,2.101748442524873E9,1.480645502351484E9,2.189640513339573E9,1.976177953879442E9,9.94330383170508E8,8.34842712277541E8,4017588,3160462,4254669,4624552,2792146,2210246,412557.6256,273261.3831,405459.3733,376566.6772,197180.2806,165557.314,1.085725214202044E9,7.2262773275787E8,1.09414767184856E9,9.75743608339547E8,4.97000872324811E8,4.16473007507851E8,0.037878847,0.00781341,-0.018723896,-0.03802173,-0.001295756,0.004410497,2660.81,2681.6,2631.39,2531.34,2528.06,2539.21,2607.41
2025-06-02T00:00:00,2660.81,2681.61,2631.39,2531.35,2528.06,2539.2,2689.14,2788,2649.23,2550.34,2547.79,2615,2608.5,2619.05,2507.35,2475.33,2468.56,2475,560095.6833,811567.2545,763045.2564,394537.2521,332021.7088,468889.9737,1.480645502351484E9,2.189640513339573E9,1.976177953879442E9,9.94330383170508E8,8.34842712277541E8,1.184963591471666E9,3160462,4254669,4624552,2792146,2210246,3239230,273261.3831,405459.3733,376566.6772,197180.2806,165557.314,232758.6658,7.2262773275787E8,1.09414767184856E9,9.75743608339547E8,4.97000872324811E8,4.16473007507851E8,5.88585524428128E8,0.00781341,-0.018723896,-0.03802173,-0.001295756,0.004410497,0.026858747,2681.6,2631.39,2531.34,2528.06,2539.21,2607.41,2660.81,2681.61,2631.39,2531.35,2528.06,2539.2,2689.14,2788,2649.23,2550.34,2547.79,2615,2608.5,2619.05,2507.35,2475.33,2468.56,2475,560095.6833,811567.2545,763045.2564,394537.2521,332021.7088,468889.9737,1.480645502351484E9,2.189640513339573E9,1.976177953879442E9,9.94330383170508E8,8.34842712277541E8,1.184963591471666E9,3160462,4254669,4624552,2792146,2210246,3239230,273261.3831,405459.3733,376566.6772,197180.2806,165557.314,232758.6658,7.2262773275787E8,1.09414767184856E9,9.75743608339547E8,4.97000872324811E8,4.16473007507851E8,5.88585524428128E8,0.00781341,-0.018723896,-0.03802173,-0.001295756,0.004410497,0.026858747,2681.6,2631.39,2531.34,2528.06,2539.21,2607.41,2593.36
2025-06-03T00:00:00,2681.61,2631.39,2531.35,2528.06,2539.2,2607.42,2788,2649.23,2550.34,2547.79,2615,2655.38,2619.05,2507.35,2475.33,2468.56,2475,2575,811567.2545,763045.2564,394537.2521,332021.7088,468889.9737,454383.0439,2.189640513339573E9,1.976177953879442E9,9.94330383170508E8,8.34842712277541E8,1.184963591471666E9,1.188862077100825E9,4254669,4624552,2792146,2210246,3239230,3098351,405459.3733,376566.6772,197180.2806,165557.314,232758.6658,228172.36,1.09414767184856E9,9.75743608339547E8,4.97000872324811E8,4.16473007507851E8,5.88585524428128E8,5.97147462454556E8,-0.018723896,-0.03802173,-0.001295756,0.004410497,0.026858747,-0.005388489,2631.39,2531.34,2528.06,2539.21,2607.41,2593.36,2681.61,2631.39,2531.35,2528.06,2539.2,2607.42,2788,2649.23,2550.34,2547.79,2615,2655.38,2619.05,2507.35,2475.33,2468.56,2475,2575,811567.2545,763045.2564,394537.2521,332021.7088,468889.9737,454383.0439,2.189640513339573E9,1.976177953879442E9,9.94330383170508E8,8.34842712277541E8,1.184963591471666E9,1.188862077100825E9,4254669,4624552,2792146,2210246,3239230,3098351,405459.3733,376566.6772,197180.2806,165557.314,232758.6658,228172.36,1.09414767184856E9,9.75743608339547E8,4.97000872324811E8,4.16473007507851E8,5.88585524428128E8,5.97147462454556E8,-0.018723896,-0.03802173,-0.001295756,0.004410497,0.026858747,-0.005388489,2631.39,2531.34,2528.06,2539.21,2607.41,2593.36,2607.68
2025-06-04T00:00:00,2631.39,2531.35,2528.06,2539.2,2607.42,2593.35,2649.23,2550.34,2547.79,2615,2655.38,2679.88,2507.35,2475.33,2468.56,2475,2575,2583.5,763045.2564,394537.2521,332021.7088,468889.9737,454383.0439,502494.8214,1.976177953879442E9,9.94330383170508E8,8.34842712277541E8,1.184963591471666E9,1.188862077100825E9,1.321537606684948E9,4624552,2792146,2210246,3239230,3098351,2754319,376566.6772,197180.2806,165557.314,232758.6658,228172.36,260366.5898,9.75743608339547E8,4.97000872324811E8,4.16473007507851E8,5.88585524428128E8,5.97147462454556E8,6.85080028877307E8,-0.03802173,-0.001295756,0.004410497,0.026858747,-0.005388489,0.005521794,2531.34,2528.06,2539.21,2607.41,2593.36,2607.68,2631.39,2531.35,2528.06,2539.2,2607.42,2593.35,2649.23,2550.34,2547.79,2615,2655.38,2679.88,2507.35,2475.33,2468.56,2475,2575,2583.5,763045.2564,394537.2521,332021.7088,468889.9737,454383.0439,502494.8214,1.976177953879442E9,9.94330383170508E8,8.34842712277541E8,1.184963591471666E9,1.188862077100825E9,1.321537606684948E9,4624552,2792146,2210246,3239230,3098351,2754319,376566.6772,197180.2806,165557.314,232758.6658,228172.36,260366.5898,9.75743608339547E8,4.97000872324811E8,4.16473007507851E8,5.88585524428128E8,5.97147462454556E8,6.85080028877307E8,-0.03802173,-0.001295756,0.004410497,0.026858747,-0.005388489,0.005521794,2531.34,2528.06,2539.21,2607.41,2593.36,2607.68,2414.01
2025-06-05T00:00:00,2531.35,2528.06,2539.2,2607.42,2593.35,2607.68,2550.34,2547.79,2615,2655.38,2679.88,2640.86,2475.33,2468.56,2475,2575,2583.5,2391.66,394537.2521,332021.7088,468889.9737,454383.0439,502494.8214,808938.0344,9.94330383170508E8,8.34842712277541E8,1.184963591471666E9,1.188862077100825E9,1.321537606684948E9,2.047572739901186E9,2792146,2210246,3239230,3098351,2754319,4181206,197180.2806,165557.314,232758.6658,228172.36,260366.5898,378086.6913,4.97000872324811E8,4.16473007507851E8,5.88585524428128E8,5.97147462454556E8,6.85080028877307E8,9.58339246460727E8,-0.001295756,0.004410497,0.026858747,-0.005388489,0.005521794,-0.074269082,2528.06,2539.21,2607.41,2593.36,2607.68,2414.01,2531.35,2528.06,2539.2,2607.42,2593.35,2607.68,2550.34,2547.79,2615,2655.38,2679.88,2640.86,2475.33,2468.56,2475,2575,2583.5,2391.66,394537.2521,332021.7088,468889.9737,454383.0439,502494.8214,808938.0344,9.94330383170508E8,8.34842712277541E8,1.184963591471666E9,1.188862077100825E9,1.321537606684948E9,2.047572739901186E9,2792146,2210246,3239230,3098351,2754319,4181206,197180.2806,165557.314,232758.6658,228172.36,260366.5898,378086.6913,4.97000872324811E8,4.16473007507851E8,5.88585524428128E8,5.97147462454556E8,6.85080028877307E8,9.58339246460727E8,-0.001295756,0.004410497,0.026858747,-0.005388489,0.005521794,-0.074269082,2528.06,2539.21,2607.41,2593.36,2607.68,2414.01,2476.1
2025-06-06T00:00:00,2528.06,2539.2,2607.42,2593.35,2607.68,2414.02,2547.79,2615,2655.38,2679.88,2640.86,2531.36,2468.56,2475,2575,2583.5,2391.66,2381.49,332021.7088,468889.9737,454383.0439,502494.8214,808938.0344,578843.4974,8.34842712277541E8,1.184963591471666E9,1.188862077100825E9,1.321537606684948E9,2.047572739901186E9,1.428256037775954E9,2210246,3239230,3098351,2754319,4181206,3246760,165557.314,232758.6658,228172.36,260366.5898,378086.6913,290586.021,4.16473007507851E8,5.88585524428128E8,5.97147462454556E8,6.85080028877307E8,9.58339246460727E8,7.17257126502031E8,0.004410497,0.026858747,-0.005388489,0.005521794,-0.074269082,0.025720688812390872,2539.21,2607.41,2593.36,2607.68,2414.01,2476.1,2528.06,2539.2,2607.42,2593.35,2607.68,2414.02,2547.79,2615,2655.38,2679.88,2640.86,2531.36,2468.56,2475,2575,2583.5,2391.66,2381.49,332021.7088,468889.9737,454383.0439,502494.8214,808938.0344,578843.4974,8.34842712277541E8,1.184963591471666E9,1.188862077100825E9,1.321537606684948E9,2.047572739901186E9,1.428256037775954E9,2210246,3239230,3098351,2754319,4181206,3246760,165557.314,232758.6658,228172.36,260366.5898,378086.6913,290586.021,4.16473007507851E8,5.88585524428128E8,5.97147462454556E8,6.85080028877307E8,9.58339246460727E8,7.17257126502031E8,0.004410497,0.026858747,-0.005388489,0.005521794,-0.074269082,0.025720688812390872,2539.21,2607.41,2593.36,2607.68,2414.01,2476.1,2524.63
2025-06-07T00:00:00,2539.2,2607.42,2593.35,2607.68,2414.02,2476.1,2615,2655.38,2679.88,2640.86,2531.36,2544.36,2475,2575,2583.5,2391.66,2381.49,2457,468889.9737,454383.0439,502494.8214,808938.0344,578843.4974,264787.6743,1.184963591471666E9,1.188862077100825E9,1.321537606684948E9,2.047572739901186E9,1.428256037775954E9,6.62320802305284E8,3239230,3098351,2754319,4181206,3246760,1587509,232758.6658,228172.36,260366.5898,378086.6913,290586.021,135613.3419,5.88585524428128E8,5.97147462454556E8,6.85080028877307E8,9.58339246460727E8,7.17257126502031E8,3.39037471977697E8,0.026858747,-0.005388489,0.005521794,-0.074269082,0.025720688812390872,0.01959937,2607.41,2593.36,2607.68,2414.01,2476.1,2524.63,2539.2,2607.42,2593.35,2607.68,2414.02,2476.1,2615,2655.38,2679.88,2640.86,2531.36,2544.36,2475,2575,2583.5,2391.66,2381.49,2457,468889.9737,454383.0439,502494.8214,808938.0344,578843.4974,264787.6743,1.184963591471666E9,1.188862077100825E9,1.321537606684948E9,2.047572739901186E9,1.428256037775954E9,6.62320802305284E8,3239230,3098351,2754319,4181206,3246760,1587509,232758.6658,228172.36,260366.5898,378086.6913,290586.021,135613.3419,5.88585524428128E8,5.97147462454556E8,6.85080028877307E8,9.58339246460727E8,7.17257126502031E8,3.39037471977697E8,0.026858747,-0.005388489,0.005521794,-0.074269082,0.025720688812390872,0.01959937,2607.41,2593.36,2607.68,2414.01,2476.1,2524.63,2509.83
2025-06-08T00:00:00,2607.42,2593.35,2607.68,2414.02,2476.1,2524.64,2655.38,2679.88,2640.86,2531.36,2544.36,2548.63,2575,2583.5,2391.66,2381.49,2457,2490.58,454383.0439,502494.8214,808938.0344,578843.4974,264787.6743,266474.7139,1.188862077100825E9,1.321537606684948E9,2.047572739901186E9,1.428256037775954E9,6.62320802305284E8,6.70516749059655E8,3098351,2754319,4181206,3246760,1587509,1401175,228172.36,260366.5898,378086.6913,290586.021,135613.3419,135061.7873,5.97147462454556E8,6.85080028877307E8,9.58339246460727E8,7.17257126502031E8,3.39037471977697E8,3.39794332050441E8,-0.005388489,0.005521794,-0.074269082,0.025720688812390872,0.01959937,-0.005862245,2593.36,2607.68,2414.01,2476.1,2524.63,2509.83,2607.42,2593.35,2607.68,2414.02,2476.1,2524.64,2655.38,2679.88,2640.86,2531.36,2544.36,2548.63,2575,2583.5,2391.66,2381.49,2457,2490.58,454383.0439,502494.8214,808938.0344,578843.4974,264787.6743,266474.7139,1.188862077100825E9,1.321537606684948E9,2.047572739901186E9,1.428256037775954E9,6.62320802305284E8,6.70516749059655E8,3098351,2754319,4181206,3246760,1587509,1401175,228172.36,260366.5898,378086.6913,290586.021,135613.3419,135061.7873,5.97147462454556E8,6.85080028877307E8,9.58339246460727E8,7.17257126502031E8,3.39037471977697E8,3.39794332050441E8,-0.005388489,0.005521794,-0.074269082,0.025720688812390872,0.01959937,-0.005862245,2593.36,2607.68,2414.01,2476.1,2524.63,2509.83,2680.13
2025-06-09T00:00:00,2593.35,2607.68,2414.02,2476.1,2524.64,2509.84,2679.88,2640.86,2531.36,2544.36,2548.63,2693.99,2583.5,2391.66,2381.49,2457,2490.58,2477.73,502494.8214,808938.0344,578843.4974,264787.6743,266474.7139,568726.3025,1.321537606684948E9,2.047572739901186E9,1.428256037775954E9,6.62320802305284E8,6.70516749059655E8,1.45850575433474E9,2754319,4181206,3246760,1587509,1401175,2896758,260366.5898,378086.6913,290586.021,135613.3419,135061.7873,303579.9958,6.85080028877307E8,9.58339246460727E8,7.17257126502031E8,3.39037471977697E8,3.39794332050441E8,7.79517686549857E8,0.005521794,-0.074269082,0.025720688812390872,0.01959937,-0.005862245,0.067853201,2607.68,2414.01,2476.1,2524.63,2509.83,2680.13,2593.35,2607.68,2414.02,2476.1,2524.64,2509.84,2679.88,2640.86,2531.36,2544.36,2548.63,2693.99,2583.5,2391.66,2381.49,2457,2490.58,2477.73,502494.8214,808938.0344,578843.4974,264787.6743,266474.7139,568726.3025,1.321537606684948E9,2.047572739901186E9,1.428256037775954E9,6.62320802305284E8,6.70516749059655E8,1.45850575433474E9,2754319,4181206,3246760,1587509,1401175,2896758,260366.5898,378086.6913,290586.021,135613.3419,135061.7873,303579.9958,6.85080028877307E8,9.58339246460727E8,7.17257126502031E8,3.39037471977697E8,3.39794332050441E8,7.79517686549857E8,0.005521794,-0.074269082,0.025720688812390872,0.01959937,-0.005862245,0.067853201,2607.68,2414.01,2476.1,2524.63,2509.83,2680.13,2816.4
2025-06-10T00:00:00,2607.68,2414.02,2476.1,2524.64,2509.84,2680.13,2640.86,2531.36,2544.36,2548.63,2693.99,2827,2391.66,2381.49,2457,2490.58,2477.73,2655.61,808938.0344,578843.4974,264787.6743,266474.7139,568726.3025,1138405.478,2.047572739901186E9,1.428256037775954E9,6.62320802305284E8,6.70516749059655E8,1.45850575433474E9,3.115655145472068E9,4181206,3246760,1587509,1401175,2896758,5277581,378086.6913,290586.021,135613.3419,135061.7873,303579.9958,605348.556,9.58339246460727E8,7.17257126502031E8,3.39037471977697E8,3.39794332050441E8,7.79517686549857E8,1.656990975326069E9,-0.074269082,0.025720688812390872,0.01959937,-0.005862245,0.067853201,0.050844549,2414.01,2476.1,2524.63,2509.83,2680.13,2816.4,2607.68,2414.02,2476.1,2524.64,2509.84,2680.13,2640.86,2531.36,2544.36,2548.63,2693.99,2827,2391.66,2381.49,2457,2490.58,2477.73,2655.61,808938.0344,578843.4974,264787.6743,266474.7139,568726.3025,1138405.478,2.047572739901186E9,1.428256037775954E9,6.62320802305284E8,6.70516749059655E8,1.45850575433474E9,3.115655145472068E9,4181206,3246760,1587509,1401175,2896758,5277581,378086.6913,290586.021,135613.3419,135061.7873,303579.9958,605348.556,9.58339246460727E8,7.17257126502031E8,3.39037471977697E8,3.39794332050441E8,7.79517686549857E8,1.656990975326069E9,-0.074269082,0.025720688812390872,0.01959937,-0.005862245,0.067853201,0.050844549,2414.01,2476.1,2524.63,2509.83,2680.13,2816.4,2771.61
2025-06-11T00:00:00,2414.02,2476.1,2524.64,2509.84,2680.13,2816.41,2531.36,2544.36,2548.63,2693.99,2827,2879.22,2381.49,2457,2490.58,2477.73,2655.61,2743.75,578843.4974,264787.6743,266474.7139,568726.3025,1138405.478,850210.9324,1.428256037775954E9,6.62320802305284E8,6.70516749059655E8,1.45850575433474E9,3.115655145472068E9,2.388186204977766E9,3246760,1587509,1401175,2896758,5277581,4906906,290586.021,135613.3419,135061.7873,303579.9958,605348.556,410413.9413,7.17257126502031E8,3.39037471977697E8,3.39794332050441E8,7.79517686549857E8,1.656990975326069E9,1.153264237421366E9,0.025720688812390872,0.01959937,-0.005862245,0.067853201,0.050844549,-0.015903281,2476.1,2524.63,2509.83,2680.13,2816.4,2771.61,2414.02,2476.1,2524.64,2509.84,2680.13,2816.41,2531.36,2544.36,2548.63,2693.99,2827,2879.22,2381.49,2457,2490.58,2477.73,2655.61,2743.75,578843.4974,264787.6743,266474.7139,568726.3025,1138405.478,850210.9324,1.428256037775954E9,6.62320802305284E8,6.70516749059655E8,1.45850575433474E9,3.115655145472068E9,2.388186204977766E9,3246760,1587509,1401175,2896758,5277581,4906906,290586.021,135613.3419,135061.7873,303579.9958,605348.556,410413.9413,7.17257126502031E8,3.39037471977697E8,3.39794332050441E8,7.79517686549857E8,1.656990975326069E9,1.153264237421366E9,0.025720688812390872,0.01959937,-0.005862245,0.067853201,0.050844549,-0.015903281,2476.1,2524.63,2509.83,2680.13,2816.4,2771.61,2642.65
2025-06-12T00:00:00,2476.1,2524.64,2509.84,2680.13,2816.41,2771.6,2544.36,2548.63,2693.99,2827,2879.22,2784.83,2457,2490.58,2477.73,2655.61,2743.75,2616.24,264787.6743,266474.7139,568726.3025,1138405.478,850210.9324,699593.3757,6.62320802305284E8,6.70516749059655E8,1.45850575433474E9,3.115655145472068E9,2.388186204977766E9,1.905633561097528E9,1587509,1401175,2896758,5277581,4906906,4172997,135613.3419,135061.7873,303579.9958,605348.556,410413.9413,343802.7294,3.39037471977697E8,3.39794332050441E8,7.79517686549857E8,1.656990975326069E9,1.153264237421366E9,9.37069085599158E8,0.01959937,-0.005862245,0.067853201,0.050844549,-0.015903281,-0.046528913,2524.63,2509.83,2680.13,2816.4,2771.61,2642.65,2476.1,2524.64,2509.84,2680.13,2816.41,2771.6,2544.36,2548.63,2693.99,2827,2879.22,2784.83,2457,2490.58,2477.73,2655.61,2743.75,2616.24,264787.6743,266474.7139,568726.3025,1138405.478,850210.9324,699593.3757,6.62320802305284E8,6.70516749059655E8,1.45850575433474E9,3.115655145472068E9,2.388186204977766E9,1.905633561097528E9,1587509,1401175,2896758,5277581,4906906,4172997,135613.3419,135061.7873,303579.9958,605348.556,410413.9413,343802.7294,3.39037471977697E8,3.39794332050441E8,7.79517686549857E8,1.656990975326069E9,1.153264237421366E9,9.37069085599158E8,0.01959937,-0.005862245,0.067853201,0.050844549,-0.015903281,-0.046528913,2524.63,2509.83,2680.13,2816.4,2771.61,2642.65,2579.19
2025-06-13T00:00:00,2524.64,2509.84,2680.13,2816.41,2771.6,2642.66,2548.63,2693.99,2827,2879.22,2784.83,2645.45,2490.58,2477.73,2655.61,2743.75,2616.24,2436.98,266474.7139,568726.3025,1138405.478,850210.9324,699593.3757,1202176.297,6.70516749059655E8,1.45850575433474E9,3.115655145472068E9,2.388186204977766E9,1.905633561097528E9,3.033896895562154E9,1401175,2896758,5277581,4906906,4172997,6026303,135061.7873,303579.9958,605348.556,410413.9413,343802.7294,570084.1354,3.39794332050441E8,7.79517686549857E8,1.656990975326069E9,1.153264237421366E9,9.37069085599158E8,1.438866069089298E9,-0.005862245,0.067853201,0.050844549,-0.015903281,-0.046528913,-0.024013774,2509.83,2680.13,2816.4,2771.61,2642.65,2579.19,2524.64,2509.84,2680.13,2816.41,2771.6,2642.66,2548.63,2693.99,2827,2879.22,2784.83,2645.45,2490.58,2477.73,2655.61,2743.75,2616.24,2436.98,266474.7139,568726.3025,1138405.478,850210.9324,699593.3757,1202176.297,6.70516749059655E8,1.45850575433474E9,3.115655145472068E9,2.388186204977766E9,1.905633561097528E9,3.033896895562154E9,1401175,2896758,5277581,4906906,4172997,6026303,135061.7873,303579.9958,605348.556,410413.9413,343802.7294,570084.1354,3.39794332050441E8,7.79517686549857E8,1.656990975326069E9,1.153264237421366E9,9.37069085599158E8,1.438866069089298E9,-0.005862245,0.067853201,0.050844549,-0.015903281,-0.046528913,-0.024013774,2509.83,2680.13,2816.4,2771.61,2642.65,2579.19,2530.76
2025-06-14T00:00:00,2509.84,2680.13,2816.41,2771.6,2642.66,2579.19,2693.99,2827,2879.22,2784.83,2645.45,2579.43,2477.73,2655.61,2743.75,2616.24,2436.98,2488.72,568726.3025,1138405.478,850210.9324,699593.3757,1202176.297,331438.9278,1.45850575433474E9,3.115655145472068E9,2.388186204977766E9,1.905633561097528E9,3.033896895562154E9,8.38399986460107E8,2896758,5277581,4906906,4172997,6026303,1988958,303579.9958,605348.556,410413.9413,343802.7294,570084.1354,155289.4372,7.79517686549857E8,1.656990975326069E9,1.153264237421366E9,9.37069085599158E8,1.438866069089298E9,3.93033307094926E8,0.067853201,0.050844549,-0.015903281,-0.046528913,-0.024013774,-0.018777213,2680.13,2816.4,2771.61,2642.65,2579.19,2530.76,2509.84,2680.13,2816.41,2771.6,2642.66,2579.19,2693.99,2827,2879.22,2784.83,2645.45,2579.43,2477.73,2655.61,2743.75,2616.24,2436.98,2488.72,568726.3025,1138405.478,850210.9324,699593.3757,1202176.297,331438.9278,1.45850575433474E9,3.115655145472068E9,2.388186204977766E9,1.905633561097528E9,3.033896895562154E9,8.38399986460107E8,2896758,5277581,4906906,4172997,6026303,1988958,303579.9958,605348.556,410413.9413,343802.7294,570084.1354,155289.4372,7.79517686549857E8,1.656990975326069E9,1.153264237421366E9,9.37069085599158E8,1.438866069089298E9,3.93033307094926E8,0.067853201,0.050844549,-0.015903281,-0.046528913,-0.024013774,-0.018777213,2680.13,2816.4,2771.61,2642.65,2579.19,2530.76,2547.61
2025-06-15T00:00:00,2680.13,2816.41,2771.6,2642.66,2579.19,2530.77,2827,2879.22,2784.83,2645.45,2579.43,2559.51,2655.61,2743.75,2616.24,2436.98,2488.72,2492,1138405.478,850210.9324,699593.3757,1202176.297,331438.9278,299701.6624,3.115655145472068E9,2.388186204977766E9,1.905633561097528E9,3.033896895562154E9,8.38399986460107E8,7.58742736767623E8,5277581,4906906,4172997,6026303,1988958,1846489,605348.556,410413.9413,343802.7294,570084.1354,155289.4372,153252.4073,1.656990975326069E9,1.153264237421366E9,9.37069085599158E8,1.438866069089298E9,3.93033307094926E8,3.88090718363716E8,0.050844549,-0.015903281,-0.046528913,-0.024013774,-0.018777213,0.006658079,2816.4,2771.61,2642.65,2579.19,2530.76,2547.61,2680.13,2816.41,2771.6,2642.66,2579.19,2530.77,2827,2879.22,2784.83,2645.45,2579.43,2559.51,2655.61,2743.75,2616.24,2436.98,2488.72,2492,1138405.478,850210.9324,699593.3757,1202176.297,331438.9278,299701.6624,3.115655145472068E9,2.388186204977766E9,1.905633561097528E9,3.033896895562154E9,8.38399986460107E8,7.58742736767623E8,5277581,4906906,4172997,6026303,1988958,1846489,605348.556,410413.9413,343802.7294,570084.1354,155289.4372,153252.4073,1.656990975326069E9,1.153264237421366E9,9.37069085599158E8,1.438866069089298E9,3.93033307094926E8,3.88090718363716E8,0.050844549,-0.015903281,-0.046528913,-0.024013774,-0.018777213,0.006658079,2816.4,2771.61,2642.65,2579.19,2530.76,2547.61,2544.17
2025-06-16T00:00:00,2816.41,2771.6,2642.66,2579.19,2530.77,2547.62,2879.22,2784.83,2645.45,2579.43,2559.51,2680.34,2743.75,2616.24,2436.98,2488.72,2492,2514.85,850210.9324,699593.3757,1202176.297,331438.9278,299701.6624,680429.988,2.388186204977766E9,1.905633561097528E9,3.033896895562154E9,8.38399986460107E8,7.58742736767623E8,1.774646762471706E9,4906906,4172997,6026303,1988958,1846489,3434185,410413.9413,343802.7294,570084.1354,155289.4372,153252.4073,348962.3301,1.153264237421366E9,9.37069085599158E8,1.438866069089298E9,3.93033307094926E8,3.88090718363716E8,9.1068471914748E8,-0.015903281,-0.046528913,-0.024013774,-0.018777213,0.006658079,-0.001350285,2771.61,2642.65,2579.19,2530.76,2547.61,2544.17,2816.41,2771.6,2642.66,2579.19,2530.77,2547.62,2879.22,2784.83,2645.45,2579.43,2559.51,2680.34,2743.75,2616.24,2436.98,2488.72,2492,2514.85,850210.9324,699593.3757,1202176.297,331438.9278,299701.6624,680429.988,2.388186204977766E9,1.905633561097528E9,3.033896895562154E9,8.38399986460107E8,7.58742736767623E8,1.774646762471706E9,4906906,4172997,6026303,1988958,1846489,3434185,410413.9413,343802.7294,570084.1354,155289.4372,153252.4073,348962.3301,1.153264237421366E9,9.37069085599158E8,1.438866069089298E9,3.93033307094926E8,3.88090718363716E8,9.1068471914748E8,-0.015903281,-0.046528913,-0.024013774,-0.018777213,0.006658079,-0.001350285,2771.61,2642.65,2579.19,2530.76,2547.61,2544.17,2509.95
2025-06-17T00:00:00,2771.6,2642.66,2579.19,2530.77,2547.62,2544.17,2784.83,2645.45,2579.43,2559.51,2680.34,2618.6,2616.24,2436.98,2488.72,2492,2514.85,2453.8,699593.3757,1202176.297,331438.9278,299701.6624,680429.988,715930.4081,1.905633561097528E9,3.033896895562154E9,8.38399986460107E8,7.58742736767623E8,1.774646762471706E9,1.815306987093816E9,4172997,6026303,1988958,1846489,3434185,4017130,343802.7294,570084.1354,155289.4372,153252.4073,348962.3301,359536.2104,9.37069085599158E8,1.438866069089298E9,3.93033307094926E8,3.88090718363716E8,9.1068471914748E8,9.12037726665479E8,-0.046528913,-0.024013774,-0.018777213,0.006658079,-0.001350285,-0.013450359,2642.65,2579.19,2530.76,2547.61,2544.17,2509.95,2771.6,2642.66,2579.19,2530.77,2547.62,2544.17,2784.83,2645.45,2579.43,2559.51,2680.34,2618.6,2616.24,2436.98,2488.72,2492,2514.85,2453.8,699593.3757,1202176.297,331438.9278,299701.6624,680429.988,715930.4081,1.905633561097528E9,3.033896895562154E9,8.38399986460107E8,7.58742736767623E8,1.774646762471706E9,1.815306987093816E9,4172997,6026303,1988958,1846489,3434185,4017130,343802.7294,570084.1354,155289.4372,153252.4073,348962.3301,359536.2104,9.37069085599158E8,1.438866069089298E9,3.93033307094926E8,3.88090718363716E8,9.1068471914748E8,9.12037726665479E8,-0.046528913,-0.024013774,-0.018777213,0.006658079,-0.001350285,-0.013450359,2642.65,2579.19,2530.76,2547.61,2544.17,2509.95,2525
2025-06-18T00:00:00,2642.66,2579.19,2530.77,2547.62,2544.17,2509.95,2645.45,2579.43,2559.51,2680.34,2618.6,2548.42,2436.98,2488.72,2492,2514.85,2453.8,2465.78,1202176.297,331438.9278,299701.6624,680429.988,715930.4081,504532.1818,3.033896895562154E9,8.38399986460107E8,7.58742736767623E8,1.774646762471706E9,1.815306987093816E9,1.266177014470926E9,6026303,1988958,1846489,3434185,4017130,3243812,570084.1354,155289.4372,153252.4073,348962.3301,359536.2104,250381.7951,1.438866069089298E9,3.93033307094926E8,3.88090718363716E8,9.1068471914748E8,9.12037726665479E8,6.28614334113376E8,-0.024013774,-0.018777213,0.006658079,-0.001350285,-0.013450359,0.005996135,2579.19,2530.76,2547.61,2544.17,2509.95,2525,2642.66,2579.19,2530.77,2547.62,2544.17,2509.95,2645.45,2579.43,2559.51,2680.34,2618.6,2548.42,2436.98,2488.72,2492,2514.85,2453.8,2465.78,1202176.297,331438.9278,299701.6624,680429.988,715930.4081,504532.1818,3.033896895562154E9,8.38399986460107E8,7.58742736767623E8,1.774646762471706E9,1.815306987093816E9,1.266177014470926E9,6026303,1988958,1846489,3434185,4017130,3243812,570084.1354,155289.4372,153252.4073,348962.3301,359536.2104,250381.7951,1.438866069089298E9,3.93033307094926E8,3.88090718363716E8,9.1068471914748E8,9.12037726665479E8,6.28614334113376E8,-0.024013774,-0.018777213,0.006658079,-0.001350285,-0.013450359,0.005996135,2579.19,2530.76,2547.61,2544.17,2509.95,2525,2521.12
2025-06-19T00:00:00,2579.19,2530.77,2547.62,2544.17,2509.95,2525,2579.43,2559.51,2680.34,2618.6,2548.42,2546.91,2488.72,2492,2514.85,2453.8,2465.78,2485.03,331438.9278,299701.6624,680429.988,715930.4081,504532.1818,252646.059,8.38399986460107E8,7.58742736767623E8,1.774646762471706E9,1.815306987093816E9,1.266177014470926E9,6.36251233010393E8,1988958,1846489,3434185,4017130,3243812,1667327,155289.4372,153252.4073,348962.3301,359536.2104,250381.7951,122131.8125,3.93033307094926E8,3.88090718363716E8,9.1068471914748E8,9.12037726665479E8,6.28614334113376E8,3.07645921480362E8,-0.018777213,0.006658079,-0.001350285,-0.013450359,0.005996135,-0.001536634,2530.76,2547.61,2544.17,2509.95,2525,2521.12,2579.19,2530.77,2547.62,2544.17,2509.95,2525,2579.43,2559.51,2680.34,2618.6,2548.42,2546.91,2488.72,2492,2514.85,2453.8,2465.78,2485.03,331438.9278,299701.6624,680429.988,715930.4081,504532.1818,252646.059,8.38399986460107E8,7.58742736767623E8,1.774646762471706E9,1.815306987093816E9,1.266177014470926E9,6.36251233010393E8,1988958,1846489,3434185,4017130,3243812,1667327,155289.4372,153252.4073,348962.3301,359536.2104,250381.7951,122131.8125,3.93033307094926E8,3.88090718363716E8,9.1068471914748E8,9.12037726665479E8,6.28614334113376E8,3.07645921480362E8,-0.018777213,0.006658079,-0.001350285,-0.013450359,0.005996135,-0.001536634,2530.76,2547.61,2544.17,2509.95,2525,2521.12,2406.49
2025-06-20T00:00:00,2530.77,2547.62,2544.17,2509.95,2525,2521.13,2559.51,2680.34,2618.6,2548.42,2546.91,2569,2492,2514.85,2453.8,2465.78,2485.03,2367.36,299701.6624,680429.988,715930.4081,504532.1818,252646.059,632027.8235,7.58742736767623E8,1.774646762471706E9,1.815306987093816E9,1.266177014470926E9,6.36251233010393E8,1.559837109182709E9,1846489,3434185,4017130,3243812,1667327,3175602,153252.4073,348962.3301,359536.2104,250381.7951,122131.8125,283785.5071,3.88090718363716E8,9.1068471914748E8,9.12037726665479E8,6.28614334113376E8,3.07645921480362E8,7.008878860366E8,0.006658079,-0.001350285,-0.013450359,0.005996135,-0.001536634,-0.045467887,2547.61,2544.17,2509.95,2525,2521.12,2406.49,2530.77,2547.62,2544.17,2509.95,2525,2521.13,2559.51,2680.34,2618.6,2548.42,2546.91,2569,2492,2514.85,2453.8,2465.78,2485.03,2367.36,299701.6624,680429.988,715930.4081,504532.1818,252646.059,632027.8235,7.58742736767623E8,1.774646762471706E9,1.815306987093816E9,1.266177014470926E9,6.36251233010393E8,1.559837109182709E9,1846489,3434185,4017130,3243812,1667327,3175602,153252.4073,348962.3301,359536.2104,250381.7951,122131.8125,283785.5071,3.88090718363716E8,9.1068471914748E8,9.12037726665479E8,6.28614334113376E8,3.07645921480362E8,7.008878860366E8,0.006658079,-0.001350285,-0.013450359,0.005996135,-0.001536634,-0.045467887,2547.61,2544.17,2509.95,2525,2521.12,2406.49,2295.73
2025-06-21T00:00:00,2547.62,2544.17,2509.95,2525,2521.13,2406.49,2680.34,2618.6,2548.42,2546.91,2569,2448.8,2514.85,2453.8,2465.78,2485.03,2367.36,2216,680429.988,715930.4081,504532.1818,252646.059,632027.8235,496783.864,1.774646762471706E9,1.815306987093816E9,1.266177014470926E9,6.36251233010393E8,1.559837109182709E9,1.167664698578644E9,3434185,4017130,3243812,1667327,3175602,2825558,348962.3301,359536.2104,250381.7951,122131.8125,283785.5071,223536.0109,9.1068471914748E8,9.12037726665479E8,6.28614334113376E8,3.07645921480362E8,7.008878860366E8,5.25577801093422E8,-0.001350285,-0.013450359,0.005996135,-0.001536634,-0.045467887,-0.046025539,2544.17,2509.95,2525,2521.12,2406.49,2295.73,2547.62,2544.17,2509.95,2525,2521.13,2406.49,2680.34,2618.6,2548.42,2546.91,2569,2448.8,2514.85,2453.8,2465.78,2485.03,2367.36,2216,680429.988,715930.4081,504532.1818,252646.059,632027.8235,496783.864,1.774646762471706E9,1.815306987093816E9,1.266177014470926E9,6.36251233010393E8,1.559837109182709E9,1.167664698578644E9,3434185,4017130,3243812,1667327,3175602,2825558,348962.3301,359536.2104,250381.7951,122131.8125,283785.5071,223536.0109,9.1068471914748E8,9.12037726665479E8,6.28614334113376E8,3.07645921480362E8,7.008878860366E8,5.25577801093422E8,-0.001350285,-0.013450359,0.005996135,-0.001536634,-0.045467887,-0.046025539,2544.17,2509.95,2525,2521.12,2406.49,2295.73,2227.7
2025-06-22T00:00:00,2544.17,2509.95,2525,2521.13,2406.49,2295.72,2618.6,2548.42,2546.91,2569,2448.8,2314.48,2453.8,2465.78,2485.03,2367.36,2216,2111.89,715930.4081,504532.1818,252646.059,632027.8235,496783.864,840155.8295,1.815306987093816E9,1.266177014470926E9,6.36251233010393E8,1.559837109182709E9,1.167664698578644E9,1.865382440303028E9,4017130,3243812,1667327,3175602,2825558,5203723,359536.2104,250381.7951,122131.8125,283785.5071,223536.0109,410219.4606,9.12037726665479E8,6.28614334113376E8,3.07645921480362E8,7.008878860366E8,5.25577801093422E8,9.1071790371948E8,-0.013450359,0.005996135,-0.001536634,-0.045467887,-0.046025539,-0.029633276,2509.95,2525,2521.12,2406.49,2295.73,2227.7,2544.17,2509.95,2525,2521.13,2406.49,2295.72,2618.6,2548.42,2546.91,2569,2448.8,2314.48,2453.8,2465.78,2485.03,2367.36,2216,2111.89,715930.4081,504532.1818,252646.059,632027.8235,496783.864,840155.8295,1.815306987093816E9,1.266177014470926E9,6.36251233010393E8,1.559837109182709E9,1.167664698578644E9,1.865382440303028E9,4017130,3243812,1667327,3175602,2825558,5203723,359536.2104,250381.7951,122131.8125,283785.5071,223536.0109,410219.4606,9.12037726665479E8,6.28614334113376E8,3.07645921480362E8,7.008878860366E8,5.25577801093422E8,9.1071790371948E8,-0.013450359,0.005996135,-0.001536634,-0.045467887,-0.046025539,-0.029633276,2509.95,2525,2521.12,2406.49,2295.73,2227.7,2411.66
2025-06-23T00:00:00,2509.95,2525,2521.13,2406.49,2295.72,2227.7,2548.42,2546.91,2569,2448.8,2314.48,2438.68,2465.78,2485.03,2367.36,2216,2111.89,2188,504532.1818,252646.059,632027.8235,496783.864,840155.8295,744583.8003,1.266177014470926E9,6.36251233010393E8,1.559837109182709E9,1.167664698578644E9,1.865382440303028E9,1.707539521027113E9,3243812,1667327,3175602,2825558,5203723,4477307,250381.7951,122131.8125,283785.5071,223536.0109,410219.4606,367124.3462,6.28614334113376E8,3.07645921480362E8,7.008878860366E8,5.25577801093422E8,9.1071790371948E8,8.42382247363266E8,0.005996135,-0.001536634,-0.045467887,-0.046025539,-0.029633276,0.082578444,2525,2521.12,2406.49,2295.73,2227.7,2411.66,2509.95,2525,2521.13,2406.49,2295.72,2227.7,2548.42,2546.91,2569,2448.8,2314.48,2438.68,2465.78,2485.03,2367.36,2216,2111.89,2188,504532.1818,252646.059,632027.8235,496783.864,840155.8295,744583.8003,1.266177014470926E9,6.36251233010393E8,1.559837109182709E9,1.167664698578644E9,1.865382440303028E9,1.707539521027113E9,3243812,1667327,3175602,2825558,5203723,4477307,250381.7951,122131.8125,283785.5071,223536.0109,410219.4606,367124.3462,6.28614334113376E8,3.07645921480362E8,7.008878860366E8,5.25577801093422E8,9.1071790371948E8,8.42382247363266E8,0.005996135,-0.001536634,-0.045467887,-0.046025539,-0.029633276,0.082578444,2525,2521.12,2406.49,2295.73,2227.7,2411.66,2448.45
2025-06-24T00:00:00,2525,2521.13,2406.49,2295.72,2227.7,2411.66,2546.91,2569,2448.8,2314.48,2438.68,2482.04,2485.03,2367.36,2216,2111.89,2188,2376.11,252646.059,632027.8235,496783.864,840155.8295,744583.8003,516760.6621,6.36251233010393E8,1.559837109182709E9,1.167664698578644E9,1.865382440303028E9,1.707539521027113E9,1.252322606094842E9,1667327,3175602,2825558,5203723,4477307,3133356,122131.8125,283785.5071,223536.0109,410219.4606,367124.3462,255502.6802,3.07645921480362E8,7.008878860366E8,5.25577801093422E8,9.1071790371948E8,8.42382247363266E8,6.19378004307767E8,-0.001536634,-0.045467887,-0.046025539,-0.029633276,0.082578444,0.015255052536427177,2521.12,2406.49,2295.73,2227.7,2411.66,2448.45,2525,2521.13,2406.49,2295.72,2227.7,2411.66,2546.91,2569,2448.8,2314.48,2438.68,2482.04,2485.03,2367.36,2216,2111.89,2188,2376.11,252646.059,632027.8235,496783.864,840155.8295,744583.8003,516760.6621,6.36251233010393E8,1.559837109182709E9,1.167664698578644E9,1.865382440303028E9,1.707539521027113E9,1.252322606094842E9,1667327,3175602,2825558,5203723,4477307,3133356,122131.8125,283785.5071,223536.0109,410219.4606,367124.3462,255502.6802,3.07645921480362E8,7.008878860366E8,5.25577801093422E8,9.1071790371948E8,8.42382247363266E8,6.19378004307767E8,-0.001536634,-0.045467887,-0.046025539,-0.029633276,0.082578444,0.015255052536427177,2521.12,2406.49,2295.73,2227.7,2411.66,2448.45,2418.49
2025-06-25T00:00:00,2521.13,2406.49,2295.72,2227.7,2411.66,2448.46,2569,2448.8,2314.48,2438.68,2482.04,2468.69,2367.36,2216,2111.89,2188,2376.11,2389.69,632027.8235,496783.864,840155.8295,744583.8003,516760.6621,414894.7387,1.559837109182709E9,1.167664698578644E9,1.865382440303028E9,1.707539521027113E9,1.252322606094842E9,1.007574107706431E9,3175602,2825558,5203723,4477307,3133356,2776920,283785.5071,223536.0109,410219.4606,367124.3462,255502.6802,206517.9982,7.008878860366E8,5.25577801093422E8,9.1071790371948E8,8.42382247363266E8,6.19378004307767E8,5.01745009719739E8,-0.045467887,-0.046025539,-0.029633276,0.082578444,0.015255052536427177,-0.012236313,2406.49,2295.73,2227.7,2411.66,2448.45,2418.49,2521.13,2406.49,2295.72,2227.7,2411.66,2448.46,2569,2448.8,2314.48,2438.68,2482.04,2468.69,2367.36,2216,2111.89,2188,2376.11,2389.69,632027.8235,496783.864,840155.8295,744583.8003,516760.6621,414894.7387,1.559837109182709E9,1.167664698578644E9,1.865382440303028E9,1.707539521027113E9,1.252322606094842E9,1.007574107706431E9,3175602,2825558,5203723,4477307,3133356,2776920,283785.5071,223536.0109,410219.4606,367124.3462,255502.6802,206517.9982,7.008878860366E8,5.25577801093422E8,9.1071790371948E8,8.42382247363266E8,6.19378004307767E8,5.01745009719739E8,-0.045467887,-0.046025539,-0.029633276,0.082578444,0.015255052536427177,-0.012236313,2406.49,2295.73,2227.7,2411.66,2448.45,2418.49,2415.96
2025-06-26T00:00:00,2406.49,2295.72,2227.7,2411.66,2448.46,2418.5,2448.8,2314.48,2438.68,2482.04,2468.69,2520.92,2216,2111.89,2188,2376.11,2389.69,2394.32,496783.864,840155.8295,744583.8003,516760.6621,414894.7387,463704.0261,1.167664698578644E9,1.865382440303028E9,1.707539521027113E9,1.252322606094842E9,1.007574107706431E9,1.138310757584065E9,2825558,5203723,4477307,3133356,2776920,2978926,223536.0109,410219.4606,367124.3462,255502.6802,206517.9982,234924.0215,5.25577801093422E8,9.1071790371948E8,8.42382247363266E8,6.19378004307767E8,5.01745009719739E8,5.77384294658558E8,-0.046025539,-0.029633276,0.082578444,0.015255052536427177,-0.012236313,-0.001046107,2295.73,2227.7,2411.66,2448.45,2418.49,2415.96,2406.49,2295.72,2227.7,2411.66,2448.46,2418.5,2448.8,2314.48,2438.68,2482.04,2468.69,2520.92,2216,2111.89,2188,2376.11,2389.69,2394.32,496783.864,840155.8295,744583.8003,516760.6621,414894.7387,463704.0261,1.167664698578644E9,1.865382440303028E9,1.707539521027113E9,1.252322606094842E9,1.007574107706431E9,1.138310757584065E9,2825558,5203723,4477307,3133356,2776920,2978926,223536.0109,410219.4606,367124.3462,255502.6802,206517.9982,234924.0215,5.25577801093422E8,9.1071790371948E8,8.42382247363266E8,6.19378004307767E8,5.01745009719739E8,5.77384294658558E8,-0.046025539,-0.029633276,0.082578444,0.015255052536427177,-0.012236313,-0.001046107,2295.73,2227.7,2411.66,2448.45,2418.49,2415.96,2423.17
2025-06-27T00:00:00,2295.72,2227.7,2411.66,2448.46,2418.5,2415.96,2314.48,2438.68,2482.04,2468.69,2520.92,2463.54,2111.89,2188,2376.11,2389.69,2394.32,2382.53,840155.8295,744583.8003,516760.6621,414894.7387,463704.0261,381474.766,1.865382440303028E9,1.707539521027113E9,1.252322606094842E9,1.007574107706431E9,1.138310757584065E9,9.2702481154842E8,5203723,4477307,3133356,2776920,2978926,2112477,410219.4606,367124.3462,255502.6802,206517.9982,234924.0215,163666.228,9.1071790371948E8,8.42382247363266E8,6.19378004307767E8,5.01745009719739E8,5.77384294658558E8,3.97737067688627E8,-0.029633276,0.082578444,0.015255052536427177,-0.012236313,-0.001046107,0.002984321,2227.7,2411.66,2448.45,2418.49,2415.96,2423.17,2295.72,2227.7,2411.66,2448.46,2418.5,2415.96,2314.48,2438.68,2482.04,2468.69,2520.92,2463.54,2111.89,2188,2376.11,2389.69,2394.32,2382.53,840155.8295,744583.8003,516760.6621,414894.7387,463704.0261,381474.766,1.865382440303028E9,1.707539521027113E9,1.252322606094842E9,1.007574107706431E9,1.138310757584065E9,9.2702481154842E8,5203723,4477307,3133356,2776920,2978926,2112477,410219.4606,367124.3462,255502.6802,206517.9982,234924.0215,163666.228,9.1071790371948E8,8.42382247363266E8,6.19378004307767E8,5.01745009719739E8,5.77384294658558E8,3.97737067688627E8,-0.029633276,0.082578444,0.015255052536427177,-0.012236313,-0.001046107,0.002984321,2227.7,2411.66,2448.45,2418.49,2415.96,2423.17,2435.62
2025-06-28T00:00:00,2227.7,2411.66,2448.46,2418.5,2415.96,2423.17,2438.68,2482.04,2468.69,2520.92,2463.54,2447.8,2188,2376.11,2389.69,2394.32,2382.53,2405.81,744583.8003,516760.6621,414894.7387,463704.0261,381474.766,155814.9859,1.707539521027113E9,1.252322606094842E9,1.007574107706431E9,1.138310757584065E9,9.2702481154842E8,3.78310903948948E8,4477307,3133356,2776920,2978926,2112477,855656,367124.3462,255502.6802,206517.9982,234924.0215,163666.228,75110.0135,8.42382247363266E8,6.19378004307767E8,5.01745009719739E8,5.77384294658558E8,3.97737067688627E8,1.82401886244142E8,0.082578444,0.015255052536427177,-0.012236313,-0.001046107,0.002984321,0.005137898,2411.66,2448.45,2418.49,2415.96,2423.17,2435.62,2227.7,2411.66,2448.46,2418.5,2415.96,2423.17,2438.68,2482.04,2468.69,2520.92,2463.54,2447.8,2188,2376.11,2389.69,2394.32,2382.53,2405.81,744583.8003,516760.6621,414894.7387,463704.0261,381474.766,155814.9859,1.707539521027113E9,1.252322606094842E9,1.007574107706431E9,1.138310757584065E9,9.2702481154842E8,3.78310903948948E8,4477307,3133356,2776920,2978926,2112477,855656,367124.3462,255502.6802,206517.9982,234924.0215,163666.228,75110.0135,8.42382247363266E8,6.19378004307767E8,5.01745009719739E8,5.77384294658558E8,3.97737067688627E8,1.82401886244142E8,0.082578444,0.015255052536427177,-0.012236313,-0.001046107,0.002984321,0.005137898,2411.66,2448.45,2418.49,2415.96,2423.17,2435.62,2500.09
2025-06-29T00:00:00,2411.66,2448.46,2418.5,2415.96,2423.17,2435.62,2482.04,2468.69,2520.92,2463.54,2447.8,2525,2376.11,2389.69,2394.32,2382.53,2405.81,2412,516760.6621,414894.7387,463704.0261,381474.766,155814.9859,284291.8057,1.252322606094842E9,1.007574107706431E9,1.138310757584065E9,9.2702481154842E8,3.78310903948948E8,7.00329421976834E8,3133356,2776920,2978926,2112477,855656,1370707,255502.6802,206517.9982,234924.0215,163666.228,75110.0135,147274.8033,6.19378004307767E8,5.01745009719739E8,5.77384294658558E8,3.97737067688627E8,1.82401886244142E8,3.63091989661933E8,0.015255052536427177,-0.012236313,-0.001046107,0.002984321,0.005137898,0.026469646,2448.45,2418.49,2415.96,2423.17,2435.62,2500.09,2411.66,2448.46,2418.5,2415.96,2423.17,2435.62,2482.04,2468.69,2520.92,2463.54,2447.8,2525,2376.11,2389.69,2394.32,2382.53,2405.81,2412,516760.6621,414894.7387,463704.0261,381474.766,155814.9859,284291.8057,1.252322606094842E9,1.007574107706431E9,1.138310757584065E9,9.2702481154842E8,3.78310903948948E8,7.00329421976834E8,3133356,2776920,2978926,2112477,855656,1370707,255502.6802,206517.9982,234924.0215,163666.228,75110.0135,147274.8033,6.19378004307767E8,5.01745009719739E8,5.77384294658558E8,3.97737067688627E8,1.82401886244142E8,3.63091989661933E8,0.015255052536427177,-0.012236313,-0.001046107,0.002984321,0.005137898,0.026469646,2448.45,2418.49,2415.96,2423.17,2435.62,2500.09,2485.47
2025-06-30T00:00:00,2448.46,2418.5,2415.96,2423.17,2435.62,2500.09,2468.69,2520.92,2463.54,2447.8,2525,2524.3,2389.69,2394.32,2382.53,2405.81,2412,2431,414894.7387,463704.0261,381474.766,155814.9859,284291.8057,440455.714,1.007574107706431E9,1.138310757584065E9,9.2702481154842E8,3.78310903948948E8,7.00329421976834E8,1.093515997924797E9,2776920,2978926,2112477,855656,1370707,2333352,206517.9982,234924.0215,163666.228,75110.0135,147274.8033,224857.1016,5.01745009719739E8,5.77384294658558E8,3.97737067688627E8,1.82401886244142E8,3.63091989661933E8,5.58417620217763E8,-0.012236313,-0.001046107,0.002984321,0.005137898,0.026469646,-0.005847789,2418.49,2415.96,2423.17,2435.62,2500.09,2485.47,2448.46,2418.5,2415.96,2423.17,2435.62,2500.09,2468.69,2520.92,2463.54,2447.8,2525,2524.3,2389.69,2394.32,2382.53,2405.81,2412,2431,414894.7387,463704.0261,381474.766,155814.9859,284291.8057,440455.714,1.007574107706431E9,1.138310757584065E9,9.2702481154842E8,3.78310903948948E8,7.00329421976834E8,1.093515997924797E9,2776920,2978926,2112477,855656,1370707,2333352,206517.9982,234924.0215,163666.228,75110.0135,147274.8033,224857.1016,5.01745009719739E8,5.77384294658558E8,3.97737067688627E8,1.82401886244142E8,3.63091989661933E8,5.58417620217763E8,-0.012236313,-0.001046107,0.002984321,0.005137898,0.026469646,-0.005847789,2418.49,2415.96,2423.17,2435.62,2500.09,2485.47,2405.01
2025-07-01T00:00:00,2418.5,2415.96,2423.17,2435.62,2500.09,2485.47,2520.92,2463.54,2447.8,2525,2524.3,2500.8,2394.32,2382.53,2405.81,2412,2431,2386.52,463704.0261,381474.766,155814.9859,284291.8057,440455.714,351951.0868,1.138310757584065E9,9.2702481154842E8,3.78310903948948E8,7.00329421976834E8,1.093515997924797E9,8.58543228334264E8,2978926,2112477,855656,1370707,2333352,1978858,234924.0215,163666.228,75110.0135,147274.8033,224857.1016,158891.8622,5.77384294658558E8,3.97737067688627E8,1.82401886244142E8,3.63091989661933E8,5.58417620217763E8,3.876999921451E8,-0.001046107,0.002984321,0.005137898,0.026469646,-0.005847789,-0.032372147,2415.96,2423.17,2435.62,2500.09,2485.47,2405.01,2418.5,2415.96,2423.17,2435.62,2500.09,2485.47,2520.92,2463.54,2447.8,2525,2524.3,2500.8,2394.32,2382.53,2405.81,2412,2431,2386.52,463704.0261,381474.766,155814.9859,284291.8057,440455.714,351951.0868,1.138310757584065E9,9.2702481154842E8,3.78310903948948E8,7.00329421976834E8,1.093515997924797E9,8.58543228334264E8,2978926,2112477,855656,1370707,2333352,1978858,234924.0215,163666.228,75110.0135,147274.8033,224857.1016,158891.8622,5.77384294658558E8,3.97737067688627E8,1.82401886244142E8,3.63091989661933E8,5.58417620217763E8,3.876999921451E8,-0.001046107,0.002984321,0.005137898,0.026469646,-0.005847789,-0.032372147,2415.96,2423.17,2435.62,2500.09,2485.47,2405.01,2570.41
2025-07-02T00:00:00,2415.96,2423.17,2435.62,2500.09,2485.47,2405.01,2463.54,2447.8,2525,2524.3,2500.8,2619.28,2382.53,2405.81,2412,2431,2386.52,2373,381474.766,155814.9859,284291.8057,440455.714,351951.0868,634967.0337,9.2702481154842E8,3.78310903948948E8,7.00329421976834E8,1.093515997924797E9,8.58543228334264E8,1.599878809253887E9,2112477,855656,1370707,2333352,1978858,2717139,163666.228,75110.0135,147274.8033,224857.1016,158891.8622,323198.0206,3.97737067688627E8,1.82401886244142E8,3.63091989661933E8,5.58417620217763E8,3.876999921451E8,8.14743086674377E8,0.002984321,0.005137898,0.026469646,-0.005847789,-0.032372147,0.068773103,2423.17,2435.62,2500.09,2485.47,2405.01,2570.41,2415.96,2423.17,2435.62,2500.09,2485.47,2405.01,2463.54,2447.8,2525,2524.3,2500.8,2619.28,2382.53,2405.81,2412,2431,2386.52,2373,381474.766,155814.9859,284291.8057,440455.714,351951.0868,634967.0337,9.2702481154842E8,3.78310903948948E8,7.00329421976834E8,1.093515997924797E9,8.58543228334264E8,1.599878809253887E9,2112477,855656,1370707,2333352,1978858,2717139,163666.228,75110.0135,147274.8033,224857.1016,158891.8622,323198.0206,3.97737067688627E8,1.82401886244142E8,3.63091989661933E8,5.58417620217763E8,3.876999921451E8,8.14743086674377E8,0.002984321,0.005137898,0.026469646,-0.005847789,-0.032372147,0.068773103,2423.17,2435.62,2500.09,2485.47,2405.01,2570.41,2591.25
2025-07-03T00:00:00,2423.17,2435.62,2500.09,2485.47,2405.01,2570.41,2447.8,2525,2524.3,2500.8,2619.28,2635.5,2405.81,2412,2431,2386.52,2373,2556.12,155814.9859,284291.8057,440455.714,351951.0868,634967.0337,504943.6592,3.78310903948948E8,7.00329421976834E8,1.093515997924797E9,8.58543228334264E8,1.599878809253887E9,1.308429372972785E9,855656,1370707,2333352,1978858,2717139,2506227,75110.0135,147274.8033,224857.1016,158891.8622,323198.0206,261017.406,1.82401886244142E8,3.63091989661933E8,5.58417620217763E8,3.876999921451E8,8.14743086674377E8,6.76592013259716E8,0.005137898,0.026469646,-0.005847789,-0.032372147,0.068773103,0.008107656,2435.62,2500.09,2485.47,2405.01,2570.41,2591.25,2423.17,2435.62,2500.09,2485.47,2405.01,2570.41,2447.8,2525,2524.3,2500.8,2619.28,2635.5,2405.81,2412,2431,2386.52,2373,2556.12,155814.9859,284291.8057,440455.714,351951.0868,634967.0337,504943.6592,3.78310903948948E8,7.00329421976834E8,1.093515997924797E9,8.58543228334264E8,1.599878809253887E9,1.308429372972785E9,855656,1370707,2333352,1978858,2717139,2506227,75110.0135,147274.8033,224857.1016,158891.8622,323198.0206,261017.406,1.82401886244142E8,3.63091989661933E8,5.58417620217763E8,3.876999921451E8,8.14743086674377E8,6.76592013259716E8,0.005137898,0.026469646,-0.005847789,-0.032372147,0.068773103,0.008107656,2435.62,2500.09,2485.47,2405.01,2570.41,2591.25,2508.04
2025-07-04T00:00:00,2435.62,2500.09,2485.47,2405.01,2570.41,2591.26,2525,2524.3,2500.8,2619.28,2635.5,2603.17,2412,2431,2386.52,2373,2556.12,2474.24,284291.8057,440455.714,351951.0868,634967.0337,504943.6592,452593.02,7.00329421976834E8,1.093515997924797E9,8.58543228334264E8,1.599878809253887E9,1.308429372972785E9,1.142275937968202E9,1370707,2333352,1978858,2717139,2506227,1980591,147274.8033,224857.1016,158891.8622,323198.0206,261017.406,198158.5551,3.63091989661933E8,5.58417620217763E8,3.876999921451E8,8.14743086674377E8,6.76592013259716E8,5.00628761729327E8,0.026469646,-0.005847789,-0.032372147,0.068773103,0.008107656,-0.032111915,2500.09,2485.47,2405.01,2570.41,2591.25,2508.04,2435.62,2500.09,2485.47,2405.01,2570.41,2591.26,2525,2524.3,2500.8,2619.28,2635.5,2603.17,2412,2431,2386.52,2373,2556.12,2474.24,284291.8057,440455.714,351951.0868,634967.0337,504943.6592,452593.02,7.00329421976834E8,1.093515997924797E9,8.58543228334264E8,1.599878809253887E9,1.308429372972785E9,1.142275937968202E9,1370707,2333352,1978858,2717139,2506227,1980591,147274.8033,224857.1016,158891.8622,323198.0206,261017.406,198158.5551,3.63091989661933E8,5.58417620217763E8,3.876999921451E8,8.14743086674377E8,6.76592013259716E8,5.00628761729327E8,0.026469646,-0.005847789,-0.032372147,0.068773103,0.008107656,-0.032111915,2500.09,2485.47,2405.01,2570.41,2591.25,2508.04,2516.41
2025-07-05T00:00:00,2500.09,2485.47,2405.01,2570.41,2591.26,2508.04,2524.3,2500.8,2619.28,2635.5,2603.17,2529.81,2431,2386.52,2373,2556.12,2474.24,2487.95,440455.714,351951.0868,634967.0337,504943.6592,452593.02,157198.0958,1.093515997924797E9,8.58543228334264E8,1.599878809253887E9,1.308429372972785E9,1.142275937968202E9,3.94906375017766E8,2333352,1978858,2717139,2506227,1980591,911950,224857.1016,158891.8622,323198.0206,261017.406,198158.5551,79575.3002,5.58417620217763E8,3.876999921451E8,8.14743086674377E8,6.76592013259716E8,5.00628761729327E8,1.99902327125929E8,-0.005847789,-0.032372147,0.068773103,0.008107656,-0.032111915,0.003337267,2485.47,2405.01,2570.41,2591.25,2508.04,2516.41,2500.09,2485.47,2405.01,2570.41,2591.26,2508.04,2524.3,2500.8,2619.28,2635.5,2603.17,2529.81,2431,2386.52,2373,2556.12,2474.24,2487.95,440455.714,351951.0868,634967.0337,504943.6592,452593.02,157198.0958,1.093515997924797E9,8.58543228334264E8,1.599878809253887E9,1.308429372972785E9,1.142275937968202E9,3.94906375017766E8,2333352,1978858,2717139,2506227,1980591,911950,224857.1016,158891.8622,323198.0206,261017.406,198158.5551,79575.3002,5.58417620217763E8,3.876999921451E8,8.14743086674377E8,6.76592013259716E8,5.00628761729327E8,1.99902327125929E8,-0.005847789,-0.032372147,0.068773103,0.008107656,-0.032111915,0.003337267,2485.47,2405.01,2570.41,2591.25,2508.04,2516.41,2570.35
2025-07-06T00:00:00,2485.47,2405.01,2570.41,2591.26,2508.04,2516.42,2500.8,2619.28,2635.5,2603.17,2529.81,2605,2386.52,2373,2556.12,2474.24,2487.95,2503.5,351951.0868,634967.0337,504943.6592,452593.02,157198.0958,277593.6319,8.58543228334264E8,1.599878809253887E9,1.308429372972785E9,1.142275937968202E9,3.94906375017766E8,7.07971625070802E8,1978858,2717139,2506227,1980591,911950,1375995,158891.8622,323198.0206,261017.406,198158.5551,79575.3002,138516.8522,3.876999921451E8,8.14743086674377E8,6.76592013259716E8,5.00628761729327E8,1.99902327125929E8,3.53423928298894E8,-0.032372147,0.068773103,0.008107656,-0.032111915,0.003337267,0.021435298699337572,2405.01,2570.41,2591.25,2508.04,2516.41,2570.35,2485.47,2405.01,2570.41,2591.26,2508.04,2516.42,2500.8,2619.28,2635.5,2603.17,2529.81,2605,2386.52,2373,2556.12,2474.24,2487.95,2503.5,351951.0868,634967.0337,504943.6592,452593.02,157198.0958,277593.6319,8.58543228334264E8,1.599878809253887E9,1.308429372972785E9,1.142275937968202E9,3.94906375017766E8,7.07971625070802E8,1978858,2717139,2506227,1980591,911950,1375995,158891.8622,323198.0206,261017.406,198158.5551,79575.3002,138516.8522,3.876999921451E8,8.14743086674377E8,6.76592013259716E8,5.00628761729327E8,1.99902327125929E8,3.53423928298894E8,-0.032372147,0.068773103,0.008107656,-0.032111915,0.003337267,0.021435298699337572,2405.01,2570.41,2591.25,2508.04,2516.41,2570.35,2542.29
2025-07-07T00:00:00,2405.01,2570.41,2591.26,2508.04,2516.42,2570.35,2619.28,2635.5,2603.17,2529.81,2605,2590.57,2373,2556.12,2474.24,2487.95,2503.5,2512,634967.0337,504943.6592,452593.02,157198.0958,277593.6319,315707.5272,1.599878809253887E9,1.308429372972785E9,1.142275937968202E9,3.94906375017766E8,7.07971625070802E8,8.05370144473485E8,2717139,2506227,1980591,911950,1375995,1985043,323198.0206,261017.406,198158.5551,79575.3002,138516.8522,155551.5678,8.14743086674377E8,6.76592013259716E8,5.00628761729327E8,1.99902327125929E8,3.53423928298894E8,3.96828929460145E8,0.068773103,0.008107656,-0.032111915,0.003337267,0.021435298699337572,-0.010916801,2570.41,2591.25,2508.04,2516.41,2570.35,2542.29,2405.01,2570.41,2591.26,2508.04,2516.42,2570.35,2619.28,2635.5,2603.17,2529.81,2605,2590.57,2373,2556.12,2474.24,2487.95,2503.5,2512,634967.0337,504943.6592,452593.02,157198.0958,277593.6319,315707.5272,1.599878809253887E9,1.308429372972785E9,1.142275937968202E9,3.94906375017766E8,7.07971625070802E8,8.05370144473485E8,2717139,2506227,1980591,911950,1375995,1985043,323198.0206,261017.406,198158.5551,79575.3002,138516.8522,155551.5678,8.14743086674377E8,6.76592013259716E8,5.00628761729327E8,1.99902327125929E8,3.53423928298894E8,3.96828929460145E8,0.068773103,0.008107656,-0.032111915,0.003337267,0.021435298699337572,-0.010916801,2570.41,2591.25,2508.04,2516.41,2570.35,2542.29,2615.25
2025-07-08T00:00:00,2570.41,2591.26,2508.04,2516.42,2570.35,2542.3,2635.5,2603.17,2529.81,2605,2590.57,2628.21,2556.12,2474.24,2487.95,2503.5,2512,2523.59,504943.6592,452593.02,157198.0958,277593.6319,315707.5272,370915.7321,1.308429372972785E9,1.142275937968202E9,3.94906375017766E8,7.07971625070802E8,8.05370144473485E8,9.57180096783727E8,2506227,1980591,911950,1375995,1985043,1899797,261017.406,198158.5551,79575.3002,138516.8522,155551.5678,193484.7421,6.76592013259716E8,5.00628761729327E8,1.99902327125929E8,3.53423928298894E8,3.96828929460145E8,4.99495444930149E8,0.008107656,-0.032111915,0.003337267,0.021435298699337572,-0.010916801,0.028698536,2591.25,2508.04,2516.41,2570.35,2542.29,2615.25,2570.41,2591.26,2508.04,2516.42,2570.35,2542.3,2635.5,2603.17,2529.81,2605,2590.57,2628.21,2556.12,2474.24,2487.95,2503.5,2512,2523.59,504943.6592,452593.02,157198.0958,277593.6319,315707.5272,370915.7321,1.308429372972785E9,1.142275937968202E9,3.94906375017766E8,7.07971625070802E8,8.05370144473485E8,9.57180096783727E8,2506227,1980591,911950,1375995,1985043,1899797,261017.406,198158.5551,79575.3002,138516.8522,155551.5678,193484.7421,6.76592013259716E8,5.00628761729327E8,1.99902327125929E8,3.53423928298894E8,3.96828929460145E8,4.99495444930149E8,0.008107656,-0.032111915,0.003337267,0.021435298699337572,-0.010916801,0.028698536,2591.25,2508.04,2516.41,2570.35,2542.29,2615.25,2768.74
2025-07-09T00:00:00,2591.26,2508.04,2516.42,2570.35,2542.3,2615.25,2603.17,2529.81,2605,2590.57,2628.21,2795.74,2474.24,2487.95,2503.5,2512,2523.59,2589.78,452593.02,157198.0958,277593.6319,315707.5272,370915.7321,686119.3772,1.142275937968202E9,3.94906375017766E8,7.07971625070802E8,8.05370144473485E8,9.57180096783727E8,1.844561572906599E9,1980591,911950,1375995,1985043,1899797,2997546,198158.5551,79575.3002,138516.8522,155551.5678,193484.7421,357355.9972,5.00628761729327E8,1.99902327125929E8,3.53423928298894E8,3.96828929460145E8,4.99495444930149E8,9.61263657537834E8,-0.032111915,0.003337267,0.021435298699337572,-0.010916801,0.028698536,0.058690374,2508.04,2516.41,2570.35,2542.29,2615.25,2768.74,2591.26,2508.04,2516.42,2570.35,2542.3,2615.25,2603.17,2529.81,2605,2590.57,2628.21,2795.74,2474.24,2487.95,2503.5,2512,2523.59,2589.78,452593.02,157198.0958,277593.6319,315707.5272,370915.7321,686119.3772,1.142275937968202E9,3.94906375017766E8,7.07971625070802E8,8.05370144473485E8,9.57180096783727E8,1.844561572906599E9,1980591,911950,1375995,1985043,1899797,2997546,198158.5551,79575.3002,138516.8522,155551.5678,193484.7421,357355.9972,5.00628761729327E8,1.99902327125929E8,3.53423928298894E8,3.96828929460145E8,4.99495444930149E8,9.61263657537834E8,-0.032111915,0.003337267,0.021435298699337572,-0.010916801,0.028698536,0.058690374,2508.04,2516.41,2570.35,2542.29,2615.25,2768.74,2951.29
2025-07-10T00:00:00,2508.04,2516.42,2570.35,2542.3,2615.25,2768.74,2529.81,2605,2590.57,2628.21,2795.74,3000,2487.95,2503.5,2512,2523.59,2589.78,2755.5,157198.0958,277593.6319,315707.5272,370915.7321,686119.3772,951896.07,3.94906375017766E8,7.07971625070802E8,8.05370144473485E8,9.57180096783727E8,1.844561572906599E9,2.707997922265638E9,911950,1375995,1985043,1899797,2997546,4235042,79575.3002,138516.8522,155551.5678,193484.7421,357355.9972,489489.5943,1.99902327125929E8,3.53423928298894E8,3.96828929460145E8,4.99495444930149E8,9.61263657537834E8,1.391543272394588E9,0.003337267,0.021435298699337572,-0.010916801,0.028698536,0.058690374,0.065932518,2516.41,2570.35,2542.29,2615.25,2768.74,2951.29,2508.04,2516.42,2570.35,2542.3,2615.25,2768.74,2529.81,2605,2590.57,2628.21,2795.74,3000,2487.95,2503.5,2512,2523.59,2589.78,2755.5,157198.0958,277593.6319,315707.5272,370915.7321,686119.3772,951896.07,3.94906375017766E8,7.07971625070802E8,8.05370144473485E8,9.57180096783727E8,1.844561572906599E9,2.707997922265638E9,911950,1375995,1985043,1899797,2997546,4235042,79575.3002,138516.8522,155551.5678,193484.7421,357355.9972,489489.5943,1.99902327125929E8,3.53423928298894E8,3.96828929460145E8,4.99495444930149E8,9.61263657537834E8,1.391543272394588E9,0.003337267,0.021435298699337572,-0.010916801,0.028698536,0.058690374,0.065932518,2516.41,2570.35,2542.29,2615.25,2768.74,2951.29,2958.22
2025-07-11T00:00:00,2516.42,2570.35,2542.3,2615.25,2768.74,2951.29,2605,2590.57,2628.21,2795.74,3000,3040.15,2503.5,2512,2523.59,2589.78,2755.5,2913.75,277593.6319,315707.5272,370915.7321,686119.3772,951896.07,906839.1689,7.07971625070802E8,8.05370144473485E8,9.57180096783727E8,1.844561572906599E9,2.707997922265638E9,2.704484897471723E9,1375995,1985043,1899797,2997546,4235042,4434934,138516.8522,155551.5678,193484.7421,357355.9972,489489.5943,446642.8472,3.53423928298894E8,3.96828929460145E8,4.99495444930149E8,9.61263657537834E8,1.391543272394588E9,1.332154807314855E9,0.021435298699337572,-0.010916801,0.028698536,0.058690374,0.065932518,0.002348126,2570.35,2542.29,2615.25,2768.74,2951.29,2958.22,2516.42,2570.35,2542.3,2615.25,2768.74,2951.29,2605,2590.57,2628.21,2795.74,3000,3040.15,2503.5,2512,2523.59,2589.78,2755.5,2913.75,277593.6319,315707.5272,370915.7321,686119.3772,951896.07,906839.1689,7.07971625070802E8,8.05370144473485E8,9.57180096783727E8,1.844561572906599E9,2.707997922265638E9,2.704484897471723E9,1375995,1985043,1899797,2997546,4235042,4434934,138516.8522,155551.5678,193484.7421,357355.9972,489489.5943,446642.8472,3.53423928298894E8,3.96828929460145E8,4.99495444930149E8,9.61263657537834E8,1.391543272394588E9,1.332154807314855E9,0.021435298699337572,-0.010916801,0.028698536,0.058690374,0.065932518,0.002348126,2570.35,2542.29,2615.25,2768.74,2951.29,2958.22,2943.28
2025-07-12T00:00:00,2570.35,2542.3,2615.25,2768.74,2951.29,2958.21,2590.57,2628.21,2795.74,3000,3040.15,2979.78,2512,2523.59,2589.78,2755.5,2913.75,2903.85,315707.5272,370915.7321,686119.3772,951896.07,906839.1689,348884.8877,8.05370144473485E8,9.57180096783727E8,1.844561572906599E9,2.707997922265638E9,2.704484897471723E9,1.027324169831482E9,1985043,1899797,2997546,4235042,4434934,1690700,155551.5678,193484.7421,357355.9972,489489.5943,446642.8472,169290.3063,3.96828929460145E8,4.99495444930149E8,9.61263657537834E8,1.391543272394588E9,1.332154807314855E9,4.98560502191284E8,-0.010916801,0.028698536,0.058690374,0.065932518,0.002348126,-0.005050334,2542.29,2615.25,2768.74,2951.29,2958.22,2943.28,2570.35,2542.3,2615.25,2768.74,2951.29,2958.21,2590.57,2628.21,2795.74,3000,3040.15,2979.78,2512,2523.59,2589.78,2755.5,2913.75,2903.85,315707.5272,370915.7321,686119.3772,951896.07,906839.1689,348884.8877,8.05370144473485E8,9.57180096783727E8,1.844561572906599E9,2.707997922265638E9,2.704484897471723E9,1.027324169831482E9,1985043,1899797,2997546,4235042,4434934,1690700,155551.5678,193484.7421,357355.9972,489489.5943,446642.8472,169290.3063,3.96828929460145E8,4.99495444930149E8,9.61263657537834E8,1.391543272394588E9,1.332154807314855E9,4.98560502191284E8,-0.010916801,0.028698536,0.058690374,0.065932518,0.002348126,-0.005050334,2542.29,2615.25,2768.74,2951.29,2958.22,2943.28,2972.03
2025-07-13T00:00:00,2542.3,2615.25,2768.74,2951.29,2958.21,2943.29,2628.21,2795.74,3000,3040.15,2979.78,3020.31,2523.59,2589.78,2755.5,2913.75,2903.85,2936.49,370915.7321,686119.3772,951896.07,906839.1689,348884.8877,357333.5016,9.57180096783727E8,1.844561572906599E9,2.707997922265638E9,2.704484897471723E9,1.027324169831482E9,1.063507989977405E9,1899797,2997546,4235042,4434934,1690700,1778200,193484.7421,357355.9972,489489.5943,446642.8472,169290.3063,181359.7935,4.99495444930149E8,9.61263657537834E8,1.391543272394588E9,1.332154807314855E9,4.98560502191284E8,5.3973737512212E8,0.028698536,0.058690374,0.065932518,0.002348126,-0.005050334,0.009768014,2615.25,2768.74,2951.29,2958.22,2943.28,2972.03,2542.3,2615.25,2768.74,2951.29,2958.21,2943.29,2628.21,2795.74,3000,3040.15,2979.78,3020.31,2523.59,2589.78,2755.5,2913.75,2903.85,2936.49,370915.7321,686119.3772,951896.07,906839.1689,348884.8877,357333.5016,9.57180096783727E8,1.844561572906599E9,2.707997922265638E9,2.704484897471723E9,1.027324169831482E9,1.063507989977405E9,1899797,2997546,4235042,4434934,1690700,1778200,193484.7421,357355.9972,489489.5943,446642.8472,169290.3063,181359.7935,4.99495444930149E8,9.61263657537834E8,1.391543272394588E9,1.332154807314855E9,4.98560502191284E8,5.3973737512212E8,0.028698536,0.058690374,0.065932518,0.002348126,-0.005050334,0.009768014,2615.25,2768.74,2951.29,2958.22,2943.28,2972.03,3013.62
2025-07-14T00:00:00,2615.25,2768.74,2951.29,2958.21,2943.29,2972.03,2795.74,3000,3040.15,2979.78,3020.31,3083,2589.78,2755.5,2913.75,2903.85,2936.49,2962.81,686119.3772,951896.07,906839.1689,348884.8877,357333.5016,815552.6496,1.844561572906599E9,2.707997922265638E9,2.704484897471723E9,1.027324169831482E9,1.063507989977405E9,2.470137078017986E9,2997546,4235042,4434934,1690700,1778200,3706161,357355.9972,489489.5943,446642.8472,169290.3063,181359.7935,386886.2252,9.61263657537834E8,1.391543272394588E9,1.332154807314855E9,4.98560502191284E8,5.3973737512212E8,1.172067555150503E9,0.058690374,0.065932518,0.002348126,-0.005050334,0.009768014,0.013993802215993677,2768.74,2951.29,2958.22,2943.28,2972.03,3013.62,2615.25,2768.74,2951.29,2958.21,2943.29,2972.03,2795.74,3000,3040.15,2979.78,3020.31,3083,2589.78,2755.5,2913.75,2903.85,2936.49,2962.81,686119.3772,951896.07,906839.1689,348884.8877,357333.5016,815552.6496,1.844561572906599E9,2.707997922265638E9,2.704484897471723E9,1.027324169831482E9,1.063507989977405E9,2.470137078017986E9,2997546,4235042,4434934,1690700,1778200,3706161,357355.9972,489489.5943,446642.8472,169290.3063,181359.7935,386886.2252,9.61263657537834E8,1.391543272394588E9,1.332154807314855E9,4.98560502191284E8,5.3973737512212E8,1.172067555150503E9,0.058690374,0.065932518,0.002348126,-0.005050334,0.009768014,0.013993802215993677,2768.74,2951.29,2958.22,2943.28,2972.03,3013.62,3137.89
2025-07-15T00:00:00,2768.74,2951.29,2958.21,2943.29,2972.03,3013.61,3000,3040.15,2979.78,3020.31,3083,3144.14,2755.5,2913.75,2903.85,2936.49,2962.81,2932.46,951896.07,906839.1689,348884.8877,357333.5016,815552.6496,863583.7377,2.707997922265638E9,2.704484897471723E9,1.027324169831482E9,1.063507989977405E9,2.470137078017986E9,2.610352115953149E9,4235042,4434934,1690700,1778200,3706161,4317422,489489.5943,446642.8472,169290.3063,181359.7935,386886.2252,452826.4011,1.391543272394588E9,1.332154807314855E9,4.98560502191284E8,5.3973737512212E8,1.172067555150503E9,1.369794578661733E9,0.065932518,0.002348126,-0.005050334,0.009768014,0.013993802215993677,0.041236121342438654,2951.29,2958.22,2943.28,2972.03,3013.62,3137.89,2768.74,2951.29,2958.21,2943.29,2972.03,3013.61,3000,3040.15,2979.78,3020.31,3083,3144.14,2755.5,2913.75,2903.85,2936.49,2962.81,2932.46,951896.07,906839.1689,348884.8877,357333.5016,815552.6496,863583.7377,2.707997922265638E9,2.704484897471723E9,1.027324169831482E9,1.063507989977405E9,2.470137078017986E9,2.610352115953149E9,4235042,4434934,1690700,1778200,3706161,4317422,489489.5943,446642.8472,169290.3063,181359.7935,386886.2252,452826.4011,1.391543272394588E9,1.332154807314855E9,4.98560502191284E8,5.3973737512212E8,1.172067555150503E9,1.369794578661733E9,0.065932518,0.002348126,-0.005050334,0.009768014,0.013993802215993677,0.041236121342438654,2951.29,2958.22,2943.28,2972.03,3013.62,3137.89,3371.35
2025-07-16T00:00:00,2951.29,2958.21,2943.29,2972.03,3013.61,3137.9,3040.15,2979.78,3020.31,3083,3144.14,3425,2913.75,2903.85,2936.49,2962.81,2932.46,3101,906839.1689,348884.8877,357333.5016,815552.6496,863583.7377,1135950.583,2.704484897471723E9,1.027324169831482E9,1.063507989977405E9,2.470137078017986E9,2.610352115953149E9,3.699155067268267E9,4434934,1690700,1778200,3706161,4317422,4381562,446642.8472,169290.3063,181359.7935,386886.2252,452826.4011,586498.6429,1.332154807314855E9,4.98560502191284E8,5.3973737512212E8,1.172067555150503E9,1.369794578661733E9,1.907885299313174E9,0.002348126,-0.005050334,0.009768014,0.013993802215993677,0.041236121342438654,0.074400314,2958.22,2943.28,2972.03,3013.62,3137.89,3371.35,2951.29,2958.21,2943.29,2972.03,3013.61,3137.9,3040.15,2979.78,3020.31,3083,3144.14,3425,2913.75,2903.85,2936.49,2962.81,2932.46,3101,906839.1689,348884.8877,357333.5016,815552.6496,863583.7377,1135950.583,2.704484897471723E9,1.027324169831482E9,1.063507989977405E9,2.470137078017986E9,2.610352115953149E9,3.699155067268267E9,4434934,1690700,1778200,3706161,4317422,4381562,446642.8472,169290.3063,181359.7935,386886.2252,452826.4011,586498.6429,1.332154807314855E9,4.98560502191284E8,5.3973737512212E8,1.172067555150503E9,1.369794578661733E9,1.907885299313174E9,0.002348126,-0.005050334,0.009768014,0.013993802215993677,0.041236121342438654,0.074400314,2958.22,2943.28,2972.03,3013.62,3137.89,3371.35,3476.87
2025-07-17T00:00:00,2958.21,2943.29,2972.03,3013.61,3137.9,3371.35,2979.78,3020.31,3083,3144.14,3425,3523.44,2903.85,2936.49,2962.81,2932.46,3101,3310.77,348884.8877,357333.5016,815552.6496,863583.7377,1135950.583,974065.8264,1.027324169831482E9,1.063507989977405E9,2.470137078017986E9,2.610352115953149E9,3.699155067268267E9,3.331779733255004E9,1690700,1778200,3706161,4317422,4381562,5025581,169290.3063,181359.7935,386886.2252,452826.4011,586498.6429,483988.5692,4.98560502191284E8,5.3973737512212E8,1.172067555150503E9,1.369794578661733E9,1.907885299313174E9,1.656122659302883E9,-0.005050334,0.009768014,0.013993802215993677,0.041236121342438654,0.074400314,0.031299034511397504,2943.28,2972.03,3013.62,3137.89,3371.35,3476.87,2958.21,2943.29,2972.03,3013.61,3137.9,3371.35,2979.78,3020.31,3083,3144.14,3425,3523.44,2903.85,2936.49,2962.81,2932.46,3101,3310.77,348884.8877,357333.5016,815552.6496,863583.7377,1135950.583,974065.8264,1.027324169831482E9,1.063507989977405E9,2.470137078017986E9,2.610352115953149E9,3.699155067268267E9,3.331779733255004E9,1690700,1778200,3706161,4317422,4381562,5025581,169290.3063,181359.7935,386886.2252,452826.4011,586498.6429,483988.5692,4.98560502191284E8,5.3973737512212E8,1.172067555150503E9,1.369794578661733E9,1.907885299313174E9,1.656122659302883E9,-0.005050334,0.009768014,0.013993802215993677,0.041236121342438654,0.074400314,0.031299034511397504,2943.28,2972.03,3013.62,3137.89,3371.35,3476.87,3546.92
2025-07-18T00:00:00,2943.29,2972.03,3013.61,3137.9,3371.35,3476.88,3020.31,3083,3144.14,3425,3523.44,3673.84,2936.49,2962.81,2932.46,3101,3310.77,3458.68,357333.5016,815552.6496,863583.7377,1135950.583,974065.8264,1163823.398,1.063507989977405E9,2.470137078017986E9,2.610352115953149E9,3.699155067268267E9,3.331779733255004E9,4.180688128221824E9,1778200,3706161,4317422,4381562,5025581,5566028,181359.7935,386886.2252,452826.4011,586498.6429,483988.5692,568849.4755,5.3973737512212E8,1.172067555150503E9,1.369794578661733E9,1.907885299313174E9,1.656122659302883E9,2.043472787034766E9,0.009768014,0.013993802215993677,0.041236121342438654,0.074400314,0.031299034511397504,0.020147431,2972.03,3013.62,3137.89,3371.35,3476.87,3546.92,2943.29,2972.03,3013.61,3137.9,3371.35,3476.88,3020.31,3083,3144.14,3425,3523.44,3673.84,2936.49,2962.81,2932.46,3101,3310.77,3458.68,357333.5016,815552.6496,863583.7377,1135950.583,974065.8264,1163823.398,1.063507989977405E9,2.470137078017986E9,2.610352115953149E9,3.699155067268267E9,3.331779733255004E9,4.180688128221824E9,1778200,3706161,4317422,4381562,5025581,5566028,181359.7935,386886.2252,452826.4011,586498.6429,483988.5692,568849.4755,5.3973737512212E8,1.172067555150503E9,1.369794578661733E9,1.907885299313174E9,1.656122659302883E9,2.043472787034766E9,0.009768014,0.013993802215993677,0.041236121342438654,0.074400314,0.031299034511397504,0.020147431,2972.03,3013.62,3137.89,3371.35,3476.87,3546.92,3592.01
2025-07-19T00:00:00,2972.03,3013.61,3137.9,3371.35,3476.88,3546.92,3083,3144.14,3425,3523.44,3673.84,3608.3,2962.81,2932.46,3101,3310.77,3458.68,3506.79,815552.6496,863583.7377,1135950.583,974065.8264,1163823.398,381791.9213,2.470137078017986E9,2.610352115953149E9,3.699155067268267E9,3.331779733255004E9,4.180688128221824E9,1.360031951337076E9,3706161,4317422,4381562,5025581,5566028,2217328,386886.2252,452826.4011,586498.6429,483988.5692,568849.4755,178344.0076,1.172067555150503E9,1.369794578661733E9,1.907885299313174E9,1.656122659302883E9,2.043472787034766E9,6.35470858679646E8,0.013993802215993677,0.041236121342438654,0.074400314,0.031299034511397504,0.020147431,0.012712437833387881,3013.62,3137.89,3371.35,3476.87,3546.92,3592.01,2972.03,3013.61,3137.9,3371.35,3476.88,3546.92,3083,3144.14,3425,3523.44,3673.84,3608.3,2962.81,2932.46,3101,3310.77,3458.68,3506.79,815552.6496,863583.7377,1135950.583,974065.8264,1163823.398,381791.9213,2.470137078017986E9,2.610352115953149E9,3.699155067268267E9,3.331779733255004E9,4.180688128221824E9,1.360031951337076E9,3706161,4317422,4381562,5025581,5566028,2217328,386886.2252,452826.4011,586498.6429,483988.5692,568849.4755,178344.0076,1.172067555150503E9,1.369794578661733E9,1.907885299313174E9,1.656122659302883E9,2.043472787034766E9,6.35470858679646E8,0.013993802215993677,0.041236121342438654,0.074400314,0.031299034511397504,0.020147431,0.012712437833387881,3013.62,3137.89,3371.35,3476.87,3546.92,3592.01,3756.69
2025-07-20T00:00:00,3013.61,3137.9,3371.35,3476.88,3546.92,3592,3144.14,3425,3523.44,3673.84,3608.3,3824.56,2932.46,3101,3310.77,3458.68,3506.79,3579.13,863583.7377,1135950.583,974065.8264,1163823.398,381791.9213,852356.5533,2.610352115953149E9,3.699155067268267E9,3.331779733255004E9,4.180688128221824E9,1.360031951337076E9,3.170505338400095E9,4317422,4381562,5025581,5566028,2217328,3794627,452826.4011,586498.6429,483988.5692,568849.4755,178344.0076,443544.9313,1.369794578661733E9,1.907885299313174E9,1.656122659302883E9,2.043472787034766E9,6.35470858679646E8,1.649205513376342E9,0.041236121342438654,0.074400314,0.031299034511397504,0.020147431,0.012712437833387881,0.045846198,3137.89,3371.35,3476.87,3546.92,3592.01,3756.69,3013.61,3137.9,3371.35,3476.88,3546.92,3592,3144.14,3425,3523.44,3673.84,3608.3,3824.56,2932.46,3101,3310.77,3458.68,3506.79,3579.13,863583.7377,1135950.583,974065.8264,1163823.398,381791.9213,852356.5533,2.610352115953149E9,3.699155067268267E9,3.331779733255004E9,4.180688128221824E9,1.360031951337076E9,3.170505338400095E9,4317422,4381562,5025581,5566028,2217328,3794627,452826.4011,586498.6429,483988.5692,568849.4755,178344.0076,443544.9313,1.369794578661733E9,1.907885299313174E9,1.656122659302883E9,2.043472787034766E9,6.35470858679646E8,1.649205513376342E9,0.041236121342438654,0.074400314,0.031299034511397504,0.020147431,0.012712437833387881,0.045846198,3137.89,3371.35,3476.87,3546.92,3592.01,3756.69,3762.33
2025-07-21T00:00:00,3137.9,3371.35,3476.88,3546.92,3592,3756.69,3425,3523.44,3673.84,3608.3,3824.56,3860,3101,3310.77,3458.68,3506.79,3579.13,3701.01,1135950.583,974065.8264,1163823.398,381791.9213,852356.5533,812074.0534,3.699155067268267E9,3.331779733255004E9,4.180688128221824E9,1.360031951337076E9,3.170505338400095E9,3.070256408919716E9,4381562,5025581,5566028,2217328,3794627,4156350,586498.6429,483988.5692,568849.4755,178344.0076,443544.9313,385711.4986,1.907885299313174E9,1.656122659302883E9,2.043472787034766E9,6.35470858679646E8,1.649205513376342E9,1.458766820895454E9,0.074400314,0.031299034511397504,0.020147431,0.012712437833387881,0.045846198,0.001501322,3371.35,3476.87,3546.92,3592.01,3756.69,3762.33,3137.9,3371.35,3476.88,3546.92,3592,3756.69,3425,3523.44,3673.84,3608.3,3824.56,3860,3101,3310.77,3458.68,3506.79,3579.13,3701.01,1135950.583,974065.8264,1163823.398,381791.9213,852356.5533,812074.0534,3.699155067268267E9,3.331779733255004E9,4.180688128221824E9,1.360031951337076E9,3.170505338400095E9,3.070256408919716E9,4381562,5025581,5566028,2217328,3794627,4156350,586498.6429,483988.5692,568849.4755,178344.0076,443544.9313,385711.4986,1.907885299313174E9,1.656122659302883E9,2.043472787034766E9,6.35470858679646E8,1.649205513376342E9,1.458766820895454E9,0.074400314,0.031299034511397504,0.020147431,0.012712437833387881,0.045846198,0.001501322,3371.35,3476.87,3546.92,3592.01,3756.69,3762.33,3746.21
2025-07-22T00:00:00,3371.35,3476.88,3546.92,3592,3756.69,3762.32,3523.44,3673.84,3608.3,3824.56,3860,3798.65,3310.77,3458.68,3506.79,3579.13,3701.01,3616.54,974065.8264,1163823.398,381791.9213,852356.5533,812074.0534,870127.3864,3.331779733255004E9,4.180688128221824E9,1.360031951337076E9,3.170505338400095E9,3.070256408919716E9,3.216022611720179E9,5025581,5566028,2217328,3794627,4156350,4455526,483988.5692,568849.4755,178344.0076,443544.9313,385711.4986,418929.4808,1.656122659302883E9,2.043472787034766E9,6.35470858679646E8,1.649205513376342E9,1.458766820895454E9,1.548480285714007E9,0.031299034511397504,0.020147431,0.012712437833387881,0.045846198,0.001501322,-0.004284579,3476.87,3546.92,3592.01,3756.69,3762.33,3746.21,3371.35,3476.88,3546.92,3592,3756.69,3762.32,3523.44,3673.84,3608.3,3824.56,3860,3798.65,3310.77,3458.68,3506.79,3579.13,3701.01,3616.54,974065.8264,1163823.398,381791.9213,852356.5533,812074.0534,870127.3864,3.331779733255004E9,4.180688128221824E9,1.360031951337076E9,3.170505338400095E9,3.070256408919716E9,3.216022611720179E9,5025581,5566028,2217328,3794627,4156350,4455526,483988.5692,568849.4755,178344.0076,443544.9313,385711.4986,418929.4808,1.656122659302883E9,2.043472787034766E9,6.35470858679646E8,1.649205513376342E9,1.458766820895454E9,1.548480285714007E9,0.031299034511397504,0.020147431,0.012712437833387881,0.045846198,0.001501322,-0.004284579,3476.87,3546.92,3592.01,3756.69,3762.33,3746.21,3628.29
2025-07-23T00:00:00,3476.88,3546.92,3592,3756.69,3762.32,3746.21,3673.84,3608.3,3824.56,3860,3798.65,3764.2,3458.68,3506.79,3579.13,3701.01,3616.54,3527,1163823.398,381791.9213,852356.5533,812074.0534,870127.3864,800259.4025,4.180688128221824E9,1.360031951337076E9,3.170505338400095E9,3.070256408919716E9,3.216022611720179E9,2.907900644920295E9,5566028,2217328,3794627,4156350,4455526,3761894,568849.4755,178344.0076,443544.9313,385711.4986,418929.4808,369083.3537,2.043472787034766E9,6.35470858679646E8,1.649205513376342E9,1.458766820895454E9,1.548480285714007E9,1.341700552416428E9,0.020147431,0.012712437833387881,0.045846198,0.001501322,-0.004284579,-0.031477146,3546.92,3592.01,3756.69,3762.33,3746.21,3628.29,3476.88,3546.92,3592,3756.69,3762.32,3746.21,3673.84,3608.3,3824.56,3860,3798.65,3764.2,3458.68,3506.79,3579.13,3701.01,3616.54,3527,1163823.398,381791.9213,852356.5533,812074.0534,870127.3864,800259.4025,4.180688128221824E9,1.360031951337076E9,3.170505338400095E9,3.070256408919716E9,3.216022611720179E9,2.907900644920295E9,5566028,2217328,3794627,4156350,4455526,3761894,568849.4755,178344.0076,443544.9313,385711.4986,418929.4808,369083.3537,2.043472787034766E9,6.35470858679646E8,1.649205513376342E9,1.458766820895454E9,1.548480285714007E9,1.341700552416428E9,0.020147431,0.012712437833387881,0.045846198,0.001501322,-0.004284579,-0.031477146,3546.92,3592.01,3756.69,3762.33,3746.21,3628.29,3706.94
2025-07-24T00:00:00,3546.92,3592,3756.69,3762.32,3746.21,3628.29,3608.3,3824.56,3860,3798.65,3764.2,3771,3506.79,3579.13,3701.01,3616.54,3527,3502.85,381791.9213,852356.5533,812074.0534,870127.3864,800259.4025,749459.495,1.360031951337076E9,3.170505338400095E9,3.070256408919716E9,3.216022611720179E9,2.907900644920295E9,2.743326751987169E9,2217328,3794627,4156350,4455526,3761894,3752613,178344.0076,443544.9313,385711.4986,418929.4808,369083.3537,372725.3177,6.35470858679646E8,1.649205513376342E9,1.458766820895454E9,1.548480285714007E9,1.341700552416428E9,1.364487144845279E9,0.012712437833387881,0.045846198,0.001501322,-0.004284579,-0.031477146,0.021676878088576188,3592.01,3756.69,3762.33,3746.21,3628.29,3706.94,3546.92,3592,3756.69,3762.32,3746.21,3628.29,3608.3,3824.56,3860,3798.65,3764.2,3771,3506.79,3579.13,3701.01,3616.54,3527,3502.85,381791.9213,852356.5533,812074.0534,870127.3864,800259.4025,749459.495,1.360031951337076E9,3.170505338400095E9,3.070256408919716E9,3.216022611720179E9,2.907900644920295E9,2.743326751987169E9,2217328,3794627,4156350,4455526,3761894,3752613,178344.0076,443544.9313,385711.4986,418929.4808,369083.3537,372725.3177,6.35470858679646E8,1.649205513376342E9,1.458766820895454E9,1.548480285714007E9,1.341700552416428E9,1.364487144845279E9,0.012712437833387881,0.045846198,0.001501322,-0.004284579,-0.031477146,0.021676878088576188,3592.01,3756.69,3762.33,3746.21,3628.29,3706.94,3724.96
2025-07-25T00:00:00,3592,3756.69,3762.32,3746.21,3628.29,3706.95,3824.56,3860,3798.65,3764.2,3771,3747,3579.13,3701.01,3616.54,3527,3502.85,3573.76,852356.5533,812074.0534,870127.3864,800259.4025,749459.495,764606.7261,3.170505338400095E9,3.070256408919716E9,3.216022611720179E9,2.907900644920295E9,2.743326751987169E9,2.799663682731906E9,3794627,4156350,4455526,3761894,3752613,4083119,443544.9313,385711.4986,418929.4808,369083.3537,372725.3177,370298.007,1.649205513376342E9,1.458766820895454E9,1.548480285714007E9,1.341700552416428E9,1.364487144845279E9,1.356082362396368E9,0.045846198,0.001501322,-0.004284579,-0.031477146,0.021676878088576188,0.004861152,3756.69,3762.33,3746.21,3628.29,3706.94,3724.96,3592,3756.69,3762.32,3746.21,3628.29,3706.95,3824.56,3860,3798.65,3764.2,3771,3747,3579.13,3701.01,3616.54,3527,3502.85,3573.76,852356.5533,812074.0534,870127.3864,800259.4025,749459.495,764606.7261,3.170505338400095E9,3.070256408919716E9,3.216022611720179E9,2.907900644920295E9,2.743326751987169E9,2.799663682731906E9,3794627,4156350,4455526,3761894,3752613,4083119,443544.9313,385711.4986,418929.4808,369083.3537,372725.3177,370298.007,1.649205513376342E9,1.458766820895454E9,1.548480285714007E9,1.341700552416428E9,1.364487144845279E9,1.356082362396368E9,0.045846198,0.001501322,-0.004284579,-0.031477146,0.021676878088576188,0.004861152,3756.69,3762.33,3746.21,3628.29,3706.94,3724.96,3741.1
2025-07-26T00:00:00,3756.69,3762.32,3746.21,3628.29,3706.95,3724.97,3860,3798.65,3764.2,3771,3747,3793,3701.01,3616.54,3527,3502.85,3573.76,3697.66,812074.0534,870127.3864,800259.4025,749459.495,764606.7261,407259.7024,3.070256408919716E9,3.216022611720179E9,2.907900644920295E9,2.743326751987169E9,2.799663682731906E9,1.525422085066145E9,4156350,4455526,3761894,3752613,4083119,1720495,385711.4986,418929.4808,369083.3537,372725.3177,370298.007,204826.1817,1.458766820895454E9,1.548480285714007E9,1.341700552416428E9,1.364487144845279E9,1.356082362396368E9,7.67464713633392E8,0.001501322,-0.004284579,-0.031477146,0.021676878088576188,0.004861152,0.004332932,3762.33,3746.21,3628.29,3706.94,3724.96,3741.1,3756.69,3762.32,3746.21,3628.29,3706.95,3724.97,3860,3798.65,3764.2,3771,3747,3793,3701.01,3616.54,3527,3502.85,3573.76,3697.66,812074.0534,870127.3864,800259.4025,749459.495,764606.7261,407259.7024,3.070256408919716E9,3.216022611720179E9,2.907900644920295E9,2.743326751987169E9,2.799663682731906E9,1.525422085066145E9,4156350,4455526,3761894,3752613,4083119,1720495,385711.4986,418929.4808,369083.3537,372725.3177,370298.007,204826.1817,1.458766820895454E9,1.548480285714007E9,1.341700552416428E9,1.364487144845279E9,1.356082362396368E9,7.67464713633392E8,0.001501322,-0.004284579,-0.031477146,0.021676878088576188,0.004861152,0.004332932,3762.33,3746.21,3628.29,3706.94,3724.96,3741.1,3872.1
2025-07-27T00:00:00,3762.32,3746.21,3628.29,3706.95,3724.97,3741.11,3798.65,3764.2,3771,3747,3793,3879.82,3616.54,3527,3502.85,3573.76,3697.66,3731,870127.3864,800259.4025,749459.495,764606.7261,407259.7024,457352.4605,3.216022611720179E9,2.907900644920295E9,2.743326751987169E9,2.799663682731906E9,1.525422085066145E9,1.744992440585528E9,4455526,3761894,3752613,4083119,1720495,2299384,418929.4808,369083.3537,372725.3177,370298.007,204826.1817,230309.3217,1.548480285714007E9,1.341700552416428E9,1.364487144845279E9,1.356082362396368E9,7.67464713633392E8,8.78880700378826E8,-0.004284579,-0.031477146,0.021676878088576188,0.004861152,0.004332932,0.035016439,3746.21,3628.29,3706.94,3724.96,3741.1,3872.1,3762.32,3746.21,3628.29,3706.95,3724.97,3741.11,3798.65,3764.2,3771,3747,3793,3879.82,3616.54,3527,3502.85,3573.76,3697.66,3731,870127.3864,800259.4025,749459.495,764606.7261,407259.7024,457352.4605,3.216022611720179E9,2.907900644920295E9,2.743326751987169E9,2.799663682731906E9,1.525422085066145E9,1.744992440585528E9,4455526,3761894,3752613,4083119,1720495,2299384,418929.4808,369083.3537,372725.3177,370298.007,204826.1817,230309.3217,1.548480285714007E9,1.341700552416428E9,1.364487144845279E9,1.356082362396368E9,7.67464713633392E8,8.78880700378826E8,-0.004284579,-0.031477146,0.021676878088576188,0.004861152,0.004332932,0.035016439,3746.21,3628.29,3706.94,3724.96,3741.1,3872.1,3799
2025-07-28T00:00:00,3746.21,3628.29,3706.95,3724.97,3741.11,3872.11,3764.2,3771,3747,3793,3879.82,3941,3527,3502.85,3573.76,3697.66,3731,3754,800259.4025,749459.495,764606.7261,407259.7024,457352.4605,620994.7463,2.907900644920295E9,2.743326751987169E9,2.799663682731906E9,1.525422085066145E9,1.744992440585528E9,2.387363538135913E9,3761894,3752613,4083119,1720495,2299384,3161770,369083.3537,372725.3177,370298.007,204826.1817,230309.3217,304037.6074,1.341700552416428E9,1.364487144845279E9,1.356082362396368E9,7.67464713633392E8,8.78880700378826E8,1.169796792116981E9,-0.031477146,0.021676878088576188,0.004861152,0.004332932,0.035016439,-0.018878645,3628.29,3706.94,3724.96,3741.1,3872.1,3799,3746.21,3628.29,3706.95,3724.97,3741.11,3872.11,3764.2,3771,3747,3793,3879.82,3941,3527,3502.85,3573.76,3697.66,3731,3754,800259.4025,749459.495,764606.7261,407259.7024,457352.4605,620994.7463,2.907900644920295E9,2.743326751987169E9,2.799663682731906E9,1.525422085066145E9,1.744992440585528E9,2.387363538135913E9,3761894,3752613,4083119,1720495,2299384,3161770,369083.3537,372725.3177,370298.007,204826.1817,230309.3217,304037.6074,1.341700552416428E9,1.364487144845279E9,1.356082362396368E9,7.67464713633392E8,8.78880700378826E8,1.169796792116981E9,-0.031477146,0.021676878088576188,0.004861152,0.004332932,0.035016439,-0.018878645,3628.29,3706.94,3724.96,3741.1,3872.1,3799,3793.79
2025-07-29T00:00:00,3628.29,3706.95,3724.97,3741.11,3872.11,3799,3771,3747,3793,3879.82,3941,3886.44,3502.85,3573.76,3697.66,3731,3754,3716.04,749459.495,764606.7261,407259.7024,457352.4605,620994.7463,584210.4393,2.743326751987169E9,2.799663682731906E9,1.525422085066145E9,1.744992440585528E9,2.387363538135913E9,2.218694085767802E9,3752613,4083119,1720495,2299384,3161770,3121489,372725.3177,370298.007,204826.1817,230309.3217,304037.6074,286292.4572,1.364487144845279E9,1.356082362396368E9,7.67464713633392E8,8.78880700378826E8,1.169796792116981E9,1.088086275201961E9,0.021676878088576188,0.004861152,0.004332932,0.035016439,-0.018878645,-0.001371414,3706.94,3724.96,3741.1,3872.1,3799,3793.79,3628.29,3706.95,3724.97,3741.11,3872.11,3799,3771,3747,3793,3879.82,3941,3886.44,3502.85,3573.76,3697.66,3731,3754,3716.04,749459.495,764606.7261,407259.7024,457352.4605,620994.7463,584210.4393,2.743326751987169E9,2.799663682731906E9,1.525422085066145E9,1.744992440585528E9,2.387363538135913E9,2.218694085767802E9,3752613,4083119,1720495,2299384,3161770,3121489,372725.3177,370298.007,204826.1817,230309.3217,304037.6074,286292.4572,1.364487144845279E9,1.356082362396368E9,7.67464713633392E8,8.78880700378826E8,1.169796792116981E9,1.088086275201961E9,0.021676878088576188,0.004861152,0.004332932,0.035016439,-0.018878645,-0.001371414,3706.94,3724.96,3741.1,3872.1,3799,3793.79,3810
2025-07-30T00:00:00,3706.95,3724.97,3741.11,3872.11,3799,3793.79,3747,3793,3879.82,3941,3886.44,3834.03,3573.76,3697.66,3731,3754,3716.04,3677.65,764606.7261,407259.7024,457352.4605,620994.7463,584210.4393,525424.9003,2.799663682731906E9,1.525422085066145E9,1.744992440585528E9,2.387363538135913E9,2.218694085767802E9,1.984744001488409E9,4083119,1720495,2299384,3161770,3121489,3128399,370298.007,204826.1817,230309.3217,304037.6074,286292.4572,248999.4482,1.356082362396368E9,7.67464713633392E8,8.78880700378826E8,1.169796792116981E9,1.088086275201961E9,9.41064351695855E8,0.004861152,0.004332932,0.035016439,-0.018878645,-0.001371414,0.004272772,3724.96,3741.1,3872.1,3799,3793.79,3810,3706.95,3724.97,3741.11,3872.11,3799,3793.79,3747,3793,3879.82,3941,3886.44,3834.03,3573.76,3697.66,3731,3754,3716.04,3677.65,764606.7261,407259.7024,457352.4605,620994.7463,584210.4393,525424.9003,2.799663682731906E9,1.525422085066145E9,1.744992440585528E9,2.387363538135913E9,2.218694085767802E9,1.984744001488409E9,4083119,1720495,2299384,3161770,3121489,3128399,370298.007,204826.1817,230309.3217,304037.6074,286292.4572,248999.4482,1.356082362396368E9,7.67464713633392E8,8.78880700378826E8,1.169796792116981E9,1.088086275201961E9,9.41064351695855E8,0.004861152,0.004332932,0.035016439,-0.018878645,-0.001371414,0.004272772,3724.96,3741.1,3872.1,3799,3793.79,3810,3698.39
2025-07-31T00:00:00,3724.97,3741.11,3872.11,3799,3793.79,3810,3793,3879.82,3941,3886.44,3834.03,3878.67,3697.66,3731,3754,3716.04,3677.65,3684.33,407259.7024,457352.4605,620994.7463,584210.4393,525424.9003,516088.4503,1.525422085066145E9,1.744992440585528E9,2.387363538135913E9,2.218694085767802E9,1.984744001488409E9,1.961880275402547E9,1720495,2299384,3161770,3121489,3128399,2754480,204826.1817,230309.3217,304037.6074,286292.4572,248999.4482,245555.2293,7.67464713633392E8,8.78880700378826E8,1.169796792116981E9,1.088086275201961E9,9.41064351695855E8,9.34297246777987E8,0.004332932,0.035016439,-0.018878645,-0.001371414,0.004272772,-0.029293963,3741.1,3872.1,3799,3793.79,3810,3698.39,3724.97,3741.11,3872.11,3799,3793.79,3810,3793,3879.82,3941,3886.44,3834.03,3878.67,3697.66,3731,3754,3716.04,3677.65,3684.33,407259.7024,457352.4605,620994.7463,584210.4393,525424.9003,516088.4503,1.525422085066145E9,1.744992440585528E9,2.387363538135913E9,2.218694085767802E9,1.984744001488409E9,1.961880275402547E9,1720495,2299384,3161770,3121489,3128399,2754480,204826.1817,230309.3217,304037.6074,286292.4572,248999.4482,245555.2293,7.67464713633392E8,8.78880700378826E8,1.169796792116981E9,1.088086275201961E9,9.41064351695855E8,9.34297246777987E8,0.004332932,0.035016439,-0.018878645,-0.001371414,0.004272772,-0.029293963,3741.1,3872.1,3799,3793.79,3810,3698.39,3488.2
2025-08-01T00:00:00,3741.11,3872.11,3799,3793.79,3810,3698.39,3879.82,3941,3886.44,3834.03,3878.67,3724.02,3731,3754,3716.04,3677.65,3684.33,3431.75,457352.4605,620994.7463,584210.4393,525424.9003,516088.4503,783869.1517,1.744992440585528E9,2.387363538135913E9,2.218694085767802E9,1.984744001488409E9,1.961880275402547E9,2.826423714237822E9,2299384,3161770,3121489,3128399,2754480,5288678,230309.3217,304037.6074,286292.4572,248999.4482,245555.2293,361738.0053,8.78880700378826E8,1.169796792116981E9,1.088086275201961E9,9.41064351695855E8,9.34297246777987E8,1.304785660601062E9,0.035016439,-0.018878645,-0.001371414,0.004272772,-0.029293963,-0.056832838,3872.1,3799,3793.79,3810,3698.39,3488.2,3741.11,3872.11,3799,3793.79,3810,3698.39,3879.82,3941,3886.44,3834.03,3878.67,3724.02,3731,3754,3716.04,3677.65,3684.33,3431.75,457352.4605,620994.7463,584210.4393,525424.9003,516088.4503,783869.1517,1.744992440585528E9,2.387363538135913E9,2.218694085767802E9,1.984744001488409E9,1.961880275402547E9,2.826423714237822E9,2299384,3161770,3121489,3128399,2754480,5288678,230309.3217,304037.6074,286292.4572,248999.4482,245555.2293,361738.0053,8.78880700378826E8,1.169796792116981E9,1.088086275201961E9,9.41064351695855E8,9.34297246777987E8,1.304785660601062E9,0.035016439,-0.018878645,-0.001371414,0.004272772,-0.029293963,-0.056832838,3872.1,3799,3793.79,3810,3698.39,3488.2,3393.94
2025-08-02T00:00:00,3872.11,3799,3793.79,3810,3698.39,3488.21,3941,3886.44,3834.03,3878.67,3724.02,3537.69,3754,3716.04,3677.65,3684.33,3431.75,3368.29,620994.7463,584210.4393,525424.9003,516088.4503,783869.1517,494195.7094,2.387363538135913E9,2.218694085767802E9,1.984744001488409E9,1.961880275402547E9,2.826423714237822E9,1.709705648162931E9,3161770,3121489,3128399,2754480,5288678,3703627,304037.6074,286292.4572,248999.4482,245555.2293,361738.0053,231776.9514,1.169796792116981E9,1.088086275201961E9,9.41064351695855E8,9.34297246777987E8,1.304785660601062E9,8.02069751333398E8,-0.018878645,-0.001371414,0.004272772,-0.029293963,-0.056832838,-0.027022533,3799,3793.79,3810,3698.39,3488.2,3393.94,3872.11,3799,3793.79,3810,3698.39,3488.21,3941,3886.44,3834.03,3878.67,3724.02,3537.69,3754,3716.04,3677.65,3684.33,3431.75,3368.29,620994.7463,584210.4393,525424.9003,516088.4503,783869.1517,494195.7094,2.387363538135913E9,2.218694085767802E9,1.984744001488409E9,1.961880275402547E9,2.826423714237822E9,1.709705648162931E9,3161770,3121489,3128399,2754480,5288678,3703627,304037.6074,286292.4572,248999.4482,245555.2293,361738.0053,231776.9514,1.169796792116981E9,1.088086275201961E9,9.41064351695855E8,9.34297246777987E8,1.304785660601062E9,8.02069751333398E8,-0.018878645,-0.001371414,0.004272772,-0.029293963,-0.056832838,-0.027022533,3799,3793.79,3810,3698.39,3488.2,3393.94,3496.74
2025-08-03T00:00:00,3799,3793.79,3810,3698.39,3488.21,3393.94,3886.44,3834.03,3878.67,3724.02,3537.69,3521.79,3716.04,3677.65,3684.33,3431.75,3368.29,3354.28,584210.4393,525424.9003,516088.4503,783869.1517,494195.7094,296347.6758,2.218694085767802E9,1.984744001488409E9,1.961880275402547E9,2.826423714237822E9,1.709705648162931E9,1.02663693233361E9,3121489,3128399,2754480,5288678,3703627,2428479,286292.4572,248999.4482,245555.2293,361738.0053,231776.9514,156807.23,1.088086275201961E9,9.41064351695855E8,9.34297246777987E8,1.304785660601062E9,8.02069751333398E8,5.43358817947113E8,-0.001371414,0.004272772,-0.029293963,-0.056832838,-0.027022533,0.03028928,3793.79,3810,3698.39,3488.2,3393.94,3496.74,3799,3793.79,3810,3698.39,3488.21,3393.94,3886.44,3834.03,3878.67,3724.02,3537.69,3521.79,3716.04,3677.65,3684.33,3431.75,3368.29,3354.28,584210.4393,525424.9003,516088.4503,783869.1517,494195.7094,296347.6758,2.218694085767802E9,1.984744001488409E9,1.961880275402547E9,2.826423714237822E9,1.709705648162931E9,1.02663693233361E9,3121489,3128399,2754480,5288678,3703627,2428479,286292.4572,248999.4482,245555.2293,361738.0053,231776.9514,156807.23,1.088086275201961E9,9.41064351695855E8,9.34297246777987E8,1.304785660601062E9,8.02069751333398E8,5.43358817947113E8,-0.001371414,0.004272772,-0.029293963,-0.056832838,-0.027022533,0.03028928,3793.79,3810,3698.39,3488.2,3393.94,3496.74,3720.99
2025-08-04T00:00:00,3793.79,3810,3698.39,3488.21,3393.94,3496.75,3834.03,3878.67,3724.02,3537.69,3521.79,3736.73,3677.65,3684.33,3431.75,3368.29,3354.28,3490.73,525424.9003,516088.4503,783869.1517,494195.7094,296347.6758,463349.9861,1.984744001488409E9,1.961880275402547E9,2.826423714237822E9,1.709705648162931E9,1.02663693233361E9,1.677819313332998E9,3128399,2754480,5288678,3703627,2428479,3316870,248999.4482,245555.2293,361738.0053,231776.9514,156807.23,241318.7064,9.41064351695855E8,9.34297246777987E8,1.304785660601062E9,8.02069751333398E8,5.43358817947113E8,8.73258522311276E8,0.004272772,-0.029293963,-0.056832838,-0.027022533,0.03028928,0.064131162,3810,3698.39,3488.2,3393.94,3496.74,3720.99,3793.79,3810,3698.39,3488.21,3393.94,3496.75,3834.03,3878.67,3724.02,3537.69,3521.79,3736.73,3677.65,3684.33,3431.75,3368.29,3354.28,3490.73,525424.9003,516088.4503,783869.1517,494195.7094,296347.6758,463349.9861,1.984744001488409E9,1.961880275402547E9,2.826423714237822E9,1.709705648162931E9,1.02663693233361E9,1.677819313332998E9,3128399,2754480,5288678,3703627,2428479,3316870,248999.4482,245555.2293,361738.0053,231776.9514,156807.23,241318.7064,9.41064351695855E8,9.34297246777987E8,1.304785660601062E9,8.02069751333398E8,5.43358817947113E8,8.73258522311276E8,0.004272772,-0.029293963,-0.056832838,-0.027022533,0.03028928,0.064131162,3810,3698.39,3488.2,3393.94,3496.74,3720.99,3612
2025-08-05T00:00:00,3810,3698.39,3488.21,3393.94,3496.75,3720.99,3878.67,3724.02,3537.69,3521.79,3736.73,3722.24,3684.33,3431.75,3368.29,3354.28,3490.73,3546,516088.4503,783869.1517,494195.7094,296347.6758,463349.9861,489070.9589,1.961880275402547E9,2.826423714237822E9,1.709705648162931E9,1.02663693233361E9,1.677819313332998E9,1.772309727640444E9,2754480,5288678,3703627,2428479,3316870,3721006,245555.2293,361738.0053,231776.9514,156807.23,241318.7064,230213.2832,9.34297246777987E8,1.304785660601062E9,8.02069751333398E8,5.43358817947113E8,8.73258522311276E8,8.34391670474387E8,-0.029293963,-0.056832838,-0.027022533,0.03028928,0.064131162,-0.029290592,3698.39,3488.2,3393.94,3496.74,3720.99,3612,3810,3698.39,3488.21,3393.94,3496.75,3720.99,3878.67,3724.02,3537.69,3521.79,3736.73,3722.24,3684.33,3431.75,3368.29,3354.28,3490.73,3546,516088.4503,783869.1517,494195.7094,296347.6758,463349.9861,489070.9589,1.961880275402547E9,2.826423714237822E9,1.709705648162931E9,1.02663693233361E9,1.677819313332998E9,1.772309727640444E9,2754480,5288678,3703627,2428479,3316870,3721006,245555.2293,361738.0053,231776.9514,156807.23,241318.7064,230213.2832,9.34297246777987E8,1.304785660601062E9,8.02069751333398E8,5.43358817947113E8,8.73258522311276E8,8.34391670474387E8,-0.029293963,-0.056832838,-0.027022533,0.03028928,0.064131162,-0.029290592,3698.39,3488.2,3393.94,3496.74,3720.99,3612,3683.31
2025-08-06T00:00:00,3698.39,3488.21,3393.94,3496.75,3720.99,3612.01,3724.02,3537.69,3521.79,3736.73,3722.24,3698.6,3431.75,3368.29,3354.28,3490.73,3546,3564.19,783869.1517,494195.7094,296347.6758,463349.9861,489070.9589,365309.9205,2.826423714237822E9,1.709705648162931E9,1.02663693233361E9,1.677819313332998E9,1.772309727640444E9,1.32620349630214E9,5288678,3703627,2428479,3316870,3721006,2912356,361738.0053,231776.9514,156807.23,241318.7064,230213.2832,186459.2777,1.304785660601062E9,8.02069751333398E8,5.43358817947113E8,8.73258522311276E8,8.34391670474387E8,6.77091112596109E8,-0.056832838,-0.027022533,0.03028928,0.064131162,-0.029290592,0.019742524916943508,3488.2,3393.94,3496.74,3720.99,3612,3683.31,3698.39,3488.21,3393.94,3496.75,3720.99,3612.01,3724.02,3537.69,3521.79,3736.73,3722.24,3698.6,3431.75,3368.29,3354.28,3490.73,3546,3564.19,783869.1517,494195.7094,296347.6758,463349.9861,489070.9589,365309.9205,2.826423714237822E9,1.709705648162931E9,1.02663693233361E9,1.677819313332998E9,1.772309727640444E9,1.32620349630214E9,5288678,3703627,2428479,3316870,3721006,2912356,361738.0053,231776.9514,156807.23,241318.7064,230213.2832,186459.2777,1.304785660601062E9,8.02069751333398E8,5.43358817947113E8,8.73258522311276E8,8.34391670474387E8,6.77091112596109E8,-0.056832838,-0.027022533,0.03028928,0.064131162,-0.029290592,0.019742524916943508,3488.2,3393.94,3496.74,3720.99,3612,3683.31,3910.31
2025-08-07T00:00:00,3488.21,3393.94,3496.75,3720.99,3612.01,3683.31,3537.69,3521.79,3736.73,3722.24,3698.6,3927.77,3368.29,3354.28,3490.73,3546,3564.19,3647.63,494195.7094,296347.6758,463349.9861,489070.9589,365309.9205,631678.9872,1.709705648162931E9,1.02663693233361E9,1.677819313332998E9,1.772309727640444E9,1.32620349630214E9,2.402252971431741E9,3703627,2428479,3316870,3721006,2912356,3495451,231776.9514,156807.23,241318.7064,230213.2832,186459.2777,344602.949,8.02069751333398E8,5.43358817947113E8,8.73258522311276E8,8.34391670474387E8,6.77091112596109E8,1.31068208045414E9,-0.027022533,0.03028928,0.064131162,-0.029290592,0.019742524916943508,0.06162935,3393.94,3496.74,3720.99,3612,3683.31,3910.31,3488.21,3393.94,3496.75,3720.99,3612.01,3683.31,3537.69,3521.79,3736.73,3722.24,3698.6,3927.77,3368.29,3354.28,3490.73,3546,3564.19,3647.63,494195.7094,296347.6758,463349.9861,489070.9589,365309.9205,631678.9872,1.709705648162931E9,1.02663693233361E9,1.677819313332998E9,1.772309727640444E9,1.32620349630214E9,2.402252971431741E9,3703627,2428479,3316870,3721006,2912356,3495451,231776.9514,156807.23,241318.7064,230213.2832,186459.2777,344602.949,8.02069751333398E8,5.43358817947113E8,8.73258522311276E8,8.34391670474387E8,6.77091112596109E8,1.31068208045414E9,-0.027022533,0.03028928,0.064131162,-0.029290592,0.019742524916943508,0.06162935,3393.94,3496.74,3720.99,3612,3683.31,3910.31,4009.5
2025-08-08T00:00:00,3393.94,3496.75,3720.99,3612.01,3683.31,3910.3,3521.79,3736.73,3722.24,3698.6,3927.77,4071,3354.28,3490.73,3546,3564.19,3647.63,3880,296347.6758,463349.9861,489070.9589,365309.9205,631678.9872,723300.0109,1.02663693233361E9,1.677819313332998E9,1.772309727640444E9,1.32620349630214E9,2.402252971431741E9,2.868715363889369E9,2428479,3316870,3721006,2912356,3495451,4175115,156807.23,241318.7064,230213.2832,186459.2777,344602.949,389637.0166,5.43358817947113E8,8.73258522311276E8,8.34391670474387E8,6.77091112596109E8,1.31068208045414E9,1.545604109313508E9,0.03028928,0.064131162,-0.029290592,0.019742524916943508,0.06162935,0.025366275308095793,3496.74,3720.99,3612,3683.31,3910.31,4009.5,3393.94,3496.75,3720.99,3612.01,3683.31,3910.3,3521.79,3736.73,3722.24,3698.6,3927.77,4071,3354.28,3490.73,3546,3564.19,3647.63,3880,296347.6758,463349.9861,489070.9589,365309.9205,631678.9872,723300.0109,1.02663693233361E9,1.677819313332998E9,1.772309727640444E9,1.32620349630214E9,2.402252971431741E9,2.868715363889369E9,2428479,3316870,3721006,2912356,3495451,4175115,156807.23,241318.7064,230213.2832,186459.2777,344602.949,389637.0166,5.43358817947113E8,8.73258522311276E8,8.34391670474387E8,6.77091112596109E8,1.31068208045414E9,1.545604109313508E9,0.03028928,0.064131162,-0.029290592,0.019742524916943508,0.06162935,0.025366275308095793,3496.74,3720.99,3612,3683.31,3910.31,4009.5,4260.62
2025-08-09T00:00:00,3496.75,3720.99,3612.01,3683.31,3910.3,4009.51,3736.73,3722.24,3698.6,3927.77,4071,4326.2,3490.73,3546,3564.19,3647.63,3880,4006.63,463349.9861,489070.9589,365309.9205,631678.9872,723300.0109,691932.1048,1.677819313332998E9,1.772309727640444E9,1.32620349630214E9,2.402252971431741E9,2.868715363889369E9,2.897074775140159E9,3316870,3721006,2912356,3495451,4175115,3932997,241318.7064,230213.2832,186459.2777,344602.949,389637.0166,354396.8092,8.73258522311276E8,8.34391670474387E8,6.77091112596109E8,1.31068208045414E9,1.545604109313508E9,1.482946335172858E9,0.064131162,-0.029290592,0.019742524916943508,0.06162935,0.025366275308095793,0.062631251,3720.99,3612,3683.31,3910.31,4009.5,4260.62,3496.75,3720.99,3612.01,3683.31,3910.3,4009.51,3736.73,3722.24,3698.6,3927.77,4071,4326.2,3490.73,3546,3564.19,3647.63,3880,4006.63,463349.9861,489070.9589,365309.9205,631678.9872,723300.0109,691932.1048,1.677819313332998E9,1.772309727640444E9,1.32620349630214E9,2.402252971431741E9,2.868715363889369E9,2.897074775140159E9,3316870,3721006,2912356,3495451,4175115,3932997,241318.7064,230213.2832,186459.2777,344602.949,389637.0166,354396.8092,8.73258522311276E8,8.34391670474387E8,6.77091112596109E8,1.31068208045414E9,1.545604109313508E9,1.482946335172858E9,0.064131162,-0.029290592,0.019742524916943508,0.06162935,0.025366275308095793,0.062631251,3720.99,3612,3683.31,3910.31,4009.5,4260.62,4250.57
2025-08-10T00:00:00,3720.99,3612.01,3683.31,3910.3,4009.51,4260.63,3722.24,3698.6,3927.77,4071,4326.2,4332.6,3546,3564.19,3647.63,3880,4006.63,4153.07,489070.9589,365309.9205,631678.9872,723300.0109,691932.1048,494843.8105,1.772309727640444E9,1.32620349630214E9,2.402252971431741E9,2.868715363889369E9,2.897074775140159E9,2.091948332589114E9,3721006,2912356,3495451,4175115,3932997,3319102,230213.2832,186459.2777,344602.949,389637.0166,354396.8092,235841.2963,8.34391670474387E8,6.77091112596109E8,1.31068208045414E9,1.545604109313508E9,1.482946335172858E9,9.97589724686655E8,-0.029290592,0.019742524916943508,0.06162935,0.025366275308095793,0.062631251,-0.002358812,3612,3683.31,3910.31,4009.5,4260.62,4250.57,3720.99,3612.01,3683.31,3910.3,4009.51,4260.63,3722.24,3698.6,3927.77,4071,4326.2,4332.6,3546,3564.19,3647.63,3880,4006.63,4153.07,489070.9589,365309.9205,631678.9872,723300.0109,691932.1048,494843.8105,1.772309727640444E9,1.32620349630214E9,2.402252971431741E9,2.868715363889369E9,2.897074775140159E9,2.091948332589114E9,3721006,2912356,3495451,4175115,3932997,3319102,230213.2832,186459.2777,344602.949,389637.0166,354396.8092,235841.2963,8.34391670474387E8,6.77091112596109E8,1.31068208045414E9,1.545604109313508E9,1.482946335172858E9,9.97589724686655E8,-0.029290592,0.019742524916943508,0.06162935,0.025366275308095793,0.062631251,-0.002358812,3612,3683.31,3910.31,4009.5,4260.62,4250.57,4223.22
2025-08-11T00:00:00,3612.01,3683.31,3910.3,4009.51,4260.63,4250.58,3698.6,3927.77,4071,4326.2,4332.6,4366.46,3564.19,3647.63,3880,4006.63,4153.07,4166.77,365309.9205,631678.9872,723300.0109,691932.1048,494843.8105,722664.04,1.32620349630214E9,2.402252971431741E9,2.868715363889369E9,2.897074775140159E9,2.091948332589114E9,3.089081112554874E9,2912356,3495451,4175115,3932997,3319102,5162548,186459.2777,344602.949,389637.0166,354396.8092,235841.2963,360218.2954,6.77091112596109E8,1.31068208045414E9,1.545604109313508E9,1.482946335172858E9,9.97589724686655E8,1.540350244420612E9,0.019742524916943508,0.06162935,0.025366275308095793,0.062631251,-0.002358812,-0.006434431,3683.31,3910.31,4009.5,4260.62,4250.57,4223.22,3612.01,3683.31,3910.3,4009.51,4260.63,4250.58,3698.6,3927.77,4071,4326.2,4332.6,4366.46,3564.19,3647.63,3880,4006.63,4153.07,4166.77,365309.9205,631678.9872,723300.0109,691932.1048,494843.8105,722664.04,1.32620349630214E9,2.402252971431741E9,2.868715363889369E9,2.897074775140159E9,2.091948332589114E9,3.089081112554874E9,2912356,3495451,4175115,3932997,3319102,5162548,186459.2777,344602.949,389637.0166,354396.8092,235841.2963,360218.2954,6.77091112596109E8,1.31068208045414E9,1.545604109313508E9,1.482946335172858E9,9.97589724686655E8,1.540350244420612E9,0.019742524916943508,0.06162935,0.025366275308095793,0.062631251,-0.002358812,-0.006434431,3683.31,3910.31,4009.5,4260.62,4250.57,4223.22,4590.52
2025-08-12T00:00:00,3683.31,3910.3,4009.51,4260.63,4250.58,4223.22,3927.77,4071,4326.2,4332.6,4366.46,4639.7,3647.63,3880,4006.63,4153.07,4166.77,4219.04,631678.9872,723300.0109,691932.1048,494843.8105,722664.04,885288.0652,2.402252971431741E9,2.868715363889369E9,2.897074775140159E9,2.091948332589114E9,3.089081112554874E9,3.918279210053929E9,3495451,4175115,3932997,3319102,5162548,5104868,344602.949,389637.0166,354396.8092,235841.2963,360218.2954,460721.2581,1.31068208045414E9,1.545604109313508E9,1.482946335172858E9,9.97589724686655E8,1.540350244420612E9,2.038703612778519E9,0.06162935,0.025366275308095793,0.062631251,-0.002358812,-0.006434431,0.086971553,3910.31,4009.5,4260.62,4250.57,4223.22,4590.52,3683.31,3910.3,4009.51,4260.63,4250.58,4223.22,3927.77,4071,4326.2,4332.6,4366.46,4639.7,3647.63,3880,4006.63,4153.07,4166.77,4219.04,631678.9872,723300.0109,691932.1048,494843.8105,722664.04,885288.0652,2.402252971431741E9,2.868715363889369E9,2.897074775140159E9,2.091948332589114E9,3.089081112554874E9,3.918279210053929E9,3495451,4175115,3932997,3319102,5162548,5104868,344602.949,389637.0166,354396.8092,235841.2963,360218.2954,460721.2581,1.31068208045414E9,1.545604109313508E9,1.482946335172858E9,9.97589724686655E8,1.540350244420612E9,2.038703612778519E9,0.06162935,0.025366275308095793,0.062631251,-0.002358812,-0.006434431,0.086971553,3910.31,4009.5,4260.62,4250.57,4223.22,4590.52,4749.3
2025-08-13T00:00:00,3910.3,4009.51,4260.63,4250.58,4223.22,4590.52,4071,4326.2,4332.6,4366.46,4639.7,4783.85,3880,4006.63,4153.07,4166.77,4219.04,4564.33,723300.0109,691932.1048,494843.8105,722664.04,885288.0652,925931.4988,2.868715363889369E9,2.897074775140159E9,2.091948332589114E9,3.089081112554874E9,3.918279210053929E9,4.334944436910635E9,4175115,3932997,3319102,5162548,5104868,5293034,389637.0166,354396.8092,235841.2963,360218.2954,460721.2581,476639.1946,1.545604109313508E9,1.482946335172858E9,9.97589724686655E8,1.540350244420612E9,2.038703612778519E9,2.232173733897734E9,0.025366275308095793,0.062631251,-0.002358812,-0.006434431,0.086971553,0.034588674,4009.5,4260.62,4250.57,4223.22,4590.52,4749.3,3910.3,4009.51,4260.63,4250.58,4223.22,4590.52,4071,4326.2,4332.6,4366.46,4639.7,4783.85,3880,4006.63,4153.07,4166.77,4219.04,4564.33,723300.0109,691932.1048,494843.8105,722664.04,885288.0652,925931.4988,2.868715363889369E9,2.897074775140159E9,2.091948332589114E9,3.089081112554874E9,3.918279210053929E9,4.334944436910635E9,4175115,3932997,3319102,5162548,5104868,5293034,389637.0166,354396.8092,235841.2963,360218.2954,460721.2581,476639.1946,1.545604109313508E9,1.482946335172858E9,9.97589724686655E8,1.540350244420612E9,2.038703612778519E9,2.232173733897734E9,0.025366275308095793,0.062631251,-0.002358812,-0.006434431,0.086971553,0.034588674,4009.5,4260.62,4250.57,4223.22,4590.52,4749.3,4546.84
2025-08-14T00:00:00,4009.51,4260.63,4250.58,4223.22,4590.52,4749.31,4326.2,4332.6,4366.46,4639.7,4783.85,4788,4006.63,4153.07,4166.77,4219.04,4564.33,4451.33,691932.1048,494843.8105,722664.04,885288.0652,925931.4988,1265449.045,2.897074775140159E9,2.091948332589114E9,3.089081112554874E9,3.918279210053929E9,4.334944436910635E9,5.853669749165808E9,3932997,3319102,5162548,5104868,5293034,6488264,354396.8092,235841.2963,360218.2954,460721.2581,476639.1946,610793.1493,1.482946335172858E9,9.97589724686655E8,1.540350244420612E9,2.038703612778519E9,2.232173733897734E9,2.824145240890796E9,0.062631251,-0.002358812,-0.006434431,0.086971553,0.034588674,-0.04262944,4260.62,4250.57,4223.22,4590.52,4749.3,4546.84,4009.51,4260.63,4250.58,4223.22,4590.52,4749.31,4326.2,4332.6,4366.46,4639.7,4783.85,4788,4006.63,4153.07,4166.77,4219.04,4564.33,4451.33,691932.1048,494843.8105,722664.04,885288.0652,925931.4988,1265449.045,2.897074775140159E9,2.091948332589114E9,3.089081112554874E9,3.918279210053929E9,4.334944436910635E9,5.853669749165808E9,3932997,3319102,5162548,5104868,5293034,6488264,354396.8092,235841.2963,360218.2954,460721.2581,476639.1946,610793.1493,1.482946335172858E9,9.97589724686655E8,1.540350244420612E9,2.038703612778519E9,2.232173733897734E9,2.824145240890796E9,0.062631251,-0.002358812,-0.006434431,0.086971553,0.034588674,-0.04262944,4260.62,4250.57,4223.22,4590.52,4749.3,4546.84,4439.47
2025-08-15T00:00:00,4260.63,4250.58,4223.22,4590.52,4749.31,4546.84,4332.6,4366.46,4639.7,4783.85,4788,4672.67,4153.07,4166.77,4219.04,4564.33,4451.33,4368,494843.8105,722664.04,885288.0652,925931.4988,1265449.045,880409.2591,2.091948332589114E9,3.089081112554874E9,3.918279210053929E9,4.334944436910635E9,5.853669749165808E9,3.978902618058779E9,3319102,5162548,5104868,5293034,6488264,5091385,235841.2963,360218.2954,460721.2581,476639.1946,610793.1493,431967.5378,9.97589724686655E8,1.540350244420612E9,2.038703612778519E9,2.232173733897734E9,2.824145240890796E9,1.953497546872039E9,-0.002358812,-0.006434431,0.086971553,0.034588674,-0.04262944,-0.023614202,4250.57,4223.22,4590.52,4749.3,4546.84,4439.47,4260.63,4250.58,4223.22,4590.52,4749.31,4546.84,4332.6,4366.46,4639.7,4783.85,4788,4672.67,4153.07,4166.77,4219.04,4564.33,4451.33,4368,494843.8105,722664.04,885288.0652,925931.4988,1265449.045,880409.2591,2.091948332589114E9,3.089081112554874E9,3.918279210053929E9,4.334944436910635E9,5.853669749165808E9,3.978902618058779E9,3319102,5162548,5104868,5293034,6488264,5091385,235841.2963,360218.2954,460721.2581,476639.1946,610793.1493,431967.5378,9.97589724686655E8,1.540350244420612E9,2.038703612778519E9,2.232173733897734E9,2.824145240890796E9,1.953497546872039E9,-0.002358812,-0.006434431,0.086971553,0.034588674,-0.04262944,-0.023614202,4250.57,4223.22,4590.52,4749.3,4546.84,4439.47,4421.99
2025-08-16T00:00:00,4250.58,4223.22,4590.52,4749.31,4546.84,4439.47,4366.46,4639.7,4783.85,4788,4672.67,4490.42,4166.77,4219.04,4564.33,4451.33,4368,4372.54,722664.04,885288.0652,925931.4988,1265449.045,880409.2591,358676.5884,3.089081112554874E9,3.918279210053929E9,4.334944436910635E9,5.853669749165808E9,3.978902618058779E9,1.587545552644884E9,5162548,5104868,5293034,6488264,5091385,2446573,360218.2954,460721.2581,476639.1946,610793.1493,431967.5378,172182.4814,1.540350244420612E9,2.038703612778519E9,2.232173733897734E9,2.824145240890796E9,1.953497546872039E9,7.62345533806514E8,-0.006434431,0.086971553,0.034588674,-0.04262944,-0.023614202,-0.003937407,4223.22,4590.52,4749.3,4546.84,4439.47,4421.99,4250.58,4223.22,4590.52,4749.31,4546.84,4439.47,4366.46,4639.7,4783.85,4788,4672.67,4490.42,4166.77,4219.04,4564.33,4451.33,4368,4372.54,722664.04,885288.0652,925931.4988,1265449.045,880409.2591,358676.5884,3.089081112554874E9,3.918279210053929E9,4.334944436910635E9,5.853669749165808E9,3.978902618058779E9,1.587545552644884E9,5162548,5104868,5293034,6488264,5091385,2446573,360218.2954,460721.2581,476639.1946,610793.1493,431967.5378,172182.4814,1.540350244420612E9,2.038703612778519E9,2.232173733897734E9,2.824145240890796E9,1.953497546872039E9,7.62345533806514E8,-0.006434431,0.086971553,0.034588674,-0.04262944,-0.023614202,-0.003937407,4223.22,4590.52,4749.3,4546.84,4439.47,4421.99,4472.33
2025-08-17T00:00:00,4223.22,4590.52,4749.31,4546.84,4439.47,4422,4639.7,4783.85,4788,4672.67,4490.42,4576,4219.04,4564.33,4451.33,4368,4372.54,4393.98,885288.0652,925931.4988,1265449.045,880409.2591,358676.5884,442461.3829,3.918279210053929E9,4.334944436910635E9,5.853669749165808E9,3.978902618058779E9,1.587545552644884E9,1.99003759351367E9,5104868,5293034,6488264,5091385,2446573,2844829,460721.2581,476639.1946,610793.1493,431967.5378,172182.4814,216791.6846,2.038703612778519E9,2.232173733897734E9,2.824145240890796E9,1.953497546872039E9,7.62345533806514E8,9.75401417633454E8,0.086971553,0.034588674,-0.04262944,-0.023614202,-0.003937407,0.011384014889224116,4590.52,4749.3,4546.84,4439.47,4421.99,4472.33,4223.22,4590.52,4749.31,4546.84,4439.47,4422,4639.7,4783.85,4788,4672.67,4490.42,4576,4219.04,4564.33,4451.33,4368,4372.54,4393.98,885288.0652,925931.4988,1265449.045,880409.2591,358676.5884,442461.3829,3.918279210053929E9,4.334944436910635E9,5.853669749165808E9,3.978902618058779E9,1.587545552644884E9,1.99003759351367E9,5104868,5293034,6488264,5091385,2446573,2844829,460721.2581,476639.1946,610793.1493,431967.5378,172182.4814,216791.6846,2.038703612778519E9,2.232173733897734E9,2.824145240890796E9,1.953497546872039E9,7.62345533806514E8,9.75401417633454E8,0.086971553,0.034588674,-0.04262944,-0.023614202,-0.003937407,0.011384014889224116,4590.52,4749.3,4546.84,4439.47,4421.99,4472.33,4312.99
2025-08-18T00:00:00,4590.52,4749.31,4546.84,4439.47,4422,4472.34,4783.85,4788,4672.67,4490.42,4576,4481.88,4564.33,4451.33,4368,4372.54,4393.98,4225.86,925931.4988,1265449.045,880409.2591,358676.5884,442461.3829,823188.1269,4.334944436910635E9,5.853669749165808E9,3.978902618058779E9,1.587545552644884E9,1.99003759351367E9,3.56198863906488E9,5293034,6488264,5091385,2446573,2844829,4938429,476639.1946,610793.1493,431967.5378,172182.4814,216791.6846,406762.5481,2.232173733897734E9,2.824145240890796E9,1.953497546872039E9,7.62345533806514E8,9.75401417633454E8,1.759665776660579E9,0.034588674,-0.04262944,-0.023614202,-0.003937407,0.011384014889224116,-0.035627961,4749.3,4546.84,4439.47,4421.99,4472.33,4312.99,4590.52,4749.31,4546.84,4439.47,4422,4472.34,4783.85,4788,4672.67,4490.42,4576,4481.88,4564.33,4451.33,4368,4372.54,4393.98,4225.86,925931.4988,1265449.045,880409.2591,358676.5884,442461.3829,823188.1269,4.334944436910635E9,5.853669749165808E9,3.978902618058779E9,1.587545552644884E9,1.99003759351367E9,3.56198863906488E9,5293034,6488264,5091385,2446573,2844829,4938429,476639.1946,610793.1493,431967.5378,172182.4814,216791.6846,406762.5481,2.232173733897734E9,2.824145240890796E9,1.953497546872039E9,7.62345533806514E8,9.75401417633454E8,1.759665776660579E9,0.034588674,-0.04262944,-0.023614202,-0.003937407,0.011384014889224116,-0.035627961,4749.3,4546.84,4439.47,4421.99,4472.33,4312.99,4075.59
2025-08-19T00:00:00,4749.31,4546.84,4439.47,4422,4472.34,4312.99,4788,4672.67,4490.42,4576,4481.88,4355,4451.33,4368,4372.54,4393.98,4225.86,4067.34,1265449.045,880409.2591,358676.5884,442461.3829,823188.1269,831222.7951,5.853669749165808E9,3.978902618058779E9,1.587545552644884E9,1.99003759351367E9,3.56198863906488E9,3.499853674637695E9,6488264,5091385,2446573,2844829,4938429,4828050,610793.1493,431967.5378,172182.4814,216791.6846,406762.5481,398237.7389,2.824145240890796E9,1.953497546872039E9,7.62345533806514E8,9.75401417633454E8,1.759665776660579E9,1.679727808428403E9,-0.04262944,-0.023614202,-0.003937407,0.011384014889224116,-0.035627961,-0.055043021,4546.84,4439.47,4421.99,4472.33,4312.99,4075.59,4749.31,4546.84,4439.47,4422,4472.34,4312.99,4788,4672.67,4490.42,4576,4481.88,4355,4451.33,4368,4372.54,4393.98,4225.86,4067.34,1265449.045,880409.2591,358676.5884,442461.3829,823188.1269,831222.7951,5.853669749165808E9,3.978902618058779E9,1.587545552644884E9,1.99003759351367E9,3.56198863906488E9,3.499853674637695E9,6488264,5091385,2446573,2844829,4938429,4828050,610793.1493,431967.5378,172182.4814,216791.6846,406762.5481,398237.7389,2.824145240890796E9,1.953497546872039E9,7.62345533806514E8,9.75401417633454E8,1.759665776660579E9,1.679727808428403E9,-0.04262944,-0.023614202,-0.003937407,0.011384014889224116,-0.035627961,-0.055043021,4546.84,4439.47,4421.99,4472.33,4312.99,4075.59,4336.16
2025-08-20T00:00:00,4546.84,4439.47,4422,4472.34,4312.99,4075.58,4672.67,4490.42,4576,4481.88,4355,4378,4368,4372.54,4393.98,4225.86,4067.34,4060,880409.2591,358676.5884,442461.3829,823188.1269,831222.7951,728324.8933,3.978902618058779E9,1.587545552644884E9,1.99003759351367E9,3.56198863906488E9,3.499853674637695E9,3.07755391818234E9,5091385,2446573,2844829,4938429,4828050,4768196,431967.5378,172182.4814,216791.6846,406762.5481,398237.7389,377599.4336,1.953497546872039E9,7.62345533806514E8,9.75401417633454E8,1.759665776660579E9,1.679727808428403E9,1.596144868677022E9,-0.023614202,-0.003937407,0.011384014889224116,-0.035627961,-0.055043021,0.063934302,4439.47,4421.99,4472.33,4312.99,4075.59,4336.16,4546.84,4439.47,4422,4472.34,4312.99,4075.58,4672.67,4490.42,4576,4481.88,4355,4378,4368,4372.54,4393.98,4225.86,4067.34,4060,880409.2591,358676.5884,442461.3829,823188.1269,831222.7951,728324.8933,3.978902618058779E9,1.587545552644884E9,1.99003759351367E9,3.56198863906488E9,3.499853674637695E9,3.07755391818234E9,5091385,2446573,2844829,4938429,4828050,4768196,431967.5378,172182.4814,216791.6846,406762.5481,398237.7389,377599.4336,1.953497546872039E9,7.62345533806514E8,9.75401417633454E8,1.759665776660579E9,1.679727808428403E9,1.596144868677022E9,-0.023614202,-0.003937407,0.011384014889224116,-0.035627961,-0.055043021,0.063934302,4439.47,4421.99,4472.33,4312.99,4075.59,4336.16,4225.3
2025-08-21T00:00:00,4439.47,4422,4472.34,4312.99,4075.58,4336.16,4490.42,4576,4481.88,4355,4378,4340.26,4372.54,4393.98,4225.86,4067.34,4060,4204.2,358676.5884,442461.3829,823188.1269,831222.7951,728324.8933,433836.3992,1.587545552644884E9,1.99003759351367E9,3.56198863906488E9,3.499853674637695E9,3.07755391818234E9,1.854414176529447E9,2446573,2844829,4938429,4828050,4768196,4202357,172182.4814,216791.6846,406762.5481,398237.7389,377599.4336,215637.3352,7.62345533806514E8,9.75401417633454E8,1.759665776660579E9,1.679727808428403E9,1.596144868677022E9,9.22109670926336E8,-0.003937407,0.011384014889224116,-0.035627961,-0.055043021,0.063934302,-0.0255664,4421.99,4472.33,4312.99,4075.59,4336.16,4225.3,4439.47,4422,4472.34,4312.99,4075.58,4336.16,4490.42,4576,4481.88,4355,4378,4340.26,4372.54,4393.98,4225.86,4067.34,4060,4204.2,358676.5884,442461.3829,823188.1269,831222.7951,728324.8933,433836.3992,1.587545552644884E9,1.99003759351367E9,3.56198863906488E9,3.499853674637695E9,3.07755391818234E9,1.854414176529447E9,2446573,2844829,4938429,4828050,4768196,4202357,172182.4814,216791.6846,406762.5481,398237.7389,377599.4336,215637.3352,7.62345533806514E8,9.75401417633454E8,1.759665776660579E9,1.679727808428403E9,1.596144868677022E9,9.22109670926336E8,-0.003937407,0.011384014889224116,-0.035627961,-0.055043021,0.063934302,-0.0255664,4421.99,4472.33,4312.99,4075.59,4336.16,4225.3,4832.07
2025-08-22T00:00:00,4422,4472.34,4312.99,4075.58,4336.16,4225.3,4576,4481.88,4355,4378,4340.26,4887.59,4393.98,4225.86,4067.34,4060,4204.2,4207.39,442461.3829,823188.1269,831222.7951,728324.8933,433836.3992,1277976.635,1.99003759351367E9,3.56198863906488E9,3.499853674637695E9,3.07755391818234E9,1.854414176529447E9,5.850514269296542E9,2844829,4938429,4828050,4768196,4202357,6440351,216791.6846,406762.5481,398237.7389,377599.4336,215637.3352,685989.3898,9.75401417633454E8,1.759665776660579E9,1.679727808428403E9,1.596144868677022E9,9.22109670926336E8,3.139499789414669E9,0.011384014889224116,-0.035627961,-0.055043021,0.063934302,-0.0255664,0.1436040044493881,4472.33,4312.99,4075.59,4336.16,4225.3,4832.07,4422,4472.34,4312.99,4075.58,4336.16,4225.3,4576,4481.88,4355,4378,4340.26,4887.59,4393.98,4225.86,4067.34,4060,4204.2,4207.39,442461.3829,823188.1269,831222.7951,728324.8933,433836.3992,1277976.635,1.99003759351367E9,3.56198863906488E9,3.499853674637695E9,3.07755391818234E9,1.854414176529447E9,5.850514269296542E9,2844829,4938429,4828050,4768196,4202357,6440351,216791.6846,406762.5481,398237.7389,377599.4336,215637.3352,685989.3898,9.75401417633454E8,1.759665776660579E9,1.679727808428403E9,1.596144868677022E9,9.22109670926336E8,3.139499789414669E9,0.011384014889224116,-0.035627961,-0.055043021,0.063934302,-0.0255664,0.1436040044493881,4472.33,4312.99,4075.59,4336.16,4225.3,4832.07,4778.4
2025-08-23T00:00:00,4472.34,4312.99,4075.58,4336.16,4225.3,4832.07,4481.88,4355,4378,4340.26,4887.59,4832.07,4225.86,4067.34,4060,4204.2,4207.39,4659.7,823188.1269,831222.7951,728324.8933,433836.3992,1277976.635,512442.0888,3.56198863906488E9,3.499853674637695E9,3.07755391818234E9,1.854414176529447E9,5.850514269296542E9,2.428561923417837E9,4938429,4828050,4768196,4202357,6440351,3011610,406762.5481,398237.7389,377599.4336,215637.3352,685989.3898,247002.372,1.759665776660579E9,1.679727808428403E9,1.596144868677022E9,9.22109670926336E8,3.139499789414669E9,1.170650191938999E9,-0.035627961,-0.055043021,0.063934302,-0.0255664,0.1436040044493881,-0.011107041,4312.99,4075.59,4336.16,4225.3,4832.07,4778.4,4472.34,4312.99,4075.58,4336.16,4225.3,4832.07,4481.88,4355,4378,4340.26,4887.59,4832.07,4225.86,4067.34,4060,4204.2,4207.39,4659.7,823188.1269,831222.7951,728324.8933,433836.3992,1277976.635,512442.0888,3.56198863906488E9,3.499853674637695E9,3.07755391818234E9,1.854414176529447E9,5.850514269296542E9,2.428561923417837E9,4938429,4828050,4768196,4202357,6440351,3011610,406762.5481,398237.7389,377599.4336,215637.3352,685989.3898,247002.372,1.759665776660579E9,1.679727808428403E9,1.596144868677022E9,9.22109670926336E8,3.139499789414669E9,1.170650191938999E9,-0.035627961,-0.055043021,0.063934302,-0.0255664,0.1436040044493881,-0.011107041,4312.99,4075.59,4336.16,4225.3,4832.07,4778.4,4780.15
2025-08-24T00:00:00,4312.99,4075.58,4336.16,4225.3,4832.07,4778.4,4355,4378,4340.26,4887.59,4832.07,4956.78,4067.34,4060,4204.2,4207.39,4659.7,4711,831222.7951,728324.8933,433836.3992,1277976.635,512442.0888,780668.7784,3.499853674637695E9,3.07755391818234E9,1.854414176529447E9,5.850514269296542E9,2.428561923417837E9,3.755014998446702E9,4828050,4768196,4202357,6440351,3011610,4316811,398237.7389,377599.4336,215637.3352,685989.3898,247002.372,393654.811,1.679727808428403E9,1.596144868677022E9,9.22109670926336E8,3.139499789414669E9,1.170650191938999E9,1.8944361172707882E9,-0.055043021,0.063934302,-0.0255664,0.1436040044493881,-0.011107041,3.6623137451866734E-4,4075.59,4336.16,4225.3,4832.07,4778.4,4780.15,4312.99,4075.58,4336.16,4225.3,4832.07,4778.4,4355,4378,4340.26,4887.59,4832.07,4956.78,4067.34,4060,4204.2,4207.39,4659.7,4711,831222.7951,728324.8933,433836.3992,1277976.635,512442.0888,780668.7784,3.499853674637695E9,3.07755391818234E9,1.854414176529447E9,5.850514269296542E9,2.428561923417837E9,3.755014998446702E9,4828050,4768196,4202357,6440351,3011610,4316811,398237.7389,377599.4336,215637.3352,685989.3898,247002.372,393654.811,1.679727808428403E9,1.596144868677022E9,9.22109670926336E8,3.139499789414669E9,1.170650191938999E9,1.8944361172707882E9,-0.055043021,0.063934302,-0.0255664,0.1436040044493881,-0.011107041,3.6623137451866734E-4,4075.59,4336.16,4225.3,4832.07,4778.4,4780.15,4376.18
2025-08-25T00:00:00,4075.58,4336.16,4225.3,4832.07,4778.4,4780.15,4378,4340.26,4887.59,4832.07,4956.78,4797.97,4060,4204.2,4207.39,4659.7,4711,4334.13,728324.8933,433836.3992,1277976.635,512442.0888,780668.7784,1043917.166,3.07755391818234E9,1.854414176529447E9,5.850514269296542E9,2.428561923417837E9,3.755014998446702E9,4.769033242728044E9,4768196,4202357,6440351,3011610,4316811,6296796,377599.4336,215637.3352,685989.3898,247002.372,393654.811,466034.8159,1.596144868677022E9,9.22109670926336E8,3.139499789414669E9,1.170650191938999E9,1.8944361172707882E9,2.129931225530787E9,0.063934302,-0.0255664,0.1436040044493881,-0.011107041,3.6623137451866734E-4,-0.0845099,4336.16,4225.3,4832.07,4778.4,4780.15,4376.18,4075.58,4336.16,4225.3,4832.07,4778.4,4780.15,4378,4340.26,4887.59,4832.07,4956.78,4797.97,4060,4204.2,4207.39,4659.7,4711,4334.13,728324.8933,433836.3992,1277976.635,512442.0888,780668.7784,1043917.166,3.07755391818234E9,1.854414176529447E9,5.850514269296542E9,2.428561923417837E9,3.755014998446702E9,4.769033242728044E9,4768196,4202357,6440351,3011610,4316811,6296796,377599.4336,215637.3352,685989.3898,247002.372,393654.811,466034.8159,1.596144868677022E9,9.22109670926336E8,3.139499789414669E9,1.170650191938999E9,1.8944361172707882E9,2.129931225530787E9,0.063934302,-0.0255664,0.1436040044493881,-0.011107041,3.6623137451866734E-4,-0.0845099,4336.16,4225.3,4832.07,4778.4,4780.15,4376.18,4600.63
2025-08-26T00:00:00,4336.16,4225.3,4832.07,4778.4,4780.15,4376.17,4340.26,4887.59,4832.07,4956.78,4797.97,4633.46,4204.2,4207.39,4659.7,4711,4334.13,4311.04,433836.3992,1277976.635,512442.0888,780668.7784,1043917.166,834750.2767,1.854414176529447E9,5.850514269296542E9,2.428561923417837E9,3.755014998446702E9,4.769033242728044E9,3.739773474021506E9,4202357,6440351,3011610,4316811,6296796,5640502,215637.3352,685989.3898,247002.372,393654.811,466034.8159,401376.3087,9.22109670926336E8,3.139499789414669E9,1.170650191938999E9,1.8944361172707882E9,2.129931225530787E9,1.798486042553646E9,-0.0255664,0.1436040044493881,-0.011107041,3.6623137451866734E-4,-0.0845099,0.051289024,4225.3,4832.07,4778.4,4780.15,4376.18,4600.63,4336.16,4225.3,4832.07,4778.4,4780.15,4376.17,4340.26,4887.59,4832.07,4956.78,4797.97,4633.46,4204.2,4207.39,4659.7,4711,4334.13,4311.04,433836.3992,1277976.635,512442.0888,780668.7784,1043917.166,834750.2767,1.854414176529447E9,5.850514269296542E9,2.428561923417837E9,3.755014998446702E9,4.769033242728044E9,3.739773474021506E9,4202357,6440351,3011610,4316811,6296796,5640502,215637.3352,685989.3898,247002.372,393654.811,466034.8159,401376.3087,9.22109670926336E8,3.139499789414669E9,1.170650191938999E9,1.8944361172707882E9,2.129931225530787E9,1.798486042553646E9,-0.0255664,0.1436040044493881,-0.011107041,3.6623137451866734E-4,-0.0845099,0.051289024,4225.3,4832.07,4778.4,4780.15,4376.18,4600.63,4506.71
2025-08-27T00:00:00,4225.3,4832.07,4778.4,4780.15,4376.17,4600.63,4887.59,4832.07,4956.78,4797.97,4633.46,4663.93,4207.39,4659.7,4711,4334.13,4311.04,4481.53,1277976.635,512442.0888,780668.7784,1043917.166,834750.2767,606669.3611,5.850514269296542E9,2.428561923417837E9,3.755014998446702E9,4.769033242728044E9,3.739773474021506E9,2.784659238301701E9,6440351,3011610,4316811,6296796,5640502,3920404,685989.3898,247002.372,393654.811,466034.8159,401376.3087,307736.9098,3.139499789414669E9,1.170650191938999E9,1.8944361172707882E9,2.129931225530787E9,1.798486042553646E9,1.412983486966091E9,0.1436040044493881,-0.011107041,3.6623137451866734E-4,-0.0845099,0.051289024,-0.020414595,4832.07,4778.4,4780.15,4376.18,4600.63,4506.71,4225.3,4832.07,4778.4,4780.15,4376.17,4600.63,4887.59,4832.07,4956.78,4797.97,4633.46,4663.93,4207.39,4659.7,4711,4334.13,4311.04,4481.53,1277976.635,512442.0888,780668.7784,1043917.166,834750.2767,606669.3611,5.850514269296542E9,2.428561923417837E9,3.755014998446702E9,4.769033242728044E9,3.739773474021506E9,2.784659238301701E9,6440351,3011610,4316811,6296796,5640502,3920404,685989.3898,247002.372,393654.811,466034.8159,401376.3087,307736.9098,3.139499789414669E9,1.170650191938999E9,1.8944361172707882E9,2.129931225530787E9,1.798486042553646E9,1.412983486966091E9,0.1436040044493881,-0.011107041,3.6623137451866734E-4,-0.0845099,0.051289024,-0.020414595,4832.07,4778.4,4780.15,4376.18,4600.63,4506.71,4511.21
2025-08-28T00:00:00,4832.07,4778.4,4780.15,4376.17,4600.63,4506.71,4832.07,4956.78,4797.97,4633.46,4663.93,4633.97,4659.7,4711,4334.13,4311.04,4481.53,4430,512442.0888,780668.7784,1043917.166,834750.2767,606669.3611,485243.4027,2.428561923417837E9,3.755014998446702E9,4.769033242728044E9,3.739773474021506E9,2.784659238301701E9,2.20247227664976E9,3011610,4316811,6296796,5640502,3920404,3236156,247002.372,393654.811,466034.8159,401376.3087,307736.9098,230509.0927,1.170650191938999E9,1.8944361172707882E9,2.129931225530787E9,1.798486042553646E9,1.412983486966091E9,1.046782923357486E9,-0.011107041,3.6623137451866734E-4,-0.0845099,0.051289024,-0.020414595,9.985111089908158E-4,4778.4,4780.15,4376.18,4600.63,4506.71,4511.21,4832.07,4778.4,4780.15,4376.17,4600.63,4506.71,4832.07,4956.78,4797.97,4633.46,4663.93,4633.97,4659.7,4711,4334.13,4311.04,4481.53,4430,512442.0888,780668.7784,1043917.166,834750.2767,606669.3611,485243.4027,2.428561923417837E9,3.755014998446702E9,4.769033242728044E9,3.739773474021506E9,2.784659238301701E9,2.20247227664976E9,3011610,4316811,6296796,5640502,3920404,3236156,247002.372,393654.811,466034.8159,401376.3087,307736.9098,230509.0927,1.170650191938999E9,1.8944361172707882E9,2.129931225530787E9,1.798486042553646E9,1.412983486966091E9,1.046782923357486E9,-0.011107041,3.6623137451866734E-4,-0.0845099,0.051289024,-0.020414595,9.985111089908158E-4,4778.4,4780.15,4376.18,4600.63,4506.71,4511.21,4360.18
2025-08-29T00:00:00,4778.4,4780.15,4376.17,4600.63,4506.71,4511.2,4956.78,4797.97,4633.46,4663.93,4633.97,4516.75,4711,4334.13,4311.04,4481.53,4430,4265,780668.7784,1043917.166,834750.2767,606669.3611,485243.4027,679063.8777,3.755014998446702E9,4.769033242728044E9,3.739773474021506E9,2.784659238301701E9,2.20247227664976E9,2.969120530274377E9,4316811,6296796,5640502,3920404,3236156,4406428,393654.811,466034.8159,401376.3087,307736.9098,230509.0927,324223.3629,1.8944361172707882E9,2.129931225530787E9,1.798486042553646E9,1.412983486966091E9,1.046782923357486E9,1.41750306420564E9,3.6623137451866734E-4,-0.0845099,0.051289024,-0.020414595,9.985111089908158E-4,-0.033478823,4780.15,4376.18,4600.63,4506.71,4511.21,4360.18,4778.4,4780.15,4376.17,4600.63,4506.71,4511.2,4956.78,4797.97,4633.46,4663.93,4633.97,4516.75,4711,4334.13,4311.04,4481.53,4430,4265,780668.7784,1043917.166,834750.2767,606669.3611,485243.4027,679063.8777,3.755014998446702E9,4.769033242728044E9,3.739773474021506E9,2.784659238301701E9,2.20247227664976E9,2.969120530274377E9,4316811,6296796,5640502,3920404,3236156,4406428,393654.811,466034.8159,401376.3087,307736.9098,230509.0927,324223.3629,1.8944361172707882E9,2.129931225530787E9,1.798486042553646E9,1.412983486966091E9,1.046782923357486E9,1.41750306420564E9,3.6623137451866734E-4,-0.0845099,0.051289024,-0.020414595,9.985111089908158E-4,-0.033478823,4780.15,4376.18,4600.63,4506.71,4511.21,4360.18,4373.7
2025-08-30T00:00:00,4780.15,4376.17,4600.63,4506.71,4511.2,4360.18,4797.97,4633.46,4663.93,4633.97,4516.75,4415.61,4334.13,4311.04,4481.53,4430,4265,4257.2,1043917.166,834750.2767,606669.3611,485243.4027,679063.8777,340319.1826,4.769033242728044E9,3.739773474021506E9,2.784659238301701E9,2.20247227664976E9,2.969120530274377E9,1.483613909749367E9,6296796,5640502,3920404,3236156,4406428,2086140,466034.8159,401376.3087,307736.9098,230509.0927,324223.3629,180789.988,2.129931225530787E9,1.798486042553646E9,1.412983486966091E9,1.046782923357486E9,1.41750306420564E9,7.88720330984074E8,-0.0845099,0.051289024,-0.020414595,9.985111089908158E-4,-0.033478823,0.003100789,4376.18,4600.63,4506.71,4511.21,4360.18,4373.7,4780.15,4376.17,4600.63,4506.71,4511.2,4360.18,4797.97,4633.46,4663.93,4633.97,4516.75,4415.61,4334.13,4311.04,4481.53,4430,4265,4257.2,1043917.166,834750.2767,606669.3611,485243.4027,679063.8777,340319.1826,4.769033242728044E9,3.739773474021506E9,2.784659238301701E9,2.20247227664976E9,2.969120530274377E9,1.483613909749367E9,6296796,5640502,3920404,3236156,4406428,2086140,466034.8159,401376.3087,307736.9098,230509.0927,324223.3629,180789.988,2.129931225530787E9,1.798486042553646E9,1.412983486966091E9,1.046782923357486E9,1.41750306420564E9,7.88720330984074E8,-0.0845099,0.051289024,-0.020414595,9.985111089908158E-4,-0.033478823,0.003100789,4376.18,4600.63,4506.71,4511.21,4360.18,4373.7,4391.83
2025-08-31T00:00:00,4376.17,4600.63,4506.71,4511.2,4360.18,4373.7,4633.46,4663.93,4633.97,4516.75,4415.61,4498.47,4311.04,4481.53,4430,4265,4257.2,4372.63,834750.2767,606669.3611,485243.4027,679063.8777,340319.1826,356586.1861,3.739773474021506E9,2.784659238301701E9,2.20247227664976E9,2.969120530274377E9,1.483613909749367E9,1.588952837432261E9,5640502,3920404,3236156,4406428,2086140,2221987,401376.3087,307736.9098,230509.0927,324223.3629,180789.988,183775.3164,1.798486042553646E9,1.412983486966091E9,1.046782923357486E9,1.41750306420564E9,7.88720330984074E8,8.1912724358221E8,0.051289024,-0.020414595,9.985111089908158E-4,-0.033478823,0.003100789,0.004145232,4600.63,4506.71,4511.21,4360.18,4373.7,4391.83,4376.17,4600.63,4506.71,4511.2,4360.18,4373.7,4633.46,4663.93,4633.97,4516.75,4415.61,4498.47,4311.04,4481.53,4430,4265,4257.2,4372.63,834750.2767,606669.3611,485243.4027,679063.8777,340319.1826,356586.1861,3.739773474021506E9,2.784659238301701E9,2.20247227664976E9,2.969120530274377E9,1.483613909749367E9,1.588952837432261E9,5640502,3920404,3236156,4406428,2086140,2221987,401376.3087,307736.9098,230509.0927,324223.3629,180789.988,183775.3164,1.798486042553646E9,1.412983486966091E9,1.046782923357486E9,1.41750306420564E9,7.88720330984074E8,8.1912724358221E8,0.051289024,-0.020414595,9.985111089908158E-4,-0.033478823,0.003100789,0.004145232,4600.63,4506.71,4511.21,4360.18,4373.7,4391.83,4314.5
2025-09-01T00:00:00,4600.63,4506.71,4511.2,4360.18,4373.7,4391.83,4663.93,4633.97,4516.75,4415.61,4498.47,4491.84,4481.53,4430,4265,4257.2,4372.63,4210.61,606669.3611,485243.4027,679063.8777,340319.1826,356586.1861,513830.0395,2.784659238301701E9,2.20247227664976E9,2.969120530274377E9,1.483613909749367E9,1.588952837432261E9,2.24461098686617E9,3920404,3236156,4406428,2086140,2221987,4011776,307736.9098,230509.0927,324223.3629,180789.988,183775.3164,246147.2654,1.412983486966091E9,1.046782923357486E9,1.41750306420564E9,7.88720330984074E8,8.1912724358221E8,1.075592499534808E9,-0.020414595,9.985111089908158E-4,-0.033478823,0.003100789,0.004145232,-0.017607694,4506.71,4511.21,4360.18,4373.7,4391.83,4314.5,4600.63,4506.71,4511.2,4360.18,4373.7,4391.83,4663.93,4633.97,4516.75,4415.61,4498.47,4491.84,4481.53,4430,4265,4257.2,4372.63,4210.61,606669.3611,485243.4027,679063.8777,340319.1826,356586.1861,513830.0395,2.784659238301701E9,2.20247227664976E9,2.969120530274377E9,1.483613909749367E9,1.588952837432261E9,2.24461098686617E9,3920404,3236156,4406428,2086140,2221987,4011776,307736.9098,230509.0927,324223.3629,180789.988,183775.3164,246147.2654,1.412983486966091E9,1.046782923357486E9,1.41750306420564E9,7.88720330984074E8,8.1912724358221E8,1.075592499534808E9,-0.020414595,9.985111089908158E-4,-0.033478823,0.003100789,0.004145232,-0.017607694,4506.71,4511.21,4360.18,4373.7,4391.83,4314.5,4326.5
2025-09-02T00:00:00,4506.71,4511.2,4360.18,4373.7,4391.83,4314.5,4633.97,4516.75,4415.61,4498.47,4491.84,4416.78,4430,4265,4257.2,4372.63,4210.61,4257.85,485243.4027,679063.8777,340319.1826,356586.1861,513830.0395,524605.0512,2.20247227664976E9,2.969120530274377E9,1.483613909749367E9,1.588952837432261E9,2.24461098686617E9,2.275752549704531E9,3236156,4406428,2086140,2221987,4011776,4161006,230509.0927,324223.3629,180789.988,183775.3164,246147.2654,262315.1298,1.046782923357486E9,1.41750306420564E9,7.88720330984074E8,8.1912724358221E8,1.075592499534808E9,1.138093049510545E9,9.985111089908158E-4,-0.033478823,0.003100789,0.004145232,-0.017607694,0.002781319,4511.21,4360.18,4373.7,4391.83,4314.5,4326.5,4506.71,4511.2,4360.18,4373.7,4391.83,4314.5,4633.97,4516.75,4415.61,4498.47,4491.84,4416.78,4430,4265,4257.2,4372.63,4210.61,4257.85,485243.4027,679063.8777,340319.1826,356586.1861,513830.0395,524605.0512,2.20247227664976E9,2.969120530274377E9,1.483613909749367E9,1.588952837432261E9,2.24461098686617E9,2.275752549704531E9,3236156,4406428,2086140,2221987,4011776,4161006,230509.0927,324223.3629,180789.988,183775.3164,246147.2654,262315.1298,1.046782923357486E9,1.41750306420564E9,7.88720330984074E8,8.1912724358221E8,1.075592499534808E9,1.138093049510545E9,9.985111089908158E-4,-0.033478823,0.003100789,0.004145232,-0.017607694,0.002781319,4511.21,4360.18,4373.7,4391.83,4314.5,4326.5,4450.46
2025-09-03T00:00:00,4511.2,4360.18,4373.7,4391.83,4314.5,4326.49,4516.75,4415.61,4498.47,4491.84,4416.78,4490.64,4265,4257.2,4372.63,4210.61,4257.85,4283.23,679063.8777,340319.1826,356586.1861,513830.0395,524605.0512,487091.6861,2.969120530274377E9,1.483613909749367E9,1.588952837432261E9,2.24461098686617E9,2.275752549704531E9,2.146232316546182E9,4406428,2086140,2221987,4011776,4161006,3491341,324223.3629,180789.988,183775.3164,246147.2654,262315.1298,260805.1318,1.41750306420564E9,7.88720330984074E8,8.1912724358221E8,1.075592499534808E9,1.138093049510545E9,1.15095205893142E9,-0.033478823,0.003100789,0.004145232,-0.017607694,0.002781319,0.028651334797180177,4360.18,4373.7,4391.83,4314.5,4326.5,4450.46,4511.2,4360.18,4373.7,4391.83,4314.5,4326.49,4516.75,4415.61,4498.47,4491.84,4416.78,4490.64,4265,4257.2,4372.63,4210.61,4257.85,4283.23,679063.8777,340319.1826,356586.1861,513830.0395,524605.0512,487091.6861,2.969120530274377E9,1.483613909749367E9,1.588952837432261E9,2.24461098686617E9,2.275752549704531E9,2.146232316546182E9,4406428,2086140,2221987,4011776,4161006,3491341,324223.3629,180789.988,183775.3164,246147.2654,262315.1298,260805.1318,1.41750306420564E9,7.88720330984074E8,8.1912724358221E8,1.075592499534808E9,1.138093049510545E9,1.15095205893142E9,-0.033478823,0.003100789,0.004145232,-0.017607694,0.002781319,0.028651334797180177,4360.18,4373.7,4391.83,4314.5,4326.5,4450.46,4297.55
2025-09-04T00:00:00,4360.18,4373.7,4391.83,4314.5,4326.49,4450.46,4415.61,4498.47,4491.84,4416.78,4490.64,4482.05,4257.2,4372.63,4210.61,4257.85,4283.23,4265.33,340319.1826,356586.1861,513830.0395,524605.0512,487091.6861,471795.7096,1.483613909749367E9,1.588952837432261E9,2.24461098686617E9,2.275752549704531E9,2.146232316546182E9,2.061920365306792E9,2086140,2221987,4011776,4161006,3491341,4087637,180789.988,183775.3164,246147.2654,262315.1298,260805.1318,223178.8479,7.88720330984074E8,8.1912724358221E8,1.075592499534808E9,1.138093049510545E9,1.15095205893142E9,9.75391239955494E8,0.003100789,0.004145232,-0.017607694,0.002781319,0.028651334797180177,-0.034358246,4373.7,4391.83,4314.5,4326.5,4450.46,4297.55,4360.18,4373.7,4391.83,4314.5,4326.49,4450.46,4415.61,4498.47,4491.84,4416.78,4490.64,4482.05,4257.2,4372.63,4210.61,4257.85,4283.23,4265.33,340319.1826,356586.1861,513830.0395,524605.0512,487091.6861,471795.7096,1.483613909749367E9,1.588952837432261E9,2.24461098686617E9,2.275752549704531E9,2.146232316546182E9,2.061920365306792E9,2086140,2221987,4011776,4161006,3491341,4087637,180789.988,183775.3164,246147.2654,262315.1298,260805.1318,223178.8479,7.88720330984074E8,8.1912724358221E8,1.075592499534808E9,1.138093049510545E9,1.15095205893142E9,9.75391239955494E8,0.003100789,0.004145232,-0.017607694,0.002781319,0.028651334797180177,-0.034358246,4373.7,4391.83,4314.5,4326.5,4450.46,4297.55,4307.45
2025-09-05T00:00:00,4373.7,4391.83,4314.5,4326.49,4450.46,4297.56,4498.47,4491.84,4416.78,4490.64,4482.05,4490,4372.63,4210.61,4257.85,4283.23,4265.33,4256.03,356586.1861,513830.0395,524605.0512,487091.6861,471795.7096,624169.8754,1.588952837432261E9,2.24461098686617E9,2.275752549704531E9,2.146232316546182E9,2.061920365306792E9,2.722930703949958E9,2221987,4011776,4161006,3491341,4087637,4751518,183775.3164,246147.2654,262315.1298,260805.1318,223178.8479,312428.2352,8.1912724358221E8,1.075592499534808E9,1.138093049510545E9,1.15095205893142E9,9.75391239955494E8,1.364013868120256E9,0.004145232,-0.017607694,0.002781319,0.028651334797180177,-0.034358246,0.002303638,4391.83,4314.5,4326.5,4450.46,4297.55,4307.45,4373.7,4391.83,4314.5,4326.49,4450.46,4297.56,4498.47,4491.84,4416.78,4490.64,4482.05,4490,4372.63,4210.61,4257.85,4283.23,4265.33,4256.03,356586.1861,513830.0395,524605.0512,487091.6861,471795.7096,624169.8754,1.588952837432261E9,2.24461098686617E9,2.275752549704531E9,2.146232316546182E9,2.061920365306792E9,2.722930703949958E9,2221987,4011776,4161006,3491341,4087637,4751518,183775.3164,246147.2654,262315.1298,260805.1318,223178.8479,312428.2352,8.1912724358221E8,1.075592499534808E9,1.138093049510545E9,1.15095205893142E9,9.75391239955494E8,1.364013868120256E9,0.004145232,-0.017607694,0.002781319,0.028651334797180177,-0.034358246,0.002303638,4391.83,4314.5,4326.5,4450.46,4297.55,4307.45,4273.14
2025-09-06T00:00:00,4391.83,4314.5,4326.49,4450.46,4297.56,4307.46,4491.84,4416.78,4490.64,4482.05,4490,4329.3,4210.61,4257.85,4283.23,4265.33,4256.03,4236,513830.0395,524605.0512,487091.6861,471795.7096,624169.8754,191166.0686,2.24461098686617E9,2.275752549704531E9,2.146232316546182E9,2.061920365306792E9,2.722930703949958E9,8.192437252123E8,4011776,4161006,3491341,4087637,4751518,1711937,246147.2654,262315.1298,260805.1318,223178.8479,312428.2352,90318.6833,1.075592499534808E9,1.138093049510545E9,1.15095205893142E9,9.75391239955494E8,1.364013868120256E9,3.87096202235548E8,-0.017607694,0.002781319,0.028651334797180177,-0.034358246,0.002303638,-0.007965269,4314.5,4326.5,4450.46,4297.55,4307.45,4273.14,4391.83,4314.5,4326.49,4450.46,4297.56,4307.46,4491.84,4416.78,4490.64,4482.05,4490,4329.3,4210.61,4257.85,4283.23,4265.33,4256.03,4236,513830.0395,524605.0512,487091.6861,471795.7096,624169.8754,191166.0686,2.24461098686617E9,2.275752549704531E9,2.146232316546182E9,2.061920365306792E9,2.722930703949958E9,8.192437252123E8,4011776,4161006,3491341,4087637,4751518,1711937,246147.2654,262315.1298,260805.1318,223178.8479,312428.2352,90318.6833,1.075592499534808E9,1.138093049510545E9,1.15095205893142E9,9.75391239955494E8,1.364013868120256E9,3.87096202235548E8,-0.017607694,0.002781319,0.028651334797180177,-0.034358246,0.002303638,-0.007965269,4314.5,4326.5,4450.46,4297.55,4307.45,4273.14,4306.19
2025-09-07T00:00:00,4314.5,4326.49,4450.46,4297.56,4307.46,4273.15,4416.78,4490.64,4482.05,4490,4329.3,4336.02,4257.85,4283.23,4265.33,4256.03,4236,4270.81,524605.0512,487091.6861,471795.7096,624169.8754,191166.0686,169620.8372,2.275752549704531E9,2.146232316546182E9,2.061920365306792E9,2.722930703949958E9,8.192437252123E8,7.29149678760542E8,4161006,3491341,4087637,4751518,1711937,1450115,262315.1298,260805.1318,223178.8479,312428.2352,90318.6833,88389.9104,1.138093049510545E9,1.15095205893142E9,9.75391239955494E8,1.364013868120256E9,3.87096202235548E8,3.79994466147124E8,0.002781319,0.028651334797180177,-0.034358246,0.002303638,-0.007965269,0.007734359,4326.5,4450.46,4297.55,4307.45,4273.14,4306.19,4314.5,4326.49,4450.46,4297.56,4307.46,4273.15,4416.78,4490.64,4482.05,4490,4329.3,4336.02,4257.85,4283.23,4265.33,4256.03,4236,4270.81,524605.0512,487091.6861,471795.7096,624169.8754,191166.0686,169620.8372,2.275752549704531E9,2.146232316546182E9,2.061920365306792E9,2.722930703949958E9,8.192437252123E8,7.29149678760542E8,4161006,3491341,4087637,4751518,1711937,1450115,262315.1298,260805.1318,223178.8479,312428.2352,90318.6833,88389.9104,1.138093049510545E9,1.15095205893142E9,9.75391239955494E8,1.364013868120256E9,3.87096202235548E8,3.79994466147124E8,0.002781319,0.028651334797180177,-0.034358246,0.002303638,-0.007965269,0.007734359,4326.5,4450.46,4297.55,4307.45,4273.14,4306.19,4306.37
2025-09-08T00:00:00,4326.49,4450.46,4297.56,4307.46,4273.15,4306.19,4490.64,4482.05,4490,4329.3,4336.02,4384.06,4283.23,4265.33,4256.03,4236,4270.81,4279,487091.6861,471795.7096,624169.8754,191166.0686,169620.8372,372882.4355,2.146232316546182E9,2.061920365306792E9,2.722930703949958E9,8.192437252123E8,7.29149678760542E8,1.611402674924859E9,3491341,4087637,4751518,1711937,1450115,2889398,260805.1318,223178.8479,312428.2352,90318.6833,88389.9104,185577.5078,1.15095205893142E9,9.75391239955494E8,1.364013868120256E9,3.87096202235548E8,3.79994466147124E8,8.0197316093579E8,0.028651334797180177,-0.034358246,0.002303638,-0.007965269,0.007734359,4.180029213766486E-5,4450.46,4297.55,4307.45,4273.14,4306.19,4306.37,4326.49,4450.46,4297.56,4307.46,4273.15,4306.19,4490.64,4482.05,4490,4329.3,4336.02,4384.06,4283.23,4265.33,4256.03,4236,4270.81,4279,487091.6861,471795.7096,624169.8754,191166.0686,169620.8372,372882.4355,2.146232316546182E9,2.061920365306792E9,2.722930703949958E9,8.192437252123E8,7.29149678760542E8,1.611402674924859E9,3491341,4087637,4751518,1711937,1450115,2889398,260805.1318,223178.8479,312428.2352,90318.6833,88389.9104,185577.5078,1.15095205893142E9,9.75391239955494E8,1.364013868120256E9,3.87096202235548E8,3.79994466147124E8,8.0197316093579E8,0.028651334797180177,-0.034358246,0.002303638,-0.007965269,0.007734359,4.180029213766486E-5,4450.46,4297.55,4307.45,4273.14,4306.19,4306.37,4310.09
2025-09-09T00:00:00,4450.46,4297.56,4307.46,4273.15,4306.19,4306.36,4482.05,4490,4329.3,4336.02,4384.06,4381.87,4265.33,4256.03,4236,4270.81,4279,4276.76,471795.7096,624169.8754,191166.0686,169620.8372,372882.4355,405485.7821,2.061920365306792E9,2.722930703949958E9,8.192437252123E8,7.29149678760542E8,1.611402674924859E9,1.751903233455334E9,4087637,4751518,1711937,1450115,2889398,3068397,223178.8479,312428.2352,90318.6833,88389.9104,185577.5078,197329.24,9.75391239955494E8,1.364013868120256E9,3.87096202235548E8,3.79994466147124E8,8.0197316093579E8,8.52710674591241E8,-0.034358246,0.002303638,-0.007965269,0.007734359,4.180029213766486E-5,8.638365955550161E-4,4297.55,4307.45,4273.14,4306.19,4306.37,4310.09,4450.46,4297.56,4307.46,4273.15,4306.19,4306.36,4482.05,4490,4329.3,4336.02,4384.06,4381.87,4265.33,4256.03,4236,4270.81,4279,4276.76,471795.7096,624169.8754,191166.0686,169620.8372,372882.4355,405485.7821,2.061920365306792E9,2.722930703949958E9,8.192437252123E8,7.29149678760542E8,1.611402674924859E9,1.751903233455334E9,4087637,4751518,1711937,1450115,2889398,3068397,223178.8479,312428.2352,90318.6833,88389.9104,185577.5078,197329.24,9.75391239955494E8,1.364013868120256E9,3.87096202235548E8,3.79994466147124E8,8.0197316093579E8,8.52710674591241E8,-0.034358246,0.002303638,-0.007965269,0.007734359,4.180029213766486E-5,8.638365955550161E-4,4297.55,4307.45,4273.14,4306.19,4306.37,4310.09,4349.32
2025-09-10T00:00:00,4297.56,4307.46,4273.15,4306.19,4306.36,4310.08,4490,4329.3,4336.02,4384.06,4381.87,4453.57,4256.03,4236,4270.81,4279,4276.76,4285.1,624169.8754,191166.0686,169620.8372,372882.4355,405485.7821,506633.9098,2.722930703949958E9,8.192437252123E8,7.29149678760542E8,1.611402674924859E9,1.751903233455334E9,2.207912091685508E9,4751518,1711937,1450115,2889398,3068397,3221192,312428.2352,90318.6833,88389.9104,185577.5078,197329.24,275693.6907,1.364013868120256E9,3.87096202235548E8,3.79994466147124E8,8.0197316093579E8,8.52710674591241E8,1.201067542577108E9,0.002303638,-0.007965269,0.007734359,4.180029213766486E-5,8.638365955550161E-4,0.009101898,4307.45,4273.14,4306.19,4306.37,4310.09,4349.32,4297.56,4307.46,4273.15,4306.19,4306.36,4310.08,4490,4329.3,4336.02,4384.06,4381.87,4453.57,4256.03,4236,4270.81,4279,4276.76,4285.1,624169.8754,191166.0686,169620.8372,372882.4355,405485.7821,506633.9098,2.722930703949958E9,8.192437252123E8,7.29149678760542E8,1.611402674924859E9,1.751903233455334E9,2.207912091685508E9,4751518,1711937,1450115,2889398,3068397,3221192,312428.2352,90318.6833,88389.9104,185577.5078,197329.24,275693.6907,1.364013868120256E9,3.87096202235548E8,3.79994466147124E8,8.0197316093579E8,8.52710674591241E8,1.201067542577108E9,0.002303638,-0.007965269,0.007734359,4.180029213766486E-5,8.638365955550161E-4,0.009101898,4307.45,4273.14,4306.19,4306.37,4310.09,4349.32,4458.82
2025-09-11T00:00:00,4307.46,4273.15,4306.19,4306.36,4310.08,4349.33,4329.3,4336.02,4384.06,4381.87,4453.57,4481.09,4236,4270.81,4279,4276.76,4285.1,4338.82,191166.0686,169620.8372,372882.4355,405485.7821,506633.9098,441259.6649,8.192437252123E8,7.29149678760542E8,1.611402674924859E9,1.751903233455334E9,2.207912091685508E9,1.949893256335128E9,1711937,1450115,2889398,3068397,3221192,3446340,90318.6833,88389.9104,185577.5078,197329.24,275693.6907,233524.3882,3.87096202235548E8,3.79994466147124E8,8.0197316093579E8,8.52710674591241E8,1.201067542577108E9,1.032162722674102E9,-0.007965269,0.007734359,4.180029213766486E-5,8.638365955550161E-4,0.009101898,0.025176349406343983,4273.14,4306.19,4306.37,4310.09,4349.32,4458.82,4307.46,4273.15,4306.19,4306.36,4310.08,4349.33,4329.3,4336.02,4384.06,4381.87,4453.57,4481.09,4236,4270.81,4279,4276.76,4285.1,4338.82,191166.0686,169620.8372,372882.4355,405485.7821,506633.9098,441259.6649,8.192437252123E8,7.29149678760542E8,1.611402674924859E9,1.751903233455334E9,2.207912091685508E9,1.949893256335128E9,1711937,1450115,2889398,3068397,3221192,3446340,90318.6833,88389.9104,185577.5078,197329.24,275693.6907,233524.3882,3.87096202235548E8,3.79994466147124E8,8.0197316093579E8,8.52710674591241E8,1.201067542577108E9,1.032162722674102E9,-0.007965269,0.007734359,4.180029213766486E-5,8.638365955550161E-4,0.009101898,0.025176349406343983,4273.14,4306.19,4306.37,4310.09,4349.32,4458.82,4712.16
2025-09-12T00:00:00,4273.15,4306.19,4306.36,4310.08,4349.33,4458.83,4336.02,4384.06,4381.87,4453.57,4481.09,4748.4,4270.81,4279,4276.76,4285.1,4338.82,4450.71,169620.8372,372882.4355,405485.7821,506633.9098,441259.6649,510777.5402,7.29149678760542E8,1.611402674924859E9,1.751903233455334E9,2.207912091685508E9,1.949893256335128E9,2.337299050098691E9,1450115,2889398,3068397,3221192,3446340,3859691,88389.9104,185577.5078,197329.24,275693.6907,233524.3882,260127.4464,3.79994466147124E8,8.0197316093579E8,8.52710674591241E8,1.201067542577108E9,1.032162722674102E9,1.190623320120003E9,0.007734359,4.180029213766486E-5,8.638365955550161E-4,0.009101898,0.025176349406343983,0.056817723074714874,4306.19,4306.37,4310.09,4349.32,4458.82,4712.16,4273.15,4306.19,4306.36,4310.08,4349.33,4458.83,4336.02,4384.06,4381.87,4453.57,4481.09,4748.4,4270.81,4279,4276.76,4285.1,4338.82,4450.71,169620.8372,372882.4355,405485.7821,506633.9098,441259.6649,510777.5402,7.29149678760542E8,1.611402674924859E9,1.751903233455334E9,2.207912091685508E9,1.949893256335128E9,2.337299050098691E9,1450115,2889398,3068397,3221192,3446340,3859691,88389.9104,185577.5078,197329.24,275693.6907,233524.3882,260127.4464,3.79994466147124E8,8.0197316093579E8,8.52710674591241E8,1.201067542577108E9,1.032162722674102E9,1.190623320120003E9,0.007734359,4.180029213766486E-5,8.638365955550161E-4,0.009101898,0.025176349406343983,0.056817723074714874,4306.19,4306.37,4310.09,4349.32,4458.82,4712.16,4666.53
2025-09-13T00:00:00,4306.19,4306.36,4310.08,4349.33,4458.83,4712.16,4384.06,4381.87,4453.57,4481.09,4748.4,4769.36,4279,4276.76,4285.1,4338.82,4450.71,4605,372882.4355,405485.7821,506633.9098,441259.6649,510777.5402,394393.6869,1.611402674924859E9,1.751903233455334E9,2.207912091685508E9,1.949893256335128E9,2.337299050098691E9,1.850836179983483E9,2889398,3068397,3221192,3446340,3859691,2711137,185577.5078,197329.24,275693.6907,233524.3882,260127.4464,194348.8388,8.0197316093579E8,8.52710674591241E8,1.201067542577108E9,1.032162722674102E9,1.190623320120003E9,9.12698240496336E8,4.180029213766486E-5,8.638365955550161E-4,0.009101898,0.025176349406343983,0.056817723074714874,-0.009683457,4306.37,4310.09,4349.32,4458.82,4712.16,4666.53,4306.19,4306.36,4310.08,4349.33,4458.83,4712.16,4384.06,4381.87,4453.57,4481.09,4748.4,4769.36,4279,4276.76,4285.1,4338.82,4450.71,4605,372882.4355,405485.7821,506633.9098,441259.6649,510777.5402,394393.6869,1.611402674924859E9,1.751903233455334E9,2.207912091685508E9,1.949893256335128E9,2.337299050098691E9,1.850836179983483E9,2889398,3068397,3221192,3446340,3859691,2711137,185577.5078,197329.24,275693.6907,233524.3882,260127.4464,194348.8388,8.0197316093579E8,8.52710674591241E8,1.201067542577108E9,1.032162722674102E9,1.190623320120003E9,9.12698240496336E8,4.180029213766486E-5,8.638365955550161E-4,0.009101898,0.025176349406343983,0.056817723074714874,-0.009683457,4306.37,4310.09,4349.32,4458.82,4712.16,4666.53,4604.49
2025-09-14T00:00:00,4306.36,4310.08,4349.33,4458.83,4712.16,4666.54,4381.87,4453.57,4481.09,4748.4,4769.36,4692.36,4276.76,4285.1,4338.82,4450.71,4605,4576.89,405485.7821,506633.9098,441259.6649,510777.5402,394393.6869,278244.3205,1.751903233455334E9,2.207912091685508E9,1.949893256335128E9,2.337299050098691E9,1.850836179983483E9,1.287527692946413E9,3068397,3221192,3446340,3859691,2711137,2561665,197329.24,275693.6907,233524.3882,260127.4464,194348.8388,119825.8078,8.52710674591241E8,1.201067542577108E9,1.032162722674102E9,1.190623320120003E9,9.12698240496336E8,5.54538161069432E8,8.638365955550161E-4,0.009101898,0.025176349406343983,0.056817723074714874,-0.009683457,-0.013294675,4310.09,4349.32,4458.82,4712.16,4666.53,4604.49,4306.36,4310.08,4349.33,4458.83,4712.16,4666.54,4381.87,4453.57,4481.09,4748.4,4769.36,4692.36,4276.76,4285.1,4338.82,4450.71,4605,4576.89,405485.7821,506633.9098,441259.6649,510777.5402,394393.6869,278244.3205,1.751903233455334E9,2.207912091685508E9,1.949893256335128E9,2.337299050098691E9,1.850836179983483E9,1.287527692946413E9,3068397,3221192,3446340,3859691,2711137,2561665,197329.24,275693.6907,233524.3882,260127.4464,194348.8388,119825.8078,8.52710674591241E8,1.201067542577108E9,1.032162722674102E9,1.190623320120003E9,9.12698240496336E8,5.54538161069432E8,8.638365955550161E-4,0.009101898,0.025176349406343983,0.056817723074714874,-0.009683457,-0.013294675,4310.09,4349.32,4458.82,4712.16,4666.53,4604.49,4523.74
2025-09-15T00:00:00,4310.08,4349.33,4458.83,4712.16,4666.54,4604.48,4453.57,4481.09,4748.4,4769.36,4692.36,4670.28,4285.1,4338.82,4450.71,4605,4576.89,4466,506633.9098,441259.6649,510777.5402,394393.6869,278244.3205,412291.9687,2.207912091685508E9,1.949893256335128E9,2.337299050098691E9,1.850836179983483E9,1.287527692946413E9,1.874781946015099E9,3221192,3446340,3859691,2711137,2561665,3889905,275693.6907,233524.3882,260127.4464,194348.8388,119825.8078,203592.7664,1.201067542577108E9,1.032162722674102E9,1.190623320120003E9,9.12698240496336E8,5.54538161069432E8,9.2589386009543E8,0.009101898,0.025176349406343983,0.056817723074714874,-0.009683457,-0.013294675,-0.01753723,4349.32,4458.82,4712.16,4666.53,4604.49,4523.74,4310.08,4349.33,4458.83,4712.16,4666.54,4604.48,4453.57,4481.09,4748.4,4769.36,4692.36,4670.28,4285.1,4338.82,4450.71,4605,4576.89,4466,506633.9098,441259.6649,510777.5402,394393.6869,278244.3205,412291.9687,2.207912091685508E9,1.949893256335128E9,2.337299050098691E9,1.850836179983483E9,1.287527692946413E9,1.874781946015099E9,3221192,3446340,3859691,2711137,2561665,3889905,275693.6907,233524.3882,260127.4464,194348.8388,119825.8078,203592.7664,1.201067542577108E9,1.032162722674102E9,1.190623320120003E9,9.12698240496336E8,5.54538161069432E8,9.2589386009543E8,0.009101898,0.025176349406343983,0.056817723074714874,-0.009683457,-0.013294675,-0.01753723,4349.32,4458.82,4712.16,4666.53,4604.49,4523.74,4501.29
2025-09-16T00:00:00,4349.33,4458.83,4712.16,4666.54,4604.48,4523.74,4481.09,4748.4,4769.36,4692.36,4670.28,4538.25,4338.82,4450.71,4605,4576.89,4466,4424,441259.6649,510777.5402,394393.6869,278244.3205,412291.9687,293307.1099,1.949893256335128E9,2.337299050098691E9,1.850836179983483E9,1.287527692946413E9,1.874781946015099E9,1.315498731650004E9,3446340,3859691,2711137,2561665,3889905,2967454,233524.3882,260127.4464,194348.8388,119825.8078,203592.7664,149843.5255,1.032162722674102E9,1.190623320120003E9,9.12698240496336E8,5.54538161069432E8,9.2589386009543E8,6.71943724597036E8,0.025176349406343983,0.056817723074714874,-0.009683457,-0.013294675,-0.01753723,-0.004962708,4458.82,4712.16,4666.53,4604.49,4523.74,4501.29,4349.33,4458.83,4712.16,4666.54,4604.48,4523.74,4481.09,4748.4,4769.36,4692.36,4670.28,4538.25,4338.82,4450.71,4605,4576.89,4466,4424,441259.6649,510777.5402,394393.6869,278244.3205,412291.9687,293307.1099,1.949893256335128E9,2.337299050098691E9,1.850836179983483E9,1.287527692946413E9,1.874781946015099E9,1.315498731650004E9,3446340,3859691,2711137,2561665,3889905,2967454,233524.3882,260127.4464,194348.8388,119825.8078,203592.7664,149843.5255,1.032162722674102E9,1.190623320120003E9,9.12698240496336E8,5.54538161069432E8,9.2589386009543E8,6.71943724597036E8,0.025176349406343983,0.056817723074714874,-0.009683457,-0.013294675,-0.01753723,-0.004962708,4458.82,4712.16,4666.53,4604.49,4523.74,4501.29,4590.53
2025-09-17T00:00:00,4458.83,4712.16,4666.54,4604.48,4523.74,4501.3,4748.4,4769.36,4692.36,4670.28,4538.25,4616.77,4450.71,4605,4576.89,4466,4424,4412,510777.5402,394393.6869,278244.3205,412291.9687,293307.1099,476981.4561,2.337299050098691E9,1.850836179983483E9,1.287527692946413E9,1.874781946015099E9,1.315498731650004E9,2.149457762913816E9,3859691,2711137,2561665,3889905,2967454,3859374,260127.4464,194348.8388,119825.8078,203592.7664,149843.5255,239986.8267,1.190623320120003E9,9.12698240496336E8,5.54538161069432E8,9.2589386009543E8,6.71943724597036E8,1.081954417390737E9,0.056817723074714874,-0.009683457,-0.013294675,-0.01753723,-0.004962708,0.019825427821802147,4712.16,4666.53,4604.49,4523.74,4501.29,4590.53,4458.83,4712.16,4666.54,4604.48,4523.74,4501.3,4748.4,4769.36,4692.36,4670.28,4538.25,4616.77,4450.71,4605,4576.89,4466,4424,4412,510777.5402,394393.6869,278244.3205,412291.9687,293307.1099,476981.4561,2.337299050098691E9,1.850836179983483E9,1.287527692946413E9,1.874781946015099E9,1.315498731650004E9,2.149457762913816E9,3859691,2711137,2561665,3889905,2967454,3859374,260127.4464,194348.8388,119825.8078,203592.7664,149843.5255,239986.8267,1.190623320120003E9,9.12698240496336E8,5.54538161069432E8,9.2589386009543E8,6.71943724597036E8,1.081954417390737E9,0.056817723074714874,-0.009683457,-0.013294675,-0.01753723,-0.004962708,0.019825427821802147,4712.16,4666.53,4604.49,4523.74,4501.29,4590.53,4587.66
2025-09-18T00:00:00,4712.16,4666.54,4604.48,4523.74,4501.3,4590.54,4769.36,4692.36,4670.28,4538.25,4616.77,4644.47,4605,4576.89,4466,4424,4412,4553.7,394393.6869,278244.3205,412291.9687,293307.1099,476981.4561,290660.377,1.850836179983483E9,1.287527692946413E9,1.874781946015099E9,1.315498731650004E9,2.149457762913816E9,1.336761563704996E9,2711137,2561665,3889905,2967454,3859374,2922079,194348.8388,119825.8078,203592.7664,149843.5255,239986.8267,146325.1789,9.12698240496336E8,5.54538161069432E8,9.2589386009543E8,6.71943724597036E8,1.081954417390737E9,6.73188179996935E8,-0.009683457,-0.013294675,-0.01753723,-0.004962708,0.019825427821802147,-6.25E-04,4666.53,4604.49,4523.74,4501.29,4590.53,4587.66,4712.16,4666.54,4604.48,4523.74,4501.3,4590.54,4769.36,4692.36,4670.28,4538.25,4616.77,4644.47,4605,4576.89,4466,4424,4412,4553.7,394393.6869,278244.3205,412291.9687,293307.1099,476981.4561,290660.377,1.850836179983483E9,1.287527692946413E9,1.874781946015099E9,1.315498731650004E9,2.149457762913816E9,1.336761563704996E9,2711137,2561665,3889905,2967454,3859374,2922079,194348.8388,119825.8078,203592.7664,149843.5255,239986.8267,146325.1789,9.12698240496336E8,5.54538161069432E8,9.2589386009543E8,6.71943724597036E8,1.081954417390737E9,6.73188179996935E8,-0.009683457,-0.013294675,-0.01753723,-0.004962708,0.019825427821802147,-6.25E-04,4666.53,4604.49,4523.74,4501.29,4590.53,4587.66,4468.59
2025-09-19T00:00:00,4666.54,4604.48,4523.74,4501.3,4590.54,4587.66,4692.36,4670.28,4538.25,4616.77,4644.47,4620.72,4576.89,4466,4424,4412,4553.7,4435.7,278244.3205,412291.9687,293307.1099,476981.4561,290660.377,331611.1482,1.287527692946413E9,1.874781946015099E9,1.315498731650004E9,2.149457762913816E9,1.336761563704996E9,1.495953132099773E9,2561665,3889905,2967454,3859374,2922079,2302227,119825.8078,203592.7664,149843.5255,239986.8267,146325.1789,143873.0695,5.54538161069432E8,9.2589386009543E8,6.71943724597036E8,1.081954417390737E9,6.73188179996935E8,6.49024828894893E8,-0.013294675,-0.01753723,-0.004962708,0.019825427821802147,-6.25E-04,-0.025954408,4604.49,4523.74,4501.29,4590.53,4587.66,4468.59,4666.54,4604.48,4523.74,4501.3,4590.54,4587.66,4692.36,4670.28,4538.25,4616.77,4644.47,4620.72,4576.89,4466,4424,4412,4553.7,4435.7,278244.3205,412291.9687,293307.1099,476981.4561,290660.377,331611.1482,1.287527692946413E9,1.874781946015099E9,1.315498731650004E9,2.149457762913816E9,1.336761563704996E9,1.495953132099773E9,2561665,3889905,2967454,3859374,2922079,2302227,119825.8078,203592.7664,149843.5255,239986.8267,146325.1789,143873.0695,5.54538161069432E8,9.2589386009543E8,6.71943724597036E8,1.081954417390737E9,6.73188179996935E8,6.49024828894893E8,-0.013294675,-0.01753723,-0.004962708,0.019825427821802147,-6.25E-04,-0.025954408,4604.49,4523.74,4501.29,4590.53,4587.66,4468.59,4480.42
2025-09-20T00:00:00,4604.48,4523.74,4501.3,4590.54,4587.66,4468.59,4670.28,4538.25,4616.77,4644.47,4620.72,4508.71,4466,4424,4412,4553.7,4435.7,4454.45,412291.9687,293307.1099,476981.4561,290660.377,331611.1482,130781.913,1.874781946015099E9,1.315498731650004E9,2.149457762913816E9,1.336761563704996E9,1.495953132099773E9,5.85813348774924E8,3889905,2967454,3859374,2922079,2302227,1094083,203592.7664,149843.5255,239986.8267,146325.1789,143873.0695,65379.0397,9.2589386009543E8,6.71943724597036E8,1.081954417390737E9,6.73188179996935E8,6.49024828894893E8,2.92888970600943E8,-0.01753723,-0.004962708,0.019825427821802147,-6.25E-04,-0.025954408,0.002647368,4523.74,4501.29,4590.53,4587.66,4468.59,4480.42,4604.48,4523.74,4501.3,4590.54,4587.66,4468.59,4670.28,4538.25,4616.77,4644.47,4620.72,4508.71,4466,4424,4412,4553.7,4435.7,4454.45,412291.9687,293307.1099,476981.4561,290660.377,331611.1482,130781.913,1.874781946015099E9,1.315498731650004E9,2.149457762913816E9,1.336761563704996E9,1.495953132099773E9,5.85813348774924E8,3889905,2967454,3859374,2922079,2302227,1094083,203592.7664,149843.5255,239986.8267,146325.1789,143873.0695,65379.0397,9.2589386009543E8,6.71943724597036E8,1.081954417390737E9,6.73188179996935E8,6.49024828894893E8,2.92888970600943E8,-0.01753723,-0.004962708,0.019825427821802147,-6.25E-04,-0.025954408,0.002647368,4523.74,4501.29,4590.53,4587.66,4468.59,4480.42,4444.97
2025-09-21T00:00:00,4523.74,4501.3,4590.54,4587.66,4468.59,4480.41,4538.25,4616.77,4644.47,4620.72,4508.71,4498.16,4424,4412,4553.7,4435.7,4454.45,4443,293307.1099,476981.4561,290660.377,331611.1482,130781.913,149349.8262,1.315498731650004E9,2.149457762913816E9,1.336761563704996E9,1.495953132099773E9,5.85813348774924E8,6.68077573112986E8,2967454,3859374,2922079,2302227,1094083,1098813,149843.5255,239986.8267,146325.1789,143873.0695,65379.0397,74558.8041,6.71943724597036E8,1.081954417390737E9,6.73188179996935E8,6.49024828894893E8,2.92888970600943E8,3.33524523784046E8,-0.004962708,0.019825427821802147,-6.25E-04,-0.025954408,0.002647368,-0.007912205,4501.29,4590.53,4587.66,4468.59,4480.42,4444.97,4523.74,4501.3,4590.54,4587.66,4468.59,4480.41,4538.25,4616.77,4644.47,4620.72,4508.71,4498.16,4424,4412,4553.7,4435.7,4454.45,4443,293307.1099,476981.4561,290660.377,331611.1482,130781.913,149349.8262,1.315498731650004E9,2.149457762913816E9,1.336761563704996E9,1.495953132099773E9,5.85813348774924E8,6.68077573112986E8,2967454,3859374,2922079,2302227,1094083,1098813,149843.5255,239986.8267,146325.1789,143873.0695,65379.0397,74558.8041,6.71943724597036E8,1.081954417390737E9,6.73188179996935E8,6.49024828894893E8,2.92888970600943E8,3.33524523784046E8,-0.004962708,0.019825427821802147,-6.25E-04,-0.025954408,0.002647368,-0.007912205,4501.29,4590.53,4587.66,4468.59,4480.42,4444.97,4199.08
2025-09-22T00:00:00,4501.3,4590.54,4587.66,4468.59,4480.41,4444.98,4616.77,4644.47,4620.72,4508.71,4498.16,4455.76,4412,4553.7,4435.7,4454.45,4443,4077,476981.4561,290660.377,331611.1482,130781.913,149349.8262,708243.2348,2.149457762913816E9,1.336761563704996E9,1.495953132099773E9,5.85813348774924E8,6.68077573112986E8,2.991392446130756E9,3859374,2922079,2302227,1094083,1098813,4143966,239986.8267,146325.1789,143873.0695,65379.0397,74558.8041,343579.0176,1.081954417390737E9,6.73188179996935E8,6.49024828894893E8,2.92888970600943E8,3.33524523784046E8,1.450404524234355E9,0.019825427821802147,-6.25E-04,-0.025954408,0.002647368,-0.007912205,-0.055318709,4590.53,4587.66,4468.59,4480.42,4444.97,4199.08,4501.3,4590.54,4587.66,4468.59,4480.41,4444.98,4616.77,4644.47,4620.72,4508.71,4498.16,4455.76,4412,4553.7,4435.7,4454.45,4443,4077,476981.4561,290660.377,331611.1482,130781.913,149349.8262,708243.2348,2.149457762913816E9,1.336761563704996E9,1.495953132099773E9,5.85813348774924E8,6.68077573112986E8,2.991392446130756E9,3859374,2922079,2302227,1094083,1098813,4143966,239986.8267,146325.1789,143873.0695,65379.0397,74558.8041,343579.0176,1.081954417390737E9,6.73188179996935E8,6.49024828894893E8,2.92888970600943E8,3.33524523784046E8,1.450404524234355E9,0.019825427821802147,-6.25E-04,-0.025954408,0.002647368,-0.007912205,-0.055318709,4590.53,4587.66,4468.59,4480.42,4444.97,4199.08,4164.26
2025-09-23T00:00:00,4590.54,4587.66,4468.59,4480.41,4444.98,4199.09,4644.47,4620.72,4508.71,4498.16,4455.76,4229.03,4553.7,4435.7,4454.45,4443,4077,4114.39,290660.377,331611.1482,130781.913,149349.8262,708243.2348,315227.9057,1.336761563704996E9,1.495953132099773E9,5.85813348774924E8,6.68077573112986E8,2.991392446130756E9,1.318382529127912E9,2922079,2302227,1094083,1098813,4143966,3449275,146325.1789,143873.0695,65379.0397,74558.8041,343579.0176,157024.3339,6.73188179996935E8,6.49024828894893E8,2.92888970600943E8,3.33524523784046E8,1.450404524234355E9,6.56858840051957E8,-6.25E-04,-0.025954408,0.002647368,-0.007912205,-0.055318709,-0.008292293,4587.66,4468.59,4480.42,4444.97,4199.08,4164.26,4590.54,4587.66,4468.59,4480.41,4444.98,4199.09,4644.47,4620.72,4508.71,4498.16,4455.76,4229.03,4553.7,4435.7,4454.45,4443,4077,4114.39,290660.377,331611.1482,130781.913,149349.8262,708243.2348,315227.9057,1.336761563704996E9,1.495953132099773E9,5.85813348774924E8,6.68077573112986E8,2.991392446130756E9,1.318382529127912E9,2922079,2302227,1094083,1098813,4143966,3449275,146325.1789,143873.0695,65379.0397,74558.8041,343579.0176,157024.3339,6.73188179996935E8,6.49024828894893E8,2.92888970600943E8,3.33524523784046E8,1.450404524234355E9,6.56858840051957E8,-6.25E-04,-0.025954408,0.002647368,-0.007912205,-0.055318709,-0.008292293,4587.66,4468.59,4480.42,4444.97,4199.08,4164.26,4152.81
2025-09-24T00:00:00,4587.66,4468.59,4480.41,4444.98,4199.09,4164.25,4620.72,4508.71,4498.16,4455.76,4229.03,4206.9,4435.7,4454.45,4443,4077,4114.39,4073.74,331611.1482,130781.913,149349.8262,708243.2348,315227.9057,353665.5671,1.495953132099773E9,5.85813348774924E8,6.68077573112986E8,2.991392446130756E9,1.318382529127912E9,1.472276097667921E9,2302227,1094083,1098813,4143966,3449275,3119658,143873.0695,65379.0397,74558.8041,343579.0176,157024.3339,166727.3367,6.49024828894893E8,2.92888970600943E8,3.33524523784046E8,1.450404524234355E9,6.56858840051957E8,6.94041084405745E8,-0.025954408,0.002647368,-0.007912205,-0.055318709,-0.008292293,-0.002749588,4468.59,4480.42,4444.97,4199.08,4164.26,4152.81,4587.66,4468.59,4480.41,4444.98,4199.09,4164.25,4620.72,4508.71,4498.16,4455.76,4229.03,4206.9,4435.7,4454.45,4443,4077,4114.39,4073.74,331611.1482,130781.913,149349.8262,708243.2348,315227.9057,353665.5671,1.495953132099773E9,5.85813348774924E8,6.68077573112986E8,2.991392446130756E9,1.318382529127912E9,1.472276097667921E9,2302227,1094083,1098813,4143966,3449275,3119658,143873.0695,65379.0397,74558.8041,343579.0176,157024.3339,166727.3367,6.49024828894893E8,2.92888970600943E8,3.33524523784046E8,1.450404524234355E9,6.56858840051957E8,6.94041084405745E8,-0.025954408,0.002647368,-0.007912205,-0.055318709,-0.008292293,-0.002749588,4468.59,4480.42,4444.97,4199.08,4164.26,4152.81,3874.36
2025-09-25T00:00:00,4468.59,4480.41,4444.98,4199.09,4164.25,4152.81,4508.71,4498.16,4455.76,4229.03,4206.9,4161.04,4454.45,4443,4077,4114.39,4073.74,3815,130781.913,149349.8262,708243.2348,315227.9057,353665.5671,930327.6951,5.85813348774924E8,6.68077573112986E8,2.991392446130756E9,1.318382529127912E9,1.472276097667921E9,3.702962412917114E9,1094083,1098813,4143966,3449275,3119658,7611345,65379.0397,74558.8041,343579.0176,157024.3339,166727.3367,441393.5543,2.92888970600943E8,3.33524523784046E8,1.450404524234355E9,6.56858840051957E8,6.94041084405745E8,1.756048962795275E9,0.002647368,-0.007912205,-0.055318709,-0.008292293,-0.002749588,-0.067050985,4480.42,4444.97,4199.08,4164.26,4152.81,3874.36,4468.59,4480.41,4444.98,4199.09,4164.25,4152.81,4508.71,4498.16,4455.76,4229.03,4206.9,4161.04,4454.45,4443,4077,4114.39,4073.74,3815,130781.913,149349.8262,708243.2348,315227.9057,353665.5671,930327.6951,5.85813348774924E8,6.68077573112986E8,2.991392446130756E9,1.318382529127912E9,1.472276097667921E9,3.702962412917114E9,1094083,1098813,4143966,3449275,3119658,7611345,65379.0397,74558.8041,343579.0176,157024.3339,166727.3367,441393.5543,2.92888970600943E8,3.33524523784046E8,1.450404524234355E9,6.56858840051957E8,6.94041084405745E8,1.756048962795275E9,0.002647368,-0.007912205,-0.055318709,-0.008292293,-0.002749588,-0.067050985,4480.42,4444.97,4199.08,4164.26,4152.81,3874.36,4032.24
2025-09-26T00:00:00,4480.41,4444.98,4199.09,4164.25,4152.81,3874.35,4498.16,4455.76,4229.03,4206.9,4161.04,4068.3,4443,4077,4114.39,4073.74,3815,3867.65,149349.8262,708243.2348,315227.9057,353665.5671,930327.6951,575711.0859,6.68077573112986E8,2.991392446130756E9,1.318382529127912E9,1.472276097667921E9,3.702962412917114E9,2.275867014046836E9,1098813,4143966,3449275,3119658,7611345,5466636,74558.8041,343579.0176,157024.3339,166727.3367,441393.5543,307750.3457,3.33524523784046E8,1.450404524234355E9,6.56858840051957E8,6.94041084405745E8,1.756048962795275E9,1.21644294406247E9,-0.007912205,-0.055318709,-0.008292293,-0.002749588,-0.067050985,0.040749956,4444.97,4199.08,4164.26,4152.81,3874.36,4032.24,4480.41,4444.98,4199.09,4164.25,4152.81,3874.35,4498.16,4455.76,4229.03,4206.9,4161.04,4068.3,4443,4077,4114.39,4073.74,3815,3867.65,149349.8262,708243.2348,315227.9057,353665.5671,930327.6951,575711.0859,6.68077573112986E8,2.991392446130756E9,1.318382529127912E9,1.472276097667921E9,3.702962412917114E9,2.275867014046836E9,1098813,4143966,3449275,3119658,7611345,5466636,74558.8041,343579.0176,157024.3339,166727.3367,441393.5543,307750.3457,3.33524523784046E8,1.450404524234355E9,6.56858840051957E8,6.94041084405745E8,1.756048962795275E9,1.21644294406247E9,-0.007912205,-0.055318709,-0.008292293,-0.002749588,-0.067050985,0.040749956,4444.97,4199.08,4164.26,4152.81,3874.36,4032.24,4018.38
2025-09-27T00:00:00,4444.98,4199.09,4164.25,4152.81,3874.35,4032.24,4455.76,4229.03,4206.9,4161.04,4068.3,4039.01,4077,4114.39,4073.74,3815,3867.65,3972.98,708243.2348,315227.9057,353665.5671,930327.6951,575711.0859,172693.2638,2.991392446130756E9,1.318382529127912E9,1.472276097667921E9,3.702962412917114E9,2.275867014046836E9,6.92281857207582E8,4143966,3449275,3119658,7611345,5466636,1940113,343579.0176,157024.3339,166727.3367,441393.5543,307750.3457,79817.4035,1.450404524234355E9,6.56858840051957E8,6.94041084405745E8,1.756048962795275E9,1.21644294406247E9,3.20025622513547E8,-0.055318709,-0.008292293,-0.002749588,-0.067050985,0.040749956,-0.003437295,4199.08,4164.26,4152.81,3874.36,4032.24,4018.38,4444.98,4199.09,4164.25,4152.81,3874.35,4032.24,4455.76,4229.03,4206.9,4161.04,4068.3,4039.01,4077,4114.39,4073.74,3815,3867.65,3972.98,708243.2348,315227.9057,353665.5671,930327.6951,575711.0859,172693.2638,2.991392446130756E9,1.318382529127912E9,1.472276097667921E9,3.702962412917114E9,2.275867014046836E9,6.92281857207582E8,4143966,3449275,3119658,7611345,5466636,1940113,343579.0176,157024.3339,166727.3367,441393.5543,307750.3457,79817.4035,1.450404524234355E9,6.56858840051957E8,6.94041084405745E8,1.756048962795275E9,1.21644294406247E9,3.20025622513547E8,-0.055318709,-0.008292293,-0.002749588,-0.067050985,0.040749956,-0.003437295,4199.08,4164.26,4152.81,3874.36,4032.24,4018.38,4142.16
2025-09-28T00:00:00,4199.09,4164.25,4152.81,3874.35,4032.24,4018.39,4229.03,4206.9,4161.04,4068.3,4039.01,4144.88,4114.39,4073.74,3815,3867.65,3972.98,3966,315227.9057,353665.5671,930327.6951,575711.0859,172693.2638,240331.8589,1.318382529127912E9,1.472276097667921E9,3.702962412917114E9,2.275867014046836E9,6.92281857207582E8,9.72239151627579E8,3449275,3119658,7611345,5466636,1940113,2500609,157024.3339,166727.3367,441393.5543,307750.3457,79817.4035,140010.7323,6.56858840051957E8,6.94041084405745E8,1.756048962795275E9,1.21644294406247E9,3.20025622513547E8,5.66880552499075E8,-0.008292293,-0.002749588,-0.067050985,0.040749956,-0.003437295,0.030803458109984555,4164.26,4152.81,3874.36,4032.24,4018.38,4142.16,4199.09,4164.25,4152.81,3874.35,4032.24,4018.39,4229.03,4206.9,4161.04,4068.3,4039.01,4144.88,4114.39,4073.74,3815,3867.65,3972.98,3966,315227.9057,353665.5671,930327.6951,575711.0859,172693.2638,240331.8589,1.318382529127912E9,1.472276097667921E9,3.702962412917114E9,2.275867014046836E9,6.92281857207582E8,9.72239151627579E8,3449275,3119658,7611345,5466636,1940113,2500609,157024.3339,166727.3367,441393.5543,307750.3457,79817.4035,140010.7323,6.56858840051957E8,6.94041084405745E8,1.756048962795275E9,1.21644294406247E9,3.20025622513547E8,5.66880552499075E8,-0.008292293,-0.002749588,-0.067050985,0.040749956,-0.003437295,0.030803458109984555,4164.26,4152.81,3874.36,4032.24,4018.38,4142.16,4215.07
2025-09-29T00:00:00,4164.25,4152.81,3874.35,4032.24,4018.39,4142.16,4206.9,4161.04,4068.3,4039.01,4144.88,4235.86,4073.74,3815,3867.65,3972.98,3966,4082.25,353665.5671,930327.6951,575711.0859,172693.2638,240331.8589,380728.6784,1.472276097667921E9,3.702962412917114E9,2.275867014046836E9,6.92281857207582E8,9.72239151627579E8,1.580732256801187E9,3119658,7611345,5466636,1940113,2500609,3612246,166727.3367,441393.5543,307750.3457,79817.4035,140010.7323,199061.7147,6.94041084405745E8,1.756048962795275E9,1.21644294406247E9,3.20025622513547E8,5.66880552499075E8,8.26365235842847E8,-0.002749588,-0.067050985,0.040749956,-0.003437295,0.030803458109984555,0.017601927496764938,4152.81,3874.36,4032.24,4018.38,4142.16,4215.07,4164.25,4152.81,3874.35,4032.24,4018.39,4142.16,4206.9,4161.04,4068.3,4039.01,4144.88,4235.86,4073.74,3815,3867.65,3972.98,3966,4082.25,353665.5671,930327.6951,575711.0859,172693.2638,240331.8589,380728.6784,1.472276097667921E9,3.702962412917114E9,2.275867014046836E9,6.92281857207582E8,9.72239151627579E8,1.580732256801187E9,3119658,7611345,5466636,1940113,2500609,3612246,166727.3367,441393.5543,307750.3457,79817.4035,140010.7323,199061.7147,6.94041084405745E8,1.756048962795275E9,1.21644294406247E9,3.20025622513547E8,5.66880552499075E8,8.26365235842847E8,-0.002749588,-0.067050985,0.040749956,-0.003437295,0.030803458109984555,0.017601927496764938,4152.81,3874.36,4032.24,4018.38,4142.16,4215.07,4145.15
2025-09-30T00:00:00,4152.81,3874.35,4032.24,4018.39,4142.16,4215.07,4161.04,4068.3,4039.01,4144.88,4235.86,4245,3815,3867.65,3972.98,3966,4082.25,4092.1,930327.6951,575711.0859,172693.2638,240331.8589,380728.6784,391126.6172,3.702962412917114E9,2.275867014046836E9,6.92281857207582E8,9.72239151627579E8,1.580732256801187E9,1.625808124643462E9,7611345,5466636,1940113,2500609,3612246,4118784,441393.5543,307750.3457,79817.4035,140010.7323,199061.7147,181458.9958,1.756048962795275E9,1.21644294406247E9,3.20025622513547E8,5.66880552499075E8,8.26365235842847E8,7.54666917727574E8,-0.067050985,0.040749956,-0.003437295,0.030803458109984555,0.017601927496764938,-0.016588099,3874.36,4032.24,4018.38,4142.16,4215.07,4145.15,4152.81,3874.35,4032.24,4018.39,4142.16,4215.07,4161.04,4068.3,4039.01,4144.88,4235.86,4245,3815,3867.65,3972.98,3966,4082.25,4092.1,930327.6951,575711.0859,172693.2638,240331.8589,380728.6784,391126.6172,3.702962412917114E9,2.275867014046836E9,6.92281857207582E8,9.72239151627579E8,1.580732256801187E9,1.625808124643462E9,7611345,5466636,1940113,2500609,3612246,4118784,441393.5543,307750.3457,79817.4035,140010.7323,199061.7147,181458.9958,1.756048962795275E9,1.21644294406247E9,3.20025622513547E8,5.66880552499075E8,8.26365235842847E8,7.54666917727574E8,-0.067050985,0.040749956,-0.003437295,0.030803458109984555,0.017601927496764938,-0.016588099,3874.36,4032.24,4018.38,4142.16,4215.07,4145.15,4348.03
2025-10-01T00:00:00,3874.35,4032.24,4018.39,4142.16,4215.07,4145.15,4068.3,4039.01,4144.88,4235.86,4245,4355.46,3867.65,3972.98,3966,4082.25,4092.1,4123.08,575711.0859,172693.2638,240331.8589,380728.6784,391126.6172,507026.3822,2.275867014046836E9,6.92281857207582E8,9.72239151627579E8,1.580732256801187E9,1.625808124643462E9,2.165739972371045E9,5466636,1940113,2500609,3612246,4118784,4138481,307750.3457,79817.4035,140010.7323,199061.7147,181458.9958,247673.9891,1.21644294406247E9,3.20025622513547E8,5.66880552499075E8,8.26365235842847E8,7.54666917727574E8,1.059254829127008E9,0.040749956,-0.003437295,0.030803458109984555,0.017601927496764938,-0.016588099,0.048943947,4032.24,4018.38,4142.16,4215.07,4145.15,4348.03,3874.35,4032.24,4018.39,4142.16,4215.07,4145.15,4068.3,4039.01,4144.88,4235.86,4245,4355.46,3867.65,3972.98,3966,4082.25,4092.1,4123.08,575711.0859,172693.2638,240331.8589,380728.6784,391126.6172,507026.3822,2.275867014046836E9,6.92281857207582E8,9.72239151627579E8,1.580732256801187E9,1.625808124643462E9,2.165739972371045E9,5466636,1940113,2500609,3612246,4118784,4138481,307750.3457,79817.4035,140010.7323,199061.7147,181458.9958,247673.9891,1.21644294406247E9,3.20025622513547E8,5.66880552499075E8,8.26365235842847E8,7.54666917727574E8,1.059254829127008E9,0.040749956,-0.003437295,0.030803458109984555,0.017601927496764938,-0.016588099,0.048943947,4032.24,4018.38,4142.16,4215.07,4145.15,4348.03,4484.35
2025-10-02T00:00:00,4032.24,4018.39,4142.16,4215.07,4145.15,4348.03,4039.01,4144.88,4235.86,4245,4355.46,4516.74,3972.98,3966,4082.25,4092.1,4123.08,4332.73,172693.2638,240331.8589,380728.6784,391126.6172,507026.3822,526411.1571,6.92281857207582E8,9.72239151627579E8,1.580732256801187E9,1.625808124643462E9,2.165739972371045E9,2.322911121293646E9,1940113,2500609,3612246,4118784,4138481,4441183,79817.4035,140010.7323,199061.7147,181458.9958,247673.9891,270113.997,3.20025622513547E8,5.66880552499075E8,8.26365235842847E8,7.54666917727574E8,1.059254829127008E9,1.192562119649421E9,-0.003437295,0.030803458109984555,0.017601927496764938,-0.016588099,0.048943947,0.03135213,4018.38,4142.16,4215.07,4145.15,4348.03,4484.35,4032.24,4018.39,4142.16,4215.07,4145.15,4348.03,4039.01,4144.88,4235.86,4245,4355.46,4516.74,3972.98,3966,4082.25,4092.1,4123.08,4332.73,172693.2638,240331.8589,380728.6784,391126.6172,507026.3822,526411.1571,6.92281857207582E8,9.72239151627579E8,1.580732256801187E9,1.625808124643462E9,2.165739972371045E9,2.322911121293646E9,1940113,2500609,3612246,4118784,4138481,4441183,79817.4035,140010.7323,199061.7147,181458.9958,247673.9891,270113.997,3.20025622513547E8,5.66880552499075E8,8.26365235842847E8,7.54666917727574E8,1.059254829127008E9,1.192562119649421E9,-0.003437295,0.030803458109984555,0.017601927496764938,-0.016588099,0.048943947,0.03135213,4018.38,4142.16,4215.07,4145.15,4348.03,4484.35,4512.87
2025-10-03T00:00:00,4018.39,4142.16,4215.07,4145.15,4348.03,4484.35,4144.88,4235.86,4245,4355.46,4516.74,4591.59,3966,4082.25,4092.1,4123.08,4332.73,4428,240331.8589,380728.6784,391126.6172,507026.3822,526411.1571,485684.0267,9.72239151627579E8,1.580732256801187E9,1.625808124643462E9,2.165739972371045E9,2.322911121293646E9,2.184423024582545E9,2500609,3612246,4118784,4138481,4441183,5149648,140010.7323,199061.7147,181458.9958,247673.9891,270113.997,234630.1499,5.66880552499075E8,8.26365235842847E8,7.54666917727574E8,1.059254829127008E9,1.192562119649421E9,1.055644644394335E9,0.030803458109984555,0.017601927496764938,-0.016588099,0.048943947,0.03135213,0.006359896,4142.16,4215.07,4145.15,4348.03,4484.35,4512.87,4018.39,4142.16,4215.07,4145.15,4348.03,4484.35,4144.88,4235.86,4245,4355.46,4516.74,4591.59,3966,4082.25,4092.1,4123.08,4332.73,4428,240331.8589,380728.6784,391126.6172,507026.3822,526411.1571,485684.0267,9.72239151627579E8,1.580732256801187E9,1.625808124643462E9,2.165739972371045E9,2.322911121293646E9,2.184423024582545E9,2500609,3612246,4118784,4138481,4441183,5149648,140010.7323,199061.7147,181458.9958,247673.9891,270113.997,234630.1499,5.66880552499075E8,8.26365235842847E8,7.54666917727574E8,1.059254829127008E9,1.192562119649421E9,1.055644644394335E9,0.030803458109984555,0.017601927496764938,-0.016588099,0.048943947,0.03135213,0.006359896,4142.16,4215.07,4145.15,4348.03,4484.35,4512.87,4487.15
2025-10-04T00:00:00,4142.16,4215.07,4145.15,4348.03,4484.35,4512.88,4235.86,4245,4355.46,4516.74,4591.59,4517.93,4082.25,4092.1,4123.08,4332.73,4428,4440,380728.6784,391126.6172,507026.3822,526411.1571,485684.0267,199732.7088,1.580732256801187E9,1.625808124643462E9,2.165739972371045E9,2.322911121293646E9,2.184423024582545E9,8.95195711881079E8,3612246,4118784,4138481,4441183,5149648,2252261,199061.7147,181458.9958,247673.9891,270113.997,234630.1499,90161.8179,8.26365235842847E8,7.54666917727574E8,1.059254829127008E9,1.192562119649421E9,1.055644644394335E9,4.04217765196633E8,0.017601927496764938,-0.016588099,0.048943947,0.03135213,0.006359896,-0.005699256,4215.07,4145.15,4348.03,4484.35,4512.87,4487.15,4142.16,4215.07,4145.15,4348.03,4484.35,4512.88,4235.86,4245,4355.46,4516.74,4591.59,4517.93,4082.25,4092.1,4123.08,4332.73,4428,4440,380728.6784,391126.6172,507026.3822,526411.1571,485684.0267,199732.7088,1.580732256801187E9,1.625808124643462E9,2.165739972371045E9,2.322911121293646E9,2.184423024582545E9,8.95195711881079E8,3612246,4118784,4138481,4441183,5149648,2252261,199061.7147,181458.9958,247673.9891,270113.997,234630.1499,90161.8179,8.26365235842847E8,7.54666917727574E8,1.059254829127008E9,1.192562119649421E9,1.055644644394335E9,4.04217765196633E8,0.017601927496764938,-0.016588099,0.048943947,0.03135213,0.006359896,-0.005699256,4215.07,4145.15,4348.03,4484.35,4512.87,4487.15,4514.32
2025-10-05T00:00:00,4215.07,4145.15,4348.03,4484.35,4512.88,4487.16,4245,4355.46,4516.74,4591.59,4517.93,4618.17,4092.1,4123.08,4332.73,4428,4440,4467.05,391126.6172,507026.3822,526411.1571,485684.0267,199732.7088,506587.9614,1.625808124643462E9,2.165739972371045E9,2.322911121293646E9,2.184423024582545E9,8.95195711881079E8,2.305062852191549E9,4118784,4138481,4441183,5149648,2252261,3791095,181458.9958,247673.9891,270113.997,234630.1499,90161.8179,265246.9061,7.54666917727574E8,1.059254829127008E9,1.192562119649421E9,1.055644644394335E9,4.04217765196633E8,1.206877173081055E9,-0.016588099,0.048943947,0.03135213,0.006359896,-0.005699256,0.006055068,4145.15,4348.03,4484.35,4512.87,4487.15,4514.32,4215.07,4145.15,4348.03,4484.35,4512.88,4487.16,4245,4355.46,4516.74,4591.59,4517.93,4618.17,4092.1,4123.08,4332.73,4428,4440,4467.05,391126.6172,507026.3822,526411.1571,485684.0267,199732.7088,506587.9614,1.625808124643462E9,2.165739972371045E9,2.322911121293646E9,2.184423024582545E9,8.95195711881079E8,2.305062852191549E9,4118784,4138481,4441183,5149648,2252261,3791095,181458.9958,247673.9891,270113.997,234630.1499,90161.8179,265246.9061,7.54666917727574E8,1.059254829127008E9,1.192562119649421E9,1.055644644394335E9,4.04217765196633E8,1.206877173081055E9,-0.016588099,0.048943947,0.03135213,0.006359896,-0.005699256,0.006055068,4145.15,4348.03,4484.35,4512.87,4487.15,4514.32,4684.01
2025-10-06T00:00:00,4145.15,4348.03,4484.35,4512.88,4487.16,4514.32,4355.46,4516.74,4591.59,4517.93,4618.17,4735.93,4123.08,4332.73,4428,4440,4467.05,4488.25,507026.3822,526411.1571,485684.0267,199732.7088,506587.9614,456200.6528,2.165739972371045E9,2.322911121293646E9,2.184423024582545E9,8.95195711881079E8,2.305062852191549E9,2.107882753614729E9,4138481,4441183,5149648,2252261,3791095,4677655,247673.9891,270113.997,234630.1499,90161.8179,265246.9061,235462.9488,1.059254829127008E9,1.192562119649421E9,1.055644644394335E9,4.04217765196633E8,1.206877173081055E9,1.087700705075086E9,0.048943947,0.03135213,0.006359896,-0.005699256,0.006055068,0.037589271,4348.03,4484.35,4512.87,4487.15,4514.32,4684.01,4145.15,4348.03,4484.35,4512.88,4487.16,4514.32,4355.46,4516.74,4591.59,4517.93,4618.17,4735.93,4123.08,4332.73,4428,4440,4467.05,4488.25,507026.3822,526411.1571,485684.0267,199732.7088,506587.9614,456200.6528,2.165739972371045E9,2.322911121293646E9,2.184423024582545E9,8.95195711881079E8,2.305062852191549E9,2.107882753614729E9,4138481,4441183,5149648,2252261,3791095,4677655,247673.9891,270113.997,234630.1499,90161.8179,265246.9061,235462.9488,1.059254829127008E9,1.192562119649421E9,1.055644644394335E9,4.04217765196633E8,1.206877173081055E9,1.087700705075086E9,0.048943947,0.03135213,0.006359896,-0.005699256,0.006055068,0.037589271,4348.03,4484.35,4512.87,4487.15,4514.32,4684.01,4447.7
2025-10-07T00:00:00,4348.03,4484.35,4512.88,4487.16,4514.32,4684.02,4516.74,4591.59,4517.93,4618.17,4735.93,4755,4332.73,4428,4440,4467.05,4488.25,4430.43,526411.1571,485684.0267,199732.7088,506587.9614,456200.6528,640685.9319,2.322911121293646E9,2.184423024582545E9,8.95195711881079E8,2.305062852191549E9,2.107882753614729E9,2.946435862400838E9,4441183,5149648,2252261,3791095,4677655,6028668,270113.997,234630.1499,90161.8179,265246.9061,235462.9488,308407.6086,1.192562119649421E9,1.055644644394335E9,4.04217765196633E8,1.206877173081055E9,1.087700705075086E9,1.419710155477069E9,0.03135213,0.006359896,-0.005699256,0.006055068,0.037589271,-0.050450362,4484.35,4512.87,4487.15,4514.32,4684.01,4447.7,4348.03,4484.35,4512.88,4487.16,4514.32,4684.02,4516.74,4591.59,4517.93,4618.17,4735.93,4755,4332.73,4428,4440,4467.05,4488.25,4430.43,526411.1571,485684.0267,199732.7088,506587.9614,456200.6528,640685.9319,2.322911121293646E9,2.184423024582545E9,8.95195711881079E8,2.305062852191549E9,2.107882753614729E9,2.946435862400838E9,4441183,5149648,2252261,3791095,4677655,6028668,270113.997,234630.1499,90161.8179,265246.9061,235462.9488,308407.6086,1.192562119649421E9,1.055644644394335E9,4.04217765196633E8,1.206877173081055E9,1.087700705075086E9,1.419710155477069E9,0.03135213,0.006359896,-0.005699256,0.006055068,0.037589271,-0.050450362,4484.35,4512.87,4487.15,4514.32,4684.01,4447.7,4525.72
2025-10-08T00:00:00,4484.35,4512.88,4487.16,4514.32,4684.02,4447.7,4591.59,4517.93,4618.17,4735.93,4755,4558,4428,4440,4467.05,4488.25,4430.43,4410.08,485684.0267,199732.7088,506587.9614,456200.6528,640685.9319,399904.3287,2.184423024582545E9,8.95195711881079E8,2.305062852191549E9,2.107882753614729E9,2.946435862400838E9,1.791815622635745E9,5149648,2252261,3791095,4677655,6028668,4771608,234630.1499,90161.8179,265246.9061,235462.9488,308407.6086,205585.7695,1.055644644394335E9,4.04217765196633E8,1.206877173081055E9,1.087700705075086E9,1.419710155477069E9,9.21332896435835E8,0.006359896,-0.005699256,0.006055068,0.037589271,-0.050450362,0.017541651,4512.87,4487.15,4514.32,4684.01,4447.7,4525.72,4484.35,4512.88,4487.16,4514.32,4684.02,4447.7,4591.59,4517.93,4618.17,4735.93,4755,4558,4428,4440,4467.05,4488.25,4430.43,4410.08,485684.0267,199732.7088,506587.9614,456200.6528,640685.9319,399904.3287,2.184423024582545E9,8.95195711881079E8,2.305062852191549E9,2.107882753614729E9,2.946435862400838E9,1.791815622635745E9,5149648,2252261,3791095,4677655,6028668,4771608,234630.1499,90161.8179,265246.9061,235462.9488,308407.6086,205585.7695,1.055644644394335E9,4.04217765196633E8,1.206877173081055E9,1.087700705075086E9,1.419710155477069E9,9.21332896435835E8,0.006359896,-0.005699256,0.006055068,0.037589271,-0.050450362,0.017541651,4512.87,4487.15,4514.32,4684.01,4447.7,4525.72,4368.09
2025-10-09T00:00:00,4512.88,4487.16,4514.32,4684.02,4447.7,4525.72,4517.93,4618.17,4735.93,4755,4558,4531.52,4440,4467.05,4488.25,4430.43,4410.08,4265.06,199732.7088,506587.9614,456200.6528,640685.9319,399904.3287,515978.1829,8.95195711881079E8,2.305062852191549E9,2.107882753614729E9,2.946435862400838E9,1.791815622635745E9,2.25757403866859E9,2252261,3791095,4677655,6028668,4771608,5181361,90161.8179,265246.9061,235462.9488,308407.6086,205585.7695,242773.6384,4.04217765196633E8,1.206877173081055E9,1.087700705075086E9,1.419710155477069E9,9.21332896435835E8,1.060847514335138E9,-0.005699256,0.006055068,0.037589271,-0.050450362,0.017541651,-0.034829817,4487.15,4514.32,4684.01,4447.7,4525.72,4368.09,4512.88,4487.16,4514.32,4684.02,4447.7,4525.72,4517.93,4618.17,4735.93,4755,4558,4531.52,4440,4467.05,4488.25,4430.43,4410.08,4265.06,199732.7088,506587.9614,456200.6528,640685.9319,399904.3287,515978.1829,8.95195711881079E8,2.305062852191549E9,2.107882753614729E9,2.946435862400838E9,1.791815622635745E9,2.25757403866859E9,2252261,3791095,4677655,6028668,4771608,5181361,90161.8179,265246.9061,235462.9488,308407.6086,205585.7695,242773.6384,4.04217765196633E8,1.206877173081055E9,1.087700705075086E9,1.419710155477069E9,9.21332896435835E8,1.060847514335138E9,-0.005699256,0.006055068,0.037589271,-0.050450362,0.017541651,-0.034829817,4487.15,4514.32,4684.01,4447.7,4525.72,4368.09,3829.72
2025-10-10T00:00:00,4487.16,4514.32,4684.02,4447.7,4525.72,4368.09,4618.17,4735.93,4755,4558,4531.52,4393.63,4467.05,4488.25,4430.43,4410.08,4265.06,3435,506587.9614,456200.6528,640685.9319,399904.3287,515978.1829,1493971.024,2.305062852191549E9,2.107882753614729E9,2.946435862400838E9,1.791815622635745E9,2.25757403866859E9,5.954598988690315E9,3791095,4677655,6028668,4771608,5181361,12594514,265246.9061,235462.9488,308407.6086,205585.7695,242773.6384,680600.6897,1.206877173081055E9,1.087700705075086E9,1.419710155477069E9,9.21332896435835E8,1.060847514335138E9,2.723566227172543E9,0.006055068,0.037589271,-0.050450362,0.017541651,-0.034829817,-0.123250666,4514.32,4684.01,4447.7,4525.72,4368.09,3829.72,4487.16,4514.32,4684.02,4447.7,4525.72,4368.09,4618.17,4735.93,4755,4558,4531.52,4393.63,4467.05,4488.25,4430.43,4410.08,4265.06,3435,506587.9614,456200.6528,640685.9319,399904.3287,515978.1829,1493971.024,2.305062852191549E9,2.107882753614729E9,2.946435862400838E9,1.791815622635745E9,2.25757403866859E9,5.954598988690315E9,3791095,4677655,6028668,4771608,5181361,12594514,265246.9061,235462.9488,308407.6086,205585.7695,242773.6384,680600.6897,1.206877173081055E9,1.087700705075086E9,1.419710155477069E9,9.21332896435835E8,1.060847514335138E9,2.723566227172543E9,0.006055068,0.037589271,-0.050450362,0.017541651,-0.034829817,-0.123250666,4514.32,4684.01,4447.7,4525.72,4368.09,3829.72,3746.79
2025-10-11T00:00:00,4514.32,4684.02,4447.7,4525.72,4368.09,3829.72,4735.93,4755,4558,4531.52,4393.63,3878.3,4488.25,4430.43,4410.08,4265.06,3435,3643.33,456200.6528,640685.9319,399904.3287,515978.1829,1493971.024,789885.6582,2.107882753614729E9,2.946435862400838E9,1.791815622635745E9,2.25757403866859E9,5.954598988690315E9,2.994511140409299E9,4677655,6028668,4771608,5181361,12594514,8794145,235462.9488,308407.6086,205585.7695,242773.6384,680600.6897,362107.5901,1.087700705075086E9,1.419710155477069E9,9.21332896435835E8,1.060847514335138E9,2.723566227172543E9,1.37320644287708E9,0.037589271,-0.050450362,0.017541651,-0.034829817,-0.123250666,-0.021654325,4684.01,4447.7,4525.72,4368.09,3829.72,3746.79,4514.32,4684.02,4447.7,4525.72,4368.09,3829.72,4735.93,4755,4558,4531.52,4393.63,3878.3,4488.25,4430.43,4410.08,4265.06,3435,3643.33,456200.6528,640685.9319,399904.3287,515978.1829,1493971.024,789885.6582,2.107882753614729E9,2.946435862400838E9,1.791815622635745E9,2.25757403866859E9,5.954598988690315E9,2.994511140409299E9,4677655,6028668,4771608,5181361,12594514,8794145,235462.9488,308407.6086,205585.7695,242773.6384,680600.6897,362107.5901,1.087700705075086E9,1.419710155477069E9,9.21332896435835E8,1.060847514335138E9,2.723566227172543E9,1.37320644287708E9,0.037589271,-0.050450362,0.017541651,-0.034829817,-0.123250666,-0.021654325,4684.01,4447.7,4525.72,4368.09,3829.72,3746.79,4152.29
2025-10-12T00:00:00,4684.02,4447.7,4525.72,4368.09,3829.72,3746.8,4755,4558,4531.52,4393.63,3878.3,4197.7,4430.43,4410.08,4265.06,3435,3643.33,3694.74,640685.9319,399904.3287,515978.1829,1493971.024,789885.6582,811308.152,2.946435862400838E9,1.791815622635745E9,2.25757403866859E9,5.954598988690315E9,2.994511140409299E9,3.213401552274956E9,6028668,4771608,5181361,12594514,8794145,8286691,308407.6086,205585.7695,242773.6384,680600.6897,362107.5901,406500.5487,1.419710155477069E9,9.21332896435835E8,1.060847514335138E9,2.723566227172543E9,1.37320644287708E9,1.607458765920295E9,-0.050450362,0.017541651,-0.034829817,-0.123250666,-0.021654325,0.10822597476773452,4447.7,4525.72,4368.09,3829.72,3746.79,4152.29,4684.02,4447.7,4525.72,4368.09,3829.72,3746.8,4755,4558,4531.52,4393.63,3878.3,4197.7,4430.43,4410.08,4265.06,3435,3643.33,3694.74,640685.9319,399904.3287,515978.1829,1493971.024,789885.6582,811308.152,2.946435862400838E9,1.791815622635745E9,2.25757403866859E9,5.954598988690315E9,2.994511140409299E9,3.213401552274956E9,6028668,4771608,5181361,12594514,8794145,8286691,308407.6086,205585.7695,242773.6384,680600.6897,362107.5901,406500.5487,1.419710155477069E9,9.21332896435835E8,1.060847514335138E9,2.723566227172543E9,1.37320644287708E9,1.607458765920295E9,-0.050450362,0.017541651,-0.034829817,-0.123250666,-0.021654325,0.10822597476773452,4447.7,4525.72,4368.09,3829.72,3746.79,4152.29,4240.85
2025-10-13T00:00:00,4447.7,4525.72,4368.09,3829.72,3746.8,4152.29,4558,4531.52,4393.63,3878.3,4197.7,4292,4410.08,4265.06,3435,3643.33,3694.74,4042.29,399904.3287,515978.1829,1493971.024,789885.6582,811308.152,622813.9247,1.791815622635745E9,2.25757403866859E9,5.954598988690315E9,2.994511140409299E9,3.213401552274956E9,2.590697041479605E9,4771608,5181361,12594514,8794145,8286691,8321249,205585.7695,242773.6384,680600.6897,362107.5901,406500.5487,302948.0094,9.21332896435835E8,1.060847514335138E9,2.723566227172543E9,1.37320644287708E9,1.607458765920295E9,1.261092410082509E9,0.017541651,-0.034829817,-0.123250666,-0.021654325,0.10822597476773452,0.021327990097030892,4525.72,4368.09,3829.72,3746.79,4152.29,4240.85,4447.7,4525.72,4368.09,3829.72,3746.8,4152.29,4558,4531.52,4393.63,3878.3,4197.7,4292,4410.08,4265.06,3435,3643.33,3694.74,4042.29,399904.3287,515978.1829,1493971.024,789885.6582,811308.152,622813.9247,1.791815622635745E9,2.25757403866859E9,5.954598988690315E9,2.994511140409299E9,3.213401552274956E9,2.590697041479605E9,4771608,5181361,12594514,8794145,8286691,8321249,205585.7695,242773.6384,680600.6897,362107.5901,406500.5487,302948.0094,9.21332896435835E8,1.060847514335138E9,2.723566227172543E9,1.37320644287708E9,1.607458765920295E9,1.261092410082509E9,0.017541651,-0.034829817,-0.123250666,-0.021654325,0.10822597476773452,0.021327990097030892,4525.72,4368.09,3829.72,3746.79,4152.29,4240.85,4125.02
2025-10-14T00:00:00,4525.72,4368.09,3829.72,3746.8,4152.29,4240.86,4531.52,4393.63,3878.3,4197.7,4292,4263.38,4265.06,3435,3643.33,3694.74,4042.29,3888.74,515978.1829,1493971.024,789885.6582,811308.152,622813.9247,962996.7658,2.25757403866859E9,5.954598988690315E9,2.994511140409299E9,3.213401552274956E9,2.590697041479605E9,3.894019260946043E9,5181361,12594514,8794145,8286691,8321249,10714712,242773.6384,680600.6897,362107.5901,406500.5487,302948.0094,500346.6817,1.060847514335138E9,2.723566227172543E9,1.37320644287708E9,1.607458765920295E9,1.261092410082509E9,2.021620281207955E9,-0.034829817,-0.123250666,-0.021654325,0.10822597476773452,0.021327990097030892,-0.027312921,4368.09,3829.72,3746.79,4152.29,4240.85,4125.02,4525.72,4368.09,3829.72,3746.8,4152.29,4240.86,4531.52,4393.63,3878.3,4197.7,4292,4263.38,4265.06,3435,3643.33,3694.74,4042.29,3888.74,515978.1829,1493971.024,789885.6582,811308.152,622813.9247,962996.7658,2.25757403866859E9,5.954598988690315E9,2.994511140409299E9,3.213401552274956E9,2.590697041479605E9,3.894019260946043E9,5181361,12594514,8794145,8286691,8321249,10714712,242773.6384,680600.6897,362107.5901,406500.5487,302948.0094,500346.6817,1.060847514335138E9,2.723566227172543E9,1.37320644287708E9,1.607458765920295E9,1.261092410082509E9,2.021620281207955E9,-0.034829817,-0.123250666,-0.021654325,0.10822597476773452,0.021327990097030892,-0.027312921,4368.09,3829.72,3746.79,4152.29,4240.85,4125.02,3985.61
2025-10-15T00:00:00,4368.09,3829.72,3746.8,4152.29,4240.86,4125.01,4393.63,3878.3,4197.7,4292,4263.38,4217.6,3435,3643.33,3694.74,4042.29,3888.74,3926.74,1493971.024,789885.6582,811308.152,622813.9247,962996.7658,626081.6966,5.954598988690315E9,2.994511140409299E9,3.213401552274956E9,2.590697041479605E9,3.894019260946043E9,2.543782117973257E9,12594514,8794145,8286691,8321249,10714712,7421801,680600.6897,362107.5901,406500.5487,302948.0094,500346.6817,313175.5389,2.723566227172543E9,1.37320644287708E9,1.607458765920295E9,1.261092410082509E9,2.021620281207955E9,1.273392874002121E9,-0.123250666,-0.021654325,0.10822597476773452,0.021327990097030892,-0.027312921,-0.0337962,3829.72,3746.79,4152.29,4240.85,4125.02,3985.61,4368.09,3829.72,3746.8,4152.29,4240.86,4125.01,4393.63,3878.3,4197.7,4292,4263.38,4217.6,3435,3643.33,3694.74,4042.29,3888.74,3926.74,1493971.024,789885.6582,811308.152,622813.9247,962996.7658,626081.6966,5.954598988690315E9,2.994511140409299E9,3.213401552274956E9,2.590697041479605E9,3.894019260946043E9,2.543782117973257E9,12594514,8794145,8286691,8321249,10714712,7421801,680600.6897,362107.5901,406500.5487,302948.0094,500346.6817,313175.5389,2.723566227172543E9,1.37320644287708E9,1.607458765920295E9,1.261092410082509E9,2.021620281207955E9,1.273392874002121E9,-0.123250666,-0.021654325,0.10822597476773452,0.021327990097030892,-0.027312921,-0.0337962,3829.72,3746.79,4152.29,4240.85,4125.02,3985.61,3894.51
2025-10-16T00:00:00,3829.72,3746.8,4152.29,4240.86,4125.01,3985.61,3878.3,4197.7,4292,4263.38,4217.6,4086.49,3643.33,3694.74,4042.29,3888.74,3926.74,3826.04,789885.6582,811308.152,622813.9247,962996.7658,626081.6966,643804.6163,2.994511140409299E9,3.213401552274956E9,2.590697041479605E9,3.894019260946043E9,2.543782117973257E9,2.552218455018819E9,8794145,8286691,8321249,10714712,7421801,8451902,362107.5901,406500.5487,302948.0094,500346.6817,313175.5389,319663.4266,1.37320644287708E9,1.607458765920295E9,1.261092410082509E9,2.021620281207955E9,1.273392874002121E9,1.268557283411159E9,-0.021654325,0.10822597476773452,0.021327990097030892,-0.027312921,-0.0337962,-0.022857229,3746.79,4152.29,4240.85,4125.02,3985.61,3894.51,3829.72,3746.8,4152.29,4240.86,4125.01,3985.61,3878.3,4197.7,4292,4263.38,4217.6,4086.49,3643.33,3694.74,4042.29,3888.74,3926.74,3826.04,789885.6582,811308.152,622813.9247,962996.7658,626081.6966,643804.6163,2.994511140409299E9,3.213401552274956E9,2.590697041479605E9,3.894019260946043E9,2.543782117973257E9,2.552218455018819E9,8794145,8286691,8321249,10714712,7421801,8451902,362107.5901,406500.5487,302948.0094,500346.6817,313175.5389,319663.4266,1.37320644287708E9,1.607458765920295E9,1.261092410082509E9,2.021620281207955E9,1.273392874002121E9,1.268557283411159E9,-0.021654325,0.10822597476773452,0.021327990097030892,-0.027312921,-0.0337962,-0.022857229,3746.79,4152.29,4240.85,4125.02,3985.61,3894.51,3831.57
2025-10-17T00:00:00,3746.8,4152.29,4240.86,4125.01,3985.61,3894.5,4197.7,4292,4263.38,4217.6,4086.49,3950.45,3694.74,4042.29,3888.74,3926.74,3826.04,3674.5,811308.152,622813.9247,962996.7658,626081.6966,643804.6163,830127.0885,3.213401552274956E9,2.590697041479605E9,3.894019260946043E9,2.543782117973257E9,2.552218455018819E9,3.14700692652111E9,8286691,8321249,10714712,7421801,8451902,9412569,406500.5487,302948.0094,500346.6817,313175.5389,319663.4266,421727.0445,1.607458765920295E9,1.261092410082509E9,2.021620281207955E9,1.273392874002121E9,1.268557283411159E9,1.597875952217623E9,0.10822597476773452,0.021327990097030892,-0.027312921,-0.0337962,-0.022857229,-0.016161212,4152.29,4240.85,4125.02,3985.61,3894.51,3831.57,3746.8,4152.29,4240.86,4125.01,3985.61,3894.5,4197.7,4292,4263.38,4217.6,4086.49,3950.45,3694.74,4042.29,3888.74,3926.74,3826.04,3674.5,811308.152,622813.9247,962996.7658,626081.6966,643804.6163,830127.0885,3.213401552274956E9,2.590697041479605E9,3.894019260946043E9,2.543782117973257E9,2.552218455018819E9,3.14700692652111E9,8286691,8321249,10714712,7421801,8451902,9412569,406500.5487,302948.0094,500346.6817,313175.5389,319663.4266,421727.0445,1.607458765920295E9,1.261092410082509E9,2.021620281207955E9,1.273392874002121E9,1.268557283411159E9,1.597875952217623E9,0.10822597476773452,0.021327990097030892,-0.027312921,-0.0337962,-0.022857229,-0.016161212,4152.29,4240.85,4125.02,3985.61,3894.51,3831.57,3889.21
2025-10-18T00:00:00,4152.29,4240.86,4125.01,3985.61,3894.5,3831.58,4292,4263.38,4217.6,4086.49,3950.45,3927.73,4042.29,3888.74,3926.74,3826.04,3674.5,3819.07,622813.9247,962996.7658,626081.6966,643804.6163,830127.0885,250710.6121,2.590697041479605E9,3.894019260946043E9,2.543782117973257E9,2.552218455018819E9,3.14700692652111E9,9.71616631642943E8,8321249,10714712,7421801,8451902,9412569,3174247,302948.0094,500346.6817,313175.5389,319663.4266,421727.0445,123527.728,1.261092410082509E9,2.021620281207955E9,1.273392874002121E9,1.268557283411159E9,1.597875952217623E9,4.7884112202979E8,0.021327990097030892,-0.027312921,-0.0337962,-0.022857229,-0.016161212,0.015043442,4240.85,4125.02,3985.61,3894.51,3831.57,3889.21,4152.29,4240.86,4125.01,3985.61,3894.5,3831.58,4292,4263.38,4217.6,4086.49,3950.45,3927.73,4042.29,3888.74,3926.74,3826.04,3674.5,3819.07,622813.9247,962996.7658,626081.6966,643804.6163,830127.0885,250710.6121,2.590697041479605E9,3.894019260946043E9,2.543782117973257E9,2.552218455018819E9,3.14700692652111E9,9.71616631642943E8,8321249,10714712,7421801,8451902,9412569,3174247,302948.0094,500346.6817,313175.5389,319663.4266,421727.0445,123527.728,1.261092410082509E9,2.021620281207955E9,1.273392874002121E9,1.268557283411159E9,1.597875952217623E9,4.7884112202979E8,0.021327990097030892,-0.027312921,-0.0337962,-0.022857229,-0.016161212,0.015043442,4240.85,4125.02,3985.61,3894.51,3831.57,3889.21,3982.58
2025-10-19T00:00:00,4240.86,4125.01,3985.61,3894.5,3831.58,3889.2,4263.38,4217.6,4086.49,3950.45,3927.73,4030.94,3888.74,3926.74,3826.04,3674.5,3819.07,3827.04,962996.7658,626081.6966,643804.6163,830127.0885,250710.6121,408538.2545,3.894019260946043E9,2.543782117973257E9,2.552218455018819E9,3.14700692652111E9,9.71616631642943E8,1.609546719154199E9,10714712,7421801,8451902,9412569,3174247,4377250,500346.6817,313175.5389,319663.4266,421727.0445,123527.728,210770.829,2.021620281207955E9,1.273392874002121E9,1.268557283411159E9,1.597875952217623E9,4.7884112202979E8,8.30019862215925E8,-0.027312921,-0.0337962,-0.022857229,-0.016161212,0.015043442,0.024007446242295966,4125.02,3985.61,3894.51,3831.57,3889.21,3982.58,4240.86,4125.01,3985.61,3894.5,3831.58,3889.2,4263.38,4217.6,4086.49,3950.45,3927.73,4030.94,3888.74,3926.74,3826.04,3674.5,3819.07,3827.04,962996.7658,626081.6966,643804.6163,830127.0885,250710.6121,408538.2545,3.894019260946043E9,2.543782117973257E9,2.552218455018819E9,3.14700692652111E9,9.71616631642943E8,1.609546719154199E9,10714712,7421801,8451902,9412569,3174247,4377250,500346.6817,313175.5389,319663.4266,421727.0445,123527.728,210770.829,2.021620281207955E9,1.273392874002121E9,1.268557283411159E9,1.597875952217623E9,4.7884112202979E8,8.30019862215925E8,-0.027312921,-0.0337962,-0.022857229,-0.016161212,0.015043442,0.024007446242295966,4125.02,3985.61,3894.51,3831.57,3889.21,3982.58,3979.22
2025-10-20T00:00:00,4125.01,3985.61,3894.5,3831.58,3889.2,3982.58,4217.6,4086.49,3950.45,3927.73,4030.94,4085.3,3926.74,3826.04,3674.5,3819.07,3827.04,3908.73,626081.6966,643804.6163,830127.0885,250710.6121,408538.2545,511382.3301,2.543782117973257E9,2.552218455018819E9,3.14700692652111E9,9.71616631642943E8,1.609546719154199E9,2.049366257294899E9,7421801,8451902,9412569,3174247,4377250,5803391,313175.5389,319663.4266,421727.0445,123527.728,210770.829,237126.1851,1.273392874002121E9,1.268557283411159E9,1.597875952217623E9,4.7884112202979E8,8.30019862215925E8,9.50802301277708E8,-0.0337962,-0.022857229,-0.016161212,0.015043442,0.024007446242295966,-8.44E-04,3985.61,3894.51,3831.57,3889.21,3982.58,3979.22,4125.01,3985.61,3894.5,3831.58,3889.2,3982.58,4217.6,4086.49,3950.45,3927.73,4030.94,4085.3,3926.74,3826.04,3674.5,3819.07,3827.04,3908.73,626081.6966,643804.6163,830127.0885,250710.6121,408538.2545,511382.3301,2.543782117973257E9,2.552218455018819E9,3.14700692652111E9,9.71616631642943E8,1.609546719154199E9,2.049366257294899E9,7421801,8451902,9412569,3174247,4377250,5803391,313175.5389,319663.4266,421727.0445,123527.728,210770.829,237126.1851,1.273392874002121E9,1.268557283411159E9,1.597875952217623E9,4.7884112202979E8,8.30019862215925E8,9.50802301277708E8,-0.0337962,-0.022857229,-0.016161212,0.015043442,0.024007446242295966,-8.44E-04,3985.61,3894.51,3831.57,3889.21,3982.58,3979.22,3873.05
2025-10-21T00:00:00,3985.61,3894.5,3831.58,3889.2,3982.58,3979.22,4086.49,3950.45,3927.73,4030.94,4085.3,4110,3826.04,3674.5,3819.07,3827.04,3908.73,3840.24,643804.6163,830127.0885,250710.6121,408538.2545,511382.3301,590594.1382,2.552218455018819E9,3.14700692652111E9,9.71616631642943E8,1.609546719154199E9,2.049366257294899E9,2.335723187677247E9,8451902,9412569,3174247,4377250,5803391,7015049,319663.4266,421727.0445,123527.728,210770.829,237126.1851,279785.5053,1.268557283411159E9,1.597875952217623E9,4.7884112202979E8,8.30019862215925E8,9.50802301277708E8,1.107257090995763E9,-0.022857229,-0.016161212,0.015043442,0.024007446242295966,-8.44E-04,-0.026681108,3894.51,3831.57,3889.21,3982.58,3979.22,3873.05,3985.61,3894.5,3831.58,3889.2,3982.58,3979.22,4086.49,3950.45,3927.73,4030.94,4085.3,4110,3826.04,3674.5,3819.07,3827.04,3908.73,3840.24,643804.6163,830127.0885,250710.6121,408538.2545,511382.3301,590594.1382,2.552218455018819E9,3.14700692652111E9,9.71616631642943E8,1.609546719154199E9,2.049366257294899E9,2.335723187677247E9,8451902,9412569,3174247,4377250,5803391,7015049,319663.4266,421727.0445,123527.728,210770.829,237126.1851,279785.5053,1.268557283411159E9,1.597875952217623E9,4.7884112202979E8,8.30019862215925E8,9.50802301277708E8,1.107257090995763E9,-0.022857229,-0.016161212,0.015043442,0.024007446242295966,-8.44E-04,-0.026681108,3894.51,3831.57,3889.21,3982.58,3979.22,3873.05,3805.53
2025-10-22T00:00:00,3894.5,3831.58,3889.2,3982.58,3979.22,3873.04,3950.45,3927.73,4030.94,4085.3,4110,3889.27,3674.5,3819.07,3827.04,3908.73,3840.24,3710,830127.0885,250710.6121,408538.2545,511382.3301,590594.1382,593130.0905,3.14700692652111E9,9.71616631642943E8,1.609546719154199E9,2.049366257294899E9,2.335723187677247E9,2.268706650109904E9,9412569,3174247,4377250,5803391,7015049,6834244,421727.0445,123527.728,210770.829,237126.1851,279785.5053,263582.8173,1.597875952217623E9,4.7884112202979E8,8.30019862215925E8,9.50802301277708E8,1.107257090995763E9,1.00833492799178E9,-0.016161212,0.015043442,0.024007446242295966,-8.44E-04,-0.026681108,-0.017433289,3831.57,3889.21,3982.58,3979.22,3873.05,3805.53,3894.5,3831.58,3889.2,3982.58,3979.22,3873.04,3950.45,3927.73,4030.94,4085.3,4110,3889.27,3674.5,3819.07,3827.04,3908.73,3840.24,3710,830127.0885,250710.6121,408538.2545,511382.3301,590594.1382,593130.0905,3.14700692652111E9,9.71616631642943E8,1.609546719154199E9,2.049366257294899E9,2.335723187677247E9,2.268706650109904E9,9412569,3174247,4377250,5803391,7015049,6834244,421727.0445,123527.728,210770.829,237126.1851,279785.5053,263582.8173,1.597875952217623E9,4.7884112202979E8,8.30019862215925E8,9.50802301277708E8,1.107257090995763E9,1.00833492799178E9,-0.016161212,0.015043442,0.024007446242295966,-8.44E-04,-0.026681108,-0.017433289,3831.57,3889.21,3982.58,3979.22,3873.05,3805.53,3856.8
2025-10-23T00:00:00,3831.58,3889.2,3982.58,3979.22,3873.04,3805.53,3927.73,4030.94,4085.3,4110,3889.27,3934.86,3819.07,3827.04,3908.73,3840.24,3710,3796.54,250710.6121,408538.2545,511382.3301,590594.1382,593130.0905,477231.0181,9.71616631642943E8,1.609546719154199E9,2.049366257294899E9,2.335723187677247E9,2.268706650109904E9,1.842438997006866E9,3174247,4377250,5803391,7015049,6834244,4206428,123527.728,210770.829,237126.1851,279785.5053,263582.8173,210507.9739,4.7884112202979E8,8.30019862215925E8,9.50802301277708E8,1.107257090995763E9,1.00833492799178E9,8.13180072006933E8,0.015043442,0.024007446242295966,-8.44E-04,-0.026681108,-0.017433289,0.013472499231381694,3889.21,3982.58,3979.22,3873.05,3805.53,3856.8,3831.58,3889.2,3982.58,3979.22,3873.04,3805.53,3927.73,4030.94,4085.3,4110,3889.27,3934.86,3819.07,3827.04,3908.73,3840.24,3710,3796.54,250710.6121,408538.2545,511382.3301,590594.1382,593130.0905,477231.0181,9.71616631642943E8,1.609546719154199E9,2.049366257294899E9,2.335723187677247E9,2.268706650109904E9,1.842438997006866E9,3174247,4377250,5803391,7015049,6834244,4206428,123527.728,210770.829,237126.1851,279785.5053,263582.8173,210507.9739,4.7884112202979E8,8.30019862215925E8,9.50802301277708E8,1.107257090995763E9,1.00833492799178E9,8.13180072006933E8,0.015043442,0.024007446242295966,-8.44E-04,-0.026681108,-0.017433289,0.013472499231381694,3889.21,3982.58,3979.22,3873.05,3805.53,3856.8,3934.88
2025-10-24T00:00:00,3889.2,3982.58,3979.22,3873.04,3805.53,3856.8,4030.94,4085.3,4110,3889.27,3934.86,4026.39,3827.04,3908.73,3840.24,3710,3796.54,3845.86,408538.2545,511382.3301,590594.1382,593130.0905,477231.0181,425926.9383,1.609546719154199E9,2.049366257294899E9,2.335723187677247E9,2.268706650109904E9,1.842438997006866E9,1.676037250100214E9,4377250,5803391,7015049,6834244,4206428,4291705,210770.829,237126.1851,279785.5053,263582.8173,210507.9739,217754.8375,8.30019862215925E8,9.50802301277708E8,1.107257090995763E9,1.00833492799178E9,8.13180072006933E8,8.57155216561159E8,0.024007446242295966,-8.44E-04,-0.026681108,-0.017433289,0.013472499231381694,0.020244762497407157,3982.58,3979.22,3873.05,3805.53,3856.8,3934.88,3889.2,3982.58,3979.22,3873.04,3805.53,3856.8,4030.94,4085.3,4110,3889.27,3934.86,4026.39,3827.04,3908.73,3840.24,3710,3796.54,3845.86,408538.2545,511382.3301,590594.1382,593130.0905,477231.0181,425926.9383,1.609546719154199E9,2.049366257294899E9,2.335723187677247E9,2.268706650109904E9,1.842438997006866E9,1.676037250100214E9,4377250,5803391,7015049,6834244,4206428,4291705,210770.829,237126.1851,279785.5053,263582.8173,210507.9739,217754.8375,8.30019862215925E8,9.50802301277708E8,1.107257090995763E9,1.00833492799178E9,8.13180072006933E8,8.57155216561159E8,0.024007446242295966,-8.44E-04,-0.026681108,-0.017433289,0.013472499231381694,0.020244762497407157,3982.58,3979.22,3873.05,3805.53,3856.8,3934.88,3953.82
2025-10-25T00:00:00,3982.58,3979.22,3873.04,3805.53,3856.8,3934.88,4085.3,4110,3889.27,3934.86,4026.39,3969.22,3908.73,3840.24,3710,3796.54,3845.86,3912.4,511382.3301,590594.1382,593130.0905,477231.0181,425926.9383,138526.3338,2.049366257294899E9,2.335723187677247E9,2.268706650109904E9,1.842438997006866E9,1.676037250100214E9,5.45722019675975E8,5803391,7015049,6834244,4206428,4291705,1476147,237126.1851,279785.5053,263582.8173,210507.9739,217754.8375,67667.2793,9.50802301277708E8,1.107257090995763E9,1.00833492799178E9,8.13180072006933E8,8.57155216561159E8,2.66617187890661E8,-8.44E-04,-0.026681108,-0.017433289,0.013472499231381694,0.020244762497407157,0.004813362,3979.22,3873.05,3805.53,3856.8,3934.88,3953.82,3982.58,3979.22,3873.04,3805.53,3856.8,3934.88,4085.3,4110,3889.27,3934.86,4026.39,3969.22,3908.73,3840.24,3710,3796.54,3845.86,3912.4,511382.3301,590594.1382,593130.0905,477231.0181,425926.9383,138526.3338,2.049366257294899E9,2.335723187677247E9,2.268706650109904E9,1.842438997006866E9,1.676037250100214E9,5.45722019675975E8,5803391,7015049,6834244,4206428,4291705,1476147,237126.1851,279785.5053,263582.8173,210507.9739,217754.8375,67667.2793,9.50802301277708E8,1.107257090995763E9,1.00833492799178E9,8.13180072006933E8,8.57155216561159E8,2.66617187890661E8,-8.44E-04,-0.026681108,-0.017433289,0.013472499231381694,0.020244762497407157,0.004813362,3979.22,3873.05,3805.53,3856.8,3934.88,3953.82,4158.46
2025-10-26T00:00:00,3979.22,3873.04,3805.53,3856.8,3934.88,3953.81,4110,3889.27,3934.86,4026.39,3969.22,4178.78,3840.24,3710,3796.54,3845.86,3912.4,3919.03,590594.1382,593130.0905,477231.0181,425926.9383,138526.3338,344698.0918,2.335723187677247E9,2.268706650109904E9,1.842438997006866E9,1.676037250100214E9,5.45722019675975E8,1.396836816693465E9,7015049,6834244,4206428,4291705,1476147,3249487,279785.5053,263582.8173,210507.9739,217754.8375,67667.2793,173720.1856,1.107257090995763E9,1.00833492799178E9,8.13180072006933E8,8.57155216561159E8,2.66617187890661E8,7.03491084262075E8,-0.026681108,-0.017433289,0.013472499231381694,0.020244762497407157,0.004813362,0.051757541,3873.05,3805.53,3856.8,3934.88,3953.82,4158.46,3979.22,3873.04,3805.53,3856.8,3934.88,3953.81,4110,3889.27,3934.86,4026.39,3969.22,4178.78,3840.24,3710,3796.54,3845.86,3912.4,3919.03,590594.1382,593130.0905,477231.0181,425926.9383,138526.3338,344698.0918,2.335723187677247E9,2.268706650109904E9,1.842438997006866E9,1.676037250100214E9,5.45722019675975E8,1.396836816693465E9,7015049,6834244,4206428,4291705,1476147,3249487,279785.5053,263582.8173,210507.9739,217754.8375,67667.2793,173720.1856,1.107257090995763E9,1.00833492799178E9,8.13180072006933E8,8.57155216561159E8,2.66617187890661E8,7.03491084262075E8,-0.026681108,-0.017433289,0.013472499231381694,0.020244762497407157,0.004813362,0.051757541,3873.05,3805.53,3856.8,3934.88,3953.82,4158.46,4120.15
2025-10-27T00:00:00,3873.04,3805.53,3856.8,3934.88,3953.81,4158.46,3889.27,3934.86,4026.39,3969.22,4178.78,4253.72,3710,3796.54,3845.86,3912.4,3919.03,4095,593130.0905,477231.0181,425926.9383,138526.3338,344698.0918,487131.2291,2.268706650109904E9,1.842438997006866E9,1.676037250100214E9,5.45722019675975E8,1.396836816693465E9,2.035684992603607E9,6834244,4206428,4291705,1476147,3249487,5081784,263582.8173,210507.9739,217754.8375,67667.2793,173720.1856,248999.9729,1.00833492799178E9,8.13180072006933E8,8.57155216561159E8,2.66617187890661E8,7.03491084262075E8,1.040497593800265E9,-0.017433289,0.013472499231381694,0.020244762497407157,0.004813362,0.051757541,-0.009212545,3805.53,3856.8,3934.88,3953.82,4158.46,4120.15,3873.04,3805.53,3856.8,3934.88,3953.81,4158.46,3889.27,3934.86,4026.39,3969.22,4178.78,4253.72,3710,3796.54,3845.86,3912.4,3919.03,4095,593130.0905,477231.0181,425926.9383,138526.3338,344698.0918,487131.2291,2.268706650109904E9,1.842438997006866E9,1.676037250100214E9,5.45722019675975E8,1.396836816693465E9,2.035684992603607E9,6834244,4206428,4291705,1476147,3249487,5081784,263582.8173,210507.9739,217754.8375,67667.2793,173720.1856,248999.9729,1.00833492799178E9,8.13180072006933E8,8.57155216561159E8,2.66617187890661E8,7.03491084262075E8,1.040497593800265E9,-0.017433289,0.013472499231381694,0.020244762497407157,0.004813362,0.051757541,-0.009212545,3805.53,3856.8,3934.88,3953.82,4158.46,4120.15,3979.2
2025-10-28T00:00:00,3805.53,3856.8,3934.88,3953.81,4158.46,4120.16,3934.86,4026.39,3969.22,4178.78,4253.72,4175.55,3796.54,3845.86,3912.4,3919.03,4095,3931.33,477231.0181,425926.9383,138526.3338,344698.0918,487131.2291,472965.8377,1.842438997006866E9,1.676037250100214E9,5.45722019675975E8,1.396836816693465E9,2.035684992603607E9,1.926589295491682E9,4206428,4291705,1476147,3249487,5081784,5061999,210507.9739,217754.8375,67667.2793,173720.1856,248999.9729,222962.1579,8.13180072006933E8,8.57155216561159E8,2.66617187890661E8,7.03491084262075E8,1.040497593800265E9,9.08763052717048E8,0.013472499231381694,0.020244762497407157,0.004813362,0.051757541,-0.009212545,-0.03420992,3856.8,3934.88,3953.82,4158.46,4120.15,3979.2,3805.53,3856.8,3934.88,3953.81,4158.46,4120.16,3934.86,4026.39,3969.22,4178.78,4253.72,4175.55,3796.54,3845.86,3912.4,3919.03,4095,3931.33,477231.0181,425926.9383,138526.3338,344698.0918,487131.2291,472965.8377,1.842438997006866E9,1.676037250100214E9,5.45722019675975E8,1.396836816693465E9,2.035684992603607E9,1.926589295491682E9,4206428,4291705,1476147,3249487,5081784,5061999,210507.9739,217754.8375,67667.2793,173720.1856,248999.9729,222962.1579,8.13180072006933E8,8.57155216561159E8,2.66617187890661E8,7.03491084262075E8,1.040497593800265E9,9.08763052717048E8,0.013472499231381694,0.020244762497407157,0.004813362,0.051757541,-0.009212545,-0.03420992,3856.8,3934.88,3953.82,4158.46,4120.15,3979.2,3902.99
2025-10-29T00:00:00,3856.8,3934.88,3953.81,4158.46,4120.16,3979.19,4026.39,3969.22,4178.78,4253.72,4175.55,4036.66,3845.86,3912.4,3919.03,4095,3931.33,3840.37,425926.9383,138526.3338,344698.0918,487131.2291,472965.8377,486452.3127,1.676037250100214E9,5.45722019675975E8,1.396836816693465E9,2.035684992603607E9,1.926589295491682E9,1.925328091834018E9,4291705,1476147,3249487,5081784,5061999,5571627,217754.8375,67667.2793,173720.1856,248999.9729,222962.1579,230694.78,8.57155216561159E8,2.66617187890661E8,7.03491084262075E8,1.040497593800265E9,9.08763052717048E8,9.13403769324608E8,0.020244762497407157,0.004813362,0.051757541,-0.009212545,-0.03420992,-0.019152091,3934.88,3953.82,4158.46,4120.15,3979.2,3902.99,3856.8,3934.88,3953.81,4158.46,4120.16,3979.19,4026.39,3969.22,4178.78,4253.72,4175.55,4036.66,3845.86,3912.4,3919.03,4095,3931.33,3840.37,425926.9383,138526.3338,344698.0918,487131.2291,472965.8377,486452.3127,1.676037250100214E9,5.45722019675975E8,1.396836816693465E9,2.035684992603607E9,1.926589295491682E9,1.925328091834018E9,4291705,1476147,3249487,5081784,5061999,5571627,217754.8375,67667.2793,173720.1856,248999.9729,222962.1579,230694.78,8.57155216561159E8,2.66617187890661E8,7.03491084262075E8,1.040497593800265E9,9.08763052717048E8,9.13403769324608E8,0.020244762497407157,0.004813362,0.051757541,-0.009212545,-0.03420992,-0.019152091,3934.88,3953.82,4158.46,4120.15,3979.2,3902.99,3805.09
2025-10-30T00:00:00,3934.88,3953.81,4158.46,4120.16,3979.19,3903,3969.22,4178.78,4253.72,4175.55,4036.66,3948.74,3912.4,3919.03,4095,3931.33,3840.37,3680,138526.3338,344698.0918,487131.2291,472965.8377,486452.3127,531455.9923,5.45722019675975E8,1.396836816693465E9,2.035684992603607E9,1.926589295491682E9,1.925328091834018E9,2.028708564222212E9,1476147,3249487,5081784,5061999,5571627,6906431,67667.2793,173720.1856,248999.9729,222962.1579,230694.78,253157.6828,2.66617187890661E8,7.03491084262075E8,1.040497593800265E9,9.08763052717048E8,9.13403769324608E8,9.6691564109658E8,0.004813362,0.051757541,-0.009212545,-0.03420992,-0.019152091,-0.025083334,3953.82,4158.46,4120.15,3979.2,3902.99,3805.09,3934.88,3953.81,4158.46,4120.16,3979.19,3903,3969.22,4178.78,4253.72,4175.55,4036.66,3948.74,3912.4,3919.03,4095,3931.33,3840.37,3680,138526.3338,344698.0918,487131.2291,472965.8377,486452.3127,531455.9923,5.45722019675975E8,1.396836816693465E9,2.035684992603607E9,1.926589295491682E9,1.925328091834018E9,2.028708564222212E9,1476147,3249487,5081784,5061999,5571627,6906431,67667.2793,173720.1856,248999.9729,222962.1579,230694.78,253157.6828,2.66617187890661E8,7.03491084262075E8,1.040497593800265E9,9.08763052717048E8,9.13403769324608E8,9.6691564109658E8,0.004813362,0.051757541,-0.009212545,-0.03420992,-0.019152091,-0.025083334,3953.82,4158.46,4120.15,3979.2,3902.99,3805.09,3847.99
2025-10-31T00:00:00,3953.81,4158.46,4120.16,3979.19,3903,3804.95,4178.78,4253.72,4175.55,4036.66,3948.74,3906.09,3919.03,4095,3931.33,3840.37,3680,3796.36,344698.0918,487131.2291,472965.8377,486452.3127,531455.9923,478636.2995,1.396836816693465E9,2.035684992603607E9,1.926589295491682E9,1.925328091834018E9,2.028708564222212E9,1.843471240950858E9,3249487,5081784,5061999,5571627,6906431,5000695,173720.1856,248999.9729,222962.1579,230694.78,253157.6828,263997.8361,7.03491084262075E8,1.040497593800265E9,9.08763052717048E8,9.13403769324608E8,9.6691564109658E8,1.017255899859766E9,0.051757541,-0.009212545,-0.03420992,-0.019152091,-0.025083334,0.011274371959664459,4158.46,4120.15,3979.2,3902.99,3805.09,3847.99,3953.81,4158.46,4120.16,3979.19,3903,3804.95,4178.78,4253.72,4175.55,4036.66,3948.74,3906.09,3919.03,4095,3931.33,3840.37,3680,3796.36,344698.0918,487131.2291,472965.8377,486452.3127,531455.9923,478636.2995,1.396836816693465E9,2.035684992603607E9,1.926589295491682E9,1.925328091834018E9,2.028708564222212E9,1.843471240950858E9,3249487,5081784,5061999,5571627,6906431,5000695,173720.1856,248999.9729,222962.1579,230694.78,253157.6828,263997.8361,7.03491084262075E8,1.040497593800265E9,9.08763052717048E8,9.13403769324608E8,9.6691564109658E8,1.017255899859766E9,0.051757541,-0.009212545,-0.03420992,-0.019152091,-0.025083334,0.011274371959664459,4158.46,4120.15,3979.2,3902.99,3805.09,3847.99,3873.77
2025-11-01T00:00:00,4158.46,4120.16,3979.19,3903,3804.95,3848,4253.72,4175.55,4036.66,3948.74,3906.09,3909.39,4095,3931.33,3840.37,3680,3796.36,3831,487131.2291,472965.8377,486452.3127,531455.9923,478636.2995,152998.1626,2.035684992603607E9,1.926589295491682E9,1.925328091834018E9,2.028708564222212E9,1.843471240950858E9,5.92459458761567E8,5081784,5061999,5571627,6906431,5000695,1840903,248999.9729,222962.1579,230694.78,253157.6828,263997.8361,75638.8612,1.040497593800265E9,9.08763052717048E8,9.13403769324608E8,9.6691564109658E8,1.017255899859766E9,2.92912520170275E8,-0.009212545,-0.03420992,-0.019152091,-0.025083334,0.011274371959664459,0.006699602,4120.15,3979.2,3902.99,3805.09,3847.99,3873.77,4158.46,4120.16,3979.19,3903,3804.95,3848,4253.72,4175.55,4036.66,3948.74,3906.09,3909.39,4095,3931.33,3840.37,3680,3796.36,3831,487131.2291,472965.8377,486452.3127,531455.9923,478636.2995,152998.1626,2.035684992603607E9,1.926589295491682E9,1.925328091834018E9,2.028708564222212E9,1.843471240950858E9,5.92459458761567E8,5081784,5061999,5571627,6906431,5000695,1840903,248999.9729,222962.1579,230694.78,253157.6828,263997.8361,75638.8612,1.040497593800265E9,9.08763052717048E8,9.13403769324608E8,9.6691564109658E8,1.017255899859766E9,2.92912520170275E8,-0.009212545,-0.03420992,-0.019152091,-0.025083334,0.011274371959664459,0.006699602,4120.15,3979.2,3902.99,3805.09,3847.99,3873.77,3906.58
2025-11-02T00:00:00,4120.16,3979.19,3903,3804.95,3848,3873.78,4175.55,4036.66,3948.74,3906.09,3909.39,3918.23,3931.33,3840.37,3680,3796.36,3831,3839.12,472965.8377,486452.3127,531455.9923,478636.2995,152998.1626,216083.1542,1.926589295491682E9,1.925328091834018E9,2.028708564222212E9,1.843471240950858E9,5.92459458761567E8,8.37354910688628E8,5061999,5571627,6906431,5000695,1840903,2433160,222962.1579,230694.78,253157.6828,263997.8361,75638.8612,115417.9205,9.08763052717048E8,9.13403769324608E8,9.6691564109658E8,1.017255899859766E9,2.92912520170275E8,4.47423699373431E8,-0.03420992,-0.019152091,-0.025083334,0.011274371959664459,0.006699602,0.008469785,3979.2,3902.99,3805.09,3847.99,3873.77,3906.58,4120.16,3979.19,3903,3804.95,3848,3873.78,4175.55,4036.66,3948.74,3906.09,3909.39,3918.23,3931.33,3840.37,3680,3796.36,3831,3839.12,472965.8377,486452.3127,531455.9923,478636.2995,152998.1626,216083.1542,1.926589295491682E9,1.925328091834018E9,2.028708564222212E9,1.843471240950858E9,5.92459458761567E8,8.37354910688628E8,5061999,5571627,6906431,5000695,1840903,2433160,222962.1579,230694.78,253157.6828,263997.8361,75638.8612,115417.9205,9.08763052717048E8,9.13403769324608E8,9.6691564109658E8,1.017255899859766E9,2.92912520170275E8,4.47423699373431E8,-0.03420992,-0.019152091,-0.025083334,0.011274371959664459,0.006699602,0.008469785,3979.2,3902.99,3805.09,3847.99,3873.77,3906.58,3603.83
2025-11-03T00:00:00,3979.19,3903,3804.95,3848,3873.78,3906.58,4036.66,3948.74,3906.09,3909.39,3918.23,3914.29,3840.37,3680,3796.36,3831,3839.12,3558.82,486452.3127,531455.9923,478636.2995,152998.1626,216083.1542,877187.3852,1.925328091834018E9,2.028708564222212E9,1.843471240950858E9,5.92459458761567E8,8.37354910688628E8,3.238285047509506E9,5571627,6906431,5000695,1840903,2433160,7464333,230694.78,253157.6828,263997.8361,75638.8612,115417.9205,396065.9448,9.13403769324608E8,9.6691564109658E8,1.017255899859766E9,2.92912520170275E8,4.47423699373431E8,1.462435750935427E9,-0.019152091,-0.025083334,0.011274371959664459,0.006699602,0.008469785,-0.077497453,3902.99,3805.09,3847.99,3873.77,3906.58,3603.83,3979.19,3903,3804.95,3848,3873.78,3906.58,4036.66,3948.74,3906.09,3909.39,3918.23,3914.29,3840.37,3680,3796.36,3831,3839.12,3558.82,486452.3127,531455.9923,478636.2995,152998.1626,216083.1542,877187.3852,1.925328091834018E9,2.028708564222212E9,1.843471240950858E9,5.92459458761567E8,8.37354910688628E8,3.238285047509506E9,5571627,6906431,5000695,1840903,2433160,7464333,230694.78,253157.6828,263997.8361,75638.8612,115417.9205,396065.9448,9.13403769324608E8,9.6691564109658E8,1.017255899859766E9,2.92912520170275E8,4.47423699373431E8,1.462435750935427E9,-0.019152091,-0.025083334,0.011274371959664459,0.006699602,0.008469785,-0.077497453,3902.99,3805.09,3847.99,3873.77,3906.58,3603.83,3287.05
2025-11-04T00:00:00,3903,3804.95,3848,3873.78,3906.58,3603.84,3948.74,3906.09,3909.39,3918.23,3914.29,3654.54,3680,3796.36,3831,3839.12,3558.82,3057,531455.9923,478636.2995,152998.1626,216083.1542,877187.3852,1568004.238,2.028708564222212E9,1.843471240950858E9,5.92459458761567E8,8.37354910688628E8,3.238285047509506E9,5.314450723763831E9,6906431,5000695,1840903,2433160,7464333,10283812,253157.6828,263997.8361,75638.8612,115417.9205,396065.9448,730780.3823,9.6691564109658E8,1.017255899859766E9,2.92912520170275E8,4.47423699373431E8,1.462435750935427E9,2.476934144731218E9,-0.025083334,0.011274371959664459,0.006699602,0.008469785,-0.077497453,-0.087900928,3805.09,3847.99,3873.77,3906.58,3603.83,3287.05,3903,3804.95,3848,3873.78,3906.58,3603.84,3948.74,3906.09,3909.39,3918.23,3914.29,3654.54,3680,3796.36,3831,3839.12,3558.82,3057,531455.9923,478636.2995,152998.1626,216083.1542,877187.3852,1568004.238,2.028708564222212E9,1.843471240950858E9,5.92459458761567E8,8.37354910688628E8,3.238285047509506E9,5.314450723763831E9,6906431,5000695,1840903,2433160,7464333,10283812,253157.6828,263997.8361,75638.8612,115417.9205,396065.9448,730780.3823,9.6691564109658E8,1.017255899859766E9,2.92912520170275E8,4.47423699373431E8,1.462435750935427E9,2.476934144731218E9,-0.025083334,0.011274371959664459,0.006699602,0.008469785,-0.077497453,-0.087900928,3805.09,3847.99,3873.77,3906.58,3603.83,3287.05,3424.29
2025-11-05T00:00:00,3804.95,3848,3873.78,3906.58,3603.84,3287.05,3906.09,3909.39,3918.23,3914.29,3654.54,3480.46,3796.36,3831,3839.12,3558.82,3057,3166.66,478636.2995,152998.1626,216083.1542,877187.3852,1568004.238,809591.5132,1.843471240950858E9,5.92459458761567E8,8.37354910688628E8,3.238285047509506E9,5.314450723763831E9,2.699190339152632E9,5000695,1840903,2433160,7464333,10283812,6935719,263997.8361,75638.8612,115417.9205,396065.9448,730780.3823,421218.8965,1.017255899859766E9,2.92912520170275E8,4.47423699373431E8,1.462435750935427E9,2.476934144731218E9,1.403027181859867E9,0.011274371959664459,0.006699602,0.008469785,-0.077497453,-0.087900928,0.041751723,3847.99,3873.77,3906.58,3603.83,3287.05,3424.29,3804.95,3848,3873.78,3906.58,3603.84,3287.05,3906.09,3909.39,3918.23,3914.29,3654.54,3480.46,3796.36,3831,3839.12,3558.82,3057,3166.66,478636.2995,152998.1626,216083.1542,877187.3852,1568004.238,809591.5132,1.843471240950858E9,5.92459458761567E8,8.37354910688628E8,3.238285047509506E9,5.314450723763831E9,2.699190339152632E9,5000695,1840903,2433160,7464333,10283812,6935719,263997.8361,75638.8612,115417.9205,396065.9448,730780.3823,421218.8965,1.017255899859766E9,2.92912520170275E8,4.47423699373431E8,1.462435750935427E9,2.476934144731218E9,1.403027181859867E9,0.011274371959664459,0.006699602,0.008469785,-0.077497453,-0.087900928,0.041751723,3847.99,3873.77,3906.58,3603.83,3287.05,3424.29,3315.14
2025-11-06T00:00:00,3848,3873.78,3906.58,3603.84,3287.05,3424.29,3909.39,3918.23,3914.29,3654.54,3480.46,3456.46,3831,3839.12,3558.82,3057,3166.66,3245.45,152998.1626,216083.1542,877187.3852,1568004.238,809591.5132,566363.7003,5.92459458761567E8,8.37354910688628E8,3.238285047509506E9,5.314450723763831E9,2.699190339152632E9,1.896818057207791E9,1840903,2433160,7464333,10283812,6935719,6422367,75638.8612,115417.9205,396065.9448,730780.3823,421218.8965,278569.8569,2.92912520170275E8,4.47423699373431E8,1.462435750935427E9,2.476934144731218E9,1.403027181859867E9,9.32497460957171E8,0.006699602,0.008469785,-0.077497453,-0.087900928,0.041751723,-0.031875221,3873.77,3906.58,3603.83,3287.05,3424.29,3315.14,3848,3873.78,3906.58,3603.84,3287.05,3424.29,3909.39,3918.23,3914.29,3654.54,3480.46,3456.46,3831,3839.12,3558.82,3057,3166.66,3245.45,152998.1626,216083.1542,877187.3852,1568004.238,809591.5132,566363.7003,5.92459458761567E8,8.37354910688628E8,3.238285047509506E9,5.314450723763831E9,2.699190339152632E9,1.896818057207791E9,1840903,2433160,7464333,10283812,6935719,6422367,75638.8612,115417.9205,396065.9448,730780.3823,421218.8965,278569.8569,2.92912520170275E8,4.47423699373431E8,1.462435750935427E9,2.476934144731218E9,1.403027181859867E9,9.32497460957171E8,0.006699602,0.008469785,-0.077497453,-0.087900928,0.041751723,-0.031875221,3873.77,3906.58,3603.83,3287.05,3424.29,3315.14,3436.05
2025-11-07T00:00:00,3873.78,3906.58,3603.84,3287.05,3424.29,3315.14,3918.23,3914.29,3654.54,3480.46,3456.46,3473,3839.12,3558.82,3057,3166.66,3245.45,3194.2,216083.1542,877187.3852,1568004.238,809591.5132,566363.7003,683417.3854,8.37354910688628E8,3.238285047509506E9,5.314450723763831E9,2.699190339152632E9,1.896818057207791E9,2.269770217236427E9,2433160,7464333,10283812,6935719,6422367,7139239,115417.9205,396065.9448,730780.3823,421218.8965,278569.8569,352056.0459,4.47423699373431E8,1.462435750935427E9,2.476934144731218E9,1.403027181859867E9,9.32497460957171E8,1.169901356913121E9,0.008469785,-0.077497453,-0.087900928,0.041751723,-0.031875221,0.036472065,3906.58,3603.83,3287.05,3424.29,3315.14,3436.05,3873.78,3906.58,3603.84,3287.05,3424.29,3315.14,3918.23,3914.29,3654.54,3480.46,3456.46,3473,3839.12,3558.82,3057,3166.66,3245.45,3194.2,216083.1542,877187.3852,1568004.238,809591.5132,566363.7003,683417.3854,8.37354910688628E8,3.238285047509506E9,5.314450723763831E9,2.699190339152632E9,1.896818057207791E9,2.269770217236427E9,2433160,7464333,10283812,6935719,6422367,7139239,115417.9205,396065.9448,730780.3823,421218.8965,278569.8569,352056.0459,4.47423699373431E8,1.462435750935427E9,2.476934144731218E9,1.403027181859867E9,9.32497460957171E8,1.169901356913121E9,0.008469785,-0.077497453,-0.087900928,0.041751723,-0.031875221,0.036472065,3906.58,3603.83,3287.05,3424.29,3315.14,3436.05,3401.51
2025-11-08T00:00:00,3906.58,3603.84,3287.05,3424.29,3315.14,3436.04,3914.29,3654.54,3480.46,3456.46,3473,3488,3558.82,3057,3166.66,3245.45,3194.2,3355.58,877187.3852,1568004.238,809591.5132,566363.7003,683417.3854,291532.2881,3.238285047509506E9,5.314450723763831E9,2.699190339152632E9,1.896818057207791E9,2.269770217236427E9,9.9707651609053E8,7464333,10283812,6935719,6422367,7139239,3661341,396065.9448,730780.3823,421218.8965,278569.8569,352056.0459,144818.0207,1.462435750935427E9,2.476934144731218E9,1.403027181859867E9,9.32497460957171E8,1.169901356913121E9,4.95545476057333E8,-0.077497453,-0.087900928,0.041751723,-0.031875221,0.036472065,-0.01005224,3603.83,3287.05,3424.29,3315.14,3436.05,3401.51,3906.58,3603.84,3287.05,3424.29,3315.14,3436.04,3914.29,3654.54,3480.46,3456.46,3473,3488,3558.82,3057,3166.66,3245.45,3194.2,3355.58,877187.3852,1568004.238,809591.5132,566363.7003,683417.3854,291532.2881,3.238285047509506E9,5.314450723763831E9,2.699190339152632E9,1.896818057207791E9,2.269770217236427E9,9.9707651609053E8,7464333,10283812,6935719,6422367,7139239,3661341,396065.9448,730780.3823,421218.8965,278569.8569,352056.0459,144818.0207,1.462435750935427E9,2.476934144731218E9,1.403027181859867E9,9.32497460957171E8,1.169901356913121E9,4.95545476057333E8,-0.077497453,-0.087900928,0.041751723,-0.031875221,0.036472065,-0.01005224,3603.83,3287.05,3424.29,3315.14,3436.05,3401.51,3583.46
2025-11-09T00:00:00,3603.84,3287.05,3424.29,3315.14,3436.04,3401.51,3654.54,3480.46,3456.46,3473,3488,3623.25,3057,3166.66,3245.45,3194.2,3355.58,3358.66,1568004.238,809591.5132,566363.7003,683417.3854,291532.2881,464098.052,5.314450723763831E9,2.699190339152632E9,1.896818057207791E9,2.269770217236427E9,9.9707651609053E8,1.61606805982672E9,10283812,6935719,6422367,7139239,3661341,4471232,730780.3823,421218.8965,278569.8569,352056.0459,144818.0207,255287.6113,2.476934144731218E9,1.403027181859867E9,9.32497460957171E8,1.169901356913121E9,4.95545476057333E8,8.88865168926934E8,-0.087900928,0.041751723,-0.031875221,0.036472065,-0.01005224,0.053490949607674185,3287.05,3424.29,3315.14,3436.05,3401.51,3583.46,3603.84,3287.05,3424.29,3315.14,3436.04,3401.51,3654.54,3480.46,3456.46,3473,3488,3623.25,3057,3166.66,3245.45,3194.2,3355.58,3358.66,1568004.238,809591.5132,566363.7003,683417.3854,291532.2881,464098.052,5.314450723763831E9,2.699190339152632E9,1.896818057207791E9,2.269770217236427E9,9.9707651609053E8,1.61606805982672E9,10283812,6935719,6422367,7139239,3661341,4471232,730780.3823,421218.8965,278569.8569,352056.0459,144818.0207,255287.6113,2.476934144731218E9,1.403027181859867E9,9.32497460957171E8,1.169901356913121E9,4.95545476057333E8,8.88865168926934E8,-0.087900928,0.041751723,-0.031875221,0.036472065,-0.01005224,0.053490949607674185,3287.05,3424.29,3315.14,3436.05,3401.51,3583.46,3567.85
2025-11-10T00:00:00,3287.05,3424.29,3315.14,3436.04,3401.51,3583.46,3480.46,3456.46,3473,3488,3623.25,3658.98,3166.66,3245.45,3194.2,3355.58,3358.66,3507.3,809591.5132,566363.7003,683417.3854,291532.2881,464098.052,595273.0298,2.699190339152632E9,1.896818057207791E9,2.269770217236427E9,9.9707651609053E8,1.61606805982672E9,2.130222587624694E9,6935719,6422367,7139239,3661341,4471232,5374965,421218.8965,278569.8569,352056.0459,144818.0207,255287.6113,288985.1178,1.403027181859867E9,9.32497460957171E8,1.169901356913121E9,4.95545476057333E8,8.88865168926934E8,1.035700899574761E9,0.041751723,-0.031875221,0.036472065,-0.01005224,0.053490949607674185,-0.004356125,3424.29,3315.14,3436.05,3401.51,3583.46,3567.85,3287.05,3424.29,3315.14,3436.04,3401.51,3583.46,3480.46,3456.46,3473,3488,3623.25,3658.98,3166.66,3245.45,3194.2,3355.58,3358.66,3507.3,809591.5132,566363.7003,683417.3854,291532.2881,464098.052,595273.0298,2.699190339152632E9,1.896818057207791E9,2.269770217236427E9,9.9707651609053E8,1.61606805982672E9,2.130222587624694E9,6935719,6422367,7139239,3661341,4471232,5374965,421218.8965,278569.8569,352056.0459,144818.0207,255287.6113,288985.1178,1.403027181859867E9,9.32497460957171E8,1.169901356913121E9,4.95545476057333E8,8.88865168926934E8,1.035700899574761E9,0.041751723,-0.031875221,0.036472065,-0.01005224,0.053490949607674185,-0.004356125,3424.29,3315.14,3436.05,3401.51,3583.46,3567.85,3417.76
2025-11-11T00:00:00,3424.29,3315.14,3436.04,3401.51,3583.46,3567.85,3456.46,3473,3488,3623.25,3658.98,3648.27,3245.45,3194.2,3355.58,3358.66,3507.3,3405.24,566363.7003,683417.3854,291532.2881,464098.052,595273.0298,660283.2747,1.896818057207791E9,2.269770217236427E9,9.9707651609053E8,1.61606805982672E9,2.130222587624694E9,2.334219569458803E9,6422367,7139239,3661341,4471232,5374965,6239855,278569.8569,352056.0459,144818.0207,255287.6113,288985.1178,279975.2724,9.32497460957171E8,1.169901356913121E9,4.95545476057333E8,8.88865168926934E8,1.035700899574761E9,9.88115425798087E8,-0.031875221,0.036472065,-0.01005224,0.053490949607674185,-0.004356125,-0.042067351,3315.14,3436.05,3401.51,3583.46,3567.85,3417.76,3424.29,3315.14,3436.04,3401.51,3583.46,3567.85,3456.46,3473,3488,3623.25,3658.98,3648.27,3245.45,3194.2,3355.58,3358.66,3507.3,3405.24,566363.7003,683417.3854,291532.2881,464098.052,595273.0298,660283.2747,1.896818057207791E9,2.269770217236427E9,9.9707651609053E8,1.61606805982672E9,2.130222587624694E9,2.334219569458803E9,6422367,7139239,3661341,4471232,5374965,6239855,278569.8569,352056.0459,144818.0207,255287.6113,288985.1178,279975.2724,9.32497460957171E8,1.169901356913121E9,4.95545476057333E8,8.88865168926934E8,1.035700899574761E9,9.88115425798087E8,-0.031875221,0.036472065,-0.01005224,0.053490949607674185,-0.004356125,-0.042067351,3315.14,3436.05,3401.51,3583.46,3567.85,3417.76,3414.92
2025-11-12T00:00:00,3315.14,3436.04,3401.51,3583.46,3567.85,3417.76,3473,3488,3623.25,3658.98,3648.27,3588.19,3194.2,3355.58,3358.66,3507.3,3405.24,3371.65,683417.3854,291532.2881,464098.052,595273.0298,660283.2747,553101.9368,2.269770217236427E9,9.9707651609053E8,1.61606805982672E9,2.130222587624694E9,2.334219569458803E9,1.91304055362282E9,7139239,3661341,4471232,5374965,6239855,5915987,352056.0459,144818.0207,255287.6113,288985.1178,279975.2724,269502.1432,1.169901356913121E9,4.95545476057333E8,8.88865168926934E8,1.035700899574761E9,9.88115425798087E8,9.32258100373958E8,0.036472065,-0.01005224,0.053490949607674185,-0.004356125,-0.042067351,-8.31E-04,3436.05,3401.51,3583.46,3567.85,3417.76,3414.92,3315.14,3436.04,3401.51,3583.46,3567.85,3417.76,3473,3488,3623.25,3658.98,3648.27,3588.19,3194.2,3355.58,3358.66,3507.3,3405.24,3371.65,683417.3854,291532.2881,464098.052,595273.0298,660283.2747,553101.9368,2.269770217236427E9,9.9707651609053E8,1.61606805982672E9,2.130222587624694E9,2.334219569458803E9,1.91304055362282E9,7139239,3661341,4471232,5374965,6239855,5915987,352056.0459,144818.0207,255287.6113,288985.1178,279975.2724,269502.1432,1.169901356913121E9,4.95545476057333E8,8.88865168926934E8,1.035700899574761E9,9.88115425798087E8,9.32258100373958E8,0.036472065,-0.01005224,0.053490949607674185,-0.004356125,-0.042067351,-8.31E-04,3436.05,3401.51,3583.46,3567.85,3417.76,3414.92,3231.54
2025-11-13T00:00:00,3436.04,3401.51,3583.46,3567.85,3417.76,3414.91,3488,3623.25,3658.98,3648.27,3588.19,3565.84,3355.58,3358.66,3507.3,3405.24,3371.65,3154.22,291532.2881,464098.052,595273.0298,660283.2747,553101.9368,951989.1347,9.9707651609053E8,1.61606805982672E9,2.130222587624694E9,2.334219569458803E9,1.91304055362282E9,3.206643011077227E9,3661341,4471232,5374965,6239855,5915987,8109562,144818.0207,255287.6113,288985.1178,279975.2724,269502.1432,479288.7197,4.95545476057333E8,8.88865168926934E8,1.035700899574761E9,9.88115425798087E8,9.32258100373958E8,1.611512971446227E9,-0.01005224,0.053490949607674185,-0.004356125,-0.042067351,-8.31E-04,-0.053699647,3401.51,3583.46,3567.85,3417.76,3414.92,3231.54,3436.04,3401.51,3583.46,3567.85,3417.76,3414.91,3488,3623.25,3658.98,3648.27,3588.19,3565.84,3355.58,3358.66,3507.3,3405.24,3371.65,3154.22,291532.2881,464098.052,595273.0298,660283.2747,553101.9368,951989.1347,9.9707651609053E8,1.61606805982672E9,2.130222587624694E9,2.334219569458803E9,1.91304055362282E9,3.206643011077227E9,3661341,4471232,5374965,6239855,5915987,8109562,144818.0207,255287.6113,288985.1178,279975.2724,269502.1432,479288.7197,4.95545476057333E8,8.88865168926934E8,1.035700899574761E9,9.88115425798087E8,9.32258100373958E8,1.611512971446227E9,-0.01005224,0.053490949607674185,-0.004356125,-0.042067351,-8.31E-04,-0.053699647,3401.51,3583.46,3567.85,3417.76,3414.92,3231.54,3112.4
2025-11-14T00:00:00,3401.51,3583.46,3567.85,3417.76,3414.91,3231.55,3623.25,3658.98,3648.27,3588.19,3565.84,3256.71,3358.66,3507.3,3405.24,3371.65,3154.22,3070,464098.052,595273.0298,660283.2747,553101.9368,951989.1347,890446.1491,1.61606805982672E9,2.130222587624694E9,2.334219569458803E9,1.91304055362282E9,3.206643011077227E9,2.825408309925825E9,4471232,5374965,6239855,5915987,8109562,9563602,255287.6113,288985.1178,279975.2724,269502.1432,479288.7197,444168.0228,8.88865168926934E8,1.035700899574761E9,9.88115425798087E8,9.32258100373958E8,1.611512971446227E9,1.410419310962096E9,0.053490949607674185,-0.004356125,-0.042067351,-8.31E-04,-0.053699647,-0.036867871,3583.46,3567.85,3417.76,3414.92,3231.54,3112.4,3401.51,3583.46,3567.85,3417.76,3414.91,3231.55,3623.25,3658.98,3648.27,3588.19,3565.84,3256.71,3358.66,3507.3,3405.24,3371.65,3154.22,3070,464098.052,595273.0298,660283.2747,553101.9368,951989.1347,890446.1491,1.61606805982672E9,2.130222587624694E9,2.334219569458803E9,1.91304055362282E9,3.206643011077227E9,2.825408309925825E9,4471232,5374965,6239855,5915987,8109562,9563602,255287.6113,288985.1178,279975.2724,269502.1432,479288.7197,444168.0228,8.88865168926934E8,1.035700899574761E9,9.88115425798087E8,9.32258100373958E8,1.611512971446227E9,1.410419310962096E9,0.053490949607674185,-0.004356125,-0.042067351,-8.31E-04,-0.053699647,-0.036867871,3583.46,3567.85,3417.76,3414.92,3231.54,3112.4,3167.88
2025-11-15T00:00:00,3583.46,3567.85,3417.76,3414.91,3231.55,3112.4,3658.98,3648.27,3588.19,3565.84,3256.71,3230,3507.3,3405.24,3371.65,3154.22,3070,3110.68,595273.0298,660283.2747,553101.9368,951989.1347,890446.1491,338463.4782,2.130222587624694E9,2.334219569458803E9,1.91304055362282E9,3.206643011077227E9,2.825408309925825E9,1.076796729102536E9,5374965,6239855,5915987,8109562,9563602,3329279,288985.1178,279975.2724,269502.1432,479288.7197,444168.0228,178961.8223,1.035700899574761E9,9.88115425798087E8,9.32258100373958E8,1.611512971446227E9,1.410419310962096E9,5.69908112717186E8,-0.004356125,-0.042067351,-8.31E-04,-0.053699647,-0.036867871,0.017825472,3567.85,3417.76,3414.92,3231.54,3112.4,3167.88,3583.46,3567.85,3417.76,3414.91,3231.55,3112.4,3658.98,3648.27,3588.19,3565.84,3256.71,3230,3507.3,3405.24,3371.65,3154.22,3070,3110.68,595273.0298,660283.2747,553101.9368,951989.1347,890446.1491,338463.4782,2.130222587624694E9,2.334219569458803E9,1.91304055362282E9,3.206643011077227E9,2.825408309925825E9,1.076796729102536E9,5374965,6239855,5915987,8109562,9563602,3329279,288985.1178,279975.2724,269502.1432,479288.7197,444168.0228,178961.8223,1.035700899574761E9,9.88115425798087E8,9.32258100373958E8,1.611512971446227E9,1.410419310962096E9,5.69908112717186E8,-0.004356125,-0.042067351,-8.31E-04,-0.053699647,-0.036867871,0.017825472,3567.85,3417.76,3414.92,3231.54,3112.4,3167.88,3095.29
2025-11-16T00:00:00,3567.85,3417.76,3414.91,3231.55,3112.4,3167.87,3648.27,3588.19,3565.84,3256.71,3230,3249,3405.24,3371.65,3154.22,3070,3110.68,3004,660283.2747,553101.9368,951989.1347,890446.1491,338463.4782,570633.5809,2.334219569458803E9,1.91304055362282E9,3.206643011077227E9,2.825408309925825E9,1.076796729102536E9,1.779987722711093E9,6239855,5915987,8109562,9563602,3329279,5709385,279975.2724,269502.1432,479288.7197,444168.0228,178961.8223,287844.8346,9.88115425798087E8,9.32258100373958E8,1.611512971446227E9,1.410419310962096E9,5.69908112717186E8,8.99323831841917E8,-0.042067351,-8.31E-04,-0.053699647,-0.036867871,0.017825472,-0.022914378,3417.76,3414.92,3231.54,3112.4,3167.88,3095.29,3567.85,3417.76,3414.91,3231.55,3112.4,3167.87,3648.27,3588.19,3565.84,3256.71,3230,3249,3405.24,3371.65,3154.22,3070,3110.68,3004,660283.2747,553101.9368,951989.1347,890446.1491,338463.4782,570633.5809,2.334219569458803E9,1.91304055362282E9,3.206643011077227E9,2.825408309925825E9,1.076796729102536E9,1.779987722711093E9,6239855,5915987,8109562,9563602,3329279,5709385,279975.2724,269502.1432,479288.7197,444168.0228,178961.8223,287844.8346,9.88115425798087E8,9.32258100373958E8,1.611512971446227E9,1.410419310962096E9,5.69908112717186E8,8.99323831841917E8,-0.042067351,-8.31E-04,-0.053699647,-0.036867871,0.017825472,-0.022914378,3417.76,3414.92,3231.54,3112.4,3167.88,3095.29,3031.44
2025-11-17T00:00:00,3417.76,3414.91,3231.55,3112.4,3167.87,3095.29,3588.19,3565.84,3256.71,3230,3249,3223.38,3371.65,3154.22,3070,3110.68,3004,2959.46,553101.9368,951989.1347,890446.1491,338463.4782,570633.5809,762500.4289,1.91304055362282E9,3.206643011077227E9,2.825408309925825E9,1.076796729102536E9,1.779987722711093E9,2.363337280765939E9,5915987,8109562,9563602,3329279,5709385,7450569,269502.1432,479288.7197,444168.0228,178961.8223,287844.8346,387414.7425,9.32258100373958E8,1.611512971446227E9,1.410419310962096E9,5.69908112717186E8,8.99323831841917E8,1.201427058002213E9,-8.31E-04,-0.053699647,-0.036867871,0.017825472,-0.022914378,-0.020628116,3414.92,3231.54,3112.4,3167.88,3095.29,3031.44,3417.76,3414.91,3231.55,3112.4,3167.87,3095.29,3588.19,3565.84,3256.71,3230,3249,3223.38,3371.65,3154.22,3070,3110.68,3004,2959.46,553101.9368,951989.1347,890446.1491,338463.4782,570633.5809,762500.4289,1.91304055362282E9,3.206643011077227E9,2.825408309925825E9,1.076796729102536E9,1.779987722711093E9,2.363337280765939E9,5915987,8109562,9563602,3329279,5709385,7450569,269502.1432,479288.7197,444168.0228,178961.8223,287844.8346,387414.7425,9.32258100373958E8,1.611512971446227E9,1.410419310962096E9,5.69908112717186E8,8.99323831841917E8,1.201427058002213E9,-8.31E-04,-0.053699647,-0.036867871,0.017825472,-0.022914378,-0.020628116,3414.92,3231.54,3112.4,3167.88,3095.29,3031.44,3123.66
2025-11-18T00:00:00,3414.91,3231.55,3112.4,3167.87,3095.29,3031.44,3565.84,3256.71,3230,3249,3223.38,3169.95,3154.22,3070,3110.68,3004,2959.46,2946.56,951989.1347,890446.1491,338463.4782,570633.5809,762500.4289,766640.1058,3.206643011077227E9,2.825408309925825E9,1.076796729102536E9,1.779987722711093E9,2.363337280765939E9,2.340587460798044E9,8109562,9563602,3329279,5709385,7450569,7615241,479288.7197,444168.0228,178961.8223,287844.8346,387414.7425,403280.7886,1.611512971446227E9,1.410419310962096E9,5.69908112717186E8,8.99323831841917E8,1.201427058002213E9,1.232613020736247E9,-0.053699647,-0.036867871,0.017825472,-0.022914378,-0.020628116,0.030421185971023605,3231.54,3112.4,3167.88,3095.29,3031.44,3123.66,3414.91,3231.55,3112.4,3167.87,3095.29,3031.44,3565.84,3256.71,3230,3249,3223.38,3169.95,3154.22,3070,3110.68,3004,2959.46,2946.56,951989.1347,890446.1491,338463.4782,570633.5809,762500.4289,766640.1058,3.206643011077227E9,2.825408309925825E9,1.076796729102536E9,1.779987722711093E9,2.363337280765939E9,2.340587460798044E9,8109562,9563602,3329279,5709385,7450569,7615241,479288.7197,444168.0228,178961.8223,287844.8346,387414.7425,403280.7886,1.611512971446227E9,1.410419310962096E9,5.69908112717186E8,8.99323831841917E8,1.201427058002213E9,1.232613020736247E9,-0.053699647,-0.036867871,0.017825472,-0.022914378,-0.020628116,0.030421185971023605,3231.54,3112.4,3167.88,3095.29,3031.44,3123.66,3025.48
2025-11-19T00:00:00,3231.55,3112.4,3167.87,3095.29,3031.44,3123.65,3256.71,3230,3249,3223.38,3169.95,3125.54,3070,3110.68,3004,2959.46,2946.56,2873.64,890446.1491,338463.4782,570633.5809,762500.4289,766640.1058,737926.7146,2.825408309925825E9,1.076796729102536E9,1.779987722711093E9,2.363337280765939E9,2.340587460798044E9,2.216678695223021E9,9563602,3329279,5709385,7450569,7615241,7164222,444168.0228,178961.8223,287844.8346,387414.7425,403280.7886,360036.5459,1.410419310962096E9,5.69908112717186E8,8.99323831841917E8,1.201427058002213E9,1.232613020736247E9,1.081978073162999E9,-0.036867871,0.017825472,-0.022914378,-0.020628116,0.030421185971023605,-0.031431078,3112.4,3167.88,3095.29,3031.44,3123.66,3025.48,3231.55,3112.4,3167.87,3095.29,3031.44,3123.65,3256.71,3230,3249,3223.38,3169.95,3125.54,3070,3110.68,3004,2959.46,2946.56,2873.64,890446.1491,338463.4782,570633.5809,762500.4289,766640.1058,737926.7146,2.825408309925825E9,1.076796729102536E9,1.779987722711093E9,2.363337280765939E9,2.340587460798044E9,2.216678695223021E9,9563602,3329279,5709385,7450569,7615241,7164222,444168.0228,178961.8223,287844.8346,387414.7425,403280.7886,360036.5459,1.410419310962096E9,5.69908112717186E8,8.99323831841917E8,1.201427058002213E9,1.232613020736247E9,1.081978073162999E9,-0.036867871,0.017825472,-0.022914378,-0.020628116,0.030421185971023605,-0.031431078,3112.4,3167.88,3095.29,3031.44,3123.66,3025.48,2834.22
2025-11-20T00:00:00,3112.4,3167.87,3095.29,3031.44,3123.65,3025.48,3230,3249,3223.38,3169.95,3125.54,3063.61,3110.68,3004,2959.46,2946.56,2873.64,2790.01,338463.4782,570633.5809,762500.4289,766640.1058,737926.7146,912524.3718,1.076796729102536E9,1.779987722711093E9,2.363337280765939E9,2.340587460798044E9,2.216678695223021E9,2.661800409340738E9,3329279,5709385,7450569,7615241,7164222,7127439,178961.8223,287844.8346,387414.7425,403280.7886,360036.5459,428888.8725,5.69908112717186E8,8.99323831841917E8,1.201427058002213E9,1.232613020736247E9,1.081978073162999E9,1.252889590169883E9,0.017825472,-0.022914378,-0.020628116,0.030421185971023605,-0.031431078,-0.063216415,3167.88,3095.29,3031.44,3123.66,3025.48,2834.22,3112.4,3167.87,3095.29,3031.44,3123.65,3025.48,3230,3249,3223.38,3169.95,3125.54,3063.61,3110.68,3004,2959.46,2946.56,2873.64,2790.01,338463.4782,570633.5809,762500.4289,766640.1058,737926.7146,912524.3718,1.076796729102536E9,1.779987722711093E9,2.363337280765939E9,2.340587460798044E9,2.216678695223021E9,2.661800409340738E9,3329279,5709385,7450569,7615241,7164222,7127439,178961.8223,287844.8346,387414.7425,403280.7886,360036.5459,428888.8725,5.69908112717186E8,8.99323831841917E8,1.201427058002213E9,1.232613020736247E9,1.081978073162999E9,1.252889590169883E9,0.017825472,-0.022914378,-0.020628116,0.030421185971023605,-0.031431078,-0.063216415,3167.88,3095.29,3031.44,3123.66,3025.48,2834.22,2765.85
2025-11-21T00:00:00,3167.87,3095.29,3031.44,3123.65,3025.48,2834.21,3249,3223.38,3169.95,3125.54,3063.61,2886.73,3004,2959.46,2946.56,2873.64,2790.01,2623.57,570633.5809,762500.4289,766640.1058,737926.7146,912524.3718,1180475.409,1.779987722711093E9,2.363337280765939E9,2.340587460798044E9,2.216678695223021E9,2.661800409340738E9,3.23684781947923E9,5709385,7450569,7615241,7164222,7127439,10064748,287844.8346,387414.7425,403280.7886,360036.5459,428888.8725,547922.1099,8.99323831841917E8,1.201427058002213E9,1.232613020736247E9,1.081978073162999E9,1.252889590169883E9,1.502813541495193E9,-0.022914378,-0.020628116,0.030421185971023605,-0.031431078,-0.063216415,-0.024123039,3095.29,3031.44,3123.66,3025.48,2834.22,2765.85,3167.87,3095.29,3031.44,3123.65,3025.48,2834.21,3249,3223.38,3169.95,3125.54,3063.61,2886.73,3004,2959.46,2946.56,2873.64,2790.01,2623.57,570633.5809,762500.4289,766640.1058,737926.7146,912524.3718,1180475.409,1.779987722711093E9,2.363337280765939E9,2.340587460798044E9,2.216678695223021E9,2.661800409340738E9,3.23684781947923E9,5709385,7450569,7615241,7164222,7127439,10064748,287844.8346,387414.7425,403280.7886,360036.5459,428888.8725,547922.1099,8.99323831841917E8,1.201427058002213E9,1.232613020736247E9,1.081978073162999E9,1.252889590169883E9,1.502813541495193E9,-0.022914378,-0.020628116,0.030421185971023605,-0.031431078,-0.063216415,-0.024123039,3095.29,3031.44,3123.66,3025.48,2834.22,2765.85,2770.12
2025-11-22T00:00:00,3095.29,3031.44,3123.65,3025.48,2834.21,2765.86,3223.38,3169.95,3125.54,3063.61,2886.73,2799.01,2959.46,2946.56,2873.64,2790.01,2623.57,2704.33,762500.4289,766640.1058,737926.7146,912524.3718,1180475.409,264691.3089,2.363337280765939E9,2.340587460798044E9,2.216678695223021E9,2.661800409340738E9,3.23684781947923E9,7.26992504445693E8,7450569,7615241,7164222,7127439,10064748,3610746,387414.7425,403280.7886,360036.5459,428888.8725,547922.1099,130783.3858,1.201427058002213E9,1.232613020736247E9,1.081978073162999E9,1.252889590169883E9,1.502813541495193E9,3.59293974593027E8,-0.020628116,0.030421185971023605,-0.031431078,-0.063216415,-0.024123039,0.001543829,3031.44,3123.66,3025.48,2834.22,2765.85,2770.12,3095.29,3031.44,3123.65,3025.48,2834.21,2765.86,3223.38,3169.95,3125.54,3063.61,2886.73,2799.01,2959.46,2946.56,2873.64,2790.01,2623.57,2704.33,762500.4289,766640.1058,737926.7146,912524.3718,1180475.409,264691.3089,2.363337280765939E9,2.340587460798044E9,2.216678695223021E9,2.661800409340738E9,3.23684781947923E9,7.26992504445693E8,7450569,7615241,7164222,7127439,10064748,3610746,387414.7425,403280.7886,360036.5459,428888.8725,547922.1099,130783.3858,1.201427058002213E9,1.232613020736247E9,1.081978073162999E9,1.252889590169883E9,1.502813541495193E9,3.59293974593027E8,-0.020628116,0.030421185971023605,-0.031431078,-0.063216415,-0.024123039,0.001543829,3031.44,3123.66,3025.48,2834.22,2765.85,2770.12,2802.16
2025-11-23T00:00:00,3031.44,3123.65,3025.48,2834.21,2765.86,2770.12,3169.95,3125.54,3063.61,2886.73,2799.01,2858.16,2946.56,2873.64,2790.01,2623.57,2704.33,2768.29,766640.1058,737926.7146,912524.3718,1180475.409,264691.3089,409808.5734,2.340587460798044E9,2.216678695223021E9,2.661800409340738E9,3.23684781947923E9,7.26992504445693E8,1.154902366816105E9,7615241,7164222,7127439,10064748,3610746,3902263,403280.7886,360036.5459,428888.8725,547922.1099,130783.3858,206241.2795,1.232613020736247E9,1.081978073162999E9,1.252889590169883E9,1.502813541495193E9,3.59293974593027E8,5.81290867286262E8,0.030421185971023605,-0.031431078,-0.063216415,-0.024123039,0.001543829,0.011566285937071305,3123.66,3025.48,2834.22,2765.85,2770.12,2802.16,3031.44,3123.65,3025.48,2834.21,2765.86,2770.12,3169.95,3125.54,3063.61,2886.73,2799.01,2858.16,2946.56,2873.64,2790.01,2623.57,2704.33,2768.29,766640.1058,737926.7146,912524.3718,1180475.409,264691.3089,409808.5734,2.340587460798044E9,2.216678695223021E9,2.661800409340738E9,3.23684781947923E9,7.26992504445693E8,1.154902366816105E9,7615241,7164222,7127439,10064748,3610746,3902263,403280.7886,360036.5459,428888.8725,547922.1099,130783.3858,206241.2795,1.232613020736247E9,1.081978073162999E9,1.252889590169883E9,1.502813541495193E9,3.59293974593027E8,5.81290867286262E8,0.030421185971023605,-0.031431078,-0.063216415,-0.024123039,0.001543829,0.011566285937071305,3123.66,3025.48,2834.22,2765.85,2770.12,2802.16,2953.38
2025-11-24T00:00:00,3123.65,3025.48,2834.21,2765.86,2770.12,2802.16,3125.54,3063.61,2886.73,2799.01,2858.16,2987,2873.64,2790.01,2623.57,2704.33,2768.29,2763,737926.7146,912524.3718,1180475.409,264691.3089,409808.5734,715279.7551,2.216678695223021E9,2.661800409340738E9,3.23684781947923E9,7.26992504445693E8,1.154902366816105E9,2.052356496552595E9,7164222,7127439,10064748,3610746,3902263,5727108,360036.5459,428888.8725,547922.1099,130783.3858,206241.2795,341887.1162,1.081978073162999E9,1.252889590169883E9,1.502813541495193E9,3.59293974593027E8,5.81290867286262E8,9.79551492849392E8,-0.031431078,-0.063216415,-0.024123039,0.001543829,0.011566285937071305,0.053965512319068244,3025.48,2834.22,2765.85,2770.12,2802.16,2953.38,3123.65,3025.48,2834.21,2765.86,2770.12,2802.16,3125.54,3063.61,2886.73,2799.01,2858.16,2987,2873.64,2790.01,2623.57,2704.33,2768.29,2763,737926.7146,912524.3718,1180475.409,264691.3089,409808.5734,715279.7551,2.216678695223021E9,2.661800409340738E9,3.23684781947923E9,7.26992504445693E8,1.154902366816105E9,2.052356496552595E9,7164222,7127439,10064748,3610746,3902263,5727108,360036.5459,428888.8725,547922.1099,130783.3858,206241.2795,341887.1162,1.081978073162999E9,1.252889590169883E9,1.502813541495193E9,3.59293974593027E8,5.81290867286262E8,9.79551492849392E8,-0.031431078,-0.063216415,-0.024123039,0.001543829,0.011566285937071305,0.053965512319068244,3025.48,2834.22,2765.85,2770.12,2802.16,2953.38,2959.36
2025-11-25T00:00:00,3025.48,2834.21,2765.86,2770.12,2802.16,2953.38,3063.61,2886.73,2799.01,2858.16,2987,2980.82,2790.01,2623.57,2704.33,2768.29,2763,2857.32,912524.3718,1180475.409,264691.3089,409808.5734,715279.7551,427686.4528,2.661800409340738E9,3.23684781947923E9,7.26992504445693E8,1.154902366816105E9,2.052356496552595E9,1.246454120370332E9,7127439,10064748,3610746,3902263,5727108,4418266,428888.8725,547922.1099,130783.3858,206241.2795,341887.1162,202476.6298,1.252889590169883E9,1.502813541495193E9,3.59293974593027E8,5.81290867286262E8,9.79551492849392E8,5.90249449813369E8,-0.063216415,-0.024123039,0.001543829,0.011566285937071305,0.053965512319068244,0.002024799,2834.22,2765.85,2770.12,2802.16,2953.38,2959.36,3025.48,2834.21,2765.86,2770.12,2802.16,2953.38,3063.61,2886.73,2799.01,2858.16,2987,2980.82,2790.01,2623.57,2704.33,2768.29,2763,2857.32,912524.3718,1180475.409,264691.3089,409808.5734,715279.7551,427686.4528,2.661800409340738E9,3.23684781947923E9,7.26992504445693E8,1.154902366816105E9,2.052356496552595E9,1.246454120370332E9,7127439,10064748,3610746,3902263,5727108,4418266,428888.8725,547922.1099,130783.3858,206241.2795,341887.1162,202476.6298,1.252889590169883E9,1.502813541495193E9,3.59293974593027E8,5.81290867286262E8,9.79551492849392E8,5.90249449813369E8,-0.063216415,-0.024123039,0.001543829,0.011566285937071305,0.053965512319068244,0.002024799,2834.22,2765.85,2770.12,2802.16,2953.38,2959.36,3026.56
2025-11-26T00:00:00,2834.21,2765.86,2770.12,2802.16,2953.38,2959.36,2886.73,2799.01,2858.16,2987,2980.82,3045,2623.57,2704.33,2768.29,2763,2857.32,2888.69,1180475.409,264691.3089,409808.5734,715279.7551,427686.4528,364535.326,3.23684781947923E9,7.26992504445693E8,1.154902366816105E9,2.052356496552595E9,1.246454120370332E9,1.079536972459607E9,10064748,3610746,3902263,5727108,4418266,3911013,547922.1099,130783.3858,206241.2795,341887.1162,202476.6298,171996.0241,1.502813541495193E9,3.59293974593027E8,5.81290867286262E8,9.79551492849392E8,5.90249449813369E8,5.09726234870356E8,-0.024123039,0.001543829,0.011566285937071305,0.053965512319068244,0.002024799,0.022707612456747343,2765.85,2770.12,2802.16,2953.38,2959.36,3026.56,2834.21,2765.86,2770.12,2802.16,2953.38,2959.36,2886.73,2799.01,2858.16,2987,2980.82,3045,2623.57,2704.33,2768.29,2763,2857.32,2888.69,1180475.409,264691.3089,409808.5734,715279.7551,427686.4528,364535.326,3.23684781947923E9,7.26992504445693E8,1.154902366816105E9,2.052356496552595E9,1.246454120370332E9,1.079536972459607E9,10064748,3610746,3902263,5727108,4418266,3911013,547922.1099,130783.3858,206241.2795,341887.1162,202476.6298,171996.0241,1.502813541495193E9,3.59293974593027E8,5.81290867286262E8,9.79551492849392E8,5.90249449813369E8,5.09726234870356E8,-0.024123039,0.001543829,0.011566285937071305,0.053965512319068244,0.002024799,0.022707612456747343,2765.85,2770.12,2802.16,2953.38,2959.36,3026.56,3015.23
2025-11-27T00:00:00,2765.86,2770.12,2802.16,2953.38,2959.36,3026.56,2799.01,2858.16,2987,2980.82,3045,3071.37,2704.33,2768.29,2763,2857.32,2888.69,2985.78,264691.3089,409808.5734,715279.7551,427686.4528,364535.326,274980.3955,7.26992504445693E8,1.154902366816105E9,2.052356496552595E9,1.246454120370332E9,1.079536972459607E9,8.31942752099709E8,3610746,3902263,5727108,4418266,3911013,2917476,130783.3858,206241.2795,341887.1162,202476.6298,171996.0241,127744.67,3.59293974593027E8,5.81290867286262E8,9.79551492849392E8,5.90249449813369E8,5.09726234870356E8,3.86552391784535E8,0.001543829,0.011566285937071305,0.053965512319068244,0.002024799,0.022707612456747343,-0.003743524,2770.12,2802.16,2953.38,2959.36,3026.56,3015.23,2765.86,2770.12,2802.16,2953.38,2959.36,3026.56,2799.01,2858.16,2987,2980.82,3045,3071.37,2704.33,2768.29,2763,2857.32,2888.69,2985.78,264691.3089,409808.5734,715279.7551,427686.4528,364535.326,274980.3955,7.26992504445693E8,1.154902366816105E9,2.052356496552595E9,1.246454120370332E9,1.079536972459607E9,8.31942752099709E8,3610746,3902263,5727108,4418266,3911013,2917476,130783.3858,206241.2795,341887.1162,202476.6298,171996.0241,127744.67,3.59293974593027E8,5.81290867286262E8,9.79551492849392E8,5.90249449813369E8,5.09726234870356E8,3.86552391784535E8,0.001543829,0.011566285937071305,0.053965512319068244,0.002024799,0.022707612456747343,-0.003743524,2770.12,2802.16,2953.38,2959.36,3026.56,3015.23,3031.15
2025-11-28T00:00:00,2770.12,2802.16,2953.38,2959.36,3026.56,3015.23,2858.16,2987,2980.82,3045,3071.37,3099,2768.29,2763,2857.32,2888.69,2985.78,2994.36,409808.5734,715279.7551,427686.4528,364535.326,274980.3955,346616.0275,1.154902366816105E9,2.052356496552595E9,1.246454120370332E9,1.079536972459607E9,8.31942752099709E8,1.053857760714809E9,3902263,5727108,4418266,3911013,2917476,3662478,206241.2795,341887.1162,202476.6298,171996.0241,127744.67,172614.6176,5.81290867286262E8,9.79551492849392E8,5.90249449813369E8,5.09726234870356E8,3.86552391784535E8,5.25060095641535E8,0.011566285937071305,0.053965512319068244,0.002024799,0.022707612456747343,-0.003743524,0.005279863,2802.16,2953.38,2959.36,3026.56,3015.23,3031.15,2770.12,2802.16,2953.38,2959.36,3026.56,3015.23,2858.16,2987,2980.82,3045,3071.37,3099,2768.29,2763,2857.32,2888.69,2985.78,2994.36,409808.5734,715279.7551,427686.4528,364535.326,274980.3955,346616.0275,1.154902366816105E9,2.052356496552595E9,1.246454120370332E9,1.079536972459607E9,8.31942752099709E8,1.053857760714809E9,3902263,5727108,4418266,3911013,2917476,3662478,206241.2795,341887.1162,202476.6298,171996.0241,127744.67,172614.6176,5.81290867286262E8,9.79551492849392E8,5.90249449813369E8,5.09726234870356E8,3.86552391784535E8,5.25060095641535E8,0.011566285937071305,0.053965512319068244,0.002024799,0.022707612456747343,-0.003743524,0.005279863,2802.16,2953.38,2959.36,3026.56,3015.23,3031.15,2989.16
2025-11-29T00:00:00,2802.16,2953.38,2959.36,3026.56,3015.23,3031.14,2987,2980.82,3045,3071.37,3099,3052.64,2763,2857.32,2888.69,2985.78,2994.36,2961.91,715279.7551,427686.4528,364535.326,274980.3955,346616.0275,217904.1303,2.052356496552595E9,1.246454120370332E9,1.079536972459607E9,8.31942752099709E8,1.053857760714809E9,6.54348734599726E8,5727108,4418266,3911013,2917476,3662478,1930588,341887.1162,202476.6298,171996.0241,127744.67,172614.6176,93034.0164,9.79551492849392E8,5.90249449813369E8,5.09726234870356E8,3.86552391784535E8,5.25060095641535E8,2.79413777604877E8,0.053965512319068244,0.002024799,0.022707612456747343,-0.003743524,0.005279863,-0.013852828,2953.38,2959.36,3026.56,3015.23,3031.15,2989.16,2802.16,2953.38,2959.36,3026.56,3015.23,3031.14,2987,2980.82,3045,3071.37,3099,3052.64,2763,2857.32,2888.69,2985.78,2994.36,2961.91,715279.7551,427686.4528,364535.326,274980.3955,346616.0275,217904.1303,2.052356496552595E9,1.246454120370332E9,1.079536972459607E9,8.31942752099709E8,1.053857760714809E9,6.54348734599726E8,5727108,4418266,3911013,2917476,3662478,1930588,341887.1162,202476.6298,171996.0241,127744.67,172614.6176,93034.0164,9.79551492849392E8,5.90249449813369E8,5.09726234870356E8,3.86552391784535E8,5.25060095641535E8,2.79413777604877E8,0.053965512319068244,0.002024799,0.022707612456747343,-0.003743524,0.005279863,-0.013852828,2953.38,2959.36,3026.56,3015.23,3031.15,2989.16,2991.26
2025-11-30T00:00:00,2953.38,2959.36,3026.56,3015.23,3031.14,2989.17,2980.82,3045,3071.37,3099,3052.64,3053.02,2857.32,2888.69,2985.78,2994.36,2961.91,2975.3,427686.4528,364535.326,274980.3955,346616.0275,217904.1303,182722.4253,1.246454120370332E9,1.079536972459607E9,8.31942752099709E8,1.053857760714809E9,6.54348734599726E8,5.51904047432645E8,4418266,3911013,2917476,3662478,1930588,1896781,202476.6298,171996.0241,127744.67,172614.6176,93034.0164,87143.6579,5.90249449813369E8,5.09726234870356E8,3.86552391784535E8,5.25060095641535E8,2.79413777604877E8,2.6325569367659E8,0.002024799,0.022707612456747343,-0.003743524,0.005279863,-0.013852828,7.025385058010825E-4,2959.36,3026.56,3015.23,3031.15,2989.16,2991.26,2953.38,2959.36,3026.56,3015.23,3031.14,2989.17,2980.82,3045,3071.37,3099,3052.64,3053.02,2857.32,2888.69,2985.78,2994.36,2961.91,2975.3,427686.4528,364535.326,274980.3955,346616.0275,217904.1303,182722.4253,1.246454120370332E9,1.079536972459607E9,8.31942752099709E8,1.053857760714809E9,6.54348734599726E8,5.51904047432645E8,4418266,3911013,2917476,3662478,1930588,1896781,202476.6298,171996.0241,127744.67,172614.6176,93034.0164,87143.6579,5.90249449813369E8,5.09726234870356E8,3.86552391784535E8,5.25060095641535E8,2.79413777604877E8,2.6325569367659E8,0.002024799,0.022707612456747343,-0.003743524,0.005279863,-0.013852828,7.025385058010825E-4,2959.36,3026.56,3015.23,3031.15,2989.16,2991.26,2799.07
2025-12-01T00:00:00,2959.36,3026.56,3015.23,3031.14,2989.17,2991.25,3045,3071.37,3099,3052.64,3053.02,2999.47,2888.69,2985.78,2994.36,2961.91,2975.3,2716.04,364535.326,274980.3955,346616.0275,217904.1303,182722.4253,849002.9909,1.079536972459607E9,8.31942752099709E8,1.053857760714809E9,6.54348734599726E8,5.51904047432645E8,2.386884973982846E9,3911013,2917476,3662478,1930588,1896781,7108249,171996.0241,127744.67,172614.6176,93034.0164,87143.6579,383330.5081,5.09726234870356E8,3.86552391784535E8,5.25060095641535E8,2.79413777604877E8,2.6325569367659E8,1.076737868245771E9,0.022707612456747343,-0.003743524,0.005279863,-0.013852828,7.025385058010825E-4,-0.064250517,3026.56,3015.23,3031.15,2989.16,2991.26,2799.07,2959.36,3026.56,3015.23,3031.14,2989.17,2991.25,3045,3071.37,3099,3052.64,3053.02,2999.47,2888.69,2985.78,2994.36,2961.91,2975.3,2716.04,364535.326,274980.3955,346616.0275,217904.1303,182722.4253,849002.9909,1.079536972459607E9,8.31942752099709E8,1.053857760714809E9,6.54348734599726E8,5.51904047432645E8,2.386884973982846E9,3911013,2917476,3662478,1930588,1896781,7108249,171996.0241,127744.67,172614.6176,93034.0164,87143.6579,383330.5081,5.09726234870356E8,3.86552391784535E8,5.25060095641535E8,2.79413777604877E8,2.6325569367659E8,1.076737868245771E9,0.022707612456747343,-0.003743524,0.005279863,-0.013852828,7.025385058010825E-4,-0.064250517,3026.56,3015.23,3031.15,2989.16,2991.26,2799.07,2996.07
2025-12-02T00:00:00,3026.56,3015.23,3031.14,2989.17,2991.25,2799.07,3071.37,3099,3052.64,3053.02,2999.47,3033.76,2985.78,2994.36,2961.91,2975.3,2716.04,2782.19,274980.3955,346616.0275,217904.1303,182722.4253,849002.9909,523707.3586,8.31942752099709E8,1.053857760714809E9,6.54348734599726E8,5.51904047432645E8,2.386884973982846E9,1.528447401324846E9,2917476,3662478,1930588,1896781,7108249,5821936,127744.67,172614.6176,93034.0164,87143.6579,383330.5081,263958.3576,3.86552391784535E8,5.25060095641535E8,2.79413777604877E8,2.6325569367659E8,1.076737868245771E9,7.70318630307678E8,-0.003743524,0.005279863,-0.013852828,7.025385058010825E-4,-0.064250517,0.070380519,3015.23,3031.15,2989.16,2991.26,2799.07,2996.07,3026.56,3015.23,3031.14,2989.17,2991.25,2799.07,3071.37,3099,3052.64,3053.02,2999.47,3033.76,2985.78,2994.36,2961.91,2975.3,2716.04,2782.19,274980.3955,346616.0275,217904.1303,182722.4253,849002.9909,523707.3586,8.31942752099709E8,1.053857760714809E9,6.54348734599726E8,5.51904047432645E8,2.386884973982846E9,1.528447401324846E9,2917476,3662478,1930588,1896781,7108249,5821936,127744.67,172614.6176,93034.0164,87143.6579,383330.5081,263958.3576,3.86552391784535E8,5.25060095641535E8,2.79413777604877E8,2.6325569367659E8,1.076737868245771E9,7.70318630307678E8,-0.003743524,0.005279863,-0.013852828,7.025385058010825E-4,-0.064250517,0.070380519,3015.23,3031.15,2989.16,2991.26,2799.07,2996.07,3188.36
2025-12-03T00:00:00,3015.23,3031.14,2989.17,2991.25,2799.07,2996.07,3099,3052.64,3053.02,2999.47,3033.76,3214.99,2994.36,2961.91,2975.3,2716.04,2782.19,2985.58,346616.0275,217904.1303,182722.4253,849002.9909,523707.3586,553669.8146,1.053857760714809E9,6.54348734599726E8,5.51904047432645E8,2.386884973982846E9,1.528447401324846E9,1.713587615132564E9,3662478,1930588,1896781,7108249,5821936,6210489,172614.6176,93034.0164,87143.6579,383330.5081,263958.3576,280795.7429,5.25060095641535E8,2.79413777604877E8,2.6325569367659E8,1.076737868245771E9,7.70318630307678E8,8.69390296032023E8,0.005279863,-0.013852828,7.025385058010825E-4,-0.064250517,0.070380519,0.064180743,3031.15,2989.16,2991.26,2799.07,2996.07,3188.36,3015.23,3031.14,2989.17,2991.25,2799.07,2996.07,3099,3052.64,3053.02,2999.47,3033.76,3214.99,2994.36,2961.91,2975.3,2716.04,2782.19,2985.58,346616.0275,217904.1303,182722.4253,849002.9909,523707.3586,553669.8146,1.053857760714809E9,6.54348734599726E8,5.51904047432645E8,2.386884973982846E9,1.528447401324846E9,1.713587615132564E9,3662478,1930588,1896781,7108249,5821936,6210489,172614.6176,93034.0164,87143.6579,383330.5081,263958.3576,280795.7429,5.25060095641535E8,2.79413777604877E8,2.6325569367659E8,1.076737868245771E9,7.70318630307678E8,8.69390296032023E8,0.005279863,-0.013852828,7.025385058010825E-4,-0.064250517,0.070380519,0.064180743,3031.15,2989.16,2991.26,2799.07,2996.07,3188.36,3133.26
2025-12-04T00:00:00,3031.14,2989.17,2991.25,2799.07,2996.07,3188.39,3052.64,3053.02,2999.47,3033.76,3214.99,3240.35,2961.91,2975.3,2716.04,2782.19,2985.58,3066.37,217904.1303,182722.4253,849002.9909,523707.3586,553669.8146,486698.3987,6.54348734599726E8,5.51904047432645E8,2.386884973982846E9,1.528447401324846E9,1.713587615132564E9,1.543790061952392E9,1930588,1896781,7108249,5821936,6210489,6357509,93034.0164,87143.6579,383330.5081,263958.3576,280795.7429,238177.9812,2.79413777604877E8,2.6325569367659E8,1.076737868245771E9,7.70318630307678E8,8.69390296032023E8,7.55733360549938E8,-0.013852828,7.025385058010825E-4,-0.064250517,0.070380519,0.064180743,-0.017281612,2989.16,2991.26,2799.07,2996.07,3188.36,3133.26,3031.14,2989.17,2991.25,2799.07,2996.07,3188.39,3052.64,3053.02,2999.47,3033.76,3214.99,3240.35,2961.91,2975.3,2716.04,2782.19,2985.58,3066.37,217904.1303,182722.4253,849002.9909,523707.3586,553669.8146,486698.3987,6.54348734599726E8,5.51904047432645E8,2.386884973982846E9,1.528447401324846E9,1.713587615132564E9,1.543790061952392E9,1930588,1896781,7108249,5821936,6210489,6357509,93034.0164,87143.6579,383330.5081,263958.3576,280795.7429,238177.9812,2.79413777604877E8,2.6325569367659E8,1.076737868245771E9,7.70318630307678E8,8.69390296032023E8,7.55733360549938E8,-0.013852828,7.025385058010825E-4,-0.064250517,0.070380519,0.064180743,-0.017281612,2989.16,2991.26,2799.07,2996.07,3188.36,3133.26,3021.78
2025-12-05T00:00:00,2989.17,2991.25,2799.07,2996.07,3188.39,3133.26,3053.02,2999.47,3033.76,3214.99,3240.35,3193.33,2975.3,2716.04,2782.19,2985.58,3066.37,2983.08,182722.4253,849002.9909,523707.3586,553669.8146,486698.3987,530382.8986,5.51904047432645E8,2.386884973982846E9,1.528447401324846E9,1.713587615132564E9,1.543790061952392E9,1.639255389987769E9,1896781,7108249,5821936,6210489,6357509,6012408,87143.6579,383330.5081,263958.3576,280795.7429,238177.9812,259028.7578,2.6325569367659E8,1.076737868245771E9,7.70318630307678E8,8.69390296032023E8,7.55733360549938E8,7.99899847557016E8,7.025385058010825E-4,-0.064250517,0.070380519,0.064180743,-0.017281612,-0.035579556,2991.26,2799.07,2996.07,3188.36,3133.26,3021.78,2989.17,2991.25,2799.07,2996.07,3188.39,3133.26,3053.02,2999.47,3033.76,3214.99,3240.35,3193.33,2975.3,2716.04,2782.19,2985.58,3066.37,2983.08,182722.4253,849002.9909,523707.3586,553669.8146,486698.3987,530382.8986,5.51904047432645E8,2.386884973982846E9,1.528447401324846E9,1.713587615132564E9,1.543790061952392E9,1.639255389987769E9,1896781,7108249,5821936,6210489,6357509,6012408,87143.6579,383330.5081,263958.3576,280795.7429,238177.9812,259028.7578,2.6325569367659E8,1.076737868245771E9,7.70318630307678E8,8.69390296032023E8,7.55733360549938E8,7.99899847557016E8,7.025385058010825E-4,-0.064250517,0.070380519,0.064180743,-0.017281612,-0.035579556,2991.26,2799.07,2996.07,3188.36,3133.26,3021.78,3038.06
2025-12-06T00:00:00,2991.25,2799.07,2996.07,3188.39,3133.26,3021.77,2999.47,3033.76,3214.99,3240.35,3193.33,3069,2716.04,2782.19,2985.58,3066.37,2983.08,3012.58,849002.9909,523707.3586,553669.8146,486698.3987,530382.8986,159721.2488,2.386884973982846E9,1.528447401324846E9,1.713587615132564E9,1.543790061952392E9,1.639255389987769E9,4.85368537240031E8,7108249,5821936,6210489,6357509,6012408,2244070,383330.5081,263958.3576,280795.7429,238177.9812,259028.7578,75279.0803,1.076737868245771E9,7.70318630307678E8,8.69390296032023E8,7.55733360549938E8,7.99899847557016E8,2.28817367459284E8,-0.064250517,0.070380519,0.064180743,-0.017281612,-0.035579556,0.005387553,2799.07,2996.07,3188.36,3133.26,3021.78,3038.06,2991.25,2799.07,2996.07,3188.39,3133.26,3021.77,2999.47,3033.76,3214.99,3240.35,3193.33,3069,2716.04,2782.19,2985.58,3066.37,2983.08,3012.58,849002.9909,523707.3586,553669.8146,486698.3987,530382.8986,159721.2488,2.386884973982846E9,1.528447401324846E9,1.713587615132564E9,1.543790061952392E9,1.639255389987769E9,4.85368537240031E8,7108249,5821936,6210489,6357509,6012408,2244070,383330.5081,263958.3576,280795.7429,238177.9812,259028.7578,75279.0803,1.076737868245771E9,7.70318630307678E8,8.69390296032023E8,7.55733360549938E8,7.99899847557016E8,2.28817367459284E8,-0.064250517,0.070380519,0.064180743,-0.017281612,-0.035579556,0.005387553,2799.07,2996.07,3188.36,3133.26,3021.78,3038.06,3059.85
2025-12-07T00:00:00,2799.07,2996.07,3188.39,3133.26,3021.77,3038.06,3033.76,3214.99,3240.35,3193.33,3069,3150,2782.19,2985.58,3066.37,2983.08,3012.58,2907.52,523707.3586,553669.8146,486698.3987,530382.8986,159721.2488,391129.675,1.528447401324846E9,1.713587615132564E9,1.543790061952392E9,1.639255389987769E9,4.85368537240031E8,1.18633250165101E9,5821936,6210489,6357509,6012408,2244070,4277667,263958.3576,280795.7429,238177.9812,259028.7578,75279.0803,186555.6398,7.70318630307678E8,8.69390296032023E8,7.55733360549938E8,7.99899847557016E8,2.28817367459284E8,5.65678531959395E8,0.070380519,0.064180743,-0.017281612,-0.035579556,0.005387553,0.00717234,2996.07,3188.36,3133.26,3021.78,3038.06,3059.85,2799.07,2996.07,3188.39,3133.26,3021.77,3038.06,3033.76,3214.99,3240.35,3193.33,3069,3150,2782.19,2985.58,3066.37,2983.08,3012.58,2907.52,523707.3586,553669.8146,486698.3987,530382.8986,159721.2488,391129.675,1.528447401324846E9,1.713587615132564E9,1.543790061952392E9,1.639255389987769E9,4.85368537240031E8,1.18633250165101E9,5821936,6210489,6357509,6012408,2244070,4277667,263958.3576,280795.7429,238177.9812,259028.7578,75279.0803,186555.6398,7.70318630307678E8,8.69390296032023E8,7.55733360549938E8,7.99899847557016E8,2.28817367459284E8,5.65678531959395E8,0.070380519,0.064180743,-0.017281612,-0.035579556,0.005387553,0.00717234,2996.07,3188.36,3133.26,3021.78,3038.06,3059.85,3124.16
2025-12-08T00:00:00,2996.07,3188.39,3133.26,3021.77,3038.06,3059.86,3214.99,3240.35,3193.33,3069,3150,3180.51,2985.58,3066.37,2983.08,3012.58,2907.52,3040.87,553669.8146,486698.3987,530382.8986,159721.2488,391129.675,452820.2207,1.713587615132564E9,1.543790061952392E9,1.639255389987769E9,4.85368537240031E8,1.18633250165101E9,1.415589445039095E9,6210489,6357509,6012408,2244070,4277667,6327207,280795.7429,238177.9812,259028.7578,75279.0803,186555.6398,224225.6496,8.69390296032023E8,7.55733360549938E8,7.99899847557016E8,2.28817367459284E8,5.65678531959395E8,7.01178219819795E8,0.064180743,-0.017281612,-0.035579556,0.005387553,0.00717234,0.02101737,3188.36,3133.26,3021.78,3038.06,3059.85,3124.16,2996.07,3188.39,3133.26,3021.77,3038.06,3059.86,3214.99,3240.35,3193.33,3069,3150,3180.51,2985.58,3066.37,2983.08,3012.58,2907.52,3040.87,553669.8146,486698.3987,530382.8986,159721.2488,391129.675,452820.2207,1.713587615132564E9,1.543790061952392E9,1.639255389987769E9,4.85368537240031E8,1.18633250165101E9,1.415589445039095E9,6210489,6357509,6012408,2244070,4277667,6327207,280795.7429,238177.9812,259028.7578,75279.0803,186555.6398,224225.6496,8.69390296032023E8,7.55733360549938E8,7.99899847557016E8,2.28817367459284E8,5.65678531959395E8,7.01178219819795E8,0.064180743,-0.017281612,-0.035579556,0.005387553,0.00717234,0.02101737,3188.36,3133.26,3021.78,3038.06,3059.85,3124.16,3318.04
2025-12-09T00:00:00,3188.39,3133.26,3021.77,3038.06,3059.86,3124.16,3240.35,3193.33,3069,3150,3180.51,3397.85,3066.37,2983.08,3012.58,2907.52,3040.87,3090.8,486698.3987,530382.8986,159721.2488,391129.675,452820.2207,603859.9458,1.543790061952392E9,1.639255389987769E9,4.85368537240031E8,1.18633250165101E9,1.415589445039095E9,1.962292840767687E9,6357509,6012408,2244070,4277667,6327207,6993282,238177.9812,259028.7578,75279.0803,186555.6398,224225.6496,280409.759,7.55733360549938E8,7.99899847557016E8,2.28817367459284E8,5.65678531959395E8,7.01178219819795E8,9.11911294837155E8,-0.017281612,-0.035579556,0.005387553,0.00717234,0.02101737,0.062058281266004336,3133.26,3021.78,3038.06,3059.85,3124.16,3318.04,3188.39,3133.26,3021.77,3038.06,3059.86,3124.16,3240.35,3193.33,3069,3150,3180.51,3397.85,3066.37,2983.08,3012.58,2907.52,3040.87,3090.8,486698.3987,530382.8986,159721.2488,391129.675,452820.2207,603859.9458,1.543790061952392E9,1.639255389987769E9,4.85368537240031E8,1.18633250165101E9,1.415589445039095E9,1.962292840767687E9,6357509,6012408,2244070,4277667,6327207,6993282,238177.9812,259028.7578,75279.0803,186555.6398,224225.6496,280409.759,7.55733360549938E8,7.99899847557016E8,2.28817367459284E8,5.65678531959395E8,7.01178219819795E8,9.11911294837155E8,-0.017281612,-0.035579556,0.005387553,0.00717234,0.02101737,0.062058281266004336,3133.26,3021.78,3038.06,3059.85,3124.16,3318.04,3324.14
2025-12-10T00:00:00,3133.26,3021.77,3038.06,3059.86,3124.16,3318.04,3193.33,3069,3150,3180.51,3397.85,3447.44,2983.08,3012.58,2907.52,3040.87,3090.8,3288.1,530382.8986,159721.2488,391129.675,452820.2207,603859.9458,539585.4535,1.639255389987769E9,4.85368537240031E8,1.18633250165101E9,1.415589445039095E9,1.962292840767687E9,1.810738811735616E9,6012408,2244070,4277667,6327207,6993282,7155428,259028.7578,75279.0803,186555.6398,224225.6496,280409.759,265501.8458,7.99899847557016E8,2.28817367459284E8,5.65678531959395E8,7.01178219819795E8,9.11911294837155E8,8.91358758833009E8,-0.035579556,0.005387553,0.00717234,0.02101737,0.062058281266004336,0.001838435,3021.78,3038.06,3059.85,3124.16,3318.04,3324.14,3133.26,3021.77,3038.06,3059.86,3124.16,3318.04,3193.33,3069,3150,3180.51,3397.85,3447.44,2983.08,3012.58,2907.52,3040.87,3090.8,3288.1,530382.8986,159721.2488,391129.675,452820.2207,603859.9458,539585.4535,1.639255389987769E9,4.85368537240031E8,1.18633250165101E9,1.415589445039095E9,1.962292840767687E9,1.810738811735616E9,6012408,2244070,4277667,6327207,6993282,7155428,259028.7578,75279.0803,186555.6398,224225.6496,280409.759,265501.8458,7.99899847557016E8,2.28817367459284E8,5.65678531959395E8,7.01178219819795E8,9.11911294837155E8,8.91358758833009E8,-0.035579556,0.005387553,0.00717234,0.02101737,0.062058281266004336,0.001838435,3021.78,3038.06,3059.85,3124.16,3318.04,3324.14,3237.39
2025-12-11T00:00:00,3021.77,3038.06,3059.86,3124.16,3318.04,3324.14,3069,3150,3180.51,3397.85,3447.44,3327.37,3012.58,2907.52,3040.87,3090.8,3288.1,3145.28,159721.2488,391129.675,452820.2207,603859.9458,539585.4535,504114.2391,4.85368537240031E8,1.18633250165101E9,1.415589445039095E9,1.962292840767687E9,1.810738811735616E9,1.619734578213871E9,2244070,4277667,6327207,6993282,7155428,7267153,75279.0803,186555.6398,224225.6496,280409.759,265501.8458,239375.5443,2.28817367459284E8,5.65678531959395E8,7.01178219819795E8,9.11911294837155E8,8.91358758833009E8,7.68839628956444E8,0.005387553,0.00717234,0.02101737,0.062058281266004336,0.001838435,-0.026096975,3038.06,3059.85,3124.16,3318.04,3324.14,3237.39,3021.77,3038.06,3059.86,3124.16,3318.04,3324.14,3069,3150,3180.51,3397.85,3447.44,3327.37,3012.58,2907.52,3040.87,3090.8,3288.1,3145.28,159721.2488,391129.675,452820.2207,603859.9458,539585.4535,504114.2391,4.85368537240031E8,1.18633250165101E9,1.415589445039095E9,1.962292840767687E9,1.810738811735616E9,1.619734578213871E9,2244070,4277667,6327207,6993282,7155428,7267153,75279.0803,186555.6398,224225.6496,280409.759,265501.8458,239375.5443,2.28817367459284E8,5.65678531959395E8,7.01178219819795E8,9.11911294837155E8,8.91358758833009E8,7.68839628956444E8,0.005387553,0.00717234,0.02101737,0.062058281266004336,0.001838435,-0.026096975,3038.06,3059.85,3124.16,3318.04,3324.14,3237.39,3084.86
2025-12-12T00:00:00,3038.06,3059.86,3124.16,3318.04,3324.14,3237.38,3150,3180.51,3397.85,3447.44,3327.37,3265.5,2907.52,3040.87,3090.8,3288.1,3145.28,3045.31,391129.675,452820.2207,603859.9458,539585.4535,504114.2391,435686.4435,1.18633250165101E9,1.415589445039095E9,1.962292840767687E9,1.810738811735616E9,1.619734578213871E9,1.371414759857734E9,4277667,6327207,6993282,7155428,7267153,5948483,186555.6398,224225.6496,280409.759,265501.8458,239375.5443,204665.1471,5.65678531959395E8,7.01178219819795E8,9.11911294837155E8,8.91358758833009E8,7.68839628956444E8,6.43771575254284E8,0.00717234,0.02101737,0.062058281266004336,0.001838435,-0.026096975,-0.047115114,3059.85,3124.16,3318.04,3324.14,3237.39,3084.86,3038.06,3059.86,3124.16,3318.04,3324.14,3237.38,3150,3180.51,3397.85,3447.44,3327.37,3265.5,2907.52,3040.87,3090.8,3288.1,3145.28,3045.31,391129.675,452820.2207,603859.9458,539585.4535,504114.2391,435686.4435,1.18633250165101E9,1.415589445039095E9,1.962292840767687E9,1.810738811735616E9,1.619734578213871E9,1.371414759857734E9,4277667,6327207,6993282,7155428,7267153,5948483,186555.6398,224225.6496,280409.759,265501.8458,239375.5443,204665.1471,5.65678531959395E8,7.01178219819795E8,9.11911294837155E8,8.91358758833009E8,7.68839628956444E8,6.43771575254284E8,0.00717234,0.02101737,0.062058281266004336,0.001838435,-0.026096975,-0.047115114,3059.85,3124.16,3318.04,3324.14,3237.39,3084.86,3114.64
2025-12-13T00:00:00,3059.86,3124.16,3318.04,3324.14,3237.38,3084.86,3180.51,3397.85,3447.44,3327.37,3265.5,3135.68,3040.87,3090.8,3288.1,3145.28,3045.31,3078.6,452820.2207,603859.9458,539585.4535,504114.2391,435686.4435,136465.7567,1.415589445039095E9,1.962292840767687E9,1.810738811735616E9,1.619734578213871E9,1.371414759857734E9,4.23920604038122E8,6327207,6993282,7155428,7267153,5948483,1855254,224225.6496,280409.759,265501.8458,239375.5443,204665.1471,66698.6327,7.01178219819795E8,9.11911294837155E8,8.91358758833009E8,7.68839628956444E8,6.43771575254284E8,2.07214417642375E8,0.02101737,0.062058281266004336,0.001838435,-0.026096975,-0.047115114,0.009653599,3124.16,3318.04,3324.14,3237.39,3084.86,3114.64,3059.86,3124.16,3318.04,3324.14,3237.38,3084.86,3180.51,3397.85,3447.44,3327.37,3265.5,3135.68,3040.87,3090.8,3288.1,3145.28,3045.31,3078.6,452820.2207,603859.9458,539585.4535,504114.2391,435686.4435,136465.7567,1.415589445039095E9,1.962292840767687E9,1.810738811735616E9,1.619734578213871E9,1.371414759857734E9,4.23920604038122E8,6327207,6993282,7155428,7267153,5948483,1855254,224225.6496,280409.759,265501.8458,239375.5443,204665.1471,66698.6327,7.01178219819795E8,9.11911294837155E8,8.91358758833009E8,7.68839628956444E8,6.43771575254284E8,2.07214417642375E8,0.02101737,0.062058281266004336,0.001838435,-0.026096975,-0.047115114,0.009653599,3124.16,3318.04,3324.14,3237.39,3084.86,3114.64,3063.5
2025-12-14T00:00:00,3124.16,3318.04,3324.14,3237.38,3084.86,3114.64,3397.85,3447.44,3327.37,3265.5,3135.68,3129.54,3090.8,3288.1,3145.28,3045.31,3078.6,3024.44,603859.9458,539585.4535,504114.2391,435686.4435,136465.7567,279058.3545,1.962292840767687E9,1.810738811735616E9,1.619734578213871E9,1.371414759857734E9,4.23920604038122E8,8.62072488530014E8,6993282,7155428,7267153,5948483,1855254,3511048,280409.759,265501.8458,239375.5443,204665.1471,66698.6327,122884.5661,9.11911294837155E8,8.91358758833009E8,7.68839628956444E8,6.43771575254284E8,2.07214417642375E8,3.79597137014435E8,0.062058281266004336,0.001838435,-0.026096975,-0.047115114,0.009653599,-0.016419233,3318.04,3324.14,3237.39,3084.86,3114.64,3063.5,3124.16,3318.04,3324.14,3237.38,3084.86,3114.64,3397.85,3447.44,3327.37,3265.5,3135.68,3129.54,3090.8,3288.1,3145.28,3045.31,3078.6,3024.44,603859.9458,539585.4535,504114.2391,435686.4435,136465.7567,279058.3545,1.962292840767687E9,1.810738811735616E9,1.619734578213871E9,1.371414759857734E9,4.23920604038122E8,8.62072488530014E8,6993282,7155428,7267153,5948483,1855254,3511048,280409.759,265501.8458,239375.5443,204665.1471,66698.6327,122884.5661,9.11911294837155E8,8.91358758833009E8,7.68839628956444E8,6.43771575254284E8,2.07214417642375E8,3.79597137014435E8,0.062058281266004336,0.001838435,-0.026096975,-0.047115114,0.009653599,-0.016419233,3318.04,3324.14,3237.39,3084.86,3114.64,3063.5,2964.85
2025-12-15T00:00:00,3318.04,3324.14,3237.38,3084.86,3114.64,3063.49,3447.44,3327.37,3265.5,3135.68,3129.54,3177.5,3288.1,3145.28,3045.31,3078.6,3024.44,2894.57,539585.4535,504114.2391,435686.4435,136465.7567,279058.3545,520509.9555,1.810738811735616E9,1.619734578213871E9,1.371414759857734E9,4.23920604038122E8,8.62072488530014E8,1.579982448239563E9,7155428,7267153,5948483,1855254,3511048,7417115,265501.8458,239375.5443,204665.1471,66698.6327,122884.5661,260217.0331,8.91358758833009E8,7.68839628956444E8,6.43771575254284E8,2.07214417642375E8,3.79597137014435E8,7.90063852031119E8,0.001838435,-0.026096975,-0.047115114,0.009653599,-0.016419233,-0.03220173,3324.14,3237.39,3084.86,3114.64,3063.5,2964.85,3318.04,3324.14,3237.38,3084.86,3114.64,3063.49,3447.44,3327.37,3265.5,3135.68,3129.54,3177.5,3288.1,3145.28,3045.31,3078.6,3024.44,2894.57,539585.4535,504114.2391,435686.4435,136465.7567,279058.3545,520509.9555,1.810738811735616E9,1.619734578213871E9,1.371414759857734E9,4.23920604038122E8,8.62072488530014E8,1.579982448239563E9,7155428,7267153,5948483,1855254,3511048,7417115,265501.8458,239375.5443,204665.1471,66698.6327,122884.5661,260217.0331,8.91358758833009E8,7.68839628956444E8,6.43771575254284E8,2.07214417642375E8,3.79597137014435E8,7.90063852031119E8,0.001838435,-0.026096975,-0.047115114,0.009653599,-0.016419233,-0.03220173,3324.14,3237.39,3084.86,3114.64,3063.5,2964.85,2962.3
2025-12-16T00:00:00,3324.14,3237.38,3084.86,3114.64,3063.49,2964.85,3327.37,3265.5,3135.68,3129.54,3177.5,2981.87,3145.28,3045.31,3078.6,3024.44,2894.57,2876,504114.2391,435686.4435,136465.7567,279058.3545,520509.9555,378293.1159,1.619734578213871E9,1.371414759857734E9,4.23920604038122E8,8.62072488530014E8,1.579982448239563E9,1.111582164804332E9,7267153,5948483,1855254,3511048,7417115,6669623,239375.5443,204665.1471,66698.6327,122884.5661,260217.0331,177353.9948,7.68839628956444E8,6.43771575254284E8,2.07214417642375E8,3.79597137014435E8,7.90063852031119E8,5.21322317103601E8,-0.026096975,-0.047115114,0.009653599,-0.016419233,-0.03220173,-8.60E-04,3237.39,3084.86,3114.64,3063.5,2964.85,2962.3,3324.14,3237.38,3084.86,3114.64,3063.49,2964.85,3327.37,3265.5,3135.68,3129.54,3177.5,2981.87,3145.28,3045.31,3078.6,3024.44,2894.57,2876,504114.2391,435686.4435,136465.7567,279058.3545,520509.9555,378293.1159,1.619734578213871E9,1.371414759857734E9,4.23920604038122E8,8.62072488530014E8,1.579982448239563E9,1.111582164804332E9,7267153,5948483,1855254,3511048,7417115,6669623,239375.5443,204665.1471,66698.6327,122884.5661,260217.0331,177353.9948,7.68839628956444E8,6.43771575254284E8,2.07214417642375E8,3.79597137014435E8,7.90063852031119E8,5.21322317103601E8,-0.026096975,-0.047115114,0.009653599,-0.016419233,-0.03220173,-8.60E-04,3237.39,3084.86,3114.64,3063.5,2964.85,2962.3,2833.49
2025-12-17T00:00:00,3237.38,3084.86,3114.64,3063.49,2964.85,2962.3,3265.5,3135.68,3129.54,3177.5,2981.87,3030.92,3045.31,3078.6,3024.44,2894.57,2876,2791.02,435686.4435,136465.7567,279058.3545,520509.9555,378293.1159,497630.4162,1.371414759857734E9,4.23920604038122E8,8.62072488530014E8,1.579982448239563E9,1.111582164804332E9,1.446107029749676E9,5948483,1855254,3511048,7417115,6669623,6532843,204665.1471,66698.6327,122884.5661,260217.0331,177353.9948,241806.4338,6.43771575254284E8,2.07214417642375E8,3.79597137014435E8,7.90063852031119E8,5.21322317103601E8,7.02713292875421E8,-0.047115114,0.009653599,-0.016419233,-0.03220173,-8.60E-04,-0.043483104,3084.86,3114.64,3063.5,2964.85,2962.3,2833.49,3237.38,3084.86,3114.64,3063.49,2964.85,2962.3,3265.5,3135.68,3129.54,3177.5,2981.87,3030.92,3045.31,3078.6,3024.44,2894.57,2876,2791.02,435686.4435,136465.7567,279058.3545,520509.9555,378293.1159,497630.4162,1.371414759857734E9,4.23920604038122E8,8.62072488530014E8,1.579982448239563E9,1.111582164804332E9,1.446107029749676E9,5948483,1855254,3511048,7417115,6669623,6532843,204665.1471,66698.6327,122884.5661,260217.0331,177353.9948,241806.4338,6.43771575254284E8,2.07214417642375E8,3.79597137014435E8,7.90063852031119E8,5.21322317103601E8,7.02713292875421E8,-0.047115114,0.009653599,-0.016419233,-0.03220173,-8.60E-04,-0.043483104,3084.86,3114.64,3063.5,2964.85,2962.3,2833.49,2828.57
2025-12-18T00:00:00,3084.86,3114.64,3063.49,2964.85,2962.3,2833.5,3135.68,3129.54,3177.5,2981.87,3030.92,2997.4,3078.6,3024.44,2894.57,2876,2791.02,2775.19,136465.7567,279058.3545,520509.9555,378293.1159,497630.4162,595253.7997,4.23920604038122E8,8.62072488530014E8,1.579982448239563E9,1.111582164804332E9,1.446107029749676E9,1.71268836364049E9,1855254,3511048,7417115,6669623,6532843,7801439,66698.6327,122884.5661,260217.0331,177353.9948,241806.4338,297647.5456,2.07214417642375E8,3.79597137014435E8,7.90063852031119E8,5.21322317103601E8,7.02713292875421E8,8.56465294377289E8,0.009653599,-0.016419233,-0.03220173,-8.60E-04,-0.043483104,-0.001736375,3114.64,3063.5,2964.85,2962.3,2833.49,2828.57,3084.86,3114.64,3063.49,2964.85,2962.3,2833.5,3135.68,3129.54,3177.5,2981.87,3030.92,2997.4,3078.6,3024.44,2894.57,2876,2791.02,2775.19,136465.7567,279058.3545,520509.9555,378293.1159,497630.4162,595253.7997,4.23920604038122E8,8.62072488530014E8,1.579982448239563E9,1.111582164804332E9,1.446107029749676E9,1.71268836364049E9,1855254,3511048,7417115,6669623,6532843,7801439,66698.6327,122884.5661,260217.0331,177353.9948,241806.4338,297647.5456,2.07214417642375E8,3.79597137014435E8,7.90063852031119E8,5.21322317103601E8,7.02713292875421E8,8.56465294377289E8,0.009653599,-0.016419233,-0.03220173,-8.60E-04,-0.043483104,-0.001736375,3114.64,3063.5,2964.85,2962.3,2833.49,2828.57,2979.5
2025-12-19T00:00:00,3114.64,3063.49,2964.85,2962.3,2833.5,2828.56,3129.54,3177.5,2981.87,3030.92,2997.4,3020,3024.44,2894.57,2876,2791.02,2775.19,2808.63,279058.3545,520509.9555,378293.1159,497630.4162,595253.7997,531702.5439,8.62072488530014E8,1.579982448239563E9,1.111582164804332E9,1.446107029749676E9,1.71268836364049E9,1.56587851931718E9,3511048,7417115,6669623,6532843,7801439,6948512,122884.5661,260217.0331,177353.9948,241806.4338,297647.5456,265654.992,3.79597137014435E8,7.90063852031119E8,5.21322317103601E8,7.02713292875421E8,8.56465294377289E8,7.82773695892576E8,-0.016419233,-0.03220173,-8.60E-04,-0.043483104,-0.001736375,0.053359118,3063.5,2964.85,2962.3,2833.49,2828.57,2979.5,3114.64,3063.49,2964.85,2962.3,2833.5,2828.56,3129.54,3177.5,2981.87,3030.92,2997.4,3020,3024.44,2894.57,2876,2791.02,2775.19,2808.63,279058.3545,520509.9555,378293.1159,497630.4162,595253.7997,531702.5439,8.62072488530014E8,1.579982448239563E9,1.111582164804332E9,1.446107029749676E9,1.71268836364049E9,1.56587851931718E9,3511048,7417115,6669623,6532843,7801439,6948512,122884.5661,260217.0331,177353.9948,241806.4338,297647.5456,265654.992,3.79597137014435E8,7.90063852031119E8,5.21322317103601E8,7.02713292875421E8,8.56465294377289E8,7.82773695892576E8,-0.016419233,-0.03220173,-8.60E-04,-0.043483104,-0.001736375,0.053359118,3063.5,2964.85,2962.3,2833.49,2828.57,2979.5,2977.93
2025-12-20T00:00:00,3063.49,2964.85,2962.3,2833.5,2828.56,2979.49,3177.5,2981.87,3030.92,2997.4,3020,2994.41,2894.57,2876,2791.02,2775.19,2808.63,2964.17,520509.9555,378293.1159,497630.4162,595253.7997,531702.5439,91783.7734,1.579982448239563E9,1.111582164804332E9,1.446107029749676E9,1.71268836364049E9,1.56587851931718E9,2.73573678212581E8,7417115,6669623,6532843,7801439,6948512,1350111,260217.0331,177353.9948,241806.4338,297647.5456,265654.992,40641.5192,7.90063852031119E8,5.21322317103601E8,7.02713292875421E8,8.56465294377289E8,7.82773695892576E8,1.21155599008529E8,-0.03220173,-8.60E-04,-0.043483104,-0.001736375,0.053359118,-5.27E-04,2964.85,2962.3,2833.49,2828.57,2979.5,2977.93,3063.49,2964.85,2962.3,2833.5,2828.56,2979.49,3177.5,2981.87,3030.92,2997.4,3020,2994.41,2894.57,2876,2791.02,2775.19,2808.63,2964.17,520509.9555,378293.1159,497630.4162,595253.7997,531702.5439,91783.7734,1.579982448239563E9,1.111582164804332E9,1.446107029749676E9,1.71268836364049E9,1.56587851931718E9,2.73573678212581E8,7417115,6669623,6532843,7801439,6948512,1350111,260217.0331,177353.9948,241806.4338,297647.5456,265654.992,40641.5192,7.90063852031119E8,5.21322317103601E8,7.02713292875421E8,8.56465294377289E8,7.82773695892576E8,1.21155599008529E8,-0.03220173,-8.60E-04,-0.043483104,-0.001736375,0.053359118,-5.27E-04,2964.85,2962.3,2833.49,2828.57,2979.5,2977.93,3002.02
2025-12-21T00:00:00,2964.85,2962.3,2833.5,2828.56,2979.49,2977.93,2981.87,3030.92,2997.4,3020,2994.41,3013.4,2876,2791.02,2775.19,2808.63,2964.17,2944,378293.1159,497630.4162,595253.7997,531702.5439,91783.7734,162244.8067,1.111582164804332E9,1.446107029749676E9,1.71268836364049E9,1.56587851931718E9,2.73573678212581E8,4.83780019527505E8,6669623,6532843,7801439,6948512,1350111,2474808,177353.9948,241806.4338,297647.5456,265654.992,40641.5192,78868.2879,5.21322317103601E8,7.02713292875421E8,8.56465294377289E8,7.82773695892576E8,1.21155599008529E8,2.35186765372176E8,-8.60E-04,-0.043483104,-0.001736375,0.053359118,-5.27E-04,0.008089512,2962.3,2833.49,2828.57,2979.5,2977.93,3002.02,2964.85,2962.3,2833.5,2828.56,2979.49,2977.93,2981.87,3030.92,2997.4,3020,2994.41,3013.4,2876,2791.02,2775.19,2808.63,2964.17,2944,378293.1159,497630.4162,595253.7997,531702.5439,91783.7734,162244.8067,1.111582164804332E9,1.446107029749676E9,1.71268836364049E9,1.56587851931718E9,2.73573678212581E8,4.83780019527505E8,6669623,6532843,7801439,6948512,1350111,2474808,177353.9948,241806.4338,297647.5456,265654.992,40641.5192,78868.2879,5.21322317103601E8,7.02713292875421E8,8.56465294377289E8,7.82773695892576E8,1.21155599008529E8,2.35186765372176E8,-8.60E-04,-0.043483104,-0.001736375,0.053359118,-5.27E-04,0.008089512,2962.3,2833.49,2828.57,2979.5,2977.93,3002.02,3009.49
2025-12-22T00:00:00,2962.3,2833.5,2828.56,2979.49,2977.93,3002.03,3030.92,2997.4,3020,2994.41,3013.4,3077.39,2791.02,2775.19,2808.63,2964.17,2944,2963.43,497630.4162,595253.7997,531702.5439,91783.7734,162244.8067,298443.5633,1.446107029749676E9,1.71268836364049E9,1.56587851931718E9,2.73573678212581E8,4.83780019527505E8,9.03056984466161E8,6532843,7801439,6948512,1350111,2474808,5452069,241806.4338,297647.5456,265654.992,40641.5192,78868.2879,142983.3689,7.02713292875421E8,8.56465294377289E8,7.82773695892576E8,1.21155599008529E8,2.35186765372176E8,4.32713971599364E8,-0.043483104,-0.001736375,0.053359118,-5.27E-04,0.008089512,0.002488325,2833.49,2828.57,2979.5,2977.93,3002.02,3009.49,2962.3,2833.5,2828.56,2979.49,2977.93,3002.03,3030.92,2997.4,3020,2994.41,3013.4,3077.39,2791.02,2775.19,2808.63,2964.17,2944,2963.43,497630.4162,595253.7997,531702.5439,91783.7734,162244.8067,298443.5633,1.446107029749676E9,1.71268836364049E9,1.56587851931718E9,2.73573678212581E8,4.83780019527505E8,9.03056984466161E8,6532843,7801439,6948512,1350111,2474808,5452069,241806.4338,297647.5456,265654.992,40641.5192,78868.2879,142983.3689,7.02713292875421E8,8.56465294377289E8,7.82773695892576E8,1.21155599008529E8,2.35186765372176E8,4.32713971599364E8,-0.043483104,-0.001736375,0.053359118,-5.27E-04,0.008089512,0.002488325,2833.49,2828.57,2979.5,2977.93,3002.02,3009.49,2965.02
2025-12-23T00:00:00,2833.5,2828.56,2979.49,2977.93,3002.03,3009.48,2997.4,3020,2994.41,3013.4,3077.39,3035.79,2775.19,2808.63,2964.17,2944,2963.43,2900.93,595253.7997,531702.5439,91783.7734,162244.8067,298443.5633,386465.747,1.71268836364049E9,1.56587851931718E9,2.73573678212581E8,4.83780019527505E8,9.03056984466161E8,1.143899253062532E9,7801439,6948512,1350111,2474808,5452069,4824322,297647.5456,265654.992,40641.5192,78868.2879,142983.3689,206394.4595,8.56465294377289E8,7.82773695892576E8,1.21155599008529E8,2.35186765372176E8,4.32713971599364E8,6.10982176714151E8,-0.001736375,0.053359118,-5.27E-04,0.008089512,0.002488325,-0.01477659,2828.57,2979.5,2977.93,3002.02,3009.49,2965.02,2833.5,2828.56,2979.49,2977.93,3002.03,3009.48,2997.4,3020,2994.41,3013.4,3077.39,3035.79,2775.19,2808.63,2964.17,2944,2963.43,2900.93,595253.7997,531702.5439,91783.7734,162244.8067,298443.5633,386465.747,1.71268836364049E9,1.56587851931718E9,2.73573678212581E8,4.83780019527505E8,9.03056984466161E8,1.143899253062532E9,7801439,6948512,1350111,2474808,5452069,4824322,297647.5456,265654.992,40641.5192,78868.2879,142983.3689,206394.4595,8.56465294377289E8,7.82773695892576E8,1.21155599008529E8,2.35186765372176E8,4.32713971599364E8,6.10982176714151E8,-0.001736375,0.053359118,-5.27E-04,0.008089512,0.002488325,-0.01477659,2828.57,2979.5,2977.93,3002.02,3009.49,2965.02,2947.47
2025-12-24T00:00:00,2828.56,2979.49,2977.93,3002.03,3009.48,2965.03,3020,2994.41,3013.4,3077.39,3035.79,2978.15,2808.63,2964.17,2944,2963.43,2900.93,2888.7,531702.5439,91783.7734,162244.8067,298443.5633,386465.747,197035.5598,1.56587851931718E9,2.73573678212581E8,4.83780019527505E8,9.03056984466161E8,1.143899253062532E9,5.78209287858266E8,6948512,1350111,2474808,5452069,4824322,3194683,265654.992,40641.5192,78868.2879,142983.3689,206394.4595,101402.5429,7.82773695892576E8,1.21155599008529E8,2.35186765372176E8,4.32713971599364E8,6.10982176714151E8,2.97704426144271E8,0.053359118,-5.27E-04,0.008089512,0.002488325,-0.01477659,-0.005919016,2979.5,2977.93,3002.02,3009.49,2965.02,2947.47,2828.56,2979.49,2977.93,3002.03,3009.48,2965.03,3020,2994.41,3013.4,3077.39,3035.79,2978.15,2808.63,2964.17,2944,2963.43,2900.93,2888.7,531702.5439,91783.7734,162244.8067,298443.5633,386465.747,197035.5598,1.56587851931718E9,2.73573678212581E8,4.83780019527505E8,9.03056984466161E8,1.143899253062532E9,5.78209287858266E8,6948512,1350111,2474808,5452069,4824322,3194683,265654.992,40641.5192,78868.2879,142983.3689,206394.4595,101402.5429,7.82773695892576E8,1.21155599008529E8,2.35186765372176E8,4.32713971599364E8,6.10982176714151E8,2.97704426144271E8,0.053359118,-5.27E-04,0.008089512,0.002488325,-0.01477659,-0.005919016,2979.5,2977.93,3002.02,3009.49,2965.02,2947.47,2903.95
2025-12-25T00:00:00,2979.49,2977.93,3002.03,3009.48,2965.03,2947.48,2994.41,3013.4,3077.39,3035.79,2978.15,2971.46,2964.17,2944,2963.43,2900.93,2888.7,2891.2,91783.7734,162244.8067,298443.5633,386465.747,197035.5598,188721.2981,2.73573678212581E8,4.83780019527505E8,9.03056984466161E8,1.143899253062532E9,5.78209287858266E8,5.54690625492779E8,1350111,2474808,5452069,4824322,3194683,2183611,40641.5192,78868.2879,142983.3689,206394.4595,101402.5429,85987.392,1.21155599008529E8,2.35186765372176E8,4.32713971599364E8,6.10982176714151E8,2.97704426144271E8,2.52678463929107E8,-5.27E-04,0.008089512,0.002488325,-0.01477659,-0.005919016,-0.014765205,2977.93,3002.02,3009.49,2965.02,2947.47,2903.95,2979.49,2977.93,3002.03,3009.48,2965.03,2947.48,2994.41,3013.4,3077.39,3035.79,2978.15,2971.46,2964.17,2944,2963.43,2900.93,2888.7,2891.2,91783.7734,162244.8067,298443.5633,386465.747,197035.5598,188721.2981,2.73573678212581E8,4.83780019527505E8,9.03056984466161E8,1.143899253062532E9,5.78209287858266E8,5.54690625492779E8,1350111,2474808,5452069,4824322,3194683,2183611,40641.5192,78868.2879,142983.3689,206394.4595,101402.5429,85987.392,1.21155599008529E8,2.35186765372176E8,4.32713971599364E8,6.10982176714151E8,2.97704426144271E8,2.52678463929107E8,-5.27E-04,0.008089512,0.002488325,-0.01477659,-0.005919016,-0.014765205,2977.93,3002.02,3009.49,2965.02,2947.47,2903.95,2927.99
2025-12-26T00:00:00,2977.93,3002.03,3009.48,2965.03,2947.48,2903.9,3013.4,3077.39,3035.79,2978.15,2971.46,2994.38,2944,2963.43,2900.93,2888.7,2891.2,2894.26,162244.8067,298443.5633,386465.747,197035.5598,188721.2981,314830.9989,4.83780019527505E8,9.03056984466161E8,1.143899253062532E9,5.78209287858266E8,5.54690625492779E8,9.28357784217832E8,2474808,5452069,4824322,3194683,2183611,4062164,78868.2879,142983.3689,206394.4595,101402.5429,85987.392,159371.2995,2.35186765372176E8,4.32713971599364E8,6.10982176714151E8,2.97704426144271E8,2.52678463929107E8,4.697842926982E8,0.008089512,0.002488325,-0.01477659,-0.005919016,-0.014765205,0.008278379,3002.02,3009.49,2965.02,2947.47,2903.95,2927.99,2977.93,3002.03,3009.48,2965.03,2947.48,2903.9,3013.4,3077.39,3035.79,2978.15,2971.46,2994.38,2944,2963.43,2900.93,2888.7,2891.2,2894.26,162244.8067,298443.5633,386465.747,197035.5598,188721.2981,314830.9989,4.83780019527505E8,9.03056984466161E8,1.143899253062532E9,5.78209287858266E8,5.54690625492779E8,9.28357784217832E8,2474808,5452069,4824322,3194683,2183611,4062164,78868.2879,142983.3689,206394.4595,101402.5429,85987.392,159371.2995,2.35186765372176E8,4.32713971599364E8,6.10982176714151E8,2.97704426144271E8,2.52678463929107E8,4.697842926982E8,0.008089512,0.002488325,-0.01477659,-0.005919016,-0.014765205,0.008278379,3002.02,3009.49,2965.02,2947.47,2903.95,2927.99,2949.05
2025-12-27T00:00:00,3002.03,3009.48,2965.03,2947.48,2903.9,2928,3077.39,3035.79,2978.15,2971.46,2994.38,2960.89,2963.43,2900.93,2888.7,2891.2,2894.26,2917.13,298443.5633,386465.747,197035.5598,188721.2981,314830.9989,95040.3956,9.03056984466161E8,1.143899253062532E9,5.78209287858266E8,5.54690625492779E8,9.28357784217832E8,2.78706096334518E8,5452069,4824322,3194683,2183611,4062164,1004396,142983.3689,206394.4595,101402.5429,85987.392,159371.2995,43285.9713,4.32713971599364E8,6.10982176714151E8,2.97704426144271E8,2.52678463929107E8,4.697842926982E8,1.26936744905573E8,0.002488325,-0.01477659,-0.005919016,-0.014765205,0.008278379,0.007192648,3009.49,2965.02,2947.47,2903.95,2927.99,2949.05,3002.03,3009.48,2965.03,2947.48,2903.9,2928,3077.39,3035.79,2978.15,2971.46,2994.38,2960.89,2963.43,2900.93,2888.7,2891.2,2894.26,2917.13,298443.5633,386465.747,197035.5598,188721.2981,314830.9989,95040.3956,9.03056984466161E8,1.143899253062532E9,5.78209287858266E8,5.54690625492779E8,9.28357784217832E8,2.78706096334518E8,5452069,4824322,3194683,2183611,4062164,1004396,142983.3689,206394.4595,101402.5429,85987.392,159371.2995,43285.9713,4.32713971599364E8,6.10982176714151E8,2.97704426144271E8,2.52678463929107E8,4.697842926982E8,1.26936744905573E8,0.002488325,-0.01477659,-0.005919016,-0.014765205,0.008278379,0.007192648,3009.49,2965.02,2947.47,2903.95,2927.99,2949.05,2950.91
2025-12-28T00:00:00,3009.48,2965.03,2947.48,2903.9,2928,2949.05,3035.79,2978.15,2971.46,2994.38,2960.89,2961.23,2900.93,2888.7,2891.2,2894.26,2917.13,2924.54,386465.747,197035.5598,188721.2981,314830.9989,95040.3956,128834.139,1.143899253062532E9,5.78209287858266E8,5.54690625492779E8,9.28357784217832E8,2.78706096334518E8,3.79078145432578E8,4824322,3194683,2183611,4062164,1004396,1484510,206394.4595,101402.5429,85987.392,159371.2995,43285.9713,65373.9915,6.10982176714151E8,2.97704426144271E8,2.52678463929107E8,4.697842926982E8,1.26936744905573E8,1.92352556018686E8,-0.01477659,-0.005919016,-0.014765205,0.008278379,0.007192648,6.307115850866118E-4,2965.02,2947.47,2903.95,2927.99,2949.05,2950.91,3009.48,2965.03,2947.48,2903.9,2928,2949.05,3035.79,2978.15,2971.46,2994.38,2960.89,2961.23,2900.93,2888.7,2891.2,2894.26,2917.13,2924.54,386465.747,197035.5598,188721.2981,314830.9989,95040.3956,128834.139,1.143899253062532E9,5.78209287858266E8,5.54690625492779E8,9.28357784217832E8,2.78706096334518E8,3.79078145432578E8,4824322,3194683,2183611,4062164,1004396,1484510,206394.4595,101402.5429,85987.392,159371.2995,43285.9713,65373.9915,6.10982176714151E8,2.97704426144271E8,2.52678463929107E8,4.697842926982E8,1.26936744905573E8,1.92352556018686E8,-0.01477659,-0.005919016,-0.014765205,0.008278379,0.007192648,6.307115850866118E-4,2965.02,2947.47,2903.95,2927.99,2949.05,2950.91,2937.9
2025-12-29T00:00:00,2965.03,2947.48,2903.9,2928,2949.05,2950.91,2978.15,2971.46,2994.38,2960.89,2961.23,3057.78,2888.7,2891.2,2894.26,2917.13,2924.54,2910.25,197035.5598,188721.2981,314830.9989,95040.3956,128834.139,485959.1824,5.78209287858266E8,5.54690625492779E8,9.28357784217832E8,2.78706096334518E8,3.79078145432578E8,1.447180217933539E9,3194683,2183611,4062164,1004396,1484510,5162535,101402.5429,85987.392,159371.2995,43285.9713,65373.9915,233555.1583,2.97704426144271E8,2.52678463929107E8,4.697842926982E8,1.26936744905573E8,1.92352556018686E8,6.94845447761885E8,-0.005919016,-0.014765205,0.008278379,0.007192648,6.307115850866118E-4,-0.004408809,2947.47,2903.95,2927.99,2949.05,2950.91,2937.9,2965.03,2947.48,2903.9,2928,2949.05,2950.91,2978.15,2971.46,2994.38,2960.89,2961.23,3057.78,2888.7,2891.2,2894.26,2917.13,2924.54,2910.25,197035.5598,188721.2981,314830.9989,95040.3956,128834.139,485959.1824,5.78209287858266E8,5.54690625492779E8,9.28357784217832E8,2.78706096334518E8,3.79078145432578E8,1.447180217933539E9,3194683,2183611,4062164,1004396,1484510,5162535,101402.5429,85987.392,159371.2995,43285.9713,65373.9915,233555.1583,2.97704426144271E8,2.52678463929107E8,4.697842926982E8,1.26936744905573E8,1.92352556018686E8,6.94845447761885E8,-0.005919016,-0.014765205,0.008278379,0.007192648,6.307115850866118E-4,-0.004408809,2947.47,2903.95,2927.99,2949.05,2950.91,2937.9,2973.69
2025-12-30T00:00:00,2947.48,2903.9,2928,2949.05,2950.91,2937.91,2971.46,2994.38,2960.89,2961.23,3057.78,3009.8,2891.2,2894.26,2917.13,2924.54,2910.25,2919.44,188721.2981,314830.9989,95040.3956,128834.139,485959.1824,286583.2879,5.54690625492779E8,9.28357784217832E8,2.78706096334518E8,3.79078145432578E8,1.447180217933539E9,8.51498558489608E8,2183611,4062164,1004396,1484510,5162535,3959890,85987.392,159371.2995,43285.9713,65373.9915,233555.1583,146128.2348,2.52678463929107E8,4.697842926982E8,1.26936744905573E8,1.92352556018686E8,6.94845447761885E8,4.34231190136072E8,-0.014765205,0.008278379,0.007192648,6.307115850866118E-4,-0.004408809,0.012182170938425394,2903.95,2927.99,2949.05,2950.91,2937.9,2973.69,2947.48,2903.9,2928,2949.05,2950.91,2937.91,2971.46,2994.38,2960.89,2961.23,3057.78,3009.8,2891.2,2894.26,2917.13,2924.54,2910.25,2919.44,188721.2981,314830.9989,95040.3956,128834.139,485959.1824,286583.2879,5.54690625492779E8,9.28357784217832E8,2.78706096334518E8,3.79078145432578E8,1.447180217933539E9,8.51498558489608E8,2183611,4062164,1004396,1484510,5162535,3959890,85987.392,159371.2995,43285.9713,65373.9915,233555.1583,146128.2348,2.52678463929107E8,4.697842926982E8,1.26936744905573E8,1.92352556018686E8,6.94845447761885E8,4.34231190136072E8,-0.014765205,0.008278379,0.007192648,6.307115850866118E-4,-0.004408809,0.012182170938425394,2903.95,2927.99,2949.05,2950.91,2937.9,2973.69,2971.64
2025-12-31T00:00:00,2903.9,2928,2949.05,2950.91,2937.91,2973.69,2994.38,2960.89,2961.23,3057.78,3009.8,3028.08,2894.26,2917.13,2924.54,2910.25,2919.44,2958.91,314830.9989,95040.3956,128834.139,485959.1824,286583.2879,233729.5887,9.28357784217832E8,2.78706096334518E8,3.79078145432578E8,1.447180217933539E9,8.51498558489608E8,6.97600045700212E8,4062164,1004396,1484510,5162535,3959890,2935432,159371.2995,43285.9713,65373.9915,233555.1583,146128.2348,116217.5263,4.697842926982E8,1.26936744905573E8,1.92352556018686E8,6.94845447761885E8,4.34231190136072E8,3.46891301180933E8,0.008278379,0.007192648,6.307115850866118E-4,-0.004408809,0.012182170938425394,-6.89E-04,2927.99,2949.05,2950.91,2937.9,2973.69,2971.64,2903.9,2928,2949.05,2950.91,2937.91,2973.69,2994.38,2960.89,2961.23,3057.78,3009.8,3028.08,2894.26,2917.13,2924.54,2910.25,2919.44,2958.91,314830.9989,95040.3956,128834.139,485959.1824,286583.2879,233729.5887,9.28357784217832E8,2.78706096334518E8,3.79078145432578E8,1.447180217933539E9,8.51498558489608E8,6.97600045700212E8,4062164,1004396,1484510,5162535,3959890,2935432,159371.2995,43285.9713,65373.9915,233555.1583,146128.2348,116217.5263,4.697842926982E8,1.26936744905573E8,1.92352556018686E8,6.94845447761885E8,4.34231190136072E8,3.46891301180933E8,0.008278379,0.007192648,6.307115850866118E-4,-0.004408809,0.012182170938425394,-6.89E-04,2927.99,2949.05,2950.91,2937.9,2973.69,2971.64,3004.19
2026-01-01T00:00:00,2928,2949.05,2950.91,2937.91,2973.69,2971.65,2960.89,2961.23,3057.78,3009.8,3028.08,3010,2917.13,2924.54,2910.25,2919.44,2958.91,2971.15,95040.3956,128834.139,485959.1824,286583.2879,233729.5887,136088.5207,2.78706096334518E8,3.79078145432578E8,1.447180217933539E9,8.51498558489608E8,6.97600045700212E8,4.06547667098154E8,1004396,1484510,5162535,3959890,2935432,1338212,43285.9713,65373.9915,233555.1583,146128.2348,116217.5263,66477.086,1.26936744905573E8,1.92352556018686E8,6.94845447761885E8,4.34231190136072E8,3.46891301180933E8,1.98558579194668E8,0.007192648,6.307115850866118E-4,-0.004408809,0.012182170938425394,-6.89E-04,0.010953547536040767,2949.05,2950.91,2937.9,2973.69,2971.64,3004.19,2928,2949.05,2950.91,2937.91,2973.69,2971.65,2960.89,2961.23,3057.78,3009.8,3028.08,3010,2917.13,2924.54,2910.25,2919.44,2958.91,2971.15,95040.3956,128834.139,485959.1824,286583.2879,233729.5887,136088.5207,2.78706096334518E8,3.79078145432578E8,1.447180217933539E9,8.51498558489608E8,6.97600045700212E8,4.06547667098154E8,1004396,1484510,5162535,3959890,2935432,1338212,43285.9713,65373.9915,233555.1583,146128.2348,116217.5263,66477.086,1.26936744905573E8,1.92352556018686E8,6.94845447761885E8,4.34231190136072E8,3.46891301180933E8,1.98558579194668E8,0.007192648,6.307115850866118E-4,-0.004408809,0.012182170938425394,-6.89E-04,0.010953547536040767,2949.05,2950.91,2937.9,2973.69,2971.64,3004.19,3125.45
2026-01-02T00:00:00,2949.05,2950.91,2937.91,2973.69,2971.65,3004.19,2961.23,3057.78,3009.8,3028.08,3010,3150.01,2924.54,2910.25,2919.44,2958.91,2971.15,2992.49,128834.139,485959.1824,286583.2879,233729.5887,136088.5207,369891.2449,3.79078145432578E8,1.447180217933539E9,8.51498558489608E8,6.97600045700212E8,4.06547667098154E8,1.137619077204739E9,1484510,5162535,3959890,2935432,1338212,5276480,65373.9915,233555.1583,146128.2348,116217.5263,66477.086,195057.0391,1.92352556018686E8,6.94845447761885E8,4.34231190136072E8,3.46891301180933E8,1.98558579194668E8,5.99510476371968E8,6.307115850866118E-4,-0.004408809,0.012182170938425394,-6.89E-04,0.010953547536040767,0.040363625,2950.91,2937.9,2973.69,2971.64,3004.19,3125.45,2949.05,2950.91,2937.91,2973.69,2971.65,3004.19,2961.23,3057.78,3009.8,3028.08,3010,3150.01,2924.54,2910.25,2919.44,2958.91,2971.15,2992.49,128834.139,485959.1824,286583.2879,233729.5887,136088.5207,369891.2449,3.79078145432578E8,1.447180217933539E9,8.51498558489608E8,6.97600045700212E8,4.06547667098154E8,1.137619077204739E9,1484510,5162535,3959890,2935432,1338212,5276480,65373.9915,233555.1583,146128.2348,116217.5263,66477.086,195057.0391,1.92352556018686E8,6.94845447761885E8,4.34231190136072E8,3.46891301180933E8,1.98558579194668E8,5.99510476371968E8,6.307115850866118E-4,-0.004408809,0.012182170938425394,-6.89E-04,0.010953547536040767,0.040363625,2950.91,2937.9,2973.69,2971.64,3004.19,3125.45,3127.11
2026-01-03T00:00:00,2950.91,2937.91,2973.69,2971.65,3004.19,3125.46,3057.78,3009.8,3028.08,3010,3150.01,3136.71,2910.25,2919.44,2958.91,2971.15,2992.49,3076,485959.1824,286583.2879,233729.5887,136088.5207,369891.2449,134405.2258,1.447180217933539E9,8.51498558489608E8,6.97600045700212E8,4.06547667098154E8,1.137619077204739E9,4.17746796512137E8,5162535,3959890,2935432,1338212,5276480,1823251,233555.1583,146128.2348,116217.5263,66477.086,195057.0391,66789.8067,6.94845447761885E8,4.34231190136072E8,3.46891301180933E8,1.98558579194668E8,5.99510476371968E8,2.07586674464872E8,-0.004408809,0.012182170938425394,-6.89E-04,0.010953547536040767,0.040363625,5.311235182134762E-4,2937.9,2973.69,2971.64,3004.19,3125.45,3127.11,2950.91,2937.91,2973.69,2971.65,3004.19,3125.46,3057.78,3009.8,3028.08,3010,3150.01,3136.71,2910.25,2919.44,2958.91,2971.15,2992.49,3076,485959.1824,286583.2879,233729.5887,136088.5207,369891.2449,134405.2258,1.447180217933539E9,8.51498558489608E8,6.97600045700212E8,4.06547667098154E8,1.137619077204739E9,4.17746796512137E8,5162535,3959890,2935432,1338212,5276480,1823251,233555.1583,146128.2348,116217.5263,66477.086,195057.0391,66789.8067,6.94845447761885E8,4.34231190136072E8,3.46891301180933E8,1.98558579194668E8,5.99510476371968E8,2.07586674464872E8,-0.004408809,0.012182170938425394,-6.89E-04,0.010953547536040767,0.040363625,5.311235182134762E-4,2937.9,2973.69,2971.64,3004.19,3125.45,3127.11,3144.7
2026-01-04T00:00:00,2937.91,2973.69,2971.65,3004.19,3125.46,3127.11,3009.8,3028.08,3010,3150.01,3136.71,3167.22,2919.44,2958.91,2971.15,2992.49,3076,3118.75,286583.2879,233729.5887,136088.5207,369891.2449,134405.2258,181576.0686,8.51498558489608E8,6.97600045700212E8,4.06547667098154E8,1.137619077204739E9,4.17746796512137E8,5.70517585648554E8,3959890,2935432,1338212,5276480,1823251,2261499,146128.2348,116217.5263,66477.086,195057.0391,66789.8067,94783.8698,4.34231190136072E8,3.46891301180933E8,1.98558579194668E8,5.99510476371968E8,2.07586674464872E8,2.97836974892677E8,0.012182170938425394,-6.89E-04,0.010953547536040767,0.040363625,5.311235182134762E-4,0.005625002,2973.69,2971.64,3004.19,3125.45,3127.11,3144.7,2937.91,2973.69,2971.65,3004.19,3125.46,3127.11,3009.8,3028.08,3010,3150.01,3136.71,3167.22,2919.44,2958.91,2971.15,2992.49,3076,3118.75,286583.2879,233729.5887,136088.5207,369891.2449,134405.2258,181576.0686,8.51498558489608E8,6.97600045700212E8,4.06547667098154E8,1.137619077204739E9,4.17746796512137E8,5.70517585648554E8,3959890,2935432,1338212,5276480,1823251,2261499,146128.2348,116217.5263,66477.086,195057.0391,66789.8067,94783.8698,4.34231190136072E8,3.46891301180933E8,1.98558579194668E8,5.99510476371968E8,2.07586674464872E8,2.97836974892677E8,0.012182170938425394,-6.89E-04,0.010953547536040767,0.040363625,5.311235182134762E-4,0.005625002,2973.69,2971.64,3004.19,3125.45,3127.11,3144.7,3224.99
2026-01-05T00:00:00,2973.69,2971.65,3004.19,3125.46,3127.11,3144.71,3028.08,3010,3150.01,3136.71,3167.22,3265.66,2958.91,2971.15,2992.49,3076,3118.75,3135.02,233729.5887,136088.5207,369891.2449,134405.2258,181576.0686,382446.6618,6.97600045700212E8,4.06547667098154E8,1.137619077204739E9,4.17746796512137E8,5.70517585648554E8,1.219648843481487E9,2935432,1338212,5276480,1823251,2261499,5401982,116217.5263,66477.086,195057.0391,66789.8067,94783.8698,188956.4336,3.46891301180933E8,1.98558579194668E8,5.99510476371968E8,2.07586674464872E8,2.97836974892677E8,6.02755810620799E8,-6.89E-04,0.010953547536040767,0.040363625,5.311235182134762E-4,0.005625002,0.025531847,2971.64,3004.19,3125.45,3127.11,3144.7,3224.99,2973.69,2971.65,3004.19,3125.46,3127.11,3144.71,3028.08,3010,3150.01,3136.71,3167.22,3265.66,2958.91,2971.15,2992.49,3076,3118.75,3135.02,233729.5887,136088.5207,369891.2449,134405.2258,181576.0686,382446.6618,6.97600045700212E8,4.06547667098154E8,1.137619077204739E9,4.17746796512137E8,5.70517585648554E8,1.219648843481487E9,2935432,1338212,5276480,1823251,2261499,5401982,116217.5263,66477.086,195057.0391,66789.8067,94783.8698,188956.4336,3.46891301180933E8,1.98558579194668E8,5.99510476371968E8,2.07586674464872E8,2.97836974892677E8,6.02755810620799E8,-6.89E-04,0.010953547536040767,0.040363625,5.311235182134762E-4,0.005625002,0.025531847,2971.64,3004.19,3125.45,3127.11,3144.7,3224.99,3296.84
2026-01-06T00:00:00,2971.65,3004.19,3125.46,3127.11,3144.71,3224.99,3010,3150.01,3136.71,3167.22,3265.66,3308.86,2971.15,2992.49,3076,3118.75,3135.02,3183.27,136088.5207,369891.2449,134405.2258,181576.0686,382446.6618,412503.5066,4.06547667098154E8,1.137619077204739E9,4.17746796512137E8,5.70517585648554E8,1.219648843481487E9,1.340863819954255E9,1338212,5276480,1823251,2261499,5401982,5310071,66477.086,195057.0391,66789.8067,94783.8698,188956.4336,204316.7995,1.98558579194668E8,5.99510476371968E8,2.07586674464872E8,2.97836974892677E8,6.02755810620799E8,6.64312441651169E8,0.010953547536040767,0.040363625,5.311235182134762E-4,0.005625002,0.025531847,0.022279139,3004.19,3125.45,3127.11,3144.7,3224.99,3296.84,2971.65,3004.19,3125.46,3127.11,3144.71,3224.99,3010,3150.01,3136.71,3167.22,3265.66,3308.86,2971.15,2992.49,3076,3118.75,3135.02,3183.27,136088.5207,369891.2449,134405.2258,181576.0686,382446.6618,412503.5066,4.06547667098154E8,1.137619077204739E9,4.17746796512137E8,5.70517585648554E8,1.219648843481487E9,1.340863819954255E9,1338212,5276480,1823251,2261499,5401982,5310071,66477.086,195057.0391,66789.8067,94783.8698,188956.4336,204316.7995,1.98558579194668E8,5.99510476371968E8,2.07586674464872E8,2.97836974892677E8,6.02755810620799E8,6.64312441651169E8,0.010953547536040767,0.040363625,5.311235182134762E-4,0.005625002,0.025531847,0.022279139,3004.19,3125.45,3127.11,3144.7,3224.99,3296.84,3168.72
2026-01-07T00:00:00,3004.19,3125.46,3127.11,3144.71,3224.99,3296.83,3150.01,3136.71,3167.22,3265.66,3308.86,3296.84,2992.49,3076,3118.75,3135.02,3183.27,3125.42,369891.2449,134405.2258,181576.0686,382446.6618,412503.5066,321350.1225,1.137619077204739E9,4.17746796512137E8,5.70517585648554E8,1.219648843481487E9,1.340863819954255E9,1.027448724687839E9,5276480,1823251,2261499,5401982,5310071,4839276,195057.0391,66789.8067,94783.8698,188956.4336,204316.7995,154644.9184,5.99510476371968E8,2.07586674464872E8,2.97836974892677E8,6.02755810620799E8,6.64312441651169E8,4.94179925689907E8,0.040363625,5.311235182134762E-4,0.005625002,0.025531847,0.022279139,-0.038861455,3125.45,3127.11,3144.7,3224.99,3296.84,3168.72,3004.19,3125.46,3127.11,3144.71,3224.99,3296.83,3150.01,3136.71,3167.22,3265.66,3308.86,3296.84,2992.49,3076,3118.75,3135.02,3183.27,3125.42,369891.2449,134405.2258,181576.0686,382446.6618,412503.5066,321350.1225,1.137619077204739E9,4.17746796512137E8,5.70517585648554E8,1.219648843481487E9,1.340863819954255E9,1.027448724687839E9,5276480,1823251,2261499,5401982,5310071,4839276,195057.0391,66789.8067,94783.8698,188956.4336,204316.7995,154644.9184,5.99510476371968E8,2.07586674464872E8,2.97836974892677E8,6.02755810620799E8,6.64312441651169E8,4.94179925689907E8,0.040363625,5.311235182134762E-4,0.005625002,0.025531847,0.022279139,-0.038861455,3125.45,3127.11,3144.7,3224.99,3296.84,3168.72,3106.65
2026-01-08T00:00:00,3125.46,3127.11,3144.71,3224.99,3296.83,3168.72,3136.71,3167.22,3265.66,3308.86,3296.84,3184.39,3076,3118.75,3135.02,3183.27,3125.42,3054.65,134405.2258,181576.0686,382446.6618,412503.5066,321350.1225,343616.1005,4.17746796512137E8,5.70517585648554E8,1.219648843481487E9,1.340863819954255E9,1.027448724687839E9,1.069846020042703E9,1823251,2261499,5401982,5310071,4839276,4982423,66789.8067,94783.8698,188956.4336,204316.7995,154644.9184,167834.9366,2.07586674464872E8,2.97836974892677E8,6.02755810620799E8,6.64312441651169E8,4.94179925689907E8,5.2245048402997E8,5.311235182134762E-4,0.005625002,0.025531847,0.022279139,-0.038861455,-0.019588351,3127.11,3144.7,3224.99,3296.84,3168.72,3106.65,3125.46,3127.11,3144.71,3224.99,3296.83,3168.72,3136.71,3167.22,3265.66,3308.86,3296.84,3184.39,3076,3118.75,3135.02,3183.27,3125.42,3054.65,134405.2258,181576.0686,382446.6618,412503.5066,321350.1225,343616.1005,4.17746796512137E8,5.70517585648554E8,1.219648843481487E9,1.340863819954255E9,1.027448724687839E9,1.069846020042703E9,1823251,2261499,5401982,5310071,4839276,4982423,66789.8067,94783.8698,188956.4336,204316.7995,154644.9184,167834.9366,2.07586674464872E8,2.97836974892677E8,6.02755810620799E8,6.64312441651169E8,4.94179925689907E8,5.2245048402997E8,5.311235182134762E-4,0.005625002,0.025531847,0.022279139,-0.038861455,-0.019588351,3127.11,3144.7,3224.99,3296.84,3168.72,3106.65,3088.4
2026-01-09T00:00:00,3127.11,3144.71,3224.99,3296.83,3168.72,3106.66,3167.22,3265.66,3308.86,3296.84,3184.39,3148.41,3118.75,3135.02,3183.27,3125.42,3054.65,3058.69,181576.0686,382446.6618,412503.5066,321350.1225,343616.1005,274587.4533,5.70517585648554E8,1.219648843481487E9,1.340863819954255E9,1.027448724687839E9,1.069846020042703E9,8.51846982925553E8,2261499,5401982,5310071,4839276,4982423,4182570,94783.8698,188956.4336,204316.7995,154644.9184,167834.9366,137269.6714,2.97836974892677E8,6.02755810620799E8,6.64312441651169E8,4.94179925689907E8,5.2245048402997E8,4.2601119868438E8,0.005625002,0.025531847,0.022279139,-0.038861455,-0.019588351,-0.005874495,3144.7,3224.99,3296.84,3168.72,3106.65,3088.4,3127.11,3144.71,3224.99,3296.83,3168.72,3106.66,3167.22,3265.66,3308.86,3296.84,3184.39,3148.41,3118.75,3135.02,3183.27,3125.42,3054.65,3058.69,181576.0686,382446.6618,412503.5066,321350.1225,343616.1005,274587.4533,5.70517585648554E8,1.219648843481487E9,1.340863819954255E9,1.027448724687839E9,1.069846020042703E9,8.51846982925553E8,2261499,5401982,5310071,4839276,4982423,4182570,94783.8698,188956.4336,204316.7995,154644.9184,167834.9366,137269.6714,2.97836974892677E8,6.02755810620799E8,6.64312441651169E8,4.94179925689907E8,5.2245048402997E8,4.2601119868438E8,0.005625002,0.025531847,0.022279139,-0.038861455,-0.019588351,-0.005874495,3144.7,3224.99,3296.84,3168.72,3106.65,3088.4,3086.72
2026-01-10T00:00:00,3144.71,3224.99,3296.83,3168.72,3106.66,3088.4,3265.66,3308.86,3296.84,3184.39,3148.41,3104.12,3135.02,3183.27,3125.42,3054.65,3058.69,3077.99,382446.6618,412503.5066,321350.1225,343616.1005,274587.4533,82341.0546,1.219648843481487E9,1.340863819954255E9,1.027448724687839E9,1.069846020042703E9,8.51846982925553E8,2.54495724002643E8,5401982,5310071,4839276,4982423,4182570,881069,188956.4336,204316.7995,154644.9184,167834.9366,137269.6714,44689.1628,6.02755810620799E8,6.64312441651169E8,4.94179925689907E8,5.2245048402997E8,4.2601119868438E8,1.38130908825049E8,0.025531847,0.022279139,-0.038861455,-0.019588351,-0.005874495,-5.44E-04,3224.99,3296.84,3168.72,3106.65,3088.4,3086.72,3144.71,3224.99,3296.83,3168.72,3106.66,3088.4,3265.66,3308.86,3296.84,3184.39,3148.41,3104.12,3135.02,3183.27,3125.42,3054.65,3058.69,3077.99,382446.6618,412503.5066,321350.1225,343616.1005,274587.4533,82341.0546,1.219648843481487E9,1.340863819954255E9,1.027448724687839E9,1.069846020042703E9,8.51846982925553E8,2.54495724002643E8,5401982,5310071,4839276,4982423,4182570,881069,188956.4336,204316.7995,154644.9184,167834.9366,137269.6714,44689.1628,6.02755810620799E8,6.64312441651169E8,4.94179925689907E8,5.2245048402997E8,4.2601119868438E8,1.38130908825049E8,0.025531847,0.022279139,-0.038861455,-0.019588351,-0.005874495,-5.44E-04,3224.99,3296.84,3168.72,3106.65,3088.4,3086.72,3123.45
2026-01-11T00:00:00,3224.99,3296.83,3168.72,3106.66,3088.4,3086.72,3308.86,3296.84,3184.39,3148.41,3104.12,3147.27,3183.27,3125.42,3054.65,3058.69,3077.99,3084.46,412503.5066,321350.1225,343616.1005,274587.4533,82341.0546,149381.2965,1.340863819954255E9,1.027448724687839E9,1.069846020042703E9,8.51846982925553E8,2.54495724002643E8,4.65227647583002E8,5310071,4839276,4982423,4182570,881069,1522502,204316.7995,154644.9184,167834.9366,137269.6714,44689.1628,77521.2191,6.64312441651169E8,4.94179925689907E8,5.2245048402997E8,4.2601119868438E8,1.38130908825049E8,2.41470651783173E8,0.022279139,-0.038861455,-0.019588351,-0.005874495,-5.44E-04,0.011899362430022814,3296.84,3168.72,3106.65,3088.4,3086.72,3123.45,3224.99,3296.83,3168.72,3106.66,3088.4,3086.72,3308.86,3296.84,3184.39,3148.41,3104.12,3147.27,3183.27,3125.42,3054.65,3058.69,3077.99,3084.46,412503.5066,321350.1225,343616.1005,274587.4533,82341.0546,149381.2965,1.340863819954255E9,1.027448724687839E9,1.069846020042703E9,8.51846982925553E8,2.54495724002643E8,4.65227647583002E8,5310071,4839276,4982423,4182570,881069,1522502,204316.7995,154644.9184,167834.9366,137269.6714,44689.1628,77521.2191,6.64312441651169E8,4.94179925689907E8,5.2245048402997E8,4.2601119868438E8,1.38130908825049E8,2.41470651783173E8,0.022279139,-0.038861455,-0.019588351,-0.005874495,-5.44E-04,0.011899362430022814,3296.84,3168.72,3106.65,3088.4,3086.72,3123.45,3095.75
2026-01-12T00:00:00,3296.83,3168.72,3106.66,3088.4,3086.72,3123.46,3296.84,3184.39,3148.41,3104.12,3147.27,3171.49,3125.42,3054.65,3058.69,3077.99,3084.46,3065.55,321350.1225,343616.1005,274587.4533,82341.0546,149381.2965,297373.4681,1.027448724687839E9,1.069846020042703E9,8.51846982925553E8,2.54495724002643E8,4.65227647583002E8,9.28024542296001E8,4839276,4982423,4182570,881069,1522502,4303605,154644.9184,167834.9366,137269.6714,44689.1628,77521.2191,145169.9489,4.94179925689907E8,5.2245048402997E8,4.2601119868438E8,1.38130908825049E8,2.41470651783173E8,4.53140052754557E8,-0.038861455,-0.019588351,-0.005874495,-5.44E-04,0.011899362430022814,-0.008868399,3168.72,3106.65,3088.4,3086.72,3123.45,3095.75,3296.83,3168.72,3106.66,3088.4,3086.72,3123.46,3296.84,3184.39,3148.41,3104.12,3147.27,3171.49,3125.42,3054.65,3058.69,3077.99,3084.46,3065.55,321350.1225,343616.1005,274587.4533,82341.0546,149381.2965,297373.4681,1.027448724687839E9,1.069846020042703E9,8.51846982925553E8,2.54495724002643E8,4.65227647583002E8,9.28024542296001E8,4839276,4982423,4182570,881069,1522502,4303605,154644.9184,167834.9366,137269.6714,44689.1628,77521.2191,145169.9489,4.94179925689907E8,5.2245048402997E8,4.2601119868438E8,1.38130908825049E8,2.41470651783173E8,4.53140052754557E8,-0.038861455,-0.019588351,-0.005874495,-5.44E-04,0.011899362430022814,-0.008868399,3168.72,3106.65,3088.4,3086.72,3123.45,3095.75,3325.82
2026-01-13T00:00:00,3168.72,3106.66,3088.4,3086.72,3123.46,3095.75,3184.39,3148.41,3104.12,3147.27,3171.49,3367.79,3054.65,3058.69,3077.99,3084.46,3065.55,3091.96,343616.1005,274587.4533,82341.0546,149381.2965,297373.4681,457782.2816,1.069846020042703E9,8.51846982925553E8,2.54495724002643E8,4.65227647583002E8,9.28024542296001E8,1.470983302124877E9,4982423,4182570,881069,1522502,4303605,4876916,167834.9366,137269.6714,44689.1628,77521.2191,145169.9489,239733.9448,5.2245048402997E8,4.2601119868438E8,1.38130908825049E8,2.41470651783173E8,4.53140052754557E8,7.69970312592286E8,-0.019588351,-0.005874495,-5.44E-04,0.011899362430022814,-0.008868399,0.074318017,3106.65,3088.4,3086.72,3123.45,3095.75,3325.82,3168.72,3106.66,3088.4,3086.72,3123.46,3095.75,3184.39,3148.41,3104.12,3147.27,3171.49,3367.79,3054.65,3058.69,3077.99,3084.46,3065.55,3091.96,343616.1005,274587.4533,82341.0546,149381.2965,297373.4681,457782.2816,1.069846020042703E9,8.51846982925553E8,2.54495724002643E8,4.65227647583002E8,9.28024542296001E8,1.470983302124877E9,4982423,4182570,881069,1522502,4303605,4876916,167834.9366,137269.6714,44689.1628,77521.2191,145169.9489,239733.9448,5.2245048402997E8,4.2601119868438E8,1.38130908825049E8,2.41470651783173E8,4.53140052754557E8,7.69970312592286E8,-0.019588351,-0.005874495,-5.44E-04,0.011899362430022814,-0.008868399,0.074318017,3106.65,3088.4,3086.72,3123.45,3095.75,3325.82,3354.92
2026-01-14T00:00:00,3106.66,3088.4,3086.72,3123.46,3095.75,3325.83,3148.41,3104.12,3147.27,3171.49,3367.79,3402.89,3058.69,3077.99,3084.46,3065.55,3091.96,3280.48,274587.4533,82341.0546,149381.2965,297373.4681,457782.2816,503440.0759,8.51846982925553E8,2.54495724002643E8,4.65227647583002E8,9.28024542296001E8,1.470983302124877E9,1.682648500339798E9,4182570,881069,1522502,4303605,4876916,5351410,137269.6714,44689.1628,77521.2191,145169.9489,239733.9448,242601.2111,4.2601119868438E8,1.38130908825049E8,2.41470651783173E8,4.53140052754557E8,7.69970312592286E8,8.11091133793289E8,-0.005874495,-5.44E-04,0.011899362430022814,-0.008868399,0.074318017,0.008749722,3088.4,3086.72,3123.45,3095.75,3325.82,3354.92,3106.66,3088.4,3086.72,3123.46,3095.75,3325.83,3148.41,3104.12,3147.27,3171.49,3367.79,3402.89,3058.69,3077.99,3084.46,3065.55,3091.96,3280.48,274587.4533,82341.0546,149381.2965,297373.4681,457782.2816,503440.0759,8.51846982925553E8,2.54495724002643E8,4.65227647583002E8,9.28024542296001E8,1.470983302124877E9,1.682648500339798E9,4182570,881069,1522502,4303605,4876916,5351410,137269.6714,44689.1628,77521.2191,145169.9489,239733.9448,242601.2111,4.2601119868438E8,1.38130908825049E8,2.41470651783173E8,4.53140052754557E8,7.69970312592286E8,8.11091133793289E8,-0.005874495,-5.44E-04,0.011899362430022814,-0.008868399,0.074318017,0.008749722,3088.4,3086.72,3123.45,3095.75,3325.82,3354.92,3318.69
2026-01-15T00:00:00,3088.4,3086.72,3123.46,3095.75,3325.83,3354.92,3104.12,3147.27,3171.49,3367.79,3402.89,3384.19,3077.99,3084.46,3065.55,3091.96,3280.48,3273.72,82341.0546,149381.2965,297373.4681,457782.2816,503440.0759,389993.836,2.54495724002643E8,4.65227647583002E8,9.28024542296001E8,1.470983302124877E9,1.682648500339798E9,1.29662825056622E9,881069,1522502,4303605,4876916,5351410,4766390,44689.1628,77521.2191,145169.9489,239733.9448,242601.2111,182106.0811,1.38130908825049E8,2.41470651783173E8,4.53140052754557E8,7.69970312592286E8,8.11091133793289E8,6.05761505416469E8,-5.44E-04,0.011899362430022814,-0.008868399,0.074318017,0.008749722,-0.010799065,3086.72,3123.45,3095.75,3325.82,3354.92,3318.69,3088.4,3086.72,3123.46,3095.75,3325.83,3354.92,3104.12,3147.27,3171.49,3367.79,3402.89,3384.19,3077.99,3084.46,3065.55,3091.96,3280.48,3273.72,82341.0546,149381.2965,297373.4681,457782.2816,503440.0759,389993.836,2.54495724002643E8,4.65227647583002E8,9.28024542296001E8,1.470983302124877E9,1.682648500339798E9,1.29662825056622E9,881069,1522502,4303605,4876916,5351410,4766390,44689.1628,77521.2191,145169.9489,239733.9448,242601.2111,182106.0811,1.38130908825049E8,2.41470651783173E8,4.53140052754557E8,7.69970312592286E8,8.11091133793289E8,6.05761505416469E8,-5.44E-04,0.011899362430022814,-0.008868399,0.074318017,0.008749722,-0.010799065,3086.72,3123.45,3095.75,3325.82,3354.92,3318.69,3296.28
2026-01-16T00:00:00,3086.72,3123.46,3095.75,3325.83,3354.92,3318.7,3147.27,3171.49,3367.79,3402.89,3384.19,3326.79,3084.46,3065.55,3091.96,3280.48,3273.72,3253.01,149381.2965,297373.4681,457782.2816,503440.0759,389993.836,223921.7876,4.65227647583002E8,9.28024542296001E8,1.470983302124877E9,1.682648500339798E9,1.29662825056622E9,7.37278508749833E8,1522502,4303605,4876916,5351410,4766390,3528248,77521.2191,145169.9489,239733.9448,242601.2111,182106.0811,109159.1615,2.41470651783173E8,4.53140052754557E8,7.69970312592286E8,8.11091133793289E8,6.05761505416469E8,3.59334304757938E8,0.011899362430022814,-0.008868399,0.074318017,0.008749722,-0.010799065,-0.006752664,3123.45,3095.75,3325.82,3354.92,3318.69,3296.28,3086.72,3123.46,3095.75,3325.83,3354.92,3318.7,3147.27,3171.49,3367.79,3402.89,3384.19,3326.79,3084.46,3065.55,3091.96,3280.48,3273.72,3253.01,149381.2965,297373.4681,457782.2816,503440.0759,389993.836,223921.7876,4.65227647583002E8,9.28024542296001E8,1.470983302124877E9,1.682648500339798E9,1.29662825056622E9,7.37278508749833E8,1522502,4303605,4876916,5351410,4766390,3528248,77521.2191,145169.9489,239733.9448,242601.2111,182106.0811,109159.1615,2.41470651783173E8,4.53140052754557E8,7.69970312592286E8,8.11091133793289E8,6.05761505416469E8,3.59334304757938E8,0.011899362430022814,-0.008868399,0.074318017,0.008749722,-0.010799065,-0.006752664,3123.45,3095.75,3325.82,3354.92,3318.69,3296.28,3310.56
2026-01-17T00:00:00,3123.46,3095.75,3325.83,3354.92,3318.7,3296.28,3171.49,3367.79,3402.89,3384.19,3326.79,3330.26,3065.55,3091.96,3280.48,3273.72,3253.01,3283.96,297373.4681,457782.2816,503440.0759,389993.836,223921.7876,124325.0303,9.28024542296001E8,1.470983302124877E9,1.682648500339798E9,1.29662825056622E9,7.37278508749833E8,4.1150886839151E8,4303605,4876916,5351410,4766390,3528248,1229614,145169.9489,239733.9448,242601.2111,182106.0811,109159.1615,68643.5852,4.53140052754557E8,7.69970312592286E8,8.11091133793289E8,6.05761505416469E8,3.59334304757938E8,2.27299910454937E8,-0.008868399,0.074318017,0.008749722,-0.010799065,-0.006752664,0.004332156,3095.75,3325.82,3354.92,3318.69,3296.28,3310.56,3123.46,3095.75,3325.83,3354.92,3318.7,3296.28,3171.49,3367.79,3402.89,3384.19,3326.79,3330.26,3065.55,3091.96,3280.48,3273.72,3253.01,3283.96,297373.4681,457782.2816,503440.0759,389993.836,223921.7876,124325.0303,9.28024542296001E8,1.470983302124877E9,1.682648500339798E9,1.29662825056622E9,7.37278508749833E8,4.1150886839151E8,4303605,4876916,5351410,4766390,3528248,1229614,145169.9489,239733.9448,242601.2111,182106.0811,109159.1615,68643.5852,4.53140052754557E8,7.69970312592286E8,8.11091133793289E8,6.05761505416469E8,3.59334304757938E8,2.27299910454937E8,-0.008868399,0.074318017,0.008749722,-0.010799065,-0.006752664,0.004332156,3095.75,3325.82,3354.92,3318.69,3296.28,3310.56,3284.03
2026-01-18T00:00:00,3095.75,3325.83,3354.92,3318.7,3296.28,3310.56,3367.79,3402.89,3384.19,3326.79,3330.26,3368.82,3091.96,3280.48,3273.72,3253.01,3283.96,3278.86,457782.2816,503440.0759,389993.836,223921.7876,124325.0303,173354.3026,1.470983302124877E9,1.682648500339798E9,1.29662825056622E9,7.37278508749833E8,4.1150886839151E8,5.76301516530256E8,4876916,5351410,4766390,3528248,1229614,2227452,239733.9448,242601.2111,182106.0811,109159.1615,68643.5852,93056.7992,7.69970312592286E8,8.11091133793289E8,6.05761505416469E8,3.59334304757938E8,2.27299910454937E8,3.09424972081588E8,0.074318017,0.008749722,-0.010799065,-0.006752664,0.004332156,-0.00801375,3325.82,3354.92,3318.69,3296.28,3310.56,3284.03,3095.75,3325.83,3354.92,3318.7,3296.28,3310.56,3367.79,3402.89,3384.19,3326.79,3330.26,3368.82,3091.96,3280.48,3273.72,3253.01,3283.96,3278.86,457782.2816,503440.0759,389993.836,223921.7876,124325.0303,173354.3026,1.470983302124877E9,1.682648500339798E9,1.29662825056622E9,7.37278508749833E8,4.1150886839151E8,5.76301516530256E8,4876916,5351410,4766390,3528248,1229614,2227452,239733.9448,242601.2111,182106.0811,109159.1615,68643.5852,93056.7992,7.69970312592286E8,8.11091133793289E8,6.05761505416469E8,3.59334304757938E8,2.27299910454937E8,3.09424972081588E8,0.074318017,0.008749722,-0.010799065,-0.006752664,0.004332156,-0.00801375,3325.82,3354.92,3318.69,3296.28,3310.56,3284.03,3189.55
2026-01-19T00:00:00,3325.83,3354.92,3318.7,3296.28,3310.56,3284.04,3402.89,3384.19,3326.79,3330.26,3368.82,3284.58,3280.48,3273.72,3253.01,3283.96,3278.86,3165.38,503440.0759,389993.836,223921.7876,124325.0303,173354.3026,442540.5596,1.682648500339798E9,1.29662825056622E9,7.37278508749833E8,4.1150886839151E8,5.76301516530256E8,1.421588263898261E9,5351410,4766390,3528248,1229614,2227452,4406164,242601.2111,182106.0811,109159.1615,68643.5852,93056.7992,225707.6739,8.11091133793289E8,6.05761505416469E8,3.59334304757938E8,2.27299910454937E8,3.09424972081588E8,7.25130247584568E8,0.008749722,-0.010799065,-0.006752664,0.004332156,-0.00801375,-0.02876953,3354.92,3318.69,3296.28,3310.56,3284.03,3189.55,3325.83,3354.92,3318.7,3296.28,3310.56,3284.04,3402.89,3384.19,3326.79,3330.26,3368.82,3284.58,3280.48,3273.72,3253.01,3283.96,3278.86,3165.38,503440.0759,389993.836,223921.7876,124325.0303,173354.3026,442540.5596,1.682648500339798E9,1.29662825056622E9,7.37278508749833E8,4.1150886839151E8,5.76301516530256E8,1.421588263898261E9,5351410,4766390,3528248,1229614,2227452,4406164,242601.2111,182106.0811,109159.1615,68643.5852,93056.7992,225707.6739,8.11091133793289E8,6.05761505416469E8,3.59334304757938E8,2.27299910454937E8,3.09424972081588E8,7.25130247584568E8,0.008749722,-0.010799065,-0.006752664,0.004332156,-0.00801375,-0.02876953,3354.92,3318.69,3296.28,3310.56,3284.03,3189.55,2939.88
2026-01-20T00:00:00,3354.92,3318.7,3296.28,3310.56,3284.04,3189.56,3384.19,3326.79,3330.26,3368.82,3284.58,3200.5,3273.72,3253.01,3283.96,3278.86,3165.38,2920,389993.836,223921.7876,124325.0303,173354.3026,442540.5596,518166.4787,1.29662825056622E9,7.37278508749833E8,4.1150886839151E8,5.76301516530256E8,1.421588263898261E9,1.58697302680606E9,4766390,3528248,1229614,2227452,4406164,7228638,182106.0811,109159.1615,68643.5852,93056.7992,225707.6739,251605.1302,6.05761505416469E8,3.59334304757938E8,2.27299910454937E8,3.09424972081588E8,7.25130247584568E8,7.70975910793193E8,-0.010799065,-0.006752664,0.004332156,-0.00801375,-0.02876953,-0.0782775,3318.69,3296.28,3310.56,3284.03,3189.55,2939.88,3354.92,3318.7,3296.28,3310.56,3284.04,3189.56,3384.19,3326.79,3330.26,3368.82,3284.58,3200.5,3273.72,3253.01,3283.96,3278.86,3165.38,2920,389993.836,223921.7876,124325.0303,173354.3026,442540.5596,518166.4787,1.29662825056622E9,7.37278508749833E8,4.1150886839151E8,5.76301516530256E8,1.421588263898261E9,1.58697302680606E9,4766390,3528248,1229614,2227452,4406164,7228638,182106.0811,109159.1615,68643.5852,93056.7992,225707.6739,251605.1302,6.05761505416469E8,3.59334304757938E8,2.27299910454937E8,3.09424972081588E8,7.25130247584568E8,7.70975910793193E8,-0.010799065,-0.006752664,0.004332156,-0.00801375,-0.02876953,-0.0782775,3318.69,3296.28,3310.56,3284.03,3189.55,2939.88,2982.27
2026-01-21T00:00:00,3318.7,3296.28,3310.56,3284.04,3189.56,2939.88,3326.79,3330.26,3368.82,3284.58,3200.5,3069.07,3253.01,3283.96,3278.86,3165.38,2920,2866.11,223921.7876,124325.0303,173354.3026,442540.5596,518166.4787,577800.2481,7.37278508749833E8,4.1150886839151E8,5.76301516530256E8,1.421588263898261E9,1.58697302680606E9,1.712903183812053E9,3528248,1229614,2227452,4406164,7228638,8064316,109159.1615,68643.5852,93056.7992,225707.6739,251605.1302,296961.807,3.59334304757938E8,2.27299910454937E8,3.09424972081588E8,7.25130247584568E8,7.70975910793193E8,8.80621251790689E8,-0.006752664,0.004332156,-0.00801375,-0.02876953,-0.0782775,0.014418955875749987,3296.28,3310.56,3284.03,3189.55,2939.88,2982.27,3318.7,3296.28,3310.56,3284.04,3189.56,2939.88,3326.79,3330.26,3368.82,3284.58,3200.5,3069.07,3253.01,3283.96,3278.86,3165.38,2920,2866.11,223921.7876,124325.0303,173354.3026,442540.5596,518166.4787,577800.2481,7.37278508749833E8,4.1150886839151E8,5.76301516530256E8,1.421588263898261E9,1.58697302680606E9,1.712903183812053E9,3528248,1229614,2227452,4406164,7228638,8064316,109159.1615,68643.5852,93056.7992,225707.6739,251605.1302,296961.807,3.59334304757938E8,2.27299910454937E8,3.09424972081588E8,7.25130247584568E8,7.70975910793193E8,8.80621251790689E8,-0.006752664,0.004332156,-0.00801375,-0.02876953,-0.0782775,0.014418955875749987,3296.28,3310.56,3284.03,3189.55,2939.88,2982.27,2952.69
2026-01-22T00:00:00,3296.28,3310.56,3284.04,3189.56,2939.88,2982.28,3330.26,3368.82,3284.58,3200.5,3069.07,3038.33,3283.96,3278.86,3165.38,2920,2866.11,2906.02,124325.0303,173354.3026,442540.5596,518166.4787,577800.2481,291660.7349,4.1150886839151E8,5.76301516530256E8,1.421588263898261E9,1.58697302680606E9,1.712903183812053E9,8.67206892239138E8,1229614,2227452,4406164,7228638,8064316,4696521,68643.5852,93056.7992,225707.6739,251605.1302,296961.807,144410.7947,2.27299910454937E8,3.09424972081588E8,7.25130247584568E8,7.70975910793193E8,8.80621251790689E8,4.29371629050317E8,0.004332156,-0.00801375,-0.02876953,-0.0782775,0.014418955875749987,-0.009918619,3310.56,3284.03,3189.55,2939.88,2982.27,2952.69,3296.28,3310.56,3284.04,3189.56,2939.88,2982.28,3330.26,3368.82,3284.58,3200.5,3069.07,3038.33,3283.96,3278.86,3165.38,2920,2866.11,2906.02,124325.0303,173354.3026,442540.5596,518166.4787,577800.2481,291660.7349,4.1150886839151E8,5.76301516530256E8,1.421588263898261E9,1.58697302680606E9,1.712903183812053E9,8.67206892239138E8,1229614,2227452,4406164,7228638,8064316,4696521,68643.5852,93056.7992,225707.6739,251605.1302,296961.807,144410.7947,2.27299910454937E8,3.09424972081588E8,7.25130247584568E8,7.70975910793193E8,8.80621251790689E8,4.29371629050317E8,0.004332156,-0.00801375,-0.02876953,-0.0782775,0.014418955875749987,-0.009918619,3310.56,3284.03,3189.55,2939.88,2982.27,2952.69,2956.41
2026-01-23T00:00:00,3310.56,3284.04,3189.56,2939.88,2982.28,2952.7,3368.82,3284.58,3200.5,3069.07,3038.33,3019.26,3278.86,3165.38,2920,2866.11,2906.02,2892.4,173354.3026,442540.5596,518166.4787,577800.2481,291660.7349,318415.3317,5.76301516530256E8,1.421588263898261E9,1.58697302680606E9,1.712903183812053E9,8.67206892239138E8,9.39757975669515E8,2227452,4406164,7228638,8064316,4696521,5479038,93056.7992,225707.6739,251605.1302,296961.807,144410.7947,159251.2529,3.09424972081588E8,7.25130247584568E8,7.70975910793193E8,8.80621251790689E8,4.29371629050317E8,4.70264718669184E8,-0.00801375,-0.02876953,-0.0782775,0.014418955875749987,-0.009918619,0.001259868,3284.03,3189.55,2939.88,2982.27,2952.69,2956.41,3310.56,3284.04,3189.56,2939.88,2982.28,2952.7,3368.82,3284.58,3200.5,3069.07,3038.33,3019.26,3278.86,3165.38,2920,2866.11,2906.02,2892.4,173354.3026,442540.5596,518166.4787,577800.2481,291660.7349,318415.3317,5.76301516530256E8,1.421588263898261E9,1.58697302680606E9,1.712903183812053E9,8.67206892239138E8,9.39757975669515E8,2227452,4406164,7228638,8064316,4696521,5479038,93056.7992,225707.6739,251605.1302,296961.807,144410.7947,159251.2529,3.09424972081588E8,7.25130247584568E8,7.70975910793193E8,8.80621251790689E8,4.29371629050317E8,4.70264718669184E8,-0.00801375,-0.02876953,-0.0782775,0.014418955875749987,-0.009918619,0.001259868,3284.03,3189.55,2939.88,2982.27,2952.69,2956.41,2953.22
2026-01-24T00:00:00,3284.04,3189.56,2939.88,2982.28,2952.7,2956.41,3284.58,3200.5,3069.07,3038.33,3019.26,2970.41,3165.38,2920,2866.11,2906.02,2892.4,2943.84,442540.5596,518166.4787,577800.2481,291660.7349,318415.3317,92082.9039,1.421588263898261E9,1.58697302680606E9,1.712903183812053E9,8.67206892239138E8,9.39757975669515E8,2.72517275860426E8,4406164,7228638,8064316,4696521,5479038,1185149,225707.6739,251605.1302,296961.807,144410.7947,159251.2529,41483.2107,7.25130247584568E8,7.70975910793193E8,8.80621251790689E8,4.29371629050317E8,4.70264718669184E8,1.22751060758119E8,-0.02876953,-0.0782775,0.014418955875749987,-0.009918619,0.001259868,-0.001079011,3189.55,2939.88,2982.27,2952.69,2956.41,2953.22,3284.04,3189.56,2939.88,2982.28,2952.7,2956.41,3284.58,3200.5,3069.07,3038.33,3019.26,2970.41,3165.38,2920,2866.11,2906.02,2892.4,2943.84,442540.5596,518166.4787,577800.2481,291660.7349,318415.3317,92082.9039,1.421588263898261E9,1.58697302680606E9,1.712903183812053E9,8.67206892239138E8,9.39757975669515E8,2.72517275860426E8,4406164,7228638,8064316,4696521,5479038,1185149,225707.6739,251605.1302,296961.807,144410.7947,159251.2529,41483.2107,7.25130247584568E8,7.70975910793193E8,8.80621251790689E8,4.29371629050317E8,4.70264718669184E8,1.22751060758119E8,-0.02876953,-0.0782775,0.014418955875749987,-0.009918619,0.001259868,-0.001079011,3189.55,2939.88,2982.27,2952.69,2956.41,2953.22,2816.89
2026-01-25T00:00:00,3189.56,2939.88,2982.28,2952.7,2956.41,2953.23,3200.5,3069.07,3038.33,3019.26,2970.41,2960.29,2920,2866.11,2906.02,2892.4,2943.84,2787,518166.4787,577800.2481,291660.7349,318415.3317,92082.9039,380186.5326,1.58697302680606E9,1.712903183812053E9,8.67206892239138E8,9.39757975669515E8,2.72517275860426E8,1.088137895952771E9,7228638,8064316,4696521,5479038,1185149,4637787,251605.1302,296961.807,144410.7947,159251.2529,41483.2107,165133.7717,7.70975910793193E8,8.80621251790689E8,4.29371629050317E8,4.70264718669184E8,1.22751060758119E8,4.73021399881065E8,-0.0782775,0.014418955875749987,-0.009918619,0.001259868,-0.001079011,-0.046163171,2939.88,2982.27,2952.69,2956.41,2953.22,2816.89,3189.56,2939.88,2982.28,2952.7,2956.41,2953.23,3200.5,3069.07,3038.33,3019.26,2970.41,2960.29,2920,2866.11,2906.02,2892.4,2943.84,2787,518166.4787,577800.2481,291660.7349,318415.3317,92082.9039,380186.5326,1.58697302680606E9,1.712903183812053E9,8.67206892239138E8,9.39757975669515E8,2.72517275860426E8,1.088137895952771E9,7228638,8064316,4696521,5479038,1185149,4637787,251605.1302,296961.807,144410.7947,159251.2529,41483.2107,165133.7717,7.70975910793193E8,8.80621251790689E8,4.29371629050317E8,4.70264718669184E8,1.22751060758119E8,4.73021399881065E8,-0.0782775,0.014418955875749987,-0.009918619,0.001259868,-0.001079011,-0.046163171,2939.88,2982.27,2952.69,2956.41,2953.22,2816.89,2930.35
2026-01-26T00:00:00,2939.88,2982.28,2952.7,2956.41,2953.23,2816.9,3069.07,3038.33,3019.26,2970.41,2960.29,2951.21,2866.11,2906.02,2892.4,2943.84,2787,2812.37,577800.2481,291660.7349,318415.3317,92082.9039,380186.5326,485169.3372,1.712903183812053E9,8.67206892239138E8,9.39757975669515E8,2.72517275860426E8,1.088137895952771E9,1.405058143578595E9,8064316,4696521,5479038,1185149,4637787,5933570,296961.807,144410.7947,159251.2529,41483.2107,165133.7717,239396.1448,8.80621251790689E8,4.29371629050317E8,4.70264718669184E8,1.22751060758119E8,4.73021399881065E8,6.93731253124194E8,0.014418955875749987,-0.009918619,0.001259868,-0.001079011,-0.046163171,0.040278463,2982.27,2952.69,2956.41,2953.22,2816.89,2930.35,2939.88,2982.28,2952.7,2956.41,2953.23,2816.9,3069.07,3038.33,3019.26,2970.41,2960.29,2951.21,2866.11,2906.02,2892.4,2943.84,2787,2812.37,577800.2481,291660.7349,318415.3317,92082.9039,380186.5326,485169.3372,1.712903183812053E9,8.67206892239138E8,9.39757975669515E8,2.72517275860426E8,1.088137895952771E9,1.405058143578595E9,8064316,4696521,5479038,1185149,4637787,5933570,296961.807,144410.7947,159251.2529,41483.2107,165133.7717,239396.1448,8.80621251790689E8,4.29371629050317E8,4.70264718669184E8,1.22751060758119E8,4.73021399881065E8,6.93731253124194E8,0.014418955875749987,-0.009918619,0.001259868,-0.001079011,-0.046163171,0.040278463,2982.27,2952.69,2956.41,2953.22,2816.89,2930.35,3026.77
2026-01-27T00:00:00,2982.28,2952.7,2956.41,2953.23,2816.9,2930.35,3038.33,3019.26,2970.41,2960.29,2951.21,3035.08,2906.02,2892.4,2943.84,2787,2812.37,2899.77,291660.7349,318415.3317,92082.9039,380186.5326,485169.3372,478792.3988,8.67206892239138E8,9.39757975669515E8,2.72517275860426E8,1.088137895952771E9,1.405058143578595E9,1.416537368433361E9,4696521,5479038,1185149,4637787,5933570,5278439,144410.7947,159251.2529,41483.2107,165133.7717,239396.1448,229630.1728,4.29371629050317E8,4.70264718669184E8,1.22751060758119E8,4.73021399881065E8,6.93731253124194E8,6.79191460936592E8,-0.009918619,0.001259868,-0.001079011,-0.046163171,0.040278463,0.032903919,2952.69,2956.41,2953.22,2816.89,2930.35,3026.77,2982.28,2952.7,2956.41,2953.23,2816.9,2930.35,3038.33,3019.26,2970.41,2960.29,2951.21,3035.08,2906.02,2892.4,2943.84,2787,2812.37,2899.77,291660.7349,318415.3317,92082.9039,380186.5326,485169.3372,478792.3988,8.67206892239138E8,9.39757975669515E8,2.72517275860426E8,1.088137895952771E9,1.405058143578595E9,1.416537368433361E9,4696521,5479038,1185149,4637787,5933570,5278439,144410.7947,159251.2529,41483.2107,165133.7717,239396.1448,229630.1728,4.29371629050317E8,4.70264718669184E8,1.22751060758119E8,4.73021399881065E8,6.93731253124194E8,6.79191460936592E8,-0.009918619,0.001259868,-0.001079011,-0.046163171,0.040278463,0.032903919,2952.69,2956.41,2953.22,2816.89,2930.35,3026.77,3010.78
2026-01-28T00:00:00,2952.7,2956.41,2953.23,2816.9,2930.35,3026.77,3019.26,2970.41,2960.29,2951.21,3035.08,3045.78,2892.4,2943.84,2787,2812.37,2899.77,2983.67,318415.3317,92082.9039,380186.5326,485169.3372,478792.3988,296607.6549,9.39757975669515E8,2.72517275860426E8,1.088137895952771E9,1.405058143578595E9,1.416537368433361E9,8.94057677740365E8,5479038,1185149,4637787,5933570,5278439,5061029,159251.2529,41483.2107,165133.7717,239396.1448,229630.1728,154557.6064,4.70264718669184E8,1.22751060758119E8,4.73021399881065E8,6.93731253124194E8,6.79191460936592E8,4.6594630594887E8,0.001259868,-0.001079011,-0.046163171,0.040278463,0.032903919,-0.005282859,2956.41,2953.22,2816.89,2930.35,3026.77,3010.78,2952.7,2956.41,2953.23,2816.9,2930.35,3026.77,3019.26,2970.41,2960.29,2951.21,3035.08,3045.78,2892.4,2943.84,2787,2812.37,2899.77,2983.67,318415.3317,92082.9039,380186.5326,485169.3372,478792.3988,296607.6549,9.39757975669515E8,2.72517275860426E8,1.088137895952771E9,1.405058143578595E9,1.416537368433361E9,8.94057677740365E8,5479038,1185149,4637787,5933570,5278439,5061029,159251.2529,41483.2107,165133.7717,239396.1448,229630.1728,154557.6064,4.70264718669184E8,1.22751060758119E8,4.73021399881065E8,6.93731253124194E8,6.79191460936592E8,4.6594630594887E8,0.001259868,-0.001079011,-0.046163171,0.040278463,0.032903919,-0.005282859,2956.41,2953.22,2816.89,2930.35,3026.77,3010.78,2822.59
2026-01-29T00:00:00,2956.41,2953.23,2816.9,2930.35,3026.77,3010.78,2970.41,2960.29,2951.21,3035.08,3045.78,3013.5,2943.84,2787,2812.37,2899.77,2983.67,2754.53,92082.9039,380186.5326,485169.3372,478792.3988,296607.6549,561288.5979,2.72517275860426E8,1.088137895952771E9,1.405058143578595E9,1.416537368433361E9,8.94057677740365E8,1.601894306039813E9,1185149,4637787,5933570,5278439,5061029,6779608,41483.2107,165133.7717,239396.1448,229630.1728,154557.6064,270939.8171,1.22751060758119E8,4.73021399881065E8,6.93731253124194E8,6.79191460936592E8,4.6594630594887E8,7.72718271379958E8,-0.001079011,-0.046163171,0.040278463,0.032903919,-0.005282859,-0.062505397,2953.22,2816.89,2930.35,3026.77,3010.78,2822.59,2956.41,2953.23,2816.9,2930.35,3026.77,3010.78,2970.41,2960.29,2951.21,3035.08,3045.78,3013.5,2943.84,2787,2812.37,2899.77,2983.67,2754.53,92082.9039,380186.5326,485169.3372,478792.3988,296607.6549,561288.5979,2.72517275860426E8,1.088137895952771E9,1.405058143578595E9,1.416537368433361E9,8.94057677740365E8,1.601894306039813E9,1185149,4637787,5933570,5278439,5061029,6779608,41483.2107,165133.7717,239396.1448,229630.1728,154557.6064,270939.8171,1.22751060758119E8,4.73021399881065E8,6.93731253124194E8,6.79191460936592E8,4.6594630594887E8,7.72718271379958E8,-0.001079011,-0.046163171,0.040278463,0.032903919,-0.005282859,-0.062505397,2953.22,2816.89,2930.35,3026.77,3010.78,2822.59,2707.38
2026-01-30T00:00:00,2953.23,2816.9,2930.35,3026.77,3010.78,2822.6,2960.29,2951.21,3035.08,3045.78,3013.5,2828.65,2787,2812.37,2899.77,2983.67,2754.53,2636.01,380186.5326,485169.3372,478792.3988,296607.6549,561288.5979,793279.6252,1.088137895952771E9,1.405058143578595E9,1.416537368433361E9,8.94057677740365E8,1.601894306039813E9,2.161851949088385E9,4637787,5933570,5278439,5061029,6779608,10661631,165133.7717,239396.1448,229630.1728,154557.6064,270939.8171,388766.163,4.73021399881065E8,6.93731253124194E8,6.79191460936592E8,4.6594630594887E8,7.72718271379958E8,1.059467300875251E9,-0.046163171,0.040278463,0.032903919,-0.005282859,-0.062505397,-0.040817122,2816.89,2930.35,3026.77,3010.78,2822.59,2707.38,2953.23,2816.9,2930.35,3026.77,3010.78,2822.6,2960.29,2951.21,3035.08,3045.78,3013.5,2828.65,2787,2812.37,2899.77,2983.67,2754.53,2636.01,380186.5326,485169.3372,478792.3988,296607.6549,561288.5979,793279.6252,1.088137895952771E9,1.405058143578595E9,1.416537368433361E9,8.94057677740365E8,1.601894306039813E9,2.161851949088385E9,4637787,5933570,5278439,5061029,6779608,10661631,165133.7717,239396.1448,229630.1728,154557.6064,270939.8171,388766.163,4.73021399881065E8,6.93731253124194E8,6.79191460936592E8,4.6594630594887E8,7.72718271379958E8,1.059467300875251E9,-0.046163171,0.040278463,0.032903919,-0.005282859,-0.062505397,-0.040817122,2816.89,2930.35,3026.77,3010.78,2822.59,2707.38,2451.95
2026-01-31T00:00:00,2816.9,2930.35,3026.77,3010.78,2822.6,2707.37,2951.21,3035.08,3045.78,3013.5,2828.65,2714.64,2812.37,2899.77,2983.67,2754.53,2636.01,2250,485169.3372,478792.3988,296607.6549,561288.5979,793279.6252,1113097.713,1.405058143578595E9,1.416537368433361E9,8.94057677740365E8,1.601894306039813E9,2.161851949088385E9,2.759353621321312E9,5933570,5278439,5061029,6779608,10661631,9305297,239396.1448,229630.1728,154557.6064,270939.8171,388766.163,520430.2055,6.93731253124194E8,6.79191460936592E8,4.6594630594887E8,7.72718271379958E8,1.059467300875251E9,1.291798679952669E9,0.040278463,0.032903919,-0.005282859,-0.062505397,-0.040817122,-0.094345825,2930.35,3026.77,3010.78,2822.59,2707.38,2451.95,2816.9,2930.35,3026.77,3010.78,2822.6,2707.37,2951.21,3035.08,3045.78,3013.5,2828.65,2714.64,2812.37,2899.77,2983.67,2754.53,2636.01,2250,485169.3372,478792.3988,296607.6549,561288.5979,793279.6252,1113097.713,1.405058143578595E9,1.416537368433361E9,8.94057677740365E8,1.601894306039813E9,2.161851949088385E9,2.759353621321312E9,5933570,5278439,5061029,6779608,10661631,9305297,239396.1448,229630.1728,154557.6064,270939.8171,388766.163,520430.2055,6.93731253124194E8,6.79191460936592E8,4.6594630594887E8,7.72718271379958E8,1.059467300875251E9,1.291798679952669E9,0.040278463,0.032903919,-0.005282859,-0.062505397,-0.040817122,-0.094345825,2930.35,3026.77,3010.78,2822.59,2707.38,2451.95,2270.15
2026-02-01T00:00:00,2930.35,3026.77,3010.78,2822.6,2707.37,2451.96,3035.08,3045.78,3013.5,2828.65,2714.64,2475.98,2899.77,2983.67,2754.53,2636.01,2250,2222,478792.3988,296607.6549,561288.5979,793279.6252,1113097.713,1026573.947,1.416537368433361E9,8.94057677740365E8,1.601894306039813E9,2.161851949088385E9,2.759353621321312E9,2.412828498627745E9,5278439,5061029,6779608,10661631,9305297,11038637,229630.1728,154557.6064,270939.8171,388766.163,520430.2055,455879.6449,6.79191460936592E8,4.6594630594887E8,7.72718271379958E8,1.059467300875251E9,1.291798679952669E9,1.069127421804749E9,0.032903919,-0.005282859,-0.062505397,-0.040817122,-0.094345825,-0.074145068,3026.77,3010.78,2822.59,2707.38,2451.95,2270.15,2930.35,3026.77,3010.78,2822.6,2707.37,2451.96,3035.08,3045.78,3013.5,2828.65,2714.64,2475.98,2899.77,2983.67,2754.53,2636.01,2250,2222,478792.3988,296607.6549,561288.5979,793279.6252,1113097.713,1026573.947,1.416537368433361E9,8.94057677740365E8,1.601894306039813E9,2.161851949088385E9,2.759353621321312E9,2.412828498627745E9,5278439,5061029,6779608,10661631,9305297,11038637,229630.1728,154557.6064,270939.8171,388766.163,520430.2055,455879.6449,6.79191460936592E8,4.6594630594887E8,7.72718271379958E8,1.059467300875251E9,1.291798679952669E9,1.069127421804749E9,0.032903919,-0.005282859,-0.062505397,-0.040817122,-0.094345825,-0.074145068,3026.77,3010.78,2822.59,2707.38,2451.95,2270.15,2347.02
2026-02-02T00:00:00,3026.77,3010.78,2822.6,2707.37,2451.96,2270.16,3045.78,3013.5,2828.65,2714.64,2475.98,2396.62,2983.67,2754.53,2636.01,2250,2222,2157.14,296607.6549,561288.5979,793279.6252,1113097.713,1026573.947,1248535.211,8.94057677740365E8,1.601894306039813E9,2.161851949088385E9,2.759353621321312E9,2.412828498627745E9,2.84217728624149E9,5061029,6779608,10661631,9305297,11038637,11149156,154557.6064,270939.8171,388766.163,520430.2055,455879.6449,614416.942,4.6594630594887E8,7.72718271379958E8,1.059467300875251E9,1.291798679952669E9,1.069127421804749E9,1.398079659353768E9,-0.005282859,-0.062505397,-0.040817122,-0.094345825,-0.074145068,0.033861199,3010.78,2822.59,2707.38,2451.95,2270.15,2347.02,3026.77,3010.78,2822.6,2707.37,2451.96,2270.16,3045.78,3013.5,2828.65,2714.64,2475.98,2396.62,2983.67,2754.53,2636.01,2250,2222,2157.14,296607.6549,561288.5979,793279.6252,1113097.713,1026573.947,1248535.211,8.94057677740365E8,1.601894306039813E9,2.161851949088385E9,2.759353621321312E9,2.412828498627745E9,2.84217728624149E9,5061029,6779608,10661631,9305297,11038637,11149156,154557.6064,270939.8171,388766.163,520430.2055,455879.6449,614416.942,4.6594630594887E8,7.72718271379958E8,1.059467300875251E9,1.291798679952669E9,1.069127421804749E9,1.398079659353768E9,-0.005282859,-0.062505397,-0.040817122,-0.094345825,-0.074145068,0.033861199,3010.78,2822.59,2707.38,2451.95,2270.15,2347.02,2233.72
2026-02-03T00:00:00,3010.78,2822.6,2707.37,2451.96,2270.16,2347.01,3013.5,2828.65,2714.64,2475.98,2396.62,2359.88,2754.53,2636.01,2250,2222,2157.14,2110,561288.5979,793279.6252,1113097.713,1026573.947,1248535.211,1321099.387,1.601894306039813E9,2.161851949088385E9,2.759353621321312E9,2.412828498627745E9,2.84217728624149E9,2.981630480120865E9,6779608,10661631,9305297,11038637,11149156,11643770,270939.8171,388766.163,520430.2055,455879.6449,614416.942,666418.2157,7.72718271379958E8,1.059467300875251E9,1.291798679952669E9,1.069127421804749E9,1.398079659353768E9,1.505015892495484E9,-0.062505397,-0.040817122,-0.094345825,-0.074145068,0.033861199,-0.048273981,2822.59,2707.38,2451.95,2270.15,2347.02,2233.72,3010.78,2822.6,2707.37,2451.96,2270.16,2347.01,3013.5,2828.65,2714.64,2475.98,2396.62,2359.88,2754.53,2636.01,2250,2222,2157.14,2110,561288.5979,793279.6252,1113097.713,1026573.947,1248535.211,1321099.387,1.601894306039813E9,2.161851949088385E9,2.759353621321312E9,2.412828498627745E9,2.84217728624149E9,2.981630480120865E9,6779608,10661631,9305297,11038637,11149156,11643770,270939.8171,388766.163,520430.2055,455879.6449,614416.942,666418.2157,7.72718271379958E8,1.059467300875251E9,1.291798679952669E9,1.069127421804749E9,1.398079659353768E9,1.505015892495484E9,-0.062505397,-0.040817122,-0.094345825,-0.074145068,0.033861199,-0.048273981,2822.59,2707.38,2451.95,2270.15,2347.02,2233.72,2148.26
2026-02-04T00:00:00,2822.6,2707.37,2451.96,2270.16,2347.01,2233.72,2828.65,2714.64,2475.98,2396.62,2359.88,2295.74,2636.01,2250,2222,2157.14,2110,2076.68,793279.6252,1113097.713,1026573.947,1248535.211,1321099.387,1264743.43,2.161851949088385E9,2.759353621321312E9,2.412828498627745E9,2.84217728624149E9,2.981630480120865E9,2.756607838332894E9,10661631,9305297,11038637,11149156,11643770,10912540,388766.163,520430.2055,455879.6449,614416.942,666418.2157,609896.0952,1.059467300875251E9,1.291798679952669E9,1.069127421804749E9,1.398079659353768E9,1.505015892495484E9,1.325924462845477E9,-0.040817122,-0.094345825,-0.074145068,0.033861199,-0.048273981,-0.038259048,2707.38,2451.95,2270.15,2347.02,2233.72,2148.26,2822.6,2707.37,2451.96,2270.16,2347.01,2233.72,2828.65,2714.64,2475.98,2396.62,2359.88,2295.74,2636.01,2250,2222,2157.14,2110,2076.68,793279.6252,1113097.713,1026573.947,1248535.211,1321099.387,1264743.43,2.161851949088385E9,2.759353621321312E9,2.412828498627745E9,2.84217728624149E9,2.981630480120865E9,2.756607838332894E9,10661631,9305297,11038637,11149156,11643770,10912540,388766.163,520430.2055,455879.6449,614416.942,666418.2157,609896.0952,1.059467300875251E9,1.291798679952669E9,1.069127421804749E9,1.398079659353768E9,1.505015892495484E9,1.325924462845477E9,-0.040817122,-0.094345825,-0.074145068,0.033861199,-0.048273981,-0.038259048,2707.38,2451.95,2270.15,2347.02,2233.72,2148.26,1826.83
2026-02-05T00:00:00,2707.37,2451.96,2270.16,2347.01,2233.72,2148.25,2714.64,2475.98,2396.62,2359.88,2295.74,2173.77,2250,2222,2157.14,2110,2076.68,1818.18,1113097.713,1026573.947,1248535.211,1321099.387,1264743.43,1952286.695,2.759353621321312E9,2.412828498627745E9,2.84217728624149E9,2.981630480120865E9,2.756607838332894E9,3.895174109785863E9,9305297,11038637,11149156,11643770,10912540,13667587,520430.2055,455879.6449,614416.942,666418.2157,609896.0952,967965.2824,1.291798679952669E9,1.069127421804749E9,1.398079659353768E9,1.505015892495484E9,1.325924462845477E9,1.933830694362923E9,-0.094345825,-0.074145068,0.033861199,-0.048273981,-0.038259048,-0.149623416,2451.95,2270.15,2347.02,2233.72,2148.26,1826.83,2707.37,2451.96,2270.16,2347.01,2233.72,2148.25,2714.64,2475.98,2396.62,2359.88,2295.74,2173.77,2250,2222,2157.14,2110,2076.68,1818.18,1113097.713,1026573.947,1248535.211,1321099.387,1264743.43,1952286.695,2.759353621321312E9,2.412828498627745E9,2.84217728624149E9,2.981630480120865E9,2.756607838332894E9,3.895174109785863E9,9305297,11038637,11149156,11643770,10912540,13667587,520430.2055,455879.6449,614416.942,666418.2157,609896.0952,967965.2824,1.291798679952669E9,1.069127421804749E9,1.398079659353768E9,1.505015892495484E9,1.325924462845477E9,1.933830694362923E9,-0.094345825,-0.074145068,0.033861199,-0.048273981,-0.038259048,-0.149623416,2451.95,2270.15,2347.02,2233.72,2148.26,1826.83,2063.38
2026-02-06T00:00:00,2451.96,2270.16,2347.01,2233.72,2148.25,1826.83,2475.98,2396.62,2359.88,2295.74,2173.77,2093.94,2222,2157.14,2110,2076.68,1818.18,1747.8,1026573.947,1248535.211,1321099.387,1264743.43,1952286.695,2102311.557,2.412828498627745E9,2.84217728624149E9,2.981630480120865E9,2.756607838332894E9,3.895174109785863E9,4.099448671011839E9,11038637,11149156,11643770,10912540,13667587,12362731,455879.6449,614416.942,666418.2157,609896.0952,967965.2824,1189792.576,1.069127421804749E9,1.398079659353768E9,1.505015892495484E9,1.325924462845477E9,1.933830694362923E9,2.323481388750452E9,-0.074145068,0.033861199,-0.048273981,-0.038259048,-0.149623416,0.1294865970013631,2270.15,2347.02,2233.72,2148.26,1826.83,2063.38,2451.96,2270.16,2347.01,2233.72,2148.25,1826.83,2475.98,2396.62,2359.88,2295.74,2173.77,2093.94,2222,2157.14,2110,2076.68,1818.18,1747.8,1026573.947,1248535.211,1321099.387,1264743.43,1952286.695,2102311.557,2.412828498627745E9,2.84217728624149E9,2.981630480120865E9,2.756607838332894E9,3.895174109785863E9,4.099448671011839E9,11038637,11149156,11643770,10912540,13667587,12362731,455879.6449,614416.942,666418.2157,609896.0952,967965.2824,1189792.576,1.069127421804749E9,1.398079659353768E9,1.505015892495484E9,1.325924462845477E9,1.933830694362923E9,2.323481388750452E9,-0.074145068,0.033861199,-0.048273981,-0.038259048,-0.149623416,0.1294865970013631,2270.15,2347.02,2233.72,2148.26,1826.83,2063.38,2087.08
2026-02-07T00:00:00,2270.16,2347.01,2233.72,2148.25,1826.83,2063.37,2396.62,2359.88,2295.74,2173.77,2093.94,2121.7,2157.14,2110,2076.68,1818.18,1747.8,1994.57,1248535.211,1321099.387,1264743.43,1952286.695,2102311.557,1142616.449,2.84217728624149E9,2.981630480120865E9,2.756607838332894E9,3.895174109785863E9,4.099448671011839E9,2.350131251111509E9,11149156,11643770,10912540,13667587,12362731,7938360,614416.942,666418.2157,609896.0952,967965.2824,1189792.576,548585.9421,1.398079659353768E9,1.505015892495484E9,1.325924462845477E9,1.933830694362923E9,2.323481388750452E9,1.128556150777751E9,0.033861199,-0.048273981,-0.038259048,-0.149623416,0.1294865970013631,0.011486008393994232,2347.02,2233.72,2148.26,1826.83,2063.38,2087.08,2270.16,2347.01,2233.72,2148.25,1826.83,2063.37,2396.62,2359.88,2295.74,2173.77,2093.94,2121.7,2157.14,2110,2076.68,1818.18,1747.8,1994.57,1248535.211,1321099.387,1264743.43,1952286.695,2102311.557,1142616.449,2.84217728624149E9,2.981630480120865E9,2.756607838332894E9,3.895174109785863E9,4.099448671011839E9,2.350131251111509E9,11149156,11643770,10912540,13667587,12362731,7938360,614416.942,666418.2157,609896.0952,967965.2824,1189792.576,548585.9421,1.398079659353768E9,1.505015892495484E9,1.325924462845477E9,1.933830694362923E9,2.323481388750452E9,1.128556150777751E9,0.033861199,-0.048273981,-0.038259048,-0.149623416,0.1294865970013631,0.011486008393994232,2347.02,2233.72,2148.26,1826.83,2063.38,2087.08,2089.74
2026-02-08T00:00:00,2347.01,2233.72,2148.25,1826.83,2063.37,2087.08,2359.88,2295.74,2173.77,2093.94,2121.7,2152.03,2110,2076.68,1818.18,1747.8,1994.57,2064.1,1321099.387,1264743.43,1952286.695,2102311.557,1142616.449,482837.2515,2.981630480120865E9,2.756607838332894E9,3.895174109785863E9,4.099448671011839E9,2.350131251111509E9,1.015368967858894E9,11643770,10912540,13667587,12362731,7938360,4379045,666418.2157,609896.0952,967965.2824,1189792.576,548585.9421,228020.7596,1.505015892495484E9,1.325924462845477E9,1.933830694362923E9,2.323481388750452E9,1.128556150777751E9,4.79809411995975E8,-0.048273981,-0.038259048,-0.149623416,0.1294865970013631,0.011486008393994232,0.001274508,2233.72,2148.26,1826.83,2063.38,2087.08,2089.74,2347.01,2233.72,2148.25,1826.83,2063.37,2087.08,2359.88,2295.74,2173.77,2093.94,2121.7,2152.03,2110,2076.68,1818.18,1747.8,1994.57,2064.1,1321099.387,1264743.43,1952286.695,2102311.557,1142616.449,482837.2515,2.981630480120865E9,2.756607838332894E9,3.895174109785863E9,4.099448671011839E9,2.350131251111509E9,1.015368967858894E9,11643770,10912540,13667587,12362731,7938360,4379045,666418.2157,609896.0952,967965.2824,1189792.576,548585.9421,228020.7596,1.505015892495484E9,1.325924462845477E9,1.933830694362923E9,2.323481388750452E9,1.128556150777751E9,4.79809411995975E8,-0.048273981,-0.038259048,-0.149623416,0.1294865970013631,0.011486008393994232,0.001274508,2233.72,2148.26,1826.83,2063.38,2087.08,2089.74,2105.02
2026-02-09T00:00:00,2233.72,2148.25,1826.83,2063.37,2087.08,2089.73,2295.74,2173.77,2093.94,2121.7,2152.03,2147.73,2076.68,1818.18,1747.8,1994.57,2064.1,2008.62,1264743.43,1952286.695,2102311.557,1142616.449,482837.2515,625378.5569,2.756607838332894E9,3.895174109785863E9,4.099448671011839E9,2.350131251111509E9,1.015368967858894E9,1.299316807805279E9,10912540,13667587,12362731,7938360,4379045,6331904,609896.0952,967965.2824,1189792.576,548585.9421,228020.7596,315446.5313,1.325924462845477E9,1.933830694362923E9,2.323481388750452E9,1.128556150777751E9,4.79809411995975E8,6.55569971226274E8,-0.038259048,-0.149623416,0.1294865970013631,0.011486008393994232,0.001274508,0.007311914,2148.26,1826.83,2063.38,2087.08,2089.74,2105.02,2233.72,2148.25,1826.83,2063.37,2087.08,2089.73,2295.74,2173.77,2093.94,2121.7,2152.03,2147.73,2076.68,1818.18,1747.8,1994.57,2064.1,2008.62,1264743.43,1952286.695,2102311.557,1142616.449,482837.2515,625378.5569,2.756607838332894E9,3.895174109785863E9,4.099448671011839E9,2.350131251111509E9,1.015368967858894E9,1.299316807805279E9,10912540,13667587,12362731,7938360,4379045,6331904,609896.0952,967965.2824,1189792.576,548585.9421,228020.7596,315446.5313,1.325924462845477E9,1.933830694362923E9,2.323481388750452E9,1.128556150777751E9,4.79809411995975E8,6.55569971226274E8,-0.038259048,-0.149623416,0.1294865970013631,0.011486008393994232,0.001274508,0.007311914,2148.26,1826.83,2063.38,2087.08,2089.74,2105.02,2022.67
2026-02-10T00:00:00,2148.25,1826.83,2063.37,2087.08,2089.73,2105.02,2173.77,2093.94,2121.7,2152.03,2147.73,2124.71,1818.18,1747.8,1994.57,2064.1,2008.62,1989.38,1952286.695,2102311.557,1142616.449,482837.2515,625378.5569,574321.6908,3.895174109785863E9,4.099448671011839E9,2.350131251111509E9,1.015368967858894E9,1.299316807805279E9,1.163710989708572E9,13667587,12362731,7938360,4379045,6331904,5159394,967965.2824,1189792.576,548585.9421,228020.7596,315446.5313,276990.265,1.933830694362923E9,2.323481388750452E9,1.128556150777751E9,4.79809411995975E8,6.55569971226274E8,5.6097501104426E8,-0.149623416,0.1294865970013631,0.011486008393994232,0.001274508,0.007311914,-0.039120768,1826.83,2063.38,2087.08,2089.74,2105.02,2022.67,2148.25,1826.83,2063.37,2087.08,2089.73,2105.02,2173.77,2093.94,2121.7,2152.03,2147.73,2124.71,1818.18,1747.8,1994.57,2064.1,2008.62,1989.38,1952286.695,2102311.557,1142616.449,482837.2515,625378.5569,574321.6908,3.895174109785863E9,4.099448671011839E9,2.350131251111509E9,1.015368967858894E9,1.299316807805279E9,1.163710989708572E9,13667587,12362731,7938360,4379045,6331904,5159394,967965.2824,1189792.576,548585.9421,228020.7596,315446.5313,276990.265,1.933830694362923E9,2.323481388750452E9,1.128556150777751E9,4.79809411995975E8,6.55569971226274E8,5.6097501104426E8,-0.149623416,0.1294865970013631,0.011486008393994232,0.001274508,0.007311914,-0.039120768,1826.83,2063.38,2087.08,2089.74,2105.02,2022.67,1941.18
2026-02-11T00:00:00,1826.83,2063.37,2087.08,2089.73,2105.02,2022.67,2093.94,2121.7,2152.03,2147.73,2124.71,2032.31,1747.8,1994.57,2064.1,2008.62,1989.38,1903.19,2102311.557,1142616.449,482837.2515,625378.5569,574321.6908,529655.8177,4.099448671011839E9,2.350131251111509E9,1.015368967858894E9,1.299316807805279E9,1.163710989708572E9,1.036100476102876E9,12362731,7938360,4379045,6331904,5159394,6450810,1189792.576,548585.9421,228020.7596,315446.5313,276990.265,259017.7416,2.323481388750452E9,1.128556150777751E9,4.79809411995975E8,6.55569971226274E8,5.6097501104426E8,5.06650635748852E8,0.1294865970013631,0.011486008393994232,0.001274508,0.007311914,-0.039120768,-0.040288332,2063.38,2087.08,2089.74,2105.02,2022.67,1941.18,1826.83,2063.37,2087.08,2089.73,2105.02,2022.67,2093.94,2121.7,2152.03,2147.73,2124.71,2032.31,1747.8,1994.57,2064.1,2008.62,1989.38,1903.19,2102311.557,1142616.449,482837.2515,625378.5569,574321.6908,529655.8177,4.099448671011839E9,2.350131251111509E9,1.015368967858894E9,1.299316807805279E9,1.163710989708572E9,1.036100476102876E9,12362731,7938360,4379045,6331904,5159394,6450810,1189792.576,548585.9421,228020.7596,315446.5313,276990.265,259017.7416,2.323481388750452E9,1.128556150777751E9,4.79809411995975E8,6.55569971226274E8,5.6097501104426E8,5.06650635748852E8,0.1294865970013631,0.011486008393994232,0.001274508,0.007311914,-0.039120768,-0.040288332,2063.38,2087.08,2089.74,2105.02,2022.67,1941.18,1947.85
2026-02-12T00:00:00,2063.37,2087.08,2089.73,2105.02,2022.67,1941.19,2121.7,2152.03,2147.73,2124.71,2032.31,2001.42,1994.57,2064.1,2008.62,1989.38,1903.19,1897.24,1142616.449,482837.2515,625378.5569,574321.6908,529655.8177,427567.1469,2.350131251111509E9,1.015368967858894E9,1.299316807805279E9,1.163710989708572E9,1.036100476102876E9,8.33481568532024E8,7938360,4379045,6331904,5159394,6450810,5262808,548585.9421,228020.7596,315446.5313,276990.265,259017.7416,212467.499,1.128556150777751E9,4.79809411995975E8,6.55569971226274E8,5.6097501104426E8,5.06650635748852E8,4.14232137149514E8,0.011486008393994232,0.001274508,0.007311914,-0.039120768,-0.040288332,0.003436054,2087.08,2089.74,2105.02,2022.67,1941.18,1947.85,2063.37,2087.08,2089.73,2105.02,2022.67,1941.19,2121.7,2152.03,2147.73,2124.71,2032.31,2001.42,1994.57,2064.1,2008.62,1989.38,1903.19,1897.24,1142616.449,482837.2515,625378.5569,574321.6908,529655.8177,427567.1469,2.350131251111509E9,1.015368967858894E9,1.299316807805279E9,1.163710989708572E9,1.036100476102876E9,8.33481568532024E8,7938360,4379045,6331904,5159394,6450810,5262808,548585.9421,228020.7596,315446.5313,276990.265,259017.7416,212467.499,1.128556150777751E9,4.79809411995975E8,6.55569971226274E8,5.6097501104426E8,5.06650635748852E8,4.14232137149514E8,0.011486008393994232,0.001274508,0.007311914,-0.039120768,-0.040288332,0.003436054,2087.08,2089.74,2105.02,2022.67,1941.18,1947.85,2048.72
2026-02-13T00:00:00,2087.08,2089.73,2105.02,2022.67,1941.19,1947.85,2152.03,2147.73,2124.71,2032.31,2001.42,2073.68,2064.1,2008.62,1989.38,1903.19,1897.24,1924.72,482837.2515,625378.5569,574321.6908,529655.8177,427567.1469,425649.7698,1.015368967858894E9,1.299316807805279E9,1.163710989708572E9,1.036100476102876E9,8.33481568532024E8,8.5090779120718E8,4379045,6331904,5159394,6450810,5262808,4695571,228020.7596,315446.5313,276990.265,259017.7416,212467.499,215643.6192,4.79809411995975E8,6.55569971226274E8,5.6097501104426E8,5.06650635748852E8,4.14232137149514E8,4.31290771892009E8,0.001274508,0.007311914,-0.039120768,-0.040288332,0.003436054,0.051785302,2089.74,2105.02,2022.67,1941.18,1947.85,2048.72,2087.08,2089.73,2105.02,2022.67,1941.19,1947.85,2152.03,2147.73,2124.71,2032.31,2001.42,2073.68,2064.1,2008.62,1989.38,1903.19,1897.24,1924.72,482837.2515,625378.5569,574321.6908,529655.8177,427567.1469,425649.7698,1.015368967858894E9,1.299316807805279E9,1.163710989708572E9,1.036100476102876E9,8.33481568532024E8,8.5090779120718E8,4379045,6331904,5159394,6450810,5262808,4695571,228020.7596,315446.5313,276990.265,259017.7416,212467.499,215643.6192,4.79809411995975E8,6.55569971226274E8,5.6097501104426E8,5.06650635748852E8,4.14232137149514E8,4.31290771892009E8,0.001274508,0.007311914,-0.039120768,-0.040288332,0.003436054,0.051785302,2089.74,2105.02,2022.67,1941.18,1947.85,2048.72,2086.59
2026-02-14T00:00:00,2089.73,2105.02,2022.67,1941.19,1947.85,2048.72,2147.73,2124.71,2032.31,2001.42,2073.68,2107.67,2008.62,1989.38,1903.19,1897.24,1924.72,2042.37,625378.5569,574321.6908,529655.8177,427567.1469,425649.7698,220677.2355,1.299316807805279E9,1.163710989708572E9,1.036100476102876E9,8.33481568532024E8,8.5090779120718E8,4.58319230494356E8,6331904,5159394,6450810,5262808,4695571,2720271,315446.5313,276990.265,259017.7416,212467.499,215643.6192,110065.542,6.55569971226274E8,5.6097501104426E8,5.06650635748852E8,4.14232137149514E8,4.31290771892009E8,2.28627817282618E8,0.007311914,-0.039120768,-0.040288332,0.003436054,0.051785302,0.018484712,2105.02,2022.67,1941.18,1947.85,2048.72,2086.59,2089.73,2105.02,2022.67,1941.19,1947.85,2048.72,2147.73,2124.71,2032.31,2001.42,2073.68,2107.67,2008.62,1989.38,1903.19,1897.24,1924.72,2042.37,625378.5569,574321.6908,529655.8177,427567.1469,425649.7698,220677.2355,1.299316807805279E9,1.163710989708572E9,1.036100476102876E9,8.33481568532024E8,8.5090779120718E8,4.58319230494356E8,6331904,5159394,6450810,5262808,4695571,2720271,315446.5313,276990.265,259017.7416,212467.499,215643.6192,110065.542,6.55569971226274E8,5.6097501104426E8,5.06650635748852E8,4.14232137149514E8,4.31290771892009E8,2.28627817282618E8,0.007311914,-0.039120768,-0.040288332,0.003436054,0.051785302,0.018484712,2105.02,2022.67,1941.18,1947.85,2048.72,2086.59,1966.58
2026-02-15T00:00:00,2105.02,2022.67,1941.19,1947.85,2048.72,2086.59,2124.71,2032.31,2001.42,2073.68,2107.67,2103.32,1989.38,1903.19,1897.24,1924.72,2042.37,1928.88,574321.6908,529655.8177,427567.1469,425649.7698,220677.2355,834778.0952,1.163710989708572E9,1.036100476102876E9,8.33481568532024E8,8.5090779120718E8,4.58319230494356E8,1.680654508880478E9,5159394,6450810,5262808,4695571,2720271,5864311,276990.265,259017.7416,212467.499,215643.6192,110065.542,323503.2298,5.6097501104426E8,5.06650635748852E8,4.14232137149514E8,4.31290771892009E8,2.28627817282618E8,6.51093452905736E8,-0.039120768,-0.040288332,0.003436054,0.051785302,0.018484712,-0.057514893,2022.67,1941.18,1947.85,2048.72,2086.59,1966.58,2105.02,2022.67,1941.19,1947.85,2048.72,2086.59,2124.71,2032.31,2001.42,2073.68,2107.67,2103.32,1989.38,1903.19,1897.24,1924.72,2042.37,1928.88,574321.6908,529655.8177,427567.1469,425649.7698,220677.2355,834778.0952,1.163710989708572E9,1.036100476102876E9,8.33481568532024E8,8.5090779120718E8,4.58319230494356E8,1.680654508880478E9,5159394,6450810,5262808,4695571,2720271,5864311,276990.265,259017.7416,212467.499,215643.6192,110065.542,323503.2298,5.6097501104426E8,5.06650635748852E8,4.14232137149514E8,4.31290771892009E8,2.28627817282618E8,6.51093452905736E8,-0.039120768,-0.040288332,0.003436054,0.051785302,0.018484712,-0.057514893,2022.67,1941.18,1947.85,2048.72,2086.59,1966.58,1998.33
2026-02-16T00:00:00,2022.67,1941.19,1947.85,2048.72,2086.59,1966.59,2032.31,2001.42,2073.68,2107.67,2103.32,2023.51,1903.19,1897.24,1924.72,2042.37,1928.88,1937.24,529655.8177,427567.1469,425649.7698,220677.2355,834778.0952,351347.9433,1.036100476102876E9,8.33481568532024E8,8.5090779120718E8,4.58319230494356E8,1.680654508880478E9,6.94116360940269E8,6450810,5262808,4695571,2720271,5864311,4476026,259017.7416,212467.499,215643.6192,110065.542,323503.2298,178158.7858,5.06650635748852E8,4.14232137149514E8,4.31290771892009E8,2.28627817282618E8,6.51093452905736E8,3.52070618301827E8,-0.040288332,0.003436054,0.051785302,0.018484712,-0.057514893,0.016144779,1941.18,1947.85,2048.72,2086.59,1966.58,1998.33,2022.67,1941.19,1947.85,2048.72,2086.59,1966.59,2032.31,2001.42,2073.68,2107.67,2103.32,2023.51,1903.19,1897.24,1924.72,2042.37,1928.88,1937.24,529655.8177,427567.1469,425649.7698,220677.2355,834778.0952,351347.9433,1.036100476102876E9,8.33481568532024E8,8.5090779120718E8,4.58319230494356E8,1.680654508880478E9,6.94116360940269E8,6450810,5262808,4695571,2720271,5864311,4476026,259017.7416,212467.499,215643.6192,110065.542,323503.2298,178158.7858,5.06650635748852E8,4.14232137149514E8,4.31290771892009E8,2.28627817282618E8,6.51093452905736E8,3.52070618301827E8,-0.040288332,0.003436054,0.051785302,0.018484712,-0.057514893,0.016144779,1941.18,1947.85,2048.72,2086.59,1966.58,1998.33,1991.66
2026-02-17T00:00:00,1941.19,1947.85,2048.72,2086.59,1966.59,1998.34,2001.42,2073.68,2107.67,2103.32,2023.51,2015.33,1897.24,1924.72,2042.37,1928.88,1937.24,1941.66,427567.1469,425649.7698,220677.2355,834778.0952,351347.9433,406246.9427,8.33481568532024E8,8.5090779120718E8,4.58319230494356E8,1.680654508880478E9,6.94116360940269E8,8.04961298709777E8,5262808,4695571,2720271,5864311,4476026,6420841,212467.499,215643.6192,110065.542,323503.2298,178158.7858,196947.7031,4.14232137149514E8,4.31290771892009E8,2.28627817282618E8,6.51093452905736E8,3.52070618301827E8,3.90162604367408E8,0.003436054,0.051785302,0.018484712,-0.057514893,0.016144779,-0.003337787,1947.85,2048.72,2086.59,1966.58,1998.33,1991.66,1941.19,1947.85,2048.72,2086.59,1966.59,1998.34,2001.42,2073.68,2107.67,2103.32,2023.51,2015.33,1897.24,1924.72,2042.37,1928.88,1937.24,1941.66,427567.1469,425649.7698,220677.2355,834778.0952,351347.9433,406246.9427,8.33481568532024E8,8.5090779120718E8,4.58319230494356E8,1.680654508880478E9,6.94116360940269E8,8.04961298709777E8,5262808,4695571,2720271,5864311,4476026,6420841,212467.499,215643.6192,110065.542,323503.2298,178158.7858,196947.7031,4.14232137149514E8,4.31290771892009E8,2.28627817282618E8,6.51093452905736E8,3.52070618301827E8,3.90162604367408E8,0.003436054,0.051785302,0.018484712,-0.057514893,0.016144779,-0.003337787,1947.85,2048.72,2086.59,1966.58,1998.33,1991.66,1955.91
2026-02-18T00:00:00,1947.85,2048.72,2086.59,1966.59,1998.34,1991.67,2073.68,2107.67,2103.32,2023.51,2015.33,2039.05,1924.72,2042.37,1928.88,1937.24,1941.66,1923.78,425649.7698,220677.2355,834778.0952,351347.9433,406246.9427,393639.0086,8.5090779120718E8,4.58319230494356E8,1.680654508880478E9,6.94116360940269E8,8.04961298709777E8,7.78491630599568E8,4695571,2720271,5864311,4476026,6420841,5176537,215643.6192,110065.542,323503.2298,178158.7858,196947.7031,191523.6119,4.31290771892009E8,2.28627817282618E8,6.51093452905736E8,3.52070618301827E8,3.90162604367408E8,3.78687588779843E8,0.051785302,0.018484712,-0.057514893,0.016144779,-0.003337787,-0.017949851,2048.72,2086.59,1966.58,1998.33,1991.66,1955.91,1947.85,2048.72,2086.59,1966.59,1998.34,1991.67,2073.68,2107.67,2103.32,2023.51,2015.33,2039.05,1924.72,2042.37,1928.88,1937.24,1941.66,1923.78,425649.7698,220677.2355,834778.0952,351347.9433,406246.9427,393639.0086,8.5090779120718E8,4.58319230494356E8,1.680654508880478E9,6.94116360940269E8,8.04961298709777E8,7.78491630599568E8,4695571,2720271,5864311,4476026,6420841,5176537,215643.6192,110065.542,323503.2298,178158.7858,196947.7031,191523.6119,4.31290771892009E8,2.28627817282618E8,6.51093452905736E8,3.52070618301827E8,3.90162604367408E8,3.78687588779843E8,0.051785302,0.018484712,-0.057514893,0.016144779,-0.003337787,-0.017949851,2048.72,2086.59,1966.58,1998.33,1991.66,1955.91,1949.08
2026-02-19T00:00:00,2048.72,2086.59,1966.59,1998.34,1991.67,1955.9,2107.67,2103.32,2023.51,2015.33,2039.05,1987.55,2042.37,1928.88,1937.24,1941.66,1923.78,1907,220677.2355,834778.0952,351347.9433,406246.9427,393639.0086,300257.0733,4.58319230494356E8,1.680654508880478E9,6.94116360940269E8,8.04961298709777E8,7.78491630599568E8,5.83869775947742E8,2720271,5864311,4476026,6420841,5176537,3793608,110065.542,323503.2298,178158.7858,196947.7031,191523.6119,142030.3122,2.28627817282618E8,6.51093452905736E8,3.52070618301827E8,3.90162604367408E8,3.78687588779843E8,2.76036975737437E8,0.018484712,-0.057514893,0.016144779,-0.003337787,-0.017949851,-0.003491981,2086.59,1966.58,1998.33,1991.66,1955.91,1949.08,2048.72,2086.59,1966.59,1998.34,1991.67,1955.9,2107.67,2103.32,2023.51,2015.33,2039.05,1987.55,2042.37,1928.88,1937.24,1941.66,1923.78,1907,220677.2355,834778.0952,351347.9433,406246.9427,393639.0086,300257.0733,4.58319230494356E8,1.680654508880478E9,6.94116360940269E8,8.04961298709777E8,7.78491630599568E8,5.83869775947742E8,2720271,5864311,4476026,6420841,5176537,3793608,110065.542,323503.2298,178158.7858,196947.7031,191523.6119,142030.3122,2.28627817282618E8,6.51093452905736E8,3.52070618301827E8,3.90162604367408E8,3.78687588779843E8,2.76036975737437E8,0.018484712,-0.057514893,0.016144779,-0.003337787,-0.017949851,-0.003491981,2086.59,1966.58,1998.33,1991.66,1955.91,1949.08,1968.88
2026-02-20T00:00:00,2086.59,1966.59,1998.34,1991.67,1955.9,1949.08,2103.32,2023.51,2015.33,2039.05,1987.55,1981.18,1928.88,1937.24,1941.66,1923.78,1907,1922.97,834778.0952,351347.9433,406246.9427,393639.0086,300257.0733,386253.5557,1.680654508880478E9,6.94116360940269E8,8.04961298709777E8,7.78491630599568E8,5.83869775947742E8,7.55968932473526E8,5864311,4476026,6420841,5176537,3793608,3948261,323503.2298,178158.7858,196947.7031,191523.6119,142030.3122,186424.2257,6.51093452905736E8,3.52070618301827E8,3.90162604367408E8,3.78687588779843E8,2.76036975737437E8,3.64867772122704E8,-0.057514893,0.016144779,-0.003337787,-0.017949851,-0.003491981,0.010158638947606144,1966.58,1998.33,1991.66,1955.91,1949.08,1968.88,2086.59,1966.59,1998.34,1991.67,1955.9,1949.08,2103.32,2023.51,2015.33,2039.05,1987.55,1981.18,1928.88,1937.24,1941.66,1923.78,1907,1922.97,834778.0952,351347.9433,406246.9427,393639.0086,300257.0733,386253.5557,1.680654508880478E9,6.94116360940269E8,8.04961298709777E8,7.78491630599568E8,5.83869775947742E8,7.55968932473526E8,5864311,4476026,6420841,5176537,3793608,3948261,323503.2298,178158.7858,196947.7031,191523.6119,142030.3122,186424.2257,6.51093452905736E8,3.52070618301827E8,3.90162604367408E8,3.78687588779843E8,2.76036975737437E8,3.64867772122704E8,-0.057514893,0.016144779,-0.003337787,-0.017949851,-0.003491981,0.010158638947606144,1966.58,1998.33,1991.66,1955.91,1949.08,1968.88,1973.35
2026-02-21T00:00:00,1966.59,1998.34,1991.67,1955.9,1949.08,1968.88,2023.51,2015.33,2039.05,1987.55,1981.18,1995.56,1937.24,1941.66,1923.78,1907,1922.97,1955.62,351347.9433,406246.9427,393639.0086,300257.0733,386253.5557,179173.8456,6.94116360940269E8,8.04961298709777E8,7.78491630599568E8,5.83869775947742E8,7.55968932473526E8,3.54489354648235E8,4476026,6420841,5176537,3793608,3948261,1362230,178158.7858,196947.7031,191523.6119,142030.3122,186424.2257,91535.9107,3.52070618301827E8,3.90162604367408E8,3.78687588779843E8,2.76036975737437E8,3.64867772122704E8,1.81134209820953E8,0.016144779,-0.003337787,-0.017949851,-0.003491981,0.010158638947606144,0.002270326,1998.33,1991.66,1955.91,1949.08,1968.88,1973.35,1966.59,1998.34,1991.67,1955.9,1949.08,1968.88,2023.51,2015.33,2039.05,1987.55,1981.18,1995.56,1937.24,1941.66,1923.78,1907,1922.97,1955.62,351347.9433,406246.9427,393639.0086,300257.0733,386253.5557,179173.8456,6.94116360940269E8,8.04961298709777E8,7.78491630599568E8,5.83869775947742E8,7.55968932473526E8,3.54489354648235E8,4476026,6420841,5176537,3793608,3948261,1362230,178158.7858,196947.7031,191523.6119,142030.3122,186424.2257,91535.9107,3.52070618301827E8,3.90162604367408E8,3.78687588779843E8,2.76036975737437E8,3.64867772122704E8,1.81134209820953E8,0.016144779,-0.003337787,-0.017949851,-0.003491981,0.010158638947606144,0.002270326,1998.33,1991.66,1955.91,1949.08,1968.88,1973.35,1957.82
2026-02-22T00:00:00,1998.34,1991.67,1955.9,1949.08,1968.88,1973.35,2015.33,2039.05,1987.55,1981.18,1995.56,1983.13,1941.66,1923.78,1907,1922.97,1955.62,1935,406246.9427,393639.0086,300257.0733,386253.5557,179173.8456,155325.6482,8.04961298709777E8,7.78491630599568E8,5.83869775947742E8,7.55968932473526E8,3.54489354648235E8,3.04517550298572E8,6420841,5176537,3793608,3948261,1362230,1850073,196947.7031,191523.6119,142030.3122,186424.2257,91535.9107,77240.1124,3.90162604367408E8,3.78687588779843E8,2.76036975737437E8,3.64867772122704E8,1.81134209820953E8,1.51464074945039E8,-0.003337787,-0.017949851,-0.003491981,0.010158638947606144,0.002270326,-0.007869866,1991.66,1955.91,1949.08,1968.88,1973.35,1957.82,1998.34,1991.67,1955.9,1949.08,1968.88,1973.35,2015.33,2039.05,1987.55,1981.18,1995.56,1983.13,1941.66,1923.78,1907,1922.97,1955.62,1935,406246.9427,393639.0086,300257.0733,386253.5557,179173.8456,155325.6482,8.04961298709777E8,7.78491630599568E8,5.83869775947742E8,7.55968932473526E8,3.54489354648235E8,3.04517550298572E8,6420841,5176537,3793608,3948261,1362230,1850073,196947.7031,191523.6119,142030.3122,186424.2257,91535.9107,77240.1124,3.90162604367408E8,3.78687588779843E8,2.76036975737437E8,3.64867772122704E8,1.81134209820953E8,1.51464074945039E8,-0.003337787,-0.017949851,-0.003491981,0.010158638947606144,0.002270326,-0.007869866,1991.66,1955.91,1949.08,1968.88,1973.35,1957.82,1856.3
2026-02-23T00:00:00,1991.67,1955.9,1949.08,1968.88,1973.35,1957.82,2039.05,1987.55,1981.18,1995.56,1983.13,1958.33,1923.78,1907,1922.97,1955.62,1935,1837.13,393639.0086,300257.0733,386253.5557,179173.8456,155325.6482,547359.4869,7.78491630599568E8,5.83869775947742E8,7.55968932473526E8,3.54489354648235E8,3.04517550298572E8,1.031859704045753E9,5176537,3793608,3948261,1362230,1850073,6684753,191523.6119,142030.3122,186424.2257,91535.9107,77240.1124,266498.7851,3.78687588779843E8,2.76036975737437E8,3.64867772122704E8,1.81134209820953E8,1.51464074945039E8,5.02378481411939E8,-0.017949851,-0.003491981,0.010158638947606144,0.002270326,-0.007869866,-0.051853592,1955.91,1949.08,1968.88,1973.35,1957.82,1856.3,1991.67,1955.9,1949.08,1968.88,1973.35,1957.82,2039.05,1987.55,1981.18,1995.56,1983.13,1958.33,1923.78,1907,1922.97,1955.62,1935,1837.13,393639.0086,300257.0733,386253.5557,179173.8456,155325.6482,547359.4869,7.78491630599568E8,5.83869775947742E8,7.55968932473526E8,3.54489354648235E8,3.04517550298572E8,1.031859704045753E9,5176537,3793608,3948261,1362230,1850073,6684753,191523.6119,142030.3122,186424.2257,91535.9107,77240.1124,266498.7851,3.78687588779843E8,2.76036975737437E8,3.64867772122704E8,1.81134209820953E8,1.51464074945039E8,5.02378481411939E8,-0.017949851,-0.003491981,0.010158638947606144,0.002270326,-0.007869866,-0.051853592,1955.91,1949.08,1968.88,1973.35,1957.82,1856.3,1851.94
2026-02-24T00:00:00,1955.9,1949.08,1968.88,1973.35,1957.82,1856.3,1987.55,1981.18,1995.56,1983.13,1958.33,1869.58,1907,1922.97,1955.62,1935,1837.13,1800,300257.0733,386253.5557,179173.8456,155325.6482,547359.4869,438064.0284,5.83869775947742E8,7.55968932473526E8,3.54489354648235E8,3.04517550298572E8,1.031859704045753E9,8.04280693829216E8,3793608,3948261,1362230,1850073,6684753,6607359,142030.3122,186424.2257,91535.9107,77240.1124,266498.7851,205850.4101,2.76036975737437E8,3.64867772122704E8,1.81134209820953E8,1.51464074945039E8,5.02378481411939E8,3.78122255429729E8,-0.003491981,0.010158638947606144,0.002270326,-0.007869866,-0.051853592,-0.002348758,1949.08,1968.88,1973.35,1957.82,1856.3,1851.94,1955.9,1949.08,1968.88,1973.35,1957.82,1856.3,1987.55,1981.18,1995.56,1983.13,1958.33,1869.58,1907,1922.97,1955.62,1935,1837.13,1800,300257.0733,386253.5557,179173.8456,155325.6482,547359.4869,438064.0284,5.83869775947742E8,7.55968932473526E8,3.54489354648235E8,3.04517550298572E8,1.031859704045753E9,8.04280693829216E8,3793608,3948261,1362230,1850073,6684753,6607359,142030.3122,186424.2257,91535.9107,77240.1124,266498.7851,205850.4101,2.76036975737437E8,3.64867772122704E8,1.81134209820953E8,1.51464074945039E8,5.02378481411939E8,3.78122255429729E8,-0.003491981,0.010158638947606144,0.002270326,-0.007869866,-0.051853592,-0.002348758,1949.08,1968.88,1973.35,1957.82,1856.3,1851.94,2057.48
2026-02-25T00:00:00,1949.08,1968.88,1973.35,1957.82,1856.3,1851.95,1981.18,1995.56,1983.13,1958.33,1869.58,2148.39,1922.97,1955.62,1935,1837.13,1800,1846.74,386253.5557,179173.8456,155325.6482,547359.4869,438064.0284,682979.4378,7.55968932473526E8,3.54489354648235E8,3.04517550298572E8,1.031859704045753E9,8.04280693829216E8,1.366356333151672E9,3948261,1362230,1850073,6684753,6607359,9024746,186424.2257,91535.9107,77240.1124,266498.7851,205850.4101,343230.549,3.64867772122704E8,1.81134209820953E8,1.51464074945039E8,5.02378481411939E8,3.78122255429729E8,6.86156732823848E8,0.010158638947606144,0.002270326,-0.007869866,-0.051853592,-0.002348758,0.11098631705130833,1968.88,1973.35,1957.82,1856.3,1851.94,2057.48,1949.08,1968.88,1973.35,1957.82,1856.3,1851.95,1981.18,1995.56,1983.13,1958.33,1869.58,2148.39,1922.97,1955.62,1935,1837.13,1800,1846.74,386253.5557,179173.8456,155325.6482,547359.4869,438064.0284,682979.4378,7.55968932473526E8,3.54489354648235E8,3.04517550298572E8,1.031859704045753E9,8.04280693829216E8,1.366356333151672E9,3948261,1362230,1850073,6684753,6607359,9024746,186424.2257,91535.9107,77240.1124,266498.7851,205850.4101,343230.549,3.64867772122704E8,1.81134209820953E8,1.51464074945039E8,5.02378481411939E8,3.78122255429729E8,6.86156732823848E8,0.010158638947606144,0.002270326,-0.007869866,-0.051853592,-0.002348758,0.11098631705130833,1968.88,1973.35,1957.82,1856.3,1851.94,2057.48,2027.68
2026-02-26T00:00:00,1968.88,1973.35,1957.82,1856.3,1851.95,2057.48,1995.56,1983.13,1958.33,1869.58,2148.39,2083.33,1955.62,1935,1837.13,1800,1846.74,1975.35,179173.8456,155325.6482,547359.4869,438064.0284,682979.4378,439783.3566,3.54489354648235E8,3.04517550298572E8,1.031859704045753E9,8.04280693829216E8,1.366356333151672E9,8.97062353242189E8,1362230,1850073,6684753,6607359,9024746,7142316,91535.9107,77240.1124,266498.7851,205850.4101,343230.549,224781.9099,1.81134209820953E8,1.51464074945039E8,5.02378481411939E8,3.78122255429729E8,6.86156732823848E8,4.58691743982327E8,0.002270326,-0.007869866,-0.051853592,-0.002348758,0.11098631705130833,-0.014483737,1973.35,1957.82,1856.3,1851.94,2057.48,2027.68,1968.88,1973.35,1957.82,1856.3,1851.95,2057.48,1995.56,1983.13,1958.33,1869.58,2148.39,2083.33,1955.62,1935,1837.13,1800,1846.74,1975.35,179173.8456,155325.6482,547359.4869,438064.0284,682979.4378,439783.3566,3.54489354648235E8,3.04517550298572E8,1.031859704045753E9,8.04280693829216E8,1.366356333151672E9,8.97062353242189E8,1362230,1850073,6684753,6607359,9024746,7142316,91535.9107,77240.1124,266498.7851,205850.4101,343230.549,224781.9099,1.81134209820953E8,1.51464074945039E8,5.02378481411939E8,3.78122255429729E8,6.86156732823848E8,4.58691743982327E8,0.002270326,-0.007869866,-0.051853592,-0.002348758,0.11098631705130833,-0.014483737,1973.35,1957.82,1856.3,1851.94,2057.48,2027.68,1929.84
2026-02-27T00:00:00,1973.35,1957.82,1856.3,1851.95,2057.48,2027.68,1983.13,1958.33,1869.58,2148.39,2083.33,2063.52,1935,1837.13,1800,1846.74,1975.35,1887,155325.6482,547359.4869,438064.0284,682979.4378,439783.3566,428687.234,3.04517550298572E8,1.031859704045753E9,8.04280693829216E8,1.366356333151672E9,8.97062353242189E8,8.46919721884444E8,1850073,6684753,6607359,9024746,7142316,5213158,77240.1124,266498.7851,205850.4101,343230.549,224781.9099,214287.6264,1.51464074945039E8,5.02378481411939E8,3.78122255429729E8,6.86156732823848E8,4.58691743982327E8,4.22880876500186E8,-0.007869866,-0.051853592,-0.002348758,0.11098631705130833,-0.014483737,-0.04825219,1957.82,1856.3,1851.94,2057.48,2027.68,1929.84,1973.35,1957.82,1856.3,1851.95,2057.48,2027.68,1983.13,1958.33,1869.58,2148.39,2083.33,2063.52,1935,1837.13,1800,1846.74,1975.35,1887,155325.6482,547359.4869,438064.0284,682979.4378,439783.3566,428687.234,3.04517550298572E8,1.031859704045753E9,8.04280693829216E8,1.366356333151672E9,8.97062353242189E8,8.46919721884444E8,1850073,6684753,6607359,9024746,7142316,5213158,77240.1124,266498.7851,205850.4101,343230.549,224781.9099,214287.6264,1.51464074945039E8,5.02378481411939E8,3.78122255429729E8,6.86156732823848E8,4.58691743982327E8,4.22880876500186E8,-0.007869866,-0.051853592,-0.002348758,0.11098631705130833,-0.014483737,-0.04825219,1957.82,1856.3,1851.94,2057.48,2027.68,1929.84,1964.51
2026-02-28T00:00:00,1957.82,1856.3,1851.95,2057.48,2027.68,1929.84,1958.33,1869.58,2148.39,2083.33,2063.52,1984.99,1837.13,1800,1846.74,1975.35,1887,1835.36,547359.4869,438064.0284,682979.4378,439783.3566,428687.234,461680.9835,1.031859704045753E9,8.04280693829216E8,1.366356333151672E9,8.97062353242189E8,8.46919721884444E8,8.77128283233712E8,6684753,6607359,9024746,7142316,5213158,6186042,266498.7851,205850.4101,343230.549,224781.9099,214287.6264,229978.4238,5.02378481411939E8,3.78122255429729E8,6.86156732823848E8,4.58691743982327E8,4.22880876500186E8,4.37053523083052E8,-0.051853592,-0.002348758,0.11098631705130833,-0.014483737,-0.04825219,0.01796522,1856.3,1851.94,2057.48,2027.68,1929.84,1964.51,1957.82,1856.3,1851.95,2057.48,2027.68,1929.84,1958.33,1869.58,2148.39,2083.33,2063.52,1984.99,1837.13,1800,1846.74,1975.35,1887,1835.36,547359.4869,438064.0284,682979.4378,439783.3566,428687.234,461680.9835,1.031859704045753E9,8.04280693829216E8,1.366356333151672E9,8.97062353242189E8,8.46919721884444E8,8.77128283233712E8,6684753,6607359,9024746,7142316,5213158,6186042,266498.7851,205850.4101,343230.549,224781.9099,214287.6264,229978.4238,5.02378481411939E8,3.78122255429729E8,6.86156732823848E8,4.58691743982327E8,4.22880876500186E8,4.37053523083052E8,-0.051853592,-0.002348758,0.11098631705130833,-0.014483737,-0.04825219,0.01796522,1856.3,1851.94,2057.48,2027.68,1929.84,1964.51,1939.71
2026-03-01T00:00:00,1856.3,1851.95,2057.48,2027.68,1929.84,1964.51,1869.58,2148.39,2083.33,2063.52,1984.99,2054.8,1800,1846.74,1975.35,1887,1835.36,1907.41,438064.0284,682979.4378,439783.3566,428687.234,461680.9835,529196.8464,8.04280693829216E8,1.366356333151672E9,8.97062353242189E8,8.46919721884444E8,8.77128283233712E8,1.051030823789445E9,6607359,9024746,7142316,5213158,6186042,6616298,205850.4101,343230.549,224781.9099,214287.6264,229978.4238,254547.6476,3.78122255429729E8,6.86156732823848E8,4.58691743982327E8,4.22880876500186E8,4.37053523083052E8,5.05531901718655E8,-0.002348758,0.11098631705130833,-0.014483737,-0.04825219,0.01796522,-0.012624013,1851.94,2057.48,2027.68,1929.84,1964.51,1939.71,1856.3,1851.95,2057.48,2027.68,1929.84,1964.51,1869.58,2148.39,2083.33,2063.52,1984.99,2054.8,1800,1846.74,1975.35,1887,1835.36,1907.41,438064.0284,682979.4378,439783.3566,428687.234,461680.9835,529196.8464,8.04280693829216E8,1.366356333151672E9,8.97062353242189E8,8.46919721884444E8,8.77128283233712E8,1.051030823789445E9,6607359,9024746,7142316,5213158,6186042,6616298,205850.4101,343230.549,224781.9099,214287.6264,229978.4238,254547.6476,3.78122255429729E8,6.86156732823848E8,4.58691743982327E8,4.22880876500186E8,4.37053523083052E8,5.05531901718655E8,-0.002348758,0.11098631705130833,-0.014483737,-0.04825219,0.01796522,-0.012624013,1851.94,2057.48,2027.68,1929.84,1964.51,1939.71,2027.35
2026-03-02T00:00:00,1851.95,2057.48,2027.68,1929.84,1964.51,1939.71,2148.39,2083.33,2063.52,1984.99,2054.8,2090,1846.74,1975.35,1887,1835.36,1907.41,1920,682979.4378,439783.3566,428687.234,461680.9835,529196.8464,577406.3749,1.366356333151672E9,8.97062353242189E8,8.46919721884444E8,8.77128283233712E8,1.051030823789445E9,1.154427554493893E9,9024746,7142316,5213158,6186042,6616298,9343785,343230.549,224781.9099,214287.6264,229978.4238,254547.6476,299199.2494,6.86156732823848E8,4.58691743982327E8,4.22880876500186E8,4.37053523083052E8,5.05531901718655E8,5.98658734971255E8,0.11098631705130833,-0.014483737,-0.04825219,0.01796522,-0.012624013,0.045182011744023524,2057.48,2027.68,1929.84,1964.51,1939.71,2027.35,1851.95,2057.48,2027.68,1929.84,1964.51,1939.71,2148.39,2083.33,2063.52,1984.99,2054.8,2090,1846.74,1975.35,1887,1835.36,1907.41,1920,682979.4378,439783.3566,428687.234,461680.9835,529196.8464,577406.3749,1.366356333151672E9,8.97062353242189E8,8.46919721884444E8,8.77128283233712E8,1.051030823789445E9,1.154427554493893E9,9024746,7142316,5213158,6186042,6616298,9343785,343230.549,224781.9099,214287.6264,229978.4238,254547.6476,299199.2494,6.86156732823848E8,4.58691743982327E8,4.22880876500186E8,4.37053523083052E8,5.05531901718655E8,5.98658734971255E8,0.11098631705130833,-0.014483737,-0.04825219,0.01796522,-0.012624013,0.045182011744023524,2057.48,2027.68,1929.84,1964.51,1939.71,2027.35,1982.8
2026-03-03T00:00:00,2057.48,2027.68,1929.84,1964.51,1939.71,2027.34,2083.33,2063.52,1984.99,2054.8,2090,2041.48,1975.35,1887,1835.36,1907.41,1920,1929.56,439783.3566,428687.234,461680.9835,529196.8464,577406.3749,509329.8534,8.97062353242189E8,8.46919721884444E8,8.77128283233712E8,1.051030823789445E9,1.154427554493893E9,1.007923347106694E9,7142316,5213158,6186042,6616298,9343785,8311355,224781.9099,214287.6264,229978.4238,254547.6476,299199.2494,254251.3309,4.58691743982327E8,4.22880876500186E8,4.37053523083052E8,5.05531901718655E8,5.98658734971255E8,5.03251034902722E8,-0.014483737,-0.04825219,0.01796522,-0.012624013,0.045182011744023524,-0.021974499,2027.68,1929.84,1964.51,1939.71,2027.35,1982.8,2057.48,2027.68,1929.84,1964.51,1939.71,2027.34,2083.33,2063.52,1984.99,2054.8,2090,2041.48,1975.35,1887,1835.36,1907.41,1920,1929.56,439783.3566,428687.234,461680.9835,529196.8464,577406.3749,509329.8534,8.97062353242189E8,8.46919721884444E8,8.77128283233712E8,1.051030823789445E9,1.154427554493893E9,1.007923347106694E9,7142316,5213158,6186042,6616298,9343785,8311355,224781.9099,214287.6264,229978.4238,254547.6476,299199.2494,254251.3309,4.58691743982327E8,4.22880876500186E8,4.37053523083052E8,5.05531901718655E8,5.98658734971255E8,5.03251034902722E8,-0.014483737,-0.04825219,0.01796522,-0.012624013,0.045182011744023524,-0.021974499,2027.68,1929.84,1964.51,1939.71,2027.35,1982.8,2127.28
2026-03-04T00:00:00,2027.68,1929.84,1964.51,1939.71,2027.34,1982.81,2063.52,1984.99,2054.8,2090,2041.48,2199,1887,1835.36,1907.41,1920,1929.56,1945.08,428687.234,461680.9835,529196.8464,577406.3749,509329.8534,737644.8152,8.46919721884444E8,8.77128283233712E8,1.051030823789445E9,1.154427554493893E9,1.007923347106694E9,1.537991054004056E9,5213158,6186042,6616298,9343785,8311355,9527323,214287.6264,229978.4238,254547.6476,299199.2494,254251.3309,368171.8559,4.22880876500186E8,4.37053523083052E8,5.05531901718655E8,5.98658734971255E8,5.03251034902722E8,7.67713624115772E8,-0.04825219,0.01796522,-0.012624013,0.045182011744023524,-0.021974499,0.072866653,1929.84,1964.51,1939.71,2027.35,1982.8,2127.28,2027.68,1929.84,1964.51,1939.71,2027.34,1982.81,2063.52,1984.99,2054.8,2090,2041.48,2199,1887,1835.36,1907.41,1920,1929.56,1945.08,428687.234,461680.9835,529196.8464,577406.3749,509329.8534,737644.8152,8.46919721884444E8,8.77128283233712E8,1.051030823789445E9,1.154427554493893E9,1.007923347106694E9,1.537991054004056E9,5213158,6186042,6616298,9343785,8311355,9527323,214287.6264,229978.4238,254547.6476,299199.2494,254251.3309,368171.8559,4.22880876500186E8,4.37053523083052E8,5.05531901718655E8,5.98658734971255E8,5.03251034902722E8,7.67713624115772E8,-0.04825219,0.01796522,-0.012624013,0.045182011744023524,-0.021974499,0.072866653,1929.84,1964.51,1939.71,2027.35,1982.8,2127.28,2072.86
2026-03-05T00:00:00,1929.84,1964.51,1939.71,2027.34,1982.81,2127.28,1984.99,2054.8,2090,2041.48,2199,2163.66,1835.36,1907.41,1920,1929.56,1945.08,2054.75,461680.9835,529196.8464,577406.3749,509329.8534,737644.8152,432157.8126,8.77128283233712E8,1.051030823789445E9,1.154427554493893E9,1.007923347106694E9,1.537991054004056E9,9.09578852988923E8,6186042,6616298,9343785,8311355,9527323,6753565,229978.4238,254547.6476,299199.2494,254251.3309,368171.8559,205453.4958,4.37053523083052E8,5.05531901718655E8,5.98658734971255E8,5.03251034902722E8,7.67713624115772E8,4.32642648347527E8,0.01796522,-0.012624013,0.045182011744023524,-0.021974499,0.072866653,-0.025581964,1964.51,1939.71,2027.35,1982.8,2127.28,2072.86,1929.84,1964.51,1939.71,2027.34,1982.81,2127.28,1984.99,2054.8,2090,2041.48,2199,2163.66,1835.36,1907.41,1920,1929.56,1945.08,2054.75,461680.9835,529196.8464,577406.3749,509329.8534,737644.8152,432157.8126,8.77128283233712E8,1.051030823789445E9,1.154427554493893E9,1.007923347106694E9,1.537991054004056E9,9.09578852988923E8,6186042,6616298,9343785,8311355,9527323,6753565,229978.4238,254547.6476,299199.2494,254251.3309,368171.8559,205453.4958,4.37053523083052E8,5.05531901718655E8,5.98658734971255E8,5.03251034902722E8,7.67713624115772E8,4.32642648347527E8,0.01796522,-0.012624013,0.045182011744023524,-0.021974499,0.072866653,-0.025581964,1964.51,1939.71,2027.35,1982.8,2127.28,2072.86,1978.68
2026-03-06T00:00:00,1964.51,1939.71,2027.34,1982.81,2127.28,2072.86,2054.8,2090,2041.48,2199,2163.66,2093.33,1907.41,1920,1929.56,1945.08,2054.75,1955.95,529196.8464,577406.3749,509329.8534,737644.8152,432157.8126,411597.7569,1.051030823789445E9,1.154427554493893E9,1.007923347106694E9,1.537991054004056E9,9.09578852988923E8,8.31917068631373E8,6616298,9343785,8311355,9527323,6753565,5601424,254547.6476,299199.2494,254251.3309,368171.8559,205453.4958,197603.9435,5.05531901718655E8,5.98658734971255E8,5.03251034902722E8,7.67713624115772E8,4.32642648347527E8,3.99155087071218E8,-0.012624013,0.045182011744023524,-0.021974499,0.072866653,-0.025581964,-0.04543481,1939.71,2027.35,1982.8,2127.28,2072.86,1978.68,1964.51,1939.71,2027.34,1982.81,2127.28,2072.86,2054.8,2090,2041.48,2199,2163.66,2093.33,1907.41,1920,1929.56,1945.08,2054.75,1955.95,529196.8464,577406.3749,509329.8534,737644.8152,432157.8126,411597.7569,1.051030823789445E9,1.154427554493893E9,1.007923347106694E9,1.537991054004056E9,9.09578852988923E8,8.31917068631373E8,6616298,9343785,8311355,9527323,6753565,5601424,254547.6476,299199.2494,254251.3309,368171.8559,205453.4958,197603.9435,5.05531901718655E8,5.98658734971255E8,5.03251034902722E8,7.67713624115772E8,4.32642648347527E8,3.99155087071218E8,-0.012624013,0.045182011744023524,-0.021974499,0.072866653,-0.025581964,-0.04543481,1939.71,2027.35,1982.8,2127.28,2072.86,1978.68,1969.59
2026-03-07T00:00:00,1939.71,2027.34,1982.81,2127.28,2072.86,1978.68,2090,2041.48,2199,2163.66,2093.33,1996.04,1920,1929.56,1945.08,2054.75,1955.95,1948.09,577406.3749,509329.8534,737644.8152,432157.8126,411597.7569,184459.82,1.154427554493893E9,1.007923347106694E9,1.537991054004056E9,9.09578852988923E8,8.31917068631373E8,3.6452923478772E8,9343785,8311355,9527323,6753565,5601424,2029543,299199.2494,254251.3309,368171.8559,205453.4958,197603.9435,89270.3932,5.98658734971255E8,5.03251034902722E8,7.67713624115772E8,4.32642648347527E8,3.99155087071218E8,1.76467060503114E8,0.045182011744023524,-0.021974499,0.072866653,-0.025581964,-0.04543481,-0.004593972,2027.35,1982.8,2127.28,2072.86,1978.68,1969.59,1939.71,2027.34,1982.81,2127.28,2072.86,1978.68,2090,2041.48,2199,2163.66,2093.33,1996.04,1920,1929.56,1945.08,2054.75,1955.95,1948.09,577406.3749,509329.8534,737644.8152,432157.8126,411597.7569,184459.82,1.154427554493893E9,1.007923347106694E9,1.537991054004056E9,9.09578852988923E8,8.31917068631373E8,3.6452923478772E8,9343785,8311355,9527323,6753565,5601424,2029543,299199.2494,254251.3309,368171.8559,205453.4958,197603.9435,89270.3932,5.98658734971255E8,5.03251034902722E8,7.67713624115772E8,4.32642648347527E8,3.99155087071218E8,1.76467060503114E8,0.045182011744023524,-0.021974499,0.072866653,-0.025581964,-0.04543481,-0.004593972,2027.35,1982.8,2127.28,2072.86,1978.68,1969.59,1937.1
2026-03-08T00:00:00,2027.34,1982.81,2127.28,2072.86,1978.68,1969.6,2041.48,2199,2163.66,2093.33,1996.04,1979.8,1929.56,1945.08,2054.75,1955.95,1948.09,1916.14,509329.8534,737644.8152,432157.8126,411597.7569,184459.82,391189.7317,1.007923347106694E9,1.537991054004056E9,9.09578852988923E8,8.31917068631373E8,3.6452923478772E8,7.61435521244382E8,8311355,9527323,6753565,5601424,2029543,4044585,254251.3309,368171.8559,205453.4958,197603.9435,89270.3932,190729.8992,5.03251034902722E8,7.67713624115772E8,4.32642648347527E8,3.99155087071218E8,1.76467060503114E8,3.71905575962306E8,-0.021974499,0.072866653,-0.025581964,-0.04543481,-0.004593972,-0.016495819,1982.8,2127.28,2072.86,1978.68,1969.59,1937.1,2027.34,1982.81,2127.28,2072.86,1978.68,1969.6,2041.48,2199,2163.66,2093.33,1996.04,1979.8,1929.56,1945.08,2054.75,1955.95,1948.09,1916.14,509329.8534,737644.8152,432157.8126,411597.7569,184459.82,391189.7317,1.007923347106694E9,1.537991054004056E9,9.09578852988923E8,8.31917068631373E8,3.6452923478772E8,7.61435521244382E8,8311355,9527323,6753565,5601424,2029543,4044585,254251.3309,368171.8559,205453.4958,197603.9435,89270.3932,190729.8992,5.03251034902722E8,7.67713624115772E8,4.32642648347527E8,3.99155087071218E8,1.76467060503114E8,3.71905575962306E8,-0.021974499,0.072866653,-0.025581964,-0.04543481,-0.004593972,-0.016495819,1982.8,2127.28,2072.86,1978.68,1969.59,1937.1,1992.98
2026-03-09T00:00:00,1982.81,2127.28,2072.86,1978.68,1969.6,1937.11,2199,2163.66,2093.33,1996.04,1979.8,2053.52,1945.08,2054.75,1955.95,1948.09,1916.14,1929.65,737644.8152,432157.8126,411597.7569,184459.82,391189.7317,550825.4883,1.537991054004056E9,9.09578852988923E8,8.31917068631373E8,3.6452923478772E8,7.61435521244382E8,1.102883352283049E9,9527323,6753565,5601424,2029543,4044585,6360581,368171.8559,205453.4958,197603.9435,89270.3932,190729.8992,282877.29,7.67713624115772E8,4.32642648347527E8,3.99155087071218E8,1.76467060503114E8,3.71905575962306E8,5.66353976452963E8,0.072866653,-0.025581964,-0.04543481,-0.004593972,-0.016495819,0.028847246,2127.28,2072.86,1978.68,1969.59,1937.1,1992.98,1982.81,2127.28,2072.86,1978.68,1969.6,1937.11,2199,2163.66,2093.33,1996.04,1979.8,2053.52,1945.08,2054.75,1955.95,1948.09,1916.14,1929.65,737644.8152,432157.8126,411597.7569,184459.82,391189.7317,550825.4883,1.537991054004056E9,9.09578852988923E8,8.31917068631373E8,3.6452923478772E8,7.61435521244382E8,1.102883352283049E9,9527323,6753565,5601424,2029543,4044585,6360581,368171.8559,205453.4958,197603.9435,89270.3932,190729.8992,282877.29,7.67713624115772E8,4.32642648347527E8,3.99155087071218E8,1.76467060503114E8,3.71905575962306E8,5.66353976452963E8,0.072866653,-0.025581964,-0.04543481,-0.004593972,-0.016495819,0.028847246,2127.28,2072.86,1978.68,1969.59,1937.1,1992.98,2036.51
2026-03-10T00:00:00,2127.28,2072.86,1978.68,1969.6,1937.11,1992.97,2163.66,2093.33,1996.04,1979.8,2053.52,2088.19,2054.75,1955.95,1948.09,1916.14,1929.65,1991,432157.8126,411597.7569,184459.82,391189.7317,550825.4883,463411.8739,9.09578852988923E8,8.31917068631373E8,3.6452923478772E8,7.61435521244382E8,1.102883352283049E9,9.48509257026159E8,6753565,5601424,2029543,4044585,6360581,5226998,205453.4958,197603.9435,89270.3932,190729.8992,282877.29,240013.7173,4.32642648347527E8,3.99155087071218E8,1.76467060503114E8,3.71905575962306E8,5.66353976452963E8,4.91126376680953E8,-0.025581964,-0.04543481,-0.004593972,-0.016495819,0.028847246,0.021841664241487608,2072.86,1978.68,1969.59,1937.1,1992.98,2036.51,2127.28,2072.86,1978.68,1969.6,1937.11,1992.97,2163.66,2093.33,1996.04,1979.8,2053.52,2088.19,2054.75,1955.95,1948.09,1916.14,1929.65,1991,432157.8126,411597.7569,184459.82,391189.7317,550825.4883,463411.8739,9.09578852988923E8,8.31917068631373E8,3.6452923478772E8,7.61435521244382E8,1.102883352283049E9,9.48509257026159E8,6753565,5601424,2029543,4044585,6360581,5226998,205453.4958,197603.9435,89270.3932,190729.8992,282877.29,240013.7173,4.32642648347527E8,3.99155087071218E8,1.76467060503114E8,3.71905575962306E8,5.66353976452963E8,4.91126376680953E8,-0.025581964,-0.04543481,-0.004593972,-0.016495819,0.028847246,0.021841664241487608,2072.86,1978.68,1969.59,1937.1,1992.98,2036.51,2051.97
2026-03-11T00:00:00,2072.86,1978.68,1969.6,1937.11,1992.97,2036.5,2093.33,1996.04,1979.8,2053.52,2088.19,2085.58,1955.95,1948.09,1916.14,1929.65,1991,2007.17,411597.7569,184459.82,391189.7317,550825.4883,463411.8739,350061.256,8.31917068631373E8,3.6452923478772E8,7.61435521244382E8,1.102883352283049E9,9.48509257026159E8,7.17032957206017E8,5601424,2029543,4044585,6360581,5226998,4730286,197603.9435,89270.3932,190729.8992,282877.29,240013.7173,172446.7326,3.99155087071218E8,1.76467060503114E8,3.71905575962306E8,5.66353976452963E8,4.91126376680953E8,3.53640487903065E8,-0.04543481,-0.004593972,-0.016495819,0.028847246,0.021841664241487608,0.007591419,1978.68,1969.59,1937.1,1992.98,2036.51,2051.97,2072.86,1978.68,1969.6,1937.11,1992.97,2036.5,2093.33,1996.04,1979.8,2053.52,2088.19,2085.58,1955.95,1948.09,1916.14,1929.65,1991,2007.17,411597.7569,184459.82,391189.7317,550825.4883,463411.8739,350061.256,8.31917068631373E8,3.6452923478772E8,7.61435521244382E8,1.102883352283049E9,9.48509257026159E8,7.17032957206017E8,5601424,2029543,4044585,6360581,5226998,4730286,197603.9435,89270.3932,190729.8992,282877.29,240013.7173,172446.7326,3.99155087071218E8,1.76467060503114E8,3.71905575962306E8,5.66353976452963E8,4.91126376680953E8,3.53640487903065E8,-0.04543481,-0.004593972,-0.016495819,0.028847246,0.021841664241487608,0.007591419,1978.68,1969.59,1937.1,1992.98,2036.51,2051.97,2073.52
2026-03-12T00:00:00,1978.68,1969.6,1937.11,1992.97,2036.5,2051.97,1996.04,1979.8,2053.52,2088.19,2085.58,2095,1948.09,1916.14,1929.65,1991,2007.17,2017.59,184459.82,391189.7317,550825.4883,463411.8739,350061.256,400507.8132,3.6452923478772E8,7.61435521244382E8,1.102883352283049E9,9.48509257026159E8,7.17032957206017E8,8.24458252126678E8,2029543,4044585,6360581,5226998,4730286,4757775,89270.3932,190729.8992,282877.29,240013.7173,172446.7326,196694.8334,1.76467060503114E8,3.71905575962306E8,5.66353976452963E8,4.91126376680953E8,3.53640487903065E8,4.04852828040824E8,-0.004593972,-0.016495819,0.028847246,0.021841664241487608,0.007591419,0.010502102857254338,1969.59,1937.1,1992.98,2036.51,2051.97,2073.52,1978.68,1969.6,1937.11,1992.97,2036.5,2051.97,1996.04,1979.8,2053.52,2088.19,2085.58,2095,1948.09,1916.14,1929.65,1991,2007.17,2017.59,184459.82,391189.7317,550825.4883,463411.8739,350061.256,400507.8132,3.6452923478772E8,7.61435521244382E8,1.102883352283049E9,9.48509257026159E8,7.17032957206017E8,8.24458252126678E8,2029543,4044585,6360581,5226998,4730286,4757775,89270.3932,190729.8992,282877.29,240013.7173,172446.7326,196694.8334,1.76467060503114E8,3.71905575962306E8,5.66353976452963E8,4.91126376680953E8,3.53640487903065E8,4.04852828040824E8,-0.004593972,-0.016495819,0.028847246,0.021841664241487608,0.007591419,0.010502102857254338,1969.59,1937.1,1992.98,2036.51,2051.97,2073.52,2092.22
2026-03-13T00:00:00,1969.6,1937.11,1992.97,2036.5,2051.97,2073.51,1979.8,2053.52,2088.19,2085.58,2095,2209.03,1916.14,1929.65,1991,2007.17,2017.59,2070.12,391189.7317,550825.4883,463411.8739,350061.256,400507.8132,599657.0399,7.61435521244382E8,1.102883352283049E9,9.48509257026159E8,7.17032957206017E8,8.24458252126678E8,1.279403180493586E9,4044585,6360581,5226998,4730286,4757775,6138489,190729.8992,282877.29,240013.7173,172446.7326,196694.8334,300361.2151,3.71905575962306E8,5.66353976452963E8,4.91126376680953E8,3.53640487903065E8,4.04852828040824E8,6.41144458022528E8,-0.016495819,0.028847246,0.021841664241487608,0.007591419,0.010502102857254338,0.009018481,1937.1,1992.98,2036.51,2051.97,2073.52,2092.22,1969.6,1937.11,1992.97,2036.5,2051.97,2073.51,1979.8,2053.52,2088.19,2085.58,2095,2209.03,1916.14,1929.65,1991,2007.17,2017.59,2070.12,391189.7317,550825.4883,463411.8739,350061.256,400507.8132,599657.0399,7.61435521244382E8,1.102883352283049E9,9.48509257026159E8,7.17032957206017E8,8.24458252126678E8,1.279403180493586E9,4044585,6360581,5226998,4730286,4757775,6138489,190729.8992,282877.29,240013.7173,172446.7326,196694.8334,300361.2151,3.71905575962306E8,5.66353976452963E8,4.91126376680953E8,3.53640487903065E8,4.04852828040824E8,6.41144458022528E8,-0.016495819,0.028847246,0.021841664241487608,0.007591419,0.010502102857254338,0.009018481,1937.1,1992.98,2036.51,2051.97,2073.52,2092.22,2096.16
2026-03-14T00:00:00,1937.11,1992.97,2036.5,2051.97,2073.51,2092.21,2053.52,2088.19,2085.58,2095,2209.03,2106.09,1929.65,1991,2007.17,2017.59,2070.12,2061.6,550825.4883,463411.8739,350061.256,400507.8132,599657.0399,152500.5822,1.102883352283049E9,9.48509257026159E8,7.17032957206017E8,8.24458252126678E8,1.279403180493586E9,3.17648583840042E8,6360581,5226998,4730286,4757775,6138489,1584458,282877.29,240013.7173,172446.7326,196694.8334,300361.2151,73409.361,5.66353976452963E8,4.91126376680953E8,3.53640487903065E8,4.04852828040824E8,6.41144458022528E8,1.52930062524787E8,0.028847246,0.021841664241487608,0.007591419,0.010502102857254338,0.009018481,0.001883167,1992.98,2036.51,2051.97,2073.52,2092.22,2096.16,1937.11,1992.97,2036.5,2051.97,2073.51,2092.21,2053.52,2088.19,2085.58,2095,2209.03,2106.09,1929.65,1991,2007.17,2017.59,2070.12,2061.6,550825.4883,463411.8739,350061.256,400507.8132,599657.0399,152500.5822,1.102883352283049E9,9.48509257026159E8,7.17032957206017E8,8.24458252126678E8,1.279403180493586E9,3.17648583840042E8,6360581,5226998,4730286,4757775,6138489,1584458,282877.29,240013.7173,172446.7326,196694.8334,300361.2151,73409.361,5.66353976452963E8,4.91126376680953E8,3.53640487903065E8,4.04852828040824E8,6.41144458022528E8,1.52930062524787E8,0.028847246,0.021841664241487608,0.007591419,0.010502102857254338,0.009018481,0.001883167,1992.98,2036.51,2051.97,2073.52,2092.22,2096.16,2178.3
2026-03-15T00:00:00,1992.97,2036.5,2051.97,2073.51,2092.21,2096.16,2088.19,2085.58,2095,2209.03,2106.09,2202.87,1991,2007.17,2017.59,2070.12,2061.6,2083.35,463411.8739,350061.256,400507.8132,599657.0399,152500.5822,280825.9377,9.48509257026159E8,7.17032957206017E8,8.24458252126678E8,1.279403180493586E9,3.17648583840042E8,5.98811241300968E8,5226998,4730286,4757775,6138489,1584458,3001730,240013.7173,172446.7326,196694.8334,300361.2151,73409.361,146142.3746,4.91126376680953E8,3.53640487903065E8,4.04852828040824E8,6.41144458022528E8,1.52930062524787E8,3.11760540134007E8,0.021841664241487608,0.007591419,0.010502102857254338,0.009018481,0.001883167,0.039185940004579964,2036.51,2051.97,2073.52,2092.22,2096.16,2178.3,1992.97,2036.5,2051.97,2073.51,2092.21,2096.16,2088.19,2085.58,2095,2209.03,2106.09,2202.87,1991,2007.17,2017.59,2070.12,2061.6,2083.35,463411.8739,350061.256,400507.8132,599657.0399,152500.5822,280825.9377,9.48509257026159E8,7.17032957206017E8,8.24458252126678E8,1.279403180493586E9,3.17648583840042E8,5.98811241300968E8,5226998,4730286,4757775,6138489,1584458,3001730,240013.7173,172446.7326,196694.8334,300361.2151,73409.361,146142.3746,4.91126376680953E8,3.53640487903065E8,4.04852828040824E8,6.41144458022528E8,1.52930062524787E8,3.11760540134007E8,0.021841664241487608,0.007591419,0.010502102857254338,0.009018481,0.001883167,0.039185940004579964,2036.51,2051.97,2073.52,2092.22,2096.16,2178.3,2352.97
2026-03-16T00:00:00,2036.5,2051.97,2073.51,2092.21,2096.16,2178.29,2085.58,2095,2209.03,2106.09,2202.87,2386.02,2007.17,2017.59,2070.12,2061.6,2083.35,2164.73,350061.256,400507.8132,599657.0399,152500.5822,280825.9377,845892.7756,7.17032957206017E8,8.24458252126678E8,1.279403180493586E9,3.17648583840042E8,5.98811241300968E8,1.930037154480769E9,4730286,4757775,6138489,1584458,3001730,7409311,172446.7326,196694.8334,300361.2151,73409.361,146142.3746,445819.396,3.53640487903065E8,4.04852828040824E8,6.41144458022528E8,1.52930062524787E8,3.11760540134007E8,1.017103594869559E9,0.007591419,0.010502102857254338,0.009018481,0.001883167,0.039185940004579964,0.080186384,2051.97,2073.52,2092.22,2096.16,2178.3,2352.97,2036.5,2051.97,2073.51,2092.21,2096.16,2178.29,2085.58,2095,2209.03,2106.09,2202.87,2386.02,2007.17,2017.59,2070.12,2061.6,2083.35,2164.73,350061.256,400507.8132,599657.0399,152500.5822,280825.9377,845892.7756,7.17032957206017E8,8.24458252126678E8,1.279403180493586E9,3.17648583840042E8,5.98811241300968E8,1.930037154480769E9,4730286,4757775,6138489,1584458,3001730,7409311,172446.7326,196694.8334,300361.2151,73409.361,146142.3746,445819.396,3.53640487903065E8,4.04852828040824E8,6.41144458022528E8,1.52930062524787E8,3.11760540134007E8,1.017103594869559E9,0.007591419,0.010502102857254338,0.009018481,0.001883167,0.039185940004579964,0.080186384,2051.97,2073.52,2092.22,2096.16,2178.3,2352.97,2317.39
2026-03-17T00:00:00,2051.97,2073.51,2092.21,2096.16,2178.29,2352.97,2095,2209.03,2106.09,2202.87,2386.02,2376.66,2017.59,2070.12,2061.6,2083.35,2164.73,2294.15,400507.8132,599657.0399,152500.5822,280825.9377,845892.7756,493831.1016,8.24458252126678E8,1.279403180493586E9,3.17648583840042E8,5.98811241300968E8,1.930037154480769E9,1.152094007668437E9,4757775,6138489,1584458,3001730,7409311,5596636,196694.8334,300361.2151,73409.361,146142.3746,445819.396,240136.5065,4.04852828040824E8,6.41144458022528E8,1.52930062524787E8,3.11760540134007E8,1.017103594869559E9,5.60589683752158E8,0.010502102857254338,0.009018481,0.001883167,0.039185940004579964,0.080186384,-0.015121315,2073.52,2092.22,2096.16,2178.3,2352.97,2317.39,2051.97,2073.51,2092.21,2096.16,2178.29,2352.97,2095,2209.03,2106.09,2202.87,2386.02,2376.66,2017.59,2070.12,2061.6,2083.35,2164.73,2294.15,400507.8132,599657.0399,152500.5822,280825.9377,845892.7756,493831.1016,8.24458252126678E8,1.279403180493586E9,3.17648583840042E8,5.98811241300968E8,1.930037154480769E9,1.152094007668437E9,4757775,6138489,1584458,3001730,7409311,5596636,196694.8334,300361.2151,73409.361,146142.3746,445819.396,240136.5065,4.04852828040824E8,6.41144458022528E8,1.52930062524787E8,3.11760540134007E8,1.017103594869559E9,5.60589683752158E8,0.010502102857254338,0.009018481,0.001883167,0.039185940004579964,0.080186384,-0.015121315,2073.52,2092.22,2096.16,2178.3,2352.97,2317.39,2203.39
2026-03-18T00:00:00,2073.51,2092.21,2096.16,2178.29,2352.97,2317.38,2209.03,2106.09,2202.87,2386.02,2376.66,2350,2070.12,2061.6,2083.35,2164.73,2294.15,2153.21,599657.0399,152500.5822,280825.9377,845892.7756,493831.1016,488040.8887,1.279403180493586E9,3.17648583840042E8,5.98811241300968E8,1.930037154480769E9,1.152094007668437E9,1.091022905103254E9,6138489,1584458,3001730,7409311,5596636,5684937,300361.2151,73409.361,146142.3746,445819.396,240136.5065,232364.5906,6.41144458022528E8,1.52930062524787E8,3.11760540134007E8,1.017103594869559E9,5.60589683752158E8,5.19214878002058E8,0.009018481,0.001883167,0.039185940004579964,0.080186384,-0.015121315,-0.049193273,2092.22,2096.16,2178.3,2352.97,2317.39,2203.39,2073.51,2092.21,2096.16,2178.29,2352.97,2317.38,2209.03,2106.09,2202.87,2386.02,2376.66,2350,2070.12,2061.6,2083.35,2164.73,2294.15,2153.21,599657.0399,152500.5822,280825.9377,845892.7756,493831.1016,488040.8887,1.279403180493586E9,3.17648583840042E8,5.98811241300968E8,1.930037154480769E9,1.152094007668437E9,1.091022905103254E9,6138489,1584458,3001730,7409311,5596636,5684937,300361.2151,73409.361,146142.3746,445819.396,240136.5065,232364.5906,6.41144458022528E8,1.52930062524787E8,3.11760540134007E8,1.017103594869559E9,5.60589683752158E8,5.19214878002058E8,0.009018481,0.001883167,0.039185940004579964,0.080186384,-0.015121315,-0.049193273,2092.22,2096.16,2178.3,2352.97,2317.39,2203.39,2137.81
2026-03-19T00:00:00,2092.21,2096.16,2178.29,2352.97,2317.38,2203.39,2106.09,2202.87,2386.02,2376.66,2350,2233.72,2061.6,2083.35,2164.73,2294.15,2153.21,2099.38,152500.5822,280825.9377,845892.7756,493831.1016,488040.8887,490791.679,3.17648583840042E8,5.98811241300968E8,1.930037154480769E9,1.152094007668437E9,1.091022905103254E9,1.055407061657721E9,1584458,3001730,7409311,5596636,5684937,6142160,73409.361,146142.3746,445819.396,240136.5065,232364.5906,235483.1788,1.52930062524787E8,3.11760540134007E8,1.017103594869559E9,5.60589683752158E8,5.19214878002058E8,5.06383264144461E8,0.001883167,0.039185940004579964,0.080186384,-0.015121315,-0.049193273,-0.029763228,2096.16,2178.3,2352.97,2317.39,2203.39,2137.81,2092.21,2096.16,2178.29,2352.97,2317.38,2203.39,2106.09,2202.87,2386.02,2376.66,2350,2233.72,2061.6,2083.35,2164.73,2294.15,2153.21,2099.38,152500.5822,280825.9377,845892.7756,493831.1016,488040.8887,490791.679,3.17648583840042E8,5.98811241300968E8,1.930037154480769E9,1.152094007668437E9,1.091022905103254E9,1.055407061657721E9,1584458,3001730,7409311,5596636,5684937,6142160,73409.361,146142.3746,445819.396,240136.5065,232364.5906,235483.1788,1.52930062524787E8,3.11760540134007E8,1.017103594869559E9,5.60589683752158E8,5.19214878002058E8,5.06383264144461E8,0.001883167,0.039185940004579964,0.080186384,-0.015121315,-0.049193273,-0.029763228,2096.16,2178.3,2352.97,2317.39,2203.39,2137.81,2146.22
2026-03-20T00:00:00,2096.16,2178.29,2352.97,2317.38,2203.39,2137.82,2202.87,2386.02,2376.66,2350,2233.72,2176.84,2083.35,2164.73,2294.15,2153.21,2099.38,2116.88,280825.9377,845892.7756,493831.1016,488040.8887,490791.679,300156.1778,5.98811241300968E8,1.930037154480769E9,1.152094007668437E9,1.091022905103254E9,1.055407061657721E9,6.42995528130654E8,3001730,7409311,5596636,5684937,6142160,4595372,146142.3746,445819.396,240136.5065,232364.5906,235483.1788,162200.144,3.11760540134007E8,1.017103594869559E9,5.60589683752158E8,5.19214878002058E8,5.06383264144461E8,3.4756218659691E8,0.039185940004579964,0.080186384,-0.015121315,-0.049193273,-0.029763228,0.003933932,2178.3,2352.97,2317.39,2203.39,2137.81,2146.22,2096.16,2178.29,2352.97,2317.38,2203.39,2137.82,2202.87,2386.02,2376.66,2350,2233.72,2176.84,2083.35,2164.73,2294.15,2153.21,2099.38,2116.88,280825.9377,845892.7756,493831.1016,488040.8887,490791.679,300156.1778,5.98811241300968E8,1.930037154480769E9,1.152094007668437E9,1.091022905103254E9,1.055407061657721E9,6.42995528130654E8,3001730,7409311,5596636,5684937,6142160,4595372,146142.3746,445819.396,240136.5065,232364.5906,235483.1788,162200.144,3.11760540134007E8,1.017103594869559E9,5.60589683752158E8,5.19214878002058E8,5.06383264144461E8,3.4756218659691E8,0.039185940004579964,0.080186384,-0.015121315,-0.049193273,-0.029763228,0.003933932,2178.3,2352.97,2317.39,2203.39,2137.81,2146.22,2084.87
2026-03-21T00:00:00,2178.29,2352.97,2317.38,2203.39,2137.82,2146.21,2386.02,2376.66,2350,2233.72,2176.84,2168.27,2164.73,2294.15,2153.21,2099.38,2116.88,2070.78,845892.7756,493831.1016,488040.8887,490791.679,300156.1778,132559.4646,1.930037154480769E9,1.152094007668437E9,1.091022905103254E9,1.055407061657721E9,6.42995528130654E8,2.83144610716903E8,7409311,5596636,5684937,6142160,4595372,1375463,445819.396,240136.5065,232364.5906,235483.1788,162200.144,63249.5812,1.017103594869559E9,5.60589683752158E8,5.19214878002058E8,5.06383264144461E8,3.4756218659691E8,1.35224634234885E8,0.080186384,-0.015121315,-0.049193273,-0.029763228,0.003933932,-0.02858514,2352.97,2317.39,2203.39,2137.81,2146.22,2084.87,2178.29,2352.97,2317.38,2203.39,2137.82,2146.21,2386.02,2376.66,2350,2233.72,2176.84,2168.27,2164.73,2294.15,2153.21,2099.38,2116.88,2070.78,845892.7756,493831.1016,488040.8887,490791.679,300156.1778,132559.4646,1.930037154480769E9,1.152094007668437E9,1.091022905103254E9,1.055407061657721E9,6.42995528130654E8,2.83144610716903E8,7409311,5596636,5684937,6142160,4595372,1375463,445819.396,240136.5065,232364.5906,235483.1788,162200.144,63249.5812,1.017103594869559E9,5.60589683752158E8,5.19214878002058E8,5.06383264144461E8,3.4756218659691E8,1.35224634234885E8,0.080186384,-0.015121315,-0.049193273,-0.029763228,0.003933932,-0.02858514,2352.97,2317.39,2203.39,2137.81,2146.22,2084.87,2053.89
2026-03-22T00:00:00,2352.97,2317.38,2203.39,2137.82,2146.21,2084.86,2376.66,2350,2233.72,2176.84,2168.27,2127.21,2294.15,2153.21,2099.38,2116.88,2070.78,2026,493831.1016,488040.8887,490791.679,300156.1778,132559.4646,313070.5572,1.152094007668437E9,1.091022905103254E9,1.055407061657721E9,6.42995528130654E8,2.83144610716903E8,6.50684776658794E8,5596636,5684937,6142160,4595372,1375463,3577857,240136.5065,232364.5906,235483.1788,162200.144,63249.5812,154345.7056,5.60589683752158E8,5.19214878002058E8,5.06383264144461E8,3.4756218659691E8,1.35224634234885E8,3.20941884725678E8,-0.015121315,-0.049193273,-0.029763228,0.003933932,-0.02858514,-0.01485944,2317.39,2203.39,2137.81,2146.22,2084.87,2053.89,2352.97,2317.38,2203.39,2137.82,2146.21,2084.86,2376.66,2350,2233.72,2176.84,2168.27,2127.21,2294.15,2153.21,2099.38,2116.88,2070.78,2026,493831.1016,488040.8887,490791.679,300156.1778,132559.4646,313070.5572,1.152094007668437E9,1.091022905103254E9,1.055407061657721E9,6.42995528130654E8,2.83144610716903E8,6.50684776658794E8,5596636,5684937,6142160,4595372,1375463,3577857,240136.5065,232364.5906,235483.1788,162200.144,63249.5812,154345.7056,5.60589683752158E8,5.19214878002058E8,5.06383264144461E8,3.4756218659691E8,1.35224634234885E8,3.20941884725678E8,-0.015121315,-0.049193273,-0.029763228,0.003933932,-0.02858514,-0.01485944,2317.39,2203.39,2137.81,2146.22,2084.87,2053.89,2152.03
2026-03-23T00:00:00,2317.38,2203.39,2137.82,2146.21,2084.86,2053.9,2350,2233.72,2176.84,2168.27,2127.21,2198.57,2153.21,2099.38,2116.88,2070.78,2026,2023.04,488040.8887,490791.679,300156.1778,132559.4646,313070.5572,614508.4369,1.091022905103254E9,1.055407061657721E9,6.42995528130654E8,2.83144610716903E8,6.50684776658794E8,1.308899803016499E9,5684937,6142160,4595372,1375463,3577857,7349668,232364.5906,235483.1788,162200.144,63249.5812,154345.7056,310239.9864,5.19214878002058E8,5.06383264144461E8,3.4756218659691E8,1.35224634234885E8,3.20941884725678E8,6.60782033700741E8,-0.049193273,-0.029763228,0.003933932,-0.02858514,-0.01485944,0.047782501,2203.39,2137.81,2146.22,2084.87,2053.89,2152.03,2317.38,2203.39,2137.82,2146.21,2084.86,2053.9,2350,2233.72,2176.84,2168.27,2127.21,2198.57,2153.21,2099.38,2116.88,2070.78,2026,2023.04,488040.8887,490791.679,300156.1778,132559.4646,313070.5572,614508.4369,1.091022905103254E9,1.055407061657721E9,6.42995528130654E8,2.83144610716903E8,6.50684776658794E8,1.308899803016499E9,5684937,6142160,4595372,1375463,3577857,7349668,232364.5906,235483.1788,162200.144,63249.5812,154345.7056,310239.9864,5.19214878002058E8,5.06383264144461E8,3.4756218659691E8,1.35224634234885E8,3.20941884725678E8,6.60782033700741E8,-0.049193273,-0.029763228,0.003933932,-0.02858514,-0.01485944,0.047782501,2203.39,2137.81,2146.22,2084.87,2053.89,2152.03,2156.23
2026-03-24T00:00:00,2203.39,2137.82,2146.21,2084.86,2053.9,2152.03,2233.72,2176.84,2168.27,2127.21,2198.57,2175.16,2099.38,2116.88,2070.78,2026,2023.04,2103.02,490791.679,300156.1778,132559.4646,313070.5572,614508.4369,316703.4728,1.055407061657721E9,6.42995528130654E8,2.83144610716903E8,6.50684776658794E8,1.308899803016499E9,6.7810564681039E8,6142160,4595372,1375463,3577857,7349668,4633093,235483.1788,162200.144,63249.5812,154345.7056,310239.9864,152304.1675,5.06383264144461E8,3.4756218659691E8,1.35224634234885E8,3.20941884725678E8,6.60782033700741E8,3.26179427042751E8,-0.029763228,0.003933932,-0.02858514,-0.01485944,0.047782501,0.001951646,2137.81,2146.22,2084.87,2053.89,2152.03,2156.23,2203.39,2137.82,2146.21,2084.86,2053.9,2152.03,2233.72,2176.84,2168.27,2127.21,2198.57,2175.16,2099.38,2116.88,2070.78,2026,2023.04,2103.02,490791.679,300156.1778,132559.4646,313070.5572,614508.4369,316703.4728,1.055407061657721E9,6.42995528130654E8,2.83144610716903E8,6.50684776658794E8,1.308899803016499E9,6.7810564681039E8,6142160,4595372,1375463,3577857,7349668,4633093,235483.1788,162200.144,63249.5812,154345.7056,310239.9864,152304.1675,5.06383264144461E8,3.4756218659691E8,1.35224634234885E8,3.20941884725678E8,6.60782033700741E8,3.26179427042751E8,-0.029763228,0.003933932,-0.02858514,-0.01485944,0.047782501,0.001951646,2137.81,2146.22,2084.87,2053.89,2152.03,2156.23,2169.02
2026-03-25T00:00:00,2137.82,2146.21,2084.86,2053.9,2152.03,2156.22,2176.84,2168.27,2127.21,2198.57,2175.16,2199.02,2116.88,2070.78,2026,2023.04,2103.02,2146.35,300156.1778,132559.4646,313070.5572,614508.4369,316703.4728,275641.5255,6.42995528130654E8,2.83144610716903E8,6.50684776658794E8,1.308899803016499E9,6.7810564681039E8,5.99018681167746E8,4595372,1375463,3577857,7349668,4633093,3492121,162200.144,63249.5812,154345.7056,310239.9864,152304.1675,139003.4847,3.4756218659691E8,1.35224634234885E8,3.20941884725678E8,6.60782033700741E8,3.26179427042751E8,3.02159076486272E8,0.003933932,-0.02858514,-0.01485944,0.047782501,0.001951646,0.005931649,2146.22,2084.87,2053.89,2152.03,2156.23,2169.02,2137.82,2146.21,2084.86,2053.9,2152.03,2156.22,2176.84,2168.27,2127.21,2198.57,2175.16,2199.02,2116.88,2070.78,2026,2023.04,2103.02,2146.35,300156.1778,132559.4646,313070.5572,614508.4369,316703.4728,275641.5255,6.42995528130654E8,2.83144610716903E8,6.50684776658794E8,1.308899803016499E9,6.7810564681039E8,5.99018681167746E8,4595372,1375463,3577857,7349668,4633093,3492121,162200.144,63249.5812,154345.7056,310239.9864,152304.1675,139003.4847,3.4756218659691E8,1.35224634234885E8,3.20941884725678E8,6.60782033700741E8,3.26179427042751E8,3.02159076486272E8,0.003933932,-0.02858514,-0.01485944,0.047782501,0.001951646,0.005931649,2146.22,2084.87,2053.89,2152.03,2156.23,2169.02,2060.43
2026-03-26T00:00:00,2146.21,2084.86,2053.9,2152.03,2156.22,2169.02,2168.27,2127.21,2198.57,2175.16,2199.02,2172.19,2070.78,2026,2023.04,2103.02,2146.35,2034.54,132559.4646,313070.5572,614508.4369,316703.4728,275641.5255,338010.6238,2.83144610716903E8,6.50684776658794E8,1.308899803016499E9,6.7810564681039E8,5.99018681167746E8,7.05496760970934E8,1375463,3577857,7349668,4633093,3492121,3890747,63249.5812,154345.7056,310239.9864,152304.1675,139003.4847,171588.2134,1.35224634234885E8,3.20941884725678E8,6.60782033700741E8,3.26179427042751E8,3.02159076486272E8,3.57646756153379E8,-0.02858514,-0.01485944,0.047782501,0.001951646,0.005931649,-0.050064084,2084.87,2053.89,2152.03,2156.23,2169.02,2060.43,2146.21,2084.86,2053.9,2152.03,2156.22,2169.02,2168.27,2127.21,2198.57,2175.16,2199.02,2172.19,2070.78,2026,2023.04,2103.02,2146.35,2034.54,132559.4646,313070.5572,614508.4369,316703.4728,275641.5255,338010.6238,2.83144610716903E8,6.50684776658794E8,1.308899803016499E9,6.7810564681039E8,5.99018681167746E8,7.05496760970934E8,1375463,3577857,7349668,4633093,3492121,3890747,63249.5812,154345.7056,310239.9864,152304.1675,139003.4847,171588.2134,1.35224634234885E8,3.20941884725678E8,6.60782033700741E8,3.26179427042751E8,3.02159076486272E8,3.57646756153379E8,-0.02858514,-0.01485944,0.047782501,0.001951646,0.005931649,-0.050064084,2084.87,2053.89,2152.03,2156.23,2169.02,2060.43,1992.75
2026-03-27T00:00:00,2084.86,2053.9,2152.03,2156.22,2169.02,2060.43,2127.21,2198.57,2175.16,2199.02,2172.19,2077.19,2026,2023.04,2103.02,2146.35,2034.54,1970.93,313070.5572,614508.4369,316703.4728,275641.5255,338010.6238,394873.5248,6.50684776658794E8,1.308899803016499E9,6.7810564681039E8,5.99018681167746E8,7.05496760970934E8,7.9410862900714E8,3577857,7349668,4633093,3492121,3890747,3909237,154345.7056,310239.9864,152304.1675,139003.4847,171588.2134,206051.2798,3.20941884725678E8,6.60782033700741E8,3.26179427042751E8,3.02159076486272E8,3.57646756153379E8,4.14754558991471E8,-0.01485944,0.047782501,0.001951646,0.005931649,-0.050064084,-0.032847512,2053.89,2152.03,2156.23,2169.02,2060.43,1992.75,2084.86,2053.9,2152.03,2156.22,2169.02,2060.43,2127.21,2198.57,2175.16,2199.02,2172.19,2077.19,2026,2023.04,2103.02,2146.35,2034.54,1970.93,313070.5572,614508.4369,316703.4728,275641.5255,338010.6238,394873.5248,6.50684776658794E8,1.308899803016499E9,6.7810564681039E8,5.99018681167746E8,7.05496760970934E8,7.9410862900714E8,3577857,7349668,4633093,3492121,3890747,3909237,154345.7056,310239.9864,152304.1675,139003.4847,171588.2134,206051.2798,3.20941884725678E8,6.60782033700741E8,3.26179427042751E8,3.02159076486272E8,3.57646756153379E8,4.14754558991471E8,-0.01485944,0.047782501,0.001951646,0.005931649,-0.050064084,-0.032847512,2053.89,2152.03,2156.23,2169.02,2060.43,1992.75,1994.74
2026-03-28T00:00:00,2053.9,2152.03,2156.22,2169.02,2060.43,1992.76,2198.57,2175.16,2199.02,2172.19,2077.19,2047.45,2023.04,2103.02,2146.35,2034.54,1970.93,1983.17,614508.4369,316703.4728,275641.5255,338010.6238,394873.5248,154831.8055,1.308899803016499E9,6.7810564681039E8,5.99018681167746E8,7.05496760970934E8,7.9410862900714E8,3.11328052147329E8,7349668,4633093,3492121,3890747,3909237,1569810,310239.9864,152304.1675,139003.4847,171588.2134,206051.2798,86378.919,6.60782033700741E8,3.26179427042751E8,3.02159076486272E8,3.57646756153379E8,4.14754558991471E8,1.7367314748441E8,0.047782501,0.001951646,0.005931649,-0.050064084,-0.032847512,9.986199974909092E-4,2152.03,2156.23,2169.02,2060.43,1992.75,1994.74,2053.9,2152.03,2156.22,2169.02,2060.43,1992.76,2198.57,2175.16,2199.02,2172.19,2077.19,2047.45,2023.04,2103.02,2146.35,2034.54,1970.93,1983.17,614508.4369,316703.4728,275641.5255,338010.6238,394873.5248,154831.8055,1.308899803016499E9,6.7810564681039E8,5.99018681167746E8,7.05496760970934E8,7.9410862900714E8,3.11328052147329E8,7349668,4633093,3492121,3890747,3909237,1569810,310239.9864,152304.1675,139003.4847,171588.2134,206051.2798,86378.919,6.60782033700741E8,3.26179427042751E8,3.02159076486272E8,3.57646756153379E8,4.14754558991471E8,1.7367314748441E8,0.047782501,0.001951646,0.005931649,-0.050064084,-0.032847512,9.986199974909092E-4,2152.03,2156.23,2169.02,2060.43,1992.75,1994.74,1984.64
2026-03-29T00:00:00,2152.03,2156.22,2169.02,2060.43,1992.76,1994.74,2175.16,2199.02,2172.19,2077.19,2047.45,2019.65,2103.02,2146.35,2034.54,1970.93,1983.17,1938.82,316703.4728,275641.5255,338010.6238,394873.5248,154831.8055,166726.7382,6.7810564681039E8,5.99018681167746E8,7.05496760970934E8,7.9410862900714E8,3.11328052147329E8,3.3124965402983E8,4633093,3492121,3890747,3909237,1569810,2049808,152304.1675,139003.4847,171588.2134,206051.2798,86378.919,87697.2438,3.26179427042751E8,3.02159076486272E8,3.57646756153379E8,4.14754558991471E8,1.7367314748441E8,1.74245244856979E8,0.001951646,0.005931649,-0.050064084,-0.032847512,9.986199974909092E-4,-0.005063317,2156.23,2169.02,2060.43,1992.75,1994.74,1984.64,2152.03,2156.22,2169.02,2060.43,1992.76,1994.74,2175.16,2199.02,2172.19,2077.19,2047.45,2019.65,2103.02,2146.35,2034.54,1970.93,1983.17,1938.82,316703.4728,275641.5255,338010.6238,394873.5248,154831.8055,166726.7382,6.7810564681039E8,5.99018681167746E8,7.05496760970934E8,7.9410862900714E8,3.11328052147329E8,3.3124965402983E8,4633093,3492121,3890747,3909237,1569810,2049808,152304.1675,139003.4847,171588.2134,206051.2798,86378.919,87697.2438,3.26179427042751E8,3.02159076486272E8,3.57646756153379E8,4.14754558991471E8,1.7367314748441E8,1.74245244856979E8,0.001951646,0.005931649,-0.050064084,-0.032847512,9.986199974909092E-4,-0.005063317,2156.23,2169.02,2060.43,1992.75,1994.74,1984.64,2026.48
2026-03-30T00:00:00,2156.22,2169.02,2060.43,1992.76,1994.74,1984.65,2199.02,2172.19,2077.19,2047.45,2019.65,2085,2146.35,2034.54,1970.93,1983.17,1938.82,1980.28,275641.5255,338010.6238,394873.5248,154831.8055,166726.7382,338304.4344,5.99018681167746E8,7.05496760970934E8,7.9410862900714E8,3.11328052147329E8,3.3124965402983E8,6.91966365082457E8,3492121,3890747,3909237,1569810,2049808,3886546,139003.4847,171588.2134,206051.2798,86378.919,87697.2438,174062.2111,3.02159076486272E8,3.57646756153379E8,4.14754558991471E8,1.7367314748441E8,1.74245244856979E8,3.55924242290809E8,0.005931649,-0.050064084,-0.032847512,9.986199974909092E-4,-0.005063317,0.021081909,2169.02,2060.43,1992.75,1994.74,1984.64,2026.48,2156.22,2169.02,2060.43,1992.76,1994.74,1984.65,2199.02,2172.19,2077.19,2047.45,2019.65,2085,2146.35,2034.54,1970.93,1983.17,1938.82,1980.28,275641.5255,338010.6238,394873.5248,154831.8055,166726.7382,338304.4344,5.99018681167746E8,7.05496760970934E8,7.9410862900714E8,3.11328052147329E8,3.3124965402983E8,6.91966365082457E8,3492121,3890747,3909237,1569810,2049808,3886546,139003.4847,171588.2134,206051.2798,86378.919,87697.2438,174062.2111,3.02159076486272E8,3.57646756153379E8,4.14754558991471E8,1.7367314748441E8,1.74245244856979E8,3.55924242290809E8,0.005931649,-0.050064084,-0.032847512,9.986199974909092E-4,-0.005063317,0.021081909,2169.02,2060.43,1992.75,1994.74,1984.64,2026.48,2105.43
2026-03-31T00:00:00,2169.02,2060.43,1992.76,1994.74,1984.65,2026.48,2172.19,2077.19,2047.45,2019.65,2085,2124.03,2034.54,1970.93,1983.17,1938.82,1980.28,2012.64,338010.6238,394873.5248,154831.8055,166726.7382,338304.4344,421897.9023,7.05496760970934E8,7.9410862900714E8,3.11328052147329E8,3.3124965402983E8,6.91966365082457E8,8.74387220206194E8,3890747,3909237,1569810,2049808,3886546,5013796,171588.2134,206051.2798,86378.919,87697.2438,174062.2111,218379.1286,3.57646756153379E8,4.14754558991471E8,1.7367314748441E8,1.74245244856979E8,3.55924242290809E8,4.52866534126971E8,-0.050064084,-0.032847512,9.986199974909092E-4,-0.005063317,0.021081909,0.03895918,2060.43,1992.75,1994.74,1984.64,2026.48,2105.43,2169.02,2060.43,1992.76,1994.74,1984.65,2026.48,2172.19,2077.19,2047.45,2019.65,2085,2124.03,2034.54,1970.93,1983.17,1938.82,1980.28,2012.64,338010.6238,394873.5248,154831.8055,166726.7382,338304.4344,421897.9023,7.05496760970934E8,7.9410862900714E8,3.11328052147329E8,3.3124965402983E8,6.91966365082457E8,8.74387220206194E8,3890747,3909237,1569810,2049808,3886546,5013796,171588.2134,206051.2798,86378.919,87697.2438,174062.2111,218379.1286,3.57646756153379E8,4.14754558991471E8,1.7367314748441E8,1.74245244856979E8,3.55924242290809E8,4.52866534126971E8,-0.050064084,-0.032847512,9.986199974909092E-4,-0.005063317,0.021081909,0.03895918,2060.43,1992.75,1994.74,1984.64,2026.48,2105.43,2140.35
2026-04-01T00:00:00,2060.43,1992.76,1994.74,1984.65,2026.48,2105.43,2077.19,2047.45,2019.65,2085,2124.03,2167.85,1970.93,1983.17,1938.82,1980.28,2012.64,2082.08,394873.5248,154831.8055,166726.7382,338304.4344,421897.9023,399227.3779,7.9410862900714E8,3.11328052147329E8,3.3124965402983E8,6.91966365082457E8,8.74387220206194E8,8.52017259878771E8,3909237,1569810,2049808,3886546,5013796,4211533,206051.2798,86378.919,87697.2438,174062.2111,218379.1286,203721.1114,4.14754558991471E8,1.7367314748441E8,1.74245244856979E8,3.55924242290809E8,4.52866534126971E8,4.34880842712559E8,-0.032847512,9.986199974909092E-4,-0.005063317,0.021081909,0.03895918,0.016585685584417472,1992.75,1994.74,1984.64,2026.48,2105.43,2140.35,2060.43,1992.76,1994.74,1984.65,2026.48,2105.43,2077.19,2047.45,2019.65,2085,2124.03,2167.85,1970.93,1983.17,1938.82,1980.28,2012.64,2082.08,394873.5248,154831.8055,166726.7382,338304.4344,421897.9023,399227.3779,7.9410862900714E8,3.11328052147329E8,3.3124965402983E8,6.91966365082457E8,8.74387220206194E8,8.52017259878771E8,3909237,1569810,2049808,3886546,5013796,4211533,206051.2798,86378.919,87697.2438,174062.2111,218379.1286,203721.1114,4.14754558991471E8,1.7367314748441E8,1.74245244856979E8,3.55924242290809E8,4.52866534126971E8,4.34880842712559E8,-0.032847512,9.986199974909092E-4,-0.005063317,0.021081909,0.03895918,0.016585685584417472,1992.75,1994.74,1984.64,2026.48,2105.43,2140.35,2057.17
2026-04-02T00:00:00,1992.76,1994.74,1984.65,2026.48,2105.43,2140.35,2047.45,2019.65,2085,2124.03,2167.85,2159.37,1983.17,1938.82,1980.28,2012.64,2082.08,2017.04,154831.8055,166726.7382,338304.4344,421897.9023,399227.3779,346872.8323,3.11328052147329E8,3.3124965402983E8,6.91966365082457E8,8.74387220206194E8,8.52017259878771E8,7.16548524665744E8,1569810,2049808,3886546,5013796,4211533,4462923,86378.919,87697.2438,174062.2111,218379.1286,203721.1114,161146.8702,1.7367314748441E8,1.74245244856979E8,3.55924242290809E8,4.52866534126971E8,4.34880842712559E8,3.32893735583132E8,9.986199974909092E-4,-0.005063317,0.021081909,0.03895918,0.016585685584417472,-0.038862803,1994.74,1984.64,2026.48,2105.43,2140.35,2057.17,1992.76,1994.74,1984.65,2026.48,2105.43,2140.35,2047.45,2019.65,2085,2124.03,2167.85,2159.37,1983.17,1938.82,1980.28,2012.64,2082.08,2017.04,154831.8055,166726.7382,338304.4344,421897.9023,399227.3779,346872.8323,3.11328052147329E8,3.3124965402983E8,6.91966365082457E8,8.74387220206194E8,8.52017259878771E8,7.16548524665744E8,1569810,2049808,3886546,5013796,4211533,4462923,86378.919,87697.2438,174062.2111,218379.1286,203721.1114,161146.8702,1.7367314748441E8,1.74245244856979E8,3.55924242290809E8,4.52866534126971E8,4.34880842712559E8,3.32893735583132E8,9.986199974909092E-4,-0.005063317,0.021081909,0.03895918,0.016585685584417472,-0.038862803,1994.74,1984.64,2026.48,2105.43,2140.35,2057.17,2053.83
2026-04-03T00:00:00,1994.74,1984.65,2026.48,2105.43,2140.35,2057.18,2019.65,2085,2124.03,2167.85,2159.37,2081.76,1938.82,1980.28,2012.64,2082.08,2017.04,2040.66,166726.7382,338304.4344,421897.9023,399227.3779,346872.8323,136266.6393,3.3124965402983E8,6.91966365082457E8,8.74387220206194E8,8.52017259878771E8,7.16548524665744E8,2.80140562112841E8,2049808,3886546,5013796,4211533,4462923,1741595,87697.2438,174062.2111,218379.1286,203721.1114,161146.8702,64849.8016,1.74245244856979E8,3.55924242290809E8,4.52866534126971E8,4.34880842712559E8,3.32893735583132E8,1.3333903925233E8,-0.005063317,0.021081909,0.03895918,0.016585685584417472,-0.038862803,-0.00162359,1984.64,2026.48,2105.43,2140.35,2057.17,2053.83,1994.74,1984.65,2026.48,2105.43,2140.35,2057.18,2019.65,2085,2124.03,2167.85,2159.37,2081.76,1938.82,1980.28,2012.64,2082.08,2017.04,2040.66,166726.7382,338304.4344,421897.9023,399227.3779,346872.8323,136266.6393,3.3124965402983E8,6.91966365082457E8,8.74387220206194E8,8.52017259878771E8,7.16548524665744E8,2.80140562112841E8,2049808,3886546,5013796,4211533,4462923,1741595,87697.2438,174062.2111,218379.1286,203721.1114,161146.8702,64849.8016,1.74245244856979E8,3.55924242290809E8,4.52866534126971E8,4.34880842712559E8,3.32893735583132E8,1.3333903925233E8,-0.005063317,0.021081909,0.03895918,0.016585685584417472,-0.038862803,-0.00162359,1984.64,2026.48,2105.43,2140.35,2057.17,2053.83,2065.52
2026-04-04T00:00:00,1984.65,2026.48,2105.43,2140.35,2057.18,2053.83,2085,2124.03,2167.85,2159.37,2081.76,2084,1980.28,2012.64,2082.08,2017.04,2040.66,2044.63,338304.4344,421897.9023,399227.3779,346872.8323,136266.6393,86504.4406,6.91966365082457E8,8.74387220206194E8,8.52017259878771E8,7.16548524665744E8,2.80140562112841E8,1.78054333996784E8,3886546,5013796,4211533,4462923,1741595,1246022,174062.2111,218379.1286,203721.1114,161146.8702,64849.8016,42789.6573,3.55924242290809E8,4.52866534126971E8,4.34880842712559E8,3.32893735583132E8,1.3333903925233E8,8.8100430809662E7,0.021081909,0.03895918,0.016585685584417472,-0.038862803,-0.00162359,0.005691805,2026.48,2105.43,2140.35,2057.17,2053.83,2065.52,1984.65,2026.48,2105.43,2140.35,2057.18,2053.83,2085,2124.03,2167.85,2159.37,2081.76,2084,1980.28,2012.64,2082.08,2017.04,2040.66,2044.63,338304.4344,421897.9023,399227.3779,346872.8323,136266.6393,86504.4406,6.91966365082457E8,8.74387220206194E8,8.52017259878771E8,7.16548524665744E8,2.80140562112841E8,1.78054333996784E8,3886546,5013796,4211533,4462923,1741595,1246022,174062.2111,218379.1286,203721.1114,161146.8702,64849.8016,42789.6573,3.55924242290809E8,4.52866534126971E8,4.34880842712559E8,3.32893735583132E8,1.3333903925233E8,8.8100430809662E7,0.021081909,0.03895918,0.016585685584417472,-0.038862803,-0.00162359,0.005691805,2026.48,2105.43,2140.35,2057.17,2053.83,2065.52,2110.17
2026-04-05T00:00:00,2026.48,2105.43,2140.35,2057.18,2053.83,2065.51,2124.03,2167.85,2159.37,2081.76,2084,2123.49,2012.64,2082.08,2017.04,2040.66,2044.63,2021.5,421897.9023,399227.3779,346872.8323,136266.6393,86504.4406,157353.3199,8.74387220206194E8,8.52017259878771E8,7.16548524665744E8,2.80140562112841E8,1.78054333996784E8,3.24727424312346E8,5013796,4211533,4462923,1741595,1246022,2504865,218379.1286,203721.1114,161146.8702,64849.8016,42789.6573,78363.4974,4.52866534126971E8,4.34880842712559E8,3.32893735583132E8,1.3333903925233E8,8.8100430809662E7,1.61754815545079E8,0.03895918,0.016585685584417472,-0.038862803,-0.00162359,0.005691805,0.021616832565165233,2105.43,2140.35,2057.17,2053.83,2065.52,2110.17,2026.48,2105.43,2140.35,2057.18,2053.83,2065.51,2124.03,2167.85,2159.37,2081.76,2084,2123.49,2012.64,2082.08,2017.04,2040.66,2044.63,2021.5,421897.9023,399227.3779,346872.8323,136266.6393,86504.4406,157353.3199,8.74387220206194E8,8.52017259878771E8,7.16548524665744E8,2.80140562112841E8,1.78054333996784E8,3.24727424312346E8,5013796,4211533,4462923,1741595,1246022,2504865,218379.1286,203721.1114,161146.8702,64849.8016,42789.6573,78363.4974,4.52866534126971E8,4.34880842712559E8,3.32893735583132E8,1.3333903925233E8,8.8100430809662E7,1.61754815545079E8,0.03895918,0.016585685584417472,-0.038862803,-0.00162359,0.005691805,0.021616832565165233,2105.43,2140.35,2057.17,2053.83,2065.52,2110.17,2107.16
2026-04-06T00:00:00,2105.43,2140.35,2057.18,2053.83,2065.51,2110.17,2167.85,2159.37,2081.76,2084,2123.49,2174.79,2082.08,2017.04,2040.66,2044.63,2021.5,2087.5,399227.3779,346872.8323,136266.6393,86504.4406,157353.3199,356054.2894,8.52017259878771E8,7.16548524665744E8,2.80140562112841E8,1.78054333996784E8,3.24727424312346E8,7.61391237671373E8,4211533,4462923,1741595,1246022,2504865,5330366,203721.1114,161146.8702,64849.8016,42789.6573,78363.4974,180414.5093,4.34880842712559E8,3.32893735583132E8,1.3333903925233E8,8.8100430809662E7,1.61754815545079E8,3.85813662231182E8,0.016585685584417472,-0.038862803,-0.00162359,0.005691805,0.021616832565165233,-0.001426425,2140.35,2057.17,2053.83,2065.52,2110.17,2107.16,2105.43,2140.35,2057.18,2053.83,2065.51,2110.17,2167.85,2159.37,2081.76,2084,2123.49,2174.79,2082.08,2017.04,2040.66,2044.63,2021.5,2087.5,399227.3779,346872.8323,136266.6393,86504.4406,157353.3199,356054.2894,8.52017259878771E8,7.16548524665744E8,2.80140562112841E8,1.78054333996784E8,3.24727424312346E8,7.61391237671373E8,4211533,4462923,1741595,1246022,2504865,5330366,203721.1114,161146.8702,64849.8016,42789.6573,78363.4974,180414.5093,4.34880842712559E8,3.32893735583132E8,1.3333903925233E8,8.8100430809662E7,1.61754815545079E8,3.85813662231182E8,0.016585685584417472,-0.038862803,-0.00162359,0.005691805,0.021616832565165233,-0.001426425,2140.35,2057.17,2053.83,2065.52,2110.17,2107.16,2240.01
2026-04-07T00:00:00,2140.35,2057.18,2053.83,2065.51,2110.17,2107.16,2159.37,2081.76,2084,2123.49,2174.79,2273.87,2017.04,2040.66,2044.63,2021.5,2087.5,2060.24,346872.8323,136266.6393,86504.4406,157353.3199,356054.2894,460094.8093,7.16548524665744E8,2.80140562112841E8,1.78054333996784E8,3.24727424312346E8,7.61391237671373E8,9.86211206778875E8,4462923,1741595,1246022,2504865,5330366,5189711,161146.8702,64849.8016,42789.6573,78363.4974,180414.5093,239252.9777,3.32893735583132E8,1.3333903925233E8,8.8100430809662E7,1.61754815545079E8,3.85813662231182E8,5.13077515537625E8,-0.038862803,-0.00162359,0.005691805,0.021616832565165233,-0.001426425,0.063046945,2057.17,2053.83,2065.52,2110.17,2107.16,2240.01,2140.35,2057.18,2053.83,2065.51,2110.17,2107.16,2159.37,2081.76,2084,2123.49,2174.79,2273.87,2017.04,2040.66,2044.63,2021.5,2087.5,2060.24,346872.8323,136266.6393,86504.4406,157353.3199,356054.2894,460094.8093,7.16548524665744E8,2.80140562112841E8,1.78054333996784E8,3.24727424312346E8,7.61391237671373E8,9.86211206778875E8,4462923,1741595,1246022,2504865,5330366,5189711,161146.8702,64849.8016,42789.6573,78363.4974,180414.5093,239252.9777,3.32893735583132E8,1.3333903925233E8,8.8100430809662E7,1.61754815545079E8,3.85813662231182E8,5.13077515537625E8,-0.038862803,-0.00162359,0.005691805,0.021616832565165233,-0.001426425,0.063046945,2057.17,2053.83,2065.52,2110.17,2107.16,2240.01,2190
2026-04-08T00:00:00,2057.18,2053.83,2065.51,2110.17,2107.16,2240.01,2081.76,2084,2123.49,2174.79,2273.87,2270.55,2040.66,2044.63,2021.5,2087.5,2060.24,2179.78,136266.6393,86504.4406,157353.3199,356054.2894,460094.8093,404717.6321,2.80140562112841E8,1.78054333996784E8,3.24727424312346E8,7.61391237671373E8,9.86211206778875E8,9.02920921749915E8,1741595,1246022,2504865,5330366,5189711,4339985,64849.8016,42789.6573,78363.4974,180414.5093,239252.9777,190983.3243,1.3333903925233E8,8.8100430809662E7,1.61754815545079E8,3.85813662231182E8,5.13077515537625E8,4.26109014229703E8,-0.00162359,0.005691805,0.021616832565165233,-0.001426425,0.063046945,-0.022325793,2053.83,2065.52,2110.17,2107.16,2240.01,2190,2057.18,2053.83,2065.51,2110.17,2107.16,2240.01,2081.76,2084,2123.49,2174.79,2273.87,2270.55,2040.66,2044.63,2021.5,2087.5,2060.24,2179.78,136266.6393,86504.4406,157353.3199,356054.2894,460094.8093,404717.6321,2.80140562112841E8,1.78054333996784E8,3.24727424312346E8,7.61391237671373E8,9.86211206778875E8,9.02920921749915E8,1741595,1246022,2504865,5330366,5189711,4339985,64849.8016,42789.6573,78363.4974,180414.5093,239252.9777,190983.3243,1.3333903925233E8,8.8100430809662E7,1.61754815545079E8,3.85813662231182E8,5.13077515537625E8,4.26109014229703E8,-0.00162359,0.005691805,0.021616832565165233,-0.001426425,0.063046945,-0.022325793,2053.83,2065.52,2110.17,2107.16,2240.01,2190,2190.2
2026-04-09T00:00:00,2053.83,2065.51,2110.17,2107.16,2240.01,2190,2084,2123.49,2174.79,2273.87,2270.55,2246,2044.63,2021.5,2087.5,2060.24,2179.78,2157.31,86504.4406,157353.3199,356054.2894,460094.8093,404717.6321,275317.9503,1.78054333996784E8,3.24727424312346E8,7.61391237671373E8,9.86211206778875E8,9.02920921749915E8,6.04408302665429E8,1246022,2504865,5330366,5189711,4339985,3756386,42789.6573,78363.4974,180414.5093,239252.9777,190983.3243,135540.5413,8.8100430809662E7,1.61754815545079E8,3.85813662231182E8,5.13077515537625E8,4.26109014229703E8,2.97732725565674E8,0.005691805,0.021616832565165233,-0.001426425,0.063046945,-0.022325793,9.132420091315895E-5,2065.52,2110.17,2107.16,2240.01,2190,2190.2,2053.83,2065.51,2110.17,2107.16,2240.01,2190,2084,2123.49,2174.79,2273.87,2270.55,2246,2044.63,2021.5,2087.5,2060.24,2179.78,2157.31,86504.4406,157353.3199,356054.2894,460094.8093,404717.6321,275317.9503,1.78054333996784E8,3.24727424312346E8,7.61391237671373E8,9.86211206778875E8,9.02920921749915E8,6.04408302665429E8,1246022,2504865,5330366,5189711,4339985,3756386,42789.6573,78363.4974,180414.5093,239252.9777,190983.3243,135540.5413,8.8100430809662E7,1.61754815545079E8,3.85813662231182E8,5.13077515537625E8,4.26109014229703E8,2.97732725565674E8,0.005691805,0.021616832565165233,-0.001426425,0.063046945,-0.022325793,9.132420091315895E-5,2065.52,2110.17,2107.16,2240.01,2190,2190.2,2245.05
2026-04-10T00:00:00,2065.51,2110.17,2107.16,2240.01,2190,2190.17,2123.49,2174.79,2273.87,2270.55,2246,2257.99,2021.5,2087.5,2060.24,2179.78,2157.31,2176.1,157353.3199,356054.2894,460094.8093,404717.6321,275317.9503,272899.0858,3.24727424312346E8,7.61391237671373E8,9.86211206778875E8,9.02920921749915E8,6.04408302665429E8,6.05992300076126E8,2504865,5330366,5189711,4339985,3756386,2929213,78363.4974,180414.5093,239252.9777,190983.3243,135540.5413,132077.3122,1.61754815545079E8,3.85813662231182E8,5.13077515537625E8,4.26109014229703E8,2.97732725565674E8,2.93534507028314E8,0.021616832565165233,-0.001426425,0.063046945,-0.022325793,9.132420091315895E-5,0.025043375034243615,2110.17,2107.16,2240.01,2190,2190.2,2245.05,2065.51,2110.17,2107.16,2240.01,2190,2190.17,2123.49,2174.79,2273.87,2270.55,2246,2257.99,2021.5,2087.5,2060.24,2179.78,2157.31,2176.1,157353.3199,356054.2894,460094.8093,404717.6321,275317.9503,272899.0858,3.24727424312346E8,7.61391237671373E8,9.86211206778875E8,9.02920921749915E8,6.04408302665429E8,6.05992300076126E8,2504865,5330366,5189711,4339985,3756386,2929213,78363.4974,180414.5093,239252.9777,190983.3243,135540.5413,132077.3122,1.61754815545079E8,3.85813662231182E8,5.13077515537625E8,4.26109014229703E8,2.97732725565674E8,2.93534507028314E8,0.021616832565165233,-0.001426425,0.063046945,-0.022325793,9.132420091315895E-5,0.025043375034243615,2110.17,2107.16,2240.01,2190,2190.2,2245.05,2284.99
2026-04-11T00:00:00,2110.17,2107.16,2240.01,2190,2190.17,2245.06,2174.79,2273.87,2270.55,2246,2257.99,2329.93,2087.5,2060.24,2179.78,2157.31,2176.1,2229,356054.2894,460094.8093,404717.6321,275317.9503,272899.0858,214785.4039,7.61391237671373E8,9.86211206778875E8,9.02920921749915E8,6.04408302665429E8,6.05992300076126E8,4.88370993146922E8,5330366,5189711,4339985,3756386,2929213,1929651,180414.5093,239252.9777,190983.3243,135540.5413,132077.3122,107238.9877,3.85813662231182E8,5.13077515537625E8,4.26109014229703E8,2.97732725565674E8,2.93534507028314E8,2.43918090904994E8,-0.001426425,0.063046945,-0.022325793,9.132420091315895E-5,0.025043375034243615,0.017790249660363733,2107.16,2240.01,2190,2190.2,2245.05,2284.99,2110.17,2107.16,2240.01,2190,2190.17,2245.06,2174.79,2273.87,2270.55,2246,2257.99,2329.93,2087.5,2060.24,2179.78,2157.31,2176.1,2229,356054.2894,460094.8093,404717.6321,275317.9503,272899.0858,214785.4039,7.61391237671373E8,9.86211206778875E8,9.02920921749915E8,6.04408302665429E8,6.05992300076126E8,4.88370993146922E8,5330366,5189711,4339985,3756386,2929213,1929651,180414.5093,239252.9777,190983.3243,135540.5413,132077.3122,107238.9877,3.85813662231182E8,5.13077515537625E8,4.26109014229703E8,2.97732725565674E8,2.93534507028314E8,2.43918090904994E8,-0.001426425,0.063046945,-0.022325793,9.132420091315895E-5,0.025043375034243615,0.017790249660363733,2107.16,2240.01,2190,2190.2,2245.05,2284.99,2191.65
2026-04-12T00:00:00,2107.16,2240.01,2190,2190.17,2245.06,2285,2273.87,2270.55,2246,2257.99,2329.93,2288.57,2060.24,2179.78,2157.31,2176.1,2229,2175,460094.8093,404717.6321,275317.9503,272899.0858,214785.4039,258156.8821,9.86211206778875E8,9.02920921749915E8,6.04408302665429E8,6.05992300076126E8,4.88370993146922E8,5.71520838841888E8,5189711,4339985,3756386,2929213,1929651,2575808,239252.9777,190983.3243,135540.5413,132077.3122,107238.9877,125658.2437,5.13077515537625E8,4.26109014229703E8,2.97732725565674E8,2.93534507028314E8,2.43918090904994E8,2.78162577109033E8,0.063046945,-0.022325793,9.132420091315895E-5,0.025043375034243615,0.017790249660363733,-0.040849194,2240.01,2190,2190.2,2245.05,2284.99,2191.65,2107.16,2240.01,2190,2190.17,2245.06,2285,2273.87,2270.55,2246,2257.99,2329.93,2288.57,2060.24,2179.78,2157.31,2176.1,2229,2175,460094.8093,404717.6321,275317.9503,272899.0858,214785.4039,258156.8821,9.86211206778875E8,9.02920921749915E8,6.04408302665429E8,6.05992300076126E8,4.88370993146922E8,5.71520838841888E8,5189711,4339985,3756386,2929213,1929651,2575808,239252.9777,190983.3243,135540.5413,132077.3122,107238.9877,125658.2437,5.13077515537625E8,4.26109014229703E8,2.97732725565674E8,2.93534507028314E8,2.43918090904994E8,2.78162577109033E8,0.063046945,-0.022325793,9.132420091315895E-5,0.025043375034243615,0.017790249660363733,-0.040849194,2240.01,2190,2190.2,2245.05,2284.99,2191.65,2369.46
2026-04-13T00:00:00,2240.01,2190,2190.17,2245.06,2285,2191.64,2270.55,2246,2257.99,2329.93,2288.57,2394.71,2179.78,2157.31,2176.1,2229,2175,2175.68,404717.6321,275317.9503,272899.0858,214785.4039,258156.8821,453870.8292,9.02920921749915E8,6.04408302665429E8,6.05992300076126E8,4.88370993146922E8,5.71520838841888E8,1.029253015586254E9,4339985,3756386,2929213,1929651,2575808,4527557,190983.3243,135540.5413,132077.3122,107238.9877,125658.2437,234599.9045,4.26109014229703E8,2.97732725565674E8,2.93534507028314E8,2.43918090904994E8,2.78162577109033E8,5.31843331731738E8,-0.022325793,9.132420091315895E-5,0.025043375034243615,0.017790249660363733,-0.040849194,0.081130655,2190,2190.2,2245.05,2284.99,2191.65,2369.46,2240.01,2190,2190.17,2245.06,2285,2191.64,2270.55,2246,2257.99,2329.93,2288.57,2394.71,2179.78,2157.31,2176.1,2229,2175,2175.68,404717.6321,275317.9503,272899.0858,214785.4039,258156.8821,453870.8292,9.02920921749915E8,6.04408302665429E8,6.05992300076126E8,4.88370993146922E8,5.71520838841888E8,1.029253015586254E9,4339985,3756386,2929213,1929651,2575808,4527557,190983.3243,135540.5413,132077.3122,107238.9877,125658.2437,234599.9045,4.26109014229703E8,2.97732725565674E8,2.93534507028314E8,2.43918090904994E8,2.78162577109033E8,5.31843331731738E8,-0.022325793,9.132420091315895E-5,0.025043375034243615,0.017790249660363733,-0.040849194,0.081130655,2190,2190.2,2245.05,2284.99,2191.65,2369.46,2322.44
2026-04-14T00:00:00,2190,2190.17,2245.06,2285,2191.64,2369.46,2246,2257.99,2329.93,2288.57,2394.71,2415.5,2157.31,2176.1,2229,2175,2175.68,2302.9,275317.9503,272899.0858,214785.4039,258156.8821,453870.8292,460107.3841,6.04408302665429E8,6.05992300076126E8,4.88370993146922E8,5.71520838841888E8,1.029253015586254E9,1.087699649074122E9,3756386,2929213,1929651,2575808,4527557,3689565,135540.5413,132077.3122,107238.9877,125658.2437,234599.9045,226148.4763,2.97732725565674E8,2.93534507028314E8,2.43918090904994E8,2.78162577109033E8,5.31843331731738E8,5.34958937284315E8,9.132420091315895E-5,0.025043375034243615,0.017790249660363733,-0.040849194,0.081130655,-0.019844184,2190.2,2245.05,2284.99,2191.65,2369.46,2322.44,2190,2190.17,2245.06,2285,2191.64,2369.46,2246,2257.99,2329.93,2288.57,2394.71,2415.5,2157.31,2176.1,2229,2175,2175.68,2302.9,275317.9503,272899.0858,214785.4039,258156.8821,453870.8292,460107.3841,6.04408302665429E8,6.05992300076126E8,4.88370993146922E8,5.71520838841888E8,1.029253015586254E9,1.087699649074122E9,3756386,2929213,1929651,2575808,4527557,3689565,135540.5413,132077.3122,107238.9877,125658.2437,234599.9045,226148.4763,2.97732725565674E8,2.93534507028314E8,2.43918090904994E8,2.78162577109033E8,5.31843331731738E8,5.34958937284315E8,9.132420091315895E-5,0.025043375034243615,0.017790249660363733,-0.040849194,0.081130655,-0.019844184,2190.2,2245.05,2284.99,2191.65,2369.46,2322.44,2359.95
2026-04-15T00:00:00,2190.17,2245.06,2285,2191.64,2369.46,2322.44,2257.99,2329.93,2288.57,2394.71,2415.5,2385.61,2176.1,2229,2175,2175.68,2302.9,2308.5,272899.0858,214785.4039,258156.8821,453870.8292,460107.3841,268190.6377,6.05992300076126E8,4.88370993146922E8,5.71520838841888E8,1.029253015586254E9,1.087699649074122E9,6.27841344479089E8,2929213,1929651,2575808,4527557,3689565,3232871,132077.3122,107238.9877,125658.2437,234599.9045,226148.4763,126442.7153,2.93534507028314E8,2.43918090904994E8,2.78162577109033E8,5.31843331731738E8,5.34958937284315E8,2.95982409848983E8,0.025043375034243615,0.017790249660363733,-0.040849194,0.081130655,-0.019844184,0.016151117,2245.05,2284.99,2191.65,2369.46,2322.44,2359.95,2190.17,2245.06,2285,2191.64,2369.46,2322.44,2257.99,2329.93,2288.57,2394.71,2415.5,2385.61,2176.1,2229,2175,2175.68,2302.9,2308.5,272899.0858,214785.4039,258156.8821,453870.8292,460107.3841,268190.6377,6.05992300076126E8,4.88370993146922E8,5.71520838841888E8,1.029253015586254E9,1.087699649074122E9,6.27841344479089E8,2929213,1929651,2575808,4527557,3689565,3232871,132077.3122,107238.9877,125658.2437,234599.9045,226148.4763,126442.7153,2.93534507028314E8,2.43918090904994E8,2.78162577109033E8,5.31843331731738E8,5.34958937284315E8,2.95982409848983E8,0.025043375034243615,0.017790249660363733,-0.040849194,0.081130655,-0.019844184,0.016151117,2245.05,2284.99,2191.65,2369.46,2322.44,2359.95,2348.17
2026-04-16T00:00:00,2245.06,2285,2191.64,2369.46,2322.44,2359.94,2329.93,2288.57,2394.71,2415.5,2385.61,2369.59,2229,2175,2175.68,2302.9,2308.5,2285.1,214785.4039,258156.8821,453870.8292,460107.3841,268190.6377,328960.9377,4.88370993146922E8,5.71520838841888E8,1.029253015586254E9,1.087699649074122E9,6.27841344479089E8,7.67882725893263E8,1929651,2575808,4527557,3689565,3232871,3793210,107238.9877,125658.2437,234599.9045,226148.4763,126442.7153,155922.2439,2.43918090904994E8,2.78162577109033E8,5.31843331731738E8,5.34958937284315E8,2.95982409848983E8,3.63994207031231E8,0.017790249660363733,-0.040849194,0.081130655,-0.019844184,0.016151117,-0.004991631,2284.99,2191.65,2369.46,2322.44,2359.95,2348.17,2245.06,2285,2191.64,2369.46,2322.44,2359.94,2329.93,2288.57,2394.71,2415.5,2385.61,2369.59,2229,2175,2175.68,2302.9,2308.5,2285.1,214785.4039,258156.8821,453870.8292,460107.3841,268190.6377,328960.9377,4.88370993146922E8,5.71520838841888E8,1.029253015586254E9,1.087699649074122E9,6.27841344479089E8,7.67882725893263E8,1929651,2575808,4527557,3689565,3232871,3793210,107238.9877,125658.2437,234599.9045,226148.4763,126442.7153,155922.2439,2.43918090904994E8,2.78162577109033E8,5.31843331731738E8,5.34958937284315E8,2.95982409848983E8,3.63994207031231E8,0.017790249660363733,-0.040849194,0.081130655,-0.019844184,0.016151117,-0.004991631,2284.99,2191.65,2369.46,2322.44,2359.95,2348.17,2419
2026-04-17T00:00:00,2285,2191.64,2369.46,2322.44,2359.94,2348.16,2288.57,2394.71,2415.5,2385.61,2369.59,2464.91,2175,2175.68,2302.9,2308.5,2285.1,2317.43,258156.8821,453870.8292,460107.3841,268190.6377,328960.9377,491731.3615,5.71520838841888E8,1.029253015586254E9,1.087699649074122E9,6.27841344479089E8,7.67882725893263E8,1.182467392606106E9,2575808,4527557,3689565,3232871,3793210,4541654,125658.2437,234599.9045,226148.4763,126442.7153,155922.2439,252564.9694,2.78162577109033E8,5.31843331731738E8,5.34958937284315E8,2.95982409848983E8,3.63994207031231E8,6.07785958798977E8,-0.040849194,0.081130655,-0.019844184,0.016151117,-0.004991631,0.030163915,2191.65,2369.46,2322.44,2359.95,2348.17,2419,2285,2191.64,2369.46,2322.44,2359.94,2348.16,2288.57,2394.71,2415.5,2385.61,2369.59,2464.91,2175,2175.68,2302.9,2308.5,2285.1,2317.43,258156.8821,453870.8292,460107.3841,268190.6377,328960.9377,491731.3615,5.71520838841888E8,1.029253015586254E9,1.087699649074122E9,6.27841344479089E8,7.67882725893263E8,1.182467392606106E9,2575808,4527557,3689565,3232871,3793210,4541654,125658.2437,234599.9045,226148.4763,126442.7153,155922.2439,252564.9694,2.78162577109033E8,5.31843331731738E8,5.34958937284315E8,2.95982409848983E8,3.63994207031231E8,6.07785958798977E8,-0.040849194,0.081130655,-0.019844184,0.016151117,-0.004991631,0.030163915,2191.65,2369.46,2322.44,2359.95,2348.17,2419,2350.32
2026-04-18T00:00:00,2191.64,2369.46,2322.44,2359.94,2348.16,2419,2394.71,2415.5,2385.61,2369.59,2464.91,2427.64,2175.68,2302.9,2308.5,2285.1,2317.43,2339.92,453870.8292,460107.3841,268190.6377,328960.9377,491731.3615,221741.3888,1.029253015586254E9,1.087699649074122E9,6.27841344479089E8,7.67882725893263E8,1.182467392606106E9,5.26019366775183E8,4527557,3689565,3232871,3793210,4541654,2045925,234599.9045,226148.4763,126442.7153,155922.2439,252564.9694,98727.0694,5.31843331731738E8,5.34958937284315E8,2.95982409848983E8,3.63994207031231E8,6.07785958798977E8,2.34161468610884E8,0.081130655,-0.019844184,0.016151117,-0.004991631,0.030163915,-0.028391897,2369.46,2322.44,2359.95,2348.17,2419,2350.32,2191.64,2369.46,2322.44,2359.94,2348.16,2419,2394.71,2415.5,2385.61,2369.59,2464.91,2427.64,2175.68,2302.9,2308.5,2285.1,2317.43,2339.92,453870.8292,460107.3841,268190.6377,328960.9377,491731.3615,221741.3888,1.029253015586254E9,1.087699649074122E9,6.27841344479089E8,7.67882725893263E8,1.182467392606106E9,5.26019366775183E8,4527557,3689565,3232871,3793210,4541654,2045925,234599.9045,226148.4763,126442.7153,155922.2439,252564.9694,98727.0694,5.31843331731738E8,5.34958937284315E8,2.95982409848983E8,3.63994207031231E8,6.07785958798977E8,2.34161468610884E8,0.081130655,-0.019844184,0.016151117,-0.004991631,0.030163915,-0.028391897,2369.46,2322.44,2359.95,2348.17,2419,2350.32,2263.27
2026-04-19T00:00:00,2369.46,2322.44,2359.94,2348.16,2419,2350.33,2415.5,2385.61,2369.59,2464.91,2427.64,2355.3,2302.9,2308.5,2285.1,2317.43,2339.92,2252.72,460107.3841,268190.6377,328960.9377,491731.3615,221741.3888,256086.8276,1.087699649074122E9,6.27841344479089E8,7.67882725893263E8,1.182467392606106E9,5.26019366775183E8,5.9110851309305E8,3689565,3232871,3793210,4541654,2045925,2728260,226148.4763,126442.7153,155922.2439,252564.9694,98727.0694,119800.9019,5.34958937284315E8,2.95982409848983E8,3.63994207031231E8,6.07785958798977E8,2.34161468610884E8,2.76635006888945E8,-0.019844184,0.016151117,-0.004991631,0.030163915,-0.028391897,-0.03703751,2322.44,2359.95,2348.17,2419,2350.32,2263.27,2369.46,2322.44,2359.94,2348.16,2419,2350.33,2415.5,2385.61,2369.59,2464.91,2427.64,2355.3,2302.9,2308.5,2285.1,2317.43,2339.92,2252.72,460107.3841,268190.6377,328960.9377,491731.3615,221741.3888,256086.8276,1.087699649074122E9,6.27841344479089E8,7.67882725893263E8,1.182467392606106E9,5.26019366775183E8,5.9110851309305E8,3689565,3232871,3793210,4541654,2045925,2728260,226148.4763,126442.7153,155922.2439,252564.9694,98727.0694,119800.9019,5.34958937284315E8,2.95982409848983E8,3.63994207031231E8,6.07785958798977E8,2.34161468610884E8,2.76635006888945E8,-0.019844184,0.016151117,-0.004991631,0.030163915,-0.028391897,-0.03703751,2322.44,2359.95,2348.17,2419,2350.32,2263.27,2313.85
2026-04-20T00:00:00,2322.44,2359.94,2348.16,2419,2350.33,2263.28,2385.61,2369.59,2464.91,2427.64,2355.3,2346.78,2308.5,2285.1,2317.43,2339.92,2252.72,2259.67,268190.6377,328960.9377,491731.3615,221741.3888,256086.8276,301000.0659,6.27841344479089E8,7.67882725893263E8,1.182467392606106E9,5.26019366775183E8,5.9110851309305E8,6.94052197978693E8,3232871,3793210,4541654,2045925,2728260,3751621,126442.7153,155922.2439,252564.9694,98727.0694,119800.9019,149027.6285,2.95982409848983E8,3.63994207031231E8,6.07785958798977E8,2.34161468610884E8,2.76635006888945E8,3.43672032590961E8,0.016151117,-0.004991631,0.030163915,-0.028391897,-0.03703751,0.022348195310325294,2359.95,2348.17,2419,2350.32,2263.27,2313.85,2322.44,2359.94,2348.16,2419,2350.33,2263.28,2385.61,2369.59,2464.91,2427.64,2355.3,2346.78,2308.5,2285.1,2317.43,2339.92,2252.72,2259.67,268190.6377,328960.9377,491731.3615,221741.3888,256086.8276,301000.0659,6.27841344479089E8,7.67882725893263E8,1.182467392606106E9,5.26019366775183E8,5.9110851309305E8,6.94052197978693E8,3232871,3793210,4541654,2045925,2728260,3751621,126442.7153,155922.2439,252564.9694,98727.0694,119800.9019,149027.6285,2.95982409848983E8,3.63994207031231E8,6.07785958798977E8,2.34161468610884E8,2.76635006888945E8,3.43672032590961E8,0.016151117,-0.004991631,0.030163915,-0.028391897,-0.03703751,0.022348195310325294,2359.95,2348.17,2419,2350.32,2263.27,2313.85,2327.14
2026-04-21T00:00:00,2359.94,2348.16,2419,2350.33,2263.28,2313.84,2369.59,2464.91,2427.64,2355.3,2346.78,2338.75,2285.1,2317.43,2339.92,2252.72,2259.67,2284.19,328960.9377,491731.3615,221741.3888,256086.8276,301000.0659,226645.977,7.67882725893263E8,1.182467392606106E9,5.26019366775183E8,5.9110851309305E8,6.94052197978693E8,5.2418694963958E8,3793210,4541654,2045925,2728260,3751621,3398934,155922.2439,252564.9694,98727.0694,119800.9019,149027.6285,108621.4578,3.63994207031231E8,6.07785958798977E8,2.34161468610884E8,2.76635006888945E8,3.43672032590961E8,2.51286503845979E8,-0.004991631,0.030163915,-0.028391897,-0.03703751,0.022348195310325294,0.005743674,2348.17,2419,2350.32,2263.27,2313.85,2327.14,2359.94,2348.16,2419,2350.33,2263.28,2313.84,2369.59,2464.91,2427.64,2355.3,2346.78,2338.75,2285.1,2317.43,2339.92,2252.72,2259.67,2284.19,328960.9377,491731.3615,221741.3888,256086.8276,301000.0659,226645.977,7.67882725893263E8,1.182467392606106E9,5.26019366775183E8,5.9110851309305E8,6.94052197978693E8,5.2418694963958E8,3793210,4541654,2045925,2728260,3751621,3398934,155922.2439,252564.9694,98727.0694,119800.9019,149027.6285,108621.4578,3.63994207031231E8,6.07785958798977E8,2.34161468610884E8,2.76635006888945E8,3.43672032590961E8,2.51286503845979E8,-0.004991631,0.030163915,-0.028391897,-0.03703751,0.022348195310325294,0.005743674,2348.17,2419,2350.32,2263.27,2313.85,2327.14,2374.07
2026-04-22T00:00:00,2348.16,2419,2350.33,2263.28,2313.84,2327.15,2464.91,2427.64,2355.3,2346.78,2338.75,2423.75,2317.43,2339.92,2252.72,2259.67,2284.19,2312.95,491731.3615,221741.3888,256086.8276,301000.0659,226645.977,379707.1259,1.182467392606106E9,5.26019366775183E8,5.9110851309305E8,6.94052197978693E8,5.2418694963958E8,9.06985929200687E8,4541654,2045925,2728260,3751621,3398934,4230243,252564.9694,98727.0694,119800.9019,149027.6285,108621.4578,191758.2678,6.07785958798977E8,2.34161468610884E8,2.76635006888945E8,3.43672032590961E8,2.51286503845979E8,4.5799692349354E8,0.030163915,-0.028391897,-0.03703751,0.022348195310325294,0.005743674,0.020166384,2419,2350.32,2263.27,2313.85,2327.14,2374.07,2348.16,2419,2350.33,2263.28,2313.84,2327.15,2464.91,2427.64,2355.3,2346.78,2338.75,2423.75,2317.43,2339.92,2252.72,2259.67,2284.19,2312.95,491731.3615,221741.3888,256086.8276,301000.0659,226645.977,379707.1259,1.182467392606106E9,5.26019366775183E8,5.9110851309305E8,6.94052197978693E8,5.2418694963958E8,9.06985929200687E8,4541654,2045925,2728260,3751621,3398934,4230243,252564.9694,98727.0694,119800.9019,149027.6285,108621.4578,191758.2678,6.07785958798977E8,2.34161468610884E8,2.76635006888945E8,3.43672032590961E8,2.51286503845979E8,4.5799692349354E8,0.030163915,-0.028391897,-0.03703751,0.022348195310325294,0.005743674,0.020166384,2419,2350.32,2263.27,2313.85,2327.14,2374.07,2330.26
2026-04-23T00:00:00,2419,2350.33,2263.28,2313.84,2327.15,2374.08,2427.64,2355.3,2346.78,2338.75,2423.75,2382,2339.92,2252.72,2259.67,2284.19,2312.95,2285.42,221741.3888,256086.8276,301000.0659,226645.977,379707.1259,356645.6923,5.26019366775183E8,5.9110851309305E8,6.94052197978693E8,5.2418694963958E8,9.06985929200687E8,8.31612346681225E8,2045925,2728260,3751621,3398934,4230243,4079579,98727.0694,119800.9019,149027.6285,108621.4578,191758.2678,169637.8993,2.34161468610884E8,2.76635006888945E8,3.43672032590961E8,2.51286503845979E8,4.5799692349354E8,3.95788711633604E8,-0.028391897,-0.03703751,0.022348195310325294,0.005743674,0.020166384,-0.018453542,2350.32,2263.27,2313.85,2327.14,2374.07,2330.26,2419,2350.33,2263.28,2313.84,2327.15,2374.08,2427.64,2355.3,2346.78,2338.75,2423.75,2382,2339.92,2252.72,2259.67,2284.19,2312.95,2285.42,221741.3888,256086.8276,301000.0659,226645.977,379707.1259,356645.6923,5.26019366775183E8,5.9110851309305E8,6.94052197978693E8,5.2418694963958E8,9.06985929200687E8,8.31612346681225E8,2045925,2728260,3751621,3398934,4230243,4079579,98727.0694,119800.9019,149027.6285,108621.4578,191758.2678,169637.8993,2.34161468610884E8,2.76635006888945E8,3.43672032590961E8,2.51286503845979E8,4.5799692349354E8,3.95788711633604E8,-0.028391897,-0.03703751,0.022348195310325294,0.005743674,0.020166384,-0.018453542,2350.32,2263.27,2313.85,2327.14,2374.07,2330.26,2314.99
2026-04-24T00:00:00,2350.33,2263.28,2313.84,2327.15,2374.08,2330.27,2355.3,2346.78,2338.75,2423.75,2382,2337.5,2252.72,2259.67,2284.19,2312.95,2285.42,2300.22,256086.8276,301000.0659,226645.977,379707.1259,356645.6923,183887.6181,5.9110851309305E8,6.94052197978693E8,5.2418694963958E8,9.06985929200687E8,8.31612346681225E8,4.26084826217819E8,2728260,3751621,3398934,4230243,4079579,2413824,119800.9019,149027.6285,108621.4578,191758.2678,169637.8993,88184.8381,2.76635006888945E8,3.43672032590961E8,2.51286503845979E8,4.5799692349354E8,3.95788711633604E8,2.04323992883765E8,-0.03703751,0.022348195310325294,0.005743674,0.020166384,-0.018453542,-0.006552917,2263.27,2313.85,2327.14,2374.07,2330.26,2314.99,2350.33,2263.28,2313.84,2327.15,2374.08,2330.27,2355.3,2346.78,2338.75,2423.75,2382,2337.5,2252.72,2259.67,2284.19,2312.95,2285.42,2300.22,256086.8276,301000.0659,226645.977,379707.1259,356645.6923,183887.6181,5.9110851309305E8,6.94052197978693E8,5.2418694963958E8,9.06985929200687E8,8.31612346681225E8,4.26084826217819E8,2728260,3751621,3398934,4230243,4079579,2413824,119800.9019,149027.6285,108621.4578,191758.2678,169637.8993,88184.8381,2.76635006888945E8,3.43672032590961E8,2.51286503845979E8,4.5799692349354E8,3.95788711633604E8,2.04323992883765E8,-0.03703751,0.022348195310325294,0.005743674,0.020166384,-0.018453542,-0.006552917,2263.27,2313.85,2327.14,2374.07,2330.26,2314.99,2319.5
2026-04-25T00:00:00,2263.28,2313.84,2327.15,2374.08,2330.27,2314.98,2346.78,2338.75,2423.75,2382,2337.5,2323.21,2259.67,2284.19,2312.95,2285.42,2300.22,2300.55,301000.0659,226645.977,379707.1259,356645.6923,183887.6181,68139.2191,6.94052197978693E8,5.2418694963958E8,9.06985929200687E8,8.31612346681225E8,4.26084826217819E8,1.57673587538543E8,3751621,3398934,4230243,4079579,2413824,658757,149027.6285,108621.4578,191758.2678,169637.8993,88184.8381,33589.8529,3.43672032590961E8,2.51286503845979E8,4.5799692349354E8,3.95788711633604E8,2.04323992883765E8,7.7727130994055E7,0.022348195310325294,0.005743674,0.020166384,-0.018453542,-0.006552917,0.001948173,2313.85,2327.14,2374.07,2330.26,2314.99,2319.5,2263.28,2313.84,2327.15,2374.08,2330.27,2314.98,2346.78,2338.75,2423.75,2382,2337.5,2323.21,2259.67,2284.19,2312.95,2285.42,2300.22,2300.55,301000.0659,226645.977,379707.1259,356645.6923,183887.6181,68139.2191,6.94052197978693E8,5.2418694963958E8,9.06985929200687E8,8.31612346681225E8,4.26084826217819E8,1.57673587538543E8,3751621,3398934,4230243,4079579,2413824,658757,149027.6285,108621.4578,191758.2678,169637.8993,88184.8381,33589.8529,3.43672032590961E8,2.51286503845979E8,4.5799692349354E8,3.95788711633604E8,2.04323992883765E8,7.7727130994055E7,0.022348195310325294,0.005743674,0.020166384,-0.018453542,-0.006552917,0.001948173,2313.85,2327.14,2374.07,2330.26,2314.99,2319.5,2369.44
2026-04-26T00:00:00,2313.84,2327.15,2374.08,2330.27,2314.98,2319.49,2338.75,2423.75,2382,2337.5,2323.21,2380,2284.19,2312.95,2285.42,2300.22,2300.55,2306.72,226645.977,379707.1259,356645.6923,183887.6181,68139.2191,154591.6219,5.2418694963958E8,9.06985929200687E8,8.31612346681225E8,4.26084826217819E8,1.57673587538543E8,3.63039217940693E8,3398934,4230243,4079579,2413824,658757,1508570,108621.4578,191758.2678,169637.8993,88184.8381,33589.8529,76876.1717,2.51286503845979E8,4.5799692349354E8,3.95788711633604E8,2.04323992883765E8,7.7727130994055E7,1.80579327354915E8,0.005743674,0.020166384,-0.018453542,-0.006552917,0.001948173,0.021530502263418863,2327.14,2374.07,2330.26,2314.99,2319.5,2369.44,2313.84,2327.15,2374.08,2330.27,2314.98,2319.49,2338.75,2423.75,2382,2337.5,2323.21,2380,2284.19,2312.95,2285.42,2300.22,2300.55,2306.72,226645.977,379707.1259,356645.6923,183887.6181,68139.2191,154591.6219,5.2418694963958E8,9.06985929200687E8,8.31612346681225E8,4.26084826217819E8,1.57673587538543E8,3.63039217940693E8,3398934,4230243,4079579,2413824,658757,1508570,108621.4578,191758.2678,169637.8993,88184.8381,33589.8529,76876.1717,2.51286503845979E8,4.5799692349354E8,3.95788711633604E8,2.04323992883765E8,7.7727130994055E7,1.80579327354915E8,0.005743674,0.020166384,-0.018453542,-0.006552917,0.001948173,0.021530502263418863,2327.14,2374.07,2330.26,2314.99,2319.5,2369.44,2303.67
2026-04-27T00:00:00,2327.15,2374.08,2330.27,2314.98,2319.49,2369.45,2423.75,2382,2337.5,2323.21,2380,2404.37,2312.95,2285.42,2300.22,2300.55,2306.72,2266.09,379707.1259,356645.6923,183887.6181,68139.2191,154591.6219,300363.8586,9.06985929200687E8,8.31612346681225E8,4.26084826217819E8,1.57673587538543E8,3.63039217940693E8,6.97653543100754E8,4230243,4079579,2413824,658757,1508570,3192282,191758.2678,169637.8993,88184.8381,33589.8529,76876.1717,143798.2975,4.5799692349354E8,3.95788711633604E8,2.04323992883765E8,7.7727130994055E7,1.80579327354915E8,3.34290742028397E8,0.020166384,-0.018453542,-0.006552917,0.001948173,0.021530502263418863,-0.027757614,2374.07,2330.26,2314.99,2319.5,2369.44,2303.67,2327.15,2374.08,2330.27,2314.98,2319.49,2369.45,2423.75,2382,2337.5,2323.21,2380,2404.37,2312.95,2285.42,2300.22,2300.55,2306.72,2266.09,379707.1259,356645.6923,183887.6181,68139.2191,154591.6219,300363.8586,9.06985929200687E8,8.31612346681225E8,4.26084826217819E8,1.57673587538543E8,3.63039217940693E8,6.97653543100754E8,4230243,4079579,2413824,658757,1508570,3192282,191758.2678,169637.8993,88184.8381,33589.8529,76876.1717,143798.2975,4.5799692349354E8,3.95788711633604E8,2.04323992883765E8,7.7727130994055E7,1.80579327354915E8,3.34290742028397E8,0.020166384,-0.018453542,-0.006552917,0.001948173,0.021530502263418863,-0.027757614,2374.07,2330.26,2314.99,2319.5,2369.44,2303.67,2289.42
2026-04-28T00:00:00,2374.08,2330.27,2314.98,2319.49,2369.45,2303.66,2382,2337.5,2323.21,2380,2404.37,2310.88,2285.42,2300.22,2300.55,2306.72,2266.09,2258.24,356645.6923,183887.6181,68139.2191,154591.6219,300363.8586,187932.2201,8.31612346681225E8,4.26084826217819E8,1.57673587538543E8,3.63039217940693E8,6.97653543100754E8,4.29094630508975E8,4079579,2413824,658757,1508570,3192282,2346992,169637.8993,88184.8381,33589.8529,76876.1717,143798.2975,94578.0797,3.95788711633604E8,2.04323992883765E8,7.7727130994055E7,1.80579327354915E8,3.34290742028397E8,2.15948355744806E8,-0.018453542,-0.006552917,0.001948173,0.021530502263418863,-0.027757614,-0.006185782,2330.26,2314.99,2319.5,2369.44,2303.67,2289.42,2374.08,2330.27,2314.98,2319.49,2369.45,2303.66,2382,2337.5,2323.21,2380,2404.37,2310.88,2285.42,2300.22,2300.55,2306.72,2266.09,2258.24,356645.6923,183887.6181,68139.2191,154591.6219,300363.8586,187932.2201,8.31612346681225E8,4.26084826217819E8,1.57673587538543E8,3.63039217940693E8,6.97653543100754E8,4.29094630508975E8,4079579,2413824,658757,1508570,3192282,2346992,169637.8993,88184.8381,33589.8529,76876.1717,143798.2975,94578.0797,3.95788711633604E8,2.04323992883765E8,7.7727130994055E7,1.80579327354915E8,3.34290742028397E8,2.15948355744806E8,-0.018453542,-0.006552917,0.001948173,0.021530502263418863,-0.027757614,-0.006185782,2330.26,2314.99,2319.5,2369.44,2303.67,2289.42,2252.9
2026-04-29T00:00:00,2330.27,2314.98,2319.49,2369.45,2303.66,2289.42,2337.5,2323.21,2380,2404.37,2310.88,2346.95,2300.22,2300.55,2306.72,2266.09,2258.24,2220.36,183887.6181,68139.2191,154591.6219,300363.8586,187932.2201,355078.1015,4.26084826217819E8,1.57673587538543E8,3.63039217940693E8,6.97653543100754E8,4.29094630508975E8,8.11555243527633E8,2413824,658757,1508570,3192282,2346992,3588292,88184.8381,33589.8529,76876.1717,143798.2975,94578.0797,178999.8027,2.04323992883765E8,7.7727130994055E7,1.80579327354915E8,3.34290742028397E8,2.15948355744806E8,4.09301744342773E8,-0.006552917,0.001948173,0.021530502263418863,-0.027757614,-0.006185782,-0.015951638,2314.99,2319.5,2369.44,2303.67,2289.42,2252.9,2330.27,2314.98,2319.49,2369.45,2303.66,2289.42,2337.5,2323.21,2380,2404.37,2310.88,2346.95,2300.22,2300.55,2306.72,2266.09,2258.24,2220.36,183887.6181,68139.2191,154591.6219,300363.8586,187932.2201,355078.1015,4.26084826217819E8,1.57673587538543E8,3.63039217940693E8,6.97653543100754E8,4.29094630508975E8,8.11555243527633E8,2413824,658757,1508570,3192282,2346992,3588292,88184.8381,33589.8529,76876.1717,143798.2975,94578.0797,178999.8027,2.04323992883765E8,7.7727130994055E7,1.80579327354915E8,3.34290742028397E8,2.15948355744806E8,4.09301744342773E8,-0.006552917,0.001948173,0.021530502263418863,-0.027757614,-0.006185782,-0.015951638,2314.99,2319.5,2369.44,2303.67,2289.42,2252.9,2257.51
2026-04-30T00:00:00,2314.98,2319.49,2369.45,2303.66,2289.42,2252.9,2323.21,2380,2404.37,2310.88,2346.95,2279,2300.55,2306.72,2266.09,2258.24,2220.36,2231.64,68139.2191,154591.6219,300363.8586,187932.2201,355078.1015,167194.2776,1.57673587538543E8,3.63039217940693E8,6.97653543100754E8,4.29094630508975E8,8.11555243527633E8,3.77557889671635E8,658757,1508570,3192282,2346992,3588292,2649837,33589.8529,76876.1717,143798.2975,94578.0797,178999.8027,83993.1124,7.7727130994055E7,1.80579327354915E8,3.34290742028397E8,2.15948355744806E8,4.09301744342773E8,1.89738754617926E8,0.001948173,0.021530502263418863,-0.027757614,-0.006185782,-0.015951638,0.002046251,2319.5,2369.44,2303.67,2289.42,2252.9,2257.51,2314.98,2319.49,2369.45,2303.66,2289.42,2252.9,2323.21,2380,2404.37,2310.88,2346.95,2279,2300.55,2306.72,2266.09,2258.24,2220.36,2231.64,68139.2191,154591.6219,300363.8586,187932.2201,355078.1015,167194.2776,1.57673587538543E8,3.63039217940693E8,6.97653543100754E8,4.29094630508975E8,8.11555243527633E8,3.77557889671635E8,658757,1508570,3192282,2346992,3588292,2649837,33589.8529,76876.1717,143798.2975,94578.0797,178999.8027,83993.1124,7.7727130994055E7,1.80579327354915E8,3.34290742028397E8,2.15948355744806E8,4.09301744342773E8,1.89738754617926E8,0.001948173,0.021530502263418863,-0.027757614,-0.006185782,-0.015951638,0.002046251,2319.5,2369.44,2303.67,2289.42,2252.9,2257.51,2295.63
