date,BTC.open_5,BTC.open_4,BTC.open_3,BTC.open_2,BTC.open_1,BTC.open,BTC.high_5,BTC.high_4,BTC.high_3,BTC.high_2,BTC.high_1,BTC.high,BTC.low_5,BTC.low_4,BTC.low_3,BTC.low_2,BTC.low_1,BTC.low,BTC.quoteAssetVolume_5,BTC.quoteAssetVolume_4,BTC.quoteAssetVolume_3,BTC.quoteAssetVolume_2,BTC.quoteAssetVolume_1,BTC.quoteAssetVolume,BTC.numberOfTrades_5,BTC.numberOfTrades_4,BTC.numberOfTrades_3,BTC.numberOfTrades_2,BTC.numberOfTrades_1,BTC.numberOfTrades,BTC.takerBuyQuoteAssetVolume_5,BTC.takerBuyQuoteAssetVolume_4,BTC.takerBuyQuoteAssetVolume_3,BTC.takerBuyQuoteAssetVolume_2,BTC.takerBuyQuoteAssetVolume_1,BTC.takerBuyQuoteAssetVolume,BTC.return_5,BTC.return_4,BTC.return_3,BTC.return_2,BTC.return_1,BTC.return,BTC.close_5,BTC.close_4,BTC.close_3,BTC.close_2,BTC.close_1,BTC.close,ETH.open_5,ETH.open_4,ETH.open_3,ETH.open_2,ETH.open_1,ETH.open,ETH.high_5,ETH.high_4,ETH.high_3,ETH.high_2,ETH.high_1,ETH.high,ETH.low_5,ETH.low_4,ETH.low_3,ETH.low_2,ETH.low_1,ETH.low,ETH.quoteAssetVolume_5,ETH.quoteAssetVolume_4,ETH.quoteAssetVolume_3,ETH.quoteAssetVolume_2,ETH.quoteAssetVolume_1,ETH.quoteAssetVolume,ETH.numberOfTrades_5,ETH.numberOfTrades_4,ETH.numberOfTrades_3,ETH.numberOfTrades_2,ETH.numberOfTrades_1,ETH.numberOfTrades,ETH.takerBuyQuoteAssetVolume_5,ETH.takerBuyQuoteAssetVolume_4,ETH.takerBuyQuoteAssetVolume_3,ETH.takerBuyQuoteAssetVolume_2,ETH.takerBuyQuoteAssetVolume_1,ETH.takerBuyQuoteAssetVolume,ETH.return_5,ETH.return_4,ETH.return_3,ETH.return_2,ETH.return_1,ETH.return,ETH.close_5,ETH.close_4,ETH.close_3,ETH.close_2,ETH.close_1,ETH.close
2025-12-31T15:11:06,87225.27,87369.56,87877.0,87952.71,87237.13,88485.5,89567.75,87984.0,88088.75,90406.08,89400.0,89200.0,86655.08,87253.05,87435.0,86806.5,86845.66,87250.0,1.616722115636646E9,3.91274205274436E8,3.903272991502763E8,1.7620119930377953E9,1.1550164044786754E9,1.0197468352795268E9,4509482,957536,1241426,4793589,3542176,2897396,7.804648777249064E8,1.808604812392424E8,1.958421281874143E8,8.92298235375502E8,5.783033874025434E8,4.791049769645489E8,0.0,0.005808086935541361,8.614312207483123E-4,-0.008135963064696945,0.014309961824741375,-0.009462229344042781,87369.56,87877.01,87952.71,87237.13,88485.49,87648.22,2903.9,2928.0,2949.05,2950.91,2937.91,2973.69,2994.38,2960.89,2961.23,3057.78,3009.8,3028.08,2894.26,2917.13,2924.54,2910.25,2919.44,2958.91,9.28357784217832E8,2.78706096334518E8,3.79078145432578E8,1.447180217933539E9,8.51498558489608E8,6.97600045700212E8,4062164,1004396,1484510,5162535,3959890,2935432,4.697842926982E8,1.26936744905573E8,1.92352556018686E8,6.94845447761885E8,4.34231190136072E8,3.46891301180933E8,0.0,0.007192647515872801,6.307115850866118E-4,-0.004408809485887324,0.012182170938425394,-6.893791888193396E-4,2927.99,2949.05,2950.91,2937.9,2973.69,2971.64
2026-01-01T15:11:06,87369.56,87877.0,87952.71,87237.13,88485.5,87648.21,87984.0,88088.75,90406.08,89400.0,89200.0,88919.45,87253.05,87435.0,86806.5,86845.66,87250.0,87550.43,3.91274205274436E8,3.903272991502763E8,1.7620119930377953E9,1.1550164044786754E9,1.0197468352795268E9,5.529916352911001E8,957536,1241426,4793589,3542176,2897396,1449281,1.808604812392424E8,1.958421281874143E8,8.92298235375502E8,5.783033874025434E8,4.791049769645489E8,2.750900772883817E8,0.005808086935541361,8.614312207483123E-4,-0.008135963064696945,0.014309961824741375,-0.009462229344042781,0.01358635691631835,87877.01,87952.71,87237.13,88485.49,87648.22,88839.04,2928.0,2949.05,2950.91,2937.91,2973.69,2971.65,2960.89,2961.23,3057.78,3009.8,3028.08,3010.0,2917.13,2924.54,2910.25,2919.44,2958.91,2971.15,2.78706096334518E8,3.79078145432578E8,1.447180217933539E9,8.51498558489608E8,6.97600045700212E8,4.06547667098154E8,1004396,1484510,5162535,3959890,2935432,1338212,1.26936744905573E8,1.92352556018686E8,6.94845447761885E8,4.34231190136072E8,3.46891301180933E8,1.98558579194668E8,0.007192647515872801,6.307115850866118E-4,-0.004408809485887324,0.012182170938425394,-6.893791888193396E-4,0.010953547536040767,2949.05,2950.91,2937.9,2973.69,2971.64,3004.19
2026-01-02T15:11:06,87877.0,87952.71,87237.13,88485.5,87648.21,88839.05,88088.75,90406.08,89400.0,89200.0,88919.45,90961.81,87435.0,86806.5,86845.66,87250.0,87550.43,88379.88,3.903272991502763E8,1.7620119930377953E9,1.1550164044786754E9,1.0197468352795268E9,5.529916352911001E8,1.5589588608870876E9,1241426,4793589,3542176,2897396,1449281,5010211,1.958421281874143E8,8.92298235375502E8,5.783033874025434E8,4.791049769645489E8,2.750900772883817E8,8.003802739640186E8,8.614312207483123E-4,-0.008135963064696945,0.014309961824741375,-0.009462229344042781,0.01358635691631835,0.01301331036445251,87952.71,87237.13,88485.49,87648.22,88839.04,89995.13,2949.05,2950.91,2937.91,2973.69,2971.65,3004.19,2961.23,3057.78,3009.8,3028.08,3010.0,3150.01,2924.54,2910.25,2919.44,2958.91,2971.15,2992.49,3.79078145432578E8,1.447180217933539E9,8.51498558489608E8,6.97600045700212E8,4.06547667098154E8,1.137619077204739E9,1484510,5162535,3959890,2935432,1338212,5276480,1.92352556018686E8,6.94845447761885E8,4.34231190136072E8,3.46891301180933E8,1.98558579194668E8,5.99510476371968E8,6.307115850866118E-4,-0.004408809485887324,0.012182170938425394,-6.893791888193396E-4,0.010953547536040767,0.04036362546976049,2950.91,2937.9,2973.69,2971.64,3004.19,3125.45
2026-01-03T15:11:06,87952.71,87237.13,88485.5,87648.21,88839.05,89995.14,90406.08,89400.0,89200.0,88919.45,90961.81,90741.16,86806.5,86845.66,87250.0,87550.43,88379.88,89314.01,1.7620119930377953E9,1.1550164044786754E9,1.0197468352795268E9,5.529916352911001E8,1.5589588608870876E9,6.355147736093655E8,4793589,3542176,2897396,1449281,5010211,1684214,8.92298235375502E8,5.783033874025434E8,4.791049769645489E8,2.750900772883817E8,8.003802739640186E8,3.414795533015828E8,-0.008135963064696945,0.014309961824741375,-0.009462229344042781,0.01358635691631835,0.01301331036445251,0.00703238052992412,87237.13,88485.49,87648.22,88839.04,89995.13,90628.01,2950.91,2937.91,2973.69,2971.65,3004.19,3125.46,3057.78,3009.8,3028.08,3010.0,3150.01,3136.71,2910.25,2919.44,2958.91,2971.15,2992.49,3076.0,1.447180217933539E9,8.51498558489608E8,6.97600045700212E8,4.06547667098154E8,1.137619077204739E9,4.17746796512137E8,5162535,3959890,2935432,1338212,5276480,1823251,6.94845447761885E8,4.34231190136072E8,3.46891301180933E8,1.98558579194668E8,5.99510476371968E8,2.07586674464872E8,-0.004408809485887324,0.012182170938425394,-6.893791888193396E-4,0.010953547536040767,0.04036362546976049,5.311235182134762E-4,2937.9,2973.69,2971.64,3004.19,3125.45,3127.11
2026-01-04T15:11:06,87237.13,88485.5,87648.21,88839.05,89995.14,90628.01,89400.0,89200.0,88919.45,90961.81,90741.16,91810.0,86845.66,87250.0,87550.43,88379.88,89314.01,90628.0,1.1550164044786754E9,1.0197468352795268E9,5.529916352911001E8,1.5589588608870876E9,6.355147736093655E8,9.521609805212084E8,3542176,2897396,1449281,5010211,1684214,2207037,5.783033874025434E8,4.791049769645489E8,2.750900772883817E8,8.003802739640186E8,3.414795533015828E8,4.859186715920199E8,0.014309961824741375,-0.009462229344042781,0.01358635691631835,0.01301331036445251,0.00703238052992412,0.009949683326380014,88485.49,87648.22,88839.04,89995.13,90628.01,91529.73,2937.91,2973.69,2971.65,3004.19,3125.46,3127.11,3009.8,3028.08,3010.0,3150.01,3136.71,3167.22,2919.44,2958.91,2971.15,2992.49,3076.0,3118.75,8.51498558489608E8,6.97600045700212E8,4.06547667098154E8,1.137619077204739E9,4.17746796512137E8,5.70517585648554E8,3959890,2935432,1338212,5276480,1823251,2261499,4.34231190136072E8,3.46891301180933E8,1.98558579194668E8,5.99510476371968E8,2.07586674464872E8,2.97836974892677E8,0.012182170938425394,-6.893791888193396E-4,0.010953547536040767,0.04036362546976049,5.311235182134762E-4,0.005625001998650412,2973.69,2971.64,3004.19,3125.45,3127.11,3144.7
2026-01-05T15:11:06,88485.5,87648.21,88839.05,89995.14,90628.01,91529.74,89200.0,88919.45,90961.81,90741.16,91810.0,94789.08,87250.0,87550.43,88379.88,89314.01,90628.0,91514.81,1.0197468352795268E9,5.529916352911001E8,1.5589588608870876E9,6.355147736093655E8,9.521609805212084E8,1.927455243548076E9,2897396,1449281,5010211,1684214,2207037,5485489,4.791049769645489E8,2.750900772883817E8,8.003802739640186E8,3.414795533015828E8,4.859186715920199E8,1.0158587519317029E9,-0.009462229344042781,0.01358635691631835,0.01301331036445251,0.00703238052992412,0.009949683326380014,0.025455991184503774,87648.22,88839.04,89995.13,90628.01,91529.73,93859.71,2973.69,2971.65,3004.19,3125.46,3127.11,3144.71,3028.08,3010.0,3150.01,3136.71,3167.22,3265.66,2958.91,2971.15,2992.49,3076.0,3118.75,3135.02,6.97600045700212E8,4.06547667098154E8,1.137619077204739E9,4.17746796512137E8,5.70517585648554E8,1.219648843481487E9,2935432,1338212,5276480,1823251,2261499,5401982,3.46891301180933E8,1.98558579194668E8,5.99510476371968E8,2.07586674464872E8,2.97836974892677E8,6.02755810620799E8,-6.893791888193396E-4,0.010953547536040767,0.04036362546976049,5.311235182134762E-4,0.005625001998650412,0.02553184723503036,2971.64,3004.19,3125.45,3127.11,3144.7,3224.99
2026-01-06T15:11:06,87648.21,88839.05,89995.14,90628.01,91529.74,93859.71,88919.45,90961.81,90741.16,91810.0,94789.08,94444.44,87550.43,88379.88,89314.01,90628.0,91514.81,91262.94,5.529916352911001E8,1.5589588608870876E9,6.355147736093655E8,9.521609805212084E8,1.927455243548076E9,1.728045542298375E9,1449281,5010211,1684214,2207037,5485489,5018686,2.750900772883817E8,8.003802739640186E8,3.414795533015828E8,4.859186715920199E8,1.0158587519317029E9,7.559981933969632E8,0.01358635691631835,0.01301331036445251,0.00703238052992412,0.009949683326380014,0.025455991184503774,-0.001190500162423315,88839.04,89995.13,90628.01,91529.73,93859.71,93747.97,2971.65,3004.19,3125.46,3127.11,3144.71,3224.99,3010.0,3150.01,3136.71,3167.22,3265.66,3308.86,2971.15,2992.49,3076.0,3118.75,3135.02,3183.27,4.06547667098154E8,1.137619077204739E9,4.17746796512137E8,5.70517585648554E8,1.219648843481487E9,1.340863819954255E9,1338212,5276480,1823251,2261499,5401982,5310071,1.98558579194668E8,5.99510476371968E8,2.07586674464872E8,2.97836974892677E8,6.02755810620799E8,6.64312441651169E8,0.010953547536040767,0.04036362546976049,5.311235182134762E-4,0.005625001998650412,0.02553184723503036,0.02227913885004306,3004.19,3125.45,3127.11,3144.7,3224.99,3296.84
2026-01-07T15:11:06,88839.05,89995.14,90628.01,91529.74,93859.71,93747.97,90961.81,90741.16,91810.0,94789.08,94444.44,93747.97,88379.88,89314.01,90628.0,91514.81,91262.94,90675.52,1.5589588608870876E9,6.355147736093655E8,9.521609805212084E8,1.927455243548076E9,1.728045542298375E9,1.3119069529749737E9,5010211,1684214,2207037,5485489,5018686,4340252,8.003802739640186E8,3.414795533015828E8,4.859186715920199E8,1.0158587519317029E9,7.559981933969632E8,6.168894661481977E8,0.01301331036445251,0.00703238052992412,0.009949683326380014,0.025455991184503774,-0.001190500162423315,-0.025427857264535943,89995.13,90628.01,91529.73,93859.71,93747.97,91364.16,3004.19,3125.46,3127.11,3144.71,3224.99,3296.83,3150.01,3136.71,3167.22,3265.66,3308.86,3296.84,2992.49,3076.0,3118.75,3135.02,3183.27,3125.42,1.137619077204739E9,4.17746796512137E8,5.70517585648554E8,1.219648843481487E9,1.340863819954255E9,1.027448724687839E9,5276480,1823251,2261499,5401982,5310071,4839276,5.99510476371968E8,2.07586674464872E8,2.97836974892677E8,6.02755810620799E8,6.64312441651169E8,4.94179925689907E8,0.04036362546976049,5.311235182134762E-4,0.005625001998650412,0.02553184723503036,0.02227913885004306,-0.03886145521165733,3125.45,3127.11,3144.7,3224.99,3296.84,3168.72
2026-01-08T15:11:06,89995.14,90628.01,91529.74,93859.71,93747.97,91364.16,90741.16,91810.0,94789.08,94444.44,93747.97,91687.99,89314.01,90628.0,91514.81,91262.94,90675.52,89311.0,6.355147736093655E8,9.521609805212084E8,1.927455243548076E9,1.728045542298375E9,1.3119069529749737E9,1.4606225012073882E9,1684214,2207037,5485489,5018686,4340252,4923472,3.414795533015828E8,4.859186715920199E8,1.0158587519317029E9,7.559981933969632E8,6.168894661481977E8,7.417686769751914E8,0.00703238052992412,0.009949683326380014,0.025455991184503774,-0.001190500162423315,-0.025427857264535943,-0.0028913963637382345,90628.01,91529.73,93859.71,93747.97,91364.16,91099.99,3125.46,3127.11,3144.71,3224.99,3296.83,3168.72,3136.71,3167.22,3265.66,3308.86,3296.84,3184.39,3076.0,3118.75,3135.02,3183.27,3125.42,3054.65,4.17746796512137E8,5.70517585648554E8,1.219648843481487E9,1.340863819954255E9,1.027448724687839E9,1.069846020042703E9,1823251,2261499,5401982,5310071,4839276,4982423,2.07586674464872E8,2.97836974892677E8,6.02755810620799E8,6.64312441651169E8,4.94179925689907E8,5.2245048402997E8,5.311235182134762E-4,0.005625001998650412,0.02553184723503036,0.02227913885004306,-0.03886145521165733,-0.019588351132318323,3127.11,3144.7,3224.99,3296.84,3168.72,3106.65
2026-01-09T15:11:06,90628.01,91529.74,93859.71,93747.97,91364.16,91100.0,91810.0,94789.08,94444.44,93747.97,91687.99,92082.55,90628.0,91514.81,91262.94,90675.52,89311.0,89694.66,9.521609805212084E8,1.927455243548076E9,1.728045542298375E9,1.3119069529749737E9,1.4606225012073882E9,1.4169071801870482E9,2207037,5485489,5018686,4340252,4923472,4155703,4.859186715920199E8,1.0158587519317029E9,7.559981933969632E8,6.168894661481977E8,7.417686769751914E8,7.739997392375336E8,0.009949683326380014,0.025455991184503774,-0.001190500162423315,-0.025427857264535943,-0.0028913963637382345,-0.005035236557106169,91529.73,93859.71,93747.97,91364.16,91099.99,90641.28,3127.11,3144.71,3224.99,3296.83,3168.72,3106.66,3167.22,3265.66,3308.86,3296.84,3184.39,3148.41,3118.75,3135.02,3183.27,3125.42,3054.65,3058.69,5.70517585648554E8,1.219648843481487E9,1.340863819954255E9,1.027448724687839E9,1.069846020042703E9,8.51846982925553E8,2261499,5401982,5310071,4839276,4982423,4182570,2.97836974892677E8,6.02755810620799E8,6.64312441651169E8,4.94179925689907E8,5.2245048402997E8,4.2601119868438E8,0.005625001998650412,0.02553184723503036,0.02227913885004306,-0.03886145521165733,-0.019588351132318323,-0.005874495034844608,3144.7,3224.99,3296.84,3168.72,3106.65,3088.4
2026-01-10T15:11:06,91529.74,93859.71,93747.97,91364.16,91100.0,90641.27,94789.08,94444.44,93747.97,91687.99,92082.55,90832.0,91514.81,91262.94,90675.52,89311.0,89694.66,90404.0,1.927455243548076E9,1.728045542298375E9,1.3119069529749737E9,1.4606225012073882E9,1.4169071801870482E9,2.813213754802981E8,5485489,5018686,4340252,4923472,4155703,766357,1.0158587519317029E9,7.559981933969632E8,6.168894661481977E8,7.417686769751914E8,7.739997392375336E8,1.406647594095869E8,0.025455991184503774,-0.001190500162423315,-0.025427857264535943,-0.0028913963637382345,-0.005035236557106169,-0.0015068189681346263,93859.71,93747.97,91364.16,91099.99,90641.28,90504.7,3144.71,3224.99,3296.83,3168.72,3106.66,3088.4,3265.66,3308.86,3296.84,3184.39,3148.41,3104.12,3135.02,3183.27,3125.42,3054.65,3058.69,3077.99,1.219648843481487E9,1.340863819954255E9,1.027448724687839E9,1.069846020042703E9,8.51846982925553E8,2.54495724002643E8,5401982,5310071,4839276,4982423,4182570,881069,6.02755810620799E8,6.64312441651169E8,4.94179925689907E8,5.2245048402997E8,4.2601119868438E8,1.38130908825049E8,0.02553184723503036,0.02227913885004306,-0.03886145521165733,-0.019588351132318323,-0.005874495034844608,-5.439709882140561E-4,3224.99,3296.84,3168.72,3106.65,3088.4,3086.72
2026-01-11T15:11:06,93859.71,93747.97,91364.16,91100.0,90641.27,90504.7,94444.44,93747.97,91687.99,92082.55,90832.0,91283.89,91262.94,90675.52,89311.0,89694.66,90404.0,90236.0,1.728045542298375E9,1.3119069529749737E9,1.4606225012073882E9,1.4169071801870482E9,2.813213754802981E8,4.972458639319499E8,5018686,4340252,4923472,4155703,766357,1282029,7.559981933969632E8,6.168894661481977E8,7.417686769751914E8,7.739997392375336E8,1.406647594095869E8,2.604477068088716E8,-0.001190500162423315,-0.025427857264535943,-0.0028913963637382345,-0.005035236557106169,-0.0015068189681346263,0.005623464858731062,93747.97,91364.16,91099.99,90641.28,90504.7,91013.65,3224.99,3296.83,3168.72,3106.66,3088.4,3086.72,3308.86,3296.84,3184.39,3148.41,3104.12,3147.27,3183.27,3125.42,3054.65,3058.69,3077.99,3084.46,1.340863819954255E9,1.027448724687839E9,1.069846020042703E9,8.51846982925553E8,2.54495724002643E8,4.65227647583002E8,5310071,4839276,4982423,4182570,881069,1522502,6.64312441651169E8,4.94179925689907E8,5.2245048402997E8,4.2601119868438E8,1.38130908825049E8,2.41470651783173E8,0.02227913885004306,-0.03886145521165733,-0.019588351132318323,-0.005874495034844608,-5.439709882140561E-4,0.011899362430022814,3296.84,3168.72,3106.65,3088.4,3086.72,3123.45
2026-01-12T15:11:06,93747.97,91364.16,91100.0,90641.27,90504.7,91013.66,93747.97,91687.99,92082.55,90832.0,91283.89,92519.95,90675.52,89311.0,89694.66,90404.0,90236.0,90128.44,1.3119069529749737E9,1.4606225012073882E9,1.4169071801870482E9,2.813213754802981E8,4.972458639319499E8,1.4799648622693064E9,4340252,4923472,4155703,766357,1282029,4099509,6.168894661481977E8,7.417686769751914E8,7.739997392375336E8,1.406647594095869E8,2.604477068088716E8,7.400048001807222E8,-0.025427857264535943,-0.0028913963637382345,-0.005035236557106169,-0.0015068189681346263,0.005623464858731062,0.0031044793830376314,91364.16,91099.99,90641.28,90504.7,91013.65,91296.2,3296.83,3168.72,3106.66,3088.4,3086.72,3123.46,3296.84,3184.39,3148.41,3104.12,3147.27,3171.49,3125.42,3054.65,3058.69,3077.99,3084.46,3065.55,1.027448724687839E9,1.069846020042703E9,8.51846982925553E8,2.54495724002643E8,4.65227647583002E8,9.28024542296001E8,4839276,4982423,4182570,881069,1522502,4303605,4.94179925689907E8,5.2245048402997E8,4.2601119868438E8,1.38130908825049E8,2.41470651783173E8,4.53140052754557E8,-0.03886145521165733,-0.019588351132318323,-0.005874495034844608,-5.439709882140561E-4,0.011899362430022814,-0.008868398725767923,3168.72,3106.65,3088.4,3086.72,3123.45,3095.75
2026-01-13T15:11:06,91364.16,91100.0,90641.27,90504.7,91013.66,91296.2,91687.99,92082.55,90832.0,91283.89,92519.95,96495.0,89311.0,89694.66,90404.0,90236.0,90128.44,91042.66,1.4606225012073882E9,1.4169071801870482E9,2.813213754802981E8,4.972458639319499E8,1.4799648622693064E9,2.149770801117704E9,4923472,4155703,766357,1282029,4099509,5025071,7.417686769751914E8,7.739997392375336E8,1.406647594095869E8,2.604477068088716E8,7.400048001807222E8,1.159067162248983E9,-0.0028913963637382345,-0.005035236557106169,-0.0015068189681346263,0.005623464858731062,0.0031044793830376314,0.04510373925749377,91099.99,90641.28,90504.7,91013.65,91296.2,95414.0,3168.72,3106.66,3088.4,3086.72,3123.46,3095.75,3184.39,3148.41,3104.12,3147.27,3171.49,3367.79,3054.65,3058.69,3077.99,3084.46,3065.55,3091.96,1.069846020042703E9,8.51846982925553E8,2.54495724002643E8,4.65227647583002E8,9.28024542296001E8,1.470983302124877E9,4982423,4182570,881069,1522502,4303605,4876916,5.2245048402997E8,4.2601119868438E8,1.38130908825049E8,2.41470651783173E8,4.53140052754557E8,7.69970312592286E8,-0.019588351132318323,-0.005874495034844608,-5.439709882140561E-4,0.011899362430022814,-0.008868398725767923,0.0743180166357103,3106.65,3088.4,3086.72,3123.45,3095.75,3325.82
2026-01-14T15:11:06,91100.0,90641.27,90504.7,91013.66,91296.2,95413.99,92082.55,90832.0,91283.89,92519.95,96495.0,97924.49,89694.66,90404.0,90236.0,90128.44,91042.66,94559.28,1.4169071801870482E9,2.813213754802981E8,4.972458639319499E8,1.4799648622693064E9,2.149770801117704E9,2.201535821648615E9,4155703,766357,1282029,4099509,5025071,5346212,7.739997392375336E8,1.406647594095869E8,2.604477068088716E8,7.400048001807222E8,1.159067162248983E9,1.154415462597303E9,-0.005035236557106169,-0.0015068189681346263,0.005623464858731062,0.0031044793830376314,0.04510373925749377,0.016116922044982905,90641.28,90504.7,91013.65,91296.2,95414.0,96951.78,3106.66,3088.4,3086.72,3123.46,3095.75,3325.83,3148.41,3104.12,3147.27,3171.49,3367.79,3402.89,3058.69,3077.99,3084.46,3065.55,3091.96,3280.48,8.51846982925553E8,2.54495724002643E8,4.65227647583002E8,9.28024542296001E8,1.470983302124877E9,1.682648500339798E9,4182570,881069,1522502,4303605,4876916,5351410,4.2601119868438E8,1.38130908825049E8,2.41470651783173E8,4.53140052754557E8,7.69970312592286E8,8.11091133793289E8,-0.005874495034844608,-5.439709882140561E-4,0.011899362430022814,-0.008868398725767923,0.0743180166357103,0.008749721873101943,3088.4,3086.72,3123.45,3095.75,3325.82,3354.92
2026-01-15T15:11:06,90641.27,90504.7,91013.66,91296.2,95413.99,96951.78,90832.0,91283.89,92519.95,96495.0,97924.49,97193.34,90404.0,90236.0,90128.44,91042.66,94559.28,95134.48,2.813213754802981E8,4.972458639319499E8,1.4799648622693064E9,2.149770801117704E9,2.201535821648615E9,2.0930081828437335E9,766357,1282029,4099509,5025071,5346212,4493095,1.406647594095869E8,2.604477068088716E8,7.400048001807222E8,1.159067162248983E9,1.154415462597303E9,1.0451030631114848E9,-0.0015068189681346263,0.005623464858731062,0.0031044793830376314,0.04510373925749377,0.016116922044982905,-0.013893298297359738,90504.7,91013.65,91296.2,95414.0,96951.78,95604.8,3088.4,3086.72,3123.46,3095.75,3325.83,3354.92,3104.12,3147.27,3171.49,3367.79,3402.89,3384.19,3077.99,3084.46,3065.55,3091.96,3280.48,3273.72,2.54495724002643E8,4.65227647583002E8,9.28024542296001E8,1.470983302124877E9,1.682648500339798E9,1.29662825056622E9,881069,1522502,4303605,4876916,5351410,4766390,1.38130908825049E8,2.41470651783173E8,4.53140052754557E8,7.69970312592286E8,8.11091133793289E8,6.05761505416469E8,-5.439709882140561E-4,0.011899362430022814,-0.008868398725767923,0.0743180166357103,0.008749721873101943,-0.010799065253418864,3086.72,3123.45,3095.75,3325.82,3354.92,3318.69
2026-01-16T15:11:06,90504.7,91013.66,91296.2,95413.99,96951.78,95604.81,91283.89,92519.95,96495.0,97924.49,97193.34,95871.47,90236.0,90128.44,91042.66,94559.28,95134.48,94293.46,4.972458639319499E8,1.4799648622693064E9,2.149770801117704E9,2.201535821648615E9,2.0930081828437335E9,1.0640194080772514E9,1282029,4099509,5025071,5346212,4493095,2971559,2.604477068088716E8,7.400048001807222E8,1.159067162248983E9,1.154415462597303E9,1.0451030631114848E9,4.817231780814679E8,0.005623464858731062,0.0031044793830376314,0.04510373925749377,0.016116922044982905,-0.013893298297359738,-5.633608354392309E-4,91013.65,91296.2,95414.0,96951.78,95604.8,95550.94,3086.72,3123.46,3095.75,3325.83,3354.92,3318.7,3147.27,3171.49,3367.79,3402.89,3384.19,3326.79,3084.46,3065.55,3091.96,3280.48,3273.72,3253.01,4.65227647583002E8,9.28024542296001E8,1.470983302124877E9,1.682648500339798E9,1.29662825056622E9,7.37278508749833E8,1522502,4303605,4876916,5351410,4766390,3528248,2.41470651783173E8,4.53140052754557E8,7.69970312592286E8,8.11091133793289E8,6.05761505416469E8,3.59334304757938E8,0.011899362430022814,-0.008868398725767923,0.0743180166357103,0.008749721873101943,-0.010799065253418864,-0.006752664454950554,3123.45,3095.75,3325.82,3354.92,3318.69,3296.28
2026-01-17T15:11:06,91013.66,91296.2,95413.99,96951.78,95604.81,95550.94,92519.95,96495.0,97924.49,97193.34,95871.47,95639.45,90128.44,91042.66,94559.28,95134.48,94293.46,95021.67,1.4799648622693064E9,2.149770801117704E9,2.201535821648615E9,2.0930081828437335E9,1.0640194080772514E9,4.081619416719079E8,4099509,5025071,5346212,4493095,2971559,1020527,7.400048001807222E8,1.159067162248983E9,1.154415462597303E9,1.0451030631114848E9,4.817231780814679E8,1.963990759709701E8,0.0031044793830376314,0.04510373925749377,0.016116922044982905,-0.013893298297359738,-5.633608354392309E-4,-0.004219424738260013,91296.2,95414.0,96951.78,95604.8,95550.94,95147.77,3123.46,3095.75,3325.83,3354.92,3318.7,3296.28,3171.49,3367.79,3402.89,3384.19,3326.79,3330.26,3065.55,3091.96,3280.48,3273.72,3253.01,3283.96,9.28024542296001E8,1.470983302124877E9,1.682648500339798E9,1.29662825056622E9,7.37278508749833E8,4.1150886839151E8,4303605,4876916,5351410,4766390,3528248,1229614,4.53140052754557E8,7.69970312592286E8,8.11091133793289E8,6.05761505416469E8,3.59334304757938E8,2.27299910454937E8,-0.008868398725767923,0.0743180166357103,0.008749721873101943,-0.010799065253418864,-0.006752664454950554,0.0043321562488622765,3095.75,3325.82,3354.92,3318.69,3296.28,3310.56
2026-01-18T15:11:06,91296.2,95413.99,96951.78,95604.81,95550.94,95147.77,96495.0,97924.49,97193.34,95871.47,95639.45,95531.12,91042.66,94559.28,95134.48,94293.46,95021.67,93615.4,2.149770801117704E9,2.201535821648615E9,2.0930081828437335E9,1.0640194080772514E9,4.081619416719079E8,6.547737432677118E8,5025071,5346212,4493095,2971559,1020527,1488785,1.159067162248983E9,1.154415462597303E9,1.0451030631114848E9,4.817231780814679E8,1.963990759709701E8,2.952177628212793E8,0.04510373925749377,0.016116922044982905,-0.013893298297359738,-5.633608354392309E-4,-0.004219424738260013,-0.015498313833314271,95414.0,96951.78,95604.8,95550.94,95147.77,93673.14,3095.75,3325.83,3354.92,3318.7,3296.28,3310.56,3367.79,3402.89,3384.19,3326.79,3330.26,3368.82,3091.96,3280.48,3273.72,3253.01,3283.96,3278.86,1.470983302124877E9,1.682648500339798E9,1.29662825056622E9,7.37278508749833E8,4.1150886839151E8,5.76301516530256E8,4876916,5351410,4766390,3528248,1229614,2227452,7.69970312592286E8,8.11091133793289E8,6.05761505416469E8,3.59334304757938E8,2.27299910454937E8,3.09424972081588E8,0.0743180166357103,0.008749721873101943,-0.010799065253418864,-0.006752664454950554,0.0043321562488622765,-0.008013749939587183,3325.82,3354.92,3318.69,3296.28,3310.56,3284.03
2026-01-19T15:11:06,95413.99,96951.78,95604.81,95550.94,95147.77,93673.14,97924.49,97193.34,95871.47,95639.45,95531.12,93673.14,94559.28,95134.48,94293.46,95021.67,93615.4,91910.2,2.201535821648615E9,2.0930081828437335E9,1.0640194080772514E9,4.081619416719079E8,6.547737432677118E8,1.326770336049047E9,5346212,4493095,2971559,1020527,1488785,3359066,1.154415462597303E9,1.0451030631114848E9,4.817231780814679E8,1.963990759709701E8,2.952177628212793E8,6.409810048958122E8,0.016116922044982905,-0.013893298297359738,-5.633608354392309E-4,-0.004219424738260013,-0.015498313833314271,-0.011125280950334316,96951.78,95604.8,95550.94,95147.77,93673.14,92631.0,3325.83,3354.92,3318.7,3296.28,3310.56,3284.04,3402.89,3384.19,3326.79,3330.26,3368.82,3284.58,3280.48,3273.72,3253.01,3283.96,3278.86,3165.38,1.682648500339798E9,1.29662825056622E9,7.37278508749833E8,4.1150886839151E8,5.76301516530256E8,1.421588263898261E9,5351410,4766390,3528248,1229614,2227452,4406164,8.11091133793289E8,6.05761505416469E8,3.59334304757938E8,2.27299910454937E8,3.09424972081588E8,7.25130247584568E8,0.008749721873101943,-0.010799065253418864,-0.006752664454950554,0.0043321562488622765,-0.008013749939587183,-0.028769530120004997,3354.92,3318.69,3296.28,3310.56,3284.03,3189.55
2026-01-20T15:11:06,96951.78,95604.81,95550.94,95147.77,93673.14,92630.99,97193.34,95871.47,95639.45,95531.12,93673.14,92870.0,95134.48,94293.46,95021.67,93615.4,91910.2,87895.98,2.0930081828437335E9,1.0640194080772514E9,4.081619416719079E8,6.547737432677118E8,1.326770336049047E9,1.9896766685941782E9,4493095,2971559,1020527,1488785,3359066,6064031,1.0451030631114848E9,4.817231780814679E8,1.963990759709701E8,2.952177628212793E8,6.409810048958122E8,8.709364241390942E8,-0.013893298297359738,-5.633608354392309E-4,-0.004219424738260013,-0.015498313833314271,-0.011125280950334316,-0.04537724951690035,95604.8,95550.94,95147.77,93673.14,92631.0,88427.66,3354.92,3318.7,3296.28,3310.56,3284.04,3189.56,3384.19,3326.79,3330.26,3368.82,3284.58,3200.5,3273.72,3253.01,3283.96,3278.86,3165.38,2920.0,1.29662825056622E9,7.37278508749833E8,4.1150886839151E8,5.76301516530256E8,1.421588263898261E9,1.58697302680606E9,4766390,3528248,1229614,2227452,4406164,7228638,6.05761505416469E8,3.59334304757938E8,2.27299910454937E8,3.09424972081588E8,7.25130247584568E8,7.70975910793193E8,-0.010799065253418864,-0.006752664454950554,0.0043321562488622765,-0.008013749939587183,-0.028769530120004997,-0.07827749996080954,3318.69,3296.28,3310.56,3284.03,3189.55,2939.88
2026-01-21T15:11:06,95604.81,95550.94,95147.77,93673.14,92630.99,88427.66,95871.47,95639.45,95531.12,93673.14,92870.0,90574.0,94293.46,95021.67,93615.4,91910.2,87895.98,87263.53,1.0640194080772514E9,4.081619416719079E8,6.547737432677118E8,1.326770336049047E9,1.9896766685941782E9,1.8377081153597033E9,2971559,1020527,1488785,3359066,6064031,6419053,4.817231780814679E8,1.963990759709701E8,2.952177628212793E8,6.409810048958122E8,8.709364241390942E8,9.155317510822006E8,-5.633608354392309E-4,-0.004219424738260013,-0.015498313833314271,-0.011125280950334316,-0.04537724951690035,0.011614804688940003,95550.94,95147.77,93673.14,92631.0,88427.66,89454.73,3318.7,3296.28,3310.56,3284.04,3189.56,2939.88,3326.79,3330.26,3368.82,3284.58,3200.5,3069.07,3253.01,3283.96,3278.86,3165.38,2920.0,2866.11,7.37278508749833E8,4.1150886839151E8,5.76301516530256E8,1.421588263898261E9,1.58697302680606E9,1.712903183812053E9,3528248,1229614,2227452,4406164,7228638,8064316,3.59334304757938E8,2.27299910454937E8,3.09424972081588E8,7.25130247584568E8,7.70975910793193E8,8.80621251790689E8,-0.006752664454950554,0.0043321562488622765,-0.008013749939587183,-0.028769530120004997,-0.07827749996080954,0.014418955875749987,3296.28,3310.56,3284.03,3189.55,2939.88,2982.27
2026-01-22T15:11:06,95550.94,95147.77,93673.14,92630.99,88427.66,89454.73,95639.45,95531.12,93673.14,92870.0,90574.0,90359.99,95021.67,93615.4,91910.2,87895.98,87263.53,88515.37,4.081619416719079E8,6.547737432677118E8,1.326770336049047E9,1.9896766685941782E9,1.8377081153597033E9,9.699106233559886E8,1020527,1488785,3359066,6064031,6419053,3743412,1.963990759709701E8,2.952177628212793E8,6.409810048958122E8,8.709364241390942E8,9.155317510822006E8,4.955984905227897E8,-0.004219424738260013,-0.015498313833314271,-0.011125280950334316,-0.04537724951690035,0.011614804688940003,0.0011731073359676155,95147.77,93673.14,92631.0,88427.66,89454.73,89559.67,3296.28,3310.56,3284.04,3189.56,2939.88,2982.28,3330.26,3368.82,3284.58,3200.5,3069.07,3038.33,3283.96,3278.86,3165.38,2920.0,2866.11,2906.02,4.1150886839151E8,5.76301516530256E8,1.421588263898261E9,1.58697302680606E9,1.712903183812053E9,8.67206892239138E8,1229614,2227452,4406164,7228638,8064316,4696521,2.27299910454937E8,3.09424972081588E8,7.25130247584568E8,7.70975910793193E8,8.80621251790689E8,4.29371629050317E8,0.0043321562488622765,-0.008013749939587183,-0.028769530120004997,-0.07827749996080954,0.014418955875749987,-0.009918619038517614,3310.56,3284.03,3189.55,2939.88,2982.27,2952.69
2026-01-23T15:11:06,95147.77,93673.14,92630.99,88427.66,89454.73,89559.68,95531.12,93673.14,92870.0,90574.0,90359.99,91224.99,93615.4,91910.2,87895.98,87263.53,88515.37,88578.36,6.547737432677118E8,1.326770336049047E9,1.9896766685941782E9,1.8377081153597033E9,9.699106233559886E8,1.248772265678843E9,1488785,3359066,6064031,6419053,3743412,4619907,2.952177628212793E8,6.409810048958122E8,8.709364241390942E8,9.155317510822006E8,4.955984905227897E8,6.20204414132354E8,-0.015498313833314271,-0.011125280950334316,-0.04537724951690035,0.011614804688940003,0.0011731073359676155,4.532173912654715E-4,93673.14,92631.0,88427.66,89454.73,89559.67,89600.26,3310.56,3284.04,3189.56,2939.88,2982.28,2952.7,3368.82,3284.58,3200.5,3069.07,3038.33,3019.26,3278.86,3165.38,2920.0,2866.11,2906.02,2892.4,5.76301516530256E8,1.421588263898261E9,1.58697302680606E9,1.712903183812053E9,8.67206892239138E8,9.39757975669515E8,2227452,4406164,7228638,8064316,4696521,5479038,3.09424972081588E8,7.25130247584568E8,7.70975910793193E8,8.80621251790689E8,4.29371629050317E8,4.70264718669184E8,-0.008013749939587183,-0.028769530120004997,-0.07827749996080954,0.014418955875749987,-0.009918619038517614,0.0012598681202563764,3284.03,3189.55,2939.88,2982.27,2952.69,2956.41
2026-01-24T15:11:06,93673.14,92630.99,88427.66,89454.73,89559.68,89600.26,93673.14,92870.0,90574.0,90359.99,91224.99,89957.39,91910.2,87895.98,87263.53,88515.37,88578.36,89162.08,1.326770336049047E9,1.9896766685941782E9,1.8377081153597033E9,9.699106233559886E8,1.248772265678843E9,3.784641460918812E8,3359066,6064031,6419053,3743412,4619907,959854,6.409810048958122E8,8.709364241390942E8,9.155317510822006E8,4.955984905227897E8,6.20204414132354E8,1.644011934396937E8,-0.011125280950334316,-0.04537724951690035,0.011614804688940003,0.0011731073359676155,4.532173912654715E-4,-0.0041843628578756165,92631.0,88427.66,89454.73,89559.67,89600.26,89225.34,3284.04,3189.56,2939.88,2982.28,2952.7,2956.41,3284.58,3200.5,3069.07,3038.33,3019.26,2970.41,3165.38,2920.0,2866.11,2906.02,2892.4,2943.84,1.421588263898261E9,1.58697302680606E9,1.712903183812053E9,8.67206892239138E8,9.39757975669515E8,2.72517275860426E8,4406164,7228638,8064316,4696521,5479038,1185149,7.25130247584568E8,7.70975910793193E8,8.80621251790689E8,4.29371629050317E8,4.70264718669184E8,1.22751060758119E8,-0.028769530120004997,-0.07827749996080954,0.014418955875749987,-0.009918619038517614,0.0012598681202563764,-0.0010790113685179169,3189.55,2939.88,2982.27,2952.69,2956.41,2953.22
2026-01-25T15:11:06,92630.99,88427.66,89454.73,89559.68,89600.26,89225.34,92870.0,90574.0,90359.99,91224.99,89957.39,89319.13,87895.98,87263.53,88515.37,88578.36,89162.08,86074.72,1.9896766685941782E9,1.8377081153597033E9,9.699106233559886E8,1.248772265678843E9,3.784641460918812E8,1.264233689841581E9,6064031,6419053,3743412,4619907,959854,3720178,8.709364241390942E8,9.155317510822006E8,4.955984905227897E8,6.20204414132354E8,1.644011934396937E8,5.493045845673954E8,-0.04537724951690035,0.011614804688940003,0.0011731073359676155,4.532173912654715E-4,-0.0041843628578756165,-0.02863513885181044,88427.66,89454.73,89559.67,89600.26,89225.34,86670.36,3189.56,2939.88,2982.28,2952.7,2956.41,2953.23,3200.5,3069.07,3038.33,3019.26,2970.41,2960.29,2920.0,2866.11,2906.02,2892.4,2943.84,2787.0,1.58697302680606E9,1.712903183812053E9,8.67206892239138E8,9.39757975669515E8,2.72517275860426E8,1.088137895952771E9,7228638,8064316,4696521,5479038,1185149,4637787,7.70975910793193E8,8.80621251790689E8,4.29371629050317E8,4.70264718669184E8,1.22751060758119E8,4.73021399881065E8,-0.07827749996080954,0.014418955875749987,-0.009918619038517614,0.0012598681202563764,-0.0010790113685179169,-0.046163171047195924,2939.88,2982.27,2952.69,2956.41,2953.22,2816.89
2026-01-26T15:11:06,88427.66,89454.73,89559.68,89600.26,89225.34,86670.36,90574.0,90359.99,91224.99,89957.39,89319.13,88860.0,87263.53,88515.37,88578.36,89162.08,86074.72,86509.63,1.8377081153597033E9,9.699106233559886E8,1.248772265678843E9,3.784641460918812E8,1.264233689841581E9,1.560135758989215E9,6419053,3743412,4619907,959854,3720178,4798083,9.155317510822006E8,4.955984905227897E8,6.20204414132354E8,1.644011934396937E8,5.493045845673954E8,8.279143906949898E8,0.011614804688940003,0.0011731073359676155,4.532173912654715E-4,-0.0041843628578756165,-0.02863513885181044,0.01934594479589102,89454.73,89559.67,89600.26,89225.34,86670.36,88347.08,2939.88,2982.28,2952.7,2956.41,2953.23,2816.9,3069.07,3038.33,3019.26,2970.41,2960.29,2951.21,2866.11,2906.02,2892.4,2943.84,2787.0,2812.37,1.712903183812053E9,8.67206892239138E8,9.39757975669515E8,2.72517275860426E8,1.088137895952771E9,1.405058143578595E9,8064316,4696521,5479038,1185149,4637787,5933570,8.80621251790689E8,4.29371629050317E8,4.70264718669184E8,1.22751060758119E8,4.73021399881065E8,6.93731253124194E8,0.014418955875749987,-0.009918619038517614,0.0012598681202563764,-0.0010790113685179169,-0.046163171047195924,0.04027846312777568,2982.27,2952.69,2956.41,2953.22,2816.89,2930.35
2026-01-27T15:11:06,89454.73,89559.68,89600.26,89225.34,86670.36,88347.08,90359.99,91224.99,89957.39,89319.13,88860.0,89523.16,88515.37,88578.36,89162.08,86074.72,86509.63,87304.33,9.699106233559886E8,1.248772265678843E9,3.784641460918812E8,1.264233689841581E9,1.560135758989215E9,1.1600268535895033E9,3743412,4619907,959854,3720178,4798083,3787336,4.955984905227897E8,6.20204414132354E8,1.644011934396937E8,5.493045845673954E8,8.279143906949898E8,5.943885960572797E8,0.0011731073359676155,4.532173912654715E-4,-0.0041843628578756165,-0.02863513885181044,0.01934594479589102,0.010220145363038577,89559.67,89600.26,89225.34,86670.36,88347.08,89250.0,2982.28,2952.7,2956.41,2953.23,2816.9,2930.35,3038.33,3019.26,2970.41,2960.29,2951.21,3035.08,2906.02,2892.4,2943.84,2787.0,2812.37,2899.77,8.67206892239138E8,9.39757975669515E8,2.72517275860426E8,1.088137895952771E9,1.405058143578595E9,1.416537368433361E9,4696521,5479038,1185149,4637787,5933570,5278439,4.29371629050317E8,4.70264718669184E8,1.22751060758119E8,4.73021399881065E8,6.93731253124194E8,6.79191460936592E8,-0.009918619038517614,0.0012598681202563764,-0.0010790113685179169,-0.046163171047195924,0.04027846312777568,0.03290391932704287,2952.69,2956.41,2953.22,2816.89,2930.35,3026.77
2026-01-28T15:11:06,89559.68,89600.26,89225.34,86670.36,88347.08,89249.99,91224.99,89957.39,89319.13,88860.0,89523.16,90600.0,88578.36,89162.08,86074.72,86509.63,87304.33,88833.65,1.248772265678843E9,3.784641460918812E8,1.264233689841581E9,1.560135758989215E9,1.1600268535895033E9,1.283919840851472E9,4619907,959854,3720178,4798083,3787336,4385791,6.20204414132354E8,1.644011934396937E8,5.493045845673954E8,8.279143906949898E8,5.943885960572797E8,6.287610313151364E8,4.532173912654715E-4,-0.0041843628578756165,-0.02863513885181044,0.01934594479589102,0.010220145363038577,5.601120448179859E-4,89600.26,89225.34,86670.36,88347.08,89250.0,89299.99,2952.7,2956.41,2953.23,2816.9,2930.35,3026.77,3019.26,2970.41,2960.29,2951.21,3035.08,3045.78,2892.4,2943.84,2787.0,2812.37,2899.77,2983.67,9.39757975669515E8,2.72517275860426E8,1.088137895952771E9,1.405058143578595E9,1.416537368433361E9,8.94057677740365E8,5479038,1185149,4637787,5933570,5278439,5061029,4.70264718669184E8,1.22751060758119E8,4.73021399881065E8,6.93731253124194E8,6.79191460936592E8,4.6594630594887E8,0.0012598681202563764,-0.0010790113685179169,-0.046163171047195924,0.04027846312777568,0.03290391932704287,-0.005282859285641057,2956.41,2953.22,2816.89,2930.35,3026.77,3010.78
2026-01-29T15:11:06,89600.26,89225.34,86670.36,88347.08,89249.99,89300.0,89957.39,89319.13,88860.0,89523.16,90600.0,89348.0,89162.08,86074.72,86509.63,87304.33,88833.65,83383.33,3.784641460918812E8,1.264233689841581E9,1.560135758989215E9,1.1600268535895033E9,1.283919840851472E9,2.6103815879100037E9,959854,3720178,4798083,3787336,4385791,5598749,1.644011934396937E8,5.493045845673954E8,8.279143906949898E8,5.943885960572797E8,6.287610313151364E8,1.0629203840760188E9,-0.0041843628578756165,-0.02863513885181044,0.01934594479589102,0.010220145363038577,5.601120448179859E-4,-0.05206977066850737,89225.34,86670.36,88347.08,89250.0,89299.99,84650.16,2956.41,2953.23,2816.9,2930.35,3026.77,3010.78,2970.41,2960.29,2951.21,3035.08,3045.78,3013.5,2943.84,2787.0,2812.37,2899.77,2983.67,2754.53,2.72517275860426E8,1.088137895952771E9,1.405058143578595E9,1.416537368433361E9,8.94057677740365E8,1.601894306039813E9,1185149,4637787,5933570,5278439,5061029,6779608,1.22751060758119E8,4.73021399881065E8,6.93731253124194E8,6.79191460936592E8,4.6594630594887E8,7.72718271379958E8,-0.0010790113685179169,-0.046163171047195924,0.04027846312777568,0.03290391932704287,-0.005282859285641057,-0.06250539727246761,2953.22,2816.89,2930.35,3026.77,3010.78,2822.59
2026-01-30T15:11:06,89225.34,86670.36,88347.08,89249.99,89300.0,84650.16,89319.13,88860.0,89523.16,90600.0,89348.0,84735.75,86074.72,86509.63,87304.33,88833.65,83383.33,81118.0,1.264233689841581E9,1.560135758989215E9,1.1600268535895033E9,1.283919840851472E9,2.6103815879100037E9,2.918624066481832E9,3720178,4798083,3787336,4385791,5598749,8998829,5.493045845673954E8,8.279143906949898E8,5.943885960572797E8,6.287610313151364E8,1.0629203840760188E9,1.389486785106681E9,-0.02863513885181044,0.01934594479589102,0.010220145363038577,5.601120448179859E-4,-0.05206977066850737,-0.0046032990368830755,86670.36,88347.08,89250.0,89299.99,84650.16,84260.49,2953.23,2816.9,2930.35,3026.77,3010.78,2822.6,2960.29,2951.21,3035.08,3045.78,3013.5,2828.65,2787.0,2812.37,2899.77,2983.67,2754.53,2636.01,1.088137895952771E9,1.405058143578595E9,1.416537368433361E9,8.94057677740365E8,1.601894306039813E9,2.161851949088385E9,4637787,5933570,5278439,5061029,6779608,10661631,4.73021399881065E8,6.93731253124194E8,6.79191460936592E8,4.6594630594887E8,7.72718271379958E8,1.059467300875251E9,-0.046163171047195924,0.04027846312777568,0.03290391932704287,-0.005282859285641057,-0.06250539727246761,-0.040817121863253265,2816.89,2930.35,3026.77,3010.78,2822.59,2707.38
2026-01-31T15:11:06,86670.36,88347.08,89249.99,89300.0,84650.16,84260.5,88860.0,89523.16,90600.0,89348.0,84735.75,84270.02,86509.63,87304.33,88833.65,83383.33,81118.0,75719.9,1.560135758989215E9,1.1600268535895033E9,1.283919840851472E9,2.6103815879100037E9,2.918624066481832E9,3.155264093623044E9,4798083,3787336,4385791,5598749,8998829,7384976,8.279143906949898E8,5.943885960572797E8,6.287610313151364E8,1.0629203840760188E9,1.389486785106681E9,1.4351202459826965E9,0.01934594479589102,0.010220145363038577,5.601120448179859E-4,-0.05206977066850737,-0.0046032990368830755,-0.06550401024252302,88347.08,89250.0,89299.99,84650.16,84260.49,78741.09,2816.9,2930.35,3026.77,3010.78,2822.6,2707.37,2951.21,3035.08,3045.78,3013.5,2828.65,2714.64,2812.37,2899.77,2983.67,2754.53,2636.01,2250.0,1.405058143578595E9,1.416537368433361E9,8.94057677740365E8,1.601894306039813E9,2.161851949088385E9,2.759353621321312E9,5933570,5278439,5061029,6779608,10661631,9305297,6.93731253124194E8,6.79191460936592E8,4.6594630594887E8,7.72718271379958E8,1.059467300875251E9,1.291798679952669E9,0.04027846312777568,0.03290391932704287,-0.005282859285641057,-0.06250539727246761,-0.040817121863253265,-0.09434582511505599,2930.35,3026.77,3010.78,2822.59,2707.38,2451.95
2026-02-01T15:11:06,88347.08,89249.99,89300.0,84650.16,84260.5,78741.1,89523.16,90600.0,89348.0,84735.75,84270.02,79424.0,87304.33,88833.65,83383.33,81118.0,75719.9,75700.0,1.1600268535895033E9,1.283919840851472E9,2.6103815879100037E9,2.918624066481832E9,3.155264093623044E9,1.9749205570473866E9,3787336,4385791,5598749,8998829,7384976,8001906,5.943885960572797E8,6.287610313151364E8,1.0629203840760188E9,1.389486785106681E9,1.4351202459826965E9,9.360957427402172E8,0.010220145363038577,5.601120448179859E-4,-0.05206977066850737,-0.0046032990368830755,-0.06550401024252302,-0.02251530935119123,89250.0,89299.99,84650.16,84260.49,78741.09,76968.21,2930.35,3026.77,3010.78,2822.6,2707.37,2451.96,3035.08,3045.78,3013.5,2828.65,2714.64,2475.98,2899.77,2983.67,2754.53,2636.01,2250.0,2222.0,1.416537368433361E9,8.94057677740365E8,1.601894306039813E9,2.161851949088385E9,2.759353621321312E9,2.412828498627745E9,5278439,5061029,6779608,10661631,9305297,11038637,6.79191460936592E8,4.6594630594887E8,7.72718271379958E8,1.059467300875251E9,1.291798679952669E9,1.069127421804749E9,0.03290391932704287,-0.005282859285641057,-0.06250539727246761,-0.040817121863253265,-0.09434582511505599,-0.07414506821101562,3026.77,3010.78,2822.59,2707.38,2451.95,2270.15
2026-02-02T15:11:06,89249.99,89300.0,84650.16,84260.5,78741.1,76968.22,90600.0,89348.0,84735.75,84270.02,79424.0,79360.0,88833.65,83383.33,81118.0,75719.9,75700.0,74604.0,1.283919840851472E9,2.6103815879100037E9,2.918624066481832E9,3.155264093623044E9,1.9749205570473866E9,3.2607524444613295E9,4385791,5598749,8998829,7384976,8001906,10085578,6.287610313151364E8,1.0629203840760188E9,1.389486785106681E9,1.4351202459826965E9,9.360957427402172E8,1.6589774412234404E9,5.601120448179859E-4,-0.05206977066850737,-0.0046032990368830755,-0.06550401024252302,-0.02251530935119123,0.023001704210088736,89299.99,84650.16,84260.49,78741.09,76968.21,78738.61,3026.77,3010.78,2822.6,2707.37,2451.96,2270.16,3045.78,3013.5,2828.65,2714.64,2475.98,2396.62,2983.67,2754.53,2636.01,2250.0,2222.0,2157.14,8.94057677740365E8,1.601894306039813E9,2.161851949088385E9,2.759353621321312E9,2.412828498627745E9,2.84217728624149E9,5061029,6779608,10661631,9305297,11038637,11149156,4.6594630594887E8,7.72718271379958E8,1.059467300875251E9,1.291798679952669E9,1.069127421804749E9,1.398079659353768E9,-0.005282859285641057,-0.06250539727246761,-0.040817121863253265,-0.09434582511505599,-0.07414506821101562,0.03386119859921145,3010.78,2822.59,2707.38,2451.95,2270.15,2347.02
2026-02-03T15:11:06,89300.0,84650.16,84260.5,78741.1,76968.22,78738.6,89348.0,84735.75,84270.02,79424.0,79360.0,79186.81,83383.33,81118.0,75719.9,75700.0,74604.0,72945.5,2.6103815879100037E9,2.918624066481832E9,3.155264093623044E9,1.9749205570473866E9,3.2607524444613295E9,2.986903008574792E9,5598749,8998829,7384976,8001906,10085578,9199445,1.0629203840760188E9,1.389486785106681E9,1.4351202459826965E9,9.360957427402172E8,1.6589774412234404E9,1.3241193964360397E9,-0.05206977066850737,-0.0046032990368830755,-0.06550401024252302,-0.02251530935119123,0.023001704210088736,-0.037699420906719,84650.16,84260.49,78741.09,76968.21,78738.61,75770.21,3010.78,2822.6,2707.37,2451.96,2270.16,2347.01,3013.5,2828.65,2714.64,2475.98,2396.62,2359.88,2754.53,2636.01,2250.0,2222.0,2157.14,2110.0,1.601894306039813E9,2.161851949088385E9,2.759353621321312E9,2.412828498627745E9,2.84217728624149E9,2.981630480120865E9,6779608,10661631,9305297,11038637,11149156,11643770,7.72718271379958E8,1.059467300875251E9,1.291798679952669E9,1.069127421804749E9,1.398079659353768E9,1.505015892495484E9,-0.06250539727246761,-0.040817121863253265,-0.09434582511505599,-0.07414506821101562,0.03386119859921145,-0.048273981474380355,2822.59,2707.38,2451.95,2270.15,2347.02,2233.72
2026-02-04T15:11:06,84650.16,84260.5,78741.1,76968.22,78738.6,75770.21,84735.75,84270.02,79424.0,79360.0,79186.81,76971.52,81118.0,75719.9,75700.0,74604.0,72945.5,71888.0,2.918624066481832E9,3.155264093623044E9,1.9749205570473866E9,3.2607524444613295E9,2.986903008574792E9,2.8528346315391464E9,8998829,7384976,8001906,10085578,9199445,10724002,1.389486785106681E9,1.4351202459826965E9,9.360957427402172E8,1.6589774412234404E9,1.3241193964360397E9,1.2846647688290725E9,-0.0046032990368830755,-0.06550401024252302,-0.02251530935119123,0.023001704210088736,-0.037699420906719,-0.034372083698857435,84260.49,78741.09,76968.21,78738.61,75770.21,73165.83,2822.6,2707.37,2451.96,2270.16,2347.01,2233.72,2828.65,2714.64,2475.98,2396.62,2359.88,2295.74,2636.01,2250.0,2222.0,2157.14,2110.0,2076.68,2.161851949088385E9,2.759353621321312E9,2.412828498627745E9,2.84217728624149E9,2.981630480120865E9,2.756607838332894E9,10661631,9305297,11038637,11149156,11643770,10912540,1.059467300875251E9,1.291798679952669E9,1.069127421804749E9,1.398079659353768E9,1.505015892495484E9,1.325924462845477E9,-0.040817121863253265,-0.09434582511505599,-0.07414506821101562,0.03386119859921145,-0.048273981474380355,-0.0382590476872659,2707.38,2451.95,2270.15,2347.02,2233.72,2148.26
2026-02-05T15:11:06,84260.5,78741.1,76968.22,78738.6,75770.21,73165.84,84270.02,79424.0,79360.0,79186.81,76971.52,73341.18,75719.9,75700.0,74604.0,72945.5,71888.0,62345.0,3.155264093623044E9,1.9749205570473866E9,3.2607524444613295E9,2.986903008574792E9,2.8528346315391464E9,7.198745594280694E9,7384976,8001906,10085578,9199445,10724002,15364010,1.4351202459826965E9,9.360957427402172E8,1.6589774412234404E9,1.3241193964360397E9,1.2846647688290725E9,3.3257495030332394E9,-0.06550401024252302,-0.02251530935119123,0.023001704210088736,-0.037699420906719,-0.034372083698857435,-0.14017431361060212,78741.09,76968.21,78738.61,75770.21,73165.83,62909.86,2707.37,2451.96,2270.16,2347.01,2233.72,2148.25,2714.64,2475.98,2396.62,2359.88,2295.74,2173.77,2250.0,2222.0,2157.14,2110.0,2076.68,1818.18,2.759353621321312E9,2.412828498627745E9,2.84217728624149E9,2.981630480120865E9,2.756607838332894E9,3.895174109785863E9,9305297,11038637,11149156,11643770,10912540,13667587,1.291798679952669E9,1.069127421804749E9,1.398079659353768E9,1.505015892495484E9,1.325924462845477E9,1.933830694362923E9,-0.09434582511505599,-0.07414506821101562,0.03386119859921145,-0.048273981474380355,-0.0382590476872659,-0.14962341616005523,2451.95,2270.15,2347.02,2233.72,2148.26,1826.83
2026-02-06T15:11:06,78741.1,76968.22,78738.6,75770.21,73165.84,62909.87,79424.0,79360.0,79186.81,76971.52,73341.18,71751.33,75700.0,74604.0,72945.5,71888.0,62345.0,60000.0,1.9749205570473866E9,3.2607524444613295E9,2.986903008574792E9,2.8528346315391464E9,7.198745594280694E9,6.1340566706115055E9,8001906,10085578,9199445,10724002,15364010,13228528,9.360957427402172E8,1.6589774412234404E9,1.3241193964360397E9,1.2846647688290725E9,3.3257495030332394E9,3.2884261492806883E9,-0.02251530935119123,0.023001704210088736,-0.037699420906719,-0.034372083698857435,-0.14017431361060212,0.12192683309102888,76968.21,78738.61,75770.21,73165.83,62909.86,70580.26,2451.96,2270.16,2347.01,2233.72,2148.25,1826.83,2475.98,2396.62,2359.88,2295.74,2173.77,2093.94,2222.0,2157.14,2110.0,2076.68,1818.18,1747.8,2.412828498627745E9,2.84217728624149E9,2.981630480120865E9,2.756607838332894E9,3.895174109785863E9,4.099448671011839E9,11038637,11149156,11643770,10912540,13667587,12362731,1.069127421804749E9,1.398079659353768E9,1.505015892495484E9,1.325924462845477E9,1.933830694362923E9,2.323481388750452E9,-0.07414506821101562,0.03386119859921145,-0.048273981474380355,-0.0382590476872659,-0.14962341616005523,0.1294865970013631,2270.15,2347.02,2233.72,2148.26,1826.83,2063.38
2026-02-07T15:11:06,76968.22,78738.6,75770.21,73165.84,62909.87,70580.26,79360.0,79186.81,76971.52,73341.18,71751.33,71690.07,74604.0,72945.5,71888.0,62345.0,60000.0,67300.0,3.2607524444613295E9,2.986903008574792E9,2.8528346315391464E9,7.198745594280694E9,6.1340566706115055E9,3.0589838790691524E9,10085578,9199445,10724002,15364010,13228528,7167427,1.6589774412234404E9,1.3241193964360397E9,1.2846647688290725E9,3.3257495030332394E9,3.2884261492806883E9,1.298989823429441E9,0.023001704210088736,-0.037699420906719,-0.034372083698857435,-0.14017431361060212,0.12192683309102888,-0.018289533079078914,78738.61,75770.21,73165.83,62909.86,70580.26,69289.38,2270.16,2347.01,2233.72,2148.25,1826.83,2063.37,2396.62,2359.88,2295.74,2173.77,2093.94,2121.7,2157.14,2110.0,2076.68,1818.18,1747.8,1994.57,2.84217728624149E9,2.981630480120865E9,2.756607838332894E9,3.895174109785863E9,4.099448671011839E9,2.350131251111509E9,11149156,11643770,10912540,13667587,12362731,7938360,1.398079659353768E9,1.505015892495484E9,1.325924462845477E9,1.933830694362923E9,2.323481388750452E9,1.128556150777751E9,0.03386119859921145,-0.048273981474380355,-0.0382590476872659,-0.14962341616005523,0.1294865970013631,0.011486008393994232,2347.02,2233.72,2148.26,1826.83,2063.38,2087.08
2026-02-08T15:11:06,78738.6,75770.21,73165.84,62909.87,70580.26,69289.37,79186.81,76971.52,73341.18,71751.33,71690.07,72271.41,72945.5,71888.0,62345.0,60000.0,67300.0,68888.0,2.986903008574792E9,2.8528346315391464E9,7.198745594280694E9,6.1340566706115055E9,3.0589838790691524E9,1.510003758652842E9,9199445,10724002,15364010,13228528,7167427,4870449,1.3241193964360397E9,1.2846647688290725E9,3.3257495030332394E9,3.2884261492806883E9,1.298989823429441E9,8.058988672818197E8,-0.037699420906719,-0.034372083698857435,-0.14017431361060212,0.12192683309102888,-0.018289533079078914,0.015023947392803917,75770.21,73165.83,62909.86,70580.26,69289.38,70330.38,2347.01,2233.72,2148.25,1826.83,2063.37,2087.08,2359.88,2295.74,2173.77,2093.94,2121.7,2152.03,2110.0,2076.68,1818.18,1747.8,1994.57,2064.1,2.981630480120865E9,2.756607838332894E9,3.895174109785863E9,4.099448671011839E9,2.350131251111509E9,1.015368967858894E9,11643770,10912540,13667587,12362731,7938360,4379045,1.505015892495484E9,1.325924462845477E9,1.933830694362923E9,2.323481388750452E9,1.128556150777751E9,4.79809411995975E8,-0.048273981474380355,-0.0382590476872659,-0.14962341616005523,0.1294865970013631,0.011486008393994232,0.0012745079249477042,2233.72,2148.26,1826.83,2063.38,2087.08,2089.74
2026-02-09T15:11:06,75770.21,73165.84,62909.87,70580.26,69289.37,70330.38,76971.52,73341.18,71751.33,71690.07,72271.41,71453.53,71888.0,62345.0,60000.0,67300.0,68888.0,68308.0,2.8528346315391464E9,7.198745594280694E9,6.1340566706115055E9,3.0589838790691524E9,1.510003758652842E9,2.0389595394209776E9,10724002,15364010,13228528,7167427,4870449,6644769,1.2846647688290725E9,3.3257495030332394E9,3.2884261492806883E9,1.298989823429441E9,8.058988672818197E8,9.690016166829728E8,-0.034372083698857435,-0.14017431361060212,0.12192683309102888,-0.018289533079078914,0.015023947392803917,-0.0027353755233514255,73165.83,62909.86,70580.26,69289.38,70330.38,70138.0,2233.72,2148.25,1826.83,2063.37,2087.08,2089.73,2295.74,2173.77,2093.94,2121.7,2152.03,2147.73,2076.68,1818.18,1747.8,1994.57,2064.1,2008.62,2.756607838332894E9,3.895174109785863E9,4.099448671011839E9,2.350131251111509E9,1.015368967858894E9,1.299316807805279E9,10912540,13667587,12362731,7938360,4379045,6331904,1.325924462845477E9,1.933830694362923E9,2.323481388750452E9,1.128556150777751E9,4.79809411995975E8,6.55569971226274E8,-0.0382590476872659,-0.14962341616005523,0.1294865970013631,0.011486008393994232,0.0012745079249477042,0.00731191440083465,2148.26,1826.83,2063.38,2087.08,2089.74,2105.02
2026-02-10T15:11:06,73165.84,62909.87,70580.26,69289.37,70330.38,70138.0,73341.18,71751.33,71690.07,72271.41,71453.53,70527.59,62345.0,60000.0,67300.0,68888.0,68308.0,67800.0,7.198745594280694E9,6.1340566706115055E9,3.0589838790691524E9,1.510003758652842E9,2.0389595394209776E9,1.4086236233599253E9,15364010,13228528,7167427,4870449,6644769,4558658,3.3257495030332394E9,3.2884261492806883E9,1.298989823429441E9,8.058988672818197E8,9.690016166829728E8,6.387399502535255E8,-0.14017431361060212,0.12192683309102888,-0.018289533079078914,0.015023947392803917,-0.0027353755233514255,-0.018487980837777047,62909.86,70580.26,69289.38,70330.38,70138.0,68841.29,2148.25,1826.83,2063.37,2087.08,2089.73,2105.02,2173.77,2093.94,2121.7,2152.03,2147.73,2124.71,1818.18,1747.8,1994.57,2064.1,2008.62,1989.38,3.895174109785863E9,4.099448671011839E9,2.350131251111509E9,1.015368967858894E9,1.299316807805279E9,1.163710989708572E9,13667587,12362731,7938360,4379045,6331904,5159394,1.933830694362923E9,2.323481388750452E9,1.128556150777751E9,4.79809411995975E8,6.55569971226274E8,5.6097501104426E8,-0.14962341616005523,0.1294865970013631,0.011486008393994232,0.0012745079249477042,0.00731191440083465,-0.03912076844875579,1826.83,2063.38,2087.08,2089.74,2105.02,2022.67
2026-02-11T15:11:06,62909.87,70580.26,69289.37,70330.38,70138.0,68841.28,71751.33,71690.07,72271.41,71453.53,70527.59,69292.88,60000.0,67300.0,68888.0,68308.0,67800.0,65756.0,6.1340566706115055E9,3.0589838790691524E9,1.510003758652842E9,2.0389595394209776E9,1.4086236233599253E9,1.9305139475441146E9,13228528,7167427,4870449,6644769,4558658,6956577,3.2884261492806883E9,1.298989823429441E9,8.058988672818197E8,9.690016166829728E8,6.387399502535255E8,9.639037482694873E8,0.12192683309102888,-0.018289533079078914,0.015023947392803917,-0.0027353755233514255,-0.018487980837777047,-0.025548184817570818,70580.26,69289.38,70330.38,70138.0,68841.29,67082.52,1826.83,2063.37,2087.08,2089.73,2105.02,2022.67,2093.94,2121.7,2152.03,2147.73,2124.71,2032.31,1747.8,1994.57,2064.1,2008.62,1989.38,1903.19,4.099448671011839E9,2.350131251111509E9,1.015368967858894E9,1.299316807805279E9,1.163710989708572E9,1.036100476102876E9,12362731,7938360,4379045,6331904,5159394,6450810,2.323481388750452E9,1.128556150777751E9,4.79809411995975E8,6.55569971226274E8,5.6097501104426E8,5.06650635748852E8,0.1294865970013631,0.011486008393994232,0.0012745079249477042,0.00731191440083465,-0.03912076844875579,-0.040288331759506,2063.38,2087.08,2089.74,2105.02,2022.67,1941.18
2026-02-12T15:11:06,70580.26,69289.37,70330.38,70138.0,68841.28,67082.52,71690.07,72271.41,71453.53,70527.59,69292.88,68410.52,67300.0,68888.0,68308.0,67800.0,65756.0,65118.0,3.0589838790691524E9,1.510003758652842E9,2.0389595394209776E9,1.4086236233599253E9,1.9305139475441146E9,1.6221621453342066E9,7167427,4870449,6644769,4558658,6956577,6778280,1.298989823429441E9,8.058988672818197E8,9.690016166829728E8,6.387399502535255E8,9.639037482694873E8,8.094188520733618E8,-0.018289533079078914,0.015023947392803917,-0.0027353755233514255,-0.018487980837777047,-0.025548184817570818,-0.012079898012179712,69289.38,70330.38,70138.0,68841.29,67082.52,66272.17,2063.37,2087.08,2089.73,2105.02,2022.67,1941.19,2121.7,2152.03,2147.73,2124.71,2032.31,2001.42,1994.57,2064.1,2008.62,1989.38,1903.19,1897.24,2.350131251111509E9,1.015368967858894E9,1.299316807805279E9,1.163710989708572E9,1.036100476102876E9,8.33481568532024E8,7938360,4379045,6331904,5159394,6450810,5262808,1.128556150777751E9,4.79809411995975E8,6.55569971226274E8,5.6097501104426E8,5.06650635748852E8,4.14232137149514E8,0.011486008393994232,0.0012745079249477042,0.00731191440083465,-0.03912076844875579,-0.040288331759506,0.003436054358688965,2087.08,2089.74,2105.02,2022.67,1941.18,1947.85
2026-02-13T15:11:06,69289.37,70330.38,70138.0,68841.28,67082.52,66272.17,72271.41,71453.53,70527.59,69292.88,68410.52,69482.97,68888.0,68308.0,67800.0,65756.0,65118.0,65872.46,1.510003758652842E9,2.0389595394209776E9,1.4086236233599253E9,1.9305139475441146E9,1.6221621453342066E9,1.3712860223300548E9,4870449,6644769,4558658,6956577,6778280,6450842,8.058988672818197E8,9.690016166829728E8,6.387399502535255E8,9.639037482694873E8,8.094188520733618E8,7.067665406168541E8,0.015023947392803917,-0.0027353755233514255,-0.018487980837777047,-0.025548184817570818,-0.012079898012179712,0.03895737833844898,70330.38,70138.0,68841.29,67082.52,66272.17,68853.96,2087.08,2089.73,2105.02,2022.67,1941.19,1947.85,2152.03,2147.73,2124.71,2032.31,2001.42,2073.68,2064.1,2008.62,1989.38,1903.19,1897.24,1924.72,1.015368967858894E9,1.299316807805279E9,1.163710989708572E9,1.036100476102876E9,8.33481568532024E8,8.5090779120718E8,4379045,6331904,5159394,6450810,5262808,4695571,4.79809411995975E8,6.55569971226274E8,5.6097501104426E8,5.06650635748852E8,4.14232137149514E8,4.31290771892009E8,0.0012745079249477042,0.00731191440083465,-0.03912076844875579,-0.040288331759506,0.003436054358688965,0.0517853017429473,2089.74,2105.02,2022.67,1941.18,1947.85,2048.72
2026-02-14T15:11:06,70330.38,70138.0,68841.28,67082.52,66272.17,68853.97,71453.53,70527.59,69292.88,68410.52,69482.97,70560.01,68308.0,67800.0,65756.0,65118.0,65872.46,68730.13,2.0389595394209776E9,1.4086236233599253E9,1.9305139475441146E9,1.6221621453342066E9,1.3712860223300548E9,1.2602593143600264E9,6644769,4558658,6956577,6778280,6450842,3803163,9.690016166829728E8,6.387399502535255E8,9.639037482694873E8,8.094188520733618E8,7.067665406168541E8,5.467560732649412E8,-0.0027353755233514255,-0.018487980837777047,-0.025548184817570818,-0.012079898012179712,0.03895737833844898,0.01407311939647321,70138.0,68841.29,67082.52,66272.17,68853.96,69822.95,2089.73,2105.02,2022.67,1941.19,1947.85,2048.72,2147.73,2124.71,2032.31,2001.42,2073.68,2107.67,2008.62,1989.38,1903.19,1897.24,1924.72,2042.37,1.299316807805279E9,1.163710989708572E9,1.036100476102876E9,8.33481568532024E8,8.5090779120718E8,4.58319230494356E8,6331904,5159394,6450810,5262808,4695571,2720271,6.55569971226274E8,5.6097501104426E8,5.06650635748852E8,4.14232137149514E8,4.31290771892009E8,2.28627817282618E8,0.00731191440083465,-0.03912076844875579,-0.040288331759506,0.003436054358688965,0.0517853017429473,0.01848471240579501,2105.02,2022.67,1941.18,1947.85,2048.72,2086.59
2026-02-15T15:11:06,70138.0,68841.28,67082.52,66272.17,68853.97,69822.94,70527.59,69292.88,68410.52,69482.97,70560.01,70983.0,67800.0,65756.0,65118.0,65872.46,68730.13,68000.0,1.4086236233599253E9,1.9305139475441146E9,1.6221621453342066E9,1.3712860223300548E9,1.2602593143600264E9,1.5450945721368146E9,4558658,6956577,6778280,6450842,3803163,4598633,6.387399502535255E8,9.639037482694873E8,8.094188520733618E8,7.067665406168541E8,5.467560732649412E8,6.157330991208996E8,-0.018487980837777047,-0.025548184817570818,-0.012079898012179712,0.03895737833844898,0.01407311939647321,-0.014184018291979864,68841.29,67082.52,66272.17,68853.96,69822.95,68832.58,2105.02,2022.67,1941.19,1947.85,2048.72,2086.59,2124.71,2032.31,2001.42,2073.68,2107.67,2103.32,1989.38,1903.19,1897.24,1924.72,2042.37,1928.88,1.163710989708572E9,1.036100476102876E9,8.33481568532024E8,8.5090779120718E8,4.58319230494356E8,1.680654508880478E9,5159394,6450810,5262808,4695571,2720271,5864311,5.6097501104426E8,5.06650635748852E8,4.14232137149514E8,4.31290771892009E8,2.28627817282618E8,6.51093452905736E8,-0.03912076844875579,-0.040288331759506,0.003436054358688965,0.0517853017429473,0.01848471240579501,-0.057514892719700665,2022.67,1941.18,1947.85,2048.72,2086.59,1966.58
2026-02-16T15:11:06,68841.28,67082.52,66272.17,68853.97,69822.94,68832.59,69292.88,68410.52,69482.97,70560.01,70983.0,70126.67,65756.0,65118.0,65872.46,68730.13,68000.0,67294.11,1.9305139475441146E9,1.6221621453342066E9,1.3712860223300548E9,1.2602593143600264E9,1.5450945721368146E9,1.0627979182535971E9,6956577,6778280,6450842,3803163,4598633,5233849,9.639037482694873E8,8.094188520733618E8,7.067665406168541E8,5.467560732649412E8,6.157330991208996E8,5.589091917674918E8,-0.025548184817570818,-0.012079898012179712,0.03895737833844898,0.01407311939647321,-0.014184018291979864,8.695010415124824E-4,67082.52,66272.17,68853.96,69822.95,68832.58,68892.43,2022.67,1941.19,1947.85,2048.72,2086.59,1966.59,2032.31,2001.42,2073.68,2107.67,2103.32,2023.51,1903.19,1897.24,1924.72,2042.37,1928.88,1937.24,1.036100476102876E9,8.33481568532024E8,8.5090779120718E8,4.58319230494356E8,1.680654508880478E9,6.94116360940269E8,6450810,5262808,4695571,2720271,5864311,4476026,5.06650635748852E8,4.14232137149514E8,4.31290771892009E8,2.28627817282618E8,6.51093452905736E8,3.52070618301827E8,-0.040288331759506,0.003436054358688965,0.0517853017429473,0.01848471240579501,-0.057514892719700665,0.01614477926145898,1941.18,1947.85,2048.72,2086.59,1966.58,1998.33
2026-02-17T15:11:06,67082.52,66272.17,68853.97,69822.94,68832.59,68892.43,68410.52,69482.97,70560.01,70983.0,70126.67,69241.5,65118.0,65872.46,68730.13,68000.0,67294.11,66621.06,1.6221621453342066E9,1.3712860223300548E9,1.2602593143600264E9,1.5450945721368146E9,1.0627979182535971E9,1.117987651294812E9,6778280,6450842,3803163,4598633,5233849,5994853,8.094188520733618E8,7.067665406168541E8,5.467560732649412E8,6.157330991208996E8,5.589091917674918E8,5.114261908932403E8,-0.012079898012179712,0.03895737833844898,0.01407311939647321,-0.014184018291979864,8.695010415124824E-4,-0.020160560456351867,66272.17,68853.96,69822.95,68832.58,68892.43,67503.52,1941.19,1947.85,2048.72,2086.59,1966.59,1998.34,2001.42,2073.68,2107.67,2103.32,2023.51,2015.33,1897.24,1924.72,2042.37,1928.88,1937.24,1941.66,8.33481568532024E8,8.5090779120718E8,4.58319230494356E8,1.680654508880478E9,6.94116360940269E8,8.04961298709777E8,5262808,4695571,2720271,5864311,4476026,6420841,4.14232137149514E8,4.31290771892009E8,2.28627817282618E8,6.51093452905736E8,3.52070618301827E8,3.90162604367408E8,0.003436054358688965,0.0517853017429473,0.01848471240579501,-0.057514892719700665,0.01614477926145898,-0.0033377870521885,1947.85,2048.72,2086.59,1966.58,1998.33,1991.66
2026-02-18T15:11:06,66272.17,68853.97,69822.94,68832.59,68892.43,67503.52,69482.97,70560.01,70983.0,70126.67,69241.5,68476.22,65872.46,68730.13,68000.0,67294.11,66621.06,65870.0,1.3712860223300548E9,1.2602593143600264E9,1.5450945721368146E9,1.0627979182535971E9,1.117987651294812E9,1.0404935246521236E9,6450842,3803163,4598633,5233849,5994853,4548997,7.067665406168541E8,5.467560732649412E8,6.157330991208996E8,5.589091917674918E8,5.114261908932403E8,5.304581781385649E8,0.03895737833844898,0.01407311939647321,-0.014184018291979864,8.695010415124824E-4,-0.020160560456351867,-0.015443935368111233,68853.96,69822.95,68832.58,68892.43,67503.52,66461.0,1947.85,2048.72,2086.59,1966.59,1998.34,1991.67,2073.68,2107.67,2103.32,2023.51,2015.33,2039.05,1924.72,2042.37,1928.88,1937.24,1941.66,1923.78,8.5090779120718E8,4.58319230494356E8,1.680654508880478E9,6.94116360940269E8,8.04961298709777E8,7.78491630599568E8,4695571,2720271,5864311,4476026,6420841,5176537,4.31290771892009E8,2.28627817282618E8,6.51093452905736E8,3.52070618301827E8,3.90162604367408E8,3.78687588779843E8,0.0517853017429473,0.01848471240579501,-0.057514892719700665,0.01614477926145898,-0.0033377870521885,-0.017949850878161935,2048.72,2086.59,1966.58,1998.33,1991.66,1955.91
2026-02-19T15:11:06,68853.97,69822.94,68832.59,68892.43,67503.52,66461.0,70560.01,70983.0,70126.67,69241.5,68476.22,67320.0,68730.13,68000.0,67294.11,66621.06,65870.0,65631.83,1.2602593143600264E9,1.5450945721368146E9,1.0627979182535971E9,1.117987651294812E9,1.0404935246521236E9,9.688635727821527E8,3803163,4598633,5233849,5994853,4548997,4679351,5.467560732649412E8,6.157330991208996E8,5.589091917674918E8,5.114261908932403E8,5.304581781385649E8,4.734562230721071E8,0.01407311939647321,-0.014184018291979864,8.695010415124824E-4,-0.020160560456351867,-0.015443935368111233,0.008166142549765967,69822.95,68832.58,68892.43,67503.52,66461.0,67003.73,2048.72,2086.59,1966.59,1998.34,1991.67,1955.9,2107.67,2103.32,2023.51,2015.33,2039.05,1987.55,2042.37,1928.88,1937.24,1941.66,1923.78,1907.0,4.58319230494356E8,1.680654508880478E9,6.94116360940269E8,8.04961298709777E8,7.78491630599568E8,5.83869775947742E8,2720271,5864311,4476026,6420841,5176537,3793608,2.28627817282618E8,6.51093452905736E8,3.52070618301827E8,3.90162604367408E8,3.78687588779843E8,2.76036975737437E8,0.01848471240579501,-0.057514892719700665,0.01614477926145898,-0.0033377870521885,-0.017949850878161935,-0.003491980714859147,2086.59,1966.58,1998.33,1991.66,1955.91,1949.08
2026-02-20T15:11:06,69822.94,68832.59,68892.43,67503.52,66461.0,67003.73,70983.0,70126.67,69241.5,68476.22,67320.0,68318.39,68000.0,67294.11,66621.06,65870.0,65631.83,66280.2,1.5450945721368146E9,1.0627979182535971E9,1.117987651294812E9,1.0404935246521236E9,9.688635727821527E8,2.3780791505678473E9,4598633,5233849,5994853,4548997,4679351,5044912,6.157330991208996E8,5.589091917674918E8,5.114261908932403E8,5.304581781385649E8,4.734562230721071E8,1.0109700431452413E9,-0.014184018291979864,8.695010415124824E-4,-0.020160560456351867,-0.015443935368111233,0.008166142549765967,0.015167513808559597,68832.58,68892.43,67503.52,66461.0,67003.73,68020.01,2086.59,1966.59,1998.34,1991.67,1955.9,1949.08,2103.32,2023.51,2015.33,2039.05,1987.55,1981.18,1928.88,1937.24,1941.66,1923.78,1907.0,1922.97,1.680654508880478E9,6.94116360940269E8,8.04961298709777E8,7.78491630599568E8,5.83869775947742E8,7.55968932473526E8,5864311,4476026,6420841,5176537,3793608,3948261,6.51093452905736E8,3.52070618301827E8,3.90162604367408E8,3.78687588779843E8,2.76036975737437E8,3.64867772122704E8,-0.057514892719700665,0.01614477926145898,-0.0033377870521885,-0.017949850878161935,-0.003491980714859147,0.010158638947606144,1966.58,1998.33,1991.66,1955.91,1949.08,1968.88
2026-02-21T15:11:06,68832.59,68892.43,67503.52,66461.0,67003.73,68020.0,70126.67,69241.5,68476.22,67320.0,68318.39,68698.7,67294.11,66621.06,65870.0,65631.83,66280.2,67534.69,1.0627979182535971E9,1.117987651294812E9,1.0404935246521236E9,9.688635727821527E8,2.3780791505678473E9,5.475920788471988E8,5233849,5994853,4548997,4679351,5044912,1593539,5.589091917674918E8,5.114261908932403E8,5.304581781385649E8,4.734562230721071E8,1.0109700431452413E9,2.7291969267728E8,8.695010415124824E-4,-0.020160560456351867,-0.015443935368111233,0.008166142549765967,0.015167513808559597,-6.480445974648011E-4,68892.43,67503.52,66461.0,67003.73,68020.01,67975.93,1966.59,1998.34,1991.67,1955.9,1949.08,1968.88,2023.51,2015.33,2039.05,1987.55,1981.18,1995.56,1937.24,1941.66,1923.78,1907.0,1922.97,1955.62,6.94116360940269E8,8.04961298709777E8,7.78491630599568E8,5.83869775947742E8,7.55968932473526E8,3.54489354648235E8,4476026,6420841,5176537,3793608,3948261,1362230,3.52070618301827E8,3.90162604367408E8,3.78687588779843E8,2.76036975737437E8,3.64867772122704E8,1.81134209820953E8,0.01614477926145898,-0.0033377870521885,-0.017949850878161935,-0.003491980714859147,0.010158638947606144,0.002270326276867965,1998.33,1991.66,1955.91,1949.08,1968.88,1973.35
2026-02-22T15:11:06,68892.43,67503.52,66461.0,67003.73,68020.0,67975.93,69241.5,68476.22,67320.0,68318.39,68698.7,68245.0,66621.06,65870.0,65631.83,66280.2,67534.69,67190.0,1.117987651294812E9,1.0404935246521236E9,9.688635727821527E8,2.3780791505678473E9,5.475920788471988E8,5.536133355774136E8,5994853,4548997,4679351,5044912,1593539,2160900,5.114261908932403E8,5.304581781385649E8,4.734562230721071E8,1.0109700431452413E9,2.7291969267728E8,2.690810936109383E8,-0.020160560456351867,-0.015443935368111233,0.008166142549765967,0.015167513808559597,-6.480445974648011E-4,-0.004891878639983283,67503.52,66461.0,67003.73,68020.01,67975.93,67643.4,1998.34,1991.67,1955.9,1949.08,1968.88,1973.35,2015.33,2039.05,1987.55,1981.18,1995.56,1983.13,1941.66,1923.78,1907.0,1922.97,1955.62,1935.0,8.04961298709777E8,7.78491630599568E8,5.83869775947742E8,7.55968932473526E8,3.54489354648235E8,3.04517550298572E8,6420841,5176537,3793608,3948261,1362230,1850073,3.90162604367408E8,3.78687588779843E8,2.76036975737437E8,3.64867772122704E8,1.81134209820953E8,1.51464074945039E8,-0.0033377870521885,-0.017949850878161935,-0.003491980714859147,0.010158638947606144,0.002270326276867965,-0.007869865963969885,1991.66,1955.91,1949.08,1968.88,1973.35,1957.82
2026-02-23T15:11:06,67503.52,66461.0,67003.73,68020.0,67975.93,67643.39,68476.22,67320.0,68318.39,68698.7,68245.0,67684.86,65870.0,65631.83,66280.2,67534.69,67190.0,63888.79,1.0404935246521236E9,9.688635727821527E8,2.3780791505678473E9,5.475920788471988E8,5.536133355774136E8,2.1581586561215167E9,4548997,4679351,5044912,1593539,2160900,8268695,5.304581781385649E8,4.734562230721071E8,1.0109700431452413E9,2.7291969267728E8,2.690810936109383E8,1.0693288600589625E9,-0.015443935368111233,0.008166142549765967,0.015167513808559597,-6.480445974648011E-4,-0.004891878639983283,-0.04416365824308059,66461.0,67003.73,68020.01,67975.93,67643.4,64656.02,1991.67,1955.9,1949.08,1968.88,1973.35,1957.82,2039.05,1987.55,1981.18,1995.56,1983.13,1958.33,1923.78,1907.0,1922.97,1955.62,1935.0,1837.13,7.78491630599568E8,5.83869775947742E8,7.55968932473526E8,3.54489354648235E8,3.04517550298572E8,1.031859704045753E9,5176537,3793608,3948261,1362230,1850073,6684753,3.78687588779843E8,2.76036975737437E8,3.64867772122704E8,1.81134209820953E8,1.51464074945039E8,5.02378481411939E8,-0.017949850878161935,-0.003491980714859147,0.010158638947606144,0.002270326276867965,-0.007869865963969885,-0.05185359226077984,1955.91,1949.08,1968.88,1973.35,1957.82,1856.3
2026-02-24T15:11:06,66461.0,67003.73,68020.0,67975.93,67643.39,64656.01,67320.0,68318.39,68698.7,68245.0,67684.86,65026.75,65631.83,66280.2,67534.69,67190.0,63888.79,62510.28,9.688635727821527E8,2.3780791505678473E9,5.475920788471988E8,5.536133355774136E8,2.1581586561215167E9,1.4695121597199352E9,4679351,5044912,1593539,2160900,8268695,7553629,4.734562230721071E8,1.0109700431452413E9,2.7291969267728E8,2.690810936109383E8,1.0693288600589625E9,7.092354319176984E8,0.008166142549765967,0.015167513808559597,-6.480445974648011E-4,-0.004891878639983283,-0.04416365824308059,-0.009246934778849601,67003.73,68020.01,67975.93,67643.4,64656.02,64058.15,1955.9,1949.08,1968.88,1973.35,1957.82,1856.3,1987.55,1981.18,1995.56,1983.13,1958.33,1869.58,1907.0,1922.97,1955.62,1935.0,1837.13,1800.0,5.83869775947742E8,7.55968932473526E8,3.54489354648235E8,3.04517550298572E8,1.031859704045753E9,8.04280693829216E8,3793608,3948261,1362230,1850073,6684753,6607359,2.76036975737437E8,3.64867772122704E8,1.81134209820953E8,1.51464074945039E8,5.02378481411939E8,3.78122255429729E8,-0.003491980714859147,0.010158638947606144,0.002270326276867965,-0.007869865963969885,-0.05185359226077984,-0.0023487582826051284,1949.08,1968.88,1973.35,1957.82,1856.3,1851.94
2026-02-25T15:11:06,67003.73,68020.0,67975.93,67643.39,64656.01,64058.15,68318.39,68698.7,68245.0,67684.86,65026.75,69988.83,66280.2,67534.69,67190.0,63888.79,62510.28,63913.27,2.3780791505678473E9,5.475920788471988E8,5.536133355774136E8,2.1581586561215167E9,1.4695121597199352E9,2.064089702844435E9,5044912,1593539,2160900,8268695,7553629,7096715,1.0109700431452413E9,2.7291969267728E8,2.690810936109383E8,1.0693288600589625E9,7.092354319176984E8,1.098904977008272E9,0.015167513808559597,-6.480445974648011E-4,-0.004891878639983283,-0.04416365824308059,-0.009246934778849601,0.06134879012272431,68020.01,67975.93,67643.4,64656.02,64058.15,67988.04,1949.08,1968.88,1973.35,1957.82,1856.3,1851.95,1981.18,1995.56,1983.13,1958.33,1869.58,2148.39,1922.97,1955.62,1935.0,1837.13,1800.0,1846.74,7.55968932473526E8,3.54489354648235E8,3.04517550298572E8,1.031859704045753E9,8.04280693829216E8,1.366356333151672E9,3948261,1362230,1850073,6684753,6607359,9024746,3.64867772122704E8,1.81134209820953E8,1.51464074945039E8,5.02378481411939E8,3.78122255429729E8,6.86156732823848E8,0.010158638947606144,0.002270326276867965,-0.007869865963969885,-0.05185359226077984,-0.0023487582826051284,0.11098631705130833,1968.88,1973.35,1957.82,1856.3,1851.94,2057.48
2026-02-26T15:11:06,68020.0,67975.93,67643.39,64656.01,64058.15,67988.04,68698.7,68245.0,67684.86,65026.75,69988.83,68860.0,67534.69,67190.0,63888.79,62510.28,63913.27,66500.0,5.475920788471988E8,5.536133355774136E8,2.1581586561215167E9,1.4695121597199352E9,2.064089702844435E9,1.404774665564561E9,1593539,2160900,8268695,7553629,7096715,5426137,2.7291969267728E8,2.690810936109383E8,1.0693288600589625E9,7.092354319176984E8,1.098904977008272E9,6.89304052453067E8,-6.480445974648011E-4,-0.004891878639983283,-0.04416365824308059,-0.009246934778849601,0.06134879012272431,-0.007396300878801634,67975.93,67643.4,64656.02,64058.15,67988.04,67485.18,1968.88,1973.35,1957.82,1856.3,1851.95,2057.48,1995.56,1983.13,1958.33,1869.58,2148.39,2083.33,1955.62,1935.0,1837.13,1800.0,1846.74,1975.35,3.54489354648235E8,3.04517550298572E8,1.031859704045753E9,8.04280693829216E8,1.366356333151672E9,8.97062353242189E8,1362230,1850073,6684753,6607359,9024746,7142316,1.81134209820953E8,1.51464074945039E8,5.02378481411939E8,3.78122255429729E8,6.86156732823848E8,4.58691743982327E8,0.002270326276867965,-0.007869865963969885,-0.05185359226077984,-0.0023487582826051284,0.11098631705130833,-0.014483737387483696,1973.35,1957.82,1856.3,1851.94,2057.48,2027.68
2026-02-27T15:11:06,67975.93,67643.39,64656.01,64058.15,67988.04,67485.19,68245.0,67684.86,65026.75,69988.83,68860.0,68216.8,67190.0,63888.79,62510.28,63913.27,66500.0,64914.46,5.536133355774136E8,2.1581586561215167E9,1.4695121597199352E9,2.064089702844435E9,1.404774665564561E9,1.4120338235619729E9,2160900,8268695,7553629,7096715,5426137,3856064,2.690810936109383E8,1.0693288600589625E9,7.092354319176984E8,1.098904977008272E9,6.89304052453067E8,6.71986242524662E8,-0.004891878639983283,-0.04416365824308059,-0.009246934778849601,0.06134879012272431,-0.007396300878801634,-0.023902729458526856,67643.4,64656.02,64058.15,67988.04,67485.18,65872.1,1973.35,1957.82,1856.3,1851.95,2057.48,2027.68,1983.13,1958.33,1869.58,2148.39,2083.33,2063.52,1935.0,1837.13,1800.0,1846.74,1975.35,1887.0,3.04517550298572E8,1.031859704045753E9,8.04280693829216E8,1.366356333151672E9,8.97062353242189E8,8.46919721884444E8,1850073,6684753,6607359,9024746,7142316,5213158,1.51464074945039E8,5.02378481411939E8,3.78122255429729E8,6.86156732823848E8,4.58691743982327E8,4.22880876500186E8,-0.007869865963969885,-0.05185359226077984,-0.0023487582826051284,0.11098631705130833,-0.014483737387483696,-0.04825218969462644,1957.82,1856.3,1851.94,2057.48,2027.68,1929.84
2026-02-28T15:11:06,67643.39,64656.01,64058.15,67988.04,67485.19,65872.09,67684.86,65026.75,69988.83,68860.0,68216.8,67760.0,63888.79,62510.28,63913.27,66500.0,64914.46,63030.0,2.1581586561215167E9,1.4695121597199352E9,2.064089702844435E9,1.404774665564561E9,1.4120338235619729E9,1.4628644082615664E9,8268695,7553629,7096715,5426137,3856064,5268514,1.0693288600589625E9,7.092354319176984E8,1.098904977008272E9,6.89304052453067E8,6.71986242524662E8,7.481903904323822E8,-0.04416365824308059,-0.009246934778849601,0.06134879012272431,-0.007396300878801634,-0.023902729458526856,0.016716637240956168,64656.02,64058.15,67988.04,67485.18,65872.1,66973.26,1957.82,1856.3,1851.95,2057.48,2027.68,1929.84,1958.33,1869.58,2148.39,2083.33,2063.52,1984.99,1837.13,1800.0,1846.74,1975.35,1887.0,1835.36,1.031859704045753E9,8.04280693829216E8,1.366356333151672E9,8.97062353242189E8,8.46919721884444E8,8.77128283233712E8,6684753,6607359,9024746,7142316,5213158,6186042,5.02378481411939E8,3.78122255429729E8,6.86156732823848E8,4.58691743982327E8,4.22880876500186E8,4.37053523083052E8,-0.05185359226077984,-0.0023487582826051284,0.11098631705130833,-0.014483737387483696,-0.04825218969462644,0.01796521991460436,1856.3,1851.94,2057.48,2027.68,1929.84,1964.51
2026-03-01T15:11:06,64656.01,64058.15,67988.04,67485.19,65872.09,66973.26,65026.75,69988.83,68860.0,68216.8,67760.0,68199.99,62510.28,63913.27,66500.0,64914.46,63030.0,65056.0,1.4695121597199352E9,2.064089702844435E9,1.404774665564561E9,1.4120338235619729E9,1.4628644082615664E9,1.5457837429062002E9,7553629,7096715,5426137,3856064,5268514,5312013,7.092354319176984E8,1.098904977008272E9,6.89304052453067E8,6.71986242524662E8,7.481903904323822E8,7.471619228484616E8,-0.009246934778849601,0.06134879012272431,-0.007396300878801634,-0.023902729458526856,0.016716637240956168,-0.01786966917841529,64058.15,67988.04,67485.18,65872.1,66973.26,65776.47,1856.3,1851.95,2057.48,2027.68,1929.84,1964.51,1869.58,2148.39,2083.33,2063.52,1984.99,2054.8,1800.0,1846.74,1975.35,1887.0,1835.36,1907.41,8.04280693829216E8,1.366356333151672E9,8.97062353242189E8,8.46919721884444E8,8.77128283233712E8,1.051030823789445E9,6607359,9024746,7142316,5213158,6186042,6616298,3.78122255429729E8,6.86156732823848E8,4.58691743982327E8,4.22880876500186E8,4.37053523083052E8,5.05531901718655E8,-0.0023487582826051284,0.11098631705130833,-0.014483737387483696,-0.04825218969462644,0.01796521991460436,-0.012624013112684565,1851.94,2057.48,2027.68,1929.84,1964.51,1939.71
2026-03-02T15:11:06,64058.15,67988.04,67485.19,65872.09,66973.26,65776.48,69988.83,68860.0,68216.8,67760.0,68199.99,70096.0,63913.27,66500.0,64914.46,63030.0,65056.0,65259.21,2.064089702844435E9,1.404774665564561E9,1.4120338235619729E9,1.4628644082615664E9,1.5457837429062002E9,2.164578841845917E9,7096715,5426137,3856064,5268514,5312013,8397526,1.098904977008272E9,6.89304052453067E8,6.71986242524662E8,7.481903904323822E8,7.471619228484616E8,1.0378715445481505E9,0.06134879012272431,-0.007396300878801634,-0.023902729458526856,0.016716637240956168,-0.01786966917841529,0.046423743931530474,67988.04,67485.18,65872.1,66973.26,65776.47,68830.06,1851.95,2057.48,2027.68,1929.84,1964.51,1939.71,2148.39,2083.33,2063.52,1984.99,2054.8,2090.0,1846.74,1975.35,1887.0,1835.36,1907.41,1920.0,1.366356333151672E9,8.97062353242189E8,8.46919721884444E8,8.77128283233712E8,1.051030823789445E9,1.154427554493893E9,9024746,7142316,5213158,6186042,6616298,9343785,6.86156732823848E8,4.58691743982327E8,4.22880876500186E8,4.37053523083052E8,5.05531901718655E8,5.98658734971255E8,0.11098631705130833,-0.014483737387483696,-0.04825218969462644,0.01796521991460436,-0.012624013112684565,0.045182011744023524,2057.48,2027.68,1929.84,1964.51,1939.71,2027.35
2026-03-03T15:11:06,67988.04,67485.19,65872.09,66973.26,65776.48,68830.06,68860.0,68216.8,67760.0,68199.99,70096.0,69258.08,66500.0,64914.46,63030.0,65056.0,65259.21,66158.0,1.404774665564561E9,1.4120338235619729E9,1.4628644082615664E9,1.5457837429062002E9,2.164578841845917E9,1.6918486699430182E9,5426137,3856064,5268514,5312013,8397526,7648119,6.89304052453067E8,6.71986242524662E8,7.481903904323822E8,7.471619228484616E8,1.0378715445481505E9,8.354610160946944E8,-0.007396300878801634,-0.023902729458526856,0.016716637240956168,-0.01786966917841529,0.046423743931530474,-0.007148911391331021,67485.18,65872.1,66973.26,65776.47,68830.06,68338.0,2057.48,2027.68,1929.84,1964.51,1939.71,2027.34,2083.33,2063.52,1984.99,2054.8,2090.0,2041.48,1975.35,1887.0,1835.36,1907.41,1920.0,1929.56,8.97062353242189E8,8.46919721884444E8,8.77128283233712E8,1.051030823789445E9,1.154427554493893E9,1.007923347106694E9,7142316,5213158,6186042,6616298,9343785,8311355,4.58691743982327E8,4.22880876500186E8,4.37053523083052E8,5.05531901718655E8,5.98658734971255E8,5.03251034902722E8,-0.014483737387483696,-0.04825218969462644,0.01796521991460436,-0.012624013112684565,0.045182011744023524,-0.021974498729869018,2027.68,1929.84,1964.51,1939.71,2027.35,1982.8
2026-03-04T15:11:06,67485.19,65872.09,66973.26,65776.48,68830.06,68338.01,68216.8,67760.0,68199.99,70096.0,69258.08,74050.0,64914.46,63030.0,65056.0,65259.21,66158.0,67400.0,1.4120338235619729E9,1.4628644082615664E9,1.5457837429062002E9,2.164578841845917E9,1.6918486699430182E9,3.2028644476324606E9,3856064,5268514,5312013,8397526,7648119,8618302,6.71986242524662E8,7.481903904323822E8,7.471619228484616E8,1.0378715445481505E9,8.354610160946944E8,1.685099057930178E9,-0.023902729458526856,0.016716637240956168,-0.01786966917841529,0.046423743931530474,-0.007148911391331021,0.06334352775907992,65872.1,66973.26,65776.47,68830.06,68338.0,72666.77,2027.68,1929.84,1964.51,1939.71,2027.34,1982.81,2063.52,1984.99,2054.8,2090.0,2041.48,2199.0,1887.0,1835.36,1907.41,1920.0,1929.56,1945.08,8.46919721884444E8,8.77128283233712E8,1.051030823789445E9,1.154427554493893E9,1.007923347106694E9,1.537991054004056E9,5213158,6186042,6616298,9343785,8311355,9527323,4.22880876500186E8,4.37053523083052E8,5.05531901718655E8,5.98658734971255E8,5.03251034902722E8,7.67713624115772E8,-0.04825218969462644,0.01796521991460436,-0.012624013112684565,0.045182011744023524,-0.021974498729869018,0.0728666532176721,1929.84,1964.51,1939.71,2027.35,1982.8,2127.28
2026-03-05T15:11:06,65872.09,66973.26,65776.48,68830.06,68338.01,72666.77,67760.0,68199.99,70096.0,69258.08,74050.0,73558.15,63030.0,65056.0,65259.21,66158.0,67400.0,70645.47,1.4628644082615664E9,1.5457837429062002E9,2.164578841845917E9,1.6918486699430182E9,3.2028644476324606E9,1.917514690387834E9,5268514,5312013,8397526,7648119,8618302,6709160,7.481903904323822E8,7.471619228484616E8,1.0378715445481505E9,8.354610160946944E8,1.685099057930178E9,8.867734624727771E8,0.016716637240956168,-0.01786966917841529,0.046423743931530474,-0.007148911391331021,0.06334352775907992,-0.024441020290292288,66973.26,65776.47,68830.06,68338.0,72666.77,70890.72,1929.84,1964.51,1939.71,2027.34,1982.81,2127.28,1984.99,2054.8,2090.0,2041.48,2199.0,2163.66,1835.36,1907.41,1920.0,1929.56,1945.08,2054.75,8.77128283233712E8,1.051030823789445E9,1.154427554493893E9,1.007923347106694E9,1.537991054004056E9,9.09578852988923E8,6186042,6616298,9343785,8311355,9527323,6753565,4.37053523083052E8,5.05531901718655E8,5.98658734971255E8,5.03251034902722E8,7.67713624115772E8,4.32642648347527E8,0.01796521991460436,-0.012624013112684565,0.045182011744023524,-0.021974498729869018,0.0728666532176721,-0.025581963822345937,1964.51,1939.71,2027.35,1982.8,2127.28,2072.86
2026-03-06T15:11:06,66973.26,65776.48,68830.06,68338.01,72666.77,70891.02,68199.99,70096.0,69258.08,74050.0,73558.15,71419.98,65056.0,65259.21,66158.0,67400.0,70645.47,67744.78,1.5457837429062002E9,2.164578841845917E9,1.6918486699430182E9,3.2028644476324606E9,1.917514690387834E9,1.574601198874888E9,5312013,8397526,7648119,8618302,6709160,5302899,7.471619228484616E8,1.0378715445481505E9,8.354610160946944E8,1.685099057930178E9,8.867734624727771E8,7.280917577822127E8,-0.01786966917841529,0.046423743931530474,-0.007148911391331021,0.06334352775907992,-0.024441020290292288,-0.039168737459571536,65776.47,68830.06,68338.0,72666.77,70890.72,68114.02,1964.51,1939.71,2027.34,1982.81,2127.28,2072.86,2054.8,2090.0,2041.48,2199.0,2163.66,2093.33,1907.41,1920.0,1929.56,1945.08,2054.75,1955.95,1.051030823789445E9,1.154427554493893E9,1.007923347106694E9,1.537991054004056E9,9.09578852988923E8,8.31917068631373E8,6616298,9343785,8311355,9527323,6753565,5601424,5.05531901718655E8,5.98658734971255E8,5.03251034902722E8,7.67713624115772E8,4.32642648347527E8,3.99155087071218E8,-0.012624013112684565,0.045182011744023524,-0.021974498729869018,0.0728666532176721,-0.025581963822345937,-0.04543480987620971,1939.71,2027.35,1982.8,2127.28,2072.86,1978.68
2026-03-07T15:11:06,65776.48,68830.06,68338.01,72666.77,70891.02,68114.02,70096.0,69258.08,74050.0,73558.15,71419.98,68551.04,65259.21,66158.0,67400.0,70645.47,67744.78,66915.26,2.164578841845917E9,1.6918486699430182E9,3.2028644476324606E9,1.917514690387834E9,1.574601198874888E9,8.617298618530488E8,8397526,7648119,8618302,6709160,5302899,2067476,1.0378715445481505E9,8.354610160946944E8,1.685099057930178E9,8.867734624727771E8,7.280917577822127E8,4.004775183566913E8,0.046423743931530474,-0.007148911391331021,0.06334352775907992,-0.024441020290292288,-0.039168737459571536,-0.012495371731106174,68830.06,68338.0,72666.77,70890.72,68114.02,67262.91,1939.71,2027.34,1982.81,2127.28,2072.86,1978.68,2090.0,2041.48,2199.0,2163.66,2093.33,1996.04,1920.0,1929.56,1945.08,2054.75,1955.95,1948.09,1.154427554493893E9,1.007923347106694E9,1.537991054004056E9,9.09578852988923E8,8.31917068631373E8,3.6452923478772E8,9343785,8311355,9527323,6753565,5601424,2029543,5.98658734971255E8,5.03251034902722E8,7.67713624115772E8,4.32642648347527E8,3.99155087071218E8,1.76467060503114E8,0.045182011744023524,-0.021974498729869018,0.0728666532176721,-0.025581963822345937,-0.04543480987620971,-0.004593971738734988,2027.35,1982.8,2127.28,2072.86,1978.68,1969.59
2026-03-08T15:11:06,68830.06,68338.01,72666.77,70891.02,68114.02,67262.91,69258.08,74050.0,73558.15,71419.98,68551.04,68200.0,66158.0,67400.0,70645.47,67744.78,66915.26,65618.49,1.6918486699430182E9,3.2028644476324606E9,1.917514690387834E9,1.574601198874888E9,8.617298618530488E8,1.4475221603154545E9,7648119,8618302,6709160,5302899,2067476,3028392,8.354610160946944E8,1.685099057930178E9,8.867734624727771E8,7.280917577822127E8,4.004775183566913E8,7.557323591696719E8,-0.007148911391331021,0.06334352775907992,-0.024441020290292288,-0.039168737459571536,-0.012495371731106174,-0.019203897066005712,68338.0,72666.77,70890.72,68114.02,67262.91,65971.2,2027.34,1982.81,2127.28,2072.86,1978.68,1969.6,2041.48,2199.0,2163.66,2093.33,1996.04,1979.8,1929.56,1945.08,2054.75,1955.95,1948.09,1916.14,1.007923347106694E9,1.537991054004056E9,9.09578852988923E8,8.31917068631373E8,3.6452923478772E8,7.61435521244382E8,8311355,9527323,6753565,5601424,2029543,4044585,5.03251034902722E8,7.67713624115772E8,4.32642648347527E8,3.99155087071218E8,1.76467060503114E8,3.71905575962306E8,-0.021974498729869018,0.0728666532176721,-0.025581963822345937,-0.04543480987620971,-0.004593971738734988,-0.01649581892678172,1982.8,2127.28,2072.86,1978.68,1969.59,1937.1
2026-03-09T15:11:06,68338.01,72666.77,70891.02,68114.02,67262.91,65971.2,74050.0,73558.15,71419.98,68551.04,68200.0,69516.65,67400.0,70645.47,67744.78,66915.26,65618.49,65821.97,3.2028644476324606E9,1.917514690387834E9,1.574601198874888E9,8.617298618530488E8,1.4475221603154545E9,1.96762205144968E9,8618302,6709160,5302899,2067476,3028392,5093667,1.685099057930178E9,8.867734624727771E8,7.280917577822127E8,4.004775183566913E8,7.557323591696719E8,9.601957729159064E8,0.06334352775907992,-0.024441020290292288,-0.039168737459571536,-0.012495371731106174,-0.019203897066005712,0.037303550640279494,72666.77,70890.72,68114.02,67262.91,65971.2,68432.16,1982.81,2127.28,2072.86,1978.68,1969.6,1937.11,2199.0,2163.66,2093.33,1996.04,1979.8,2053.52,1945.08,2054.75,1955.95,1948.09,1916.14,1929.65,1.537991054004056E9,9.09578852988923E8,8.31917068631373E8,3.6452923478772E8,7.61435521244382E8,1.102883352283049E9,9527323,6753565,5601424,2029543,4044585,6360581,7.67713624115772E8,4.32642648347527E8,3.99155087071218E8,1.76467060503114E8,3.71905575962306E8,5.66353976452963E8,0.0728666532176721,-0.025581963822345937,-0.04543480987620971,-0.004593971738734988,-0.01649581892678172,0.02884724588302107,2127.28,2072.86,1978.68,1969.59,1937.1,1992.98
2026-03-10T15:11:06,72666.77,70891.02,68114.02,67262.91,65971.2,68432.16,73558.15,71419.98,68551.04,68200.0,69516.65,71777.0,70645.47,67744.78,66915.26,65618.49,65821.97,68391.41,1.917514690387834E9,1.574601198874888E9,8.617298618530488E8,1.4475221603154545E9,1.96762205144968E9,2.2925256214405203E9,6709160,5302899,2067476,3028392,5093667,5176064,8.867734624727771E8,7.280917577822127E8,4.004775183566913E8,7.557323591696719E8,9.601957729159064E8,1.1572389671004455E9,-0.024441020290292288,-0.039168737459571536,-0.012495371731106174,-0.019203897066005712,0.037303550640279494,0.022160194855752047,70890.72,68114.02,67262.91,65971.2,68432.16,69948.63,2127.28,2072.86,1978.68,1969.6,1937.11,1992.97,2163.66,2093.33,1996.04,1979.8,2053.52,2088.19,2054.75,1955.95,1948.09,1916.14,1929.65,1991.0,9.09578852988923E8,8.31917068631373E8,3.6452923478772E8,7.61435521244382E8,1.102883352283049E9,9.48509257026159E8,6753565,5601424,2029543,4044585,6360581,5226998,4.32642648347527E8,3.99155087071218E8,1.76467060503114E8,3.71905575962306E8,5.66353976452963E8,4.91126376680953E8,-0.025581963822345937,-0.04543480987620971,-0.004593971738734988,-0.01649581892678172,0.02884724588302107,0.021841664241487608,2072.86,1978.68,1969.59,1937.1,1992.98,2036.51
2026-03-11T15:11:06,70891.02,68114.02,67262.91,65971.2,68432.16,69948.64,71419.98,68551.04,68200.0,69516.65,71777.0,71321.0,67744.78,66915.26,65618.49,65821.97,68391.41,68977.91,1.574601198874888E9,8.617298618530488E8,1.4475221603154545E9,1.96762205144968E9,2.2925256214405203E9,1.9113005962341678E9,5302899,2067476,3028392,5093667,5176064,4759855,7.280917577822127E8,4.004775183566913E8,7.557323591696719E8,9.601957729159064E8,1.1572389671004455E9,9.829718055997225E8,-0.039168737459571536,-0.012495371731106174,-0.019203897066005712,0.037303550640279494,0.022160194855752047,0.003477266102281001,68114.02,67262.91,65971.2,68432.16,69948.63,70191.86,2072.86,1978.68,1969.6,1937.11,1992.97,2036.5,2093.33,1996.04,1979.8,2053.52,2088.19,2085.58,1955.95,1948.09,1916.14,1929.65,1991.0,2007.17,8.31917068631373E8,3.6452923478772E8,7.61435521244382E8,1.102883352283049E9,9.48509257026159E8,7.17032957206017E8,5601424,2029543,4044585,6360581,5226998,4730286,3.99155087071218E8,1.76467060503114E8,3.71905575962306E8,5.66353976452963E8,4.91126376680953E8,3.53640487903065E8,-0.04543480987620971,-0.004593971738734988,-0.01649581892678172,0.02884724588302107,0.021841664241487608,0.007591418652498544,1978.68,1969.59,1937.1,1992.98,2036.51,2051.97
2026-03-12T15:11:06,68114.02,67262.91,65971.2,68432.16,69948.64,70191.86,68551.04,68200.0,69516.65,71777.0,71321.0,70800.0,66915.26,65618.49,65821.97,68391.41,68977.91,69205.91,8.617298618530488E8,1.4475221603154545E9,1.96762205144968E9,2.2925256214405203E9,1.9113005962341678E9,1.540745224510106E9,2067476,3028392,5093667,5176064,4759855,4344059,4.004775183566913E8,7.557323591696719E8,9.601957729159064E8,1.1572389671004455E9,9.829718055997225E8,7.387581118989177E8,-0.012495371731106174,-0.019203897066005712,0.037303550640279494,0.022160194855752047,0.003477266102281001,0.004978924906677155,67262.91,65971.2,68432.16,69948.63,70191.86,70541.34,1978.68,1969.6,1937.11,1992.97,2036.5,2051.97,1996.04,1979.8,2053.52,2088.19,2085.58,2095.0,1948.09,1916.14,1929.65,1991.0,2007.17,2017.59,3.6452923478772E8,7.61435521244382E8,1.102883352283049E9,9.48509257026159E8,7.17032957206017E8,8.24458252126678E8,2029543,4044585,6360581,5226998,4730286,4757775,1.76467060503114E8,3.71905575962306E8,5.66353976452963E8,4.91126376680953E8,3.53640487903065E8,4.04852828040824E8,-0.004593971738734988,-0.01649581892678172,0.02884724588302107,0.021841664241487608,0.007591418652498544,0.010502102857254338,1969.59,1937.1,1992.98,2036.51,2051.97,2073.52
2026-03-13T15:11:06,67262.91,65971.2,68432.16,69948.64,70191.86,70541.34,68200.0,69516.65,71777.0,71321.0,70800.0,73913.74,65618.49,65821.97,68391.41,68977.91,69205.91,70386.01,1.4475221603154545E9,1.96762205144968E9,2.2925256214405203E9,1.9113005962341678E9,1.540745224510106E9,2.591768526296147E9,3028392,5093667,5176064,4759855,4344059,5312490,7.557323591696719E8,9.601957729159064E8,1.1572389671004455E9,9.829718055997225E8,7.387581118989177E8,1.3195306529586313E9,-0.019203897066005712,0.037303550640279494,0.022160194855752047,0.003477266102281001,0.004978924906677155,0.005509677020595349,65971.2,68432.16,69948.63,70191.86,70541.34,70930.0,1969.6,1937.11,1992.97,2036.5,2051.97,2073.51,1979.8,2053.52,2088.19,2085.58,2095.0,2209.03,1916.14,1929.65,1991.0,2007.17,2017.59,2070.12,7.61435521244382E8,1.102883352283049E9,9.48509257026159E8,7.17032957206017E8,8.24458252126678E8,1.279403180493586E9,4044585,6360581,5226998,4730286,4757775,6138489,3.71905575962306E8,5.66353976452963E8,4.91126376680953E8,3.53640487903065E8,4.04852828040824E8,6.41144458022528E8,-0.01649581892678172,0.02884724588302107,0.021841664241487608,0.007591418652498544,0.010502102857254338,0.009018480651259606,1937.1,1992.98,2036.51,2051.97,2073.52,2092.22
2026-03-14T15:11:06,65971.2,68432.16,69948.64,70191.86,70541.34,70930.01,69516.65,71777.0,71321.0,70800.0,73913.74,71307.92,65821.97,68391.41,68977.91,69205.91,70386.01,70317.0,1.96762205144968E9,2.2925256214405203E9,1.9113005962341678E9,1.540745224510106E9,2.591768526296147E9,9.213086309462769E8,5093667,5176064,4759855,4344059,5312490,1661739,9.601957729159064E8,1.1572389671004455E9,9.829718055997225E8,7.387581118989177E8,1.3195306529586313E9,4.418954053585625E8,0.037303550640279494,0.022160194855752047,0.003477266102281001,0.004978924906677155,0.005509677020595349,0.003975045819822319,68432.16,69948.63,70191.86,70541.34,70930.0,71211.95,1937.11,1992.97,2036.5,2051.97,2073.51,2092.21,2053.52,2088.19,2085.58,2095.0,2209.03,2106.09,1929.65,1991.0,2007.17,2017.59,2070.12,2061.6,1.102883352283049E9,9.48509257026159E8,7.17032957206017E8,8.24458252126678E8,1.279403180493586E9,3.17648583840042E8,6360581,5226998,4730286,4757775,6138489,1584458,5.66353976452963E8,4.91126376680953E8,3.53640487903065E8,4.04852828040824E8,6.41144458022528E8,1.52930062524787E8,0.02884724588302107,0.021841664241487608,0.007591418652498544,0.010502102857254338,0.009018480651259606,0.001883167162153146,1992.98,2036.51,2051.97,2073.52,2092.22,2096.16
2026-03-15T15:11:06,68432.16,69948.64,70191.86,70541.34,70930.01,71211.95,71777.0,71321.0,70800.0,73913.74,71307.92,73199.0,68391.41,68977.91,69205.91,70386.01,70317.0,70858.82,2.2925256214405203E9,1.9113005962341678E9,1.540745224510106E9,2.591768526296147E9,9.213086309462769E8,1.0073349552436514E9,5176064,4759855,4344059,5312490,1661739,2509013,1.1572389671004455E9,9.829718055997225E8,7.387581118989177E8,1.3195306529586313E9,4.418954053585625E8,5.244405197627765E8,0.022160194855752047,0.003477266102281001,0.004978924906677155,0.005509677020595349,0.003975045819822319,0.02251433923660296,69948.63,70191.86,70541.34,70930.0,71211.95,72815.24,1992.97,2036.5,2051.97,2073.51,2092.21,2096.16,2088.19,2085.58,2095.0,2209.03,2106.09,2202.87,1991.0,2007.17,2017.59,2070.12,2061.6,2083.35,9.48509257026159E8,7.17032957206017E8,8.24458252126678E8,1.279403180493586E9,3.17648583840042E8,5.98811241300968E8,5226998,4730286,4757775,6138489,1584458,3001730,4.91126376680953E8,3.53640487903065E8,4.04852828040824E8,6.41144458022528E8,1.52930062524787E8,3.11760540134007E8,0.021841664241487608,0.007591418652498544,0.010502102857254338,0.009018480651259606,0.001883167162153146,0.039185940004579964,2036.51,2051.97,2073.52,2092.22,2096.16,2178.3
2026-03-16T15:11:06,69948.64,70191.86,70541.34,70930.01,71211.95,72815.25,71321.0,70800.0,73913.74,71307.92,73199.0,74909.08,68977.91,69205.91,70386.01,70317.0,70858.82,72270.41,1.9113005962341678E9,1.540745224510106E9,2.591768526296147E9,9.213086309462769E8,1.0073349552436514E9,2.0958595115648637E9,4759855,4344059,5312490,1661739,2509013,5396482,9.829718055997225E8,7.387581118989177E8,1.3195306529586313E9,4.418954053585625E8,5.244405197627765E8,1.1220451591994789E9,0.003477266102281001,0.004978924906677155,0.005509677020595349,0.003975045819822319,0.02251433923660296,0.028420286742170908,70191.86,70541.34,70930.0,71211.95,72815.24,74884.67,2036.5,2051.97,2073.51,2092.21,2096.16,2178.29,2085.58,2095.0,2209.03,2106.09,2202.87,2386.02,2007.17,2017.59,2070.12,2061.6,2083.35,2164.73,7.17032957206017E8,8.24458252126678E8,1.279403180493586E9,3.17648583840042E8,5.98811241300968E8,1.930037154480769E9,4730286,4757775,6138489,1584458,3001730,7409311,3.53640487903065E8,4.04852828040824E8,6.41144458022528E8,1.52930062524787E8,3.11760540134007E8,1.017103594869559E9,0.007591418652498544,0.010502102857254338,0.009018480651259606,0.001883167162153146,0.039185940004579964,0.08018638387733536,2051.97,2073.52,2092.22,2096.16,2178.3,2352.97
2026-03-17T15:11:06,70191.86,70541.34,70930.01,71211.95,72815.25,74884.67,70800.0,73913.74,71307.92,73199.0,74909.08,76000.0,69205.91,70386.01,70317.0,70858.82,72270.41,73399.19,1.540745224510106E9,2.591768526296147E9,9.213086309462769E8,1.0073349552436514E9,2.0958595115648637E9,1.8259767313326733E9,4344059,5312490,1661739,2509013,5396482,4863187,7.387581118989177E8,1.3195306529586313E9,4.418954053585625E8,5.244405197627765E8,1.1220451591994789E9,8.78396858780886E8,0.004978924906677155,0.005509677020595349,0.003975045819822319,0.02251433923660296,0.028420286742170908,-0.013024161019872261,70541.34,70930.0,71211.95,72815.24,74884.67,73909.36,2051.97,2073.51,2092.21,2096.16,2178.29,2352.97,2095.0,2209.03,2106.09,2202.87,2386.02,2376.66,2017.59,2070.12,2061.6,2083.35,2164.73,2294.15,8.24458252126678E8,1.279403180493586E9,3.17648583840042E8,5.98811241300968E8,1.930037154480769E9,1.152094007668437E9,4757775,6138489,1584458,3001730,7409311,5596636,4.04852828040824E8,6.41144458022528E8,1.52930062524787E8,3.11760540134007E8,1.017103594869559E9,5.60589683752158E8,0.010502102857254338,0.009018480651259606,0.001883167162153146,0.039185940004579964,0.08018638387733536,-0.015121314763894113,2073.52,2092.22,2096.16,2178.3,2352.97,2317.39
2026-03-18T15:11:06,70541.34,70930.01,71211.95,72815.25,74884.67,73909.37,73913.74,71307.92,73199.0,74909.08,76000.0,74672.34,70386.01,70317.0,70858.82,72270.41,73399.19,70500.0,2.591768526296147E9,9.213086309462769E8,1.0073349552436514E9,2.0958595115648637E9,1.8259767313326733E9,1.6929498389777424E9,5312490,1661739,2509013,5396482,4863187,4733897,1.3195306529586313E9,4.418954053585625E8,5.244405197627765E8,1.1220451591994789E9,8.78396858780886E8,8.479054826972562E8,0.005509677020595349,0.003975045819822319,0.02251433923660296,0.028420286742170908,-0.013024161019872261,-0.036028183710425946,70930.0,71211.95,72815.24,74884.67,73909.36,71246.54,2073.51,2092.21,2096.16,2178.29,2352.97,2317.38,2209.03,2106.09,2202.87,2386.02,2376.66,2350.0,2070.12,2061.6,2083.35,2164.73,2294.15,2153.21,1.279403180493586E9,3.17648583840042E8,5.98811241300968E8,1.930037154480769E9,1.152094007668437E9,1.091022905103254E9,6138489,1584458,3001730,7409311,5596636,5684937,6.41144458022528E8,1.52930062524787E8,3.11760540134007E8,1.017103594869559E9,5.60589683752158E8,5.19214878002058E8,0.009018480651259606,0.001883167162153146,0.039185940004579964,0.08018638387733536,-0.015121314763894113,-0.049193273467133286,2092.22,2096.16,2178.3,2352.97,2317.39,2203.39
2026-03-19T15:11:06,70930.01,71211.95,72815.25,74884.67,73909.37,71246.55,71307.92,73199.0,74909.08,76000.0,74672.34,71613.79,70317.0,70858.82,72270.41,73399.19,70500.0,68793.35,9.213086309462769E8,1.0073349552436514E9,2.0958595115648637E9,1.8259767313326733E9,1.6929498389777424E9,1.5665739498604124E9,1661739,2509013,5396482,4863187,4733897,4972526,4.418954053585625E8,5.244405197627765E8,1.1220451591994789E9,8.78396858780886E8,8.479054826972562E8,7.346346232873883E8,0.003975045819822319,0.02251433923660296,0.028420286742170908,-0.013024161019872261,-0.036028183710425946,-0.018478651735228037,71211.95,72815.24,74884.67,73909.36,71246.54,69930.0,2092.21,2096.16,2178.29,2352.97,2317.38,2203.39,2106.09,2202.87,2386.02,2376.66,2350.0,2233.72,2061.6,2083.35,2164.73,2294.15,2153.21,2099.38,3.17648583840042E8,5.98811241300968E8,1.930037154480769E9,1.152094007668437E9,1.091022905103254E9,1.055407061657721E9,1584458,3001730,7409311,5596636,5684937,6142160,1.52930062524787E8,3.11760540134007E8,1.017103594869559E9,5.60589683752158E8,5.19214878002058E8,5.06383264144461E8,0.001883167162153146,0.039185940004579964,0.08018638387733536,-0.015121314763894113,-0.049193273467133286,-0.029763228479751623,2096.16,2178.3,2352.97,2317.39,2203.39,2137.81
2026-03-20T15:11:06,71211.95,72815.25,74884.67,73909.37,71246.55,69930.01,73199.0,74909.08,76000.0,74672.34,71613.79,71367.0,70858.82,72270.41,73399.19,70500.0,68793.35,69388.0,1.0073349552436514E9,2.0958595115648637E9,1.8259767313326733E9,1.6929498389777424E9,1.5665739498604124E9,1.2738128406886704E9,2509013,5396482,4863187,4733897,4972526,4369971,5.244405197627765E8,1.1220451591994789E9,8.78396858780886E8,8.479054826972562E8,7.346346232873883E8,6.187819382268149E8,0.02251433923660296,0.028420286742170908,-0.013024161019872261,-0.036028183710425946,-0.018478651735228037,0.008304447304447246,72815.24,74884.67,73909.36,71246.54,69930.0,70510.73,2096.16,2178.29,2352.97,2317.38,2203.39,2137.82,2202.87,2386.02,2376.66,2350.0,2233.72,2176.84,2083.35,2164.73,2294.15,2153.21,2099.38,2116.88,5.98811241300968E8,1.930037154480769E9,1.152094007668437E9,1.091022905103254E9,1.055407061657721E9,6.42995528130654E8,3001730,7409311,5596636,5684937,6142160,4595372,3.11760540134007E8,1.017103594869559E9,5.60589683752158E8,5.19214878002058E8,5.06383264144461E8,3.4756218659691E8,0.039185940004579964,0.08018638387733536,-0.015121314763894113,-0.049193273467133286,-0.029763228479751623,0.0039339323887529086,2178.3,2352.97,2317.39,2203.39,2137.81,2146.22
2026-03-21T15:11:06,72815.25,74884.67,73909.37,71246.55,69930.01,70510.73,74909.08,76000.0,74672.34,71613.79,71367.0,71100.94,72270.41,73399.19,70500.0,68793.35,69388.0,68571.42,2.0958595115648637E9,1.8259767313326733E9,1.6929498389777424E9,1.5665739498604124E9,1.2738128406886704E9,9.42693882026424E8,5396482,4863187,4733897,4972526,4369971,1640086,1.1220451591994789E9,8.78396858780886E8,8.479054826972562E8,7.346346232873883E8,6.187819382268149E8,4.491563609341547E8,0.028420286742170908,-0.013024161019872261,-0.036028183710425946,-0.018478651735228037,0.008304447304447246,-0.02258677509082661,74884.67,73909.36,71246.54,69930.0,70510.73,68918.12,2178.29,2352.97,2317.38,2203.39,2137.82,2146.21,2386.02,2376.66,2350.0,2233.72,2176.84,2168.27,2164.73,2294.15,2153.21,2099.38,2116.88,2070.78,1.930037154480769E9,1.152094007668437E9,1.091022905103254E9,1.055407061657721E9,6.42995528130654E8,2.83144610716903E8,7409311,5596636,5684937,6142160,4595372,1375463,1.017103594869559E9,5.60589683752158E8,5.19214878002058E8,5.06383264144461E8,3.4756218659691E8,1.35224634234885E8,0.08018638387733536,-0.015121314763894113,-0.049193273467133286,-0.029763228479751623,0.0039339323887529086,-0.028585140386353642,2352.97,2317.39,2203.39,2137.81,2146.22,2084.87
2026-03-22T15:11:06,74884.67,73909.37,71246.55,69930.01,70510.73,68918.12,76000.0,74672.34,71613.79,71367.0,71100.94,69588.79,73399.19,70500.0,68793.35,69388.0,68571.42,67360.66,1.8259767313326733E9,1.6929498389777424E9,1.5665739498604124E9,1.2738128406886704E9,9.42693882026424E8,1.0189264753196974E9,4863187,4733897,4972526,4369971,1640086,3269152,8.78396858780886E8,8.479054826972562E8,7.346346232873883E8,6.187819382268149E8,4.491563609341547E8,5.007000882518349E8,-0.013024161019872261,-0.036028183710425946,-0.018478651735228037,0.008304447304447246,-0.02258677509082661,-0.015367801675379355,73909.36,71246.54,69930.0,70510.73,68918.12,67859.0,2352.97,2317.38,2203.39,2137.82,2146.21,2084.86,2376.66,2350.0,2233.72,2176.84,2168.27,2127.21,2294.15,2153.21,2099.38,2116.88,2070.78,2026.0,1.152094007668437E9,1.091022905103254E9,1.055407061657721E9,6.42995528130654E8,2.83144610716903E8,6.50684776658794E8,5596636,5684937,6142160,4595372,1375463,3577857,5.60589683752158E8,5.19214878002058E8,5.06383264144461E8,3.4756218659691E8,1.35224634234885E8,3.20941884725678E8,-0.015121314763894113,-0.049193273467133286,-0.029763228479751623,0.0039339323887529086,-0.028585140386353642,-0.014859439677294037,2317.39,2203.39,2137.81,2146.22,2084.87,2053.89
2026-03-23T15:11:06,73909.37,71246.55,69930.01,70510.73,68918.12,67859.0,74672.34,71613.79,71367.0,71100.94,69588.79,71817.09,70500.0,68793.35,69388.0,68571.42,67360.66,67445.18,1.6929498389777424E9,1.5665739498604124E9,1.2738128406886704E9,9.42693882026424E8,1.0189264753196974E9,1.980755169231694E9,4733897,4972526,4369971,1640086,3269152,6509730,8.479054826972562E8,7.346346232873883E8,6.187819382268149E8,4.491563609341547E8,5.007000882518349E8,1.0229707754557817E9,-0.036028183710425946,-0.018478651735228037,0.008304447304447246,-0.02258677509082661,-0.015367801675379355,0.04490856039729435,71246.54,69930.0,70510.73,68918.12,67859.0,70906.45,2317.38,2203.39,2137.82,2146.21,2084.86,2053.9,2350.0,2233.72,2176.84,2168.27,2127.21,2198.57,2153.21,2099.38,2116.88,2070.78,2026.0,2023.04,1.091022905103254E9,1.055407061657721E9,6.42995528130654E8,2.83144610716903E8,6.50684776658794E8,1.308899803016499E9,5684937,6142160,4595372,1375463,3577857,7349668,5.19214878002058E8,5.06383264144461E8,3.4756218659691E8,1.35224634234885E8,3.20941884725678E8,6.60782033700741E8,-0.049193273467133286,-0.029763228479751623,0.0039339323887529086,-0.028585140386353642,-0.014859439677294037,0.04778250052339723,2203.39,2137.81,2146.22,2084.87,2053.89,2152.03
2026-03-24T15:11:06,71246.55,69930.01,70510.73,68918.12,67859.0,70906.45,71613.79,71367.0,71100.94,69588.79,71817.09,71400.0,68793.35,69388.0,68571.42,67360.66,67445.18,68923.07,1.5665739498604124E9,1.2738128406886704E9,9.42693882026424E8,1.0189264753196974E9,1.980755169231694E9,1.4553612292099645E9,4972526,4369971,1640086,3269152,6509730,4191328,7.346346232873883E8,6.187819382268149E8,4.491563609341547E8,5.007000882518349E8,1.0229707754557817E9,6.842540392949127E8,-0.018478651735228037,0.008304447304447246,-0.02258677509082661,-0.015367801675379355,0.04490856039729435,-0.0049319913773710556,69930.0,70510.73,68918.12,67859.0,70906.45,70556.74,2203.39,2137.82,2146.21,2084.86,2053.9,2152.03,2233.72,2176.84,2168.27,2127.21,2198.57,2175.16,2099.38,2116.88,2070.78,2026.0,2023.04,2103.02,1.055407061657721E9,6.42995528130654E8,2.83144610716903E8,6.50684776658794E8,1.308899803016499E9,6.7810564681039E8,6142160,4595372,1375463,3577857,7349668,4633093,5.06383264144461E8,3.4756218659691E8,1.35224634234885E8,3.20941884725678E8,6.60782033700741E8,3.26179427042751E8,-0.029763228479751623,0.0039339323887529086,-0.028585140386353642,-0.014859439677294037,0.04778250052339723,0.0019516456554972829,2137.81,2146.22,2084.87,2053.89,2152.03,2156.23
2026-03-25T15:11:06,69930.01,70510.73,68918.12,67859.0,70906.45,70556.74,71367.0,71100.94,69588.79,71817.09,71400.0,72026.09,69388.0,68571.42,67360.66,67445.18,68923.07,70408.0,1.2738128406886704E9,9.42693882026424E8,1.0189264753196974E9,1.980755169231694E9,1.4553612292099645E9,1.2610179885394323E9,4369971,1640086,3269152,6509730,4191328,3298902,6.187819382268149E8,4.491563609341547E8,5.007000882518349E8,1.0229707754557817E9,6.842540392949127E8,6.278749828921663E8,0.008304447304447246,-0.02258677509082661,-0.015367801675379355,0.04490856039729435,-0.0049319913773710556,0.011051956198656478,70510.73,68918.12,67859.0,70906.45,70556.74,71336.53,2137.82,2146.21,2084.86,2053.9,2152.03,2156.22,2176.84,2168.27,2127.21,2198.57,2175.16,2199.02,2116.88,2070.78,2026.0,2023.04,2103.02,2146.35,6.42995528130654E8,2.83144610716903E8,6.50684776658794E8,1.308899803016499E9,6.7810564681039E8,5.99018681167746E8,4595372,1375463,3577857,7349668,4633093,3492121,3.4756218659691E8,1.35224634234885E8,3.20941884725678E8,6.60782033700741E8,3.26179427042751E8,3.02159076486272E8,0.0039339323887529086,-0.028585140386353642,-0.014859439677294037,0.04778250052339723,0.0019516456554972829,0.005931649221094208,2146.22,2084.87,2053.89,2152.03,2156.23,2169.02
2026-03-26T15:11:06,70510.73,68918.12,67859.0,70906.45,70556.74,71336.53,71100.94,69588.79,71817.09,71400.0,72026.09,71436.82,68571.42,67360.66,67445.18,68923.07,70408.0,68153.0,9.42693882026424E8,1.0189264753196974E9,1.980755169231694E9,1.4553612292099645E9,1.2610179885394323E9,1.447699734339839E9,1640086,3269152,6509730,4191328,3298902,3597702,4.491563609341547E8,5.007000882518349E8,1.0229707754557817E9,6.842540392949127E8,6.278749828921663E8,7.036500015901196E8,-0.02258677509082661,-0.015367801675379355,0.04490856039729435,-0.0049319913773710556,0.011051956198656478,-0.03527253147861273,68918.12,67859.0,70906.45,70556.74,71336.53,68820.31,2146.21,2084.86,2053.9,2152.03,2156.22,2169.02,2168.27,2127.21,2198.57,2175.16,2199.02,2172.19,2070.78,2026.0,2023.04,2103.02,2146.35,2034.54,2.83144610716903E8,6.50684776658794E8,1.308899803016499E9,6.7810564681039E8,5.99018681167746E8,7.05496760970934E8,1375463,3577857,7349668,4633093,3492121,3890747,1.35224634234885E8,3.20941884725678E8,6.60782033700741E8,3.26179427042751E8,3.02159076486272E8,3.57646756153379E8,-0.028585140386353642,-0.014859439677294037,0.04778250052339723,0.0019516456554972829,0.005931649221094208,-0.050064084240809284,2084.87,2053.89,2152.03,2156.23,2169.02,2060.43
2026-03-27T15:11:06,68918.12,67859.0,70906.45,70556.74,71336.53,68820.31,69588.79,71817.09,71400.0,72026.09,71436.82,69179.05,67360.66,67445.18,68923.07,70408.0,68153.0,65548.25,1.0189264753196974E9,1.980755169231694E9,1.4553612292099645E9,1.2610179885394323E9,1.447699734339839E9,1.917318222709913E9,3269152,6509730,4191328,3298902,3597702,4159306,5.007000882518349E8,1.0229707754557817E9,6.842540392949127E8,6.278749828921663E8,7.036500015901196E8,9.76680026265681E8,-0.015367801675379355,0.04490856039729435,-0.0049319913773710556,0.011051956198656478,-0.03527253147861273,-0.0350627598161066,67859.0,70906.45,70556.74,71336.53,68820.31,66407.28,2084.86,2053.9,2152.03,2156.22,2169.02,2060.43,2127.21,2198.57,2175.16,2199.02,2172.19,2077.19,2026.0,2023.04,2103.02,2146.35,2034.54,1970.93,6.50684776658794E8,1.308899803016499E9,6.7810564681039E8,5.99018681167746E8,7.05496760970934E8,7.9410862900714E8,3577857,7349668,4633093,3492121,3890747,3909237,3.20941884725678E8,6.60782033700741E8,3.26179427042751E8,3.02159076486272E8,3.57646756153379E8,4.14754558991471E8,-0.014859439677294037,0.04778250052339723,0.0019516456554972829,0.005931649221094208,-0.050064084240809284,-0.032847512412457515,2053.89,2152.03,2156.23,2169.02,2060.43,1992.75
2026-03-28T15:11:06,67859.0,70906.45,70556.74,71336.53,68820.31,66407.28,71817.09,71400.0,72026.09,71436.82,69179.05,67288.94,67445.18,68923.07,70408.0,68153.0,65548.25,65932.09,1.980755169231694E9,1.4553612292099645E9,1.2610179885394323E9,1.447699734339839E9,1.917318222709913E9,7.626762554470605E8,6509730,4191328,3298902,3597702,4159306,1687368,1.0229707754557817E9,6.842540392949127E8,6.278749828921663E8,7.036500015901196E8,9.76680026265681E8,3.829214122238488E8,0.04490856039729435,-0.0049319913773710556,0.011051956198656478,-0.03527253147861273,-0.0350627598161066,-4.555223463451598E-4,70906.45,70556.74,71336.53,68820.31,66407.28,66377.03,2053.9,2152.03,2156.22,2169.02,2060.43,1992.76,2198.57,2175.16,2199.02,2172.19,2077.19,2047.45,2023.04,2103.02,2146.35,2034.54,1970.93,1983.17,1.308899803016499E9,6.7810564681039E8,5.99018681167746E8,7.05496760970934E8,7.9410862900714E8,3.11328052147329E8,7349668,4633093,3492121,3890747,3909237,1569810,6.60782033700741E8,3.26179427042751E8,3.02159076486272E8,3.57646756153379E8,4.14754558991471E8,1.7367314748441E8,0.04778250052339723,0.0019516456554972829,0.005931649221094208,-0.050064084240809284,-0.032847512412457515,9.986199974909092E-4,2152.03,2156.23,2169.02,2060.43,1992.75,1994.74
2026-03-29T15:11:06,70906.45,70556.74,71336.53,68820.31,66407.28,66377.04,71400.0,72026.09,71436.82,69179.05,67288.94,67130.5,68923.07,70408.0,68153.0,65548.25,65932.09,65000.0,1.4553612292099645E9,1.2610179885394323E9,1.447699734339839E9,1.917318222709913E9,7.626762554470605E8,6.67003517605987E8,4191328,3298902,3597702,4159306,1687368,2146177,6.842540392949127E8,6.278749828921663E8,7.036500015901196E8,9.76680026265681E8,3.829214122238488E8,3.166740973501869E8,-0.0049319913773710556,0.011051956198656478,-0.03527253147861273,-0.0350627598161066,-4.555223463451598E-4,-0.005515462201306775,70556.74,71336.53,68820.31,66407.28,66377.03,66010.93,2152.03,2156.22,2169.02,2060.43,1992.76,1994.74,2175.16,2199.02,2172.19,2077.19,2047.45,2019.65,2103.02,2146.35,2034.54,1970.93,1983.17,1938.82,6.7810564681039E8,5.99018681167746E8,7.05496760970934E8,7.9410862900714E8,3.11328052147329E8,3.3124965402983E8,4633093,3492121,3890747,3909237,1569810,2049808,3.26179427042751E8,3.02159076486272E8,3.57646756153379E8,4.14754558991471E8,1.7367314748441E8,1.74245244856979E8,0.0019516456554972829,0.005931649221094208,-0.050064084240809284,-0.032847512412457515,9.986199974909092E-4,-0.005063316522454009,2156.23,2169.02,2060.43,1992.75,1994.74,1984.64
2026-03-30T15:11:06,70556.74,71336.53,68820.31,66407.28,66377.04,66010.93,72026.09,71436.82,69179.05,67288.94,67130.5,68169.65,70408.0,68153.0,65548.25,65932.09,65000.0,65800.59,1.2610179885394323E9,1.447699734339839E9,1.917318222709913E9,7.626762554470605E8,6.67003517605987E8,1.2346176908920753E9,3298902,3597702,4159306,1687368,2146177,3902849,6.278749828921663E8,7.036500015901196E8,9.76680026265681E8,3.829214122238488E8,3.166740973501869E8,6.15747978851381E8,0.011051956198656478,-0.03527253147861273,-0.0350627598161066,-4.555223463451598E-4,-0.005515462201306775,0.011913784580826273,71336.53,68820.31,66407.28,66377.03,66010.93,66797.37,2156.22,2169.02,2060.43,1992.76,1994.74,1984.65,2199.02,2172.19,2077.19,2047.45,2019.65,2085.0,2146.35,2034.54,1970.93,1983.17,1938.82,1980.28,5.99018681167746E8,7.05496760970934E8,7.9410862900714E8,3.11328052147329E8,3.3124965402983E8,6.91966365082457E8,3492121,3890747,3909237,1569810,2049808,3886546,3.02159076486272E8,3.57646756153379E8,4.14754558991471E8,1.7367314748441E8,1.74245244856979E8,3.55924242290809E8,0.005931649221094208,-0.050064084240809284,-0.032847512412457515,9.986199974909092E-4,-0.005063316522454009,0.02108190906159299,2169.02,2060.43,1992.75,1994.74,1984.64,2026.48
2026-03-31T15:11:06,71336.53,68820.31,66407.28,66377.04,66010.93,66797.38,71436.82,69179.05,67288.94,67130.5,68169.65,68589.49,68153.0,65548.25,65932.09,65000.0,65800.59,65998.05,1.447699734339839E9,1.917318222709913E9,7.626762554470605E8,6.67003517605987E8,1.2346176908920753E9,1.4901684874548745E9,3597702,4159306,1687368,2146177,3902849,4846820,7.036500015901196E8,9.76680026265681E8,3.829214122238488E8,3.166740973501869E8,6.15747978851381E8,7.233786927667619E8,-0.03527253147861273,-0.0350627598161066,-4.555223463451598E-4,-0.005515462201306775,0.011913784580826273,0.0222630022708978,68820.31,66407.28,66377.03,66010.93,66797.37,68284.48,2169.02,2060.43,1992.76,1994.74,1984.65,2026.48,2172.19,2077.19,2047.45,2019.65,2085.0,2124.03,2034.54,1970.93,1983.17,1938.82,1980.28,2012.64,7.05496760970934E8,7.9410862900714E8,3.11328052147329E8,3.3124965402983E8,6.91966365082457E8,8.74387220206194E8,3890747,3909237,1569810,2049808,3886546,5013796,3.57646756153379E8,4.14754558991471E8,1.7367314748441E8,1.74245244856979E8,3.55924242290809E8,4.52866534126971E8,-0.050064084240809284,-0.032847512412457515,9.986199974909092E-4,-0.005063316522454009,0.02108190906159299,0.03895918045083091,2060.43,1992.75,1994.74,1984.64,2026.48,2105.43
2026-04-01T15:11:06,68820.31,66407.28,66377.04,66010.93,66797.38,68284.49,69179.05,67288.94,67130.5,68169.65,68589.49,69310.0,65548.25,65932.09,65000.0,65800.59,65998.05,67578.75,1.917318222709913E9,7.626762554470605E8,6.67003517605987E8,1.2346176908920753E9,1.4901684874548745E9,1.3017082270745244E9,4159306,1687368,2146177,3902849,4846820,3741910,9.76680026265681E8,3.829214122238488E8,3.166740973501869E8,6.15747978851381E8,7.233786927667619E8,6.641260339269131E8,-0.0350627598161066,-4.555223463451598E-4,-0.005515462201306775,0.011913784580826273,0.0222630022708978,-0.0024977857340349914,66407.28,66377.03,66010.93,66797.37,68284.48,68113.92,2060.43,1992.76,1994.74,1984.65,2026.48,2105.43,2077.19,2047.45,2019.65,2085.0,2124.03,2167.85,1970.93,1983.17,1938.82,1980.28,2012.64,2082.08,7.9410862900714E8,3.11328052147329E8,3.3124965402983E8,6.91966365082457E8,8.74387220206194E8,8.52017259878771E8,3909237,1569810,2049808,3886546,5013796,4211533,4.14754558991471E8,1.7367314748441E8,1.74245244856979E8,3.55924242290809E8,4.52866534126971E8,4.34880842712559E8,-0.032847512412457515,9.986199974909092E-4,-0.005063316522454009,0.02108190906159299,0.03895918045083091,0.016585685584417472,1992.75,1994.74,1984.64,2026.48,2105.43,2140.35
2026-04-02T15:11:06,66407.28,66377.04,66010.93,66797.38,68284.49,68113.92,67288.94,67130.5,68169.65,68589.49,69310.0,68653.38,65932.09,65000.0,65800.59,65998.05,67578.75,65712.12,7.626762554470605E8,6.67003517605987E8,1.2346176908920753E9,1.4901684874548745E9,1.3017082270745244E9,1.3492234615270572E9,1687368,2146177,3902849,4846820,3741910,4189133,3.829214122238488E8,3.166740973501869E8,6.15747978851381E8,7.233786927667619E8,6.641260339269131E8,6.738154638757505E8,-4.555223463451598E-4,-0.005515462201306775,0.011913784580826273,0.0222630022708978,-0.0024977857340349914,-0.017792692007742222,66377.03,66010.93,66797.37,68284.48,68113.92,66901.99,1992.76,1994.74,1984.65,2026.48,2105.43,2140.35,2047.45,2019.65,2085.0,2124.03,2167.85,2159.37,1983.17,1938.82,1980.28,2012.64,2082.08,2017.04,3.11328052147329E8,3.3124965402983E8,6.91966365082457E8,8.74387220206194E8,8.52017259878771E8,7.16548524665744E8,1569810,2049808,3886546,5013796,4211533,4462923,1.7367314748441E8,1.74245244856979E8,3.55924242290809E8,4.52866534126971E8,4.34880842712559E8,3.32893735583132E8,9.986199974909092E-4,-0.005063316522454009,0.02108190906159299,0.03895918045083091,0.016585685584417472,-0.038862802812624025,1994.74,1984.64,2026.48,2105.43,2140.35,2057.17
2026-04-03T15:11:06,66377.04,66010.93,66797.38,68284.49,68113.92,66901.99,67130.5,68169.65,68589.49,69310.0,68653.38,67370.42,65000.0,65800.59,65998.05,67578.75,65712.12,66282.0,6.67003517605987E8,1.2346176908920753E9,1.4901684874548745E9,1.3017082270745244E9,1.3492234615270572E9,7.635356069777881E8,2146177,3902849,4846820,3741910,4189133,2023104,3.166740973501869E8,6.15747978851381E8,7.233786927667619E8,6.641260339269131E8,6.738154638757505E8,3.698594093227177E8,-0.005515462201306775,0.011913784580826273,0.0222630022708978,-0.0024977857340349914,-0.017792692007742222,9.313624303252813E-4,66010.93,66797.37,68284.48,68113.92,66901.99,66964.3,1994.74,1984.65,2026.48,2105.43,2140.35,2057.18,2019.65,2085.0,2124.03,2167.85,2159.37,2081.76,1938.82,1980.28,2012.64,2082.08,2017.04,2040.66,3.3124965402983E8,6.91966365082457E8,8.74387220206194E8,8.52017259878771E8,7.16548524665744E8,2.80140562112841E8,2049808,3886546,5013796,4211533,4462923,1741595,1.74245244856979E8,3.55924242290809E8,4.52866534126971E8,4.34880842712559E8,3.32893735583132E8,1.3333903925233E8,-0.005063316522454009,0.02108190906159299,0.03895918045083091,0.016585685584417472,-0.038862802812624025,-0.001623589688747233,1984.64,2026.48,2105.43,2140.35,2057.17,2053.83
2026-04-04T15:11:06,66010.93,66797.38,68284.49,68113.92,66901.99,66964.29,68169.65,68589.49,69310.0,68653.38,67370.42,67562.93,65800.59,65998.05,67578.75,65712.12,66282.0,66775.91,1.2346176908920753E9,1.4901684874548745E9,1.3017082270745244E9,1.3492234615270572E9,7.635356069777881E8,4.949320174232442E8,3902849,4846820,3741910,4189133,2023104,1356179,6.15747978851381E8,7.233786927667619E8,6.641260339269131E8,6.738154638757505E8,3.698594093227177E8,2.484898799959024E8,0.011913784580826273,0.0222630022708978,-0.0024977857340349914,-0.017792692007742222,9.313624303252813E-4,0.005019390929196532,66797.37,68284.48,68113.92,66901.99,66964.3,67300.42,1984.65,2026.48,2105.43,2140.35,2057.18,2053.83,2085.0,2124.03,2167.85,2159.37,2081.76,2084.0,1980.28,2012.64,2082.08,2017.04,2040.66,2044.63,6.91966365082457E8,8.74387220206194E8,8.52017259878771E8,7.16548524665744E8,2.80140562112841E8,1.78054333996784E8,3886546,5013796,4211533,4462923,1741595,1246022,3.55924242290809E8,4.52866534126971E8,4.34880842712559E8,3.32893735583132E8,1.3333903925233E8,8.8100430809662E7,0.02108190906159299,0.03895918045083091,0.016585685584417472,-0.038862802812624025,-0.001623589688747233,0.005691805066631637,2026.48,2105.43,2140.35,2057.17,2053.83,2065.52
2026-04-05T15:11:06,66797.38,68284.49,68113.92,66901.99,66964.29,67300.42,68589.49,69310.0,68653.38,67370.42,67562.93,69136.2,65998.05,67578.75,65712.12,66282.0,66775.91,66611.66,1.4901684874548745E9,1.3017082270745244E9,1.3492234615270572E9,7.635356069777881E8,4.949320174232442E8,7.916619773234503E8,4846820,3741910,4189133,2023104,1356179,2106257,7.233786927667619E8,6.641260339269131E8,6.738154638757505E8,3.698594093227177E8,2.484898799959024E8,3.910914721386122E8,0.0222630022708978,-0.0024977857340349914,-0.017792692007742222,9.313624303252813E-4,0.005019390929196532,0.025761503420038016,68284.48,68113.92,66901.99,66964.3,67300.42,69034.18,2026.48,2105.43,2140.35,2057.18,2053.83,2065.51,2124.03,2167.85,2159.37,2081.76,2084.0,2123.49,2012.64,2082.08,2017.04,2040.66,2044.63,2021.5,8.74387220206194E8,8.52017259878771E8,7.16548524665744E8,2.80140562112841E8,1.78054333996784E8,3.24727424312346E8,5013796,4211533,4462923,1741595,1246022,2504865,4.52866534126971E8,4.34880842712559E8,3.32893735583132E8,1.3333903925233E8,8.8100430809662E7,1.61754815545079E8,0.03895918045083091,0.016585685584417472,-0.038862802812624025,-0.001623589688747233,0.005691805066631637,0.021616832565165233,2105.43,2140.35,2057.17,2053.83,2065.52,2110.17
2026-04-06T15:11:06,68284.49,68113.92,66901.99,66964.29,67300.42,69034.18,69310.0,68653.38,67370.42,67562.93,69136.2,70351.46,67578.75,65712.12,66282.0,66775.91,66611.66,68300.0,1.3017082270745244E9,1.3492234615270572E9,7.635356069777881E8,4.949320174232442E8,7.916619773234503E8,1.4080201730961628E9,3741910,4189133,2023104,1356179,2106257,4695523,6.641260339269131E8,6.738154638757505E8,3.698594093227177E8,2.484898799959024E8,3.910914721386122E8,7.047978016383992E8,-0.0024977857340349914,-0.017792692007742222,9.313624303252813E-4,0.005019390929196532,0.025761503420038016,-0.002614936543028244,68113.92,66901.99,66964.3,67300.42,69034.18,68853.66,2105.43,2140.35,2057.18,2053.83,2065.51,2110.17,2167.85,2159.37,2081.76,2084.0,2123.49,2174.79,2082.08,2017.04,2040.66,2044.63,2021.5,2087.5,8.52017259878771E8,7.16548524665744E8,2.80140562112841E8,1.78054333996784E8,3.24727424312346E8,7.61391237671373E8,4211533,4462923,1741595,1246022,2504865,5330366,4.34880842712559E8,3.32893735583132E8,1.3333903925233E8,8.8100430809662E7,1.61754815545079E8,3.85813662231182E8,0.016585685584417472,-0.038862802812624025,-0.001623589688747233,0.005691805066631637,0.021616832565165233,-0.0014264253590943945,2140.35,2057.17,2053.83,2065.52,2110.17,2107.16
2026-04-07T15:11:06,68113.92,66901.99,66964.29,67300.42,69034.18,68853.66,68653.38,67370.42,67562.93,69136.2,70351.46,72761.0,65712.12,66282.0,66775.91,66611.66,68300.0,67732.01,1.3492234615270572E9,7.635356069777881E8,4.949320174232442E8,7.916619773234503E8,1.4080201730961628E9,1.649637855842697E9,4189133,2023104,1356179,2106257,4695523,4871706,6.738154638757505E8,3.698594093227177E8,2.484898799959024E8,3.910914721386122E8,7.047978016383992E8,8.667300892310435E8,-0.017792692007742222,9.313624303252813E-4,0.005019390929196532,0.025761503420038016,-0.002614936543028244,0.044595450699352765,66901.99,66964.3,67300.42,69034.18,68853.66,71924.22,2140.35,2057.18,2053.83,2065.51,2110.17,2107.16,2159.37,2081.76,2084.0,2123.49,2174.79,2273.87,2017.04,2040.66,2044.63,2021.5,2087.5,2060.24,7.16548524665744E8,2.80140562112841E8,1.78054333996784E8,3.24727424312346E8,7.61391237671373E8,9.86211206778875E8,4462923,1741595,1246022,2504865,5330366,5189711,3.32893735583132E8,1.3333903925233E8,8.8100430809662E7,1.61754815545079E8,3.85813662231182E8,5.13077515537625E8,-0.038862802812624025,-0.001623589688747233,0.005691805066631637,0.021616832565165233,-0.0014264253590943945,0.06304694470282293,2057.17,2053.83,2065.52,2110.17,2107.16,2240.01
2026-04-08T15:11:06,66901.99,66964.29,67300.42,69034.18,68853.66,71924.22,67370.42,67562.93,69136.2,70351.46,72761.0,72857.0,66282.0,66775.91,66611.66,68300.0,67732.01,70707.23,7.635356069777881E8,4.949320174232442E8,7.916619773234503E8,1.4080201730961628E9,1.649637855842697E9,1.4184841880521238E9,2023104,1356179,2106257,4695523,4871706,3843988,3.698594093227177E8,2.484898799959024E8,3.910914721386122E8,7.047978016383992E8,8.667300892310435E8,6.856662768388308E8,9.313624303252813E-4,0.005019390929196532,0.025761503420038016,-0.002614936543028244,0.044595450699352765,-0.01187764010509962,66964.3,67300.42,69034.18,68853.66,71924.22,71069.93,2057.18,2053.83,2065.51,2110.17,2107.16,2240.01,2081.76,2084.0,2123.49,2174.79,2273.87,2270.55,2040.66,2044.63,2021.5,2087.5,2060.24,2179.78,2.80140562112841E8,1.78054333996784E8,3.24727424312346E8,7.61391237671373E8,9.86211206778875E8,9.02920921749915E8,1741595,1246022,2504865,5330366,5189711,4339985,1.3333903925233E8,8.8100430809662E7,1.61754815545079E8,3.85813662231182E8,5.13077515537625E8,4.26109014229703E8,-0.001623589688747233,0.005691805066631637,0.021616832565165233,-0.0014264253590943945,0.06304694470282293,-0.02232579318842336,2053.83,2065.52,2110.17,2107.16,2240.01,2190.0
2026-04-09T15:11:06,66964.29,67300.42,69034.18,68853.66,71924.22,71069.93,67562.93,69136.2,70351.46,72761.0,72857.0,73145.0,66775.91,66611.66,68300.0,67732.01,70707.23,70466.0,4.949320174232442E8,7.916619773234503E8,1.4080201730961628E9,1.649637855842697E9,1.4184841880521238E9,1.300323816009336E9,1356179,2106257,4695523,4871706,3843988,3773025,2.484898799959024E8,3.910914721386122E8,7.047978016383992E8,8.667300892310435E8,6.856662768388308E8,6.87990251043167E8,0.005019390929196532,0.025761503420038016,-0.002614936543028244,0.044595450699352765,-0.01187764010509962,0.010103288409036118,67300.42,69034.18,68853.66,71924.22,71069.93,71787.97,2053.83,2065.51,2110.17,2107.16,2240.01,2190.0,2084.0,2123.49,2174.79,2273.87,2270.55,2246.0,2044.63,2021.5,2087.5,2060.24,2179.78,2157.31,1.78054333996784E8,3.24727424312346E8,7.61391237671373E8,9.86211206778875E8,9.02920921749915E8,6.04408302665429E8,1246022,2504865,5330366,5189711,4339985,3756386,8.8100430809662E7,1.61754815545079E8,3.85813662231182E8,5.13077515537625E8,4.26109014229703E8,2.97732725565674E8,0.005691805066631637,0.021616832565165233,-0.0014264253590943945,0.06304694470282293,-0.02232579318842336,9.132420091315895E-5,2065.52,2110.17,2107.16,2240.01,2190.0,2190.2
2026-04-10T15:11:06,67300.42,69034.18,68853.66,71924.22,71069.93,71787.98,69136.2,70351.46,72761.0,72857.0,73145.0,73434.0,66611.66,68300.0,67732.01,70707.23,70466.0,71426.15,7.916619773234503E8,1.4080201730961628E9,1.649637855842697E9,1.4184841880521238E9,1.300323816009336E9,1.259195636055663E9,2106257,4695523,4871706,3843988,3773025,3176308,3.910914721386122E8,7.047978016383992E8,8.667300892310435E8,6.856662768388308E8,6.87990251043167E8,6.397059025013963E8,0.025761503420038016,-0.002614936543028244,0.044595450699352765,-0.01187764010509962,0.010103288409036118,0.01636388380950173,69034.18,68853.66,71924.22,71069.93,71787.97,72962.7,2065.51,2110.17,2107.16,2240.01,2190.0,2190.17,2123.49,2174.79,2273.87,2270.55,2246.0,2257.99,2021.5,2087.5,2060.24,2179.78,2157.31,2176.1,3.24727424312346E8,7.61391237671373E8,9.86211206778875E8,9.02920921749915E8,6.04408302665429E8,6.05992300076126E8,2504865,5330366,5189711,4339985,3756386,2929213,1.61754815545079E8,3.85813662231182E8,5.13077515537625E8,4.26109014229703E8,2.97732725565674E8,2.93534507028314E8,0.021616832565165233,-0.0014264253590943945,0.06304694470282293,-0.02232579318842336,9.132420091315895E-5,0.025043375034243615,2110.17,2107.16,2240.01,2190.0,2190.2,2245.05
2026-04-11T15:11:06,69034.18,68853.66,71924.22,71069.93,71787.98,72962.71,70351.46,72761.0,72857.0,73145.0,73434.0,73790.0,68300.0,67732.01,70707.23,70466.0,71426.15,72513.09,1.4080201730961628E9,1.649637855842697E9,1.4184841880521238E9,1.300323816009336E9,1.259195636055663E9,6.624371137096702E8,4695523,4871706,3843988,3773025,3176308,1472041,7.047978016383992E8,8.667300892310435E8,6.856662768388308E8,6.87990251043167E8,6.397059025013963E8,3.412690099930418E8,-0.002614936543028244,0.044595450699352765,-0.01187764010509962,0.010103288409036118,0.01636388380950173,0.001102755243432691,68853.66,71924.22,71069.93,71787.97,72962.7,73043.16,2110.17,2107.16,2240.01,2190.0,2190.17,2245.06,2174.79,2273.87,2270.55,2246.0,2257.99,2329.93,2087.5,2060.24,2179.78,2157.31,2176.1,2229.0,7.61391237671373E8,9.86211206778875E8,9.02920921749915E8,6.04408302665429E8,6.05992300076126E8,4.88370993146922E8,5330366,5189711,4339985,3756386,2929213,1929651,3.85813662231182E8,5.13077515537625E8,4.26109014229703E8,2.97732725565674E8,2.93534507028314E8,2.43918090904994E8,-0.0014264253590943945,0.06304694470282293,-0.02232579318842336,9.132420091315895E-5,0.025043375034243615,0.017790249660363733,2107.16,2240.01,2190.0,2190.2,2245.05,2284.99
2026-04-12T15:11:06,68853.66,71924.22,71069.93,71787.98,72962.71,73043.16,72761.0,72857.0,73145.0,73434.0,73790.0,73137.24,67732.01,70707.23,70466.0,71426.15,72513.09,70505.88,1.649637855842697E9,1.4184841880521238E9,1.300323816009336E9,1.259195636055663E9,6.624371137096702E8,9.628258918165911E8,4871706,3843988,3773025,3176308,1472041,2068779,8.667300892310435E8,6.856662768388308E8,6.87990251043167E8,6.397059025013963E8,3.412690099930418E8,4.518538878110209E8,0.044595450699352765,-0.01187764010509962,0.010103288409036118,0.01636388380950173,0.001102755243432691,-0.031518077804958154,71924.22,71069.93,71787.97,72962.7,73043.16,70740.98,2107.16,2240.01,2190.0,2190.17,2245.06,2285.0,2273.87,2270.55,2246.0,2257.99,2329.93,2288.57,2060.24,2179.78,2157.31,2176.1,2229.0,2175.0,9.86211206778875E8,9.02920921749915E8,6.04408302665429E8,6.05992300076126E8,4.88370993146922E8,5.71520838841888E8,5189711,4339985,3756386,2929213,1929651,2575808,5.13077515537625E8,4.26109014229703E8,2.97732725565674E8,2.93534507028314E8,2.43918090904994E8,2.78162577109033E8,0.06304694470282293,-0.02232579318842336,9.132420091315895E-5,0.025043375034243615,0.017790249660363733,-0.040849194088376624,2240.01,2190.0,2190.2,2245.05,2284.99,2191.65
2026-04-13T15:11:06,71924.22,71069.93,71787.98,72962.71,73043.16,70741.56,72857.0,73145.0,73434.0,73790.0,73137.24,74900.0,70707.23,70466.0,71426.15,72513.09,70505.88,70566.99,1.4184841880521238E9,1.300323816009336E9,1.259195636055663E9,6.624371137096702E8,9.628258918165911E8,1.753370318184166E9,3843988,3773025,3176308,1472041,2068779,3673539,6.856662768388308E8,6.87990251043167E8,6.397059025013963E8,3.412690099930418E8,4.518538878110209E8,9.147837738511786E8,-0.01187764010509962,0.010103288409036118,0.01636388380950173,0.001102755243432691,-0.031518077804958154,0.0519784995910434,71069.93,71787.97,72962.7,73043.16,70740.98,74417.99,2240.01,2190.0,2190.17,2245.06,2285.0,2191.64,2270.55,2246.0,2257.99,2329.93,2288.57,2394.71,2179.78,2157.31,2176.1,2229.0,2175.0,2175.68,9.02920921749915E8,6.04408302665429E8,6.05992300076126E8,4.88370993146922E8,5.71520838841888E8,1.029253015586254E9,4339985,3756386,2929213,1929651,2575808,4527557,4.26109014229703E8,2.97732725565674E8,2.93534507028314E8,2.43918090904994E8,2.78162577109033E8,5.31843331731738E8,-0.02232579318842336,9.132420091315895E-5,0.025043375034243615,0.017790249660363733,-0.040849194088376624,0.08113065498596944,2190.0,2190.2,2245.05,2284.99,2191.65,2369.46
2026-04-14T15:11:06,71069.93,71787.98,72962.71,73043.16,70741.56,74418.0,73145.0,73434.0,73790.0,73137.24,74900.0,76038.0,70466.0,71426.15,72513.09,70505.88,70566.99,73795.47,1.300323816009336E9,1.259195636055663E9,6.624371137096702E8,9.628258918165911E8,1.753370318184166E9,1.98272898960722E9,3773025,3176308,1472041,2068779,3673539,4033448,6.87990251043167E8,6.397059025013963E8,3.412690099930418E8,4.518538878110209E8,9.147837738511786E8,9.956944409989893E8,0.010103288409036118,0.01636388380950173,0.001102755243432691,-0.031518077804958154,0.0519784995910434,-0.0038490692909067055,71787.97,72962.7,73043.16,70740.98,74417.99,74131.55,2190.0,2190.17,2245.06,2285.0,2191.64,2369.46,2246.0,2257.99,2329.93,2288.57,2394.71,2415.5,2157.31,2176.1,2229.0,2175.0,2175.68,2302.9,6.04408302665429E8,6.05992300076126E8,4.88370993146922E8,5.71520838841888E8,1.029253015586254E9,1.087699649074122E9,3756386,2929213,1929651,2575808,4527557,3689565,2.97732725565674E8,2.93534507028314E8,2.43918090904994E8,2.78162577109033E8,5.31843331731738E8,5.34958937284315E8,9.132420091315895E-5,0.025043375034243615,0.017790249660363733,-0.040849194088376624,0.08113065498596944,-0.019844183906881727,2190.2,2245.05,2284.99,2191.65,2369.46,2322.44
2026-04-15T15:11:06,71787.98,72962.71,73043.16,70741.56,74418.0,74131.55,73434.0,73790.0,73137.24,74900.0,76038.0,75425.0,71426.15,72513.09,70505.88,70566.99,73795.47,73514.0,1.259195636055663E9,6.624371137096702E8,9.628258918165911E8,1.753370318184166E9,1.98272898960722E9,1.0714486125370219E9,3176308,1472041,2068779,3673539,4033448,3187792,6.397059025013963E8,3.412690099930418E8,4.518538878110209E8,9.147837738511786E8,9.956944409989893E8,5.211122651711658E8,0.01636388380950173,0.001102755243432691,-0.031518077804958154,0.0519784995910434,-0.0038490692909067055,0.009151838859433025,72962.7,73043.16,70740.98,74417.99,74131.55,74809.99,2190.17,2245.06,2285.0,2191.64,2369.46,2322.44,2257.99,2329.93,2288.57,2394.71,2415.5,2385.61,2176.1,2229.0,2175.0,2175.68,2302.9,2308.5,6.05992300076126E8,4.88370993146922E8,5.71520838841888E8,1.029253015586254E9,1.087699649074122E9,6.27841344479089E8,2929213,1929651,2575808,4527557,3689565,3232871,2.93534507028314E8,2.43918090904994E8,2.78162577109033E8,5.31843331731738E8,5.34958937284315E8,2.95982409848983E8,0.025043375034243615,0.017790249660363733,-0.040849194088376624,0.08113065498596944,-0.019844183906881727,0.01615111692874725,2245.05,2284.99,2191.65,2369.46,2322.44,2359.95
2026-04-16T15:11:06,72962.71,73043.16,70741.56,74418.0,74131.55,74809.99,73790.0,73137.24,74900.0,76038.0,75425.0,75534.76,72513.09,70505.88,70566.99,73795.47,73514.0,73309.85,6.624371137096702E8,9.628258918165911E8,1.753370318184166E9,1.98272898960722E9,1.0714486125370219E9,1.2748941237496114E9,1472041,2068779,3673539,4033448,3187792,3581890,3.412690099930418E8,4.518538878110209E8,9.147837738511786E8,9.956944409989893E8,5.211122651711658E8,6.41950287248219E8,0.001102755243432691,-0.031518077804958154,0.0519784995910434,-0.0038490692909067055,0.009151838859433025,0.0046023265074622835,73043.16,70740.98,74417.99,74131.55,74809.99,75154.29,2245.06,2285.0,2191.64,2369.46,2322.44,2359.94,2329.93,2288.57,2394.71,2415.5,2385.61,2369.59,2229.0,2175.0,2175.68,2302.9,2308.5,2285.1,4.88370993146922E8,5.71520838841888E8,1.029253015586254E9,1.087699649074122E9,6.27841344479089E8,7.67882725893263E8,1929651,2575808,4527557,3689565,3232871,3793210,2.43918090904994E8,2.78162577109033E8,5.31843331731738E8,5.34958937284315E8,2.95982409848983E8,3.63994207031231E8,0.017790249660363733,-0.040849194088376624,0.08113065498596944,-0.019844183906881727,0.01615111692874725,-0.004991631178626559,2284.99,2191.65,2369.46,2322.44,2359.95,2348.17
2026-04-17T15:11:06,73043.16,70741.56,74418.0,74131.55,74809.99,75154.28,73137.24,74900.0,76038.0,75425.0,75534.76,78333.0,70505.88,70566.99,73795.47,73514.0,73309.85,74529.4,9.628258918165911E8,1.753370318184166E9,1.98272898960722E9,1.0714486125370219E9,1.2748941237496114E9,1.98734320884067E9,2068779,3673539,4033448,3187792,3581890,4931167,4.518538878110209E8,9.147837738511786E8,9.956944409989893E8,5.211122651711658E8,6.41950287248219E8,1.1065873610045395E9,-0.031518077804958154,0.0519784995910434,-0.0038490692909067055,0.009151838859433025,0.0046023265074622835,0.025516973149503595,70740.98,74417.99,74131.55,74809.99,75154.29,77072.0,2285.0,2191.64,2369.46,2322.44,2359.94,2348.16,2288.57,2394.71,2415.5,2385.61,2369.59,2464.91,2175.0,2175.68,2302.9,2308.5,2285.1,2317.43,5.71520838841888E8,1.029253015586254E9,1.087699649074122E9,6.27841344479089E8,7.67882725893263E8,1.182467392606106E9,2575808,4527557,3689565,3232871,3793210,4541654,2.78162577109033E8,5.31843331731738E8,5.34958937284315E8,2.95982409848983E8,3.63994207031231E8,6.07785958798977E8,-0.040849194088376624,0.08113065498596944,-0.019844183906881727,0.01615111692874725,-0.004991631178626559,0.03016391487839463,2191.65,2369.46,2322.44,2359.95,2348.17,2419.0
2026-04-18T15:11:06,70741.56,74418.0,74131.55,74809.99,75154.28,77072.01,74900.0,76038.0,75425.0,75534.76,78333.0,77420.08,70566.99,73795.47,73514.0,73309.85,74529.4,75445.16,1.753370318184166E9,1.98272898960722E9,1.0714486125370219E9,1.2748941237496114E9,1.98734320884067E9,6.980085679340073E8,3673539,4033448,3187792,3581890,4931167,1941112,9.147837738511786E8,9.956944409989893E8,5.211122651711658E8,6.41950287248219E8,1.1065873610045395E9,3.309181125519663E8,0.0519784995910434,-0.0038490692909067055,0.009151838859433025,0.0046023265074622835,0.025516973149503595,-0.01790844924226704,74417.99,74131.55,74809.99,75154.29,77072.0,75691.76,2191.64,2369.46,2322.44,2359.94,2348.16,2419.0,2394.71,2415.5,2385.61,2369.59,2464.91,2427.64,2175.68,2302.9,2308.5,2285.1,2317.43,2339.92,1.029253015586254E9,1.087699649074122E9,6.27841344479089E8,7.67882725893263E8,1.182467392606106E9,5.26019366775183E8,4527557,3689565,3232871,3793210,4541654,2045925,5.31843331731738E8,5.34958937284315E8,2.95982409848983E8,3.63994207031231E8,6.07785958798977E8,2.34161468610884E8,0.08113065498596944,-0.019844183906881727,0.01615111692874725,-0.004991631178626559,0.03016391487839463,-0.02839189747829675,2369.46,2322.44,2359.95,2348.17,2419.0,2350.32
2026-04-19T15:11:06,74418.0,74131.55,74809.99,75154.28,77072.01,75691.76,76038.0,75425.0,75534.76,78333.0,77420.08,76240.66,73795.47,73514.0,73309.85,74529.4,75445.16,73762.9,1.98272898960722E9,1.0714486125370219E9,1.2748941237496114E9,1.98734320884067E9,6.980085679340073E8,8.549153704407915E8,4033448,3187792,3581890,4931167,1941112,2739751,9.956944409989893E8,5.211122651711658E8,6.41950287248219E8,1.1065873610045395E9,3.309181125519663E8,4.106544870526324E8,-0.0038490692909067055,0.009151838859433025,0.0046023265074622835,0.025516973149503595,-0.01790844924226704,-0.024969296525804145,74131.55,74809.99,75154.29,77072.0,75691.76,73801.79,2369.46,2322.44,2359.94,2348.16,2419.0,2350.33,2415.5,2385.61,2369.59,2464.91,2427.64,2355.3,2302.9,2308.5,2285.1,2317.43,2339.92,2252.72,1.087699649074122E9,6.27841344479089E8,7.67882725893263E8,1.182467392606106E9,5.26019366775183E8,5.9110851309305E8,3689565,3232871,3793210,4541654,2045925,2728260,5.34958937284315E8,2.95982409848983E8,3.63994207031231E8,6.07785958798977E8,2.34161468610884E8,2.76635006888945E8,-0.019844183906881727,0.01615111692874725,-0.004991631178626559,0.03016391487839463,-0.02839189747829675,-0.03703750978590157,2322.44,2359.95,2348.17,2419.0,2350.32,2263.27
2026-04-20T15:11:06,74131.55,74809.99,75154.28,77072.01,75691.76,73801.8,75425.0,75534.76,78333.0,77420.08,76240.66,76558.62,73514.0,73309.85,74529.4,75445.16,73762.9,73724.31,1.0714486125370219E9,1.2748941237496114E9,1.98734320884067E9,6.980085679340073E8,8.549153704407915E8,1.2805039143710752E9,3187792,3581890,4931167,1941112,2739751,3563591,5.211122651711658E8,6.41950287248219E8,1.1065873610045395E9,3.309181125519663E8,4.106544870526324E8,6.640691759657189E8,0.009151838859433025,0.0046023265074622835,0.025516973149503595,-0.01790844924226704,-0.024969296525804145,0.027630495141107117,74809.99,75154.29,77072.0,75691.76,73801.79,75840.97,2322.44,2359.94,2348.16,2419.0,2350.33,2263.28,2385.61,2369.59,2464.91,2427.64,2355.3,2346.78,2308.5,2285.1,2317.43,2339.92,2252.72,2259.67,6.27841344479089E8,7.67882725893263E8,1.182467392606106E9,5.26019366775183E8,5.9110851309305E8,6.94052197978693E8,3232871,3793210,4541654,2045925,2728260,3751621,2.95982409848983E8,3.63994207031231E8,6.07785958798977E8,2.34161468610884E8,2.76635006888945E8,3.43672032590961E8,0.01615111692874725,-0.004991631178626559,0.03016391487839463,-0.02839189747829675,-0.03703750978590157,0.022348195310325294,2359.95,2348.17,2419.0,2350.32,2263.27,2313.85
2026-04-21T15:11:06,74809.99,75154.28,77072.01,75691.76,73801.8,75840.97,75534.76,78333.0,77420.08,76240.66,76558.62,76927.57,73309.85,74529.4,75445.16,73762.9,73724.31,74821.57,1.2748941237496114E9,1.98734320884067E9,6.980085679340073E8,8.549153704407915E8,1.2805039143710752E9,1.132118272558311E9,3581890,4931167,1941112,2739751,3563591,3616213,6.41950287248219E8,1.1065873610045395E9,3.309181125519663E8,4.106544870526324E8,6.640691759657189E8,5.826596549138548E8,0.0046023265074622835,0.025516973149503595,-0.01790844924226704,-0.024969296525804145,0.027630495141107117,0.006529188643024911,75154.29,77072.0,75691.76,73801.79,75840.97,76336.15,2359.94,2348.16,2419.0,2350.33,2263.28,2313.84,2369.59,2464.91,2427.64,2355.3,2346.78,2338.75,2285.1,2317.43,2339.92,2252.72,2259.67,2284.19,7.67882725893263E8,1.182467392606106E9,5.26019366775183E8,5.9110851309305E8,6.94052197978693E8,5.2418694963958E8,3793210,4541654,2045925,2728260,3751621,3398934,3.63994207031231E8,6.07785958798977E8,2.34161468610884E8,2.76635006888945E8,3.43672032590961E8,2.51286503845979E8,-0.004991631178626559,0.03016391487839463,-0.02839189747829675,-0.03703750978590157,0.022348195310325294,0.005743673963307891,2348.17,2419.0,2350.32,2263.27,2313.85,2327.14
2026-04-22T15:11:06,75154.28,77072.01,75691.76,73801.8,75840.97,76336.14,78333.0,77420.08,76240.66,76558.62,76927.57,79472.82,74529.4,75445.16,73762.9,73724.31,74821.57,76132.95,1.98734320884067E9,6.980085679340073E8,8.549153704407915E8,1.2805039143710752E9,1.132118272558311E9,1.5437320855463338E9,4931167,1941112,2739751,3563591,3616213,3757077,1.1065873610045395E9,3.309181125519663E8,4.106544870526324E8,6.640691759657189E8,5.826596549138548E8,8.11313167070367E8,0.025516973149503595,-0.01790844924226704,-0.024969296525804145,0.027630495141107117,0.006529188643024911,0.024131161972407594,77072.0,75691.76,73801.79,75840.97,76336.15,78178.23,2348.16,2419.0,2350.33,2263.28,2313.84,2327.15,2464.91,2427.64,2355.3,2346.78,2338.75,2423.75,2317.43,2339.92,2252.72,2259.67,2284.19,2312.95,1.182467392606106E9,5.26019366775183E8,5.9110851309305E8,6.94052197978693E8,5.2418694963958E8,9.06985929200687E8,4541654,2045925,2728260,3751621,3398934,4230243,6.07785958798977E8,2.34161468610884E8,2.76635006888945E8,3.43672032590961E8,2.51286503845979E8,4.5799692349354E8,0.03016391487839463,-0.02839189747829675,-0.03703750978590157,0.022348195310325294,0.005743673963307891,0.02016638448911552,2419.0,2350.32,2263.27,2313.85,2327.14,2374.07
2026-04-23T15:11:06,77072.01,75691.76,73801.8,75840.97,76336.14,78178.22,77420.08,76240.66,76558.62,76927.57,79472.82,78662.5,75445.16,73762.9,73724.31,74821.57,76132.95,76960.0,6.980085679340073E8,8.549153704407915E8,1.2805039143710752E9,1.132118272558311E9,1.5437320855463338E9,1.3213496983542461E9,1941112,2739751,3563591,3616213,3757077,3571796,3.309181125519663E8,4.106544870526324E8,6.640691759657189E8,5.826596549138548E8,8.11313167070367E8,6.043221343078095E8,-0.01790844924226704,-0.024969296525804145,0.027630495141107117,0.006529188643024911,0.024131161972407594,0.001013709315240317,75691.76,73801.79,75840.97,76336.15,78178.23,78257.48,2419.0,2350.33,2263.28,2313.84,2327.15,2374.08,2427.64,2355.3,2346.78,2338.75,2423.75,2382.0,2339.92,2252.72,2259.67,2284.19,2312.95,2285.42,5.26019366775183E8,5.9110851309305E8,6.94052197978693E8,5.2418694963958E8,9.06985929200687E8,8.31612346681225E8,2045925,2728260,3751621,3398934,4230243,4079579,2.34161468610884E8,2.76635006888945E8,3.43672032590961E8,2.51286503845979E8,4.5799692349354E8,3.95788711633604E8,-0.02839189747829675,-0.03703750978590157,0.022348195310325294,0.005743673963307891,0.02016638448911552,-0.018453541807950037,2350.32,2263.27,2313.85,2327.14,2374.07,2330.26
2026-04-24T15:11:06,75691.76,73801.8,75840.97,76336.14,78178.22,78257.48,76240.66,76558.62,76927.57,79472.82,78662.5,78581.93,73762.9,73724.31,74821.57,76132.95,76960.0,77264.08,8.549153704407915E8,1.2805039143710752E9,1.132118272558311E9,1.5437320855463338E9,1.3213496983542461E9,9.869325646001965E8,2739751,3563591,3616213,3757077,3571796,2581973,4.106544870526324E8,6.640691759657189E8,5.826596549138548E8,8.11313167070367E8,6.043221343078095E8,4.78778657353311E8,-0.024969296525804145,0.027630495141107117,0.006529188643024911,0.024131161972407594,0.001013709315240317,-0.01048270401755834,73801.79,75840.97,76336.15,78178.23,78257.48,77437.13,2350.33,2263.28,2313.84,2327.15,2374.08,2330.27,2355.3,2346.78,2338.75,2423.75,2382.0,2337.5,2252.72,2259.67,2284.19,2312.95,2285.42,2300.22,5.9110851309305E8,6.94052197978693E8,5.2418694963958E8,9.06985929200687E8,8.31612346681225E8,4.26084826217819E8,2728260,3751621,3398934,4230243,4079579,2413824,2.76635006888945E8,3.43672032590961E8,2.51286503845979E8,4.5799692349354E8,3.95788711633604E8,2.04323992883765E8,-0.03703750978590157,0.022348195310325294,0.005743673963307891,0.02016638448911552,-0.018453541807950037,-0.006552916841897657,2263.27,2313.85,2327.14,2374.07,2330.26,2314.99
2026-04-25T15:11:06,73801.8,75840.97,76336.14,78178.22,78257.48,77437.13,76558.62,76927.57,79472.82,78662.5,78581.93,77885.35,73724.31,74821.57,76132.95,76960.0,77264.08,77140.23,1.2805039143710752E9,1.132118272558311E9,1.5437320855463338E9,1.3213496983542461E9,9.869325646001965E8,4.406840043451535E8,3563591,3616213,3757077,3571796,2581973,806542,6.640691759657189E8,5.826596549138548E8,8.11313167070367E8,6.043221343078095E8,4.78778657353311E8,2.325677408198693E8,0.027630495141107117,0.006529188643024911,0.024131161972407594,0.001013709315240317,-0.01048270401755834,0.002426097144870882,75840.97,76336.15,78178.23,78257.48,77437.13,77625.0,2263.28,2313.84,2327.15,2374.08,2330.27,2314.98,2346.78,2338.75,2423.75,2382.0,2337.5,2323.21,2259.67,2284.19,2312.95,2285.42,2300.22,2300.55,6.94052197978693E8,5.2418694963958E8,9.06985929200687E8,8.31612346681225E8,4.26084826217819E8,1.57673587538543E8,3751621,3398934,4230243,4079579,2413824,658757,3.43672032590961E8,2.51286503845979E8,4.5799692349354E8,3.95788711633604E8,2.04323992883765E8,7.7727130994055E7,0.022348195310325294,0.005743673963307891,0.02016638448911552,-0.018453541807950037,-0.006552916841897657,0.0019481725623005795,2313.85,2327.14,2374.07,2330.26,2314.99,2319.5
2026-04-26T15:11:06,75840.97,76336.14,78178.22,78257.48,77437.13,77625.0,76927.57,79472.82,78662.5,78581.93,77885.35,78961.0,74821.57,76132.95,76960.0,77264.08,77140.23,77326.51,1.132118272558311E9,1.5437320855463338E9,1.3213496983542461E9,9.869325646001965E8,4.406840043451535E8,6.219919734848E8,3616213,3757077,3571796,2581973,806542,1476971,5.826596549138548E8,8.11313167070367E8,6.043221343078095E8,4.78778657353311E8,2.325677408198693E8,3.111495946071661E8,0.006529188643024911,0.024131161972407594,0.001013709315240317,-0.01048270401755834,0.002426097144870882,0.013301771336553983,76336.15,78178.23,78257.48,77437.13,77625.0,78657.55,2313.84,2327.15,2374.08,2330.27,2314.98,2319.49,2338.75,2423.75,2382.0,2337.5,2323.21,2380.0,2284.19,2312.95,2285.42,2300.22,2300.55,2306.72,5.2418694963958E8,9.06985929200687E8,8.31612346681225E8,4.26084826217819E8,1.57673587538543E8,3.63039217940693E8,3398934,4230243,4079579,2413824,658757,1508570,2.51286503845979E8,4.5799692349354E8,3.95788711633604E8,2.04323992883765E8,7.7727130994055E7,1.80579327354915E8,0.005743673963307891,0.02016638448911552,-0.018453541807950037,-0.006552916841897657,0.0019481725623005795,0.021530502263418863,2327.14,2374.07,2330.26,2314.99,2319.5,2369.44
2026-04-27T15:11:06,76336.14,78178.22,78257.48,77437.13,77625.0,78657.55,79472.82,78662.5,78581.93,77885.35,78961.0,79485.66,76132.95,76960.0,77264.08,77140.23,77326.51,76459.64,1.5437320855463338E9,1.3213496983542461E9,9.869325646001965E8,4.406840043451535E8,6.219919734848E8,1.2478335500841923E9,3757077,3571796,2581973,806542,1476971,2982889,8.11313167070367E8,6.043221343078095E8,4.78778657353311E8,2.325677408198693E8,3.111495946071661E8,6.001224225927734E8,0.024131161972407594,0.001013709315240317,-0.01048270401755834,0.002426097144870882,0.013301771336553983,-0.016352276418474716,78178.23,78257.48,77437.13,77625.0,78657.55,77371.32,2327.15,2374.08,2330.27,2314.98,2319.49,2369.45,2423.75,2382.0,2337.5,2323.21,2380.0,2404.37,2312.95,2285.42,2300.22,2300.55,2306.72,2266.09,9.06985929200687E8,8.31612346681225E8,4.26084826217819E8,1.57673587538543E8,3.63039217940693E8,6.97653543100754E8,4230243,4079579,2413824,658757,1508570,3192282,4.5799692349354E8,3.95788711633604E8,2.04323992883765E8,7.7727130994055E7,1.80579327354915E8,3.34290742028397E8,0.02016638448911552,-0.018453541807950037,-0.006552916841897657,0.0019481725623005795,0.021530502263418863,-0.027757613613343227,2374.07,2330.26,2314.99,2319.5,2369.44,2303.67
2026-04-28T15:11:06,78178.22,78257.48,77437.13,77625.0,78657.55,77371.32,78662.5,78581.93,77885.35,78961.0,79485.66,77478.0,76960.0,77264.08,77140.23,77326.51,76459.64,75666.6,1.3213496983542461E9,9.869325646001965E8,4.406840043451535E8,6.219919734848E8,1.2478335500841923E9,1.0104126735550212E9,3571796,2581973,806542,1476971,2982889,2352446,6.043221343078095E8,4.78778657353311E8,2.325677408198693E8,3.111495946071661E8,6.001224225927734E8,4.986814161989518E8,0.001013709315240317,-0.01048270401755834,0.002426097144870882,0.013301771336553983,-0.016352276418474716,-0.013293685567210212,78257.48,77437.13,77625.0,78657.55,77371.32,76342.77,2374.08,2330.27,2314.98,2319.49,2369.45,2303.66,2382.0,2337.5,2323.21,2380.0,2404.37,2310.88,2285.42,2300.22,2300.55,2306.72,2266.09,2258.24,8.31612346681225E8,4.26084826217819E8,1.57673587538543E8,3.63039217940693E8,6.97653543100754E8,4.29094630508975E8,4079579,2413824,658757,1508570,3192282,2346992,3.95788711633604E8,2.04323992883765E8,7.7727130994055E7,1.80579327354915E8,3.34290742028397E8,2.15948355744806E8,-0.018453541807950037,-0.006552916841897657,0.0019481725623005795,0.021530502263418863,-0.027757613613343227,-0.006185781817708265,2330.26,2314.99,2319.5,2369.44,2303.67,2289.42
2026-04-29T15:11:06,78257.48,77437.13,77625.0,78657.55,77371.32,76342.78,78581.93,77885.35,78961.0,79485.66,77478.0,77904.93,77264.08,77140.23,77326.51,76459.64,75666.6,74937.52,9.869325646001965E8,4.406840043451535E8,6.219919734848E8,1.2478335500841923E9,1.0104126735550212E9,1.3997358583455281E9,2581973,806542,1476971,2982889,2352446,3032890,4.78778657353311E8,2.325677408198693E8,3.111495946071661E8,6.001224225927734E8,4.986814161989518E8,7.412797415187618E8,-0.01048270401755834,0.002426097144870882,0.013301771336553983,-0.016352276418474716,-0.013293685567210212,-0.0073716214384152426,77437.13,77625.0,78657.55,77371.32,76342.77,75780.0,2330.27,2314.98,2319.49,2369.45,2303.66,2289.42,2337.5,2323.21,2380.0,2404.37,2310.88,2346.95,2300.22,2300.55,2306.72,2266.09,2258.24,2220.36,4.26084826217819E8,1.57673587538543E8,3.63039217940693E8,6.97653543100754E8,4.29094630508975E8,8.11555243527633E8,2413824,658757,1508570,3192282,2346992,3588292,2.04323992883765E8,7.7727130994055E7,1.80579327354915E8,3.34290742028397E8,2.15948355744806E8,4.09301744342773E8,-0.006552916841897657,0.0019481725623005795,0.021530502263418863,-0.027757613613343227,-0.006185781817708265,-0.015951638406233884,2314.99,2319.5,2369.44,2303.67,2289.42,2252.9
2026-04-30T15:11:06,77437.13,77625.0,78657.55,77371.32,76342.78,75780.0,77885.35,78961.0,79485.66,77478.0,77904.93,76669.14,77140.23,77326.51,76459.64,75666.6,74937.52,75323.65,4.406840043451535E8,6.219919734848E8,1.2478335500841923E9,1.0104126735550212E9,1.3997358583455281E9,7.90584591689154E8,806542,1476971,2982889,2352446,3032890,2569480,2.325677408198693E8,3.111495946071661E8,6.001224225927734E8,4.986814161989518E8,7.412797415187618E8,4.253113832018324E8,0.002426097144870882,0.013301771336553983,-0.016352276418474716,-0.013293685567210212,-0.0073716214384152426,0.007476510952758076,77625.0,78657.55,77371.32,76342.77,75780.0,76346.57,2314.98,2319.49,2369.45,2303.66,2289.42,2252.9,2323.21,2380.0,2404.37,2310.88,2346.95,2279.0,2300.55,2306.72,2266.09,2258.24,2220.36,2231.64,1.57673587538543E8,3.63039217940693E8,6.97653543100754E8,4.29094630508975E8,8.11555243527633E8,3.77557889671635E8,658757,1508570,3192282,2346992,3588292,2649837,7.7727130994055E7,1.80579327354915E8,3.34290742028397E8,2.15948355744806E8,4.09301744342773E8,1.89738754617926E8,0.0019481725623005795,0.021530502263418863,-0.027757613613343227,-0.006185781817708265,-0.015951638406233884,0.0020462514980692115,2319.5,2369.44,2303.67,2289.42,2252.9,2257.51
2026-05-01T15:11:06,77625.0,78657.55,77371.32,76342.78,75780.0,76346.58,78961.0,79485.66,77478.0,77904.93,76669.14,78914.12,77326.51,76459.64,75666.6,74937.52,75323.65,76320.42,6.219919734848E8,1.2478335500841923E9,1.0104126735550212E9,1.3997358583455281E9,7.90584591689154E8,1.3478378359195642E9,1476971,2982889,2352446,3032890,2569480,2388458,3.111495946071661E8,6.001224225927734E8,4.986814161989518E8,7.412797415187618E8,4.253113832018324E8,6.478495778083475E8,0.013301771336553983,-0.016352276418474716,-0.013293685567210212,-0.0073716214384152426,0.007476510952758076,0.024684278547156702,78657.55,77371.32,76342.77,75780.0,76346.57,78231.13,2319.49,2369.45,2303.66,2289.42,2252.9,2257.51,2380.0,2404.37,2310.88,2346.95,2279.0,2325.28,2306.72,2266.09,2258.24,2220.36,2231.64,2257.21,3.63039217940693E8,6.97653543100754E8,4.29094630508975E8,8.11555243527633E8,3.77557889671635E8,4.38751255827916E8,1508570,3192282,2346992,3588292,2649837,1805481,1.80579327354915E8,3.34290742028397E8,2.15948355744806E8,4.09301744342773E8,1.89738754617926E8,2.05580455528971E8,0.021530502263418863,-0.027757613613343227,-0.006185781817708265,-0.015951638406233884,0.0020462514980692115,0.016885860970715472,2369.44,2303.67,2289.42,2252.9,2257.51,2295.63
2026-05-02T15:11:06,78657.55,77371.32,76342.78,75780.0,76346.58,78231.13,79485.66,77478.0,77904.93,76669.14,78914.12,79199.48,76459.64,75666.6,74937.52,75323.65,76320.42,78040.0,1.2478335500841923E9,1.0104126735550212E9,1.3997358583455281E9,7.90584591689154E8,1.3478378359195642E9,4.822383894494098E8,2982889,2352446,3032890,2569480,2388458,936143,6.001224225927734E8,4.986814161989518E8,7.412797415187618E8,4.253113832018324E8,6.478495778083475E8,2.58534491673966E8,-0.016352276418474716,-0.013293685567210212,-0.0073716214384152426,0.007476510952758076,0.024684278547156702,0.0058253025362154575,77371.32,76342.77,75780.0,76346.57,78231.13,78686.85,2369.45,2303.66,2289.42,2252.9,2257.51,2295.63,2404.37,2310.88,2346.95,2279.0,2325.28,2343.6,2266.09,2258.24,2220.36,2231.64,2257.21,2292.91,6.97653543100754E8,4.29094630508975E8,8.11555243527633E8,3.77557889671635E8,4.38751255827916E8,1.97914496937889E8,3192282,2346992,3588292,2649837,1805481,870699,3.34290742028397E8,2.15948355744806E8,4.09301744342773E8,1.89738754617926E8,2.05580455528971E8,1.0564997974995E8,-0.027757613613343227,-0.006185781817708265,-0.015951638406233884,0.0020462514980692115,0.016885860970715472,0.009295923123499732,2303.67,2289.42,2252.9,2257.51,2295.63,2316.97
2026-05-03T15:11:06,77371.32,76342.78,75780.0,76346.58,78231.13,78686.84,77478.0,77904.93,76669.14,78914.12,79199.48,79447.0,75666.6,74937.52,75323.65,76320.42,78040.0,78084.08,1.0104126735550212E9,1.3997358583455281E9,7.90584591689154E8,1.3478378359195642E9,4.822383894494098E8,5.842943304516286E8,2352446,3032890,2569480,2388458,936143,1352474,4.986814161989518E8,7.412797415187618E8,4.253113832018324E8,6.478495778083475E8,2.58534491673966E8,2.72683292169375E8,-0.013293685567210212,-0.0073716214384152426,0.007476510952758076,0.024684278547156702,0.0058253025362154575,-0.0015031736560810202,76342.77,75780.0,76346.57,78231.13,78686.85,78568.57,2303.66,2289.42,2252.9,2257.51,2295.63,2316.97,2310.88,2346.95,2279.0,2325.28,2343.6,2356.92,2258.24,2220.36,2231.64,2257.21,2292.91,2297.59,4.29094630508975E8,8.11555243527633E8,3.77557889671635E8,4.38751255827916E8,1.97914496937889E8,3.51370000018079E8,2346992,3588292,2649837,1805481,870699,1374290,2.15948355744806E8,4.09301744342773E8,1.89738754617926E8,2.05580455528971E8,1.0564997974995E8,1.73304008274475E8,-0.006185781817708265,-0.015951638406233884,0.0020462514980692115,0.016885860970715472,0.009295923123499732,0.0024514775763174713,2289.42,2252.9,2257.51,2295.63,2316.97,2322.65
2026-05-04T15:11:06,76342.78,75780.0,76346.58,78231.13,78686.84,78568.58,77904.93,76669.14,78914.12,79199.48,79447.0,80776.99,74937.52,75323.65,76320.42,78040.0,78084.08,78202.0,1.3997358583455281E9,7.90584591689154E8,1.3478378359195642E9,4.822383894494098E8,5.842943304516286E8,2.074174850511439E9,3032890,2569480,2388458,936143,1352474,3734604,7.412797415187618E8,4.253113832018324E8,6.478495778083475E8,2.58534491673966E8,2.72683292169375E8,1.0630548618782552E9,-0.0073716214384152426,0.007476510952758076,0.024684278547156702,0.0058253025362154575,-0.0015031736560810202,0.016449834838536424,75780.0,76346.57,78231.13,78686.85,78568.57,79861.01,2289.42,2252.9,2257.51,2295.63,2316.97,2322.65,2346.95,2279.0,2325.28,2343.6,2356.92,2398.93,2220.36,2231.64,2257.21,2292.91,2297.59,2309.24,8.11555243527633E8,3.77557889671635E8,4.38751255827916E8,1.97914496937889E8,3.51370000018079E8,1.067990750066591E9,3588292,2649837,1805481,870699,1374290,4137093,4.09301744342773E8,1.89738754617926E8,2.05580455528971E8,1.0564997974995E8,1.73304008274475E8,5.19975851029142E8,-0.015951638406233884,0.0020462514980692115,0.016885860970715472,0.009295923123499732,0.0024514775763174713,0.010552601554259041,2252.9,2257.51,2295.63,2316.97,2322.65,2347.16
2026-05-05T15:11:06,75780.0,76346.58,78231.13,78686.84,78568.58,79861.01,76669.14,78914.12,79199.48,79447.0,80776.99,81791.48,75323.65,76320.42,78040.0,78084.08,78202.0,79808.72,7.90584591689154E8,1.3478378359195642E9,4.822383894494098E8,5.842943304516286E8,2.074174850511439E9,1.374319029230936E9,2569480,2388458,936143,1352474,3734604,2490930,4.253113832018324E8,6.478495778083475E8,2.58534491673966E8,2.72683292169375E8,1.0630548618782552E9,6.998497889064542E8,0.007476510952758076,0.024684278547156702,0.0058253025362154575,-0.0015031736560810202,0.016449834838536424,0.013079098298406311,76346.57,78231.13,78686.85,78568.57,79861.01,80905.52,2252.9,2257.51,2295.63,2316.97,2322.65,2347.17,2279.0,2325.28,2343.6,2356.92,2398.93,2399.5,2231.64,2257.21,2292.91,2297.59,2309.24,2344.93,3.77557889671635E8,4.38751255827916E8,1.97914496937889E8,3.51370000018079E8,1.067990750066591E9,6.81480549110581E8,2649837,1805481,870699,1374290,4137093,2512190,1.89738754617926E8,2.05580455528971E8,1.0564997974995E8,1.73304008274475E8,5.19975851029142E8,3.31307244778156E8,0.0020462514980692115,0.016885860970715472,0.009295923123499732,0.0024514775763174713,0.010552601554259041,0.0057984969069003085,2257.51,2295.63,2316.97,2322.65,2347.16,2360.77
2026-05-06T15:11:06,76346.58,78231.13,78686.84,78568.58,79861.01,80905.53,78914.12,79199.48,79447.0,80776.99,81791.48,82850.0,76320.42,78040.0,78084.08,78202.0,79808.72,80731.14,1.3478378359195642E9,4.822383894494098E8,5.842943304516286E8,2.074174850511439E9,1.374319029230936E9,1.5356506247612484E9,2388458,936143,1352474,3734604,2490930,2794707,6.478495778083475E8,2.58534491673966E8,2.72683292169375E8,1.0630548618782552E9,6.998497889064542E8,8.150090742302135E8,0.024684278547156702,0.0058253025362154575,-0.0015031736560810202,0.016449834838536424,0.013079098298406311,0.006692868422327558,78231.13,78686.85,78568.57,79861.01,80905.52,81447.01,2257.51,2295.63,2316.97,2322.65,2347.17,2360.76,2325.28,2343.6,2356.92,2398.93,2399.5,2423.74,2257.21,2292.91,2297.59,2309.24,2344.93,2338.0,4.38751255827916E8,1.97914496937889E8,3.51370000018079E8,1.067990750066591E9,6.81480549110581E8,9.99441628415373E8,1805481,870699,1374290,4137093,2512190,3062625,2.05580455528971E8,1.0564997974995E8,1.73304008274475E8,5.19975851029142E8,3.31307244778156E8,4.59022962968137E8,0.016885860970715472,0.009295923123499732,0.0024514775763174713,0.010552601554259041,0.0057984969069003085,-0.00420625473891986,2295.63,2316.97,2322.65,2347.16,2360.77,2350.84
2026-05-07T15:11:06,78231.13,78686.84,78568.58,79861.01,80905.53,81447.01,79199.48,79447.0,80776.99,81791.48,82850.0,81708.32,78040.0,78084.08,78202.0,79808.72,80731.14,79500.0,4.822383894494098E8,5.842943304516286E8,2.074174850511439E9,1.374319029230936E9,1.5356506247612484E9,1.3007663821023338E9,936143,1352474,3734604,2490930,2794707,2540329,2.58534491673966E8,2.72683292169375E8,1.0630548618782552E9,6.998497889064542E8,8.150090742302135E8,6.142187587473308E8,0.0058253025362154575,-0.0015031736560810202,0.016449834838536424,0.013079098298406311,0.006692868422327558,-0.01769260774582142,78686.85,78568.57,79861.01,80905.52,81447.01,80006.0,2295.63,2316.97,2322.65,2347.17,2360.76,2350.84,2343.6,2356.92,2398.93,2399.5,2423.74,2352.3,2292.91,2297.59,2309.24,2344.93,2338.0,2280.1,1.97914496937889E8,3.51370000018079E8,1.067990750066591E9,6.81480549110581E8,9.99441628415373E8,1.084720938606199E9,870699,1374290,4137093,2512190,3062625,3191083,1.0564997974995E8,1.73304008274475E8,5.19975851029142E8,3.31307244778156E8,4.59022962968137E8,4.10305896179507E8,0.009295923123499732,0.0024514775763174713,0.010552601554259041,0.0057984969069003085,-0.00420625473891986,-0.025429208282996798,2316.97,2322.65,2347.16,2360.77,2350.84,2291.06
2026-05-08T15:11:06,78686.84,78568.58,79861.01,80905.53,81447.01,80006.0,79447.0,80776.99,81791.48,82850.0,81708.32,80500.0,78084.08,78202.0,79808.72,80731.14,79500.0,79181.48,5.842943304516286E8,2.074174850511439E9,1.374319029230936E9,1.5356506247612484E9,1.3007663821023338E9,1.2785660454172618E9,1352474,3734604,2490930,2794707,2540329,2265372,2.72683292169375E8,1.0630548618782552E9,6.998497889064542E8,8.150090742302135E8,6.142187587473308E8,6.65600036192464E8,-0.0015031736560810202,0.016449834838536424,0.013079098298406311,0.006692868422327558,-0.01769260774582142,0.002339449541284382,78568.57,79861.01,80905.52,81447.01,80006.0,80193.17,2316.97,2322.65,2347.17,2360.76,2350.84,2291.06,2356.92,2398.93,2399.5,2423.74,2352.3,2321.22,2297.59,2309.24,2344.93,2338.0,2280.1,2265.61,3.51370000018079E8,1.067990750066591E9,6.81480549110581E8,9.99441628415373E8,1.084720938606199E9,9.64540001642085E8,1374290,4137093,2512190,3062625,3191083,2568056,1.73304008274475E8,5.19975851029142E8,3.31307244778156E8,4.59022962968137E8,4.10305896179507E8,3.7728768273126E8,0.0024514775763174713,0.010552601554259041,0.0057984969069003085,-0.00420625473891986,-0.025429208282996798,0.006983666948923206,2322.65,2347.16,2360.77,2350.84,2291.06,2307.06
2026-05-09T15:11:06,78568.58,79861.01,80905.53,81447.01,80006.0,80193.18,80776.99,81791.48,82850.0,81708.32,80500.0,81080.0,78202.0,79808.72,80731.14,79500.0,79181.48,80129.85,2.074174850511439E9,1.374319029230936E9,1.5356506247612484E9,1.3007663821023338E9,1.2785660454172618E9,6.075962259864202E8,3734604,2490930,2794707,2540329,2265372,1002373,1.0630548618782552E9,6.998497889064542E8,8.150090742302135E8,6.142187587473308E8,6.65600036192464E8,3.245545403255052E8,0.016449834838536424,0.013079098298406311,0.006692868422327558,-0.01769260774582142,0.002339449541284382,0.006050764672352969,79861.01,80905.52,81447.01,80006.0,80193.17,80678.4,2322.65,2347.17,2360.76,2350.84,2291.06,2307.07,2398.93,2399.5,2423.74,2352.3,2321.22,2338.37,2309.24,2344.93,2338.0,2280.1,2265.61,2300.0,1.067990750066591E9,6.81480549110581E8,9.99441628415373E8,1.084720938606199E9,9.64540001642085E8,5.34441724095869E8,4137093,2512190,3062625,3191083,2568056,1248625,5.19975851029142E8,3.31307244778156E8,4.59022962968137E8,4.10305896179507E8,3.7728768273126E8,2.10978434967519E8,0.010552601554259041,0.0057984969069003085,-0.00420625473891986,-0.025429208282996798,0.006983666948923206,0.008400301682661097,2347.16,2360.77,2350.84,2291.06,2307.06,2326.44
2026-05-10T15:11:06,79861.01,80905.53,81447.01,80006.0,80193.18,80678.41,81791.48,82850.0,81708.32,80500.0,81080.0,82479.32,79808.72,80731.14,79500.0,79181.48,80129.85,80279.77,1.374319029230936E9,1.5356506247612484E9,1.3007663821023338E9,1.2785660454172618E9,6.075962259864202E8,9.772237142634745E8,2490930,2794707,2540329,2265372,1002373,1801608,6.998497889064542E8,8.150090742302135E8,6.142187587473308E8,6.65600036192464E8,3.245545403255052E8,5.195051915151365E8,0.013079098298406311,0.006692868422327558,-0.01769260774582142,0.002339449541284382,0.006050764672352969,0.018984883190544345,80905.52,81447.01,80006.0,80193.17,80678.4,82210.07,2347.17,2360.76,2350.84,2291.06,2307.07,2326.43,2399.5,2423.74,2352.3,2321.22,2338.37,2382.53,2344.93,2338.0,2280.1,2265.61,2300.0,2311.83,6.81480549110581E8,9.99441628415373E8,1.084720938606199E9,9.64540001642085E8,5.34441724095869E8,9.33278254427879E8,2512190,3062625,3191083,2568056,1248625,2272749,3.31307244778156E8,4.59022962968137E8,4.10305896179507E8,3.7728768273126E8,2.10978434967519E8,5.14296301197561E8,0.0057984969069003085,-0.00420625473891986,-0.025429208282996798,0.006983666948923206,0.008400301682661097,0.019269785595158236,2360.77,2350.84,2291.06,2307.06,2326.44,2371.27
2026-05-11T15:11:06,80905.53,81447.01,80006.0,80193.18,80678.41,82210.07,82850.0,81708.32,80500.0,81080.0,82479.32,82380.0,80731.14,79500.0,79181.48,80129.85,80279.77,80462.97,1.5356506247612484E9,1.3007663821023338E9,1.2785660454172618E9,6.075962259864202E8,9.772237142634745E8,1.0531936708757555E9,2794707,2540329,2265372,1002373,1801608,2576396,8.150090742302135E8,6.142187587473308E8,6.65600036192464E8,3.245545403255052E8,5.195051915151365E8,4.988609194964037E8,0.006692868422327558,-0.01769260774582142,0.002339449541284382,0.006050764672352969,0.018984883190544345,-0.0056491862858164795,81447.01,80006.0,80193.17,80678.4,82210.07,81745.65,2360.76,2350.84,2291.06,2307.07,2326.43,2371.26,2423.74,2352.3,2321.22,2338.37,2382.53,2374.92,2338.0,2280.1,2265.61,2300.0,2311.83,2304.0,9.99441628415373E8,1.084720938606199E9,9.64540001642085E8,5.34441724095869E8,9.33278254427879E8,5.53428064252923E8,3062625,3191083,2568056,1248625,2272749,2594593,4.59022962968137E8,4.10305896179507E8,3.7728768273126E8,2.10978434967519E8,5.14296301197561E8,2.41738239910142E8,-0.00420625473891986,-0.025429208282996798,0.006983666948923206,0.008400301682661097,0.019269785595158236,-0.013241849304381235,2350.84,2291.06,2307.06,2326.44,2371.27,2339.87
2026-05-12T15:11:06,81447.01,80006.0,80193.18,80678.41,82210.07,81745.66,81708.32,80500.0,81080.0,82479.32,82380.0,81788.0,79500.0,79181.48,80129.85,80279.77,80462.97,79843.59,1.3007663821023338E9,1.2785660454172618E9,6.075962259864202E8,9.772237142634745E8,1.0531936708757555E9,1.000180167440677E9,2540329,2265372,1002373,1801608,2576396,2345137,6.142187587473308E8,6.65600036192464E8,3.245545403255052E8,5.195051915151365E8,4.988609194964037E8,4.617398400868008E8,-0.01769260774582142,0.002339449541284382,0.006050764672352969,0.018984883190544345,-0.0056491862858164795,-0.01518343789547203,80006.0,80193.17,80678.4,82210.07,81745.65,80504.47,2350.84,2291.06,2307.07,2326.43,2371.26,2339.88,2352.3,2321.22,2338.37,2382.53,2374.92,2340.85,2280.1,2265.61,2300.0,2311.83,2304.0,2256.27,1.084720938606199E9,9.64540001642085E8,5.34441724095869E8,9.33278254427879E8,5.53428064252923E8,5.79204959797464E8,3191083,2568056,1248625,2272749,2594593,2520381,4.10305896179507E8,3.7728768273126E8,2.10978434967519E8,5.14296301197561E8,2.41738239910142E8,2.57748542882055E8,-0.025429208282996798,0.006983666948923206,0.008400301682661097,0.019269785595158236,-0.013241849304381235,-0.027740857398060516,2291.06,2307.06,2326.44,2371.27,2339.87,2274.96
2026-05-13T15:11:06,80006.0,80193.18,80678.41,82210.07,81745.66,80504.47,80500.0,81080.0,82479.32,82380.0,81788.0,81324.64,79181.48,80129.85,80279.77,80462.97,79843.59,78754.65,1.2785660454172618E9,6.075962259864202E8,9.772237142634745E8,1.0531936708757555E9,1.000180167440677E9,1.1849298428688235E9,2265372,1002373,1801608,2576396,2345137,2350570,6.65600036192464E8,3.245545403255052E8,5.195051915151365E8,4.988609194964037E8,4.617398400868008E8,5.73129996834195E8,0.002339449541284382,0.006050764672352969,0.018984883190544345,-0.0056491862858164795,-0.01518343789547203,-0.014792470529897291,80193.17,80678.4,82210.07,81745.65,80504.47,79313.61,2291.06,2307.07,2326.43,2371.26,2339.88,2274.97,2321.22,2338.37,2382.53,2374.92,2340.85,2323.36,2265.61,2300.0,2311.83,2304.0,2256.27,2234.13,9.64540001642085E8,5.34441724095869E8,9.33278254427879E8,5.53428064252923E8,5.79204959797464E8,5.87994702421878E8,2568056,1248625,2272749,2594593,2520381,2145600,3.7728768273126E8,2.10978434967519E8,5.14296301197561E8,2.41738239910142E8,2.57748542882055E8,2.82671652633523E8,0.006983666948923206,0.008400301682661097,0.019269785595158236,-0.013241849304381235,-0.027740857398060516,-0.007169356823856219,2307.06,2326.44,2371.27,2339.87,2274.96,2258.65
2026-05-14T15:11:06,80193.18,80678.41,82210.07,81745.66,80504.47,79313.61,81080.0,82479.32,82380.0,81788.0,81324.64,82048.13,80129.85,80279.77,80462.97,79843.59,78754.65,78922.0,6.075962259864202E8,9.772237142634745E8,1.0531936708757555E9,1.000180167440677E9,1.1849298428688235E9,1.590656475018797E9,1002373,1801608,2576396,2345137,2350570,3101046,3.245545403255052E8,5.195051915151365E8,4.988609194964037E8,4.617398400868008E8,5.73129996834195E8,8.672054598346943E8,0.006050764672352969,0.018984883190544345,-0.0056491862858164795,-0.01518343789547203,-0.014792470529897291,0.022396912711450213,80678.4,82210.07,81745.65,80504.47,79313.61,81089.99,2307.07,2326.43,2371.26,2339.88,2274.97,2258.66,2338.37,2382.53,2374.92,2340.85,2323.36,2319.33,2300.0,2311.83,2304.0,2256.27,2234.13,2238.64,5.34441724095869E8,9.33278254427879E8,5.53428064252923E8,5.79204959797464E8,5.87994702421878E8,5.8536870859742E8,1248625,2272749,2594593,2520381,2145600,2730407,2.10978434967519E8,5.14296301197561E8,2.41738239910142E8,2.57748542882055E8,2.82671652633523E8,2.91429330031826E8,0.008400301682661097,0.019269785595158236,-0.013241849304381235,-0.027740857398060516,-0.007169356823856219,0.01089146171385558,2326.44,2371.27,2339.87,2274.96,2258.65,2283.25
2026-05-15T15:11:06,80678.41,82210.07,81745.66,80504.47,79313.61,81090.0,82479.32,82380.0,81788.0,81324.64,82048.13,81664.45,80279.77,80462.97,79843.59,78754.65,78922.0,78659.0,9.772237142634745E8,1.0531936708757555E9,1.000180167440677E9,1.1849298428688235E9,1.590656475018797E9,1.387152674368868E9,1801608,2576396,2345137,2350570,3101046,3184114,5.195051915151365E8,4.988609194964037E8,4.617398400868008E8,5.73129996834195E8,8.672054598346943E8,6.66666033915996E8,0.018984883190544345,-0.0056491862858164795,-0.01518343789547203,-0.014792470529897291,0.022396912711450213,-0.024377608136343324,82210.07,81745.65,80504.47,79313.61,81089.99,79113.21,2326.43,2371.26,2339.88,2274.97,2258.66,2283.26,2382.53,2374.92,2340.85,2323.36,2319.33,2300.29,2311.83,2304.0,2256.27,2234.13,2238.64,2205.11,9.33278254427879E8,5.53428064252923E8,5.79204959797464E8,5.87994702421878E8,5.8536870859742E8,6.47433872912318E8,2272749,2594593,2520381,2145600,2730407,2977308,5.14296301197561E8,2.41738239910142E8,2.57748542882055E8,2.82671652633523E8,2.91429330031826E8,2.76140795808395E8,0.019269785595158236,-0.013241849304381235,-0.027740857398060516,-0.007169356823856219,0.01089146171385558,-0.025660790539800787,2371.27,2339.87,2274.96,2258.65,2283.25,2224.66
2026-05-16T15:11:06,82210.07,81745.66,80504.47,79313.61,81090.0,79113.2,82380.0,81788.0,81324.64,82048.13,81664.45,79227.77,80462.97,79843.59,78754.65,78922.0,78659.0,77640.0,1.0531936708757555E9,1.000180167440677E9,1.1849298428688235E9,1.590656475018797E9,1.387152674368868E9,9.49890656658851E8,2576396,2345137,2350570,3101046,3184114,1597661,4.988609194964037E8,4.617398400868008E8,5.73129996834195E8,8.672054598346943E8,6.66666033915996E8,4.522581894353481E8,-0.0056491862858164795,-0.01518343789547203,-0.014792470529897291,0.022396912711450213,-0.024377608136343324,-0.012199732509905784,81745.65,80504.47,79313.61,81089.99,79113.21,78148.05,2371.26,2339.88,2274.97,2258.66,2283.26,2224.65,2374.92,2340.85,2323.36,2319.33,2300.29,2231.51,2304.0,2256.27,2234.13,2238.64,2205.11,2162.55,5.53428064252923E8,5.79204959797464E8,5.87994702421878E8,5.8536870859742E8,6.47433872912318E8,4.35687947067346E8,2594593,2520381,2145600,2730407,2977308,1541883,2.41738239910142E8,2.57748542882055E8,2.82671652633523E8,2.91429330031826E8,2.76140795808395E8,2.0061758605155E8,-0.013241849304381235,-0.027740857398060516,-0.007169356823856219,0.01089146171385558,-0.025660790539800787,-0.01972885744338455,2339.87,2274.96,2258.65,2283.25,2224.66,2180.77
2026-05-17T15:11:06,81745.66,80504.47,79313.61,81090.0,79113.2,78148.05,81788.0,81324.64,82048.13,81664.45,79227.77,78599.99,79843.59,78754.65,78922.0,78659.0,77640.0,76735.16,1.000180167440677E9,1.1849298428688235E9,1.590656475018797E9,1.387152674368868E9,9.49890656658851E8,6.58061481644852E8,2345137,2350570,3101046,3184114,1597661,1570433,4.617398400868008E8,5.73129996834195E8,8.672054598346943E8,6.66666033915996E8,4.522581894353481E8,3.03858886908721E8,-0.01518343789547203,-0.014792470529897291,0.022396912711450213,-0.024377608136343324,-0.012199732509905784,-0.008834257540655263,80504.47,79313.61,81089.99,79113.21,78148.05,77457.67,2339.88,2274.97,2258.66,2283.26,2224.65,2180.77,2340.85,2323.36,2319.33,2300.29,2231.51,2198.14,2256.27,2234.13,2238.64,2205.11,2162.55,2091.48,5.79204959797464E8,5.87994702421878E8,5.8536870859742E8,6.47433872912318E8,4.35687947067346E8,3.78577487527797E8,2520381,2145600,2730407,2977308,1541883,1638605,2.57748542882055E8,2.82671652633523E8,2.91429330031826E8,2.76140795808395E8,2.0061758605155E8,1.81236111536705E8,-0.027740857398060516,-0.007169356823856219,0.01089146171385558,-0.025660790539800787,-0.01972885744338455,-0.022822214172058486,2274.96,2258.65,2283.25,2224.66,2180.77,2131.0
2026-05-18T15:11:06,80504.47,79313.61,81090.0,79113.2,78148.05,77457.67,81324.64,82048.13,81664.45,79227.77,78599.99,77800.0,78754.65,78922.0,78659.0,77640.0,76735.16,76051.0,1.1849298428688235E9,1.590656475018797E9,1.387152674368868E9,9.49890656658851E8,6.58061481644852E8,1.439862031891971E9,2350570,3101046,3184114,1597661,1570433,3529328,5.73129996834195E8,8.672054598346943E8,6.66666033915996E8,4.522581894353481E8,3.03858886908721E8,6.849989883253162E8,-0.014792470529897291,0.022396912711450213,-0.024377608136343324,-0.012199732509905784,-0.008834257540655263,-0.005884504400919921,79313.61,81089.99,79113.21,78148.05,77457.67,77001.87,2274.97,2258.66,2283.26,2224.65,2180.77,2131.0,2323.36,2319.33,2300.29,2231.51,2198.14,2157.24,2234.13,2238.64,2205.11,2162.55,2091.48,2077.23,5.87994702421878E8,5.8536870859742E8,6.47433872912318E8,4.35687947067346E8,3.78577487527797E8,8.08389842464257E8,2145600,2730407,2977308,1541883,1638605,3981985,2.82671652633523E8,2.91429330031826E8,2.76140795808395E8,2.0061758605155E8,1.81236111536705E8,3.89344799124016E8,-0.007169356823856219,0.01089146171385558,-0.025660790539800787,-0.01972885744338455,-0.022822214172058486,-4.3172219615207543E-4,2258.65,2283.25,2224.66,2180.77,2131.0,2130.08
2026-05-19T15:11:06,79313.61,81090.0,79113.2,78148.05,77457.67,77001.88,82048.13,81664.45,79227.77,78599.99,77800.0,77414.62,78922.0,78659.0,77640.0,76735.16,76051.0,76144.71,1.590656475018797E9,1.387152674368868E9,9.49890656658851E8,6.58061481644852E8,1.439862031891971E9,8.469043783078035E8,3101046,3184114,1597661,1570433,3529328,2315121,8.672054598346943E8,6.66666033915996E8,4.522581894353481E8,3.03858886908721E8,6.849989883253162E8,4.364351060620676E8,0.022396912711450213,-0.024377608136343324,-0.012199732509905784,-0.008834257540655263,-0.005884504400919921,-0.002175401714269988,81089.99,79113.21,78148.05,77457.67,77001.87,76834.36,2258.66,2283.26,2224.65,2180.77,2131.0,2130.08,2319.33,2300.29,2231.51,2198.14,2157.24,2146.95,2238.64,2205.11,2162.55,2091.48,2077.23,2094.47,5.8536870859742E8,6.47433872912318E8,4.35687947067346E8,3.78577487527797E8,8.08389842464257E8,3.96338335855304E8,2730407,2977308,1541883,1638605,3981985,2356965,2.91429330031826E8,2.76140795808395E8,2.0061758605155E8,1.81236111536705E8,3.89344799124016E8,1.8258095416811E8,0.01089146171385558,-0.025660790539800787,-0.01972885744338455,-0.022822214172058486,-4.3172219615207543E-4,-0.008520806730263696,2283.25,2224.66,2180.77,2131.0,2130.08,2111.93
2026-05-20T15:11:06,81090.0,79113.2,78148.05,77457.67,77001.88,76834.36,81664.45,79227.77,78599.99,77800.0,77414.62,77853.04,78659.0,77640.0,76735.16,76051.0,76144.71,76516.74,1.387152674368868E9,9.49890656658851E8,6.58061481644852E8,1.439862031891971E9,8.469043783078035E8,8.730912714716351E8,3184114,1597661,1570433,3529328,2315121,2437754,6.66666033915996E8,4.522581894353481E8,3.03858886908721E8,6.849989883253162E8,4.364351060620676E8,4.334020002313096E8,-0.024377608136343324,-0.012199732509905784,-0.008834257540655263,-0.005884504400919921,-0.002175401714269988,0.009343085567446587,79113.21,78148.05,77457.67,77001.87,76834.36,77552.23,2283.26,2224.65,2180.77,2131.0,2130.08,2111.93,2300.29,2231.51,2198.14,2157.24,2146.95,2149.0,2205.11,2162.55,2091.48,2077.23,2094.47,2103.29,6.47433872912318E8,4.35687947067346E8,3.78577487527797E8,8.08389842464257E8,3.96338335855304E8,4.02576774240436E8,2977308,1541883,1638605,3981985,2356965,2256505,2.76140795808395E8,2.0061758605155E8,1.81236111536705E8,3.89344799124016E8,1.8258095416811E8,1.99953325021528E8,-0.025660790539800787,-0.01972885744338455,-0.022822214172058486,-4.3172219615207543E-4,-0.008520806730263696,0.008290994493188798,2224.66,2180.77,2131.0,2130.08,2111.93,2129.44
2026-05-21T15:11:06,79113.2,78148.05,77457.67,77001.88,76834.36,77552.24,79227.77,78599.99,77800.0,77414.62,77853.04,78200.0,77640.0,76735.16,76051.0,76144.71,76516.74,76719.47,9.49890656658851E8,6.58061481644852E8,1.439862031891971E9,8.469043783078035E8,8.730912714716351E8,8.781686972277492E8,1597661,1570433,3529328,2315121,2437754,2473146,4.522581894353481E8,3.03858886908721E8,6.849989883253162E8,4.364351060620676E8,4.334020002313096E8,4.472907451412532E8,-0.012199732509905784,-0.008834257540655263,-0.005884504400919921,-0.002175401714269988,0.009343085567446587,8.160951657999796E-4,78148.05,77457.67,77001.87,76834.36,77552.23,77615.52,2224.65,2180.77,2131.0,2130.08,2111.93,2129.44,2231.51,2198.14,2157.24,2146.95,2149.0,2157.5,2162.55,2091.48,2077.23,2094.47,2103.29,2105.15,4.35687947067346E8,3.78577487527797E8,8.08389842464257E8,3.96338335855304E8,4.02576774240436E8,4.96323964944403E8,1541883,1638605,3981985,2356965,2256505,2526150,2.0061758605155E8,1.81236111536705E8,3.89344799124016E8,1.8258095416811E8,1.99953325021528E8,2.53517525206181E8,-0.01972885744338455,-0.022822214172058486,-4.3172219615207543E-4,-0.008520806730263696,0.008290994493188798,0.0020287023818469476,2180.77,2131.0,2130.08,2111.93,2129.44,2133.76
2026-05-22T15:11:06,78148.05,77457.67,77001.88,76834.36,77552.24,77615.52,78599.99,77800.0,77414.62,77853.04,78200.0,77900.0,76735.16,76051.0,76144.71,76516.74,76719.47,75359.18,6.58061481644852E8,1.439862031891971E9,8.469043783078035E8,8.730912714716351E8,8.781686972277492E8,8.662004609104595E8,1570433,3529328,2315121,2437754,2473146,2370783,3.03858886908721E8,6.849989883253162E8,4.364351060620676E8,4.334020002313096E8,4.472907451412532E8,4.003746546094489E8,-0.008834257540655263,-0.005884504400919921,-0.002175401714269988,0.009343085567446587,8.160951657999796E-4,-0.026747485554435554,77457.67,77001.87,76834.36,77552.23,77615.52,75539.5,2180.77,2131.0,2130.08,2111.93,2129.44,2133.77,2198.14,2157.24,2146.95,2149.0,2157.5,2141.39,2091.48,2077.23,2094.47,2103.29,2105.15,2057.79,3.78577487527797E8,8.08389842464257E8,3.96338335855304E8,4.02576774240436E8,4.96323964944403E8,4.6701725254059E8,1638605,3981985,2356965,2256505,2526150,2344218,1.81236111536705E8,3.89344799124016E8,1.8258095416811E8,1.99953325021528E8,2.53517525206181E8,2.31748468554101E8,-0.022822214172058486,-4.3172219615207543E-4,-0.008520806730263696,0.008290994493188798,0.0020287023818469476,-0.03182644721055803,2131.0,2130.08,2111.93,2129.44,2133.76,2065.85
2026-05-23T15:11:06,77457.67,77001.88,76834.36,77552.24,77615.52,75539.5,77800.0,77414.62,77853.04,78200.0,77900.0,77404.18,76051.0,76144.71,76516.74,76719.47,75359.18,74289.6,1.439862031891971E9,8.469043783078035E8,8.730912714716351E8,8.781686972277492E8,8.662004609104595E8,1.138996605773816E9,3529328,2315121,2437754,2473146,2370783,2103536,6.849989883253162E8,4.364351060620676E8,4.334020002313096E8,4.472907451412532E8,4.003746546094489E8,5.844068716902983E8,-0.005884504400919921,-0.002175401714269988,0.009343085567446587,8.160951657999796E-4,-0.026747485554435554,0.01605133737978137,77001.87,76834.36,77552.23,77615.52,75539.5,76752.01,2131.0,2130.08,2111.93,2129.44,2133.77,2065.86,2157.24,2146.95,2149.0,2157.5,2141.39,2149.95,2077.23,2094.47,2103.29,2105.15,2057.79,2009.3,8.08389842464257E8,3.96338335855304E8,4.02576774240436E8,4.96323964944403E8,4.6701725254059E8,7.26153698577792E8,3981985,2356965,2256505,2526150,2344218,2641732,3.89344799124016E8,1.8258095416811E8,1.99953325021528E8,2.53517525206181E8,2.31748468554101E8,3.85175449162648E8,-4.3172219615207543E-4,-0.008520806730263696,0.008290994493188798,0.0020287023818469476,-0.03182644721055803,0.02508894643851196,2130.08,2111.93,2129.44,2133.76,2065.85,2117.68
2026-05-24T15:11:06,77001.88,76834.36,77552.24,77615.52,75539.5,76752.0,77414.62,77853.04,78200.0,77900.0,77404.18,77543.15,76144.71,76516.74,76719.47,75359.18,74289.6,76108.0,8.469043783078035E8,8.730912714716351E8,8.781686972277492E8,8.662004609104595E8,1.138996605773816E9,6.44925517611316E8,2315121,2437754,2473146,2370783,2103536,1612969,4.364351060620676E8,4.334020002313096E8,4.472907451412532E8,4.003746546094489E8,5.844068716902983E8,3.466280822881941E8,-0.002175401714269988,0.009343085567446587,8.160951657999796E-4,-0.026747485554435554,0.01605133737978137,0.004077417646782301,76834.36,77552.23,77615.52,75539.5,76752.01,77064.96,2130.08,2111.93,2129.44,2133.77,2065.86,2117.69,2146.95,2149.0,2157.5,2141.39,2149.95,2132.14,2094.47,2103.29,2105.15,2057.79,2009.3,2063.0,3.96338335855304E8,4.02576774240436E8,4.96323964944403E8,4.6701725254059E8,7.26153698577792E8,4.16532783725252E8,2356965,2256505,2526150,2344218,2641732,1928016,1.8258095416811E8,1.99953325021528E8,2.53517525206181E8,2.31748468554101E8,3.85175449162648E8,2.02225441429743E8,-0.008520806730263696,0.008290994493188798,0.0020287023818469476,-0.03182644721055803,0.02508894643851196,-0.008419591250802732,2111.93,2129.44,2133.76,2065.85,2117.68,2099.85
