date,BTC.open_2,BTC.open_1,BTC.open,BTC.high_2,BTC.high_1,BTC.high,BTC.low_2,BTC.low_1,BTC.low,BTC.volume_2,BTC.volume_1,BTC.volume,BTC.quoteAssetVolume_2,BTC.quoteAssetVolume_1,BTC.quoteAssetVolume,BTC.numberOfTrades_2,BTC.numberOfTrades_1,BTC.numberOfTrades,BTC.takerBuyBaseAssetVolume_2,BTC.takerBuyBaseAssetVolume_1,BTC.takerBuyBaseAssetVolume,BTC.takerBuyQuoteAssetVolume_2,BTC.takerBuyQuoteAssetVolume_1,BTC.takerBuyQuoteAssetVolume,XRP.open_2,XRP.open_1,XRP.open,XRP.high_2,XRP.high_1,XRP.high,XRP.low_2,XRP.low_1,XRP.low,XRP.volume_2,XRP.volume_1,XRP.volume,XRP.quoteAssetVolume_2,XRP.quoteAssetVolume_1,XRP.quoteAssetVolume,XRP.numberOfTrades_2,XRP.numberOfTrades_1,XRP.numberOfTrades,XRP.takerBuyBaseAssetVolume_2,XRP.takerBuyBaseAssetVolume_1,XRP.takerBuyBaseAssetVolume,XRP.takerBuyQuoteAssetVolume_2,XRP.takerBuyQuoteAssetVolume_1,XRP.takerBuyQuoteAssetVolume,SOL.open_2,SOL.open_1,SOL.open,SOL.high_2,SOL.high_1,SOL.high,SOL.low_2,SOL.low_1,SOL.low,SOL.volume_2,SOL.volume_1,SOL.volume,SOL.quoteAssetVolume_2,SOL.quoteAssetVolume_1,SOL.quoteAssetVolume,SOL.numberOfTrades_2,SOL.numberOfTrades_1,SOL.numberOfTrades,SOL.takerBuyBaseAssetVolume_2,SOL.takerBuyBaseAssetVolume_1,SOL.takerBuyBaseAssetVolume,SOL.takerBuyQuoteAssetVolume_2,SOL.takerBuyQuoteAssetVolume_1,SOL.takerBuyQuoteAssetVolume,LTC.open_2,LTC.open_1,LTC.open,LTC.high_2,LTC.high_1,LTC.high,LTC.low_2,LTC.low_1,LTC.low,LTC.volume_2,LTC.volume_1,LTC.volume,LTC.quoteAssetVolume_2,LTC.quoteAssetVolume_1,LTC.quoteAssetVolume,LTC.numberOfTrades_2,LTC.numberOfTrades_1,LTC.numberOfTrades,LTC.takerBuyBaseAssetVolume_2,LTC.takerBuyBaseAssetVolume_1,LTC.takerBuyBaseAssetVolume,LTC.takerBuyQuoteAssetVolume_2,LTC.takerBuyQuoteAssetVolume_1,LTC.takerBuyQuoteAssetVolume,ETH.open_2,ETH.open_1,ETH.open,ETH.high_2,ETH.high_1,ETH.high,ETH.low_2,ETH.low_1,ETH.low,ETH.volume_2,ETH.volume_1,ETH.volume,ETH.quoteAssetVolume_2,ETH.quoteAssetVolume_1,ETH.quoteAssetVolume,ETH.numberOfTrades_2,ETH.numberOfTrades_1,ETH.numberOfTrades,ETH.takerBuyBaseAssetVolume_2,ETH.takerBuyBaseAssetVolume_1,ETH.takerBuyBaseAssetVolume,ETH.takerBuyQuoteAssetVolume_2,ETH.takerBuyQuoteAssetVolume_1,ETH.takerBuyQuoteAssetVolume,ETH.close
2025-10-01T22:38:47,112163.96,114311.97,114048.94,114400,114792,118649.1,111560.65,112656.27,113966.67,15541.12005,15044.15633,20036.39516,1.76E+09,1.71E+09,2.33E+09,2442653,3018331,3430343,7836.68768,7185.72154,10071.04092,8.85E+08,8.17E+08,1.17E+09,2.8675,2.8801,2.8468,2.9289,2.9077,2.9616,2.8454,2.8132,2.8141,1.16E+08,1.00E+08,1.36E+08,3.35E+08,2.86E+08,3.97E+08,1257275,1133168,1262169,5.73E+07,4.26E+07,7.04E+07,1.65E+08,1.22E+08,2.05E+08,210.83,212.74,208.68,214.74,213.67,222.77,204.58,204.29,206.31,3213098.851,3264781.485,4050260.921,6.75E+08,6.80E+08,8.74E+08,1908731,1922286,2119007,1700434.727,1629038.204,2112500.76,3.57E+08,3.39E+08,4.56E+08,106.88,106.76,106.87,107.66,107.61,115.34,105.3,103.84,105.39,268037.084,274575.895,561526.624,2.85E+07,2.91E+07,6.21E+07,188254,199983,367281,133728.553,126169.075,291325.067,1.42E+07,1.34E+07,3.22E+07,4142.16,4215.07,4145.15,4235.86,4245,4355.46,4082.25,4092.1,4123.08,380728.6784,391126.6172,507026.3822,1.58E+09,1.63E+09,2.17E+09,3612246,4118784,4138481,199061.7147,181458.9958,247673.9891,8.26E+08,7.55E+08,1.06E+09,4484.35
2025-10-02T22:38:47,114311.97,114048.94,118594.99,114792,118649.1,121022.07,112656.27,113966.67,118279.31,15044.15633,20036.39516,19670.83503,1.71E+09,2.33E+09,2.35E+09,3018331,3430343,3472073,7185.72154,10071.04092,9753.07848,8.17E+08,1.17E+09,1.16E+09,2.8801,2.8468,2.9485,2.9077,2.9616,3.0998,2.8132,2.8141,2.9403,1.00E+08,1.36E+08,1.47E+08,2.86E+08,3.97E+08,4.42E+08,1133168,1262169,1585511,4.26E+07,7.04E+07,7.48E+07,1.22E+08,2.05E+08,2.25E+08,212.74,208.68,222.04,213.67,222.77,234.99,204.29,206.31,219.52,3264781.485,4050260.921,4590696.388,6.80E+08,8.74E+08,1.04E+09,1922286,2119007,2550516,1629038.204,2112500.76,2430897.772,3.39E+08,4.56E+08,5.52E+08,106.76,106.87,115.11,107.61,115.34,122.71,103.84,105.39,115.11,274575.895,561526.624,1140711.459,2.91E+07,6.21E+07,1.36E+08,199983,367281,757921,126169.075,291325.067,567889.371,1.34E+07,3.22E+07,6.78E+07,4215.07,4145.15,4348.03,4245,4355.46,4516.74,4092.1,4123.08,4332.73,391126.6172,507026.3822,526411.1571,1.63E+09,2.17E+09,2.32E+09,4118784,4138481,4441183,181458.9958,247673.9891,270113.997,7.55E+08,1.06E+09,1.19E+09,4512.87
2025-10-03T22:38:47,114048.94,118594.99,120529.35,118649.1,121022.07,123894.99,113966.67,118279.31,119248.3,20036.39516,19670.83503,23936.328,2.33E+09,2.35E+09,2.91E+09,3430343,3472073,4246820,10071.04092,9753.07848,11288.62355,1.17E+09,1.16E+09,1.37E+09,2.8468,2.9485,3.0388,2.9616,3.0998,3.0948,2.8141,2.9403,3.0041,1.36E+08,1.47E+08,1.26E+08,3.97E+08,4.42E+08,3.82E+08,1262169,1585511,1429215,7.04E+07,7.48E+07,6.02E+07,2.05E+08,2.25E+08,1.83E+08,208.68,222.04,234.74,222.77,234.99,237,206.31,219.52,227.13,4050260.921,4590696.388,4216611.614,8.74E+08,1.04E+09,9.77E+08,2119007,2550516,2632758,2112500.76,2430897.772,1989446.56,4.56E+08,5.52E+08,4.61E+08,106.87,115.11,119.54,115.34,122.71,124.86,105.39,115.11,115.79,561526.624,1140711.459,879533.808,6.21E+07,1.36E+08,1.06E+08,367281,757921,508738,291325.067,567889.371,413642.687,3.22E+07,6.78E+07,4.97E+07,4145.15,4348.03,4484.35,4355.46,4516.74,4591.59,4123.08,4332.73,4428,507026.3822,526411.1571,485684.0267,2.17E+09,2.32E+09,2.18E+09,4138481,4441183,5149648,247673.9891,270113.997,234630.1499,1.06E+09,1.19E+09,1.06E+09,4487.15
2025-10-04T22:38:47,118594.99,120529.35,122232.21,121022.07,123894.99,122800,118279.31,119248.3,121510,19670.83503,23936.328,8208.16678,2.35E+09,2.91E+09,1.00E+09,3472073,4246820,1703590,9753.07848,11288.62355,3767.80335,1.16E+09,1.37E+09,4.60E+08,2.9485,3.0388,3.0402,3.0998,3.0948,3.0522,2.9403,3.0041,2.939,1.47E+08,1.26E+08,6.94E+07,4.42E+08,3.82E+08,2.07E+08,1585511,1429215,844016,7.48E+07,6.02E+07,3.28E+07,2.25E+08,1.83E+08,9.78E+07,222.04,234.74,232.84,234.99,237,234.05,219.52,227.13,224.07,4590696.388,4216611.614,1841410.605,1.04E+09,9.77E+08,4.20E+08,2550516,2632758,1292594,2430897.772,1989446.56,848007.567,5.52E+08,4.61E+08,1.94E+08,115.11,119.54,120.57,122.71,124.86,121,115.11,115.79,117.42,1140711.459,879533.808,290698.143,1.36E+08,1.06E+08,3.46E+07,757921,508738,253180,567889.371,413642.687,138831.117,6.78E+07,4.97E+07,1.65E+07,4348.03,4484.35,4512.88,4516.74,4591.59,4517.93,4332.73,4428,4440,526411.1571,485684.0267,199732.7088,2.32E+09,2.18E+09,8.95E+08,4441183,5149648,2252261,270113.997,234630.1499,90161.8179,1.19E+09,1.06E+09,4.04E+08,4514.32
2025-10-05T22:38:47,120529.35,122232.21,122390.99,123894.99,122800,125708.42,119248.3,121510,122136,23936.328,8208.16678,22043.09755,2.91E+09,1.00E+09,2.73E+09,4246820,1703590,3690670,11288.62355,3767.80335,11780.6724,1.37E+09,4.60E+08,1.46E+09,3.0388,3.0402,2.9685,3.0948,3.0522,3.0716,3.0041,2.939,2.9468,1.26E+08,6.94E+07,1.06E+08,3.82E+08,2.07E+08,3.18E+08,1429215,844016,1212008,6.02E+07,3.28E+07,5.28E+07,1.83E+08,9.78E+07,1.59E+08,234.74,232.84,227.86,237,234.05,237.22,227.13,224.07,226.45,4216611.614,1841410.605,3099633.526,9.77E+08,4.20E+08,7.18E+08,2632758,1292594,2035300,1989446.56,848007.567,1591307.851,4.61E+08,1.94E+08,3.69E+08,119.54,120.57,120.5,124.86,121,124.17,115.79,117.42,118.35,879533.808,290698.143,507015.733,1.06E+08,3.46E+07,6.14E+07,508738,253180,415269,413642.687,138831.117,243253.38,4.97E+07,1.65E+07,2.95E+07,4484.35,4512.88,4487.16,4591.59,4517.93,4618.17,4428,4440,4467.05,485684.0267,199732.7088,506587.9614,2.18E+09,8.95E+08,2.31E+09,5149648,2252261,3791095,234630.1499,90161.8179,265246.9061,1.06E+09,4.04E+08,1.21E+09,4684.01
2025-10-06T22:38:47,122232.21,122390.99,123482.32,122800,125708.42,126199.63,121510,122136,123084,8208.16678,22043.09755,19494.62879,1.00E+09,2.73E+09,2.43E+09,1703590,3690670,4206167,3767.80335,11780.6724,9963.008153,4.60E+08,1.46E+09,1.24E+09,3.0402,2.9685,2.9697,3.0522,3.0716,3.0506,2.939,2.9468,2.9551,6.94E+07,1.06E+08,1.17E+08,2.07E+08,3.18E+08,3.52E+08,844016,1212008,1227468,3.28E+07,5.28E+07,6.06E+07,9.78E+07,1.59E+08,1.82E+08,232.84,227.86,228.56,234.05,237.22,237.79,224.07,226.45,227.55,1841410.605,3099633.526,2981928.375,4.20E+08,7.18E+08,6.96E+08,1292594,2035300,2186112,848007.567,1591307.851,1415486.181,1.94E+08,3.69E+08,3.31E+08,120.57,120.5,118.85,121,124.17,121.47,117.42,118.35,118.1,290698.143,507015.733,464570.491,3.46E+07,6.14E+07,5.57E+07,253180,415269,340072,138831.117,243253.38,226887,1.65E+07,2.95E+07,2.72E+07,4512.88,4487.16,4514.32,4517.93,4618.17,4735.93,4440,4467.05,4488.25,199732.7088,506587.9614,456200.6528,8.95E+08,2.31E+09,2.11E+09,2252261,3791095,4677655,90161.8179,265246.9061,235462.9488,4.04E+08,1.21E+09,1.09E+09,4447.7
2025-10-07T22:38:47,122390.99,123482.32,124658.54,125708.42,126199.63,125126,122136,123084,120574.94,22043.09755,19494.62879,21633.99385,2.73E+09,2.43E+09,2.66E+09,3690670,4206167,4390785,11780.6724,9963.008153,9699.35099,1.46E+09,1.24E+09,1.19E+09,2.9685,2.9697,2.9883,3.0716,3.0506,3.0012,2.9468,2.9551,2.8489,1.06E+08,1.17E+08,1.52E+08,3.18E+08,3.52E+08,4.44E+08,1212008,1227468,1413360,5.28E+07,6.06E+07,7.56E+07,1.59E+08,1.82E+08,2.21E+08,227.86,228.56,232.35,237.22,237.79,235.21,226.45,227.55,219.7,3099633.526,2981928.375,4401045.757,7.18E+08,6.96E+08,9.99E+08,2035300,2186112,2553696,1591307.851,1415486.181,1883971.589,3.69E+08,3.31E+08,4.28E+08,120.5,118.85,118.32,124.17,121.47,119.27,118.35,118.1,115.16,507015.733,464570.491,422674.282,6.14E+07,5.57E+07,4.96E+07,415269,340072,376213,243253.38,226887,189433.078,2.95E+07,2.72E+07,2.22E+07,4487.16,4514.32,4684.02,4618.17,4735.93,4755,4467.05,4488.25,4430.43,506587.9614,456200.6528,640685.9319,2.31E+09,2.11E+09,2.95E+09,3791095,4677655,6028668,265246.9061,235462.9488,308407.6086,1.21E+09,1.09E+09,1.42E+09,4525.72
2025-10-08T22:38:47,123482.32,124658.54,121332.96,126199.63,125126,124197.25,123084,120574.94,121066.14,19494.62879,21633.99385,17012.618,2.43E+09,2.66E+09,2.08E+09,4206167,4390785,4184997,9963.008153,9699.35099,9039.06222,1.24E+09,1.19E+09,1.11E+09,2.9697,2.9883,2.8521,3.0506,3.0012,2.9248,2.9551,2.8489,2.8303,1.17E+08,1.52E+08,8.61E+07,3.52E+08,4.44E+08,2.48E+08,1227468,1413360,1139180,6.06E+07,7.56E+07,4.05E+07,1.82E+08,2.21E+08,1.16E+08,228.56,232.35,219.98,237.79,235.21,229.72,227.55,219.7,217.3,2981928.375,4401045.757,3103760.645,6.96E+08,9.99E+08,6.92E+08,2186112,2553696,2154720,1415486.181,1883971.589,1521159.511,3.31E+08,4.28E+08,3.39E+08,118.85,118.32,116.91,121.47,119.27,119.6,118.1,115.16,115.34,464570.491,422674.282,349258.487,5.57E+07,4.96E+07,4.10E+07,340072,376213,303164,226887,189433.078,174835.797,2.72E+07,2.22E+07,2.05E+07,4514.32,4684.02,4447.7,4735.93,4755,4558,4488.25,4430.43,4410.08,456200.6528,640685.9319,399904.3287,2.11E+09,2.95E+09,1.79E+09,4677655,6028668,4771608,235462.9488,308407.6086,205585.7695,1.09E+09,1.42E+09,9.21E+08,4368.09
2025-10-09T22:38:47,124658.54,121332.96,123306.01,125126,124197.25,123762.94,120574.94,121066.14,119651.47,21633.99385,17012.618,21559.36007,2.66E+09,2.08E+09,2.62E+09,4390785,4184997,4231167,9699.35099,9039.06222,10144.15364,1.19E+09,1.11E+09,1.23E+09,2.9883,2.8521,2.8797,3.0012,2.9248,2.8801,2.8489,2.8303,2.7714,1.52E+08,8.61E+07,1.10E+08,4.44E+08,2.48E+08,3.10E+08,1413360,1139180,1340461,7.56E+07,4.05E+07,5.28E+07,2.21E+08,1.16E+08,1.49E+08,232.35,219.98,229.03,235.21,229.72,229.69,219.7,217.3,216.53,4401045.757,3103760.645,3272953.431,9.99E+08,6.92E+08,7.28E+08,2553696,2154720,2359051,1883971.589,1521159.511,1555362.983,4.28E+08,3.39E+08,3.46E+08,118.32,116.91,118.61,119.27,119.6,128.2,115.16,115.34,115.44,422674.282,349258.487,916537.15,4.96E+07,4.10E+07,1.10E+08,376213,303164,640938,189433.078,174835.797,473758.402,2.22E+07,2.05E+07,5.72E+07,4684.02,4447.7,4525.72,4755,4558,4531.52,4430.43,4410.08,4265.06,640685.9319,399904.3287,515978.1829,2.95E+09,1.79E+09,2.26E+09,6028668,4771608,5181361,308407.6086,205585.7695,242773.6384,1.42E+09,9.21E+08,1.06E+09,3829.72
2025-10-10T22:38:47,121332.96,123306.01,121662.41,124197.25,123762.94,122550,121066.14,119651.47,102000,17012.618,21559.36007,64171.93927,2.08E+09,2.62E+09,7.35E+09,4184997,4231167,11404522,9039.06222,10144.15364,30502.14297,1.11E+09,1.23E+09,3.49E+09,2.8521,2.8797,2.8021,2.9248,2.8801,2.8372,2.8303,2.7714,1.2543,8.61E+07,1.10E+08,5.93E+08,2.48E+08,3.10E+08,1.42E+09,1139180,1340461,4493544,4.05E+07,5.28E+07,2.74E+08,1.16E+08,1.49E+08,6.60E+08,219.98,229.03,220.93,229.72,229.69,224.46,217.3,216.53,168.79,3103760.645,3272953.431,9622835.429,6.92E+08,7.28E+08,1.93E+09,2154720,2359051,5852243,1521159.511,1555362.983,4390741.937,3.39E+08,3.46E+08,8.82E+08,116.91,118.61,125.9,119.6,128.2,135.99,115.34,115.44,52.71,349258.487,916537.15,4389823.156,4.10E+07,1.10E+08,4.98E+08,303164,640938,2443470,174835.797,473758.402,2154015.377,2.05E+07,5.72E+07,2.45E+08,4447.7,4525.72,4368.09,4558,4531.52,4393.63,4410.08,4265.06,3435,399904.3287,515978.1829,1493971.024,1.79E+09,2.26E+09,5.95E+09,4771608,5181361,12594514,205585.7695,242773.6384,680600.6897,9.21E+08,1.06E+09,2.72E+09,3746.79
2025-10-11T22:38:47,123306.01,121662.41,112774.49,123762.94,122550,113322.39,119651.47,102000,109561.59,21559.36007,64171.93927,35448.51652,2.62E+09,7.35E+09,3.96E+09,4231167,11404522,6661929,10144.15364,30502.14297,15375.94796,1.23E+09,3.49E+09,1.72E+09,2.8797,2.8021,2.3704,2.8801,2.8372,2.5061,2.7714,1.2543,2.3,1.10E+08,5.93E+08,3.78E+08,3.10E+08,1.42E+09,9.10E+08,1340461,4493544,4338405,5.28E+07,2.74E+08,1.87E+08,1.49E+08,6.60E+08,4.51E+08,229.03,220.93,188.43,229.69,224.46,191.05,216.53,168.79,172.58,3272953.431,9622835.429,7292387.248,7.28E+08,1.93E+09,1.34E+09,2359051,5852243,6001725,1555362.983,4390741.937,3467397.907,3.46E+08,8.82E+08,6.36E+08,118.61,125.9,96.87,128.2,135.99,102.77,115.44,52.71,90.05,916537.15,4389823.156,2392845.063,1.10E+08,4.98E+08,2.33E+08,640938,2443470,1072053,473758.402,2154015.377,1128723.216,5.72E+07,2.45E+08,1.10E+08,4525.72,4368.09,3829.72,4531.52,4393.63,3878.3,4265.06,3435,3643.33,515978.1829,1493971.024,789885.6582,2.26E+09,5.95E+09,2.99E+09,5181361,12594514,8794145,242773.6384,680600.6897,362107.5901,1.06E+09,2.72E+09,1.37E+09,4152.29
2025-10-12T22:38:47,121662.41,112774.49,110644.4,122550,113322.39,115770,102000,109561.59,109565.06,64171.93927,35448.51652,32255.30272,7.35E+09,3.96E+09,3.64E+09,11404522,6661929,6048575,30502.14297,15375.94796,16915.44533,3.49E+09,1.72E+09,1.91E+09,2.8021,2.3704,2.3819,2.8372,2.5061,2.5841,1.2543,2.3,2.3121,5.93E+08,3.78E+08,2.48E+08,1.42E+09,9.10E+08,6.07E+08,4493544,4338405,3072544,2.74E+08,1.87E+08,1.26E+08,6.60E+08,4.51E+08,3.07E+08,220.93,188.43,177.63,224.46,191.05,199,168.79,172.58,173,9622835.429,7292387.248,6486999.721,1.93E+09,1.34E+09,1.21E+09,5852243,6001725,4248027,4390741.937,3467397.907,3425894.129,8.82E+08,6.36E+08,6.40E+08,125.9,96.87,93.35,135.99,102.77,102.16,52.71,90.05,91.61,4389823.156,2392845.063,1264382.696,4.98E+08,2.33E+08,1.23E+08,2443470,1072053,649800,2154015.377,1128723.216,683086.699,2.45E+08,1.10E+08,6.63E+07,4368.09,3829.72,3746.8,4393.63,3878.3,4197.7,3435,3643.33,3694.74,1493971.024,789885.6582,811308.152,5.95E+09,2.99E+09,3.21E+09,12594514,8794145,8286691,680600.6897,362107.5901,406500.5487,2.72E+09,1.37E+09,1.61E+09,4240.85
2025-10-13T22:38:47,112774.49,110644.4,114958.81,113322.39,115770,115963.81,109561.59,109565.06,113616.5,35448.51652,32255.30272,22557.24033,3.96E+09,3.64E+09,2.59E+09,6661929,6048575,5739352,15375.94796,16915.44533,10710.89723,1.72E+09,1.91E+09,1.23E+09,2.3704,2.3819,2.5283,2.5061,2.5841,2.646,2.3,2.3121,2.5125,3.78E+08,2.48E+08,2.16E+08,9.10E+08,6.07E+08,5.58E+08,4338405,3072544,2535110,1.87E+08,1.26E+08,1.05E+08,4.51E+08,3.07E+08,2.72E+08,188.43,177.63,196.99,191.05,199,209.28,172.58,173,190.02,7292387.248,6486999.721,6253161.511,1.34E+09,1.21E+09,1.24E+09,6001725,4248027,3592866,3467397.907,3425894.129,3232556.962,6.36E+08,6.40E+08,6.43E+08,96.87,93.35,98.97,102.77,102.16,101.34,90.05,91.61,94.81,2392845.063,1264382.696,1325856.9,2.33E+08,1.23E+08,1.30E+08,1072053,649800,616173,1128723.216,683086.699,680316.485,1.10E+08,6.63E+07,6.67E+07,3829.72,3746.8,4152.29,3878.3,4197.7,4292,3643.33,3694.74,4042.29,789885.6582,811308.152,622813.9247,2.99E+09,3.21E+09,2.59E+09,8794145,8286691,8321249,362107.5901,406500.5487,302948.0094,1.37E+09,1.61E+09,1.26E+09,4125.02
2025-10-14T22:38:47,110644.4,114958.81,115166,115770,115963.81,115409.96,109565.06,113616.5,109866,32255.30272,22557.24033,31870.32974,3.64E+09,2.59E+09,3.58E+09,6048575,5739352,7425642,16915.44533,10710.89723,14944.19197,1.91E+09,1.23E+09,1.68E+09,2.3819,2.5283,2.6052,2.5841,2.646,2.6208,2.3121,2.5125,2.3888,2.48E+08,2.16E+08,2.36E+08,6.07E+08,5.58E+08,5.88E+08,3072544,2535110,2440380,1.26E+08,1.05E+08,1.19E+08,3.07E+08,2.72E+08,2.95E+08,177.63,196.99,208.69,199,209.28,211.25,173,190.02,191.03,6486999.721,6253161.511,7349167.875,1.21E+09,1.24E+09,1.47E+09,4248027,3592866,4266429,3425894.129,3232556.962,3571738.91,6.40E+08,6.43E+08,7.13E+08,93.35,98.97,99.46,102.16,101.34,100.55,91.61,94.81,91.12,1264382.696,1325856.9,1285594.754,1.23E+08,1.30E+08,1.23E+08,649800,616173,604820,683086.699,680316.485,641219.801,6.63E+07,6.67E+07,6.11E+07,3746.8,4152.29,4240.86,4197.7,4292,4263.38,3694.74,4042.29,3888.74,811308.152,622813.9247,962996.7658,3.21E+09,2.59E+09,3.89E+09,8286691,8321249,10714712,406500.5487,302948.0094,500346.6817,1.61E+09,1.26E+09,2.02E+09,3985.61
2025-10-15T22:38:47,114958.81,115166,113028.13,115963.81,115409.96,113612.35,113616.5,109866,110164,22557.24033,31870.32974,22986.48811,2.59E+09,3.58E+09,2.57E+09,5739352,7425642,5243141,10710.89723,14944.19197,10499.31831,1.23E+09,1.68E+09,1.17E+09,2.5283,2.6052,2.5033,2.646,2.6208,2.5475,2.5125,2.3888,2.3754,2.16E+08,2.36E+08,1.48E+08,5.58E+08,5.88E+08,3.64E+08,2535110,2440380,1641249,1.05E+08,1.19E+08,7.95E+07,2.72E+08,2.95E+08,1.96E+08,196.99,208.69,202.45,209.28,211.25,208.91,190.02,191.03,192.04,6253161.511,7349167.875,5369155.439,1.24E+09,1.47E+09,1.08E+09,3592866,4266429,3462246,3232556.962,3571738.91,2559191.371,6.43E+08,7.13E+08,5.15E+08,98.97,99.46,97.33,101.34,100.55,99.97,94.81,91.12,93.36,1325856.9,1285594.754,674590.453,1.30E+08,1.23E+08,6.51E+07,616173,604820,345566,680316.485,641219.801,312482.885,6.67E+07,6.11E+07,3.02E+07,4152.29,4240.86,4125.01,4292,4263.38,4217.6,4042.29,3888.74,3926.74,622813.9247,962996.7658,626081.6966,2.59E+09,3.89E+09,2.54E+09,8321249,10714712,7421801,302948.0094,500346.6817,313175.5389,1.26E+09,2.02E+09,1.27E+09,3894.51
2025-10-16T22:38:47,115166,113028.13,110763.28,115409.96,113612.35,111982.45,109866,110164,107427,31870.32974,22986.48811,29857.17252,3.58E+09,2.57E+09,3.28E+09,7425642,5243141,6127094,14944.19197,10499.31831,13126.95119,1.68E+09,1.17E+09,1.44E+09,2.6052,2.5033,2.411,2.6208,2.5475,2.4665,2.3888,2.3754,2.2833,2.36E+08,1.48E+08,1.96E+08,5.88E+08,3.64E+08,4.67E+08,2440380,1641249,2350217,1.19E+08,7.95E+07,9.80E+07,2.95E+08,1.96E+08,2.33E+08,208.69,202.45,193.84,211.25,208.91,198.42,191.03,192.04,182.03,7349167.875,5369155.439,5404640.663,1.47E+09,1.08E+09,1.03E+09,4266429,3462246,3984585,3571738.91,2559191.371,2588038.907,7.13E+08,5.15E+08,4.94E+08,99.46,97.33,95.5,100.55,99.97,96.96,91.12,93.36,89.59,1285594.754,674590.453,846143.65,1.23E+08,6.51E+07,7.90E+07,604820,345566,442959,641219.801,312482.885,393582.565,6.11E+07,3.02E+07,3.68E+07,4240.86,4125.01,3985.61,4263.38,4217.6,4086.49,3888.74,3926.74,3826.04,962996.7658,626081.6966,643804.6163,3.89E+09,2.54E+09,2.55E+09,10714712,7421801,8451902,500346.6817,313175.5389,319663.4266,2.02E+09,1.27E+09,1.27E+09,3831.57
2025-10-17T22:38:47,113028.13,110763.28,108194.27,113612.35,111982.45,109240,110164,107427,103528.23,22986.48811,29857.17252,37920.66838,2.57E+09,3.28E+09,4.02E+09,5243141,6127094,7570685,10499.31831,13126.95119,17996.99946,1.17E+09,1.44E+09,1.91E+09,2.5033,2.411,2.328,2.5475,2.4665,2.4,2.3754,2.2833,2.1901,1.48E+08,1.96E+08,2.34E+08,3.64E+08,4.67E+08,5.33E+08,1641249,2350217,2897858,7.95E+07,9.80E+07,1.19E+08,1.96E+08,2.33E+08,2.72E+08,202.45,193.84,184.84,208.91,198.42,187.55,192.04,182.03,174.06,5369155.439,5404640.663,6102908.877,1.08E+09,1.03E+09,1.11E+09,3462246,3984585,4990043,2559191.371,2588038.907,3079631.799,5.15E+08,4.94E+08,5.58E+08,97.33,95.5,91.79,99.97,96.96,93.14,93.36,89.59,83.36,674590.453,846143.65,1099055.861,6.51E+07,7.90E+07,9.68E+07,345566,442959,513459,312482.885,393582.565,577114.247,3.02E+07,3.68E+07,5.09E+07,4125.01,3985.61,3894.5,4217.6,4086.49,3950.45,3926.74,3826.04,3674.5,626081.6966,643804.6163,830127.0885,2.54E+09,2.55E+09,3.15E+09,7421801,8451902,9412569,313175.5389,319663.4266,421727.0445,1.27E+09,1.27E+09,1.60E+09,3889.21
2025-10-18T22:38:47,110763.28,108194.27,106431.68,111982.45,109240,107499,107427,103528.23,106322.2,29857.17252,37920.66838,11123.18766,3.28E+09,4.02E+09,1.19E+09,6127094,7570685,2105450,13126.95119,17996.99946,4845.85641,1.44E+09,1.91E+09,5.18E+08,2.411,2.328,2.2936,2.4665,2.4,2.3915,2.2833,2.1901,2.2894,1.96E+08,2.34E+08,7.00E+07,4.67E+08,5.33E+08,1.65E+08,2350217,2897858,901192,9.80E+07,1.19E+08,3.41E+07,2.33E+08,2.72E+08,8.02E+07,193.84,184.84,181.97,198.42,187.55,188.26,182.03,174.06,181.75,5404640.663,6102908.877,2105841.095,1.03E+09,1.11E+09,3.90E+08,3984585,4990043,1671152,2588038.907,3079631.799,1082763.1,4.94E+08,5.58E+08,2.01E+08,95.5,91.79,90.11,96.96,93.14,92.24,89.59,83.36,89.88,846143.65,1099055.861,322080.334,7.90E+07,9.68E+07,2.93E+07,442959,513459,179372,393582.565,577114.247,163941.31,3.68E+07,5.09E+07,1.49E+07,3985.61,3894.5,3831.58,4086.49,3950.45,3927.73,3826.04,3674.5,3819.07,643804.6163,830127.0885,250710.6121,2.55E+09,3.15E+09,9.72E+08,8451902,9412569,3174247,319663.4266,421727.0445,123527.728,1.27E+09,1.60E+09,4.79E+08,3982.58
2025-10-19T22:38:47,108194.27,106431.68,107185,109240,107499,109450.07,103528.23,106322.2,106103.36,37920.66838,11123.18766,15480.66423,4.02E+09,1.19E+09,1.67E+09,7570685,2105450,3205640,17996.99946,4845.85641,7100.31013,1.91E+09,5.18E+08,7.66E+08,2.328,2.2936,2.3596,2.4,2.3915,2.4195,2.1901,2.2894,2.3177,2.34E+08,7.00E+07,8.61E+07,5.33E+08,1.65E+08,2.05E+08,2897858,901192,1047632,1.19E+08,3.41E+07,4.10E+07,2.72E+08,8.02E+07,9.76E+07,184.84,181.97,187.55,187.55,188.26,192.29,174.06,181.75,183.19,6102908.877,2105841.095,2483964.6,1.11E+09,3.90E+08,4.68E+08,4990043,1671152,1924138,3079631.799,1082763.1,1248476.869,5.58E+08,2.01E+08,2.35E+08,91.79,90.11,91.69,93.14,92.24,94.78,83.36,89.88,90.72,1099055.861,322080.334,356712.683,9.68E+07,2.93E+07,3.32E+07,513459,179372,220232,577114.247,163941.31,181244.573,5.09E+07,1.49E+07,1.69E+07,3894.5,3831.58,3889.2,3950.45,3927.73,4030.94,3674.5,3819.07,3827.04,830127.0885,250710.6121,408538.2545,3.15E+09,9.72E+08,1.61E+09,9412569,3174247,4377250,421727.0445,123527.728,210770.829,1.60E+09,4.79E+08,8.30E+08,3979.22
2025-10-20T22:38:47,106431.68,107185,108642.77,107499,109450.07,111705.56,106322.2,106103.36,107402.52,11123.18766,15480.66423,19193.4416,1.19E+09,1.67E+09,2.12E+09,2105450,3205640,4283542,4845.85641,7100.31013,9280.50075,5.18E+08,7.66E+08,1.02E+09,2.2936,2.3596,2.3907,2.3915,2.4195,2.5529,2.2894,2.3177,2.3547,7.00E+07,8.61E+07,1.32E+08,1.65E+08,2.05E+08,3.25E+08,901192,1047632,1472709,3.41E+07,4.10E+07,6.74E+07,8.02E+07,9.76E+07,1.66E+08,181.97,187.55,187.86,188.26,192.29,194.5,181.75,183.19,183.82,2105841.095,2483964.6,3178001.499,3.90E+08,4.68E+08,6.03E+08,1671152,1924138,2433576,1082763.1,1248476.869,1619222.027,2.01E+08,2.35E+08,3.07E+08,90.11,91.69,93.33,92.24,94.78,95.79,89.88,90.72,92.24,322080.334,356712.683,381476.736,2.93E+07,3.32E+07,3.61E+07,179372,220232,240837,163941.31,181244.573,191719.124,1.49E+07,1.69E+07,1.81E+07,3831.58,3889.2,3982.58,3927.73,4030.94,4085.3,3819.07,3827.04,3908.73,250710.6121,408538.2545,511382.3301,9.72E+08,1.61E+09,2.05E+09,3174247,4377250,5803391,123527.728,210770.829,237126.1851,4.79E+08,8.30E+08,9.51E+08,3873.05
2025-10-21T22:38:47,107185,108642.77,110532.09,109450.07,111705.56,114000,106103.36,107402.52,107473.72,15480.66423,19193.4416,37228.01659,1.67E+09,2.12E+09,4.11E+09,3205640,4283542,6004063,7100.31013,9280.50075,17034.07155,7.66E+08,1.02E+09,1.88E+09,2.3596,2.3907,2.4948,2.4195,2.5529,2.5323,2.3177,2.3547,2.4011,8.61E+07,1.32E+08,1.42E+08,2.05E+08,3.25E+08,3.49E+08,1047632,1472709,1680158,4.10E+07,6.74E+07,7.39E+07,9.76E+07,1.66E+08,1.82E+08,187.55,187.86,189.71,192.29,194.5,197.71,183.19,183.82,182.72,2483964.6,3178001.499,4651082.621,4.68E+08,6.03E+08,8.83E+08,1924138,2433576,2993729,1248476.869,1619222.027,2158522.061,2.35E+08,3.07E+08,4.10E+08,91.69,93.33,94,94.78,95.79,96.94,90.72,92.24,91.62,356712.683,381476.736,597066.665,3.32E+07,3.61E+07,5.64E+07,220232,240837,350263,181244.573,191719.124,281306.224,1.69E+07,1.81E+07,2.66E+07,3889.2,3982.58,3979.22,4030.94,4085.3,4110,3827.04,3908.73,3840.24,408538.2545,511382.3301,590594.1382,1.61E+09,2.05E+09,2.34E+09,4377250,5803391,7015049,210770.829,237126.1851,279785.5053,8.30E+08,9.51E+08,1.11E+09,3805.53
2025-10-22T22:38:47,108642.77,110532.09,108297.66,111705.56,114000,109163.88,107402.52,107473.72,106666.69,19193.4416,37228.01659,28610.78451,2.12E+09,4.11E+09,3.09E+09,4283542,6004063,5547903,9280.50075,17034.07155,13766.58861,1.02E+09,1.88E+09,1.49E+09,2.3907,2.4948,2.4221,2.5529,2.5323,2.4375,2.3547,2.4011,2.3255,1.32E+08,1.42E+08,1.32E+08,3.25E+08,3.49E+08,3.15E+08,1472709,1680158,1616003,6.74E+07,7.39E+07,6.53E+07,1.66E+08,1.82E+08,1.56E+08,187.86,189.71,185.62,194.5,197.71,187.45,183.82,182.72,177.04,3178001.499,4651082.621,3977004.715,6.03E+08,8.83E+08,7.28E+08,2433576,2993729,2949085,1619222.027,2158522.061,1937463.518,3.07E+08,4.10E+08,3.55E+08,93.33,94,92.45,95.79,96.94,94.97,92.24,91.62,89.91,381476.736,597066.665,613128.16,3.61E+07,5.64E+07,5.67E+07,240837,350263,332796,191719.124,281306.224,291775.843,1.81E+07,2.66E+07,2.70E+07,3982.58,3979.22,3873.04,4085.3,4110,3889.27,3908.73,3840.24,3710,511382.3301,590594.1382,593130.0905,2.05E+09,2.34E+09,2.27E+09,5803391,7015049,6834244,237126.1851,279785.5053,263582.8173,9.51E+08,1.11E+09,1.01E+09,3856.8
2025-10-23T22:38:47,110532.09,108297.66,107567.45,114000,109163.88,111293.61,107473.72,106666.69,107500,37228.01659,28610.78451,17573.09294,4.11E+09,3.09E+09,1.92E+09,6004063,5547903,3721614,17034.07155,13766.58861,8575.33716,1.88E+09,1.49E+09,9.39E+08,2.4948,2.4221,2.3647,2.5323,2.4375,2.4259,2.4011,2.3255,2.3617,1.42E+08,1.32E+08,8.43E+07,3.49E+08,3.15E+08,2.02E+08,1680158,1616003,864950,7.39E+07,6.53E+07,3.81E+07,1.82E+08,1.56E+08,9.13E+07,189.71,185.62,180.13,197.71,187.45,193.45,182.72,177.04,179.68,4651082.621,3977004.715,3501959.115,8.83E+08,7.28E+08,6.60E+08,2993729,2949085,2124848,2158522.061,1937463.518,1737067.652,4.10E+08,3.55E+08,3.28E+08,94,92.45,91.88,96.94,94.97,94.79,91.62,89.91,91.79,597066.665,613128.16,338092.586,5.64E+07,5.67E+07,3.16E+07,350263,332796,207701,281306.224,291775.843,169978.883,2.66E+07,2.70E+07,1.59E+07,3979.22,3873.04,3805.53,4110,3889.27,3934.86,3840.24,3710,3796.54,590594.1382,593130.0905,477231.0181,2.34E+09,2.27E+09,1.84E+09,7015049,6834244,4206428,279785.5053,263582.8173,210507.9739,1.11E+09,1.01E+09,8.13E+08,3934.88
2025-10-24T22:38:47,108297.66,107567.45,110078.19,109163.88,111293.61,112104.98,106666.69,107500,109700.01,28610.78451,17573.09294,15005.16913,3.09E+09,1.92E+09,1.66E+09,5547903,3721614,3241022,13766.58861,8575.33716,7511.2434,1.49E+09,9.39E+08,8.32E+08,2.4221,2.3647,2.3948,2.4375,2.4259,2.516,2.3255,2.3617,2.3863,1.32E+08,8.43E+07,1.12E+08,3.15E+08,2.02E+08,2.77E+08,1616003,864950,1167079,6.53E+07,3.81E+07,5.16E+07,1.56E+08,9.13E+07,1.28E+08,185.62,180.13,191.36,187.45,193.45,197,177.04,179.68,188.83,3977004.715,3501959.115,3356762.626,7.28E+08,6.60E+08,6.46E+08,2949085,2124848,1753520,1937463.518,1737067.652,1673206.915,3.55E+08,3.28E+08,3.22E+08,92.45,91.88,94.04,94.97,94.79,97.45,89.91,91.79,93.93,613128.16,338092.586,437003.74,5.67E+07,3.16E+07,4.19E+07,332796,207701,230425,291775.843,169978.883,224381.003,2.70E+07,1.59E+07,2.15E+07,3873.04,3805.53,3856.8,3889.27,3934.86,4026.39,3710,3796.54,3845.86,593130.0905,477231.0181,425926.9383,2.27E+09,1.84E+09,1.68E+09,6834244,4206428,4291705,263582.8173,210507.9739,217754.8375,1.01E+09,8.13E+08,8.57E+08,3953.82
2025-10-25T22:38:47,107567.45,110078.19,111004.9,111293.61,112104.98,111943.19,107500,109700.01,110672.86,17573.09294,15005.16913,6407.96864,1.92E+09,1.66E+09,7.14E+08,3721614,3241022,1238199,8575.33716,7511.2434,3087.0866,9.39E+08,8.32E+08,3.44E+08,2.3647,2.3948,2.5103,2.4259,2.516,2.6542,2.3617,2.3863,2.5021,8.43E+07,1.12E+08,9.58E+07,2.02E+08,2.77E+08,2.47E+08,864950,1167079,1225540,3.81E+07,5.16E+07,4.89E+07,9.13E+07,1.28E+08,1.26E+08,180.13,191.36,193.58,193.45,197,195.25,179.68,188.83,191.19,3501959.115,3356762.626,1626838.938,6.60E+08,6.46E+08,3.15E+08,2124848,1753520,874157,1737067.652,1673206.915,759627.35,3.28E+08,3.22E+08,1.47E+08,91.88,94.04,96.44,94.79,97.45,97.07,91.79,93.93,95.67,338092.586,437003.74,178797.931,3.16E+07,4.19E+07,1.72E+07,207701,230425,123955,169978.883,224381.003,91717.17,1.59E+07,2.15E+07,8846029.836,3805.53,3856.8,3934.88,3934.86,4026.39,3969.22,3796.54,3845.86,3912.4,477231.0181,425926.9383,138526.3338,1.84E+09,1.68E+09,5.46E+08,4206428,4291705,1476147,210507.9739,217754.8375,67667.2793,8.13E+08,8.57E+08,2.67E+08,4158.46
2025-10-26T22:38:47,110078.19,111004.9,111646.27,112104.98,111943.19,115466.8,109700.01,110672.86,111260.45,15005.16913,6407.96864,13454.47737,1.66E+09,7.14E+08,1.53E+09,3241022,1238199,2463951,7511.2434,3087.0866,6982.18154,8.32E+08,3.44E+08,7.91E+08,2.3948,2.5103,2.5958,2.516,2.6542,2.6624,2.3863,2.5021,2.592,1.12E+08,9.58E+07,8.37E+07,2.77E+08,2.47E+08,2.20E+08,1167079,1225540,1130464,5.16E+07,4.89E+07,4.17E+07,1.28E+08,1.26E+08,1.10E+08,191.36,193.58,193.84,197,195.25,202.43,188.83,191.19,191.9,3356762.626,1626838.938,2577750.13,6.46E+08,3.15E+08,5.09E+08,1753520,874157,1351806,1673206.915,759627.35,1288235.909,3.22E+08,1.47E+08,2.55E+08,94.04,96.44,96.96,97.45,97.07,101.02,93.93,95.67,96.34,437003.74,178797.931,337315.117,4.19E+07,1.72E+07,3.33E+07,230425,123955,188853,224381.003,91717.17,175406.166,2.15E+07,8846029.836,1.73E+07,3856.8,3934.88,3953.81,4026.39,3969.22,4178.78,3845.86,3912.4,3919.03,425926.9383,138526.3338,344698.0918,1.68E+09,5.46E+08,1.40E+09,4291705,1476147,3249487,217754.8375,67667.2793,173720.1856,8.57E+08,2.67E+08,7.03E+08,4120.15
2025-10-27T22:38:47,111004.9,111646.27,114559.41,111943.19,115466.8,116400,110672.86,111260.45,113830.01,6407.96864,13454.47737,21450.23241,7.14E+08,1.53E+09,2.47E+09,1238199,2463951,3660488,3087.0866,6982.18154,10969.70182,3.44E+08,7.91E+08,1.26E+09,2.5103,2.5958,2.646,2.6542,2.6624,2.6975,2.5021,2.592,2.6013,9.58E+07,8.37E+07,1.14E+08,2.47E+08,2.20E+08,3.02E+08,1225540,1130464,1569789,4.89E+07,4.17E+07,5.32E+07,1.26E+08,1.10E+08,1.41E+08,193.58,193.84,200.03,195.25,202.43,205.33,191.19,191.9,197.34,1626838.938,2577750.13,3515609.387,3.15E+08,5.09E+08,7.08E+08,874157,1351806,2185287,759627.35,1288235.909,1655177.051,1.47E+08,2.55E+08,3.34E+08,96.44,96.96,100.02,97.07,101.02,103.1,95.67,96.34,98.16,178797.931,337315.117,661778.678,1.72E+07,3.33E+07,6.67E+07,123955,188853,362798,91717.17,175406.166,352063.889,8846029.836,1.73E+07,3.55E+07,3934.88,3953.81,4158.46,3969.22,4178.78,4253.72,3912.4,3919.03,4095,138526.3338,344698.0918,487131.2291,5.46E+08,1.40E+09,2.04E+09,1476147,3249487,5081784,67667.2793,173720.1856,248999.9729,2.67E+08,7.03E+08,1.04E+09,3979.2
2025-10-28T22:38:47,111646.27,114559.41,114107.65,115466.8,116400,116086,111260.45,113830.01,112211,13454.47737,21450.23241,15523.42257,1.53E+09,2.47E+09,1.77E+09,2463951,3660488,3829845,6982.18154,10969.70182,7765.31574,7.91E+08,1.26E+09,8.87E+08,2.5958,2.646,2.634,2.6624,2.6975,2.6887,2.592,2.6013,2.5675,8.37E+07,1.14E+08,1.24E+08,2.20E+08,3.02E+08,3.26E+08,1130464,1569789,1554608,4.17E+07,5.32E+07,5.93E+07,1.10E+08,1.41E+08,1.56E+08,193.84,200.03,198.71,202.43,205.33,203.99,191.9,197.34,190.22,2577750.13,3515609.387,4329169.961,5.09E+08,7.08E+08,8.59E+08,1351806,2185287,2719480,1288235.909,1655177.051,2062269.032,2.55E+08,3.34E+08,4.10E+08,96.96,100.02,99.4,101.02,103.1,106.98,96.34,98.16,95.33,337315.117,661778.678,1136067.546,3.33E+07,6.67E+07,1.15E+08,188853,362798,522047,175406.166,352063.889,545202.873,1.73E+07,3.55E+07,5.51E+07,3953.81,4158.46,4120.16,4178.78,4253.72,4175.55,3919.03,4095,3931.33,344698.0918,487131.2291,472965.8377,1.40E+09,2.04E+09,1.93E+09,3249487,5081784,5061999,173720.1856,248999.9729,222962.1579,7.03E+08,1.04E+09,9.09E+08,3902.99
2025-10-29T22:38:47,114559.41,114107.65,112898.44,116400,116086,113643.73,113830.01,112211,109200,21450.23241,15523.42257,21079.71376,2.47E+09,1.77E+09,2.36E+09,3660488,3829845,4481480,10969.70182,7765.31574,10407.07233,1.26E+09,8.87E+08,1.16E+09,2.646,2.634,2.6034,2.6975,2.6887,2.664,2.6013,2.5675,2.537,1.14E+08,1.24E+08,1.28E+08,3.02E+08,3.26E+08,3.34E+08,1569789,1554608,1601141,5.32E+07,5.93E+07,5.90E+07,1.41E+08,1.56E+08,1.54E+08,200.03,198.71,194.16,205.33,203.99,201.7,197.34,190.22,189.37,3515609.387,4329169.961,4620887.829,7.08E+08,8.59E+08,9.04E+08,2185287,2719480,3083485,1655177.051,2062269.032,2104961.981,3.34E+08,4.10E+08,4.12E+08,100.02,99.4,96.64,103.1,106.98,100.75,98.16,95.33,95.79,661778.678,1136067.546,636748.194,6.67E+07,1.15E+08,6.26E+07,362798,522047,378754,352063.889,545202.873,300289.006,3.55E+07,5.51E+07,2.95E+07,4158.46,4120.16,3979.19,4253.72,4175.55,4036.66,4095,3931.33,3840.37,487131.2291,472965.8377,486452.3127,2.04E+09,1.93E+09,1.93E+09,5081784,5061999,5571627,248999.9729,222962.1579,230694.78,1.04E+09,9.09E+08,9.13E+08,3805.09
2025-10-30T22:38:47,114107.65,112898.44,110021.3,116086,113643.73,111592,112211,109200,106304.34,15523.42257,21079.71376,25988.82838,1.77E+09,2.36E+09,2.83E+09,3829845,4481480,6373451,7765.31574,10407.07233,12551.13144,8.87E+08,1.16E+09,1.37E+09,2.634,2.6034,2.5502,2.6887,2.664,2.5944,2.5675,2.537,2.3769,1.24E+08,1.28E+08,1.52E+08,3.26E+08,3.34E+08,3.77E+08,1554608,1601141,2097584,5.93E+07,5.90E+07,7.20E+07,1.56E+08,1.54E+08,1.79E+08,198.71,194.16,193.89,203.99,201.7,198.19,190.22,189.37,178.65,4329169.961,4620887.829,5054538.263,8.59E+08,9.04E+08,9.52E+08,2719480,3083485,3681828,2062269.032,2104961.981,2375165.65,4.10E+08,4.12E+08,4.47E+08,99.4,96.64,98.53,106.98,100.75,99.76,95.33,95.79,90.37,1136067.546,636748.194,689290.89,1.15E+08,6.26E+07,6.52E+07,522047,378754,441680,545202.873,300289.006,321238.142,5.51E+07,2.95E+07,3.04E+07,4120.16,3979.19,3903,4175.55,4036.66,3948.74,3931.33,3840.37,3680,472965.8377,486452.3127,531455.9923,1.93E+09,1.93E+09,2.03E+09,5061999,5571627,6906431,222962.1579,230694.78,253157.6828,9.09E+08,9.13E+08,9.67E+08,3847.99
2025-10-31T22:38:47,112898.44,110021.3,108322.87,113643.73,111592,111190,109200,106304.34,108275.28,21079.71376,25988.82838,21518.20439,2.36E+09,2.83E+09,2.36E+09,4481480,6373451,5256872,10407.07233,12551.13144,10798.53938,1.16E+09,1.37E+09,1.19E+09,2.6034,2.5502,2.4393,2.664,2.5944,2.5546,2.537,2.3769,2.4311,1.28E+08,1.52E+08,1.16E+08,3.34E+08,3.77E+08,2.89E+08,1601141,2097584,1256244,5.90E+07,7.20E+07,5.41E+07,1.54E+08,1.79E+08,1.35E+08,194.16,193.89,184.69,201.7,198.19,190.26,189.37,178.65,183.7,4620887.829,5054538.263,3193393.84,9.04E+08,9.52E+08,5.96E+08,3083485,3681828,2136994,2104961.981,2375165.65,1676919.623,4.12E+08,4.47E+08,3.13E+08,96.64,98.53,93.38,100.75,99.76,96.3,95.79,90.37,92.98,636748.194,689290.89,367029.123,6.26E+07,6.52E+07,3.48E+07,378754,441680,266643,300289.006,321238.142,193582.271,2.95E+07,3.04E+07,1.83E+07,3979.19,3903,3804.95,4036.66,3948.74,3906.09,3840.37,3680,3796.36,486452.3127,531455.9923,478636.2995,1.93E+09,2.03E+09,1.84E+09,5571627,6906431,5000695,230694.78,253157.6828,263997.8361,9.13E+08,9.67E+08,1.02E+09,3873.77
2025-11-01T22:38:47,110021.3,108322.87,109608.01,111592,111190,110564.49,106304.34,108275.28,109394.81,25988.82838,21518.20439,7378.50431,2.83E+09,2.36E+09,8.12E+08,6373451,5256872,1994214,12551.13144,10798.53938,3406.68401,1.37E+09,1.19E+09,3.75E+08,2.5502,2.4393,2.5096,2.5944,2.5546,2.5233,2.3769,2.4311,2.476,1.52E+08,1.16E+08,4.16E+07,3.77E+08,2.89E+08,1.04E+08,2097584,1256244,521257,7.20E+07,5.41E+07,2.01E+07,1.79E+08,1.35E+08,5.04E+07,193.89,184.69,187.21,198.19,190.26,187.55,178.65,183.7,183.79,5054538.263,3193393.84,1484505.22,9.52E+08,5.96E+08,2.76E+08,3681828,2136994,977810,2375165.65,1676919.623,737045.793,4.47E+08,3.13E+08,1.37E+08,98.53,93.38,95.38,99.76,96.3,104,90.37,92.98,95.03,689290.89,367029.123,586785.41,6.52E+07,3.48E+07,5.80E+07,441680,266643,316531,321238.142,193582.271,320322.875,3.04E+07,1.83E+07,3.17E+07,3903,3804.95,3848,3948.74,3906.09,3909.39,3680,3796.36,3831,531455.9923,478636.2995,152998.1626,2.03E+09,1.84E+09,5.92E+08,6906431,5000695,1840903,253157.6828,263997.8361,75638.8612,9.67E+08,1.02E+09,2.93E+08,3906.58
2025-11-02T22:38:47,108322.87,109608.01,110098.1,111190,110564.49,111250.01,108275.28,109394.81,109471.34,21518.20439,7378.50431,12107.00087,2.36E+09,8.12E+08,1.34E+09,5256872,1994214,2652188,10798.53938,3406.68401,5921.86453,1.19E+09,3.75E+08,6.54E+08,2.4393,2.5096,2.5053,2.5546,2.5233,2.5549,2.4311,2.476,2.478,1.16E+08,4.16E+07,5.16E+07,2.89E+08,1.04E+08,1.30E+08,1256244,521257,680133,5.41E+07,2.01E+07,2.47E+07,1.35E+08,5.04E+07,6.23E+07,184.69,187.21,186.35,190.26,187.55,188.34,183.7,183.79,182,3193393.84,1484505.22,1761297.557,5.96E+08,2.76E+08,3.27E+08,2136994,977810,1245796,1676919.623,737045.793,887277.837,3.13E+08,1.37E+08,1.65E+08,93.38,95.38,101.39,96.3,104,101.54,92.98,95.03,97.5,367029.123,586785.41,466122.873,3.48E+07,5.80E+07,4.65E+07,266643,316531,297940,193582.271,320322.875,225349.191,1.83E+07,3.17E+07,2.25E+07,3804.95,3848,3873.78,3906.09,3909.39,3918.23,3796.36,3831,3839.12,478636.2995,152998.1626,216083.1542,1.84E+09,5.92E+08,8.37E+08,5000695,1840903,2433160,263997.8361,75638.8612,115417.9205,1.02E+09,2.93E+08,4.47E+08,3603.83
2025-11-03T22:38:47,109608.01,110098.1,110540.69,110564.49,111250.01,110750,109394.81,109471.34,105306.56,7378.50431,12107.00087,28681.18779,8.12E+08,1.34E+09,3.08E+09,1994214,2652188,7074546,3406.68401,5921.86453,12847.08574,3.75E+08,6.54E+08,1.38E+09,2.5096,2.5053,2.5267,2.5233,2.5549,2.5322,2.476,2.478,2.2631,4.16E+07,5.16E+07,1.75E+08,1.04E+08,1.30E+08,4.14E+08,521257,680133,2091619,2.01E+07,2.47E+07,8.44E+07,5.04E+07,6.23E+07,2.00E+08,187.21,186.35,187.71,187.55,188.34,189.13,183.79,182,163.15,1484505.22,1761297.557,7327613.063,2.76E+08,3.27E+08,1.26E+09,977810,1245796,3910583,737045.793,887277.837,3337771.152,1.37E+08,1.65E+08,5.76E+08,95.38,101.39,99.42,104,101.54,99.79,95.03,97.5,85.35,586785.41,466122.873,1032684.313,5.80E+07,4.65E+07,9.39E+07,316531,297940,576617,320322.875,225349.191,469276.446,3.17E+07,2.25E+07,4.26E+07,3848,3873.78,3906.58,3909.39,3918.23,3914.29,3831,3839.12,3558.82,152998.1626,216083.1542,877187.3852,5.92E+08,8.37E+08,3.24E+09,1840903,2433160,7464333,75638.8612,115417.9205,396065.9448,2.93E+08,4.47E+08,1.46E+09,3287.05
2025-11-04T22:38:47,110098.1,110540.69,106583.05,111250.01,110750,107299,109471.34,105306.56,98944.36,12107.00087,28681.18779,50534.87376,1.34E+09,3.08E+09,5.20E+09,2652188,7074546,9099609,5921.86453,12847.08574,23388.99033,6.54E+08,1.38E+09,2.41E+09,2.5053,2.5267,2.3095,2.5549,2.5322,2.3655,2.478,2.2631,2.0665,5.16E+07,1.75E+08,3.47E+08,1.30E+08,4.14E+08,7.71E+08,680133,2091619,3960857,2.47E+07,8.44E+07,1.73E+08,6.23E+07,2.00E+08,3.85E+08,186.35,187.71,166.06,188.34,189.13,168.42,182,163.15,145.85,1761297.557,7327613.063,8288577.565,3.27E+08,1.26E+09,1.30E+09,1245796,3910583,5573905,887277.837,3337771.152,4105832.682,1.65E+08,5.76E+08,6.47E+08,101.39,99.42,87.42,101.54,99.79,91.2,97.5,85.35,79.68,466122.873,1032684.313,1131742.898,4.65E+07,9.39E+07,9.70E+07,297940,576617,725609,225349.191,469276.446,550828.185,2.25E+07,4.26E+07,4.72E+07,3873.78,3906.58,3603.84,3918.23,3914.29,3654.54,3839.12,3558.82,3057,216083.1542,877187.3852,1568004.238,8.37E+08,3.24E+09,5.31E+09,2433160,7464333,10283812,115417.9205,396065.9448,730780.3823,4.47E+08,1.46E+09,2.48E+09,3424.29
2025-11-05T22:38:47,110540.69,106583.05,101497.23,110750,107299,104534.74,105306.56,98944.36,98966.8,28681.18779,50534.87376,33778.77571,3.08E+09,5.20E+09,3.45E+09,7074546,9099609,6500368,12847.08574,23388.99033,18126.84828,1.38E+09,2.41E+09,1.85E+09,2.5267,2.3095,2.2053,2.5322,2.3655,2.3766,2.2631,2.0665,2.1015,1.75E+08,3.47E+08,2.08E+08,4.14E+08,7.71E+08,4.68E+08,2091619,3960857,2433793,8.44E+07,1.73E+08,1.01E+08,2.00E+08,3.85E+08,2.29E+08,187.71,166.06,155.04,189.13,168.42,163.97,163.15,145.85,147.29,7327613.063,8288577.565,4650531.688,1.26E+09,1.30E+09,7.32E+08,3910583,5573905,3444083,3337771.152,4105832.682,2395791.521,5.76E+08,6.47E+08,3.77E+08,99.42,87.42,85.2,99.79,91.2,89.97,85.35,79.68,82.01,1032684.313,1131742.898,597946.693,9.39E+07,9.70E+07,5.19E+07,576617,725609,377912,469276.446,550828.185,312334.699,4.26E+07,4.72E+07,2.71E+07,3906.58,3603.84,3287.05,3914.29,3654.54,3480.46,3558.82,3057,3166.66,877187.3852,1568004.238,809591.5132,3.24E+09,5.31E+09,2.70E+09,7464333,10283812,6935719,396065.9448,730780.3823,421218.8965,1.46E+09,2.48E+09,1.40E+09,3315.14
2025-11-06T22:38:47,106583.05,101497.23,103885.16,107299,104534.74,104200,98944.36,98966.8,100300.95,50534.87376,33778.77571,25814.62139,5.20E+09,3.45E+09,2.64E+09,9099609,6500368,5755001,23388.99033,18126.84828,11972.54796,2.41E+09,1.85E+09,1.23E+09,2.3095,2.2053,2.3432,2.3655,2.3766,2.416,2.0665,2.1015,2.1796,3.47E+08,2.08E+08,1.73E+08,7.71E+08,4.68E+08,3.94E+08,3960857,2433793,2061551,1.73E+08,1.01E+08,8.58E+07,3.85E+08,2.29E+08,1.95E+08,166.06,155.04,162.37,168.42,163.97,162.91,145.85,147.29,153.45,8288577.565,4650531.688,3576753.327,1.30E+09,7.32E+08,5.66E+08,5573905,3444083,2732485,4105832.682,2395791.521,1700925.871,6.47E+08,3.77E+08,2.69E+08,87.42,85.2,89.39,91.2,89.97,89.39,79.68,82.01,85.3,1131742.898,597946.693,495999.412,9.70E+07,5.19E+07,4.33E+07,725609,377912,346249,550828.185,312334.699,233514.082,4.72E+07,2.71E+07,2.04E+07,3603.84,3287.05,3424.29,3654.54,3480.46,3456.46,3057,3166.66,3245.45,1568004.238,809591.5132,566363.7003,5.31E+09,2.70E+09,1.90E+09,10283812,6935719,6422367,730780.3823,421218.8965,278569.8569,2.48E+09,1.40E+09,9.32E+08,3436.05
2025-11-07T22:38:47,101497.23,103885.16,101346.04,104534.74,104200,104096.36,98966.8,100300.95,99260.86,33778.77571,25814.62139,32059.50942,3.45E+09,2.64E+09,3.25E+09,6500368,5755001,6335759,18126.84828,11972.54796,16056.80582,1.85E+09,1.23E+09,1.63E+09,2.2053,2.3432,2.213,2.3766,2.416,2.3729,2.1015,2.1796,2.1536,2.08E+08,1.73E+08,1.78E+08,4.68E+08,3.94E+08,4.01E+08,2433793,2061551,2278878,1.01E+08,8.58E+07,9.01E+07,2.29E+08,1.95E+08,2.03E+08,155.04,162.37,155.27,163.97,162.91,164.48,147.29,153.45,149.82,4650531.688,3576753.327,4213077.972,7.32E+08,5.66E+08,6.61E+08,3444083,2732485,3662708,2395791.521,1700925.871,2180968.092,3.77E+08,2.69E+08,3.42E+08,85.2,89.39,87.01,89.97,89.39,104.85,82.01,85.3,85.95,597946.693,495999.412,1639946.774,5.19E+07,4.33E+07,1.59E+08,377912,346249,935703,312334.699,233514.082,852569.839,2.71E+07,2.04E+07,8.29E+07,3287.05,3424.29,3315.14,3480.46,3456.46,3473,3166.66,3245.45,3194.2,809591.5132,566363.7003,683417.3854,2.70E+09,1.90E+09,2.27E+09,6935719,6422367,7139239,421218.8965,278569.8569,352056.0459,1.40E+09,9.32E+08,1.17E+09,3401.51
2025-11-08T22:38:47,103885.16,101346.04,103339.09,104200,104096.36,103406.22,100300.95,99260.86,101454,25814.62139,32059.50942,12390.77985,2.64E+09,3.25E+09,1.27E+09,5755001,6335759,2743819,11972.54796,16056.80582,5862.65977,1.23E+09,1.63E+09,6.00E+08,2.3432,2.213,2.3155,2.416,2.3729,2.3381,2.1796,2.1536,2.2424,1.73E+08,1.78E+08,8.37E+07,3.94E+08,4.01E+08,1.92E+08,2061551,2278878,1208890,8.58E+07,9.01E+07,3.94E+07,1.95E+08,2.03E+08,9.05E+07,162.37,155.27,161.8,162.91,164.48,164.89,153.45,149.82,155.8,3576753.327,4213077.972,2502927.24,5.66E+08,6.61E+08,4.00E+08,2732485,3662708,1841390,1700925.871,2180968.092,1156642.546,2.69E+08,3.42E+08,1.85E+08,89.39,87.01,101.88,89.39,104.85,107.64,85.3,85.95,98.02,495999.412,1639946.774,1089634.77,4.33E+07,1.59E+08,1.10E+08,346249,935703,653951,233514.082,852569.839,567913.699,2.04E+07,8.29E+07,5.74E+07,3424.29,3315.14,3436.04,3456.46,3473,3488,3245.45,3194.2,3355.58,566363.7003,683417.3854,291532.2881,1.90E+09,2.27E+09,9.97E+08,6422367,7139239,3661341,278569.8569,352056.0459,144818.0207,9.32E+08,1.17E+09,4.96E+08,3583.46
2025-11-09T22:38:47,101346.04,103339.09,102312.95,104096.36,103406.22,105495.62,99260.86,101454,101400,32059.50942,12390.77985,16338.97096,3.25E+09,1.27E+09,1.69E+09,6335759,2743819,3404204,16056.80582,5862.65977,8224.94939,1.63E+09,6.00E+08,8.50E+08,2.213,2.3155,2.2864,2.3729,2.3381,2.395,2.1536,2.2424,2.2392,1.78E+08,8.37E+07,8.60E+07,4.01E+08,1.92E+08,1.98E+08,2278878,1208890,1239612,9.01E+07,3.94E+07,4.00E+07,2.03E+08,9.05E+07,9.22E+07,155.27,161.8,158.01,164.48,164.89,166.57,149.82,155.8,155.11,4213077.972,2502927.24,3231789.575,6.61E+08,4.00E+08,5.21E+08,3662708,1841390,1970862,2180968.092,1156642.546,1726815.379,3.42E+08,1.85E+08,2.79E+08,87.01,101.88,106.95,104.85,107.64,113.71,85.95,98.02,98.8,1639946.774,1089634.77,1966394.492,1.59E+08,1.10E+08,2.08E+08,935703,653951,1357935,852569.839,567913.699,978840.263,8.29E+07,5.74E+07,1.04E+08,3315.14,3436.04,3401.51,3473,3488,3623.25,3194.2,3355.58,3358.66,683417.3854,291532.2881,464098.052,2.27E+09,9.97E+08,1.62E+09,7139239,3661341,4471232,352056.0459,144818.0207,255287.6113,1.17E+09,4.96E+08,8.89E+08,3567.85
2025-11-10T22:38:47,103339.09,102312.95,104722.95,103406.22,105495.62,106670.11,101454,101400,104265.02,12390.77985,16338.97096,22682.25673,1.27E+09,1.69E+09,2.40E+09,2743819,3404204,4710957,5862.65977,8224.94939,11595.81944,6.00E+08,8.50E+08,1.23E+09,2.3155,2.2864,2.3662,2.3381,2.395,2.5808,2.2424,2.2392,2.3462,8.37E+07,8.60E+07,1.97E+08,1.92E+08,1.98E+08,4.94E+08,1208890,1239612,2425650,3.94E+07,4.00E+07,9.33E+07,9.05E+07,9.22E+07,2.34E+08,161.8,158.01,164.53,164.89,166.57,170.48,155.8,155.11,163.42,2502927.24,3231789.575,3628961.126,4.00E+08,5.21E+08,6.07E+08,1841390,1970862,2502580,1156642.546,1726815.379,1661117.365,1.85E+08,2.79E+08,2.78E+08,101.88,106.95,110.3,107.64,113.71,112.3,98.02,98.8,103.4,1089634.77,1966394.492,1071811.879,1.10E+08,2.08E+08,1.15E+08,653951,1357935,675150,567913.699,978840.263,527763.301,5.74E+07,1.04E+08,5.69E+07,3436.04,3401.51,3583.46,3488,3623.25,3658.98,3355.58,3358.66,3507.3,291532.2881,464098.052,595273.0298,9.97E+08,1.62E+09,2.13E+09,3661341,4471232,5374965,144818.0207,255287.6113,288985.1178,4.96E+08,8.89E+08,1.04E+09,3417.76
2025-11-11T22:38:47,102312.95,104722.95,106011.13,105495.62,106670.11,107500,101400,104265.02,102476.09,16338.97096,22682.25673,24196.50718,1.69E+09,2.40E+09,2.53E+09,3404204,4710957,5532149,8224.94939,11595.81944,10717.03395,8.50E+08,1.23E+09,1.12E+09,2.2864,2.3662,2.526,2.395,2.5808,2.57,2.2392,2.3462,2.3787,8.60E+07,1.97E+08,1.27E+08,1.98E+08,4.94E+08,3.12E+08,1239612,2425650,1790221,4.00E+07,9.33E+07,6.19E+07,9.22E+07,2.34E+08,1.53E+08,158.01,164.53,167.31,166.57,170.48,171.94,155.11,163.42,153.93,3231789.575,3628961.126,4702104.213,5.21E+08,6.07E+08,7.66E+08,1970862,2502580,2677284,1726815.379,1661117.365,2103700.289,2.79E+08,2.78E+08,3.43E+08,106.95,110.3,104.24,113.71,112.3,106.99,98.8,103.4,99.02,1966394.492,1071811.879,931687.212,2.08E+08,1.15E+08,9.51E+07,1357935,675150,627576,978840.263,527763.301,414497.849,1.04E+08,5.69E+07,4.24E+07,3401.51,3583.46,3567.85,3623.25,3658.98,3648.27,3358.66,3507.3,3405.24,464098.052,595273.0298,660283.2747,1.62E+09,2.13E+09,2.33E+09,4471232,5374965,6239855,255287.6113,288985.1178,279975.2724,8.89E+08,1.04E+09,9.88E+08,3414.92
2025-11-12T22:38:47,104722.95,106011.13,103059,106670.11,107500,105333.33,104265.02,102476.09,100813.59,22682.25673,24196.50718,20457.63906,2.40E+09,2.53E+09,2.11E+09,4710957,5532149,5314132,11595.81944,10717.03395,10155.72095,1.23E+09,1.12E+09,1.05E+09,2.3662,2.526,2.3915,2.5808,2.57,2.4491,2.3462,2.3787,2.3166,1.97E+08,1.27E+08,1.41E+08,4.94E+08,3.12E+08,3.37E+08,2425650,1790221,1599780,9.33E+07,6.19E+07,7.45E+07,2.34E+08,1.53E+08,1.78E+08,164.53,167.31,154.63,170.48,171.94,161.14,163.42,153.93,151.2,3628961.126,4702104.213,4139205.467,6.07E+08,7.66E+08,6.46E+08,2502580,2677284,2512619,1661117.365,2103700.289,1891356.677,2.78E+08,3.43E+08,2.95E+08,110.3,104.24,99.69,112.3,106.99,104.32,103.4,99.02,94.86,1071811.879,931687.212,1173355.162,1.15E+08,9.51E+07,1.16E+08,675150,627576,941763,527763.301,414497.849,575571.573,5.69E+07,4.24E+07,5.70E+07,3583.46,3567.85,3417.76,3658.98,3648.27,3588.19,3507.3,3405.24,3371.65,595273.0298,660283.2747,553101.9368,2.13E+09,2.33E+09,1.91E+09,5374965,6239855,5915987,288985.1178,279975.2724,269502.1432,1.04E+09,9.88E+08,9.32E+08,3231.54
2025-11-13T22:38:47,106011.13,103059,101654.37,107500,105333.33,104085.01,102476.09,100813.59,98000.4,24196.50718,20457.63906,36198.50771,2.53E+09,2.11E+09,3.65E+09,5532149,5314132,8125404,10717.03395,10155.72095,17250.22426,1.12E+09,1.05E+09,1.74E+09,2.526,2.3915,2.3878,2.57,2.4491,2.5264,2.3787,2.3166,2.2757,1.27E+08,1.41E+08,2.68E+08,3.12E+08,3.37E+08,6.48E+08,1790221,1599780,2933097,6.19E+07,7.45E+07,1.31E+08,1.53E+08,1.78E+08,3.17E+08,167.31,154.63,153.43,171.94,161.14,157.2,153.93,151.2,141.04,4702104.213,4139205.467,5418189.697,7.66E+08,6.46E+08,8.13E+08,2677284,2512619,3262498,2103700.289,1891356.677,2669826.268,3.43E+08,2.95E+08,4.00E+08,104.24,99.69,97.6,106.99,104.32,102.75,99.02,94.86,93.58,931687.212,1173355.162,982130.246,9.51E+07,1.16E+08,9.68E+07,627576,941763,768601,414497.849,575571.573,476007.038,4.24E+07,5.70E+07,4.69E+07,3567.85,3417.76,3414.91,3648.27,3588.19,3565.84,3405.24,3371.65,3154.22,660283.2747,553101.9368,951989.1347,2.33E+09,1.91E+09,3.21E+09,6239855,5915987,8109562,279975.2724,269502.1432,479288.7197,9.88E+08,9.32E+08,1.61E+09,3112.4
2025-11-14T22:38:47,103059,101654.37,99692.03,105333.33,104085.01,99866.02,100813.59,98000.4,94012.45,20457.63906,36198.50771,47288.14481,2.11E+09,3.65E+09,4.57E+09,5314132,8125404,9551025,10155.72095,17250.22426,21184.91518,1.05E+09,1.74E+09,2.05E+09,2.3915,2.3878,2.3225,2.4491,2.5264,2.3416,2.3166,2.2757,2.2256,1.41E+08,2.68E+08,2.20E+08,3.37E+08,6.48E+08,5.04E+08,1599780,2933097,2637209,7.45E+07,1.31E+08,1.11E+08,1.78E+08,3.17E+08,2.53E+08,154.63,153.43,144.74,161.14,157.2,145.68,151.2,141.04,135.76,4139205.467,5418189.697,6176425.147,6.46E+08,8.13E+08,8.71E+08,2512619,3262498,4481602,1891356.677,2669826.268,2954405.845,2.95E+08,4.00E+08,4.17E+08,99.69,97.6,96.54,104.32,102.75,100.2,94.86,93.58,93.22,1173355.162,982130.246,1072144.18,1.16E+08,9.68E+07,1.04E+08,941763,768601,871466,575571.573,476007.038,542080.056,5.70E+07,4.69E+07,5.24E+07,3417.76,3414.91,3231.55,3588.19,3565.84,3256.71,3371.65,3154.22,3070,553101.9368,951989.1347,890446.1491,1.91E+09,3.21E+09,2.83E+09,5915987,8109562,9563602,269502.1432,479288.7197,444168.0228,9.32E+08,1.61E+09,1.41E+09,3167.88
2025-11-15T22:38:47,101654.37,99692.03,94594,104085.01,99866.02,96846.68,98000.4,94012.45,94558.49,36198.50771,47288.14481,15110.89391,3.65E+09,4.57E+09,1.45E+09,8125404,9551025,4263558,17250.22426,21184.91518,7115.78198,1.74E+09,2.05E+09,6.82E+08,2.3878,2.3225,2.2443,2.5264,2.3416,2.3034,2.2757,2.2256,2.2111,2.68E+08,2.20E+08,8.45E+07,6.48E+08,5.04E+08,1.91E+08,2933097,2637209,1187884,1.31E+08,1.11E+08,4.33E+07,3.17E+08,2.53E+08,9.79E+07,153.43,144.74,138.93,157.2,145.68,144.69,141.04,135.76,138.61,5418189.697,6176425.147,2351478.022,8.13E+08,8.71E+08,3.33E+08,3262498,4481602,1548121,2669826.268,2954405.845,1215575.886,4.00E+08,4.17E+08,1.72E+08,97.6,96.54,97.69,102.75,100.2,109.59,93.58,93.22,97.57,982130.246,1072144.18,1089472.087,9.68E+07,1.04E+08,1.14E+08,768601,871466,871178,476007.038,542080.056,577154.361,4.69E+07,5.24E+07,6.01E+07,3414.91,3231.55,3112.4,3565.84,3256.71,3230,3154.22,3070,3110.68,951989.1347,890446.1491,338463.4782,3.21E+09,2.83E+09,1.08E+09,8109562,9563602,3329279,479288.7197,444168.0228,178961.8223,1.61E+09,1.41E+09,5.70E+08,3095.29
2025-11-16T22:38:47,99692.03,94594,95596.23,99866.02,96846.68,96635.11,94012.45,94558.49,93005.55,47288.14481,15110.89391,23889.4051,4.57E+09,1.45E+09,2.26E+09,9551025,4263558,5141394,21184.91518,7115.78198,10828.62752,2.05E+09,6.82E+08,1.03E+09,2.3225,2.2443,2.2372,2.3416,2.3034,2.28,2.2256,2.2111,2.1558,2.20E+08,8.45E+07,1.26E+08,5.04E+08,1.91E+08,2.80E+08,2637209,1187884,1659217,1.11E+08,4.33E+07,6.15E+07,2.53E+08,9.79E+07,1.36E+08,144.74,138.93,139.6,145.68,144.69,143.38,135.76,138.61,134.42,6176425.147,2351478.022,3385434.284,8.71E+08,3.33E+08,4.68E+08,4481602,1548121,2470289,2954405.845,1215575.886,1619328.951,4.17E+08,1.72E+08,2.24E+08,96.54,97.69,101.72,100.2,109.59,103.38,93.22,97.57,94.15,1072144.18,1089472.087,723048.093,1.04E+08,1.14E+08,7.14E+07,871466,871178,689646,542080.056,577154.361,330393.119,5.24E+07,6.01E+07,3.27E+07,3231.55,3112.4,3167.87,3256.71,3230,3249,3070,3110.68,3004,890446.1491,338463.4782,570633.5809,2.83E+09,1.08E+09,1.78E+09,9563602,3329279,5709385,444168.0228,178961.8223,287844.8346,1.41E+09,5.70E+08,8.99E+08,3031.44
2025-11-17T22:38:47,94594,95596.23,94261.45,96846.68,96635.11,96043,94558.49,93005.55,91220,15110.89391,23889.4051,39218.59806,1.45E+09,2.26E+09,3.67E+09,4263558,5141394,8134322,7115.78198,10828.62752,18690.19245,6.82E+08,1.03E+09,1.75E+09,2.2443,2.2372,2.2148,2.3034,2.28,2.3077,2.2111,2.1558,2.1146,8.45E+07,1.26E+08,2.14E+08,1.91E+08,2.80E+08,4.72E+08,1187884,1659217,2229241,4.33E+07,6.15E+07,1.03E+08,9.79E+07,1.36E+08,2.27E+08,138.93,139.6,137.17,144.69,143.38,143.28,138.61,134.42,128.82,2351478.022,3385434.284,5624720.775,3.33E+08,4.68E+08,7.67E+08,1548121,2470289,3486901,1215575.886,1619328.951,2856236.362,1.72E+08,2.24E+08,3.89E+08,97.69,101.72,95.79,109.59,103.38,97.94,97.57,94.15,90.57,1089472.087,723048.093,729231.572,1.14E+08,7.14E+07,6.91E+07,871178,689646,625148,577154.361,330393.119,351815,6.01E+07,3.27E+07,3.34E+07,3112.4,3167.87,3095.29,3230,3249,3223.38,3110.68,3004,2959.46,338463.4782,570633.5809,762500.4289,1.08E+09,1.78E+09,2.36E+09,3329279,5709385,7450569,178961.8223,287844.8346,387414.7425,5.70E+08,8.99E+08,1.20E+09,3123.66
2025-11-18T22:38:47,95596.23,94261.45,92215.14,96635.11,96043,93836.01,93005.55,91220,89253.78,23889.4051,39218.59806,39835.14769,2.26E+09,3.67E+09,3.64E+09,5141394,8134322,8786593,10828.62752,18690.19245,20130.95957,1.03E+09,1.75E+09,1.84E+09,2.2372,2.2148,2.1637,2.28,2.3077,2.2413,2.1558,2.1146,2.1064,1.26E+08,2.14E+08,1.88E+08,2.80E+08,4.72E+08,4.10E+08,1659217,2229241,1978808,6.15E+07,1.03E+08,8.54E+07,1.36E+08,2.27E+08,1.86E+08,139.6,137.17,131,143.38,143.28,142.17,134.42,128.82,129,3385434.284,5624720.775,5528848.81,4.68E+08,7.67E+08,7.57E+08,2470289,3486901,3294195,1619328.951,2856236.362,2878693.819,2.24E+08,3.89E+08,3.94E+08,101.72,95.79,91.25,103.38,97.94,97.55,94.15,90.57,90.43,723048.093,729231.572,727888.918,7.14E+07,6.91E+07,6.89E+07,689646,625148,554388,330393.119,351815,370858.115,3.27E+07,3.34E+07,3.51E+07,3167.87,3095.29,3031.44,3249,3223.38,3169.95,3004,2959.46,2946.56,570633.5809,762500.4289,766640.1058,1.78E+09,2.36E+09,2.34E+09,5709385,7450569,7615241,287844.8346,387414.7425,403280.7886,8.99E+08,1.20E+09,1.23E+09,3025.48
2025-11-19T22:38:47,94261.45,92215.14,92960.83,96043,93836.01,92980.22,91220,89253.78,88608,39218.59806,39835.14769,32286.6376,3.67E+09,3.64E+09,2.93E+09,8134322,8786593,6822174,18690.19245,20130.95957,15060.08451,1.75E+09,1.84E+09,1.37E+09,2.2148,2.1637,2.2171,2.3077,2.2413,2.2196,2.1146,2.1064,2.0244,2.14E+08,1.88E+08,2.38E+08,4.72E+08,4.10E+08,4.99E+08,2229241,1978808,1950500,1.03E+08,8.54E+07,1.01E+08,2.27E+08,1.86E+08,2.14E+08,137.17,131,140.68,143.28,142.17,142.84,128.82,129,130.53,5624720.775,5528848.81,4268467.044,7.67E+08,7.57E+08,5.84E+08,3486901,3294195,2768770,2856236.362,2878693.819,2025649.553,3.89E+08,3.94E+08,2.77E+08,95.79,91.25,95.66,97.94,97.55,95.99,90.57,90.43,88.86,729231.572,727888.918,603273.923,6.91E+07,6.89E+07,5.58E+07,625148,554388,489245,351815,370858.115,281075.161,3.34E+07,3.51E+07,2.60E+07,3095.29,3031.44,3123.65,3223.38,3169.95,3125.54,2959.46,2946.56,2873.64,762500.4289,766640.1058,737926.7146,2.36E+09,2.34E+09,2.22E+09,7450569,7615241,7164222,387414.7425,403280.7886,360036.5459,1.20E+09,1.23E+09,1.08E+09,2834.22
2025-11-20T22:38:47,92215.14,92960.83,91554.96,93836.01,92980.22,93160,89253.78,88608,86100,39835.14769,32286.6376,39733.19073,3.64E+09,2.93E+09,3.55E+09,8786593,6822174,7841395,20130.95957,15060.08451,18283.84047,1.84E+09,1.37E+09,1.63E+09,2.1637,2.2171,2.1097,2.2413,2.2196,2.1498,2.1064,2.0244,1.9743,1.88E+08,2.38E+08,2.95E+08,4.10E+08,4.99E+08,6.07E+08,1978808,1950500,2105827,8.54E+07,1.01E+08,1.16E+08,1.86E+08,2.14E+08,2.40E+08,131,140.68,137.06,142.17,142.84,144.8,129,130.53,131.11,5528848.81,4268467.044,7048254.224,7.57E+08,5.84E+08,9.73E+08,3294195,2768770,3544605,2878693.819,2025649.553,3512012.724,3.94E+08,2.77E+08,4.84E+08,91.25,95.66,92.9,97.55,95.99,93.82,90.43,88.86,86.01,727888.918,603273.923,616052.902,6.89E+07,5.58E+07,5.53E+07,554388,489245,553975,370858.115,281075.161,298359.643,3.51E+07,2.60E+07,2.68E+07,3031.44,3123.65,3025.48,3169.95,3125.54,3063.61,2946.56,2873.64,2790.01,766640.1058,737926.7146,912524.3718,2.34E+09,2.22E+09,2.66E+09,7615241,7164222,7127439,403280.7886,360036.5459,428888.8725,1.23E+09,1.08E+09,1.25E+09,2765.85
2025-11-21T22:38:47,92960.83,91554.96,86637.22,92980.22,93160,87498.94,88608,86100,80600,32286.6376,39733.19073,72256.12679,2.93E+09,3.55E+09,6.06E+09,6822174,7841395,11826480,15060.08451,18283.84047,34071.85828,1.37E+09,1.63E+09,2.86E+09,2.2171,2.1097,1.9998,2.2196,2.1498,2.0308,2.0244,1.9743,1.8209,2.38E+08,2.95E+08,3.49E+08,4.99E+08,6.07E+08,6.74E+08,1950500,2105827,3374370,1.01E+08,1.16E+08,1.66E+08,2.14E+08,2.40E+08,3.21E+08,140.68,137.06,133.67,142.84,144.8,135.06,130.53,131.11,121.66,4268467.044,7048254.224,8285885.693,5.84E+08,9.73E+08,1.06E+09,2768770,3544605,5098676,2025649.553,3512012.724,3956809.2,2.77E+08,4.84E+08,5.06E+08,95.66,92.9,87.23,95.99,93.82,88.67,88.86,86.01,80.01,603273.923,616052.902,1109079.314,5.58E+07,5.53E+07,9.27E+07,489245,553975,746727,281075.161,298359.643,538111.188,2.60E+07,2.68E+07,4.50E+07,3123.65,3025.48,2834.21,3125.54,3063.61,2886.73,2873.64,2790.01,2623.57,737926.7146,912524.3718,1180475.409,2.22E+09,2.66E+09,3.24E+09,7164222,7127439,10064748,360036.5459,428888.8725,547922.1099,1.08E+09,1.25E+09,1.50E+09,2770.12
2025-11-22T22:38:47,91554.96,86637.22,85129.42,93160,87498.94,85620,86100,80600,83500,39733.19073,72256.12679,14193.93263,3.55E+09,6.06E+09,1.20E+09,7841395,11826480,4697593,18283.84047,34071.85828,6688.79428,1.63E+09,2.86E+09,5.65E+08,2.1097,1.9998,1.9509,2.1498,2.0308,1.9671,1.9743,1.8209,1.889,2.95E+08,3.49E+08,9.25E+07,6.07E+08,6.74E+08,1.79E+08,2105827,3374370,1094434,1.16E+08,1.66E+08,4.45E+07,2.40E+08,3.21E+08,8.58E+07,137.06,133.67,128.69,144.8,135.06,129.94,131.11,121.66,125.08,7048254.224,8285885.693,2612487.859,9.73E+08,1.06E+09,3.32E+08,3544605,5098676,1893811,3512012.724,3956809.2,1347120.481,4.84E+08,5.06E+08,1.71E+08,92.9,87.23,82.64,93.82,88.67,83.9,86.01,80.01,80.82,616052.902,1109079.314,390908.66,5.53E+07,9.27E+07,3.22E+07,553975,746727,303007,298359.643,538111.188,203591.611,2.68E+07,4.50E+07,1.68E+07,3025.48,2834.21,2765.86,3063.61,2886.73,2799.01,2790.01,2623.57,2704.33,912524.3718,1180475.409,264691.3089,2.66E+09,3.24E+09,7.27E+08,7127439,10064748,3610746,428888.8725,547922.1099,130783.3858,1.25E+09,1.50E+09,3.59E+08,2802.16
2025-11-23T22:38:47,86637.22,85129.42,84739.75,87498.94,85620,88127.64,80600,83500,84667.57,72256.12679,14193.93263,19734.46418,6.06E+09,1.20E+09,1.71E+09,11826480,4697593,5063493,34071.85828,6688.79428,10406.51703,2.86E+09,5.65E+08,9.01E+08,1.9998,1.9509,1.9508,2.0308,1.9671,2.0846,1.8209,1.889,1.9497,3.49E+08,9.25E+07,1.36E+08,6.74E+08,1.79E+08,2.78E+08,3374370,1094434,1343209,1.66E+08,4.45E+07,6.79E+07,3.21E+08,8.58E+07,1.39E+08,133.67,128.69,127.6,135.06,129.94,133.54,121.66,125.08,127.56,8285885.693,2612487.859,2818715.19,1.06E+09,3.32E+08,3.69E+08,5098676,1893811,1686146,3956809.2,1347120.481,1506627.689,5.06E+08,1.71E+08,1.97E+08,87.23,82.64,82.11,88.67,83.9,84.45,80.01,80.82,81.85,1109079.314,390908.66,403125.549,9.27E+07,3.22E+07,3.36E+07,746727,303007,278282,538111.188,203591.611,211264.66,4.50E+07,1.68E+07,1.76E+07,2834.21,2765.86,2770.12,2886.73,2799.01,2858.16,2623.57,2704.33,2768.29,1180475.409,264691.3089,409808.5734,3.24E+09,7.27E+08,1.15E+09,10064748,3610746,3902263,547922.1099,130783.3858,206241.2795,1.50E+09,3.59E+08,5.81E+08,2953.38
2025-11-24T22:38:47,85129.42,84739.75,86830,85620,88127.64,89228,83500,84667.57,85272,14193.93263,19734.46418,24663.12795,1.20E+09,1.71E+09,2.15E+09,4697593,5063493,6189156,6688.79428,10406.51703,12438.87518,5.65E+08,9.01E+08,1.09E+09,1.9509,1.9508,2.0491,1.9671,2.0846,2.2868,1.889,1.9497,2.0238,9.25E+07,1.36E+08,2.10E+08,1.79E+08,2.78E+08,4.49E+08,1094434,1343209,2049558,4.45E+07,6.79E+07,9.88E+07,8.58E+07,1.39E+08,2.12E+08,128.69,127.6,130.58,129.94,133.54,139.87,125.08,127.56,128.44,2612487.859,2818715.19,4744857.046,3.32E+08,3.69E+08,6.33E+08,1893811,1686146,2659938,1347120.481,1506627.689,2276135.295,1.71E+08,1.97E+08,3.03E+08,82.64,82.11,83.09,83.9,84.45,87.25,80.82,81.85,82.19,390908.66,403125.549,507041.997,3.22E+07,3.36E+07,4.29E+07,303007,278282,320972,203591.611,211264.66,249439.605,1.68E+07,1.76E+07,2.11E+07,2765.86,2770.12,2802.16,2799.01,2858.16,2987,2704.33,2768.29,2763,264691.3089,409808.5734,715279.7551,7.27E+08,1.15E+09,2.05E+09,3610746,3902263,5727108,130783.3858,206241.2795,341887.1162,3.59E+08,5.81E+08,9.80E+08,2959.36
2025-11-25T22:38:47,84739.75,86830,88300.01,88127.64,89228,88519.99,84667.57,85272,86116,19734.46418,24663.12795,19567.0411,1.71E+09,2.15E+09,1.71E+09,5063493,6189156,4838747,10406.51703,12438.87518,9423.17985,9.01E+08,1.09E+09,8.23E+08,1.9508,2.0491,2.2276,2.0846,2.2868,2.2652,1.9497,2.0238,2.1482,1.36E+08,2.10E+08,1.55E+08,2.78E+08,4.49E+08,3.42E+08,1343209,2049558,1457035,6.79E+07,9.88E+07,7.17E+07,1.39E+08,2.12E+08,1.58E+08,127.6,130.58,138.43,133.54,139.87,140.5,127.56,128.44,133.13,2818715.19,4744857.046,2994819.853,3.69E+08,6.33E+08,4.09E+08,1686146,2659938,2110444,1506627.689,2276135.295,1420037.017,1.97E+08,3.03E+08,1.94E+08,82.11,83.09,85.46,84.45,87.25,86.76,81.85,82.19,83.08,403125.549,507041.997,501467.245,3.36E+07,4.29E+07,4.26E+07,278282,320972,302088,211264.66,249439.605,255552.115,1.76E+07,2.11E+07,2.17E+07,2770.12,2802.16,2953.38,2858.16,2987,2980.82,2768.29,2763,2857.32,409808.5734,715279.7551,427686.4528,1.15E+09,2.05E+09,1.25E+09,3902263,5727108,4418266,206241.2795,341887.1162,202476.6298,5.81E+08,9.80E+08,5.90E+08,3026.56
2025-11-26T22:38:47,86830,88300.01,87369.97,89228,88519.99,90656.08,85272,86116,86306.77,24663.12795,19567.0411,21675.82239,2.15E+09,1.71E+09,1.92E+09,6189156,4838747,4668280,12438.87518,9423.17985,10883.61063,1.09E+09,8.23E+08,9.63E+08,2.0491,2.2276,2.2023,2.2868,2.2652,2.2547,2.0238,2.1482,2.1447,2.10E+08,1.55E+08,1.10E+08,4.49E+08,3.42E+08,2.42E+08,2049558,1457035,1060172,9.88E+07,7.17E+07,5.26E+07,2.12E+08,1.58E+08,1.15E+08,130.58,138.43,138.96,139.87,140.5,144.75,128.44,133.13,135.5,4744857.046,2994819.853,4021862.67,6.33E+08,4.09E+08,5.62E+08,2659938,2110444,2100192,2276135.295,1420037.017,1886595.624,3.03E+08,1.94E+08,2.63E+08,83.09,85.46,85.29,87.25,86.76,87.72,82.19,83.08,83.28,507041.997,501467.245,397790.638,4.29E+07,4.26E+07,3.40E+07,320972,302088,242527,249439.605,255552.115,208306.772,2.11E+07,2.17E+07,1.78E+07,2802.16,2953.38,2959.36,2987,2980.82,3045,2763,2857.32,2888.69,715279.7551,427686.4528,364535.326,2.05E+09,1.25E+09,1.08E+09,5727108,4418266,3911013,341887.1162,202476.6298,171996.0241,9.80E+08,5.90E+08,5.10E+08,3015.23
2025-11-27T22:38:47,88300.01,87369.97,90484.01,88519.99,90656.08,91950,86116,86306.77,90089.91,19567.0411,21675.82239,16833.50932,1.71E+09,1.92E+09,1.54E+09,4838747,4668280,3920172,9423.17985,10883.61063,8898.35835,8.23E+08,9.63E+08,8.12E+08,2.2276,2.2023,2.2232,2.2652,2.2547,2.2347,2.1482,2.1447,2.1727,1.55E+08,1.10E+08,8.27E+07,3.42E+08,2.42E+08,1.82E+08,1457035,1060172,697665,7.17E+07,5.26E+07,4.25E+07,1.58E+08,1.15E+08,9.38E+07,138.43,138.96,143.01,140.5,144.75,144.29,133.13,135.5,140.47,2994819.853,4021862.67,2331673.189,4.09E+08,5.62E+08,3.32E+08,2110444,2100192,1218711,1420037.017,1886595.624,1158259.662,1.94E+08,2.63E+08,1.65E+08,85.46,85.29,86.85,86.76,87.72,87.8,83.08,83.28,85.97,501467.245,397790.638,271246.188,4.26E+07,3.40E+07,2.35E+07,302088,242527,200246,255552.115,208306.772,133192.964,2.17E+07,1.78E+07,1.16E+07,2953.38,2959.36,3026.56,2980.82,3045,3071.37,2857.32,2888.69,2985.78,427686.4528,364535.326,274980.3955,1.25E+09,1.08E+09,8.32E+08,4418266,3911013,2917476,202476.6298,171996.0241,127744.67,5.90E+08,5.10E+08,3.87E+08,3031.15
2025-11-28T22:38:47,87369.97,90484.01,91333.94,90656.08,91950,93092,86306.77,90089.91,90180.63,21675.82239,16833.50932,18830.86012,1.92E+09,1.54E+09,1.72E+09,4668280,3920172,4229754,10883.61063,8898.35835,8961.64712,9.63E+08,8.12E+08,8.20E+08,2.2023,2.2232,2.2,2.2547,2.2347,2.2752,2.1447,2.1727,2.1565,1.10E+08,8.27E+07,1.41E+08,2.42E+08,1.82E+08,3.11E+08,1060172,697665,1180500,5.26E+07,4.25E+07,6.84E+07,1.15E+08,9.38E+07,1.51E+08,138.96,143.01,140.85,144.75,144.29,143.6,135.5,140.47,136.01,4021862.67,2331673.189,3502510.031,5.62E+08,3.32E+08,4.91E+08,2100192,1218711,1614078,1886595.624,1158259.662,1714576.896,2.63E+08,1.65E+08,2.40E+08,85.29,86.85,86.59,87.72,87.8,86.77,83.28,85.97,83.13,397790.638,271246.188,366205.629,3.40E+07,2.35E+07,3.12E+07,242527,200246,260732,208306.772,133192.964,158101.726,1.78E+07,1.16E+07,1.35E+07,2959.36,3026.56,3015.23,3045,3071.37,3099,2888.69,2985.78,2994.36,364535.326,274980.3955,346616.0275,1.08E+09,8.32E+08,1.05E+09,3911013,2917476,3662478,171996.0241,127744.67,172614.6176,5.10E+08,3.87E+08,5.25E+08,2989.16
2025-11-29T22:38:47,90484.01,91333.94,90890.71,91950,93092,91165.65,90089.91,90180.63,90155.47,16833.50932,18830.86012,7429.88291,1.54E+09,1.72E+09,6.74E+08,3920172,4229754,1677860,8898.35835,8961.64712,3359.04932,8.12E+08,8.20E+08,3.05E+08,2.2232,2.2,2.1795,2.2347,2.2752,2.2231,2.1727,2.1565,2.1666,8.27E+07,1.41E+08,5.70E+07,1.82E+08,3.11E+08,1.25E+08,697665,1180500,596346,4.25E+07,6.84E+07,2.35E+07,9.38E+07,1.51E+08,5.16E+07,143.01,140.85,137.33,144.29,143.6,138.1,140.47,136.01,134.76,2331673.189,3502510.031,1859321.171,3.32E+08,4.91E+08,2.54E+08,1218711,1614078,749092,1158259.662,1714576.896,815022.408,1.65E+08,2.40E+08,1.11E+08,86.85,86.59,84.22,87.8,86.77,85.73,85.97,83.13,83.14,271246.188,366205.629,188495.208,2.35E+07,3.12E+07,1.59E+07,200246,260732,166444,133192.964,158101.726,91637.744,1.16E+07,1.35E+07,7723320.04,3026.56,3015.23,3031.14,3071.37,3099,3052.64,2985.78,2994.36,2961.91,274980.3955,346616.0275,217904.1303,8.32E+08,1.05E+09,6.54E+08,2917476,3662478,1930588,127744.67,172614.6176,93034.0164,3.87E+08,5.25E+08,2.79E+08,2991.26
2025-11-30T22:38:47,91333.94,90890.71,90802.44,93092,91165.65,92000.01,90180.63,90155.47,90336.9,18830.86012,7429.88291,9687.74175,1.72E+09,6.74E+08,8.84E+08,4229754,1677860,2154030,8961.64712,3359.04932,5002.96698,8.20E+08,3.05E+08,4.57E+08,2.2,2.1795,2.201,2.2752,2.2231,2.215,2.1565,2.1666,2.1524,1.41E+08,5.70E+07,5.25E+07,3.11E+08,1.25E+08,1.15E+08,1180500,596346,484242,6.84E+07,2.35E+07,2.41E+07,1.51E+08,5.16E+07,5.28E+07,140.85,137.33,135.92,143.6,138.1,140.19,136.01,134.76,133.26,3502510.031,1859321.171,2608165.329,4.91E+08,2.54E+08,3.58E+08,1614078,749092,991552,1714576.896,815022.408,1170667.571,2.40E+08,1.11E+08,1.61E+08,86.59,84.22,83.95,86.77,85.73,84.83,83.13,83.14,82.27,366205.629,188495.208,173562.982,3.12E+07,1.59E+07,1.46E+07,260732,166444,161944,158101.726,91637.744,85983.363,1.35E+07,7723320.04,7223205.724,3015.23,3031.14,2989.17,3099,3052.64,3053.02,2994.36,2961.91,2975.3,346616.0275,217904.1303,182722.4253,1.05E+09,6.54E+08,5.52E+08,3662478,1930588,1896781,172614.6176,93034.0164,87143.6579,5.25E+08,2.79E+08,2.63E+08,2799.07
2025-12-01T22:38:47,90890.71,90802.44,90360.01,91165.65,92000.01,90417,90155.47,90336.9,83822.76,7429.88291,9687.74175,34509.01227,6.74E+08,8.84E+08,2.98E+09,1677860,2154030,7709685,3359.04932,5002.96698,15524.33346,3.05E+08,4.57E+08,1.34E+09,2.1795,2.201,2.1549,2.2231,2.215,2.1609,2.1666,2.1524,1.9835,5.70E+07,5.25E+07,1.74E+08,1.25E+08,1.15E+08,3.55E+08,596346,484242,1739470,2.35E+07,2.41E+07,8.24E+07,5.16E+07,5.28E+07,1.68E+08,137.33,135.92,133.48,138.1,140.19,133.74,134.76,133.26,123.11,1859321.171,2608165.329,5007504.057,2.54E+08,3.58E+08,6.35E+08,749092,991552,2539012,815022.408,1170667.571,2414287.708,1.11E+08,1.61E+08,3.06E+08,84.22,83.95,82.37,85.73,84.83,82.5,83.14,82.27,74.66,188495.208,173562.982,768955.214,1.59E+07,1.46E+07,5.98E+07,166444,161944,474914,91637.744,85983.363,380085.222,7723320.04,7223205.724,2.95E+07,3031.14,2989.17,2991.25,3052.64,3053.02,2999.47,2961.91,2975.3,2716.04,217904.1303,182722.4253,849002.9909,6.54E+08,5.52E+08,2.39E+09,1930588,1896781,7108249,93034.0164,87143.6579,383330.5081,2.79E+08,2.63E+08,1.08E+09,2996.07
2025-12-02T22:38:47,90802.44,90360.01,86286.01,92000.01,90417,92307.65,90336.9,83822.76,86184.39,9687.74175,34509.01227,28210.22732,8.84E+08,2.98E+09,2.52E+09,2154030,7709685,6397299,5002.96698,15524.33346,13512.33949,4.57E+08,1.34E+09,1.21E+09,2.201,2.1549,2.0297,2.215,2.1609,2.1831,2.1524,1.9835,1.995,5.25E+07,1.74E+08,1.32E+08,1.15E+08,3.55E+08,2.78E+08,484242,1739470,1361804,2.41E+07,8.24E+07,6.11E+07,5.28E+07,1.68E+08,1.28E+08,135.92,133.48,126.66,140.19,133.74,140.88,133.26,123.11,126.01,2608165.329,5007504.057,5022856.747,3.58E+08,6.35E+08,6.75E+08,991552,2539012,2502692,1170667.571,2414287.708,2542106.459,1.61E+08,3.06E+08,3.41E+08,83.95,82.37,77.56,84.83,82.5,83.31,82.27,74.66,77.31,173562.982,768955.214,416570.506,1.46E+07,5.98E+07,3.36E+07,161944,474914,293903,85983.363,380085.222,207641.661,7223205.724,2.95E+07,1.68E+07,2989.17,2991.25,2799.07,3053.02,2999.47,3033.76,2975.3,2716.04,2782.19,182722.4253,849002.9909,523707.3586,5.52E+08,2.39E+09,1.53E+09,1896781,7108249,5821936,87143.6579,383330.5081,263958.3576,2.63E+08,1.08E+09,7.70E+08,3188.36
2025-12-03T22:38:47,90360.01,86286.01,91277.88,90417,92307.65,94150,83822.76,86184.39,90990.23,34509.01227,28210.22732,25712.52585,2.98E+09,2.52E+09,2.39E+09,7709685,6397299,6733182,15524.33346,13512.33949,12993.19312,1.34E+09,1.21E+09,1.21E+09,2.1549,2.0297,2.1531,2.1609,2.1831,2.219,1.9835,1.995,2.1414,1.74E+08,1.32E+08,1.12E+08,3.55E+08,2.78E+08,2.43E+08,1739470,1361804,1174499,8.24E+07,6.11E+07,5.26E+07,1.68E+08,1.28E+08,1.15E+08,133.48,126.66,138.67,133.74,140.88,146.08,123.11,126.01,137.76,5007504.057,5022856.747,3954144.805,6.35E+08,6.75E+08,5.61E+08,2539012,2502692,2140894,2414287.708,2542106.459,2059434.533,3.06E+08,3.41E+08,2.92E+08,82.37,77.56,82.8,82.5,83.31,86.73,74.66,77.31,82.5,768955.214,416570.506,501837.773,5.98E+07,3.36E+07,4.27E+07,474914,293903,331783,380085.222,207641.661,251966.965,2.95E+07,1.68E+07,2.15E+07,2991.25,2799.07,2996.07,2999.47,3033.76,3214.99,2716.04,2782.19,2985.58,849002.9909,523707.3586,553669.8146,2.39E+09,1.53E+09,1.71E+09,7108249,5821936,6210489,383330.5081,263958.3576,280795.7429,1.08E+09,7.70E+08,8.69E+08,3133.26
2025-12-04T22:38:47,86286.01,91277.88,93429.95,92307.65,94150,94080,86184.39,90990.23,90889,28210.22732,25712.52585,19803.94059,2.52E+09,2.39E+09,1.84E+09,6397299,6733182,5856049,13512.33949,12993.19312,8312.69539,1.21E+09,1.21E+09,7.71E+08,2.0297,2.1531,2.1976,2.1831,2.219,2.2146,1.995,2.1414,2.0691,1.32E+08,1.12E+08,1.01E+08,2.78E+08,2.43E+08,2.17E+08,1361804,1174499,1060667,6.11E+07,5.26E+07,4.90E+07,1.28E+08,1.15E+08,1.05E+08,126.66,138.67,144.67,140.88,146.08,146.91,126.01,137.76,137.8,5022856.747,3954144.805,2694242.241,6.75E+08,5.61E+08,3.84E+08,2502692,2140894,1819447,2542106.459,2059434.533,1288391.317,3.41E+08,2.92E+08,1.83E+08,77.56,82.8,85.83,83.31,86.73,86.77,77.31,82.5,82.16,416570.506,501837.773,457518.638,3.36E+07,4.27E+07,3.86E+07,293903,331783,328783,207641.661,251966.965,209693.316,1.68E+07,2.15E+07,1.77E+07,2799.07,2996.07,3188.39,3033.76,3214.99,3240.35,2782.19,2985.58,3066.37,523707.3586,553669.8146,486698.3987,1.53E+09,1.71E+09,1.54E+09,5821936,6210489,6357509,263958.3576,280795.7429,238177.9812,7.70E+08,8.69E+08,7.56E+08,3021.78
2025-12-05T22:38:47,91277.88,93429.95,92078.06,94150,94080,92692.36,90990.23,90889,88056,25712.52585,19803.94059,19792.97218,2.39E+09,1.84E+09,1.79E+09,6733182,5856049,5520352,12993.19312,8312.69539,8722.13995,1.21E+09,7.71E+08,7.88E+08,2.1531,2.1976,2.096,2.219,2.2146,2.113,2.1414,2.0691,2.0125,1.12E+08,1.01E+08,9.53E+07,2.43E+08,2.17E+08,1.96E+08,1174499,1060667,1051956,5.26E+07,4.90E+07,4.71E+07,1.15E+08,1.05E+08,9.69E+07,138.67,144.67,139.01,146.08,146.91,140.75,137.76,137.8,130.73,3954144.805,2694242.241,3367359.143,5.61E+08,3.84E+08,4.57E+08,2140894,1819447,1904907,2059434.533,1288391.317,1710078.635,2.92E+08,1.83E+08,2.32E+08,82.8,85.83,83.54,86.73,86.77,84.13,82.5,82.16,79.59,501837.773,457518.638,404693.922,4.27E+07,3.86E+07,3.31E+07,331783,328783,325385,251966.965,209693.316,188065.32,2.15E+07,1.77E+07,1.54E+07,2996.07,3188.39,3133.26,3214.99,3240.35,3193.33,2985.58,3066.37,2983.08,553669.8146,486698.3987,530382.8986,1.71E+09,1.54E+09,1.64E+09,6210489,6357509,6012408,280795.7429,238177.9812,259028.7578,8.69E+08,7.56E+08,8.00E+08,3038.06
2025-12-06T22:38:47,93429.95,92078.06,89330.04,94080,92692.36,90289.97,90889,88056,88908.01,19803.94059,19792.97218,8409.50016,1.84E+09,1.79E+09,7.53E+08,5856049,5520352,2482221,8312.69539,8722.13995,4041.72834,7.71E+08,7.88E+08,3.62E+08,2.1976,2.096,2.0344,2.2146,2.113,2.0504,2.0691,2.0125,2.0154,1.01E+08,9.53E+07,4.36E+07,2.17E+08,1.96E+08,8.85E+07,1060667,1051956,452030,4.90E+07,4.71E+07,2.18E+07,1.05E+08,9.69E+07,4.42E+07,144.67,139.01,133.29,146.91,140.75,134.13,137.8,130.73,131.28,2694242.241,3367359.143,1341595.431,3.84E+08,4.57E+08,1.78E+08,1819447,1904907,893052,1288391.317,1710078.635,668326.895,1.83E+08,2.32E+08,8.88E+07,85.83,83.54,80.39,86.77,84.13,82.52,82.16,79.59,79.9,457518.638,404693.922,271214.908,3.86E+07,3.31E+07,2.21E+07,328783,325385,203621,209693.316,188065.32,144921.419,1.77E+07,1.54E+07,1.18E+07,3188.39,3133.26,3021.77,3240.35,3193.33,3069,3066.37,2983.08,3012.58,486698.3987,530382.8986,159721.2488,1.54E+09,1.64E+09,4.85E+08,6357509,6012408,2244070,238177.9812,259028.7578,75279.0803,7.56E+08,8.00E+08,2.29E+08,3059.85
2025-12-07T22:38:47,92078.06,89330.04,89236.8,92692.36,90289.97,91760,88056,88908.01,87719.28,19792.97218,8409.50016,13021.11185,1.79E+09,7.53E+08,1.17E+09,5520352,2482221,3953071,8722.13995,4041.72834,6370.56683,7.88E+08,3.62E+08,5.72E+08,2.096,2.0344,2.031,2.113,2.0504,2.1109,2.0125,2.0154,1.9894,9.53E+07,4.36E+07,8.38E+07,1.96E+08,8.85E+07,1.71E+08,1051956,452030,999527,4.71E+07,2.18E+07,3.93E+07,9.69E+07,4.42E+07,8.04E+07,139.01,133.29,132.2,140.75,134.13,136.35,130.73,131.28,127.7,3367359.143,1341595.431,3131804.491,4.57E+08,1.78E+08,4.14E+08,1904907,893052,1814091,1710078.635,668326.895,1510555.517,2.32E+08,8.88E+07,2.00E+08,83.54,80.39,81.67,84.13,82.52,83.76,79.59,79.9,79.88,404693.922,271214.908,278926.302,3.31E+07,2.21E+07,2.28E+07,325385,203621,271559,188065.32,144921.419,136099.55,1.54E+07,1.18E+07,1.11E+07,3133.26,3021.77,3038.06,3193.33,3069,3150,2983.08,3012.58,2907.52,530382.8986,159721.2488,391129.675,1.64E+09,4.85E+08,1.19E+09,6012408,2244070,4277667,259028.7578,75279.0803,186555.6398,8.00E+08,2.29E+08,5.66E+08,3124.16
2025-12-08T22:38:47,89330.04,89236.8,90395.32,90289.97,91760,92287.15,88908.01,87719.28,89612,8409.50016,13021.11185,15793.63887,7.53E+08,1.17E+09,1.44E+09,2482221,3953071,5458731,4041.72834,6370.56683,7296.74328,3.62E+08,5.72E+08,6.64E+08,2.0344,2.031,2.0442,2.0504,2.1109,2.1239,2.0154,1.9894,2.0319,4.36E+07,8.38E+07,8.80E+07,8.85E+07,1.71E+08,1.84E+08,452030,999527,951747,2.18E+07,3.93E+07,4.00E+07,4.42E+07,8.04E+07,8.34E+07,133.29,132.2,132.25,134.13,136.35,139.36,131.28,127.7,131.52,1341595.431,3131804.491,3245115.426,1.78E+08,4.14E+08,4.40E+08,893052,1814091,2042892,668326.895,1510555.517,1666582.477,8.88E+07,2.00E+08,2.26E+08,80.39,81.67,81.43,82.52,83.76,84.49,79.9,79.88,81.01,271214.908,278926.302,356631.49,2.21E+07,2.28E+07,2.97E+07,203621,271559,272197,144921.419,136099.55,188680.937,1.18E+07,1.11E+07,1.57E+07,3021.77,3038.06,3059.86,3069,3150,3180.51,3012.58,2907.52,3040.87,159721.2488,391129.675,452820.2207,4.85E+08,1.19E+09,1.42E+09,2244070,4277667,6327207,75279.0803,186555.6398,224225.6496,2.29E+08,5.66E+08,7.01E+08,3318.04
2025-12-09T22:38:47,89236.8,90395.32,90634.35,91760,92287.15,94588.99,87719.28,89612,89500,13021.11185,15793.63887,21240.43014,1.17E+09,1.44E+09,1.96E+09,3953071,5458731,5940223,6370.56683,7296.74328,10517.75959,5.72E+08,6.64E+08,9.69E+08,2.031,2.0442,2.0723,2.1109,2.1239,2.178,1.9894,2.0319,2.0419,8.38E+07,8.80E+07,1.14E+08,1.71E+08,1.84E+08,2.40E+08,999527,951747,1228042,3.93E+07,4.00E+07,5.38E+07,8.04E+07,8.34E+07,1.13E+08,132.2,132.25,133.24,136.35,139.36,144.93,127.7,131.52,131.62,3131804.491,3245115.426,4508522.034,4.14E+08,4.40E+08,6.24E+08,1814091,2042892,2422599,1510555.517,1666582.477,2211760.743,2.00E+08,2.26E+08,3.06E+08,81.67,81.43,83.87,83.76,84.49,87.54,79.88,81.01,82.47,278926.302,356631.49,438493.075,2.28E+07,2.97E+07,3.74E+07,271559,272197,332657,136099.55,188680.937,224722.202,1.11E+07,1.57E+07,1.92E+07,3038.06,3059.86,3124.16,3150,3180.51,3397.85,2907.52,3040.87,3090.8,391129.675,452820.2207,603859.9458,1.19E+09,1.42E+09,1.96E+09,4277667,6327207,6993282,186555.6398,224225.6496,280409.759,5.66E+08,7.01E+08,9.12E+08,3324.14
2025-12-10T22:38:47,90395.32,90634.35,92678.81,92287.15,94588.99,94476,89612,89500,91563.15,15793.63887,21240.43014,18998.68083,1.44E+09,1.96E+09,1.76E+09,5458731,5940223,6025707,7296.74328,10517.75959,9197.33116,6.64E+08,9.69E+08,8.52E+08,2.0442,2.0723,2.1061,2.1239,2.178,2.1108,2.0319,2.0419,2.0346,8.80E+07,1.14E+08,1.25E+08,1.84E+08,2.40E+08,2.59E+08,951747,1228042,1233167,4.00E+07,5.38E+07,5.46E+07,8.34E+07,1.13E+08,1.13E+08,132.25,133.24,137.87,139.36,144.93,142.57,131.52,131.62,135.39,3245115.426,4508522.034,4520230.276,4.40E+08,6.24E+08,6.25E+08,2042892,2422599,2617344,1666582.477,2211760.743,2287647.226,2.26E+08,3.06E+08,3.16E+08,81.43,83.87,85.82,84.49,87.54,87.09,81.01,82.47,83.74,356631.49,438493.075,343758.859,2.97E+07,3.74E+07,2.92E+07,272197,332657,287868,188680.937,224722.202,155499.901,1.57E+07,1.92E+07,1.32E+07,3059.86,3124.16,3318.04,3180.51,3397.85,3447.44,3040.87,3090.8,3288.1,452820.2207,603859.9458,539585.4535,1.42E+09,1.96E+09,1.81E+09,6327207,6993282,7155428,224225.6496,280409.759,265501.8458,7.01E+08,9.12E+08,8.91E+08,3237.39
2025-12-11T22:38:47,90634.35,92678.81,92015.38,94588.99,94476,93555,89500,91563.15,89260.63,21240.43014,18998.68083,19972.58758,1.96E+09,1.76E+09,1.81E+09,5940223,6025707,6250438,10517.75959,9197.33116,9150.89797,9.69E+08,8.52E+08,8.32E+08,2.0723,2.1061,2.0418,2.178,2.1108,2.057,2.0419,2.0346,1.9767,1.14E+08,1.25E+08,1.25E+08,2.40E+08,2.59E+08,2.52E+08,1228042,1233167,1105100,5.38E+07,5.46E+07,6.07E+07,1.13E+08,1.13E+08,1.22E+08,133.24,137.87,136.26,144.93,142.57,137.79,131.62,135.39,129,4508522.034,4520230.276,4377697.036,6.24E+08,6.25E+08,5.81E+08,2422599,2617344,2353342,2211760.743,2287647.226,2061905.446,3.06E+08,3.16E+08,2.74E+08,83.87,85.82,84.3,87.54,87.09,84.59,82.47,83.74,80.31,438493.075,343758.859,447190.593,3.74E+07,2.92E+07,3.66E+07,332657,287868,347974,224722.202,155499.901,226409.307,1.92E+07,1.32E+07,1.85E+07,3124.16,3318.04,3324.14,3397.85,3447.44,3327.37,3090.8,3288.1,3145.28,603859.9458,539585.4535,504114.2391,1.96E+09,1.81E+09,1.62E+09,6993282,7155428,7267153,280409.759,265501.8458,239375.5443,9.12E+08,8.91E+08,7.69E+08,3084.86
2025-12-12T22:38:47,92678.81,92015.38,92513.38,94476,93555,92754,91563.15,89260.63,89480,18998.68083,19972.58758,16679.19169,1.76E+09,1.81E+09,1.52E+09,6025707,6250438,4956719,9197.33116,9150.89797,7986.68273,8.52E+08,8.32E+08,7.29E+08,2.1061,2.0418,2.034,2.1108,2.057,2.0478,2.0346,1.9767,1.9692,1.25E+08,1.25E+08,7.80E+07,2.59E+08,2.52E+08,1.57E+08,1233167,1105100,836283,5.46E+07,6.07E+07,3.64E+07,1.13E+08,1.22E+08,7.31E+07,137.87,136.26,136.41,142.57,137.79,140.12,135.39,129,130.35,4520230.276,4377697.036,4005608.262,6.25E+08,5.81E+08,5.43E+08,2617344,2353342,2200099,2287647.226,2061905.446,2010331.565,3.16E+08,2.74E+08,2.73E+08,85.82,84.3,82.93,87.09,84.59,84.49,83.74,80.31,80.5,343758.859,447190.593,300466.28,2.92E+07,3.66E+07,2.49E+07,287868,347974,264158,155499.901,226409.307,156832.839,1.32E+07,1.85E+07,1.30E+07,3318.04,3324.14,3237.38,3447.44,3327.37,3265.5,3288.1,3145.28,3045.31,539585.4535,504114.2391,435686.4435,1.81E+09,1.62E+09,1.37E+09,7155428,7267153,5948483,265501.8458,239375.5443,204665.1471,8.91E+08,7.69E+08,6.44E+08,3114.64
2025-12-13T22:38:47,92015.38,92513.38,90268.43,93555,92754,90634.55,89260.63,89480,89766.39,19972.58758,16679.19169,5895.70788,1.81E+09,1.52E+09,5.32E+08,6250438,4956719,1363754,9150.89797,7986.68273,2237.9847,8.32E+08,7.29E+08,2.02E+08,2.0418,2.034,2.0075,2.057,2.0478,2.0482,1.9767,1.9692,2.0068,1.25E+08,7.80E+07,4.42E+07,2.52E+08,1.57E+08,8.97E+07,1105100,836283,394991,6.07E+07,3.64E+07,2.09E+07,1.22E+08,7.31E+07,4.25E+07,136.26,136.41,132.28,137.79,140.12,134.28,129,130.35,131.6,4377697.036,4005608.262,1472483.735,5.81E+08,5.43E+08,1.96E+08,2353342,2200099,667045,2061905.446,2010331.565,694047.118,2.74E+08,2.73E+08,9.22E+07,84.3,82.93,81.95,84.59,84.49,82.45,80.31,80.5,80.77,447190.593,300466.28,150564.427,3.66E+07,2.49E+07,1.23E+07,347974,264158,125041,226409.307,156832.839,73740.971,1.85E+07,1.30E+07,6026669.368,3324.14,3237.38,3084.86,3327.37,3265.5,3135.68,3145.28,3045.31,3078.6,504114.2391,435686.4435,136465.7567,1.62E+09,1.37E+09,4.24E+08,7267153,5948483,1855254,239375.5443,204665.1471,66698.6327,7.69E+08,6.44E+08,2.07E+08,3063.5
2025-12-14T22:38:47,92513.38,90268.43,90240,92754,90634.55,90472.4,89480,89766.39,87577.36,16679.19169,5895.70788,9416.94004,1.52E+09,5.32E+08,8.39E+08,4956719,1363754,3115749,7986.68273,2237.9847,4005.70835,7.29E+08,2.02E+08,3.57E+08,2.034,2.0075,2.0226,2.0478,2.0482,2.0306,1.9692,2.0068,1.9527,7.80E+07,4.42E+07,4.51E+07,1.57E+08,8.97E+07,9.01E+07,836283,394991,490084,3.64E+07,2.09E+07,2.30E+07,7.31E+07,4.25E+07,4.58E+07,136.41,132.28,133.13,140.12,134.28,133.66,130.35,131.6,127.98,4005608.262,1472483.735,1731614.637,5.43E+08,1.96E+08,2.27E+08,2200099,667045,961625,2010331.565,694047.118,796819.698,2.73E+08,9.22E+07,1.05E+08,82.93,81.95,81.47,84.49,82.45,81.99,80.5,80.77,77.96,300466.28,150564.427,246089.417,2.49E+07,1.23E+07,1.96E+07,264158,125041,196692,156832.839,73740.971,130327.032,1.30E+07,6026669.368,1.04E+07,3237.38,3084.86,3114.64,3265.5,3135.68,3129.54,3045.31,3078.6,3024.44,435686.4435,136465.7567,279058.3545,1.37E+09,4.24E+08,8.62E+08,5948483,1855254,3511048,204665.1471,66698.6327,122884.5661,6.44E+08,2.07E+08,3.80E+08,2964.85
2025-12-15T22:38:47,90268.43,90240,88172.16,90634.55,90472.4,90052.64,89766.39,87577.36,85146.64,5895.70788,9416.94004,19778.6919,5.32E+08,8.39E+08,1.73E+09,1363754,3115749,6747167,2237.9847,4005.70835,9592.41076,2.02E+08,3.57E+08,8.40E+08,2.0075,2.0226,1.9784,2.0482,2.0306,2.0143,2.0068,1.9527,1.8695,4.42E+07,4.51E+07,1.16E+08,8.97E+07,9.01E+07,2.24E+08,394991,490084,1181500,2.09E+07,2.30E+07,5.62E+07,4.25E+07,4.58E+07,1.09E+08,132.28,133.13,129.39,134.28,133.66,135.43,131.6,127.98,123.63,1472483.735,1731614.637,3922431,1.96E+08,2.27E+08,5.06E+08,667045,961625,2137229,694047.118,796819.698,1985013.141,9.22E+07,1.05E+08,2.56E+08,81.95,81.47,78.96,82.45,81.99,81.42,80.77,77.96,75.74,150564.427,246089.417,377024.701,1.23E+07,1.96E+07,2.96E+07,125041,196692,312246,73740.971,130327.032,199697.297,6026669.368,1.04E+07,1.57E+07,3084.86,3114.64,3063.49,3135.68,3129.54,3177.5,3078.6,3024.44,2894.57,136465.7567,279058.3545,520509.9555,4.24E+08,8.62E+08,1.58E+09,1855254,3511048,7417115,66698.6327,122884.5661,260217.0331,2.07E+08,3.80E+08,7.90E+08,2962.3
2025-12-16T22:38:47,90240,88172.16,86432.08,90472.4,90052.64,88175.98,87577.36,85146.64,85266,9416.94004,19778.6919,18456.05017,8.39E+08,1.73E+09,1.60E+09,3115749,6747167,6099692,4005.70835,9592.41076,9065.97746,3.57E+08,8.40E+08,7.89E+08,2.0226,1.9784,1.8981,2.0306,2.0143,1.9491,1.9527,1.8695,1.852,4.51E+07,1.16E+08,1.01E+08,9.01E+07,2.24E+08,1.93E+08,490084,1181500,1113011,2.30E+07,5.62E+07,4.84E+07,4.58E+07,1.09E+08,9.22E+07,133.13,129.39,127.81,133.66,135.43,130.14,127.98,123.63,124.87,1731614.637,3922431,2884783.998,2.27E+08,5.06E+08,3.68E+08,961625,2137229,1843584,796819.698,1985013.141,1399666.014,1.05E+08,2.56E+08,1.79E+08,81.47,78.96,77.52,81.99,81.42,79.89,77.96,75.74,76.44,246089.417,377024.701,398870.126,1.96E+07,2.96E+07,3.13E+07,196692,312246,273597,130327.032,199697.297,208077.608,1.04E+07,1.57E+07,1.63E+07,3114.64,3063.49,2964.85,3129.54,3177.5,2981.87,3024.44,2894.57,2876,279058.3545,520509.9555,378293.1159,8.62E+08,1.58E+09,1.11E+09,3511048,7417115,6669623,122884.5661,260217.0331,177353.9948,3.80E+08,7.90E+08,5.21E+08,2833.49
2025-12-17T22:38:47,88172.16,86432.08,87863.43,90052.64,88175.98,90365.85,85146.64,85266,85314,19778.6919,18456.05017,19834.11729,1.73E+09,1.60E+09,1.73E+09,6747167,6099692,6058638,9592.41076,9065.97746,9277.27838,8.40E+08,7.89E+08,8.11E+08,1.9784,1.8981,1.9297,2.0143,1.9491,1.9874,1.8695,1.852,1.8474,1.16E+08,1.01E+08,1.12E+08,2.24E+08,1.93E+08,2.13E+08,1181500,1113011,1273357,5.62E+07,4.84E+07,5.63E+07,1.09E+08,9.22E+07,1.07E+08,129.39,127.81,129.15,135.43,130.14,133.99,123.63,124.87,121.36,3922431,2884783.998,4525580.216,5.06E+08,3.68E+08,5.74E+08,2137229,1843584,2357854,1985013.141,1399666.014,2252925.062,2.56E+08,1.79E+08,2.86E+08,78.96,77.52,79.07,81.42,79.89,81.04,75.74,76.44,75.16,377024.701,398870.126,376262.289,2.96E+07,3.13E+07,2.93E+07,312246,273597,311547,199697.297,208077.608,181253.966,1.57E+07,1.63E+07,1.41E+07,3063.49,2964.85,2962.3,3177.5,2981.87,3030.92,2894.57,2876,2791.02,520509.9555,378293.1159,497630.4162,1.58E+09,1.11E+09,1.45E+09,7417115,6669623,6532843,260217.0331,177353.9948,241806.4338,7.90E+08,5.21E+08,7.03E+08,2828.57
2025-12-18T22:38:47,86432.08,87863.43,86243.23,88175.98,90365.85,89477.61,85266,85314,84450.01,18456.05017,19834.11729,25405.41763,1.60E+09,1.73E+09,2.20E+09,6099692,6058638,6946947,9065.97746,9277.27838,12668.53838,7.89E+08,8.11E+08,1.10E+09,1.8981,1.9297,1.8627,1.9491,1.9874,1.9341,1.852,1.8474,1.8,1.01E+08,1.12E+08,1.27E+08,1.93E+08,2.13E+08,2.36E+08,1113011,1273357,1359171,4.84E+07,5.63E+07,6.00E+07,9.22E+07,1.07E+08,1.12E+08,127.81,129.15,123.28,130.14,133.99,129.05,124.87,121.36,116.88,2884783.998,4525580.216,4790795.008,3.68E+08,5.74E+08,5.89E+08,1843584,2357854,2419617,1399666.014,2252925.062,2455733.514,1.79E+08,2.86E+08,3.02E+08,77.52,79.07,76.01,79.89,81.04,78.56,76.44,75.16,72.64,398870.126,376262.289,475331.443,3.13E+07,2.93E+07,3.58E+07,273597,311547,382878,208077.608,181253.966,245476.846,1.63E+07,1.41E+07,1.85E+07,2964.85,2962.3,2833.5,2981.87,3030.92,2997.4,2876,2791.02,2775.19,378293.1159,497630.4162,595253.7997,1.11E+09,1.45E+09,1.71E+09,6669623,6532843,7801439,177353.9948,241806.4338,297647.5456,5.21E+08,7.03E+08,8.56E+08,2979.5
2025-12-19T22:38:47,87863.43,86243.23,85516.41,90365.85,89477.61,89399.97,85314,84450.01,85110.24,19834.11729,25405.41763,21256.65004,1.73E+09,2.20E+09,1.86E+09,6058638,6946947,6482253,9277.27838,12668.53838,10880.14451,8.11E+08,1.10E+09,9.54E+08,1.9297,1.8627,1.8076,1.9874,1.9341,1.9213,1.8474,1.8,1.7711,1.12E+08,1.27E+08,1.45E+08,2.13E+08,2.36E+08,2.69E+08,1273357,1359171,1295277,5.63E+07,6.00E+07,7.29E+07,1.07E+08,1.12E+08,1.35E+08,129.15,123.28,119.6,133.99,129.05,127.87,121.36,116.88,117.61,4525580.216,4790795.008,4090548.592,5.74E+08,5.89E+08,5.09E+08,2357854,2419617,2082071,2252925.062,2455733.514,2067556.9,2.86E+08,3.02E+08,2.57E+08,79.07,76.01,74.28,81.04,78.56,78.02,75.16,72.64,73.56,376262.289,475331.443,362068.467,2.93E+07,3.58E+07,2.76E+07,311547,382878,287432,181253.966,245476.846,198506.456,1.41E+07,1.85E+07,1.51E+07,2962.3,2833.5,2828.56,3030.92,2997.4,3020,2791.02,2775.19,2808.63,497630.4162,595253.7997,531702.5439,1.45E+09,1.71E+09,1.57E+09,6532843,7801439,6948512,241806.4338,297647.5456,265654.992,7.03E+08,8.56E+08,7.83E+08,2977.93
2025-12-20T22:38:47,86243.23,85516.41,88136.95,89477.61,89399.97,88573.07,84450.01,85110.24,87795.76,25405.41763,21256.65004,5123.13194,2.20E+09,1.86E+09,4.52E+08,6946947,6482253,1174426,12668.53838,10880.14451,2456.37063,1.10E+09,9.54E+08,2.17E+08,1.8627,1.8076,1.9092,1.9341,1.9213,1.9588,1.8,1.7711,1.8936,1.27E+08,1.45E+08,5.32E+07,2.36E+08,2.69E+08,1.03E+08,1359171,1295277,462154,6.00E+07,7.29E+07,2.56E+07,1.12E+08,1.35E+08,4.93E+07,123.28,119.6,126.27,129.05,127.87,126.89,116.88,117.61,125.3,4790795.008,4090548.592,1229353.586,5.89E+08,5.09E+08,1.55E+08,2419617,2082071,488206,2455733.514,2067556.9,570925.594,3.02E+08,2.57E+08,7.20E+07,76.01,74.28,77.49,78.56,78.02,79.41,72.64,73.56,76.43,475331.443,362068.467,157890.421,3.58E+07,2.76E+07,1.22E+07,382878,287432,127416,245476.846,198506.456,76982.731,1.85E+07,1.51E+07,5954343.79,2833.5,2828.56,2979.49,2997.4,3020,2994.41,2775.19,2808.63,2964.17,595253.7997,531702.5439,91783.7734,1.71E+09,1.57E+09,2.74E+08,7801439,6948512,1350111,297647.5456,265654.992,40641.5192,8.56E+08,7.83E+08,1.21E+08,3002.02
2025-12-21T22:38:47,85516.41,88136.95,88360.91,89399.97,88573.07,89081.77,85110.24,87795.76,87600.04,21256.65004,5123.13194,7132.87258,1.86E+09,4.52E+08,6.30E+08,6482253,1174426,2030666,10880.14451,2456.37063,3450.39397,9.54E+08,2.17E+08,3.05E+08,1.8076,1.9092,1.9335,1.9213,1.9588,1.9498,1.7711,1.8936,1.8948,1.45E+08,5.32E+07,5.30E+07,2.69E+08,1.03E+08,1.02E+08,1295277,462154,508164,7.29E+07,2.56E+07,2.61E+07,1.35E+08,4.93E+07,5.01E+07,119.6,126.27,125.8,127.87,126.89,126.62,117.61,125.3,123.4,4090548.592,1229353.586,1812103.189,5.09E+08,1.55E+08,2.27E+08,2082071,488206,839564,2067556.9,570925.594,888951.251,2.57E+08,7.20E+07,1.11E+08,74.28,77.49,77.84,78.02,79.41,78.05,73.56,76.43,75.46,362068.467,157890.421,208349.125,2.76E+07,1.22E+07,1.60E+07,287432,127416,169708,198506.456,76982.731,106223.112,1.51E+07,5954343.79,8156597.633,2828.56,2979.49,2977.93,3020,2994.41,3013.4,2808.63,2964.17,2944,531702.5439,91783.7734,162244.8067,1.57E+09,2.74E+08,4.84E+08,6948512,1350111,2474808,265654.992,40641.5192,78868.2879,7.83E+08,1.21E+08,2.35E+08,3009.49
2025-12-22T22:38:47,88136.95,88360.91,88658.87,88573.07,89081.77,90588.23,87795.76,87600.04,87900,5123.13194,7132.87258,14673.2197,4.52E+08,6.30E+08,1.31E+09,1174426,2030666,4847747,2456.37063,3450.39397,7269.61435,2.17E+08,3.05E+08,6.49E+08,1.9092,1.9335,1.9224,1.9588,1.9498,1.9493,1.8936,1.8948,1.8917,5.32E+07,5.30E+07,8.87E+07,1.03E+08,1.02E+08,1.71E+08,462154,508164,833845,2.56E+07,2.61E+07,4.50E+07,4.93E+07,5.01E+07,8.65E+07,126.27,125.8,126.03,126.89,126.62,128.78,125.3,123.4,124.2,1229353.586,1812103.189,2667589.146,1.55E+08,2.27E+08,3.37E+08,488206,839564,1282063,570925.594,888951.251,1390774.267,7.20E+07,1.11E+08,1.76E+08,77.49,77.84,76.79,79.41,78.05,79.49,76.43,75.46,76.35,157890.421,208349.125,307831.718,1.22E+07,1.60E+07,2.39E+07,127416,169708,252627,76982.731,106223.112,165324.829,5954343.79,8156597.633,1.29E+07,2979.49,2977.93,3002.03,2994.41,3013.4,3077.39,2964.17,2944,2963.43,91783.7734,162244.8067,298443.5633,2.74E+08,4.84E+08,9.03E+08,1350111,2474808,5452069,40641.5192,78868.2879,142983.3689,1.21E+08,2.35E+08,4.33E+08,2965.02
2025-12-23T22:38:47,88360.91,88658.87,88620.79,89081.77,90588.23,88940,87600.04,87900,86601.9,7132.87258,14673.2197,13910.32904,6.30E+08,1.31E+09,1.22E+09,2030666,4847747,4465080,3450.39397,7269.61435,6381.76747,3.05E+08,6.49E+08,5.60E+08,1.9335,1.9224,1.9044,1.9498,1.9493,1.91,1.8948,1.8917,1.863,5.30E+07,8.87E+07,7.78E+07,1.02E+08,1.71E+08,1.47E+08,508164,833845,667978,2.61E+07,4.50E+07,3.72E+07,5.01E+07,8.65E+07,7.03E+07,125.8,126.03,125.93,126.62,128.78,126.93,123.4,124.2,122.16,1812103.189,2667589.146,2440030.872,2.27E+08,3.37E+08,3.03E+08,839564,1282063,1214338,888951.251,1390774.267,1172899.452,1.11E+08,1.76E+08,1.46E+08,77.84,76.79,77.05,78.05,79.49,77.96,75.46,76.35,75.53,208349.125,307831.718,260524.06,1.60E+07,2.39E+07,2.00E+07,169708,252627,224255,106223.112,165324.829,140004.349,8156597.633,1.29E+07,1.08E+07,2977.93,3002.03,3009.48,3013.4,3077.39,3035.79,2944,2963.43,2900.93,162244.8067,298443.5633,386465.747,4.84E+08,9.03E+08,1.14E+09,2474808,5452069,4824322,78868.2879,142983.3689,206394.4595,2.35E+08,4.33E+08,6.11E+08,2947.47
2025-12-24T22:38:47,88658.87,88620.79,87486,90588.23,88940,88049.89,87900,86601.9,86420,14673.2197,13910.32904,9140.8432,1.31E+09,1.22E+09,7.97E+08,4847747,4465080,2877239,7269.61435,6381.76747,4543.27331,6.49E+08,5.60E+08,3.96E+08,1.9224,1.9044,1.8734,1.9493,1.91,1.8783,1.8917,1.863,1.8372,8.87E+07,7.78E+07,5.99E+07,1.71E+08,1.47E+08,1.11E+08,833845,667978,562567,4.50E+07,3.72E+07,2.81E+07,8.65E+07,7.03E+07,5.23E+07,126.03,125.93,124.02,128.78,126.93,124.3,124.2,122.16,120.63,2667589.146,2440030.872,1605450.498,3.37E+08,3.03E+08,1.96E+08,1282063,1214338,891219,1390774.267,1172899.452,824072.237,1.76E+08,1.46E+08,1.01E+08,76.79,77.05,77.01,79.49,77.96,77.42,76.35,75.53,75.22,307831.718,260524.06,266137.657,2.39E+07,2.00E+07,2.02E+07,252627,224255,190176,165324.829,140004.349,124284.127,1.29E+07,1.08E+07,9440892.666,3002.03,3009.48,2965.03,3077.39,3035.79,2978.15,2963.43,2900.93,2888.7,298443.5633,386465.747,197035.5598,9.03E+08,1.14E+09,5.78E+08,5452069,4824322,3194683,142983.3689,206394.4595,101402.5429,4.33E+08,6.11E+08,2.98E+08,2903.95
2025-12-25T22:38:47,88620.79,87486,87669.44,88940,88049.89,88592.74,86601.9,86420,86934.72,13910.32904,9140.8432,7096.58235,1.22E+09,7.97E+08,6.23E+08,4465080,2877239,1992172,6381.76747,4543.27331,3390.95708,5.60E+08,3.96E+08,2.98E+08,1.9044,1.8734,1.8627,1.91,1.8783,1.8892,1.863,1.8372,1.8291,7.78E+07,5.99E+07,4.61E+07,1.47E+08,1.11E+08,8.60E+07,667978,562567,445516,3.72E+07,2.81E+07,1.89E+07,7.03E+07,5.23E+07,3.52E+07,125.93,124.02,122.52,126.93,124.3,124.46,122.16,120.63,119.71,2440030.872,1605450.498,1818325.148,3.03E+08,1.96E+08,2.23E+08,1214338,891219,620763,1172899.452,824072.237,889311.86,1.46E+08,1.01E+08,1.09E+08,77.05,77.01,75.79,77.96,77.42,77.57,75.53,75.22,75.36,260524.06,266137.657,204493.057,2.00E+07,2.02E+07,1.56E+07,224255,190176,158515,140004.349,124284.127,102446.218,1.08E+07,9440892.666,7840916.92,3009.48,2965.03,2947.48,3035.79,2978.15,2971.46,2900.93,2888.7,2891.2,386465.747,197035.5598,188721.2981,1.14E+09,5.78E+08,5.55E+08,4824322,3194683,2183611,206394.4595,101402.5429,85987.392,6.11E+08,2.98E+08,2.53E+08,2927.99
2025-12-26T22:38:47,87486,87669.44,87225.27,88049.89,88592.74,89567.75,86420,86934.72,86655.08,9140.8432,7096.58235,18344.61505,7.97E+08,6.23E+08,1.62E+09,2877239,1992172,4509482,4543.27331,3390.95708,8846.80613,3.96E+08,2.98E+08,7.80E+08,1.8734,1.8627,1.8325,1.8783,1.8892,1.8833,1.8372,1.8291,1.8246,5.99E+07,4.61E+07,7.68E+07,1.11E+08,8.60E+07,1.43E+08,562567,445516,812307,2.81E+07,1.89E+07,3.21E+07,5.23E+07,3.52E+07,5.96E+07,124.02,122.52,120.05,124.3,124.46,125.14,120.63,119.71,119.24,1605450.498,1818325.148,3326516.562,1.96E+08,2.23E+08,4.08E+08,891219,620763,1242795,824072.237,889311.86,1709921.31,1.01E+08,1.09E+08,2.10E+08,77.01,75.79,75.7,77.42,77.57,78,75.22,75.36,75.48,266137.657,204493.057,254509.443,2.02E+07,1.56E+07,1.96E+07,190176,158515,189137,124284.127,102446.218,127956.238,9440892.666,7840916.92,9848315.154,2965.03,2947.48,2903.9,2978.15,2971.46,2994.38,2888.7,2891.2,2894.26,197035.5598,188721.2981,314830.9989,5.78E+08,5.55E+08,9.28E+08,3194683,2183611,4062164,101402.5429,85987.392,159371.2995,2.98E+08,2.53E+08,4.70E+08,2949.05
2025-12-27T22:38:47,87669.44,87225.27,87369.56,88592.74,89567.75,87984,86934.72,86655.08,87253.05,7096.58235,18344.61505,4469.55156,6.23E+08,1.62E+09,3.91E+08,1992172,4509482,957536,3390.95708,8846.80613,2065.72405,2.98E+08,7.80E+08,1.81E+08,1.8627,1.8325,1.8437,1.8892,1.8833,1.8788,1.8291,1.8246,1.8417,4.61E+07,7.68E+07,3.12E+07,8.60E+07,1.43E+08,5.79E+07,445516,812307,254408,1.89E+07,3.21E+07,1.34E+07,3.52E+07,5.96E+07,2.49E+07,122.52,120.05,122.27,124.46,125.14,125.08,119.71,119.24,121.86,1818325.148,3326516.562,1357802.112,2.23E+08,4.08E+08,1.67E+08,620763,1242795,458614,889311.86,1709921.31,705415.06,1.09E+08,2.10E+08,8.69E+07,75.79,75.7,76.87,77.57,78,80.58,75.36,75.48,76.76,204493.057,254509.443,211258.146,1.56E+07,1.96E+07,1.65E+07,158515,189137,147647,102446.218,127956.238,107790.958,7840916.92,9848315.154,8441859.784,2947.48,2903.9,2928,2971.46,2994.38,2960.89,2891.2,2894.26,2917.13,188721.2981,314830.9989,95040.3956,5.55E+08,9.28E+08,2.79E+08,2183611,4062164,1004396,85987.392,159371.2995,43285.9713,2.53E+08,4.70E+08,1.27E+08,2950.91
2025-12-28T22:38:47,87225.27,87369.56,87877,89567.75,87984,88088.75,86655.08,87253.05,87435,18344.61505,4469.55156,4446.29285,1.62E+09,3.91E+08,3.90E+08,4509482,957536,1241426,8846.80613,2065.72405,2230.75216,7.80E+08,1.81E+08,1.96E+08,1.8325,1.8437,1.8734,1.8833,1.8788,1.8796,1.8246,1.8417,1.8539,7.68E+07,3.12E+07,2.66E+07,1.43E+08,5.79E+07,4.97E+07,812307,254408,272306,3.21E+07,1.34E+07,1.19E+07,5.96E+07,2.49E+07,2.23E+07,120.05,122.27,124.74,125.14,125.08,125.64,119.24,121.86,123.08,3326516.562,1357802.112,1828960.451,4.08E+08,1.67E+08,2.27E+08,1242795,458614,519293,1709921.31,705415.06,1001153.634,2.10E+08,8.69E+07,1.24E+08,75.7,76.87,80.33,78,80.58,80.58,75.48,76.76,77.87,254509.443,211258.146,219808.346,1.96E+07,1.65E+07,1.74E+07,189137,147647,144305,127956.238,107790.958,107349.162,9848315.154,8441859.784,8488345.946,2903.9,2928,2949.05,2994.38,2960.89,2961.23,2894.26,2917.13,2924.54,314830.9989,95040.3956,128834.139,9.28E+08,2.79E+08,3.79E+08,4062164,1004396,1484510,159371.2995,43285.9713,65373.9915,4.70E+08,1.27E+08,1.92E+08,2937.9
2025-12-29T22:38:47,87369.56,87877,87952.71,87984,88088.75,90406.08,87253.05,87435,86806.5,4469.55156,4446.29285,19894.98575,3.91E+08,3.90E+08,1.76E+09,957536,1241426,4793589,2065.72405,2230.75216,10079.10102,1.81E+08,1.96E+08,8.92E+08,1.8437,1.8734,1.8655,1.8788,1.8796,1.918,1.8417,1.8539,1.845,3.12E+07,2.66E+07,7.03E+07,5.79E+07,4.97E+07,1.32E+08,254408,272306,713307,1.34E+07,1.19E+07,3.25E+07,2.49E+07,2.23E+07,6.12E+07,122.27,124.74,125.27,125.08,125.64,130.16,121.86,123.08,122.36,1357802.112,1828960.451,4307595.105,1.67E+08,2.27E+08,5.44E+08,458614,519293,1525275,705415.06,1001153.634,2170738.716,8.69E+07,1.24E+08,2.74E+08,76.87,80.33,78.73,80.58,80.58,80.25,76.76,77.87,76.92,211258.146,219808.346,309985.174,1.65E+07,1.74E+07,2.43E+07,147647,144305,221638,107790.958,107349.162,159701.329,8441859.784,8488345.946,1.25E+07,2928,2949.05,2950.91,2960.89,2961.23,3057.78,2917.13,2924.54,2910.25,95040.3956,128834.139,485959.1824,2.79E+08,3.79E+08,1.45E+09,1004396,1484510,5162535,43285.9713,65373.9915,233555.1583,1.27E+08,1.92E+08,6.95E+08,2973.69
2025-12-30T22:38:47,87877,87952.71,87237.13,88088.75,90406.08,89400,87435,86806.5,86845.66,4446.29285,19894.98575,13105.91001,3.90E+08,1.76E+09,1.16E+09,1241426,4793589,3542176,2230.75216,10079.10102,6561.56089,1.96E+08,8.92E+08,5.78E+08,1.8734,1.8655,1.8508,1.8796,1.918,1.8864,1.8539,1.845,1.8439,2.66E+07,7.03E+07,4.83E+07,4.97E+07,1.32E+08,9.03E+07,272306,713307,418695,1.19E+07,3.25E+07,2.23E+07,2.23E+07,6.12E+07,4.16E+07,124.74,125.27,123.28,125.64,130.16,126.52,123.08,122.36,122.58,1828960.451,4307595.105,2480631.516,2.27E+08,5.44E+08,3.09E+08,519293,1525275,955705,1001153.634,2170738.716,1282143.241,1.24E+08,2.74E+08,1.60E+08,80.33,78.73,78.33,80.58,80.25,79.03,77.87,76.92,77.62,219808.346,309985.174,238627.692,1.74E+07,2.43E+07,1.87E+07,144305,221638,160915,107349.162,159701.329,109738.146,8488345.946,1.25E+07,8586141.454,2949.05,2950.91,2937.91,2961.23,3057.78,3009.8,2924.54,2910.25,2919.44,128834.139,485959.1824,286583.2879,3.79E+08,1.45E+09,8.51E+08,1484510,5162535,3959890,65373.9915,233555.1583,146128.2348,1.92E+08,6.95E+08,4.34E+08,2971.64
2025-12-31T22:38:47,87952.71,87237.13,88485.5,90406.08,89400,89200,86806.5,86845.66,87250,19894.98575,13105.91001,11558.62047,1.76E+09,1.16E+09,1.02E+09,4793589,3542176,2897396,10079.10102,6561.56089,5432.03408,8.92E+08,5.78E+08,4.79E+08,1.8655,1.8508,1.8776,1.918,1.8864,1.8839,1.845,1.8439,1.8123,7.03E+07,4.83E+07,5.83E+07,1.32E+08,9.03E+07,1.08E+08,713307,418695,440483,3.25E+07,2.23E+07,2.92E+07,6.12E+07,4.16E+07,5.41E+07,125.27,123.28,125.02,130.16,126.52,132.75,122.36,122.58,122.99,4307595.105,2480631.516,2941643.658,5.44E+08,3.09E+08,3.68E+08,1525275,955705,966712,2170738.716,1282143.241,1511491.268,2.74E+08,1.60E+08,1.90E+08,78.73,78.33,78.88,80.25,79.03,78.89,76.92,77.62,76.08,309985.174,238627.692,233120.006,2.43E+07,1.87E+07,1.81E+07,221638,160915,165163,159701.329,109738.146,119277.527,1.25E+07,8586141.454,9258018.011,2950.91,2937.91,2973.69,3057.78,3009.8,3028.08,2910.25,2919.44,2958.91,485959.1824,286583.2879,233729.5887,1.45E+09,8.51E+08,6.98E+08,5162535,3959890,2935432,233555.1583,146128.2348,116217.5263,6.95E+08,4.34E+08,3.47E+08,3004.19
2026-01-01T22:38:47,87237.13,88485.5,87648.21,89400,89200,88919.45,86845.66,87250,87550.43,13105.91001,11558.62047,6279.57133,1.16E+09,1.02E+09,5.53E+08,3542176,2897396,1449281,6561.56089,5432.03408,3123.64536,5.78E+08,4.79E+08,2.75E+08,1.8508,1.8776,1.8424,1.8864,1.8839,1.8811,1.8439,1.8123,1.8261,4.83E+07,5.83E+07,4.11E+07,9.03E+07,1.08E+08,7.62E+07,418695,440483,299761,2.23E+07,2.92E+07,2.04E+07,4.16E+07,5.41E+07,3.79E+07,123.28,125.02,124.64,126.52,132.75,127.25,122.58,122.99,124.15,2480631.516,2941643.658,1733664.978,3.09E+08,3.68E+08,2.17E+08,955705,966712,515257,1282143.241,1511491.268,852972.092,1.60E+08,1.90E+08,1.07E+08,78.33,78.88,76.86,79.03,78.89,80.03,77.62,76.08,76.7,238627.692,233120.006,194402.742,1.87E+07,1.81E+07,1.52E+07,160915,165163,140629,109738.146,119277.527,102285.941,8586141.454,9258018.011,8023819.937,2937.91,2973.69,2971.65,3009.8,3028.08,3010,2919.44,2958.91,2971.15,286583.2879,233729.5887,136088.5207,8.51E+08,6.98E+08,4.07E+08,3959890,2935432,1338212,146128.2348,116217.5263,66477.086,4.34E+08,3.47E+08,1.99E+08,3125.45
2026-01-02T22:38:47,88485.5,87648.21,88839.05,89200,88919.45,90961.81,87250,87550.43,88379.88,11558.62047,6279.57133,17396.97301,1.02E+09,5.53E+08,1.56E+09,2897396,1449281,5010211,5432.03408,3123.64536,8929.35447,4.79E+08,2.75E+08,8.00E+08,1.8776,1.8424,1.8799,1.8839,1.8811,2.0315,1.8123,1.8261,1.8689,5.83E+07,4.11E+07,1.27E+08,1.08E+08,7.62E+07,2.48E+08,440483,299761,1017519,2.92E+07,2.04E+07,5.76E+07,5.41E+07,3.79E+07,1.12E+08,125.02,124.64,126.91,132.75,127.25,133.25,122.99,124.15,125.84,2941643.658,1733664.978,2924227.372,3.68E+08,2.17E+08,3.78E+08,966712,515257,1348954,1511491.268,852972.092,1522741.331,1.90E+08,1.07E+08,1.97E+08,78.88,76.86,79.97,78.89,80.03,82.25,76.08,76.7,79.04,233120.006,194402.742,285255.308,1.81E+07,1.52E+07,2.29E+07,165163,140629,228137,119277.527,102285.941,142079.285,9258018.011,8023819.937,1.14E+07,2973.69,2971.65,3004.19,3028.08,3010,3150.01,2958.91,2971.15,2992.49,233729.5887,136088.5207,369891.2449,6.98E+08,4.07E+08,1.14E+09,2935432,1338212,5276480,116217.5263,66477.086,195057.0391,3.47E+08,1.99E+08,6.00E+08,3127.11
2026-01-03T22:38:47,87648.21,88839.05,89995.14,88919.45,90961.81,90741.16,87550.43,88379.88,89314.01,6279.57133,17396.97301,7057.46716,5.53E+08,1.56E+09,6.36E+08,1449281,5010211,1684214,3123.64536,8929.35447,3791.72083,2.75E+08,8.00E+08,3.41E+08,1.8424,1.8799,2.0068,1.8811,2.0315,2.0561,1.8261,1.8689,1.9844,4.11E+07,1.27E+08,7.44E+07,7.62E+07,2.48E+08,1.50E+08,299761,1017519,656247,2.04E+07,5.76E+07,3.44E+07,3.79E+07,1.12E+08,6.94E+07,124.64,126.91,132.28,127.25,133.25,133.99,124.15,125.84,129.6,1733664.978,2924227.372,1520623.499,2.17E+08,3.78E+08,2.00E+08,515257,1348954,637040,852972.092,1522741.331,750641.795,1.07E+08,1.97E+08,9.89E+07,76.86,79.97,81.94,80.03,82.25,82.82,76.7,79.04,80.77,194402.742,285255.308,249457.667,1.52E+07,2.29E+07,2.04E+07,140629,228137,188669,102285.941,142079.285,120857.422,8023819.937,1.14E+07,9901753.379,2971.65,3004.19,3125.46,3010,3150.01,3136.71,2971.15,2992.49,3076,136088.5207,369891.2449,134405.2258,4.07E+08,1.14E+09,4.18E+08,1338212,5276480,1823251,66477.086,195057.0391,66789.8067,1.99E+08,6.00E+08,2.08E+08,3144.7
2026-01-04T22:38:47,88839.05,89995.14,90628.01,90961.81,90741.16,91810,88379.88,89314.01,90628,17396.97301,7057.46716,10426.5297,1.56E+09,6.36E+08,9.52E+08,5010211,1684214,2207037,8929.35447,3791.72083,5320.99389,8.00E+08,3.41E+08,4.86E+08,1.8799,2.0068,2.0182,2.0315,2.0561,2.1204,1.8689,1.9844,2.0163,1.27E+08,7.44E+07,1.14E+08,2.48E+08,1.50E+08,2.36E+08,1017519,656247,980782,5.76E+07,3.44E+07,5.63E+07,1.12E+08,6.94E+07,1.17E+08,126.91,132.28,133.37,133.25,133.99,135.54,125.84,129.6,133.12,2924227.372,1520623.499,1809269.113,3.78E+08,2.00E+08,2.43E+08,1348954,637040,892859,1522741.331,750641.795,891018.315,1.97E+08,9.89E+07,1.20E+08,79.97,81.94,82.09,82.25,82.82,83.17,79.04,80.77,81.65,285255.308,249457.667,254059.572,2.29E+07,2.04E+07,2.09E+07,228137,188669,198257,142079.285,120857.422,120576.145,1.14E+07,9901753.379,9941344.782,3004.19,3125.46,3127.11,3150.01,3136.71,3167.22,2992.49,3076,3118.75,369891.2449,134405.2258,181576.0686,1.14E+09,4.18E+08,5.71E+08,5276480,1823251,2261499,195057.0391,66789.8067,94783.8698,6.00E+08,2.08E+08,2.98E+08,3224.99
2026-01-05T22:38:47,89995.14,90628.01,91529.74,90741.16,91810,94789.08,89314.01,90628,91514.81,7057.46716,10426.5297,20673.59584,6.36E+08,9.52E+08,1.93E+09,1684214,2207037,5485489,3791.72083,5320.99389,10892.9695,3.41E+08,4.86E+08,1.02E+09,2.0068,2.0182,2.0908,2.0561,2.1204,2.3695,1.9844,2.0163,2.0877,7.44E+07,1.14E+08,2.10E+08,1.50E+08,2.36E+08,4.68E+08,656247,980782,1982421,3.44E+07,5.63E+07,1.03E+08,6.94E+07,1.17E+08,2.29E+08,132.28,133.37,134.12,133.99,135.54,139.87,129.6,133.12,133.18,1520623.499,1809269.113,3327567.484,2.00E+08,2.43E+08,4.53E+08,637040,892859,1633145,750641.795,891018.315,1712601.556,9.89E+07,1.20E+08,2.33E+08,81.94,82.09,82.26,82.82,83.17,84.57,80.77,81.65,81.44,249457.667,254059.572,427913.448,2.04E+07,2.09E+07,3.54E+07,188669,198257,292614,120857.422,120576.145,227631.212,9901753.379,9941344.782,1.89E+07,3125.46,3127.11,3144.71,3136.71,3167.22,3265.66,3076,3118.75,3135.02,134405.2258,181576.0686,382446.6618,4.18E+08,5.71E+08,1.22E+09,1823251,2261499,5401982,66789.8067,94783.8698,188956.4336,2.08E+08,2.98E+08,6.03E+08,3296.84
2026-01-06T22:38:47,90628.01,91529.74,93859.71,91810,94789.08,94444.44,90628,91514.81,91262.94,10426.5297,20673.59584,18546.41829,9.52E+08,1.93E+09,1.73E+09,2207037,5485489,5018686,5320.99389,10892.9695,8108.82157,4.86E+08,1.02E+09,7.56E+08,2.0182,2.0908,2.3479,2.1204,2.3695,2.4172,2.0163,2.0877,2.2046,1.14E+08,2.10E+08,2.70E+08,2.36E+08,4.68E+08,6.29E+08,980782,1982421,2585653,5.63E+07,1.03E+08,1.31E+08,1.17E+08,2.29E+08,3.05E+08,133.37,134.12,137.91,135.54,139.87,143.48,133.12,133.18,136.19,1809269.113,3327567.484,3771795.117,2.43E+08,4.53E+08,5.26E+08,892859,1633145,1877400,891018.315,1712601.556,1879675.868,1.20E+08,2.33E+08,2.62E+08,82.09,82.26,83.46,83.17,84.57,84.89,81.65,81.44,81.16,254059.572,427913.448,356122.443,2.09E+07,3.54E+07,2.97E+07,198257,292614,267979,120576.145,227631.212,186215.642,9941344.782,1.89E+07,1.56E+07,3127.11,3144.71,3224.99,3167.22,3265.66,3308.86,3118.75,3135.02,3183.27,181576.0686,382446.6618,412503.5066,5.71E+08,1.22E+09,1.34E+09,2261499,5401982,5310071,94783.8698,188956.4336,204316.7995,2.98E+08,6.03E+08,6.64E+08,3168.72
2026-01-07T22:38:47,91529.74,93859.71,93747.97,94789.08,94444.44,93747.97,91514.81,91262.94,90675.52,20673.59584,18546.41829,14276.49025,1.93E+09,1.73E+09,1.31E+09,5485489,5018686,4340252,10892.9695,8108.82157,6714.86954,1.02E+09,7.56E+08,6.17E+08,2.0908,2.3479,2.3042,2.3695,2.4172,2.3205,2.0877,2.2046,2.1517,2.10E+08,2.70E+08,1.16E+08,4.68E+08,6.29E+08,2.58E+08,1982421,2585653,1456273,1.03E+08,1.31E+08,5.55E+07,2.29E+08,3.05E+08,1.24E+08,134.12,137.91,141.08,139.87,143.48,141.4,133.18,136.19,134.41,3327567.484,3771795.117,2321642.178,4.53E+08,5.26E+08,3.19E+08,1633145,1877400,1424664,1712601.556,1879675.868,1134923.82,2.33E+08,2.62E+08,1.56E+08,82.26,83.46,83.95,84.57,84.89,83.97,81.44,81.16,81,427913.448,356122.443,276546.003,3.54E+07,2.97E+07,2.28E+07,292614,267979,215839,227631.212,186215.642,138647.052,1.89E+07,1.56E+07,1.14E+07,3144.71,3224.99,3296.83,3265.66,3308.86,3296.84,3135.02,3183.27,3125.42,382446.6618,412503.5066,321350.1225,1.22E+09,1.34E+09,1.03E+09,5401982,5310071,4839276,188956.4336,204316.7995,154644.9184,6.03E+08,6.64E+08,4.94E+08,3106.65
2026-01-08T22:38:47,93859.71,93747.97,91364.16,94444.44,93747.97,91687.99,91262.94,90675.52,89311,18546.41829,14276.49025,16132.79117,1.73E+09,1.31E+09,1.46E+09,5018686,4340252,4923472,8108.82157,6714.86954,8192.07574,7.56E+08,6.17E+08,7.42E+08,2.3479,2.3042,2.1658,2.4172,2.3205,2.1925,2.2046,2.1517,2.0649,2.70E+08,1.16E+08,1.57E+08,6.29E+08,2.58E+08,3.32E+08,2585653,1456273,1614939,1.31E+08,5.55E+07,7.40E+07,3.05E+08,1.24E+08,1.57E+08,137.91,141.08,136.39,143.48,141.4,140.07,136.19,134.41,132.67,3771795.117,2321642.178,3113437.835,5.26E+08,3.19E+08,4.25E+08,1877400,1424664,1555663,1879675.868,1134923.82,1570298.608,2.62E+08,1.56E+08,2.15E+08,83.46,83.95,81.71,84.89,83.97,82.3,81.16,81,80,356122.443,276546.003,252290.561,2.97E+07,2.28E+07,2.05E+07,267979,215839,201660,186215.642,138647.052,134595.953,1.56E+07,1.14E+07,1.09E+07,3224.99,3296.83,3168.72,3308.86,3296.84,3184.39,3183.27,3125.42,3054.65,412503.5066,321350.1225,343616.1005,1.34E+09,1.03E+09,1.07E+09,5310071,4839276,4982423,204316.7995,154644.9184,167834.9366,6.64E+08,4.94E+08,5.22E+08,3088.4
2026-01-09T22:38:47,93747.97,91364.16,91100,93747.97,91687.99,92082.55,90675.52,89311,89694.66,14276.49025,16132.79117,15590.27939,1.31E+09,1.46E+09,1.42E+09,4340252,4923472,4155703,6714.86954,8192.07574,8512.4327,6.17E+08,7.42E+08,7.74E+08,2.3042,2.1658,2.1232,2.3205,2.1925,2.1622,2.1517,2.0649,2.0727,1.16E+08,1.57E+08,1.18E+08,2.58E+08,3.32E+08,2.49E+08,1456273,1614939,1257235,5.55E+07,7.40E+07,6.28E+07,1.24E+08,1.57E+08,1.33E+08,141.08,136.39,138.37,141.4,140.07,141.17,134.41,132.67,134.98,2321642.178,3113437.835,3778547.996,3.19E+08,4.25E+08,5.23E+08,1424664,1555663,1559427,1134923.82,1570298.608,1915953.782,1.56E+08,2.15E+08,2.65E+08,83.95,81.71,81.31,83.97,82.3,82.12,81,80,79.91,276546.003,252290.561,251572.162,2.28E+07,2.05E+07,2.04E+07,215839,201660,212437,138647.052,134595.953,122840.378,1.14E+07,1.09E+07,9977726.248,3296.83,3168.72,3106.66,3296.84,3184.39,3148.41,3125.42,3054.65,3058.69,321350.1225,343616.1005,274587.4533,1.03E+09,1.07E+09,8.52E+08,4839276,4982423,4182570,154644.9184,167834.9366,137269.6714,4.94E+08,5.22E+08,4.26E+08,3086.72
2026-01-10T22:38:47,91364.16,91100,90641.27,91687.99,92082.55,90832,89311,89694.66,90404,16132.79117,15590.27939,3104.11722,1.46E+09,1.42E+09,2.81E+08,4923472,4155703,766357,8192.07574,8512.4327,1551.97383,7.42E+08,7.74E+08,1.41E+08,2.1658,2.1232,2.0958,2.1925,2.1622,2.1106,2.0649,2.0727,2.0806,1.57E+08,1.18E+08,3.16E+07,3.32E+08,2.49E+08,6.62E+07,1614939,1257235,342381,7.40E+07,6.28E+07,1.64E+07,1.57E+08,1.33E+08,3.44E+07,136.39,138.37,135.96,140.07,141.17,137.05,132.67,134.98,135.37,3113437.835,3778547.996,1000837.004,4.25E+08,5.23E+08,1.36E+08,1555663,1559427,419628,1570298.608,1915953.782,495750.86,2.15E+08,2.65E+08,6.76E+07,81.71,81.31,81.48,82.3,82.12,82.42,80,79.91,80.8,252290.561,251572.162,149346.699,2.05E+07,2.04E+07,1.22E+07,201660,212437,114583,134595.953,122840.378,75483.876,1.09E+07,9977726.248,6151851.54,3168.72,3106.66,3088.4,3184.39,3148.41,3104.12,3054.65,3058.69,3077.99,343616.1005,274587.4533,82341.0546,1.07E+09,8.52E+08,2.54E+08,4982423,4182570,881069,167834.9366,137269.6714,44689.1628,5.22E+08,4.26E+08,1.38E+08,3123.45
2026-01-11T22:38:47,91100,90641.27,90504.7,92082.55,90832,91283.89,89694.66,90404,90236,15590.27939,3104.11722,5477.13594,1.42E+09,2.81E+08,4.97E+08,4155703,766357,1282029,8512.4327,1551.97383,2868.36168,7.74E+08,1.41E+08,2.60E+08,2.1232,2.0958,2.0907,2.1622,2.1106,2.11,2.0727,2.0806,2.045,1.18E+08,3.16E+07,5.05E+07,2.49E+08,6.62E+07,1.05E+08,1257235,342381,497144,6.28E+07,1.64E+07,2.63E+07,1.33E+08,3.44E+07,5.48E+07,138.37,135.96,135.85,141.17,137.05,141.6,134.98,135.37,135.75,3778547.996,1000837.004,2209913.206,5.23E+08,1.36E+08,3.06E+08,1559427,419628,857832,1915953.782,495750.86,1211661.371,2.65E+08,6.76E+07,1.68E+08,81.31,81.48,81.19,82.12,82.42,81.78,79.91,80.8,78.53,251572.162,149346.699,323460.486,2.04E+07,1.22E+07,2.60E+07,212437,114583,185897,122840.378,75483.876,147616.204,9977726.248,6151851.54,1.19E+07,3106.66,3088.4,3086.72,3148.41,3104.12,3147.27,3058.69,3077.99,3084.46,274587.4533,82341.0546,149381.2965,8.52E+08,2.54E+08,4.65E+08,4182570,881069,1522502,137269.6714,44689.1628,77521.2191,4.26E+08,1.38E+08,2.41E+08,3095.75
2026-01-12T22:38:47,90641.27,90504.7,91013.66,90832,91283.89,92519.95,90404,90236,90128.44,3104.11722,5477.13594,16188.08268,2.81E+08,4.97E+08,1.48E+09,766357,1282029,4099509,1551.97383,2868.36168,8092.5428,1.41E+08,2.60E+08,7.40E+08,2.0958,2.0907,2.0745,2.1106,2.11,2.1086,2.0806,2.045,2.035,3.16E+07,5.05E+07,1.10E+08,6.62E+07,1.05E+08,2.28E+08,342381,497144,1077404,1.64E+07,2.63E+07,4.90E+07,3.44E+07,5.48E+07,1.01E+08,135.96,135.85,139.69,137.05,141.6,144.4,135.37,135.75,138.34,1000837.004,2209913.206,4160120.091,1.36E+08,3.06E+08,5.88E+08,419628,857832,1815385,495750.86,1211661.371,2063458.502,6.76E+07,1.68E+08,2.91E+08,81.48,81.19,78.79,82.42,81.78,80.75,80.8,78.53,75.6,149346.699,323460.486,766104.643,1.22E+07,2.60E+07,5.94E+07,114583,185897,412265,75483.876,147616.204,321481.898,6151851.54,1.19E+07,2.49E+07,3088.4,3086.72,3123.46,3104.12,3147.27,3171.49,3077.99,3084.46,3065.55,82341.0546,149381.2965,297373.4681,2.54E+08,4.65E+08,9.28E+08,881069,1522502,4303605,44689.1628,77521.2191,145169.9489,1.38E+08,2.41E+08,4.53E+08,3325.82
2026-01-13T22:38:47,90504.7,91013.66,91296.2,91283.89,92519.95,96495,90236,90128.44,91042.66,5477.13594,16188.08268,23021.51482,4.97E+08,1.48E+09,2.15E+09,1282029,4099509,5025071,2868.36168,8092.5428,12405.23056,2.60E+08,7.40E+08,1.16E+09,2.0907,2.0745,2.0541,2.11,2.1086,2.185,2.045,2.035,2.0474,5.05E+07,1.10E+08,1.13E+08,1.05E+08,2.28E+08,2.39E+08,497144,1077404,1132317,2.63E+07,4.90E+07,5.38E+07,5.48E+07,1.01E+08,1.13E+08,135.85,139.69,139.21,141.6,144.4,148.74,135.75,138.34,137.82,2209913.206,4160120.091,4195082.468,3.06E+08,5.88E+08,5.99E+08,857832,1815385,1781041,1211661.371,2063458.502,2143169.55,1.68E+08,2.91E+08,3.06E+08,81.19,78.79,76.11,81.78,80.75,78.95,78.53,75.6,75.26,323460.486,766104.643,1092209.996,2.60E+07,5.94E+07,8.39E+07,185897,412265,584044,147616.204,321481.898,463017.883,1.19E+07,2.49E+07,3.56E+07,3086.72,3123.46,3095.75,3147.27,3171.49,3367.79,3084.46,3065.55,3091.96,149381.2965,297373.4681,457782.2816,4.65E+08,9.28E+08,1.47E+09,1522502,4303605,4876916,77521.2191,145169.9489,239733.9448,2.41E+08,4.53E+08,7.70E+08,3354.92
2026-01-14T22:38:47,91013.66,91296.2,95413.99,92519.95,96495,97924.49,90128.44,91042.66,94559.28,16188.08268,23021.51482,22851.89428,1.48E+09,2.15E+09,2.20E+09,4099509,5025071,5346212,8092.5428,12405.23056,11974.98829,7.40E+08,1.16E+09,1.15E+09,2.0745,2.0541,2.1656,2.1086,2.185,2.1924,2.035,2.0474,2.1116,1.10E+08,1.13E+08,1.35E+08,2.28E+08,2.39E+08,2.91E+08,1077404,1132317,1229087,4.90E+07,5.38E+07,6.35E+07,1.01E+08,1.13E+08,1.37E+08,139.69,139.21,145.52,144.4,148.74,148.44,138.34,137.82,143.37,4160120.091,4195082.468,3695077.378,5.88E+08,5.99E+08,5.39E+08,1815385,1781041,1481363,2063458.502,2143169.55,1801988.737,2.91E+08,3.06E+08,2.63E+08,78.79,76.11,78.17,80.75,78.95,80.97,75.6,75.26,75.8,766104.643,1092209.996,1728520.677,5.94E+07,8.39E+07,1.36E+08,412265,584044,668483,321481.898,463017.883,779366.213,2.49E+07,3.56E+07,6.13E+07,3123.46,3095.75,3325.83,3171.49,3367.79,3402.89,3065.55,3091.96,3280.48,297373.4681,457782.2816,503440.0759,9.28E+08,1.47E+09,1.68E+09,4303605,4876916,5351410,145169.9489,239733.9448,242601.2111,4.53E+08,7.70E+08,8.11E+08,3318.69
2026-01-15T22:38:47,91296.2,95413.99,96951.78,96495,97924.49,97193.34,91042.66,94559.28,95134.48,23021.51482,22851.89428,21725.81369,2.15E+09,2.20E+09,2.09E+09,5025071,5346212,4493095,12405.23056,11974.98829,10841.32767,1.16E+09,1.15E+09,1.05E+09,2.0541,2.1656,2.1393,2.185,2.1924,2.1434,2.0474,2.1116,2.0532,1.13E+08,1.35E+08,8.96E+07,2.39E+08,2.91E+08,1.88E+08,1132317,1229087,904219,5.38E+07,6.35E+07,4.65E+07,1.13E+08,1.37E+08,9.74E+07,139.21,145.52,146.7,148.74,148.44,146.73,137.82,143.37,140.9,4195082.468,3695077.378,2462143.139,5.99E+08,5.39E+08,3.54E+08,1781041,1481363,1301300,2143169.55,1801988.737,1160862.142,3.06E+08,2.63E+08,1.67E+08,76.11,78.17,76.66,78.95,80.97,76.92,75.26,75.8,69.46,1092209.996,1728520.677,1503254.414,8.39E+07,1.36E+08,1.11E+08,584044,668483,621073,463017.883,779366.213,697641.406,3.56E+07,6.13E+07,5.16E+07,3095.75,3325.83,3354.92,3367.79,3402.89,3384.19,3091.96,3280.48,3273.72,457782.2816,503440.0759,389993.836,1.47E+09,1.68E+09,1.30E+09,4876916,5351410,4766390,239733.9448,242601.2111,182106.0811,7.70E+08,8.11E+08,6.06E+08,3296.28
2026-01-16T22:38:47,95413.99,96951.78,95604.81,97924.49,97193.34,95871.47,94559.28,95134.48,94293.46,22851.89428,21725.81369,11167.7146,2.20E+09,2.09E+09,1.06E+09,5346212,4493095,2971559,11974.98829,10841.32767,5055.06952,1.15E+09,1.05E+09,4.82E+08,2.1656,2.1393,2.0789,2.1924,2.1434,2.0866,2.1116,2.0532,2.0263,1.35E+08,8.96E+07,6.09E+07,2.91E+08,1.88E+08,1.25E+08,1229087,904219,627484,6.35E+07,4.65E+07,2.80E+07,1.37E+08,9.74E+07,5.77E+07,145.52,146.7,142.41,148.44,146.73,145.55,143.37,140.9,140.26,3695077.378,2462143.139,1900879.026,5.39E+08,3.54E+08,2.72E+08,1481363,1301300,1014424,1801988.737,1160862.142,919897.252,2.63E+08,1.67E+08,1.32E+08,78.17,76.66,72.21,80.97,76.92,76.07,75.8,69.46,70.92,1728520.677,1503254.414,846767.044,1.36E+08,1.11E+08,6.18E+07,668483,621073,387288,779366.213,697641.406,416278.641,6.13E+07,5.16E+07,3.04E+07,3325.83,3354.92,3318.7,3402.89,3384.19,3326.79,3280.48,3273.72,3253.01,503440.0759,389993.836,223921.7876,1.68E+09,1.30E+09,7.37E+08,5351410,4766390,3528248,242601.2111,182106.0811,109159.1615,8.11E+08,6.06E+08,3.59E+08,3310.56
2026-01-17T22:38:47,96951.78,95604.81,95550.94,97193.34,95871.47,95639.45,95134.48,94293.46,95021.67,21725.81369,11167.7146,4280.80137,2.09E+09,1.06E+09,4.08E+08,4493095,2971559,1020527,10841.32767,5055.06952,2059.85283,1.05E+09,4.82E+08,1.96E+08,2.1393,2.0789,2.0678,2.1434,2.0866,2.0834,2.0532,2.0263,2.0536,8.96E+07,6.09E+07,3.11E+07,1.88E+08,1.25E+08,6.44E+07,904219,627484,315864,4.65E+07,2.80E+07,1.54E+07,9.74E+07,5.77E+07,3.18E+07,146.7,142.41,144.9,146.73,145.55,144.99,140.9,140.26,143.32,2462143.139,1900879.026,835154.761,3.54E+08,2.72E+08,1.20E+08,1301300,1014424,392089,1160862.142,919897.252,412414.642,1.67E+08,1.32E+08,5.94E+07,76.66,72.21,75.21,76.92,76.07,75.99,69.46,70.92,73.84,1503254.414,846767.044,327149.181,1.11E+08,6.18E+07,2.45E+07,621073,387288,186780,697641.406,416278.641,164597.182,5.16E+07,3.04E+07,1.23E+07,3354.92,3318.7,3296.28,3384.19,3326.79,3330.26,3273.72,3253.01,3283.96,389993.836,223921.7876,124325.0303,1.30E+09,7.37E+08,4.12E+08,4766390,3528248,1229614,182106.0811,109159.1615,68643.5852,6.06E+08,3.59E+08,2.27E+08,3284.03
2026-01-18T22:38:47,95604.81,95550.94,95147.77,95871.47,95639.45,95531.12,94293.46,95021.67,93615.4,11167.7146,4280.80137,6895.17819,1.06E+09,4.08E+08,6.55E+08,2971559,1020527,1488785,5055.06952,2059.85283,3107.35604,4.82E+08,1.96E+08,2.95E+08,2.0789,2.0678,2.0632,2.0866,2.0834,2.0679,2.0263,2.0536,1.9861,6.09E+07,3.11E+07,4.65E+07,1.25E+08,6.44E+07,9.48E+07,627484,315864,474109,2.80E+07,1.54E+07,2.21E+07,5.77E+07,3.18E+07,4.51E+07,142.41,144.9,143.73,145.55,144.99,144,140.26,143.32,137.74,1900879.026,835154.761,1877438.698,2.72E+08,1.20E+08,2.66E+08,1014424,392089,712971,919897.252,412414.642,837209.507,1.32E+08,5.94E+07,1.19E+08,72.21,75.21,74.92,76.07,75.99,75.9,70.92,73.84,72.1,846767.044,327149.181,377184.548,6.18E+07,2.45E+07,2.82E+07,387288,186780,239459,416278.641,164597.182,196115.06,3.04E+07,1.23E+07,1.47E+07,3318.7,3296.28,3310.56,3326.79,3330.26,3368.82,3253.01,3283.96,3278.86,223921.7876,124325.0303,173354.3026,7.37E+08,4.12E+08,5.76E+08,3528248,1229614,2227452,109159.1615,68643.5852,93056.7992,3.59E+08,2.27E+08,3.09E+08,3189.55
2026-01-19T22:38:47,95550.94,95147.77,93673.14,95639.45,95531.12,93673.14,95021.67,93615.4,91910.2,4280.80137,6895.17819,14295.52747,4.08E+08,6.55E+08,1.33E+09,1020527,1488785,3359066,2059.85283,3107.35604,6906.84245,1.96E+08,2.95E+08,6.41E+08,2.0678,2.0632,1.9914,2.0834,2.0679,2.0299,2.0536,1.9861,1.847,3.11E+07,4.65E+07,1.59E+08,6.44E+07,9.48E+07,3.12E+08,315864,474109,1183988,1.54E+07,2.21E+07,7.91E+07,3.18E+07,4.51E+07,1.55E+08,144.9,143.73,137.87,144.99,144,137.87,143.32,137.74,130,835154.761,1877438.698,2972524.77,1.20E+08,2.66E+08,3.98E+08,392089,712971,1113535,412414.642,837209.507,1483332.486,5.94E+07,1.19E+08,1.98E+08,75.21,74.92,72.28,75.99,75.9,72.28,73.84,72.1,65.58,327149.181,377184.548,993480.913,2.45E+07,2.82E+07,6.94E+07,186780,239459,463491,164597.182,196115.06,484909.33,1.23E+07,1.47E+07,3.39E+07,3296.28,3310.56,3284.04,3330.26,3368.82,3284.58,3283.96,3278.86,3165.38,124325.0303,173354.3026,442540.5596,4.12E+08,5.76E+08,1.42E+09,1229614,2227452,4406164,68643.5852,93056.7992,225707.6739,2.27E+08,3.09E+08,7.25E+08,2939.88
2026-01-20T22:38:47,95147.77,93673.14,92630.99,95531.12,93673.14,92870,93615.4,91910.2,87895.98,6895.17819,14295.52747,22007.3261,6.55E+08,1.33E+09,1.99E+09,1488785,3359066,6064031,3107.35604,6906.84245,9629.19624,2.95E+08,6.41E+08,8.71E+08,2.0632,1.9914,1.9861,2.0679,2.0299,1.9909,1.9861,1.847,1.87,4.65E+07,1.59E+08,1.27E+08,9.48E+07,3.12E+08,2.46E+08,474109,1183988,1219786,2.21E+07,7.91E+07,6.85E+07,4.51E+07,1.55E+08,1.32E+08,143.73,137.87,133.44,144,137.87,134.63,137.74,130,124.68,1877438.698,2972524.77,3532423.88,2.66E+08,3.98E+08,4.56E+08,712971,1113535,1665250,837209.507,1483332.486,1594052.788,1.19E+08,1.98E+08,2.06E+08,74.92,72.28,70.79,75.9,72.28,71.05,72.1,65.58,65.9,377184.548,993480.913,699879.344,2.82E+07,6.94E+07,4.80E+07,239459,463491,412612,196115.06,484909.33,330248.217,1.47E+07,3.39E+07,2.27E+07,3310.56,3284.04,3189.56,3368.82,3284.58,3200.5,3278.86,3165.38,2920,173354.3026,442540.5596,518166.4787,5.76E+08,1.42E+09,1.59E+09,2227452,4406164,7228638,93056.7992,225707.6739,251605.1302,3.09E+08,7.25E+08,7.71E+08,2982.27
2026-01-21T22:38:47,93673.14,92630.99,88427.66,93673.14,92870,90574,91910.2,87895.98,87263.53,14295.52747,22007.3261,20617.50372,1.33E+09,1.99E+09,1.84E+09,3359066,6064031,6419053,6906.84245,9629.19624,10265.21302,6.41E+08,8.71E+08,9.16E+08,1.9914,1.9861,1.89,2.0299,1.9909,1.9907,1.847,1.87,1.8712,1.59E+08,1.27E+08,1.48E+08,3.12E+08,2.46E+08,2.84E+08,1183988,1219786,1442942,7.91E+07,6.85E+07,7.18E+07,1.55E+08,1.32E+08,1.38E+08,137.87,133.44,125.81,137.87,134.63,132.17,130,124.68,125.26,2972524.77,3532423.88,3161736.36,3.98E+08,4.56E+08,4.07E+08,1113535,1665250,1568002,1483332.486,1594052.788,1657610.92,1.98E+08,2.06E+08,2.13E+08,72.28,70.79,67.12,72.28,71.05,69.71,65.58,65.9,66.03,993480.913,699879.344,677970.362,6.94E+07,4.80E+07,4.61E+07,463491,412612,350685,484909.33,330248.217,351262.332,3.39E+07,2.27E+07,2.39E+07,3284.04,3189.56,2939.88,3284.58,3200.5,3069.07,3165.38,2920,2866.11,442540.5596,518166.4787,577800.2481,1.42E+09,1.59E+09,1.71E+09,4406164,7228638,8064316,225707.6739,251605.1302,296961.807,7.25E+08,7.71E+08,8.81E+08,2952.69
2026-01-22T22:38:47,92630.99,88427.66,89454.73,92870,90574,90359.99,87895.98,87263.53,88515.37,22007.3261,20617.50372,10825.50492,1.99E+09,1.84E+09,9.70E+08,6064031,6419053,3743412,9629.19624,10265.21302,5529.54766,8.71E+08,9.16E+08,4.96E+08,1.9861,1.89,1.9475,1.9909,1.9907,1.9679,1.87,1.8712,1.9016,1.27E+08,1.48E+08,6.16E+07,2.46E+08,2.84E+08,1.19E+08,1219786,1442942,660686,6.85E+07,7.18E+07,3.01E+07,1.32E+08,1.38E+08,5.84E+07,133.44,125.81,129.53,134.63,132.17,130.94,124.68,125.26,126.73,3532423.88,3161736.36,1811586.462,4.56E+08,4.07E+08,2.34E+08,1665250,1568002,1016749,1594052.788,1657610.92,905017.042,2.06E+08,2.13E+08,1.17E+08,70.79,67.12,68.48,71.05,69.71,69.65,65.9,66.03,67.06,699879.344,677970.362,400973.972,4.80E+07,4.61E+07,2.74E+07,412612,350685,213870,330248.217,351262.332,200806.924,2.27E+07,2.39E+07,1.37E+07,3189.56,2939.88,2982.28,3200.5,3069.07,3038.33,2920,2866.11,2906.02,518166.4787,577800.2481,291660.7349,1.59E+09,1.71E+09,8.67E+08,7228638,8064316,4696521,251605.1302,296961.807,144410.7947,7.71E+08,8.81E+08,4.29E+08,2956.41
2026-01-23T22:38:47,88427.66,89454.73,89559.68,90574,90359.99,91224.99,87263.53,88515.37,88578.36,20617.50372,10825.50492,13918.48919,1.84E+09,9.70E+08,1.25E+09,6419053,3743412,4619907,10265.21302,5529.54766,6911.17668,9.16E+08,4.96E+08,6.20E+08,1.89,1.9475,1.9237,1.9907,1.9679,1.9656,1.8712,1.9016,1.8873,1.48E+08,6.16E+07,7.61E+07,2.84E+08,1.19E+08,1.46E+08,1442942,660686,774360,7.18E+07,3.01E+07,3.51E+07,1.38E+08,5.84E+07,6.74E+07,125.81,129.53,128.47,132.17,130.94,130.2,125.26,126.73,125.28,3161736.36,1811586.462,2044063.077,4.07E+08,2.34E+08,2.61E+08,1568002,1016749,1068593,1657610.92,905017.042,1074378.357,2.13E+08,1.17E+08,1.37E+08,67.12,68.48,68.2,69.71,69.65,69.6,66.03,67.06,66.98,677970.362,400973.972,391555.321,4.61E+07,2.74E+07,2.68E+07,350685,213870,225325,351262.332,200806.924,202035.793,2.39E+07,1.37E+07,1.38E+07,2939.88,2982.28,2952.7,3069.07,3038.33,3019.26,2866.11,2906.02,2892.4,577800.2481,291660.7349,318415.3317,1.71E+09,8.67E+08,9.40E+08,8064316,4696521,5479038,296961.807,144410.7947,159251.2529,8.81E+08,4.29E+08,4.70E+08,2953.22
2026-01-24T22:38:47,89454.73,89559.68,89600.26,90359.99,91224.99,89957.39,88515.37,88578.36,89162.08,10825.50492,13918.48919,4226.56737,9.70E+08,1.25E+09,3.78E+08,3743412,4619907,959854,5529.54766,6911.17668,1835.96939,4.96E+08,6.20E+08,1.64E+08,1.9475,1.9237,1.9197,1.9679,1.9656,1.9276,1.9016,1.8873,1.91,6.16E+07,7.61E+07,2.72E+07,1.19E+08,1.46E+08,5.21E+07,660686,774360,221237,3.01E+07,3.51E+07,1.14E+07,5.84E+07,6.74E+07,2.19E+07,129.53,128.47,127.43,130.94,130.2,128.12,126.73,125.28,126.64,1811586.462,2044063.077,807419.995,2.34E+08,2.61E+08,1.03E+08,1016749,1068593,331896,905017.042,1074378.357,367986.146,1.17E+08,1.37E+08,4.69E+07,68.48,68.2,68.07,69.65,69.6,68.98,67.06,66.98,67.75,400973.972,391555.321,180394.712,2.74E+07,2.68E+07,1.23E+07,213870,225325,107362,200806.924,202035.793,90881.014,1.37E+07,1.38E+07,6213931.278,2982.28,2952.7,2956.41,3038.33,3019.26,2970.41,2906.02,2892.4,2943.84,291660.7349,318415.3317,92082.9039,8.67E+08,9.40E+08,2.73E+08,4696521,5479038,1185149,144410.7947,159251.2529,41483.2107,4.29E+08,4.70E+08,1.23E+08,2816.89
2026-01-25T22:38:47,89559.68,89600.26,89225.34,91224.99,89957.39,89319.13,88578.36,89162.08,86074.72,13918.48919,4226.56737,14426.22019,1.25E+09,3.78E+08,1.26E+09,4619907,959854,3720178,6911.17668,1835.96939,6269.27657,6.20E+08,1.64E+08,5.49E+08,1.9237,1.9197,1.9143,1.9656,1.9276,1.9168,1.8873,1.91,1.8111,7.61E+07,2.72E+07,9.15E+07,1.46E+08,5.21E+07,1.70E+08,774360,221237,818265,3.51E+07,1.14E+07,4.32E+07,6.74E+07,2.19E+07,8.02E+07,128.47,127.43,127.22,130.2,128.12,127.46,125.28,126.64,117.15,2044063.077,807419.995,4540879.449,2.61E+08,1.03E+08,5.49E+08,1068593,331896,1232391,1074378.357,367986.146,2403987.331,1.37E+08,4.69E+07,2.90E+08,68.2,68.07,68.2,69.6,68.98,70.36,66.98,67.75,65.23,391555.321,180394.712,627760.546,2.68E+07,1.23E+07,4.27E+07,225325,107362,359726,202035.793,90881.014,297380.743,1.38E+07,6213931.278,2.03E+07,2952.7,2956.41,2953.23,3019.26,2970.41,2960.29,2892.4,2943.84,2787,318415.3317,92082.9039,380186.5326,9.40E+08,2.73E+08,1.09E+09,5479038,1185149,4637787,159251.2529,41483.2107,165133.7717,4.70E+08,1.23E+08,4.73E+08,2930.35
2026-01-26T22:38:47,89600.26,89225.34,86670.36,89957.39,89319.13,88860,89162.08,86074.72,86509.63,4226.56737,14426.22019,17766.51453,3.78E+08,1.26E+09,1.56E+09,959854,3720178,4798083,1835.96939,6269.27657,9428.94206,1.64E+08,5.49E+08,8.28E+08,1.9197,1.9143,1.8356,1.9276,1.9168,1.946,1.91,1.8111,1.8331,2.72E+07,9.15E+07,1.04E+08,5.21E+07,1.70E+08,1.98E+08,221237,818265,973413,1.14E+07,4.32E+07,4.76E+07,2.19E+07,8.02E+07,9.03E+07,127.43,127.22,118.85,128.12,127.46,125.6,126.64,117.15,118.53,807419.995,4540879.449,2355751.363,1.03E+08,5.49E+08,2.90E+08,331896,1232391,1187889,367986.146,2403987.331,1159271.555,4.69E+07,2.90E+08,1.43E+08,68.07,68.2,67.29,68.98,70.36,70.11,67.75,65.23,66.97,180394.712,627760.546,427828.099,1.23E+07,4.27E+07,2.94E+07,107362,359726,255346,90881.014,297380.743,224179.071,6213931.278,2.03E+07,1.54E+07,2956.41,2953.23,2816.9,2970.41,2960.29,2951.21,2943.84,2787,2812.37,92082.9039,380186.5326,485169.3372,2.73E+08,1.09E+09,1.41E+09,1185149,4637787,5933570,41483.2107,165133.7717,239396.1448,1.23E+08,4.73E+08,6.94E+08,3026.77
2026-01-27T22:38:47,89225.34,86670.36,88347.08,89319.13,88860,89523.16,86074.72,86509.63,87304.33,14426.22019,17766.51453,13125.40425,1.26E+09,1.56E+09,1.16E+09,3720178,4798083,3787336,6269.27657,9428.94206,6722.86937,5.49E+08,8.28E+08,5.94E+08,1.9143,1.8356,1.9042,1.9168,1.946,1.9295,1.8111,1.8331,1.8741,9.15E+07,1.04E+08,6.46E+07,1.70E+08,1.98E+08,1.23E+08,818265,973413,684052,4.32E+07,4.76E+07,3.26E+07,8.02E+07,9.03E+07,6.20E+07,127.22,118.85,124.24,127.46,125.6,127.84,117.15,118.53,123.12,4540879.449,2355751.363,2036509.042,5.49E+08,2.90E+08,2.55E+08,1232391,1187889,1006079,2403987.331,1159271.555,1012080.68,2.90E+08,1.43E+08,1.27E+08,68.2,67.29,69.73,70.36,70.11,70.49,65.23,66.97,68.64,627760.546,427828.099,325716.599,4.27E+07,2.94E+07,2.27E+07,359726,255346,203658,297380.743,224179.071,164010.615,2.03E+07,1.54E+07,1.14E+07,2953.23,2816.9,2930.35,2960.29,2951.21,3035.08,2787,2812.37,2899.77,380186.5326,485169.3372,478792.3988,1.09E+09,1.41E+09,1.42E+09,4637787,5933570,5278439,165133.7717,239396.1448,229630.1728,4.73E+08,6.94E+08,6.79E+08,3010.78
2026-01-28T22:38:47,86670.36,88347.08,89249.99,88860,89523.16,90600,86509.63,87304.33,88833.65,17766.51453,13125.40425,14332.18502,1.56E+09,1.16E+09,1.28E+09,4798083,3787336,4385791,9428.94206,6722.86937,7015.44336,8.28E+08,5.94E+08,6.29E+08,1.8356,1.9042,1.9157,1.946,1.9295,1.9427,1.8331,1.8741,1.8944,1.04E+08,6.46E+07,6.74E+07,1.98E+08,1.23E+08,1.29E+08,973413,684052,726865,4.76E+07,3.26E+07,3.04E+07,9.03E+07,6.20E+07,5.84E+07,118.85,124.24,127.18,125.6,127.84,128.34,118.53,123.12,124.78,2355751.363,2036509.042,1997863.528,2.90E+08,2.55E+08,2.53E+08,1187889,1006079,1065285,1159271.555,1012080.68,990296.273,1.43E+08,1.27E+08,1.25E+08,67.29,69.73,70.03,70.11,70.49,70.31,66.97,68.64,68.42,427828.099,325716.599,301017.18,2.94E+07,2.27E+07,2.09E+07,255346,203658,204313,224179.071,164010.615,149375.398,1.54E+07,1.14E+07,1.04E+07,2816.9,2930.35,3026.77,2951.21,3035.08,3045.78,2812.37,2899.77,2983.67,485169.3372,478792.3988,296607.6549,1.41E+09,1.42E+09,8.94E+08,5933570,5278439,5061029,239396.1448,229630.1728,154557.6064,6.94E+08,6.79E+08,4.66E+08,2822.59
2026-01-29T22:38:47,88347.08,89249.99,89300,89523.16,90600,89348,87304.33,88833.65,83383.33,13125.40425,14332.18502,30431.38201,1.16E+09,1.28E+09,2.61E+09,3787336,4385791,5598749,6722.86937,7015.44336,12385.58906,5.94E+08,6.29E+08,1.06E+09,1.9042,1.9157,1.9112,1.9295,1.9427,1.9134,1.8741,1.8944,1.778,6.46E+07,6.74E+07,1.49E+08,1.23E+08,1.29E+08,2.73E+08,684052,726865,1163676,3.26E+07,3.04E+07,7.42E+07,6.20E+07,5.84E+07,1.36E+08,124.24,127.18,125.34,127.84,128.34,125.51,123.12,124.78,115.39,2036509.042,1997863.528,3730613.473,2.55E+08,2.53E+08,4.45E+08,1006079,1065285,1444201,1012080.68,990296.273,1863128.834,1.27E+08,1.25E+08,2.22E+08,69.73,70.03,69.41,70.49,70.31,69.55,68.64,68.42,64.43,325716.599,301017.18,474641.116,2.27E+07,2.09E+07,3.16E+07,203658,204313,310607,164010.615,149375.398,234873.613,1.14E+07,1.04E+07,1.56E+07,2930.35,3026.77,3010.78,3035.08,3045.78,3013.5,2899.77,2983.67,2754.53,478792.3988,296607.6549,561288.5979,1.42E+09,8.94E+08,1.60E+09,5278439,5061029,6779608,229630.1728,154557.6064,270939.8171,6.79E+08,4.66E+08,7.73E+08,2707.38
2026-01-30T22:38:47,89249.99,89300,84650.16,90600,89348,84735.75,88833.65,83383.33,81118,14332.18502,30431.38201,35195.84793,1.28E+09,2.61E+09,2.92E+09,4385791,5598749,8998829,7015.44336,12385.58906,16749.59784,6.29E+08,1.06E+09,1.39E+09,1.9157,1.9112,1.8077,1.9427,1.9134,1.8131,1.8944,1.778,1.7107,6.74E+07,1.49E+08,2.30E+08,1.29E+08,2.73E+08,4.03E+08,726865,1163676,1962404,3.04E+07,7.42E+07,1.12E+08,5.84E+07,1.36E+08,1.96E+08,127.18,125.34,117.82,128.34,125.51,119.12,124.78,115.39,112.14,1997863.528,3730613.473,4761006.742,2.53E+08,4.45E+08,5.52E+08,1065285,1444201,1991218,990296.273,1863128.834,2428166.266,1.25E+08,2.22E+08,2.82E+08,70.03,69.41,66.24,70.31,69.55,66.47,68.42,64.43,62.71,301017.18,474641.116,686027.282,2.09E+07,3.16E+07,4.43E+07,204313,310607,462166,149375.398,234873.613,331480.413,1.04E+07,1.56E+07,2.14E+07,3026.77,3010.78,2822.6,3045.78,3013.5,2828.65,2983.67,2754.53,2636.01,296607.6549,561288.5979,793279.6252,8.94E+08,1.60E+09,2.16E+09,5061029,6779608,10661631,154557.6064,270939.8171,388766.163,4.66E+08,7.73E+08,1.06E+09,2451.95
2026-01-31T22:38:47,89300,84650.16,84260.5,89348,84735.75,84270.02,83383.33,81118,75719.9,30431.38201,35195.84793,39491.89133,2.61E+09,2.92E+09,3.16E+09,5598749,8998829,7384976,12385.58906,16749.59784,17959.61358,1.06E+09,1.39E+09,1.44E+09,1.9112,1.8077,1.7353,1.9134,1.8131,1.7547,1.778,1.7107,1.5028,1.49E+08,2.30E+08,3.32E+08,2.73E+08,4.03E+08,5.39E+08,1163676,1962404,2380722,7.42E+07,1.12E+08,1.56E+08,1.36E+08,1.96E+08,2.52E+08,125.34,117.82,117.6,125.51,119.12,118.85,115.39,112.14,96.4,3730613.473,4761006.742,8567398.326,4.45E+08,5.52E+08,9.21E+08,1444201,1991218,3248600,1863128.834,2428166.266,4092929.327,2.22E+08,2.82E+08,4.39E+08,69.41,66.24,65.47,69.55,66.47,65.5,64.43,62.71,55,474641.116,686027.282,1322363.304,3.16E+07,4.43E+07,7.88E+07,310607,462166,621529,234873.613,331480.413,648434.176,1.56E+07,2.14E+07,3.86E+07,3010.78,2822.6,2707.37,3013.5,2828.65,2714.64,2754.53,2636.01,2250,561288.5979,793279.6252,1113097.713,1.60E+09,2.16E+09,2.76E+09,6779608,10661631,9305297,270939.8171,388766.163,520430.2055,7.73E+08,1.06E+09,1.29E+09,2270.15
2026-02-01T22:38:47,84650.16,84260.5,78741.1,84735.75,84270.02,79424,81118,75719.9,75700,35195.84793,39491.89133,25395.48168,2.92E+09,3.16E+09,1.97E+09,8998829,7384976,8001906,16749.59784,17959.61358,12031.74392,1.39E+09,1.44E+09,9.36E+08,1.8077,1.7353,1.6472,1.8131,1.7547,1.6805,1.7107,1.5028,1.5526,2.30E+08,3.32E+08,1.82E+08,4.03E+08,5.39E+08,2.96E+08,1962404,2380722,1719231,1.12E+08,1.56E+08,8.07E+07,1.96E+08,2.52E+08,1.31E+08,117.82,117.6,105.58,119.12,118.85,106.69,112.14,96.4,98.02,4761006.742,8567398.326,4204256.051,5.52E+08,9.21E+08,4.33E+08,1991218,3248600,2202213,2428166.266,4092929.327,2052275.136,2.82E+08,4.39E+08,2.11E+08,66.24,65.47,59.53,66.47,65.5,59.92,62.71,55,57.16,686027.282,1322363.304,614483.462,4.43E+07,7.88E+07,3.62E+07,462166,621529,400538,331480.413,648434.176,299807.269,2.14E+07,3.86E+07,1.77E+07,2822.6,2707.37,2451.96,2828.65,2714.64,2475.98,2636.01,2250,2222,793279.6252,1113097.713,1026573.947,2.16E+09,2.76E+09,2.41E+09,10661631,9305297,11038637,388766.163,520430.2055,455879.6449,1.06E+09,1.29E+09,1.07E+09,2347.02
2026-02-02T22:38:47,84260.5,78741.1,76968.22,84270.02,79424,79360,75719.9,75700,74604,39491.89133,25395.48168,42273.59016,3.16E+09,1.97E+09,3.26E+09,7384976,8001906,10085578,17959.61358,12031.74392,21480.45115,1.44E+09,9.36E+08,1.66E+09,1.7353,1.6472,1.5908,1.7547,1.6805,1.6571,1.5028,1.5526,1.5307,3.32E+08,1.82E+08,2.18E+08,5.39E+08,2.96E+08,3.49E+08,2380722,1719231,2139400,1.56E+08,8.07E+07,1.02E+08,2.52E+08,1.31E+08,1.63E+08,117.6,105.58,100.78,118.85,106.69,106.12,96.4,98.02,95.95,8567398.326,4204256.051,5574032.681,9.21E+08,4.33E+08,5.67E+08,3248600,2202213,2856979,4092929.327,2052275.136,2663023.902,4.39E+08,2.11E+08,2.71E+08,65.47,59.53,58.49,65.5,59.92,61.17,55,57.16,56.51,1322363.304,614483.462,649668.505,7.88E+07,3.62E+07,3.83E+07,621529,400538,431721,648434.176,299807.269,314511.934,3.86E+07,1.77E+07,1.86E+07,2707.37,2451.96,2270.16,2714.64,2475.98,2396.62,2250,2222,2157.14,1113097.713,1026573.947,1248535.211,2.76E+09,2.41E+09,2.84E+09,9305297,11038637,11149156,520430.2055,455879.6449,614416.942,1.29E+09,1.07E+09,1.40E+09,2233.72
2026-02-03T22:38:47,78741.1,76968.22,78738.6,79424,79360,79186.81,75700,74604,72945.5,25395.48168,42273.59016,39120.10889,1.97E+09,3.26E+09,2.99E+09,8001906,10085578,9199445,12031.74392,21480.45115,17304.88253,9.36E+08,1.66E+09,1.32E+09,1.6472,1.5908,1.6199,1.6805,1.6571,1.6339,1.5526,1.5307,1.5274,1.82E+08,2.18E+08,1.91E+08,2.96E+08,3.49E+08,3.03E+08,1719231,2139400,1612184,8.07E+07,1.02E+08,8.94E+07,1.31E+08,1.63E+08,1.42E+08,105.58,100.78,104.54,106.69,106.12,105.1,98.02,95.95,96.64,4204256.051,5574032.681,4514018.115,4.33E+08,5.67E+08,4.56E+08,2202213,2856979,2135637,2052275.136,2663023.902,2227613.325,2.11E+08,2.71E+08,2.25E+08,59.53,58.49,60.02,59.92,61.17,61.38,57.16,56.51,56.87,614483.462,649668.505,607480.409,3.62E+07,3.83E+07,3.62E+07,400538,431721,394246,299807.269,314511.934,302061.837,1.77E+07,1.86E+07,1.80E+07,2451.96,2270.16,2347.01,2475.98,2396.62,2359.88,2222,2157.14,2110,1026573.947,1248535.211,1321099.387,2.41E+09,2.84E+09,2.98E+09,11038637,11149156,11643770,455879.6449,614416.942,666418.2157,1.07E+09,1.40E+09,1.51E+09,2148.26
2026-02-04T22:38:47,76968.22,78738.6,75770.21,79360,79186.81,76971.52,74604,72945.5,71888,42273.59016,39120.10889,38375.36,3.26E+09,2.99E+09,2.85E+09,10085578,9199445,10724002,21480.45115,17304.88253,17274.35569,1.66E+09,1.32E+09,1.28E+09,1.5908,1.6199,1.579,1.6571,1.6339,1.6122,1.5307,1.5274,1.4948,2.18E+08,1.91E+08,1.94E+08,3.49E+08,3.03E+08,3.02E+08,2139400,1612184,1749945,1.02E+08,8.94E+07,9.30E+07,1.63E+08,1.42E+08,1.44E+08,100.78,104.54,97.89,106.12,105.1,99.67,95.95,96.64,89.3,5574032.681,4514018.115,6251459.371,5.67E+08,4.56E+08,5.90E+08,2856979,2135637,2940009,2663023.902,2227613.325,3095939.216,2.71E+08,2.25E+08,2.92E+08,58.49,60.02,59.47,61.17,61.38,60.99,56.51,56.87,57.07,649668.505,607480.409,610711.727,3.83E+07,3.62E+07,3.61E+07,431721,394246,410884,314511.934,302061.837,309305.507,1.86E+07,1.80E+07,1.83E+07,2270.16,2347.01,2233.72,2396.62,2359.88,2295.74,2157.14,2110,2076.68,1248535.211,1321099.387,1264743.43,2.84E+09,2.98E+09,2.76E+09,11149156,11643770,10912540,614416.942,666418.2157,609896.0952,1.40E+09,1.51E+09,1.33E+09,1826.83
2026-02-05T22:38:47,78738.6,75770.21,73165.84,79186.81,76971.52,73341.18,72945.5,71888,62345,39120.10889,38375.36,106298.829,2.99E+09,2.85E+09,7.20E+09,9199445,10724002,15364010,17304.88253,17274.35569,49042.65006,1.32E+09,1.28E+09,3.33E+09,1.6199,1.579,1.512,1.6339,1.6122,1.5154,1.5274,1.4948,1.1371,1.91E+08,1.94E+08,7.44E+08,3.03E+08,3.02E+08,9.62E+08,1612184,1749945,5683396,8.94E+07,9.30E+07,3.66E+08,1.42E+08,1.44E+08,4.74E+08,104.54,97.89,92.11,105.1,99.67,93.43,96.64,89.3,77.6,4514018.115,6251459.371,1.02E+07,4.56E+08,5.90E+08,8.75E+08,2135637,2940009,4871571,2227613.325,3095939.216,4836738.921,2.25E+08,2.92E+08,4.14E+08,60.02,59.47,58.89,61.38,60.99,59.49,56.87,57.07,50.18,607480.409,610711.727,1590945.035,3.62E+07,3.61E+07,8.60E+07,394246,410884,966022,302061.837,309305.507,762889.225,1.80E+07,1.83E+07,4.12E+07,2347.01,2233.72,2148.25,2359.88,2295.74,2173.77,2110,2076.68,1818.18,1321099.387,1264743.43,1952286.695,2.98E+09,2.76E+09,3.90E+09,11643770,10912540,13667587,666418.2157,609896.0952,967965.2824,1.51E+09,1.33E+09,1.93E+09,2063.38
2026-02-06T22:38:47,75770.21,73165.84,62909.87,76971.52,73341.18,71751.33,71888,62345,60000,38375.36,106298.829,92539.21531,2.85E+09,7.20E+09,6.13E+09,10724002,15364010,13228528,17274.35569,49042.65006,49477.51198,1.28E+09,3.33E+09,3.29E+09,1.579,1.512,1.2145,1.6122,1.5154,1.5442,1.4948,1.1371,1.1172,1.94E+08,7.44E+08,7.08E+08,3.02E+08,9.62E+08,9.61E+08,1749945,5683396,5710571,9.30E+07,3.66E+08,3.41E+08,1.44E+08,4.74E+08,4.63E+08,97.89,92.11,78.34,99.67,93.43,89.84,89.3,77.6,67.5,6251459.371,1.02E+07,1.18E+07,5.90E+08,8.75E+08,9.44E+08,2940009,4871571,3980604,3095939.216,4836738.921,5773154.785,2.92E+08,4.14E+08,4.62E+08,59.47,58.89,50.79,60.99,59.49,56.47,57.07,50.18,45.07,610711.727,1590945.035,1678612.362,3.61E+07,8.60E+07,8.54E+07,410884,966022,787483,309305.507,762889.225,845363.186,1.83E+07,4.12E+07,4.30E+07,2233.72,2148.25,1826.83,2295.74,2173.77,2093.94,2076.68,1818.18,1747.8,1264743.43,1952286.695,2102311.557,2.76E+09,3.90E+09,4.10E+09,10912540,13667587,12362731,609896.0952,967965.2824,1189792.576,1.33E+09,1.93E+09,2.32E+09,2087.08
2026-02-07T22:38:47,73165.84,62909.87,70580.26,73341.18,71751.33,71690.07,62345,60000,67300,106298.829,92539.21531,44255.48036,7.20E+09,6.13E+09,3.06E+09,15364010,13228528,7167427,49042.65006,49477.51198,18766.22233,3.33E+09,3.29E+09,1.30E+09,1.512,1.2145,1.4697,1.5154,1.5442,1.4879,1.1371,1.1172,1.3858,7.44E+08,7.08E+08,2.74E+08,9.62E+08,9.61E+08,3.92E+08,5683396,5710571,2315753,3.66E+08,3.41E+08,1.28E+08,4.74E+08,4.63E+08,1.83E+08,92.11,78.34,87.45,93.43,89.84,89.2,77.6,67.5,84.16,1.02E+07,1.18E+07,4486649.48,8.75E+08,9.44E+08,3.90E+08,4871571,3980604,1746041,4836738.921,5773154.785,2188177.051,4.14E+08,4.62E+08,1.90E+08,58.89,50.79,55.01,59.49,56.47,56,50.18,45.07,52.86,1590945.035,1678612.362,807072.496,8.60E+07,8.54E+07,4.41E+07,966022,787483,370872,762889.225,845363.186,397549.15,4.12E+07,4.30E+07,2.17E+07,2148.25,1826.83,2063.37,2173.77,2093.94,2121.7,1818.18,1747.8,1994.57,1952286.695,2102311.557,1142616.449,3.90E+09,4.10E+09,2.35E+09,13667587,12362731,7938360,967965.2824,1189792.576,548585.9421,1.93E+09,2.32E+09,1.13E+09,2089.74
2026-02-08T22:38:47,62909.87,70580.26,69289.37,71751.33,71690.07,72271.41,60000,67300,68888,92539.21531,44255.48036,21420.53168,6.13E+09,3.06E+09,1.51E+09,13228528,7167427,4870449,49477.51198,18766.22233,11435.75238,3.29E+09,1.30E+09,8.06E+08,1.2145,1.4697,1.4231,1.5442,1.4879,1.4703,1.1172,1.3858,1.4099,7.08E+08,2.74E+08,1.26E+08,9.61E+08,3.92E+08,1.81E+08,5710571,2315753,1292240,3.41E+08,1.28E+08,6.32E+07,4.63E+08,1.83E+08,9.10E+07,78.34,87.45,87.59,89.84,89.2,89.08,67.5,84.16,85.77,1.18E+07,4486649.48,2534998.683,9.44E+08,3.90E+08,2.22E+08,3980604,1746041,1040850,5773154.785,2188177.051,1312312.593,4.62E+08,1.90E+08,1.15E+08,50.79,55.01,55.19,56.47,56,55.88,45.07,52.86,53.65,1678612.362,807072.496,374171.837,8.54E+07,4.41E+07,2.06E+07,787483,370872,186034,845363.186,397549.15,186118.409,4.30E+07,2.17E+07,1.02E+07,1826.83,2063.37,2087.08,2093.94,2121.7,2152.03,1747.8,1994.57,2064.1,2102311.557,1142616.449,482837.2515,4.10E+09,2.35E+09,1.02E+09,12362731,7938360,4379045,1189792.576,548585.9421,228020.7596,2.32E+09,1.13E+09,4.80E+08,2105.02
2026-02-09T22:38:47,70580.26,69289.37,70330.38,71690.07,72271.41,71453.53,67300,68888,68308,44255.48036,21420.53168,29152.72842,3.06E+09,1.51E+09,2.04E+09,7167427,4870449,6644769,18766.22233,11435.75238,13854.63486,1.30E+09,8.06E+08,9.69E+08,1.4697,1.4231,1.4308,1.4879,1.4703,1.4642,1.3858,1.4099,1.3728,2.74E+08,1.26E+08,1.69E+08,3.92E+08,1.81E+08,2.41E+08,2315753,1292240,1495561,1.28E+08,6.32E+07,7.18E+07,1.83E+08,9.10E+07,1.02E+08,87.45,87.59,86.99,89.2,89.08,88.69,84.16,85.77,82.86,4486649.48,2534998.683,3667652.416,3.90E+08,2.22E+08,3.15E+08,1746041,1040850,1641253,2188177.051,1312312.593,1730490.081,1.90E+08,1.15E+08,1.49E+08,55.01,55.19,54.53,56,55.88,55.13,52.86,53.65,52.36,807072.496,374171.837,393768.113,4.41E+07,2.06E+07,2.13E+07,370872,186034,221153,397549.15,186118.409,199565.246,2.17E+07,1.02E+07,1.08E+07,2063.37,2087.08,2089.73,2121.7,2152.03,2147.73,1994.57,2064.1,2008.62,1142616.449,482837.2515,625378.5569,2.35E+09,1.02E+09,1.30E+09,7938360,4379045,6331904,548585.9421,228020.7596,315446.5313,1.13E+09,4.80E+08,6.56E+08,2022.67
2026-02-10T22:38:47,69289.37,70330.38,70138,72271.41,71453.53,70527.59,68888,68308,67800,21420.53168,29152.72842,20373.77072,1.51E+09,2.04E+09,1.41E+09,4870449,6644769,4558658,11435.75238,13854.63486,9237.21056,8.06E+08,9.69E+08,6.39E+08,1.4231,1.4308,1.437,1.4703,1.4642,1.4532,1.4099,1.3728,1.3916,1.26E+08,1.69E+08,1.13E+08,1.81E+08,2.41E+08,1.61E+08,1292240,1495561,939856,6.32E+07,7.18E+07,5.26E+07,9.10E+07,1.02E+08,7.45E+07,87.59,86.99,86.77,89.08,88.69,87.49,85.77,82.86,81.91,2534998.683,3667652.416,2975212.105,2.22E+08,3.15E+08,2.51E+08,1040850,1641253,1118002,1312312.593,1730490.081,1398749.372,1.15E+08,1.49E+08,1.18E+08,55.19,54.53,54.45,55.88,55.13,54.68,53.65,52.36,52.84,374171.837,393768.113,289989.059,2.06E+07,2.13E+07,1.55E+07,186034,221153,185560,186118.409,199565.246,132344.439,1.02E+07,1.08E+07,7081719.455,2087.08,2089.73,2105.02,2152.03,2147.73,2124.71,2064.1,2008.62,1989.38,482837.2515,625378.5569,574321.6908,1.02E+09,1.30E+09,1.16E+09,4379045,6331904,5159394,228020.7596,315446.5313,276990.265,4.80E+08,6.56E+08,5.61E+08,1941.18
2026-02-11T22:38:47,70330.38,70138,68841.28,71453.53,70527.59,69292.88,68308,67800,65756,29152.72842,20373.77072,28718.24602,2.04E+09,1.41E+09,1.93E+09,6644769,4558658,6956577,13854.63486,9237.21056,14335.50997,9.69E+08,6.39E+08,9.64E+08,1.4308,1.437,1.3998,1.4642,1.4532,1.4205,1.3728,1.3916,1.3421,1.69E+08,1.13E+08,1.73E+08,2.41E+08,1.61E+08,2.38E+08,1495561,939856,1382467,7.18E+07,5.26E+07,8.26E+07,1.02E+08,7.45E+07,1.13E+08,86.99,86.77,82.99,88.69,87.49,84.39,82.86,81.91,78.04,3667652.416,2975212.105,3814913.32,3.15E+08,2.51E+08,3.08E+08,1641253,1118002,1519961,1730490.081,1398749.372,1909861.395,1.49E+08,1.18E+08,1.54E+08,54.53,54.45,53.37,55.13,54.68,53.71,52.36,52.84,51,393768.113,289989.059,428953.94,2.13E+07,1.55E+07,2.24E+07,221153,185560,231264,199565.246,132344.439,207632.745,1.08E+07,7081719.455,1.08E+07,2089.73,2105.02,2022.67,2147.73,2124.71,2032.31,2008.62,1989.38,1903.19,625378.5569,574321.6908,529655.8177,1.30E+09,1.16E+09,1.04E+09,6331904,5159394,6450810,315446.5313,276990.265,259017.7416,6.56E+08,5.61E+08,5.07E+08,1947.85
2026-02-12T22:38:47,70138,68841.28,67082.52,70527.59,69292.88,68410.52,67800,65756,65118,20373.77072,28718.24602,24271.74283,1.41E+09,1.93E+09,1.62E+09,4558658,6956577,6778280,9237.21056,14335.50997,12101.72511,6.39E+08,9.64E+08,8.09E+08,1.437,1.3998,1.3697,1.4532,1.4205,1.4082,1.3916,1.3421,1.3461,1.13E+08,1.73E+08,1.17E+08,1.61E+08,2.38E+08,1.61E+08,939856,1382467,1005243,5.26E+07,8.26E+07,5.98E+07,7.45E+07,1.13E+08,8.22E+07,86.77,82.99,79.31,87.49,84.39,82.25,81.91,78.04,76.6,2975212.105,3814913.32,3196230.117,2.51E+08,3.08E+08,2.54E+08,1118002,1519961,1324436,1398749.372,1909861.395,1622269.948,1.18E+08,1.54E+08,1.29E+08,54.45,53.37,52.32,54.68,53.71,53.81,52.84,51,51.51,289989.059,428953.94,340264.81,1.55E+07,2.24E+07,1.80E+07,185560,231264,178539,132344.439,207632.745,172328.959,7081719.455,1.08E+07,9097690.341,2105.02,2022.67,1941.19,2124.71,2032.31,2001.42,1989.38,1903.19,1897.24,574321.6908,529655.8177,427567.1469,1.16E+09,1.04E+09,8.33E+08,5159394,6450810,5262808,276990.265,259017.7416,212467.499,5.61E+08,5.07E+08,4.14E+08,2048.72
2026-02-13T22:38:47,68841.28,67082.52,66272.17,69292.88,68410.52,69482.97,65756,65118,65872.46,28718.24602,24271.74283,20244.54955,1.93E+09,1.62E+09,1.37E+09,6956577,6778280,6450842,14335.50997,12101.72511,10425.24887,9.64E+08,8.09E+08,7.07E+08,1.3998,1.3697,1.3635,1.4205,1.4082,1.4285,1.3421,1.3461,1.3485,1.73E+08,1.17E+08,1.25E+08,2.38E+08,1.61E+08,1.73E+08,1382467,1005243,982787,8.26E+07,5.98E+07,5.67E+07,1.13E+08,8.22E+07,7.86E+07,82.99,79.31,78.39,84.39,82.25,85.63,78.04,76.6,77.53,3814913.32,3196230.117,3370390.272,3.08E+08,2.54E+08,2.76E+08,1519961,1324436,1245544,1909861.395,1622269.948,1651859.713,1.54E+08,1.29E+08,1.35E+08,53.37,52.32,53.15,53.71,53.81,55.7,51,51.51,52.36,428953.94,340264.81,376571.893,2.24E+07,1.80E+07,2.04E+07,231264,178539,205807,207632.745,172328.959,194229.802,1.08E+07,9097690.341,1.05E+07,2022.67,1941.19,1947.85,2032.31,2001.42,2073.68,1903.19,1897.24,1924.72,529655.8177,427567.1469,425649.7698,1.04E+09,8.33E+08,8.51E+08,6450810,5262808,4695571,259017.7416,212467.499,215643.6192,5.07E+08,4.14E+08,4.31E+08,2086.59
2026-02-14T22:38:47,67082.52,66272.17,68853.97,68410.52,69482.97,70560.01,65118,65872.46,68730.13,24271.74283,20244.54955,18114.78393,1.62E+09,1.37E+09,1.26E+09,6778280,6450842,3803163,12101.72511,10425.24887,7857.93423,8.09E+08,7.07E+08,5.47E+08,1.3697,1.3635,1.407,1.4082,1.4285,1.5138,1.3461,1.3485,1.4051,1.17E+08,1.25E+08,1.13E+08,1.61E+08,1.73E+08,1.66E+08,1005243,982787,851648,5.98E+07,5.67E+07,5.49E+07,8.22E+07,7.86E+07,8.04E+07,79.31,78.39,84.34,82.25,85.63,88.9,76.6,77.53,84.21,3196230.117,3370390.272,2698607.215,2.54E+08,2.76E+08,2.34E+08,1324436,1245544,771870,1622269.948,1651859.713,1378612.079,1.29E+08,1.35E+08,1.20E+08,52.32,53.15,55.04,53.81,55.7,56.66,51.51,52.36,54.88,340264.81,376571.893,322012.369,1.80E+07,2.04E+07,1.80E+07,178539,205807,177149,172328.959,194229.802,169987.471,9097690.341,1.05E+07,9474591.633,1941.19,1947.85,2048.72,2001.42,2073.68,2107.67,1897.24,1924.72,2042.37,427567.1469,425649.7698,220677.2355,8.33E+08,8.51E+08,4.58E+08,5262808,4695571,2720271,212467.499,215643.6192,110065.542,4.14E+08,4.31E+08,2.29E+08,1966.58
2026-02-15T22:38:47,66272.17,68853.97,69822.94,69482.97,70560.01,70983,65872.46,68730.13,68000,20244.54955,18114.78393,22290.05208,1.37E+09,1.26E+09,1.55E+09,6450842,3803163,4598633,10425.24887,7857.93423,8861.59262,7.07E+08,5.47E+08,6.16E+08,1.3635,1.407,1.5094,1.4285,1.5138,1.6714,1.3485,1.4051,1.445,1.25E+08,1.13E+08,2.99E+08,1.73E+08,1.66E+08,4.64E+08,982787,851648,2457642,5.67E+07,5.49E+07,1.50E+08,7.86E+07,8.04E+07,2.32E+08,78.39,84.34,88.06,85.63,88.9,91.26,77.53,84.21,84.89,3370390.272,2698607.215,3929085.4,2.76E+08,2.34E+08,3.46E+08,1245544,771870,1210120,1651859.713,1378612.079,1880755.574,1.35E+08,1.20E+08,1.66E+08,53.15,55.04,55.99,55.7,56.66,56.68,52.36,54.88,54.18,376571.893,322012.369,375205.526,2.04E+07,1.80E+07,2.08E+07,205807,177149,233014,194229.802,169987.471,183831.788,1.05E+07,9474591.633,1.02E+07,1947.85,2048.72,2086.59,2073.68,2107.67,2103.32,1924.72,2042.37,1928.88,425649.7698,220677.2355,834778.0952,8.51E+08,4.58E+08,1.68E+09,4695571,2720271,5864311,215643.6192,110065.542,323503.2298,4.31E+08,2.29E+08,6.51E+08,1998.33
2026-02-16T22:38:47,68853.97,69822.94,68832.59,70560.01,70983,70126.67,68730.13,68000,67294.11,18114.78393,22290.05208,15515.76534,1.26E+09,1.55E+09,1.06E+09,3803163,4598633,5233849,7857.93423,8861.59262,8153.4314,5.47E+08,6.16E+08,5.59E+08,1.407,1.5094,1.4753,1.5138,1.6714,1.5171,1.4051,1.445,1.4485,1.13E+08,2.99E+08,1.45E+08,1.66E+08,4.64E+08,2.16E+08,851648,2457642,1276762,5.49E+07,1.50E+08,7.59E+07,8.04E+07,2.32E+08,1.13E+08,84.34,88.06,86.15,88.9,91.26,86.93,84.21,84.89,82.55,2698607.215,3929085.4,3559751.811,2.34E+08,3.46E+08,3.03E+08,771870,1210120,1097748,1378612.079,1880755.574,1807368.413,1.20E+08,1.66E+08,1.54E+08,55.04,55.99,55.09,56.66,56.68,55.65,54.88,54.18,53.33,322012.369,375205.526,393363.556,1.80E+07,2.08E+07,2.14E+07,177149,233014,209803,169987.471,183831.788,202826.262,9474591.633,1.02E+07,1.10E+07,2048.72,2086.59,1966.59,2107.67,2103.32,2023.51,2042.37,1928.88,1937.24,220677.2355,834778.0952,351347.9433,4.58E+08,1.68E+09,6.94E+08,2720271,5864311,4476026,110065.542,323503.2298,178158.7858,2.29E+08,6.51E+08,3.52E+08,1991.66
2026-02-17T22:38:47,69822.94,68832.59,68892.43,70983,70126.67,69241.5,68000,67294.11,66621.06,22290.05208,15515.76534,16489.06921,1.55E+09,1.06E+09,1.12E+09,4598633,5233849,5994853,8861.59262,8153.4314,7538.45107,6.16E+08,5.59E+08,5.11E+08,1.5094,1.4753,1.4876,1.6714,1.5171,1.495,1.445,1.4485,1.4268,2.99E+08,1.45E+08,9.88E+07,4.64E+08,2.16E+08,1.45E+08,2457642,1276762,923941,1.50E+08,7.59E+07,5.08E+07,2.32E+08,1.13E+08,7.45E+07,88.06,86.15,86.45,91.26,86.93,87.69,84.89,82.55,82.92,3929085.4,3559751.811,2774655.865,3.46E+08,3.03E+08,2.36E+08,1210120,1097748,1064339,1880755.574,1807368.413,1385557.165,1.66E+08,1.54E+08,1.18E+08,55.99,55.09,55.13,56.68,55.65,55.85,54.18,53.33,53.17,375205.526,393363.556,357538.905,2.08E+07,2.14E+07,1.95E+07,233014,209803,225155,183831.788,202826.262,180520.162,1.02E+07,1.10E+07,9829508.579,2086.59,1966.59,1998.34,2103.32,2023.51,2015.33,1928.88,1937.24,1941.66,834778.0952,351347.9433,406246.9427,1.68E+09,6.94E+08,8.05E+08,5864311,4476026,6420841,323503.2298,178158.7858,196947.7031,6.51E+08,3.52E+08,3.90E+08,1955.91
2026-02-18T22:38:47,68832.59,68892.43,67503.52,70126.67,69241.5,68476.22,67294.11,66621.06,65870,15515.76534,16489.06921,15492.43839,1.06E+09,1.12E+09,1.04E+09,5233849,5994853,4548997,8153.4314,7538.45107,7895.05707,5.59E+08,5.11E+08,5.30E+08,1.4753,1.4876,1.4742,1.5171,1.495,1.4943,1.4485,1.4268,1.4102,1.45E+08,9.88E+07,8.58E+07,2.16E+08,1.45E+08,1.25E+08,1276762,923941,786592,7.59E+07,5.08E+07,4.30E+07,1.13E+08,7.45E+07,6.26E+07,86.15,86.45,85.09,86.93,87.69,86.09,82.55,82.92,80.48,3559751.811,2774655.865,3137603.97,3.03E+08,2.36E+08,2.61E+08,1097748,1064339,1026899,1807368.413,1385557.165,1549834.071,1.54E+08,1.18E+08,1.29E+08,55.09,55.13,53.96,55.65,55.85,54.93,53.33,53.17,52.95,393363.556,357538.905,260302.801,2.14E+07,1.95E+07,1.40E+07,209803,225155,182060,202826.262,180520.162,131921.071,1.10E+07,9829508.579,7113202.861,1966.59,1998.34,1991.67,2023.51,2015.33,2039.05,1937.24,1941.66,1923.78,351347.9433,406246.9427,393639.0086,6.94E+08,8.05E+08,7.78E+08,4476026,6420841,5176537,178158.7858,196947.7031,191523.6119,3.52E+08,3.90E+08,3.79E+08,1949.08
2026-02-19T22:38:47,68892.43,67503.52,66461,69241.5,68476.22,67320,66621.06,65870,65631.83,16489.06921,15492.43839,14542.26988,1.12E+09,1.04E+09,9.69E+08,5994853,4548997,4679351,7538.45107,7895.05707,7106.70741,5.11E+08,5.30E+08,4.73E+08,1.4876,1.4742,1.422,1.495,1.4943,1.4381,1.4268,1.4102,1.382,9.88E+07,8.58E+07,1.08E+08,1.45E+08,1.25E+08,1.53E+08,923941,786592,885502,5.08E+07,4.30E+07,4.96E+07,7.45E+07,6.26E+07,6.99E+07,86.45,85.09,81.61,87.69,86.09,82.67,82.92,80.48,79.61,2774655.865,3137603.97,2848277.49,2.36E+08,2.61E+08,2.31E+08,1064339,1026899,946105,1385557.165,1549834.071,1441047.461,1.18E+08,1.29E+08,1.17E+08,55.13,53.96,53.32,55.85,54.93,53.73,53.17,52.95,51.42,357538.905,260302.801,266659.855,1.95E+07,1.40E+07,1.40E+07,225155,182060,177298,180520.162,131921.071,131754.862,9829508.579,7113202.861,6928661.554,1998.34,1991.67,1955.9,2015.33,2039.05,1987.55,1941.66,1923.78,1907,406246.9427,393639.0086,300257.0733,8.05E+08,7.78E+08,5.84E+08,6420841,5176537,3793608,196947.7031,191523.6119,142030.3122,3.90E+08,3.79E+08,2.76E+08,1968.88
2026-02-20T22:38:47,67503.52,66461,67003.73,68476.22,67320,68318.39,65870,65631.83,66280.2,15492.43839,14542.26988,35351.87091,1.04E+09,9.69E+08,2.38E+09,4548997,4679351,5044912,7895.05707,7106.70741,15001.46034,5.30E+08,4.73E+08,1.01E+09,1.4742,1.422,1.4068,1.4943,1.4381,1.4389,1.4102,1.382,1.3775,8.58E+07,1.08E+08,1.24E+08,1.25E+08,1.53E+08,1.75E+08,786592,885502,1033248,4.30E+07,4.96E+07,6.30E+07,6.26E+07,6.99E+07,8.93E+07,85.09,81.61,82.5,86.09,82.67,85.49,80.48,79.61,81.77,3137603.97,2848277.49,3754556.759,2.61E+08,2.31E+08,3.14E+08,1026899,946105,1184887,1549834.071,1441047.461,1792745.473,1.29E+08,1.17E+08,1.50E+08,53.96,53.32,52.71,54.93,53.73,55.47,52.95,51.42,52.66,260302.801,266659.855,463361.849,1.40E+07,1.40E+07,2.52E+07,182060,177298,247994,131921.071,131754.862,238052.659,7113202.861,6928661.554,1.30E+07,1991.67,1955.9,1949.08,2039.05,1987.55,1981.18,1923.78,1907,1922.97,393639.0086,300257.0733,386253.5557,7.78E+08,5.84E+08,7.56E+08,5176537,3793608,3948261,191523.6119,142030.3122,186424.2257,3.79E+08,2.76E+08,3.65E+08,1973.35
2026-02-21T22:38:47,66461,67003.73,68020,67320,68318.39,68698.7,65631.83,66280.2,67534.69,14542.26988,35351.87091,8032.84131,9.69E+08,2.38E+09,5.48E+08,4679351,5044912,1593539,7106.70741,15001.46034,4003.46206,4.73E+08,1.01E+09,2.73E+08,1.422,1.4068,1.4292,1.4381,1.4389,1.4642,1.382,1.3775,1.4198,1.08E+08,1.24E+08,5.40E+07,1.53E+08,1.75E+08,7.78E+07,885502,1033248,454239,4.96E+07,6.30E+07,2.52E+07,6.99E+07,8.93E+07,3.64E+07,81.61,82.5,84.68,82.67,85.49,86.72,79.61,81.77,83.97,2848277.49,3754556.759,1780748.862,2.31E+08,3.14E+08,1.52E+08,946105,1184887,501200,1441047.461,1792745.473,853621.901,1.17E+08,1.50E+08,7.30E+07,53.32,52.71,55.19,53.73,55.47,56.01,51.42,52.66,54.82,266659.855,463361.849,242511.391,1.40E+07,2.52E+07,1.34E+07,177298,247994,129022,131754.862,238052.659,131023.911,6928661.554,1.30E+07,7252760.382,1955.9,1949.08,1968.88,1987.55,1981.18,1995.56,1907,1922.97,1955.62,300257.0733,386253.5557,179173.8456,5.84E+08,7.56E+08,3.54E+08,3793608,3948261,1362230,142030.3122,186424.2257,91535.9107,2.76E+08,3.65E+08,1.81E+08,1957.82
2026-02-22T22:38:47,67003.73,68020,67975.93,68318.39,68698.7,68245,66280.2,67534.69,67190,35351.87091,8032.84131,8175.13484,2.38E+09,5.48E+08,5.54E+08,5044912,1593539,2160900,15001.46034,4003.46206,3974.29287,1.01E+09,2.73E+08,2.69E+08,1.4068,1.4292,1.4303,1.4389,1.4642,1.4338,1.3775,1.4198,1.38,1.24E+08,5.40E+07,6.12E+07,1.75E+08,7.78E+07,8.59E+07,1033248,454239,455685,6.30E+07,2.52E+07,2.84E+07,8.93E+07,3.64E+07,3.99E+07,82.5,84.68,85.17,85.49,86.72,85.6,81.77,83.97,82.48,3754556.759,1780748.862,1798852.596,3.14E+08,1.52E+08,1.51E+08,1184887,501200,478017,1792745.473,853621.901,884360.629,1.50E+08,7.30E+07,7.44E+07,52.71,55.19,54.91,55.47,56.01,54.92,52.66,54.82,52.94,463361.849,242511.391,231209.383,2.52E+07,1.34E+07,1.24E+07,247994,129022,111289,238052.659,131023.911,112032.994,1.30E+07,7252760.382,6032959.075,1949.08,1968.88,1973.35,1981.18,1995.56,1983.13,1922.97,1955.62,1935,386253.5557,179173.8456,155325.6482,7.56E+08,3.54E+08,3.05E+08,3948261,1362230,1850073,186424.2257,91535.9107,77240.1124,3.65E+08,1.81E+08,1.51E+08,1856.3
2026-02-23T22:38:47,68020,67975.93,67643.39,68698.7,68245,67684.86,67534.69,67190,63888.79,8032.84131,8175.13484,33075.90923,5.48E+08,5.54E+08,2.16E+09,1593539,2160900,8268695,4003.46206,3974.29287,16388.63858,2.73E+08,2.69E+08,1.07E+09,1.4292,1.4303,1.3932,1.4642,1.4338,1.4248,1.4198,1.38,1.3301,5.40E+07,6.12E+07,1.89E+08,7.78E+07,8.59E+07,2.59E+08,454239,455685,1477289,2.52E+07,2.84E+07,8.75E+07,3.64E+07,3.99E+07,1.20E+08,84.68,85.17,82.8,86.72,85.6,82.85,83.97,82.48,77.15,1780748.862,1798852.596,5163373.383,1.52E+08,1.51E+08,4.08E+08,501200,478017,1508435,853621.901,884360.629,2566537.654,7.30E+07,7.44E+07,2.03E+08,55.19,54.91,53.48,56.01,54.92,53.55,54.82,52.94,50.72,242511.391,231209.383,349970.204,1.34E+07,1.24E+07,1.82E+07,129022,111289,227901,131023.911,112032.994,163764.655,7252760.382,6032959.075,8495613.93,1968.88,1973.35,1957.82,1995.56,1983.13,1958.33,1955.62,1935,1837.13,179173.8456,155325.6482,547359.4869,3.54E+08,3.05E+08,1.03E+09,1362230,1850073,6684753,91535.9107,77240.1124,266498.7851,1.81E+08,1.51E+08,5.02E+08,1851.94
2026-02-24T22:38:47,67975.93,67643.39,64656.01,68245,67684.86,65026.75,67190,63888.79,62510.28,8175.13484,33075.90923,23102.83622,5.54E+08,2.16E+09,1.47E+09,2160900,8268695,7553629,3974.29287,16388.63858,11150.61026,2.69E+08,1.07E+09,7.09E+08,1.4303,1.3932,1.3519,1.4338,1.4248,1.3676,1.38,1.3301,1.3124,6.12E+07,1.89E+08,1.39E+08,8.59E+07,2.59E+08,1.87E+08,455685,1477289,1184905,2.84E+07,8.75E+07,6.45E+07,3.99E+07,1.20E+08,8.65E+07,85.17,82.8,77.91,85.6,82.85,79.62,82.48,77.15,75.63,1798852.596,5163373.383,3592828.376,1.51E+08,4.08E+08,2.78E+08,478017,1508435,1232135,884360.629,2566537.654,1792005.524,7.44E+07,2.03E+08,1.39E+08,54.91,53.48,51.35,54.92,53.55,51.9,52.94,50.72,50.18,231209.383,349970.204,376143.687,1.24E+07,1.82E+07,1.92E+07,111289,227901,206302,112032.994,163764.655,171815.79,6032959.075,8495613.93,8765389.687,1973.35,1957.82,1856.3,1983.13,1958.33,1869.58,1935,1837.13,1800,155325.6482,547359.4869,438064.0284,3.05E+08,1.03E+09,8.04E+08,1850073,6684753,6607359,77240.1124,266498.7851,205850.4101,1.51E+08,5.02E+08,3.78E+08,2057.48
2026-02-25T22:38:47,67643.39,64656.01,64058.15,67684.86,65026.75,69988.83,63888.79,62510.28,63913.27,33075.90923,23102.83622,30749.99259,2.16E+09,1.47E+09,2.06E+09,8268695,7553629,7096715,16388.63858,11150.61026,16382.91985,1.07E+09,7.09E+08,1.10E+09,1.3932,1.3519,1.3483,1.4248,1.3676,1.4935,1.3301,1.3124,1.3404,1.89E+08,1.39E+08,2.45E+08,2.59E+08,1.87E+08,3.49E+08,1477289,1184905,1713510,8.75E+07,6.45E+07,1.22E+08,1.20E+08,8.65E+07,1.74E+08,82.8,77.91,78.99,82.85,79.62,92.1,77.15,75.63,78.73,5163373.383,3592828.376,5632749.415,4.08E+08,2.78E+08,4.81E+08,1508435,1232135,2076213,2566537.654,1792005.524,2958342.232,2.03E+08,1.39E+08,2.53E+08,53.48,51.35,51.16,53.55,51.9,59,50.72,50.18,51.03,349970.204,376143.687,683585.789,1.82E+07,1.92E+07,3.81E+07,227901,206302,338588,163764.655,171815.79,335310.525,8495613.93,8765389.687,1.86E+07,1957.82,1856.3,1851.95,1958.33,1869.58,2148.39,1837.13,1800,1846.74,547359.4869,438064.0284,682979.4378,1.03E+09,8.04E+08,1.37E+09,6684753,6607359,9024746,266498.7851,205850.4101,343230.549,5.02E+08,3.78E+08,6.86E+08,2027.68
2026-02-26T22:38:47,64656.01,64058.15,67988.04,65026.75,69988.83,68860,62510.28,63913.27,66500,23102.83622,30749.99259,20737.77792,1.47E+09,2.06E+09,1.40E+09,7553629,7096715,5426137,11150.61026,16382.91985,10172.50047,7.09E+08,1.10E+09,6.89E+08,1.3519,1.3483,1.4338,1.3676,1.4935,1.4691,1.3124,1.3404,1.3827,1.39E+08,2.45E+08,1.61E+08,1.87E+08,3.49E+08,2.29E+08,1184905,1713510,1216393,6.45E+07,1.22E+08,7.79E+07,8.65E+07,1.74E+08,1.11E+08,77.91,78.99,88.05,79.62,92.1,89.27,75.63,78.73,84.34,3592828.376,5632749.415,3356890.979,2.78E+08,4.81E+08,2.92E+08,1232135,2076213,1381041,1792005.524,2958342.232,1672944.871,1.39E+08,2.53E+08,1.46E+08,51.35,51.16,56.76,51.9,59,57.09,50.18,51.03,54.42,376143.687,683585.789,339639.683,1.92E+07,3.81E+07,1.90E+07,206302,338588,231245,171815.79,335310.525,168752.736,8765389.687,1.86E+07,9433363.439,1856.3,1851.95,2057.48,1869.58,2148.39,2083.33,1800,1846.74,1975.35,438064.0284,682979.4378,439783.3566,8.04E+08,1.37E+09,8.97E+08,6607359,9024746,7142316,205850.4101,343230.549,224781.9099,3.78E+08,6.86E+08,4.59E+08,1929.84
2026-02-27T22:38:47,64058.15,67988.04,67485.19,69988.83,68860,68216.8,63913.27,66500,64914.46,30749.99259,20737.77792,21228.58424,2.06E+09,1.40E+09,1.41E+09,7096715,5426137,3856064,16382.91985,10172.50047,10107.20917,1.10E+09,6.89E+08,6.72E+08,1.3483,1.4338,1.4027,1.4935,1.4691,1.4262,1.3404,1.3827,1.3386,2.45E+08,1.61E+08,1.65E+08,3.49E+08,2.29E+08,2.27E+08,1713510,1216393,1010806,1.22E+08,7.79E+07,8.35E+07,1.74E+08,1.11E+08,1.15E+08,78.99,88.05,85.91,92.1,89.27,88.29,78.73,84.34,80.32,5632749.415,3356890.979,3370499.359,4.81E+08,2.92E+08,2.82E+08,2076213,1381041,1290836,2958342.232,1672944.871,1608089.537,2.53E+08,1.46E+08,1.35E+08,51.16,56.76,55.61,59,57.09,56.39,51.03,54.42,53.42,683585.789,339639.683,305470.267,3.81E+07,1.90E+07,1.68E+07,338588,231245,201256,335310.525,168752.736,157289.285,1.86E+07,9433363.439,8638159.274,1851.95,2057.48,2027.68,2148.39,2083.33,2063.52,1846.74,1975.35,1887,682979.4378,439783.3566,428687.234,1.37E+09,8.97E+08,8.47E+08,9024746,7142316,5213158,343230.549,224781.9099,214287.6264,6.86E+08,4.59E+08,4.23E+08,1964.51
2026-02-28T22:38:47,67988.04,67485.19,65872.09,68860,68216.8,67760,66500,64914.46,63030,20737.77792,21228.58424,22548.71649,1.40E+09,1.41E+09,1.46E+09,5426137,3856064,5268514,10172.50047,10107.20917,11531.10802,6.89E+08,6.72E+08,7.48E+08,1.4338,1.4027,1.3562,1.4691,1.4262,1.3931,1.3827,1.3386,1.27,1.61E+08,1.65E+08,2.30E+08,2.29E+08,2.27E+08,3.05E+08,1216393,1010806,1360492,7.79E+07,8.35E+07,1.11E+08,1.11E+08,1.15E+08,1.47E+08,88.05,85.91,81.84,89.27,88.29,85.65,84.34,80.32,77.12,3356890.979,3370499.359,4737699.879,2.92E+08,2.82E+08,3.81E+08,1381041,1290836,1652423,1672944.871,1608089.537,2316943.669,1.46E+08,1.35E+08,1.86E+08,56.76,55.61,54.55,57.09,56.39,54.96,54.42,53.42,51.47,339639.683,305470.267,383397.838,1.90E+07,1.68E+07,2.04E+07,231245,201256,270111,168752.736,157289.285,201159.463,9433363.439,8638159.274,1.07E+07,2057.48,2027.68,1929.84,2083.33,2063.52,1984.99,1975.35,1887,1835.36,439783.3566,428687.234,461680.9835,8.97E+08,8.47E+08,8.77E+08,7142316,5213158,6186042,224781.9099,214287.6264,229978.4238,4.59E+08,4.23E+08,4.37E+08,1939.71
2026-03-01T22:38:47,67485.19,65872.09,66973.26,68216.8,67760,68199.99,64914.46,63030,65056,21228.58424,22548.71649,23201.85859,1.41E+09,1.46E+09,1.55E+09,3856064,5268514,5312013,10107.20917,11531.10802,11209.77201,6.72E+08,7.48E+08,7.47E+08,1.4027,1.3562,1.3761,1.4262,1.3931,1.4333,1.3386,1.27,1.3369,1.65E+08,2.30E+08,1.78E+08,2.27E+08,3.05E+08,2.47E+08,1010806,1360492,1320595,8.35E+07,1.11E+08,8.67E+07,1.15E+08,1.47E+08,1.20E+08,85.91,81.84,84.35,88.29,85.65,88.9,80.32,77.12,81.69,3370499.359,4737699.879,4435194.222,2.82E+08,3.81E+08,3.80E+08,1290836,1652423,1639105,1608089.537,2316943.669,2143442.217,1.35E+08,1.86E+08,1.83E+08,55.61,54.55,54.41,56.39,54.96,55.53,53.42,51.47,52.47,305470.267,383397.838,299256.409,1.68E+07,2.04E+07,1.62E+07,201256,270111,243982,157289.285,201159.463,145672.439,8638159.274,1.07E+07,7869797.854,2027.68,1929.84,1964.51,2063.52,1984.99,2054.8,1887,1835.36,1907.41,428687.234,461680.9835,529196.8464,8.47E+08,8.77E+08,1.05E+09,5213158,6186042,6616298,214287.6264,229978.4238,254547.6476,4.23E+08,4.37E+08,5.06E+08,2027.35
2026-03-02T22:38:47,65872.09,66973.26,65776.48,67760,68199.99,70096,63030,65056,65259.21,22548.71649,23201.85859,32010.38431,1.46E+09,1.55E+09,2.16E+09,5268514,5312013,8397526,11531.10802,11209.77201,15335.91369,7.48E+08,7.47E+08,1.04E+09,1.3562,1.3761,1.3525,1.3931,1.4333,1.423,1.27,1.3369,1.3341,2.30E+08,1.78E+08,1.67E+08,3.05E+08,2.47E+08,2.30E+08,1360492,1320595,1147060,1.11E+08,8.67E+07,7.66E+07,1.47E+08,1.20E+08,1.06E+08,81.84,84.35,83.61,85.65,88.9,90.29,77.12,81.69,82.37,4737699.879,4435194.222,5123433.26,3.81E+08,3.80E+08,4.41E+08,1652423,1639105,2012450,2316943.669,2143442.217,2558006.604,1.86E+08,1.83E+08,2.21E+08,54.55,54.41,53.25,54.96,55.53,55.72,51.47,52.47,52.95,383397.838,299256.409,462228.194,2.04E+07,1.62E+07,2.51E+07,270111,243982,285473,201159.463,145672.439,244467.986,1.07E+07,7869797.854,1.33E+07,1929.84,1964.51,1939.71,1984.99,2054.8,2090,1835.36,1907.41,1920,461680.9835,529196.8464,577406.3749,8.77E+08,1.05E+09,1.15E+09,6186042,6616298,9343785,229978.4238,254547.6476,299199.2494,4.37E+08,5.06E+08,5.99E+08,1982.8
2026-03-03T22:38:47,66973.26,65776.48,68830.06,68199.99,70096,69258.08,65056,65259.21,66158,23201.85859,32010.38431,24972.2418,1.55E+09,2.16E+09,1.69E+09,5312013,8397526,7648119,11209.77201,15335.91369,12331.622,7.47E+08,1.04E+09,8.35E+08,1.3761,1.3525,1.3901,1.4333,1.423,1.3953,1.3369,1.3341,1.3366,1.78E+08,1.67E+08,1.36E+08,2.47E+08,2.30E+08,1.85E+08,1320595,1147060,1007411,8.67E+07,7.66E+07,6.30E+07,1.20E+08,1.06E+08,8.58E+07,84.35,83.61,86.65,88.9,90.29,87.46,81.69,82.37,82.5,4435194.222,5123433.26,4136742.745,3.80E+08,4.41E+08,3.52E+08,1639105,2012450,1899723,2143442.217,2558006.604,2088429.65,1.83E+08,2.21E+08,1.78E+08,54.41,53.25,54.61,55.53,55.72,55.26,52.47,52.95,53.02,299256.409,462228.194,439975.97,1.62E+07,2.51E+07,2.39E+07,243982,285473,267831,145672.439,244467.986,198693.023,7869797.854,1.33E+07,1.08E+07,1964.51,1939.71,2027.34,2054.8,2090,2041.48,1907.41,1920,1929.56,529196.8464,577406.3749,509329.8534,1.05E+09,1.15E+09,1.01E+09,6616298,9343785,8311355,254547.6476,299199.2494,254251.3309,5.06E+08,5.99E+08,5.03E+08,2127.28
2026-03-04T22:38:47,65776.48,68830.06,68338.01,70096,69258.08,74050,65259.21,66158,67400,32010.38431,24972.2418,44919.0761,2.16E+09,1.69E+09,3.20E+09,8397526,7648119,8618302,15335.91369,12331.622,23641.35243,1.04E+09,8.35E+08,1.69E+09,1.3525,1.3901,1.3607,1.423,1.3953,1.4732,1.3341,1.3366,1.3452,1.67E+08,1.36E+08,2.38E+08,2.30E+08,1.85E+08,3.38E+08,1147060,1007411,1270039,7.66E+07,6.30E+07,1.11E+08,1.06E+08,8.58E+07,1.58E+08,83.61,86.65,86.98,90.29,87.46,94.05,82.37,82.5,84.78,5123433.26,4136742.745,6329931.383,4.41E+08,3.52E+08,5.69E+08,2012450,1899723,2311936,2558006.604,2088429.65,3204724.318,2.21E+08,1.78E+08,2.88E+08,53.25,54.61,54.77,55.72,55.26,57.66,52.95,53.02,54.3,462228.194,439975.97,528737.562,2.51E+07,2.39E+07,2.97E+07,285473,267831,321571,244467.986,198693.023,263955.17,1.33E+07,1.08E+07,1.48E+07,1939.71,2027.34,1982.81,2090,2041.48,2199,1920,1929.56,1945.08,577406.3749,509329.8534,737644.8152,1.15E+09,1.01E+09,1.54E+09,9343785,8311355,9527323,299199.2494,254251.3309,368171.8559,5.99E+08,5.03E+08,7.68E+08,2072.86
2026-03-05T22:38:47,68830.06,68338.01,72666.77,69258.08,74050,73558.15,66158,67400,70645.47,24972.2418,44919.0761,26590.51253,1.69E+09,3.20E+09,1.92E+09,7648119,8618302,6709160,12331.622,23641.35243,12299.51467,8.35E+08,1.69E+09,8.87E+08,1.3901,1.3607,1.4309,1.3953,1.4732,1.4525,1.3366,1.3452,1.396,1.36E+08,2.38E+08,1.18E+08,1.85E+08,3.38E+08,1.68E+08,1007411,1270039,966417,6.30E+07,1.11E+08,6.08E+07,8.58E+07,1.58E+08,8.66E+07,86.65,86.98,90.86,87.46,94.05,92.96,82.5,84.78,87.91,4136742.745,6329931.383,3753710.608,3.52E+08,5.69E+08,3.38E+08,1899723,2311936,1560359,2088429.65,3204724.318,1826589.831,1.78E+08,2.88E+08,1.65E+08,54.61,54.77,56.77,55.26,57.66,57.27,53.02,54.3,55.03,439975.97,528737.562,390267.224,2.39E+07,2.97E+07,2.19E+07,267831,321571,252251,198693.023,263955.17,177143.763,1.08E+07,1.48E+07,9941531.498,2027.34,1982.81,2127.28,2041.48,2199,2163.66,1929.56,1945.08,2054.75,509329.8534,737644.8152,432157.8126,1.01E+09,1.54E+09,9.10E+08,8311355,9527323,6753565,254251.3309,368171.8559,205453.4958,5.03E+08,7.68E+08,4.33E+08,1978.68
2026-03-06T22:38:47,68338.01,72666.77,70891.02,74050,73558.15,71419.98,67400,70645.47,67744.78,44919.0761,26590.51253,22629.88722,3.20E+09,1.92E+09,1.57E+09,8618302,6709160,5302899,23641.35243,12299.51467,10464.09351,1.69E+09,8.87E+08,7.28E+08,1.3607,1.4309,1.4038,1.4732,1.4525,1.4148,1.3452,1.396,1.346,2.38E+08,1.18E+08,1.14E+08,3.38E+08,1.68E+08,1.57E+08,1270039,966417,884241,1.11E+08,6.08E+07,5.31E+07,1.58E+08,8.66E+07,7.31E+07,86.98,90.86,88.78,94.05,92.96,89.31,84.78,87.91,83.64,6329931.383,3753710.608,3135324.642,5.69E+08,3.38E+08,2.70E+08,2311936,1560359,1074615,3204724.318,1826589.831,1431065.025,2.88E+08,1.65E+08,1.24E+08,54.77,56.77,55.47,57.66,57.27,55.89,54.3,55.03,53.12,528737.562,390267.224,299754.686,2.97E+07,2.19E+07,1.63E+07,321571,252251,184265,263955.17,177143.763,151170.728,1.48E+07,9941531.498,8232784.004,1982.81,2127.28,2072.86,2199,2163.66,2093.33,1945.08,2054.75,1955.95,737644.8152,432157.8126,411597.7569,1.54E+09,9.10E+08,8.32E+08,9527323,6753565,5601424,368171.8559,205453.4958,197603.9435,7.68E+08,4.33E+08,3.99E+08,1969.59
2026-03-07T22:38:47,72666.77,70891.02,68114.02,73558.15,71419.98,68551.04,70645.47,67744.78,66915.26,26590.51253,22629.88722,12719.54315,1.92E+09,1.57E+09,8.62E+08,6709160,5302899,2067476,12299.51467,10464.09351,5910.76849,8.87E+08,7.28E+08,4.00E+08,1.4309,1.4038,1.3632,1.4525,1.4148,1.3749,1.396,1.346,1.3468,1.18E+08,1.14E+08,4.78E+07,1.68E+08,1.57E+08,6.50E+07,966417,884241,313956,6.08E+07,5.31E+07,2.25E+07,8.66E+07,7.31E+07,3.07E+07,90.86,88.78,84.69,92.96,89.31,85.07,87.91,83.64,82.28,3753710.608,3135324.642,1465281.721,3.38E+08,2.70E+08,1.23E+08,1560359,1074615,449215,1826589.831,1431065.025,717082.462,1.65E+08,1.24E+08,6.02E+07,56.77,55.47,53.8,57.27,55.89,54.29,55.03,53.12,53.21,390267.224,299754.686,262288.031,2.19E+07,1.63E+07,1.41E+07,252251,184265,112232,177143.763,151170.728,142423.528,9941531.498,8232784.004,7671938.081,2127.28,2072.86,1978.68,2163.66,2093.33,1996.04,2054.75,1955.95,1948.09,432157.8126,411597.7569,184459.82,9.10E+08,8.32E+08,3.65E+08,6753565,5601424,2029543,205453.4958,197603.9435,89270.3932,4.33E+08,3.99E+08,1.76E+08,1937.1
2026-03-08T22:38:47,70891.02,68114.02,67262.91,71419.98,68551.04,68200,67744.78,66915.26,65618.49,22629.88722,12719.54315,21593.63901,1.57E+09,8.62E+08,1.45E+09,5302899,2067476,3028392,10464.09351,5910.76849,11268.64926,7.28E+08,4.00E+08,7.56E+08,1.4038,1.3632,1.3568,1.4148,1.3749,1.3712,1.346,1.3468,1.3218,1.14E+08,4.78E+07,7.98E+07,1.57E+08,6.50E+07,1.08E+08,884241,313956,585270,5.31E+07,2.25E+07,3.79E+07,7.31E+07,3.07E+07,5.11E+07,88.78,84.69,83.22,89.31,85.07,84.13,83.64,82.28,80.26,3135324.642,1465281.721,2102965.687,2.70E+08,1.23E+08,1.73E+08,1074615,449215,874561,1431065.025,717082.462,1060648.598,1.24E+08,6.02E+07,8.73E+07,55.47,53.8,53.59,55.89,54.29,53.94,53.12,53.21,51.88,299754.686,262288.031,398559.551,1.63E+07,1.41E+07,2.11E+07,184265,112232,179938,151170.728,142423.528,187345.094,8232784.004,7671938.081,9943156.421,2072.86,1978.68,1969.6,2093.33,1996.04,1979.8,1955.95,1948.09,1916.14,411597.7569,184459.82,391189.7317,8.32E+08,3.65E+08,7.61E+08,5601424,2029543,4044585,197603.9435,89270.3932,190729.8992,3.99E+08,1.76E+08,3.72E+08,1992.98
2026-03-09T22:38:47,68114.02,67262.91,65971.2,68551.04,68200,69516.65,66915.26,65618.49,65821.97,12719.54315,21593.63901,28896.7213,8.62E+08,1.45E+09,1.97E+09,2067476,3028392,5093667,5910.76849,11268.64926,14101.45378,4.00E+08,7.56E+08,9.60E+08,1.3632,1.3568,1.3401,1.3749,1.3712,1.3841,1.3468,1.3218,1.333,4.78E+07,7.98E+07,1.30E+08,6.50E+07,1.08E+08,1.77E+08,313956,585270,1032665,2.25E+07,3.79E+07,6.75E+07,3.07E+07,5.11E+07,9.16E+07,84.69,83.22,81.6,85.07,84.13,87.06,82.28,80.26,81.54,1465281.721,2102965.687,3594057.289,1.23E+08,1.73E+08,3.04E+08,449215,874561,1435938,717082.462,1060648.598,1842761.96,6.02E+07,8.73E+07,1.56E+08,53.8,53.59,52.58,54.29,53.94,54.75,53.21,51.88,52.5,262288.031,398559.551,327230.42,1.41E+07,2.11E+07,1.76E+07,112232,179938,204901,142423.528,187345.094,169272.091,7671938.081,9943156.421,9097844.079,1978.68,1969.6,1937.11,1996.04,1979.8,2053.52,1948.09,1916.14,1929.65,184459.82,391189.7317,550825.4883,3.65E+08,7.61E+08,1.10E+09,2029543,4044585,6360581,89270.3932,190729.8992,282877.29,1.76E+08,3.72E+08,5.66E+08,2036.51
2026-03-10T22:38:47,67262.91,65971.2,68432.16,68200,69516.65,71777,65618.49,65821.97,68391.41,21593.63901,28896.7213,32602.57726,1.45E+09,1.97E+09,2.29E+09,3028392,5093667,5176064,11268.64926,14101.45378,16453.82839,7.56E+08,9.60E+08,1.16E+09,1.3568,1.3401,1.3631,1.3712,1.3841,1.4427,1.3218,1.333,1.3605,7.98E+07,1.30E+08,1.76E+08,1.08E+08,1.77E+08,2.47E+08,585270,1032665,1200724,3.79E+07,6.75E+07,8.25E+07,5.11E+07,9.16E+07,1.15E+08,83.22,81.6,84.95,84.13,87.06,88.8,80.26,81.54,84.83,2102965.687,3594057.289,3643895.134,1.73E+08,3.04E+08,3.16E+08,874561,1435938,1345421,1060648.598,1842761.96,1804358.795,8.73E+07,1.56E+08,1.56E+08,53.59,52.58,53.77,53.94,54.75,55,51.88,52.5,53.43,398559.551,327230.42,348345.87,2.11E+07,1.76E+07,1.89E+07,179938,204901,207079,187345.094,169272.091,180614.737,9943156.421,9097844.079,9790689.537,1969.6,1937.11,1992.97,1979.8,2053.52,2088.19,1916.14,1929.65,1991,391189.7317,550825.4883,463411.8739,7.61E+08,1.10E+09,9.49E+08,4044585,6360581,5226998,190729.8992,282877.29,240013.7173,3.72E+08,5.66E+08,4.91E+08,2051.97
2026-03-11T22:38:47,65971.2,68432.16,69948.64,69516.65,71777,71321,65821.97,68391.41,68977.91,28896.7213,32602.57726,27249.27542,1.97E+09,2.29E+09,1.91E+09,5093667,5176064,4759855,14101.45378,16453.82839,14015.31615,9.60E+08,1.16E+09,9.83E+08,1.3401,1.3631,1.3864,1.3841,1.4427,1.4112,1.333,1.3605,1.3706,1.30E+08,1.76E+08,1.11E+08,1.77E+08,2.47E+08,1.54E+08,1032665,1200724,797517,6.75E+07,8.25E+07,5.12E+07,9.16E+07,1.15E+08,7.11E+07,81.6,84.95,85.88,87.06,88.8,88.09,81.54,84.83,84.36,3594057.289,3643895.134,3182175.739,3.04E+08,3.16E+08,2.75E+08,1435938,1345421,1160083,1842761.96,1804358.795,1642729.604,1.56E+08,1.56E+08,1.42E+08,52.58,53.77,53.87,54.75,55,55.28,52.5,53.43,53.54,327230.42,348345.87,272644.402,1.76E+07,1.89E+07,1.49E+07,204901,207079,158910,169272.091,180614.737,127442.237,9097844.079,9790689.537,6941280.624,1937.11,1992.97,2036.5,2053.52,2088.19,2085.58,1929.65,1991,2007.17,550825.4883,463411.8739,350061.256,1.10E+09,9.49E+08,7.17E+08,6360581,5226998,4730286,282877.29,240013.7173,172446.7326,5.66E+08,4.91E+08,3.54E+08,2073.52
2026-03-12T22:38:47,68432.16,69948.64,70191.86,71777,71321,70800,68391.41,68977.91,69205.91,32602.57726,27249.27542,21997.1605,2.29E+09,1.91E+09,1.54E+09,5176064,4759855,4344059,16453.82839,14015.31615,10545.03396,1.16E+09,9.83E+08,7.39E+08,1.3631,1.3864,1.3847,1.4427,1.4112,1.3936,1.3605,1.3706,1.365,1.76E+08,1.11E+08,8.97E+07,2.47E+08,1.54E+08,1.24E+08,1200724,797517,612048,8.25E+07,5.12E+07,4.39E+07,1.15E+08,7.11E+07,6.05E+07,84.95,85.88,86.58,88.8,88.09,87.69,84.83,84.36,84.72,3643895.134,3182175.739,2913681.148,3.16E+08,2.75E+08,2.51E+08,1345421,1160083,1011244,1804358.795,1642729.604,1514674.762,1.56E+08,1.42E+08,1.31E+08,53.77,53.87,54.8,55,55.28,55,53.43,53.54,53.8,348345.87,272644.402,271228.185,1.89E+07,1.49E+07,1.47E+07,207079,158910,149964,180614.737,127442.237,145028.3,9790689.537,6941280.624,7884003.166,1992.97,2036.5,2051.97,2088.19,2085.58,2095,1991,2007.17,2017.59,463411.8739,350061.256,400507.8132,9.49E+08,7.17E+08,8.24E+08,5226998,4730286,4757775,240013.7173,172446.7326,196694.8334,4.91E+08,3.54E+08,4.05E+08,2092.22
2026-03-13T22:38:47,69948.64,70191.86,70541.34,71321,70800,73913.74,68977.91,69205.91,70386.01,27249.27542,21997.1605,35996.61678,1.91E+09,1.54E+09,2.59E+09,4759855,4344059,5312490,14015.31615,10545.03396,18310.3426,9.83E+08,7.39E+08,1.32E+09,1.3864,1.3847,1.3846,1.4112,1.3936,1.4528,1.3706,1.365,1.3831,1.11E+08,8.97E+07,2.03E+08,1.54E+08,1.24E+08,2.88E+08,797517,612048,1088824,5.12E+07,4.39E+07,9.75E+07,7.11E+07,6.05E+07,1.38E+08,85.88,86.58,86.83,88.09,87.69,92.98,84.36,84.72,86.71,3182175.739,2913681.148,4940378.617,2.75E+08,2.51E+08,4.44E+08,1160083,1011244,1573489,1642729.604,1514674.762,2461290.957,1.42E+08,1.31E+08,2.21E+08,53.87,54.8,54.57,55.28,55,56.71,53.54,53.8,54.47,272644.402,271228.185,337868.652,1.49E+07,1.47E+07,1.88E+07,158910,149964,215260,127442.237,145028.3,167321.985,6941280.624,7884003.166,9315517.589,2036.5,2051.97,2073.51,2085.58,2095,2209.03,2007.17,2017.59,2070.12,350061.256,400507.8132,599657.0399,7.17E+08,8.24E+08,1.28E+09,4730286,4757775,6138489,172446.7326,196694.8334,300361.2151,3.54E+08,4.05E+08,6.41E+08,2096.16
2026-03-14T22:38:47,70191.86,70541.34,70930.01,70800,73913.74,71307.92,69205.91,70386.01,70317,21997.1605,35996.61678,13017.24737,1.54E+09,2.59E+09,9.21E+08,4344059,5312490,1661739,10545.03396,18310.3426,6242.10104,7.39E+08,1.32E+09,4.42E+08,1.3847,1.3846,1.3988,1.3936,1.4528,1.4084,1.365,1.3831,1.3834,8.97E+07,2.03E+08,5.82E+07,1.24E+08,2.88E+08,8.12E+07,612048,1088824,282488,4.39E+07,9.75E+07,2.63E+07,6.05E+07,1.38E+08,3.67E+07,86.58,86.83,88.17,87.69,92.98,88.71,84.72,86.71,86.51,2913681.148,4940378.617,1498143.039,2.51E+08,4.44E+08,1.31E+08,1011244,1573489,452790,1514674.762,2461290.957,752963.058,1.31E+08,2.21E+08,6.58E+07,54.8,54.57,55.3,55,56.71,55.84,53.8,54.47,54.37,271228.185,337868.652,225515.431,1.47E+07,1.88E+07,1.24E+07,149964,215260,106784,145028.3,167321.985,106081.929,7884003.166,9315517.589,5822628.852,2051.97,2073.51,2092.21,2095,2209.03,2106.09,2017.59,2070.12,2061.6,400507.8132,599657.0399,152500.5822,8.24E+08,1.28E+09,3.18E+08,4757775,6138489,1584458,196694.8334,300361.2151,73409.361,4.05E+08,6.41E+08,1.53E+08,2178.3
2026-03-15T22:38:47,70541.34,70930.01,71211.95,73913.74,71307.92,73199,70386.01,70317,70858.82,35996.61678,13017.24737,14037.30704,2.59E+09,9.21E+08,1.01E+09,5312490,1661739,2509013,18310.3426,6242.10104,7307.01776,1.32E+09,4.42E+08,5.24E+08,1.3846,1.3988,1.4063,1.4528,1.4084,1.4649,1.3831,1.3834,1.4021,2.03E+08,5.82E+07,9.74E+07,2.88E+08,8.12E+07,1.39E+08,1088824,282488,574897,9.75E+07,2.63E+07,4.87E+07,1.38E+08,3.67E+07,6.94E+07,86.83,88.17,88.04,92.98,88.71,93.23,86.71,86.51,87.36,4940378.617,1498143.039,2614547.105,4.44E+08,1.31E+08,2.35E+08,1573489,452790,884525,2461290.957,752963.058,1425868.524,2.21E+08,6.58E+07,1.28E+08,54.57,55.3,54.98,56.71,55.84,56.41,54.47,54.37,54.69,337868.652,225515.431,247015.19,1.88E+07,1.24E+07,1.37E+07,215260,106784,128184,167321.985,106081.929,115518.4,9315517.589,5822628.852,6403421.561,2073.51,2092.21,2096.16,2209.03,2106.09,2202.87,2070.12,2061.6,2083.35,599657.0399,152500.5822,280825.9377,1.28E+09,3.18E+08,5.99E+08,6138489,1584458,3001730,300361.2151,73409.361,146142.3746,6.41E+08,1.53E+08,3.12E+08,2352.97
2026-03-16T22:38:47,70930.01,71211.95,72815.25,71307.92,73199,74909.08,70317,70858.82,72270.41,13017.24737,14037.30704,28409.53019,9.21E+08,1.01E+09,2.10E+09,1661739,2509013,5396482,6242.10104,7307.01776,15204.22255,4.42E+08,5.24E+08,1.12E+09,1.3988,1.4063,1.4488,1.4084,1.4649,1.5522,1.3834,1.4021,1.4357,5.82E+07,9.74E+07,2.19E+08,8.12E+07,1.39E+08,3.26E+08,282488,574897,1383003,2.63E+07,4.87E+07,1.12E+08,3.67E+07,6.94E+07,1.67E+08,88.17,88.04,92.31,88.71,93.23,97.68,86.51,87.36,91.18,1498143.039,2614547.105,5621650.621,1.31E+08,2.35E+08,5.28E+08,452790,884525,1713091,752963.058,1425868.524,2939860.344,6.58E+07,1.28E+08,2.76E+08,55.3,54.98,56.28,55.84,56.41,59.23,54.37,54.69,55.82,225515.431,247015.19,587196.808,1.24E+07,1.37E+07,3.39E+07,106784,128184,269948,106081.929,115518.4,285016.798,5822628.852,6403421.561,1.65E+07,2092.21,2096.16,2178.29,2106.09,2202.87,2386.02,2061.6,2083.35,2164.73,152500.5822,280825.9377,845892.7756,3.18E+08,5.99E+08,1.93E+09,1584458,3001730,7409311,73409.361,146142.3746,445819.396,1.53E+08,3.12E+08,1.02E+09,2317.39
2026-03-17T22:38:47,71211.95,72815.25,74884.67,73199,74909.08,76000,70858.82,72270.41,73399.19,14037.30704,28409.53019,24521.26636,1.01E+09,2.10E+09,1.83E+09,2509013,5396482,4863187,7307.01776,15204.22255,11791.2523,5.24E+08,1.12E+09,8.78E+08,1.4063,1.4488,1.5429,1.4649,1.5522,1.607,1.4021,1.4357,1.4941,9.74E+07,2.19E+08,2.33E+08,1.39E+08,3.26E+08,3.57E+08,574897,1383003,1680614,4.87E+07,1.12E+08,1.16E+08,6.94E+07,1.67E+08,1.78E+08,88.04,92.31,96.19,93.23,97.68,96.95,87.36,91.18,93.15,2614547.105,5621650.621,2833557.586,2.35E+08,5.28E+08,2.68E+08,884525,1713091,1112613,1425868.524,2939860.344,1375922.322,1.28E+08,2.76E+08,1.30E+08,54.98,56.28,58.69,56.41,59.23,59.26,54.69,55.82,57.31,247015.19,587196.808,402802.673,1.37E+07,3.39E+07,2.34E+07,128184,269948,214662,115518.4,285016.798,206304.377,6403421.561,1.65E+07,1.20E+07,2096.16,2178.29,2352.97,2202.87,2386.02,2376.66,2083.35,2164.73,2294.15,280825.9377,845892.7756,493831.1016,5.99E+08,1.93E+09,1.15E+09,3001730,7409311,5596636,146142.3746,445819.396,240136.5065,3.12E+08,1.02E+09,5.61E+08,2203.39
2026-03-18T22:38:47,72815.25,74884.67,73909.37,74909.08,76000,74672.34,72270.41,73399.19,70500,28409.53019,24521.26636,23392.88093,2.10E+09,1.83E+09,1.69E+09,5396482,4863187,4733897,15204.22255,11791.2523,11709.17057,1.12E+09,8.78E+08,8.48E+08,1.4488,1.5429,1.5182,1.5522,1.607,1.5414,1.4357,1.4941,1.4359,2.19E+08,2.33E+08,1.40E+08,3.26E+08,3.57E+08,2.07E+08,1383003,1680614,1028965,1.12E+08,1.16E+08,6.75E+07,1.67E+08,1.78E+08,9.99E+07,92.31,96.19,94.61,97.68,96.95,95.65,91.18,93.15,88.55,5621650.621,2833557.586,3293861.558,5.28E+08,2.68E+08,3.01E+08,1713091,1112613,1252844,2939860.344,1375922.322,1605377.893,2.76E+08,1.30E+08,1.47E+08,56.28,58.69,58.09,59.23,59.26,58.56,55.82,57.31,55.3,587196.808,402802.673,355225.613,3.39E+07,2.34E+07,2.01E+07,269948,214662,198224,285016.798,206304.377,160825.572,1.65E+07,1.20E+07,9103196.023,2178.29,2352.97,2317.38,2386.02,2376.66,2350,2164.73,2294.15,2153.21,845892.7756,493831.1016,488040.8887,1.93E+09,1.15E+09,1.09E+09,7409311,5596636,5684937,445819.396,240136.5065,232364.5906,1.02E+09,5.61E+08,5.19E+08,2137.81
2026-03-19T22:38:47,74884.67,73909.37,71246.55,76000,74672.34,71613.79,73399.19,70500,68793.35,24521.26636,23392.88093,22364.81819,1.83E+09,1.69E+09,1.57E+09,4863187,4733897,4972526,11791.2523,11709.17057,10489.13676,8.78E+08,8.48E+08,7.35E+08,1.5429,1.5182,1.4648,1.607,1.5414,1.4817,1.4941,1.4359,1.4219,2.33E+08,1.40E+08,1.19E+08,3.57E+08,2.07E+08,1.73E+08,1680614,1028965,980129,1.16E+08,6.75E+07,5.52E+07,1.78E+08,9.99E+07,8.01E+07,96.19,94.61,90.07,96.95,95.65,91.41,93.15,88.55,87,2833557.586,3293861.558,2609542.924,2.68E+08,3.01E+08,2.32E+08,1112613,1252844,969701,1375922.322,1605377.893,1320188.037,1.30E+08,1.47E+08,1.17E+08,58.69,58.09,56.08,59.26,58.56,56.35,57.31,55.3,54.59,402802.673,355225.613,266053.615,2.34E+07,2.01E+07,1.47E+07,214662,198224,174237,206304.377,160825.572,130828.917,1.20E+07,9103196.023,7226306.579,2352.97,2317.38,2203.39,2376.66,2350,2233.72,2294.15,2153.21,2099.38,493831.1016,488040.8887,490791.679,1.15E+09,1.09E+09,1.06E+09,5596636,5684937,6142160,240136.5065,232364.5906,235483.1788,5.61E+08,5.19E+08,5.06E+08,2146.22
2026-03-20T22:38:47,73909.37,71246.55,69930.01,74672.34,71613.79,71367,70500,68793.35,69388,23392.88093,22364.81819,18121.16745,1.69E+09,1.57E+09,1.27E+09,4733897,4972526,4369971,11709.17057,10489.13676,8801.41211,8.48E+08,7.35E+08,6.19E+08,1.5182,1.4648,1.4475,1.5414,1.4817,1.4665,1.4359,1.4219,1.4248,1.40E+08,1.19E+08,8.80E+07,2.07E+08,1.73E+08,1.27E+08,1028965,980129,699336,6.75E+07,5.52E+07,4.48E+07,9.99E+07,8.01E+07,6.48E+07,94.61,90.07,88.9,95.65,91.41,90.45,88.55,87,88.13,3293861.558,2609542.924,2201411.538,3.01E+08,2.32E+08,1.96E+08,1252844,969701,829967,1605377.893,1320188.037,1141148.706,1.47E+08,1.17E+08,1.02E+08,58.09,56.08,55.53,58.56,56.35,56.47,55.3,54.59,55.17,355225.613,266053.615,221084.585,2.01E+07,1.47E+07,1.23E+07,198224,174237,144094,160825.572,130828.917,109524.558,9103196.023,7226306.579,6101458.12,2317.38,2203.39,2137.82,2350,2233.72,2176.84,2153.21,2099.38,2116.88,488040.8887,490791.679,300156.1778,1.09E+09,1.06E+09,6.43E+08,5684937,6142160,4595372,232364.5906,235483.1788,162200.144,5.19E+08,5.06E+08,3.48E+08,2084.87
2026-03-21T22:38:47,71246.55,69930.01,70510.73,71613.79,71367,71100.94,68793.35,69388,68571.42,22364.81819,18121.16745,13397.1675,1.57E+09,1.27E+09,9.43E+08,4972526,4369971,1640086,10489.13676,8801.41211,6379.69313,7.35E+08,6.19E+08,4.49E+08,1.4648,1.4475,1.4452,1.4817,1.4665,1.453,1.4219,1.4248,1.4003,1.19E+08,8.80E+07,5.71E+07,1.73E+08,1.27E+08,8.21E+07,980129,699336,335146,5.52E+07,4.48E+07,2.60E+07,8.01E+07,6.48E+07,3.73E+07,90.07,88.9,89.85,91.41,90.45,90.81,87,88.13,87.14,2609542.924,2201411.538,1241845.225,2.32E+08,1.96E+08,1.11E+08,969701,829967,430506,1320188.037,1141148.706,589404.904,1.17E+08,1.02E+08,5.28E+07,56.08,55.53,56.18,56.35,56.47,56.59,54.59,55.17,54.42,266053.615,221084.585,194699.709,1.47E+07,1.23E+07,1.09E+07,174237,144094,103200,130828.917,109524.558,95771.379,7226306.579,6101458.12,5352882.535,2203.39,2137.82,2146.21,2233.72,2176.84,2168.27,2099.38,2116.88,2070.78,490791.679,300156.1778,132559.4646,1.06E+09,6.43E+08,2.83E+08,6142160,4595372,1375463,235483.1788,162200.144,63249.5812,5.06E+08,3.48E+08,1.35E+08,2053.89
2026-03-22T22:38:47,69930.01,70510.73,68918.12,71367,71100.94,69588.79,69388,68571.42,67360.66,18121.16745,13397.1675,14843.78682,1.27E+09,9.43E+08,1.02E+09,4369971,1640086,3269152,8801.41211,6379.69313,7292.32333,6.19E+08,4.49E+08,5.01E+08,1.4475,1.4452,1.4087,1.4665,1.453,1.4263,1.4248,1.4003,1.3712,8.80E+07,5.71E+07,7.72E+07,1.27E+08,8.21E+07,1.08E+08,699336,335146,712228,4.48E+07,2.60E+07,3.56E+07,6.48E+07,3.73E+07,4.98E+07,88.9,89.85,87.55,90.45,90.81,89.2,88.13,87.14,85.14,2201411.538,1241845.225,2138087.131,1.96E+08,1.11E+08,1.87E+08,829967,430506,792987,1141148.706,589404.904,1065007.562,1.02E+08,5.28E+07,9.30E+07,55.53,56.18,54.79,56.47,56.59,55.05,55.17,54.42,53.03,221084.585,194699.709,303410.591,1.23E+07,1.09E+07,1.64E+07,144094,103200,157394,109524.558,95771.379,149806.373,6101458.12,5352882.535,8108585.098,2137.82,2146.21,2084.86,2176.84,2168.27,2127.21,2116.88,2070.78,2026,300156.1778,132559.4646,313070.5572,6.43E+08,2.83E+08,6.51E+08,4595372,1375463,3577857,162200.144,63249.5812,154345.7056,3.48E+08,1.35E+08,3.21E+08,2152.03
2026-03-23T22:38:47,70510.73,68918.12,67859,71100.94,69588.79,71817.09,68571.42,67360.66,67445.18,13397.1675,14843.78682,28335.09119,9.43E+08,1.02E+09,1.98E+09,1640086,3269152,6509730,6379.69313,7292.32333,14640.9723,4.49E+08,5.01E+08,1.02E+09,1.4452,1.4087,1.3849,1.453,1.4263,1.4661,1.4003,1.3712,1.3618,5.71E+07,7.72E+07,1.70E+08,8.21E+07,1.08E+08,2.41E+08,335146,712228,1438671,2.60E+07,3.56E+07,8.30E+07,3.73E+07,4.98E+07,1.18E+08,89.85,87.55,86.21,90.81,89.2,92.26,87.14,85.14,85.11,1241845.225,2138087.131,4561706.388,1.11E+08,1.87E+08,4.09E+08,430506,792987,1666603,589404.904,1065007.562,2388137.442,5.28E+07,9.30E+07,2.14E+08,56.18,54.79,53.51,56.59,55.05,56.16,54.42,53.03,53.27,194699.709,303410.591,361341.093,1.09E+07,1.64E+07,1.99E+07,103200,157394,236501,95771.379,149806.373,183217.794,5352882.535,8108585.098,1.01E+07,2146.21,2084.86,2053.9,2168.27,2127.21,2198.57,2070.78,2026,2023.04,132559.4646,313070.5572,614508.4369,2.83E+08,6.51E+08,1.31E+09,1375463,3577857,7349668,63249.5812,154345.7056,310239.9864,1.35E+08,3.21E+08,6.61E+08,2156.23
2026-03-24T22:38:47,68918.12,67859,70906.45,69588.79,71817.09,71400,67360.66,67445.18,68923.07,14843.78682,28335.09119,20702.42244,1.02E+09,1.98E+09,1.46E+09,3269152,6509730,4191328,7292.32333,14640.9723,9731.85043,5.01E+08,1.02E+09,6.84E+08,1.4087,1.3849,1.4323,1.4263,1.4661,1.435,1.3712,1.3618,1.3835,7.72E+07,1.70E+08,1.03E+08,1.08E+08,2.41E+08,1.46E+08,712228,1438671,673812,3.56E+07,8.30E+07,5.33E+07,4.98E+07,1.18E+08,7.52E+07,87.55,86.21,91.44,89.2,92.26,92.22,85.14,85.11,88.42,2138087.131,4561706.388,3086042.526,1.87E+08,4.09E+08,2.79E+08,792987,1666603,1020843,1065007.562,2388137.442,1573214.538,9.30E+07,2.14E+08,1.42E+08,54.79,53.51,55.73,55.05,56.16,56.5,53.03,53.27,55.05,303410.591,361341.093,251140.031,1.64E+07,1.99E+07,1.40E+07,157394,236501,152634,149806.373,183217.794,123546.971,8108585.098,1.01E+07,6883814.462,2084.86,2053.9,2152.03,2127.21,2198.57,2175.16,2026,2023.04,2103.02,313070.5572,614508.4369,316703.4728,6.51E+08,1.31E+09,6.78E+08,3577857,7349668,4633093,154345.7056,310239.9864,152304.1675,3.21E+08,6.61E+08,3.26E+08,2169.02
2026-03-25T22:38:47,67859,70906.45,70556.74,71817.09,71400,72026.09,67445.18,68923.07,70408,28335.09119,20702.42244,17719.50066,1.98E+09,1.46E+09,1.26E+09,6509730,4191328,3298902,14640.9723,9731.85043,8819.77787,1.02E+09,6.84E+08,6.28E+08,1.3849,1.4323,1.416,1.4661,1.435,1.4379,1.3618,1.3835,1.4019,1.70E+08,1.03E+08,9.70E+07,2.41E+08,1.46E+08,1.38E+08,1438671,673812,535641,8.30E+07,5.33E+07,4.61E+07,1.18E+08,7.52E+07,6.54E+07,86.21,91.44,90.8,92.26,92.22,93.47,85.11,88.42,90.71,4561706.388,3086042.526,2652534.798,4.09E+08,2.79E+08,2.44E+08,1666603,1020843,844728,2388137.442,1573214.538,1385531.891,2.14E+08,1.42E+08,1.28E+08,53.51,55.73,56.39,56.16,56.5,56.8,53.27,55.05,55.79,361341.093,251140.031,308934.412,1.99E+07,1.40E+07,1.74E+07,236501,152634,133351,183217.794,123546.971,146028.372,1.01E+07,6883814.462,8228790.263,2053.9,2152.03,2156.22,2198.57,2175.16,2199.02,2023.04,2103.02,2146.35,614508.4369,316703.4728,275641.5255,1.31E+09,6.78E+08,5.99E+08,7349668,4633093,3492121,310239.9864,152304.1675,139003.4847,6.61E+08,3.26E+08,3.02E+08,2060.43
2026-03-26T22:38:47,70906.45,70556.74,71336.53,71400,72026.09,71436.82,68923.07,70408,68153,20702.42244,17719.50066,20820.45768,1.46E+09,1.26E+09,1.45E+09,4191328,3298902,3597702,9731.85043,8819.77787,10116.39467,6.84E+08,6.28E+08,7.04E+08,1.4323,1.416,1.4145,1.435,1.4379,1.4165,1.3835,1.4019,1.336,1.03E+08,9.70E+07,1.31E+08,1.46E+08,1.38E+08,1.79E+08,673812,535641,632117,5.33E+07,4.61E+07,6.00E+07,7.52E+07,6.54E+07,8.23E+07,91.44,90.8,91.7,92.22,93.47,91.98,88.42,90.71,85.45,3086042.526,2652534.798,3566192.736,2.79E+08,2.44E+08,3.14E+08,1020843,844728,864864,1573214.538,1385531.891,1628293.113,1.42E+08,1.28E+08,1.43E+08,55.73,56.39,56.64,56.5,56.8,56.67,55.05,55.79,54.23,251140.031,308934.412,382513.198,1.40E+07,1.74E+07,2.10E+07,152634,133351,147781,123546.971,146028.372,164299.115,6883814.462,8228790.263,9021670.727,2152.03,2156.22,2169.02,2175.16,2199.02,2172.19,2103.02,2146.35,2034.54,316703.4728,275641.5255,338010.6238,6.78E+08,5.99E+08,7.05E+08,4633093,3492121,3890747,152304.1675,139003.4847,171588.2134,3.26E+08,3.02E+08,3.58E+08,1992.75
2026-03-27T22:38:47,70556.74,71336.53,68820.31,72026.09,71436.82,69179.05,70408,68153,65548.25,17719.50066,20820.45768,28603.69557,1.26E+09,1.45E+09,1.92E+09,3298902,3597702,4159306,8819.77787,10116.39467,14568.62853,6.28E+08,7.04E+08,9.77E+08,1.416,1.4145,1.3608,1.4379,1.4165,1.3726,1.4019,1.336,1.3184,9.70E+07,1.31E+08,1.19E+08,1.38E+08,1.79E+08,1.60E+08,535641,632117,593277,4.61E+07,6.00E+07,5.62E+07,6.54E+07,8.23E+07,7.54E+07,90.8,91.7,86.52,93.47,91.98,87.04,90.71,85.45,81.86,2652534.798,3566192.736,2840562.07,2.44E+08,3.14E+08,2.39E+08,844728,864864,817296,1385531.891,1628293.113,1374893.666,1.28E+08,1.43E+08,1.15E+08,56.39,56.64,54.59,56.8,56.67,55.18,55.79,54.23,53.29,308934.412,382513.198,262999.776,1.74E+07,2.10E+07,1.42E+07,133351,147781,151570,146028.372,164299.115,120529.037,8228790.263,9021670.727,6532249.152,2156.22,2169.02,2060.43,2199.02,2172.19,2077.19,2146.35,2034.54,1970.93,275641.5255,338010.6238,394873.5248,5.99E+08,7.05E+08,7.94E+08,3492121,3890747,3909237,139003.4847,171588.2134,206051.2798,3.02E+08,3.58E+08,4.15E+08,1994.74
2026-03-28T22:38:47,71336.53,68820.31,66407.28,71436.82,69179.05,67288.94,68153,65548.25,65932.09,20820.45768,28603.69557,11462.39847,1.45E+09,1.92E+09,7.63E+08,3597702,4159306,1687368,10116.39467,14568.62853,5753.04124,7.04E+08,9.77E+08,3.83E+08,1.4145,1.3608,1.3256,1.4165,1.3726,1.3582,1.336,1.3184,1.3191,1.31E+08,1.19E+08,5.37E+07,1.79E+08,1.60E+08,7.20E+07,632117,593277,293074,6.00E+07,5.62E+07,2.62E+07,8.23E+07,7.54E+07,3.50E+07,91.7,86.52,83.11,91.98,87.04,84.29,85.45,81.86,81.69,3566192.736,2840562.07,1667010.099,3.14E+08,2.39E+08,1.39E+08,864864,817296,451858,1628293.113,1374893.666,839405.538,1.43E+08,1.15E+08,6.98E+07,56.64,54.59,53.71,56.67,55.18,54.93,54.23,53.29,53.26,382513.198,262999.776,269897.849,2.10E+07,1.42E+07,1.46E+07,147781,151570,116262,164299.115,120529.037,146392.985,9021670.727,6532249.152,7918076.544,2169.02,2060.43,1992.76,2172.19,2077.19,2047.45,2034.54,1970.93,1983.17,338010.6238,394873.5248,154831.8055,7.05E+08,7.94E+08,3.11E+08,3890747,3909237,1569810,171588.2134,206051.2798,86378.919,3.58E+08,4.15E+08,1.74E+08,1984.64
2026-03-29T22:38:47,68820.31,66407.28,66377.04,69179.05,67288.94,67130.5,65548.25,65932.09,65000,28603.69557,11462.39847,10052.85584,1.92E+09,7.63E+08,6.67E+08,4159306,1687368,2146177,14568.62853,5753.04124,4769.42832,9.77E+08,3.83E+08,3.17E+08,1.3608,1.3256,1.3333,1.3726,1.3582,1.3433,1.3184,1.3191,1.2954,1.19E+08,5.37E+07,6.13E+07,1.60E+08,7.20E+07,8.12E+07,593277,293074,412127,5.62E+07,2.62E+07,2.96E+07,7.54E+07,3.50E+07,3.92E+07,86.52,83.11,82.09,87.04,84.29,83.24,81.86,81.69,78.96,2840562.07,1667010.099,1624673.475,2.39E+08,1.39E+08,1.33E+08,817296,451858,523110,1374893.666,839405.538,775501.505,1.15E+08,6.98E+07,6.34E+07,54.59,53.71,53.84,55.18,54.93,54.39,53.29,53.26,52.22,262999.776,269897.849,181661.454,1.42E+07,1.46E+07,9731298.209,151570,116262,119092,120529.037,146392.985,85287.9,6532249.152,7918076.544,4572820.008,2060.43,1992.76,1994.74,2077.19,2047.45,2019.65,1970.93,1983.17,1938.82,394873.5248,154831.8055,166726.7382,7.94E+08,3.11E+08,3.31E+08,3909237,1569810,2049808,206051.2798,86378.919,87697.2438,4.15E+08,1.74E+08,1.74E+08,2026.48
2026-03-30T22:38:47,66407.28,66377.04,66010.93,67288.94,67130.5,68169.65,65932.09,65000,65800.59,11462.39847,10052.85584,18353.38975,7.63E+08,6.67E+08,1.23E+09,1687368,2146177,3902849,5753.04124,4769.42832,9155.91893,3.83E+08,3.17E+08,6.16E+08,1.3256,1.3333,1.3279,1.3582,1.3433,1.3669,1.3191,1.2954,1.3166,5.37E+07,6.13E+07,1.00E+08,7.20E+07,8.12E+07,1.35E+08,293074,412127,655782,2.62E+07,2.96E+07,5.28E+07,3.50E+07,3.92E+07,7.10E+07,83.11,82.09,81.45,84.29,83.24,84.99,81.69,78.96,81.15,1667010.099,1624673.475,3025854.687,1.39E+08,1.33E+08,2.53E+08,451858,523110,887139,839405.538,775501.505,1564663.742,6.98E+07,6.34E+07,1.31E+08,53.71,53.84,53.33,54.93,54.39,54.41,53.26,52.22,52.96,269897.849,181661.454,414289.211,1.46E+07,9731298.209,2.23E+07,116262,119092,171920,146392.985,85287.9,191153.443,7918076.544,4572820.008,1.03E+07,1992.76,1994.74,1984.65,2047.45,2019.65,2085,1983.17,1938.82,1980.28,154831.8055,166726.7382,338304.4344,3.11E+08,3.31E+08,6.92E+08,1569810,2049808,3886546,86378.919,87697.2438,174062.2111,1.74E+08,1.74E+08,3.56E+08,2105.43
2026-03-31T22:38:47,66377.04,66010.93,66797.38,67130.5,68169.65,68589.49,65000,65800.59,65998.05,10052.85584,18353.38975,22105.40662,6.67E+08,1.23E+09,1.49E+09,2146177,3902849,4846820,4769.42832,9155.91893,10726.18262,3.17E+08,6.16E+08,7.23E+08,1.3333,1.3279,1.3242,1.3433,1.3669,1.3503,1.2954,1.3166,1.3038,6.13E+07,1.00E+08,1.01E+08,8.12E+07,1.35E+08,1.34E+08,412127,655782,677324,2.96E+07,5.28E+07,5.04E+07,3.92E+07,7.10E+07,6.68E+07,82.09,81.45,82.55,83.24,84.99,84.62,78.96,81.15,80.08,1624673.475,3025854.687,4272567.426,1.33E+08,2.53E+08,3.50E+08,523110,887139,1157793,775501.505,1564663.742,2164590.908,6.34E+07,1.31E+08,1.77E+08,53.84,53.33,53.34,54.39,54.41,54.29,52.22,52.96,53.13,181661.454,414289.211,332765.311,9731298.209,2.23E+07,1.79E+07,119092,171920,161896,85287.9,191153.443,171657.225,4572820.008,1.03E+07,9232269.365,1994.74,1984.65,2026.48,2019.65,2085,2124.03,1938.82,1980.28,2012.64,166726.7382,338304.4344,421897.9023,3.31E+08,6.92E+08,8.74E+08,2049808,3886546,5013796,87697.2438,174062.2111,218379.1286,1.74E+08,3.56E+08,4.53E+08,2140.35
2026-04-01T22:38:47,66010.93,66797.38,68284.49,68169.65,68589.49,69310,65800.59,65998.05,67578.75,18353.38975,22105.40662,19020.1899,1.23E+09,1.49E+09,1.30E+09,3902849,4846820,3741910,9155.91893,10726.18262,9702.49844,6.16E+08,7.23E+08,6.64E+08,1.3279,1.3242,1.341,1.3669,1.3503,1.3683,1.3166,1.3038,1.3314,1.00E+08,1.01E+08,8.69E+07,1.35E+08,1.34E+08,1.17E+08,655782,677324,504793,5.28E+07,5.04E+07,4.44E+07,7.10E+07,6.68E+07,5.99E+07,81.45,82.55,83.19,84.99,84.62,86.65,81.15,80.08,80.77,3025854.687,4272567.426,4676736.12,2.53E+08,3.50E+08,3.90E+08,887139,1157793,1221698,1564663.742,2164590.908,2333531.443,1.31E+08,1.77E+08,1.95E+08,53.33,53.34,53.94,54.41,54.29,54.78,52.96,53.13,53.72,414289.211,332765.311,398752.553,2.23E+07,1.79E+07,2.16E+07,171920,161896,147646,191153.443,171657.225,197862.459,1.03E+07,9232269.365,1.07E+07,1984.65,2026.48,2105.43,2085,2124.03,2167.85,1980.28,2012.64,2082.08,338304.4344,421897.9023,399227.3779,6.92E+08,8.74E+08,8.52E+08,3886546,5013796,4211533,174062.2111,218379.1286,203721.1114,3.56E+08,4.53E+08,4.35E+08,2057.17
2026-04-02T22:38:47,66797.38,68284.49,68113.92,68589.49,69310,68653.38,65998.05,67578.75,65712.12,22105.40662,19020.1899,20203.47916,1.49E+09,1.30E+09,1.35E+09,4846820,3741910,4189133,10726.18262,9702.49844,10090.6562,7.23E+08,6.64E+08,6.74E+08,1.3242,1.341,1.3477,1.3503,1.3683,1.3569,1.3038,1.3314,1.2802,1.01E+08,8.69E+07,1.33E+08,1.34E+08,1.17E+08,1.74E+08,677324,504793,701799,5.04E+07,4.44E+07,6.59E+07,6.68E+07,5.99E+07,8.62E+07,82.55,83.19,81.19,84.62,86.65,81.77,80.08,80.77,76.7,4272567.426,4676736.12,4210024.263,3.50E+08,3.90E+08,3.33E+08,1157793,1221698,1149760,2164590.908,2333531.443,2218883.41,1.77E+08,1.95E+08,1.75E+08,53.34,53.94,53.82,54.29,54.78,54.12,53.13,53.72,51.4,332765.311,398752.553,346503.9,1.79E+07,2.16E+07,1.81E+07,161896,147646,172486,171657.225,197862.459,168588.781,9232269.365,1.07E+07,8805000.56,2026.48,2105.43,2140.35,2124.03,2167.85,2159.37,2012.64,2082.08,2017.04,421897.9023,399227.3779,346872.8323,8.74E+08,8.52E+08,7.17E+08,5013796,4211533,4462923,218379.1286,203721.1114,161146.8702,4.53E+08,4.35E+08,3.33E+08,2053.83
2026-04-03T22:38:47,68284.49,68113.92,66901.99,69310,68653.38,67370.42,67578.75,65712.12,66282,19020.1899,20203.47916,11429.13131,1.30E+09,1.35E+09,7.64E+08,3741910,4189133,2023104,9702.49844,10090.6562,5535.26988,6.64E+08,6.74E+08,3.70E+08,1.341,1.3477,1.32,1.3683,1.3569,1.3356,1.3314,1.2802,1.3033,8.69E+07,1.33E+08,6.48E+07,1.17E+08,1.74E+08,8.54E+07,504793,701799,350966,4.44E+07,6.59E+07,3.16E+07,5.99E+07,8.62E+07,4.17E+07,83.19,81.19,78.95,86.65,81.77,80.91,80.77,76.7,78.85,4676736.12,4210024.263,2230839.74,3.90E+08,3.33E+08,1.78E+08,1221698,1149760,585265,2333531.443,2218883.41,1241609.842,1.95E+08,1.75E+08,9.92E+07,53.94,53.82,52.29,54.78,54.12,53.49,53.72,51.4,52.14,398752.553,346503.9,195542.014,2.16E+07,1.81E+07,1.03E+07,147646,172486,99499,197862.459,168588.781,96012.854,1.07E+07,8805000.56,5081427.764,2105.43,2140.35,2057.18,2167.85,2159.37,2081.76,2082.08,2017.04,2040.66,399227.3779,346872.8323,136266.6393,8.52E+08,7.17E+08,2.80E+08,4211533,4462923,1741595,203721.1114,161146.8702,64849.8016,4.35E+08,3.33E+08,1.33E+08,2065.52
2026-04-04T22:38:47,68113.92,66901.99,66964.29,68653.38,67370.42,67562.93,65712.12,66282,66775.91,20203.47916,11429.13131,7373.51613,1.35E+09,7.64E+08,4.95E+08,4189133,2023104,1356179,10090.6562,5535.26988,3701.32932,6.74E+08,3.70E+08,2.48E+08,1.3477,1.32,1.3183,1.3569,1.3356,1.3226,1.2802,1.3033,1.3067,1.33E+08,6.48E+07,3.00E+07,1.74E+08,8.54E+07,3.94E+07,701799,350966,171364,6.59E+07,3.16E+07,1.61E+07,8.62E+07,4.17E+07,2.12E+07,81.19,78.95,80.39,81.77,80.91,81.61,76.7,78.85,79.57,4210024.263,2230839.74,1562930.767,3.33E+08,1.78E+08,1.26E+08,1149760,585265,339581,2218883.41,1241609.842,778904.625,1.75E+08,9.92E+07,6.28E+07,53.82,52.29,53.23,54.12,53.49,53.86,51.4,52.14,52.99,346503.9,195542.014,149737.599,1.81E+07,1.03E+07,7996437.396,172486,99499,67311,168588.781,96012.854,72054.586,8805000.56,5081427.764,3848368.029,2140.35,2057.18,2053.83,2159.37,2081.76,2084,2017.04,2040.66,2044.63,346872.8323,136266.6393,86504.4406,7.17E+08,2.80E+08,1.78E+08,4462923,1741595,1246022,161146.8702,64849.8016,42789.6573,3.33E+08,1.33E+08,8.81E+07,2110.17
2026-04-05T22:38:47,66901.99,66964.29,67300.42,67370.42,67562.93,69136.2,66282,66775.91,66611.66,11429.13131,7373.51613,11733.46752,7.64E+08,4.95E+08,7.92E+08,2023104,1356179,2106257,5535.26988,3701.32932,5791.55692,3.70E+08,2.48E+08,3.91E+08,1.32,1.3183,1.3154,1.3356,1.3226,1.332,1.3033,1.3067,1.2787,6.48E+07,3.00E+07,7.43E+07,8.54E+07,3.94E+07,9.67E+07,350966,171364,369116,3.16E+07,1.61E+07,3.66E+07,4.17E+07,2.12E+07,4.76E+07,78.95,80.39,80.84,80.91,81.61,82.13,78.85,79.57,78.52,2230839.74,1562930.767,1732438.558,1.78E+08,1.26E+08,1.39E+08,585265,339581,530668,1241609.842,778904.625,857730.959,9.92E+07,6.28E+07,6.87E+07,52.29,53.23,53.59,53.49,53.86,54.21,52.14,52.99,52.59,195542.014,149737.599,154164.553,1.03E+07,7996437.396,8205431.344,99499,67311,84781,96012.854,72054.586,74832.935,5081427.764,3848368.029,3983718.047,2057.18,2053.83,2065.51,2081.76,2084,2123.49,2040.66,2044.63,2021.5,136266.6393,86504.4406,157353.3199,2.80E+08,1.78E+08,3.25E+08,1741595,1246022,2504865,64849.8016,42789.6573,78363.4974,1.33E+08,8.81E+07,1.62E+08,2107.16
2026-04-06T22:38:47,66964.29,67300.42,69034.18,67562.93,69136.2,70351.46,66775.91,66611.66,68300,7373.51613,11733.46752,20281.61044,4.95E+08,7.92E+08,1.41E+09,1356179,2106257,4695523,3701.32932,5791.55692,10149.79257,2.48E+08,3.91E+08,7.05E+08,1.3183,1.3154,1.3264,1.3226,1.332,1.3577,1.3067,1.2787,1.3122,3.00E+07,7.43E+07,1.04E+08,3.94E+07,9.67E+07,1.40E+08,171364,369116,582783,1.61E+07,3.66E+07,4.99E+07,2.12E+07,4.76E+07,6.68E+07,80.39,80.84,81.89,81.61,82.13,83.2,79.57,78.52,79.6,1562930.767,1732438.558,2730370.564,1.26E+08,1.39E+08,2.24E+08,339581,530668,836312,778904.625,857730.959,1352929.853,6.28E+07,6.87E+07,1.11E+08,53.23,53.59,54.12,53.86,54.21,54.64,52.99,52.59,53.2,149737.599,154164.553,251244.43,7996437.396,8205431.344,1.36E+07,67311,84781,116245,72054.586,74832.935,121886.022,3848368.029,3983718.047,6601494.606,2053.83,2065.51,2110.17,2084,2123.49,2174.79,2044.63,2021.5,2087.5,86504.4406,157353.3199,356054.2894,1.78E+08,3.25E+08,7.61E+08,1246022,2504865,5330366,42789.6573,78363.4974,180414.5093,8.81E+07,1.62E+08,3.86E+08,2240.01
2026-04-07T22:38:47,67300.42,69034.18,68853.66,69136.2,70351.46,72761,66611.66,68300,67732.01,11733.46752,20281.61044,23750.49661,7.92E+08,1.41E+09,1.65E+09,2106257,4695523,4871706,5791.55692,10149.79257,12465.18271,3.91E+08,7.05E+08,8.67E+08,1.3154,1.3264,1.3211,1.332,1.3577,1.3962,1.2787,1.3122,1.2949,7.43E+07,1.04E+08,1.31E+08,9.67E+07,1.40E+08,1.74E+08,369116,582783,758728,3.66E+07,4.99E+07,6.77E+07,4.76E+07,6.68E+07,9.02E+07,80.84,81.89,80.03,82.13,83.2,87.02,78.52,79.6,78.38,1732438.558,2730370.564,4312598.52,1.39E+08,2.24E+08,3.52E+08,530668,836312,1320957,857730.959,1352929.853,2196613.788,6.87E+07,1.11E+08,1.79E+08,53.59,54.12,53.52,54.21,54.64,55.74,52.59,53.2,52.91,154164.553,251244.43,313030.401,8205431.344,1.36E+07,1.68E+07,84781,116245,153619,74832.935,121886.022,151630.93,3983718.047,6601494.606,8158155.339,2065.51,2110.17,2107.16,2123.49,2174.79,2273.87,2021.5,2087.5,2060.24,157353.3199,356054.2894,460094.8093,3.25E+08,7.61E+08,9.86E+08,2504865,5330366,5189711,78363.4974,180414.5093,239252.9777,1.62E+08,3.86E+08,5.13E+08,2190
2026-04-08T22:38:47,69034.18,68853.66,71924.22,70351.46,72761,72857,68300,67732.01,70707.23,20281.61044,23750.49661,19802.68627,1.41E+09,1.65E+09,1.42E+09,4695523,4871706,3843988,10149.79257,12465.18271,9570.20189,7.05E+08,8.67E+08,6.86E+08,1.3264,1.3211,1.3786,1.3577,1.3962,1.3898,1.3122,1.2949,1.3389,1.04E+08,1.31E+08,1.25E+08,1.40E+08,1.74E+08,1.71E+08,582783,758728,665297,4.99E+07,6.77E+07,6.13E+07,6.68E+07,9.02E+07,8.40E+07,81.89,80.03,85.56,83.2,87.02,85.9,79.6,78.38,82.24,2730370.564,4312598.52,2952758.548,2.24E+08,3.52E+08,2.48E+08,836312,1320957,910454,1352929.853,2196613.788,1433720.963,1.11E+08,1.79E+08,1.21E+08,54.12,53.52,55.36,54.64,55.74,55.59,53.2,52.91,53.89,251244.43,313030.401,262118.262,1.36E+07,1.68E+07,1.44E+07,116245,153619,117516,121886.022,151630.93,127241.579,6601494.606,8158155.339,6982534.506,2110.17,2107.16,2240.01,2174.79,2273.87,2270.55,2087.5,2060.24,2179.78,356054.2894,460094.8093,404717.6321,7.61E+08,9.86E+08,9.03E+08,5330366,5189711,4339985,180414.5093,239252.9777,190983.3243,3.86E+08,5.13E+08,4.26E+08,2190.2
2026-04-09T22:38:47,68853.66,71924.22,71069.93,72761,72857,73145,67732.01,70707.23,70466,23750.49661,19802.68627,18158.42159,1.65E+09,1.42E+09,1.30E+09,4871706,3843988,3773025,12465.18271,9570.20189,9604.31771,8.67E+08,6.86E+08,6.88E+08,1.3211,1.3786,1.3428,1.3962,1.3898,1.3696,1.2949,1.3389,1.3218,1.31E+08,1.25E+08,1.12E+08,1.74E+08,1.71E+08,1.50E+08,758728,665297,552805,6.77E+07,6.13E+07,5.52E+07,9.02E+07,8.40E+07,7.40E+07,80.03,85.56,82.56,87.02,85.9,85.95,78.38,82.24,81.4,4312598.52,2952758.548,2775927.629,3.52E+08,2.48E+08,2.31E+08,1320957,910454,900238,2196613.788,1433720.963,1450802.075,1.79E+08,1.21E+08,1.21E+08,53.52,55.36,53.94,55.74,55.59,55.28,52.91,53.89,53.62,313030.401,262118.262,248302.357,1.68E+07,1.44E+07,1.35E+07,153619,117516,118079,151630.93,127241.579,123095.902,8158155.339,6982534.506,6685776.034,2107.16,2240.01,2190,2273.87,2270.55,2246,2060.24,2179.78,2157.31,460094.8093,404717.6321,275317.9503,9.86E+08,9.03E+08,6.04E+08,5189711,4339985,3756386,239252.9777,190983.3243,135540.5413,5.13E+08,4.26E+08,2.98E+08,2245.05
2026-04-10T22:38:47,71924.22,71069.93,71787.98,72857,73145,73434,70707.23,70466,71426.15,19802.68627,18158.42159,17372.63288,1.42E+09,1.30E+09,1.26E+09,3843988,3773025,3176308,9570.20189,9604.31771,8819.74841,6.86E+08,6.88E+08,6.40E+08,1.3786,1.3428,1.3438,1.3898,1.3696,1.366,1.3389,1.3218,1.3348,1.25E+08,1.12E+08,7.98E+07,1.71E+08,1.50E+08,1.07E+08,665297,552805,395652,6.13E+07,5.52E+07,3.79E+07,8.40E+07,7.40E+07,5.10E+07,85.56,82.56,83.33,85.9,85.95,85.67,82.24,81.4,82.62,2952758.548,2775927.629,2186078.343,2.48E+08,2.31E+08,1.84E+08,910454,900238,684681,1433720.963,1450802.075,1137103.618,1.21E+08,1.21E+08,9.54E+07,55.36,53.94,54.55,55.59,55.28,55.52,53.89,53.62,54.23,262118.262,248302.357,227586.41,1.44E+07,1.35E+07,1.25E+07,117516,118079,111160,127241.579,123095.902,112640.857,6982534.506,6685776.034,6181282.864,2240.01,2190,2190.17,2270.55,2246,2257.99,2179.78,2157.31,2176.1,404717.6321,275317.9503,272899.0858,9.03E+08,6.04E+08,6.06E+08,4339985,3756386,2929213,190983.3243,135540.5413,132077.3122,4.26E+08,2.98E+08,2.94E+08,2284.99
2026-04-11T22:38:47,71069.93,71787.98,72962.71,73145,73434,73790,70466,71426.15,72513.09,18158.42159,17372.63288,9070.94374,1.30E+09,1.26E+09,6.62E+08,3773025,3176308,1472041,9604.31771,8819.74841,4673.47605,6.88E+08,6.40E+08,3.41E+08,1.3428,1.3438,1.3559,1.3696,1.366,1.3752,1.3218,1.3348,1.3394,1.12E+08,7.98E+07,5.71E+07,1.50E+08,1.07E+08,7.73E+07,552805,395652,301231,5.52E+07,3.79E+07,2.66E+07,7.40E+07,5.10E+07,3.60E+07,82.56,83.33,84.83,85.95,85.67,86.26,81.4,82.62,83.8,2775927.629,2186078.343,1570901.883,2.31E+08,1.84E+08,1.33E+08,900238,684681,479797,1450802.075,1137103.618,811280.276,1.21E+08,9.54E+07,6.88E+07,53.94,54.55,54.96,55.28,55.52,55.71,53.62,54.23,54.35,248302.357,227586.41,181747.445,1.35E+07,1.25E+07,9972879.681,118079,111160,84794,123095.902,112640.857,87231.945,6685776.034,6181282.864,4785715.362,2190,2190.17,2245.06,2246,2257.99,2329.93,2157.31,2176.1,2229,275317.9503,272899.0858,214785.4039,6.04E+08,6.06E+08,4.88E+08,3756386,2929213,1929651,135540.5413,132077.3122,107238.9877,2.98E+08,2.94E+08,2.44E+08,2191.65
2026-04-12T22:38:47,71787.98,72962.71,73043.16,73434,73790,73137.24,71426.15,72513.09,70505.88,17372.63288,9070.94374,13472.46801,1.26E+09,6.62E+08,9.63E+08,3176308,1472041,2068779,8819.74841,4673.47605,6326.31289,6.40E+08,3.41E+08,4.52E+08,1.3438,1.3559,1.3547,1.366,1.3752,1.3559,1.3348,1.3394,1.3193,7.98E+07,5.71E+07,7.02E+07,1.07E+08,7.73E+07,9.35E+07,395652,301231,368425,3.79E+07,2.66E+07,3.47E+07,5.10E+07,3.60E+07,4.61E+07,83.33,84.83,84.94,85.67,86.26,85,82.62,83.8,81.27,2186078.343,1570901.883,2174791.866,1.84E+08,1.33E+08,1.79E+08,684681,479797,639807,1137103.618,811280.276,1035637.218,9.54E+07,6.88E+07,8.53E+07,54.55,54.96,55.06,55.52,55.71,55.06,54.23,54.35,53.36,227586.41,181747.445,208716.671,1.25E+07,9972879.681,1.12E+07,111160,84794,103682,112640.857,87231.945,96694.546,6181282.864,4785715.362,5205978.372,2190.17,2245.06,2285,2257.99,2329.93,2288.57,2176.1,2229,2175,272899.0858,214785.4039,258156.8821,6.06E+08,4.88E+08,5.72E+08,2929213,1929651,2575808,132077.3122,107238.9877,125658.2437,2.94E+08,2.44E+08,2.78E+08,2369.46
2026-04-13T22:38:47,72962.71,73043.16,70741.56,73790,73137.24,74900,72513.09,70505.88,70566.99,9070.94374,13472.46801,24230.21625,6.62E+08,9.63E+08,1.75E+09,1472041,2068779,3673539,4673.47605,6326.31289,12639.79905,3.41E+08,4.52E+08,9.15E+08,1.3559,1.3547,1.3246,1.3752,1.3559,1.3839,1.3394,1.3193,1.3193,5.71E+07,7.02E+07,1.05E+08,7.73E+07,9.35E+07,1.42E+08,301231,368425,526222,2.66E+07,3.47E+07,5.25E+07,3.60E+07,4.61E+07,7.05E+07,84.83,84.94,81.54,86.26,85,86.81,83.8,81.27,81.4,1570901.883,2174791.866,2950390.415,1.33E+08,1.79E+08,2.47E+08,479797,639807,1038169,811280.276,1035637.218,1566990.352,6.88E+07,8.53E+07,1.31E+08,54.96,55.06,53.49,55.71,55.06,54.76,54.35,53.36,52.66,181747.445,208716.671,330733.726,9972879.681,1.12E+07,1.77E+07,84794,103682,140451,87231.945,96694.546,167332.906,4785715.362,5205978.372,8936778.076,2245.06,2285,2191.64,2329.93,2288.57,2394.71,2229,2175,2175.68,214785.4039,258156.8821,453870.8292,4.88E+08,5.72E+08,1.03E+09,1929651,2575808,4527557,107238.9877,125658.2437,234599.9045,2.44E+08,2.78E+08,5.32E+08,2322.44
2026-04-14T22:38:47,73043.16,70741.56,74418,73137.24,74900,76038,70505.88,70566.99,73795.47,13472.46801,24230.21625,26532.94456,9.63E+08,1.75E+09,1.98E+09,2068779,3673539,4033448,6326.31289,12639.79905,13313.88956,4.52E+08,9.15E+08,9.96E+08,1.3547,1.3246,1.3757,1.3559,1.3839,1.3955,1.3193,1.3193,1.3521,7.02E+07,1.05E+08,1.03E+08,9.35E+07,1.42E+08,1.41E+08,368425,526222,530040,3.47E+07,5.25E+07,4.98E+07,4.61E+07,7.05E+07,6.82E+07,84.94,81.54,86.51,85,86.81,87.67,81.27,81.4,83.3,2174791.866,2950390.415,3532984.692,1.79E+08,2.47E+08,3.03E+08,639807,1038169,949683,1035637.218,1566990.352,1751000.134,8.53E+07,1.31E+08,1.50E+08,55.06,53.49,54.62,55.06,54.76,55.27,53.36,52.66,54.01,208716.671,330733.726,323202.379,1.12E+07,1.77E+07,1.76E+07,103682,140451,133440,96694.546,167332.906,152700.859,5205978.372,8936778.076,8328928.662,2285,2191.64,2369.46,2288.57,2394.71,2415.5,2175,2175.68,2302.9,258156.8821,453870.8292,460107.3841,5.72E+08,1.03E+09,1.09E+09,2575808,4527557,3689565,125658.2437,234599.9045,226148.4763,2.78E+08,5.32E+08,5.35E+08,2359.95
2026-04-15T22:38:47,70741.56,74418,74131.55,74900,76038,75425,70566.99,73795.47,73514,24230.21625,26532.94456,14425.04167,1.75E+09,1.98E+09,1.07E+09,3673539,4033448,3187792,12639.79905,13313.88956,7014.01981,9.15E+08,9.96E+08,5.21E+08,1.3246,1.3757,1.3617,1.3839,1.3955,1.4086,1.3193,1.3521,1.3503,1.05E+08,1.03E+08,1.09E+08,1.42E+08,1.41E+08,1.51E+08,526222,530040,518292,5.25E+07,4.98E+07,5.36E+07,7.05E+07,6.82E+07,7.36E+07,81.54,86.51,83.72,86.81,87.67,85.83,81.4,83.3,82.65,2950390.415,3532984.692,2602448.593,2.47E+08,3.03E+08,2.19E+08,1038169,949683,866567,1566990.352,1751000.134,1313551.259,1.31E+08,1.50E+08,1.10E+08,53.49,54.62,54.28,54.76,55.27,55.65,52.66,54.01,53.78,330733.726,323202.379,261668.064,1.77E+07,1.76E+07,1.43E+07,140451,133440,121677,167332.906,152700.859,131793.619,8936778.076,8328928.662,7215354.144,2191.64,2369.46,2322.44,2394.71,2415.5,2385.61,2175.68,2302.9,2308.5,453870.8292,460107.3841,268190.6377,1.03E+09,1.09E+09,6.28E+08,4527557,3689565,3232871,234599.9045,226148.4763,126442.7153,5.32E+08,5.35E+08,2.96E+08,2348.17
2026-04-16T22:38:47,74418,74131.55,74809.99,76038,75425,75534.76,73795.47,73514,73309.85,26532.94456,14425.04167,17088.68777,1.98E+09,1.07E+09,1.27E+09,4033448,3187792,3581890,13313.88956,7014.01981,8601.69794,9.96E+08,5.21E+08,6.42E+08,1.3757,1.3617,1.3922,1.3955,1.4086,1.4664,1.3521,1.3503,1.3865,1.03E+08,1.09E+08,1.55E+08,1.41E+08,1.51E+08,2.21E+08,530040,518292,1029873,4.98E+07,5.36E+07,7.41E+07,6.82E+07,7.36E+07,1.05E+08,86.51,83.72,84.9,87.67,85.83,90.53,83.3,82.65,83.8,3532984.692,2602448.593,3940291.341,3.03E+08,2.19E+08,3.43E+08,949683,866567,1188495,1751000.134,1313551.259,2104470.318,1.50E+08,1.10E+08,1.83E+08,54.62,54.28,55.16,55.27,55.65,56.61,54.01,53.78,54.59,323202.379,261668.064,329669.004,1.76E+07,1.43E+07,1.83E+07,133440,121677,176731,152700.859,131793.619,168825.375,8328928.662,7215354.144,9394314.038,2369.46,2322.44,2359.94,2415.5,2385.61,2369.59,2302.9,2308.5,2285.1,460107.3841,268190.6377,328960.9377,1.09E+09,6.28E+08,7.68E+08,3689565,3232871,3793210,226148.4763,126442.7153,155922.2439,5.35E+08,2.96E+08,3.64E+08,2419
2026-04-17T22:38:47,74131.55,74809.99,75154.28,75425,75534.76,78333,73514,73309.85,74529.4,14425.04167,17088.68777,25941.36694,1.07E+09,1.27E+09,1.99E+09,3187792,3581890,4931167,7014.01981,8601.69794,14435.4773,5.21E+08,6.42E+08,1.11E+09,1.3617,1.3922,1.453,1.4086,1.4664,1.51,1.3503,1.3865,1.4225,1.09E+08,1.55E+08,1.56E+08,1.51E+08,2.21E+08,2.29E+08,518292,1029873,1067860,5.36E+07,7.41E+07,7.36E+07,7.36E+07,1.05E+08,1.08E+08,83.72,84.9,89.06,85.83,90.53,90.73,82.65,83.8,87.34,2602448.593,3940291.341,4237208.388,2.19E+08,3.43E+08,3.77E+08,866567,1188495,1177055,1313551.259,2104470.318,2275080.6,1.10E+08,1.83E+08,2.03E+08,54.28,55.16,56.36,55.65,56.61,57.42,53.78,54.59,55.34,261668.064,329669.004,340755.368,1.43E+07,1.83E+07,1.93E+07,121677,176731,173098,131793.619,168825.375,175007.746,7215354.144,9394314.038,9899596.276,2322.44,2359.94,2348.16,2385.61,2369.59,2464.91,2308.5,2285.1,2317.43,268190.6377,328960.9377,491731.3615,6.28E+08,7.68E+08,1.18E+09,3232871,3793210,4541654,126442.7153,155922.2439,252564.9694,2.96E+08,3.64E+08,6.08E+08,2350.32
2026-04-18T22:38:47,74809.99,75154.28,77072.01,75534.76,78333,77420.08,73309.85,74529.4,75445.16,17088.68777,25941.36694,9141.84456,1.27E+09,1.99E+09,6.98E+08,3581890,4931167,1941112,8601.69794,14435.4773,4333.78362,6.42E+08,1.11E+09,3.31E+08,1.3922,1.453,1.4757,1.4664,1.51,1.4823,1.3865,1.4225,1.4235,1.55E+08,1.56E+08,8.27E+07,2.21E+08,2.29E+08,1.20E+08,1029873,1067860,621913,7.41E+07,7.36E+07,3.87E+07,1.05E+08,1.08E+08,5.59E+07,84.9,89.06,88.77,90.53,90.73,89.16,83.8,87.34,85.78,3940291.341,4237208.388,1893190.543,3.43E+08,3.77E+08,1.65E+08,1188495,1177055,560071,2104470.318,2275080.6,863736.099,1.83E+08,2.03E+08,7.54E+07,55.16,56.36,56.39,56.61,57.42,56.66,54.59,55.34,55.24,329669.004,340755.368,230684.754,1.83E+07,1.93E+07,1.29E+07,176731,173098,123389,168825.375,175007.746,105372.968,9394314.038,9899596.276,5897629.61,2359.94,2348.16,2419,2369.59,2464.91,2427.64,2285.1,2317.43,2339.92,328960.9377,491731.3615,221741.3888,7.68E+08,1.18E+09,5.26E+08,3793210,4541654,2045925,155922.2439,252564.9694,98727.0694,3.64E+08,6.08E+08,2.34E+08,2263.27
2026-04-19T22:38:47,75154.28,77072.01,75691.76,78333,77420.08,76240.66,74529.4,75445.16,73762.9,25941.36694,9141.84456,11369.82232,1.99E+09,6.98E+08,8.55E+08,4931167,1941112,2739751,14435.4773,4333.78362,5458.61875,1.11E+09,3.31E+08,4.11E+08,1.453,1.4757,1.4324,1.51,1.4823,1.447,1.4225,1.4235,1.3909,1.56E+08,8.27E+07,9.04E+07,2.29E+08,1.20E+08,1.29E+08,1067860,621913,716932,7.36E+07,3.87E+07,4.37E+07,1.08E+08,5.59E+07,6.21E+07,89.06,88.77,86.15,90.73,89.16,87.12,87.34,85.78,82.94,4237208.388,1893190.543,2594849.065,3.77E+08,1.65E+08,2.21E+08,1177055,560071,769677,2275080.6,863736.099,1270518.854,2.03E+08,7.54E+07,1.08E+08,56.36,56.39,55.66,57.42,56.66,55.82,55.34,55.24,53.91,340755.368,230684.754,228336.314,1.93E+07,1.29E+07,1.26E+07,173098,123389,130120,175007.746,105372.968,104072.897,9899596.276,5897629.61,5729497.455,2348.16,2419,2350.33,2464.91,2427.64,2355.3,2317.43,2339.92,2252.72,491731.3615,221741.3888,256086.8276,1.18E+09,5.26E+08,5.91E+08,4541654,2045925,2728260,252564.9694,98727.0694,119800.9019,6.08E+08,2.34E+08,2.77E+08,2313.85
2026-04-20T22:38:47,77072.01,75691.76,73801.8,77420.08,76240.66,76558.62,75445.16,73762.9,73724.31,9141.84456,11369.82232,16993.41034,6.98E+08,8.55E+08,1.28E+09,1941112,2739751,3563591,4333.78362,5458.61875,8812.70109,3.31E+08,4.11E+08,6.64E+08,1.4757,1.4324,1.3943,1.4823,1.447,1.4369,1.4235,1.3909,1.3933,8.27E+07,9.04E+07,9.96E+07,1.20E+08,1.29E+08,1.41E+08,621913,716932,658856,3.87E+07,4.37E+07,5.05E+07,5.59E+07,6.21E+07,7.16E+07,88.77,86.15,83.47,89.16,87.12,86.22,85.78,82.94,83.34,1893190.543,2594849.065,2300346.75,1.65E+08,2.21E+08,1.96E+08,560071,769677,755776,863736.099,1270518.854,1199663.506,7.54E+07,1.08E+08,1.02E+08,56.39,55.66,54.06,56.66,55.82,55.44,55.24,53.91,53.99,230684.754,228336.314,265247,1.29E+07,1.26E+07,1.46E+07,123389,130120,133272,105372.968,104072.897,138629.401,5897629.61,5729497.455,7612635.252,2419,2350.33,2263.28,2427.64,2355.3,2346.78,2339.92,2252.72,2259.67,221741.3888,256086.8276,301000.0659,5.26E+08,5.91E+08,6.94E+08,2045925,2728260,3751621,98727.0694,119800.9019,149027.6285,2.34E+08,2.77E+08,3.44E+08,2327.14
2026-04-21T22:38:47,75691.76,73801.8,75840.97,76240.66,76558.62,76927.57,73762.9,73724.31,74821.57,11369.82232,16993.41034,14912.57132,8.55E+08,1.28E+09,1.13E+09,2739751,3563591,3616213,5458.61875,8812.70109,7672.96288,4.11E+08,6.64E+08,5.83E+08,1.4324,1.3943,1.4244,1.447,1.4369,1.45,1.3909,1.3933,1.4116,9.04E+07,9.96E+07,8.53E+07,1.29E+08,1.41E+08,1.22E+08,716932,658856,567920,4.37E+07,5.05E+07,4.28E+07,6.21E+07,7.16E+07,6.12E+07,86.15,83.47,85.29,87.12,86.22,86.89,82.94,83.34,84.31,2594849.065,2300346.75,2111587.269,2.21E+08,1.96E+08,1.81E+08,769677,755776,789037,1270518.854,1199663.506,1094282.274,1.08E+08,1.02E+08,9.37E+07,55.66,54.06,55.03,55.82,55.44,55.88,53.91,53.99,54.67,228336.314,265247,253718.736,1.26E+07,1.46E+07,1.40E+07,130120,133272,127262,104072.897,138629.401,132180.255,5729497.455,7612635.252,7301954.331,2350.33,2263.28,2313.84,2355.3,2346.78,2338.75,2252.72,2259.67,2284.19,256086.8276,301000.0659,226645.977,5.91E+08,6.94E+08,5.24E+08,2728260,3751621,3398934,119800.9019,149027.6285,108621.4578,2.77E+08,3.44E+08,2.51E+08,2374.07
2026-04-22T22:38:47,73801.8,75840.97,76336.14,76558.62,76927.57,79472.82,73724.31,74821.57,76132.95,16993.41034,14912.57132,19737.51225,1.28E+09,1.13E+09,1.54E+09,3563591,3616213,3757077,8812.70109,7672.96288,10376.12434,6.64E+08,5.83E+08,8.11E+08,1.3943,1.4244,1.4335,1.4369,1.45,1.4626,1.3933,1.4116,1.4268,9.96E+07,8.53E+07,8.34E+07,1.41E+08,1.22E+08,1.21E+08,658856,567920,513323,5.05E+07,4.28E+07,4.09E+07,7.16E+07,6.12E+07,5.92E+07,83.47,85.29,86.04,86.22,86.89,89.32,83.34,84.31,86.01,2300346.75,2111587.269,3154871.835,1.96E+08,1.81E+08,2.77E+08,755776,789037,814469,1199663.506,1094282.274,1730943.426,1.02E+08,9.37E+07,1.52E+08,54.06,55.03,55.57,55.44,55.88,56.55,53.99,54.67,55.48,265247,253718.736,267526.056,1.46E+07,1.40E+07,1.50E+07,133272,127262,126136,138629.401,132180.255,134842.015,7612635.252,7301954.331,7567849.829,2263.28,2313.84,2327.15,2346.78,2338.75,2423.75,2259.67,2284.19,2312.95,301000.0659,226645.977,379707.1259,6.94E+08,5.24E+08,9.07E+08,3751621,3398934,4230243,149027.6285,108621.4578,191758.2678,3.44E+08,2.51E+08,4.58E+08,2330.26
2026-04-23T22:38:47,75840.97,76336.14,78178.22,76927.57,79472.82,78662.5,74821.57,76132.95,76960,14912.57132,19737.51225,16970.79501,1.13E+09,1.54E+09,1.32E+09,3616213,3757077,3571796,7672.96288,10376.12434,7760.75572,5.83E+08,8.11E+08,6.04E+08,1.4244,1.4335,1.4293,1.45,1.4626,1.441,1.4116,1.4268,1.409,8.53E+07,8.34E+07,9.22E+07,1.22E+08,1.21E+08,1.31E+08,567920,513323,546775,4.28E+07,4.09E+07,5.00E+07,6.12E+07,5.92E+07,7.13E+07,85.29,86.04,86.86,86.89,89.32,87.18,84.31,86.01,84.48,2111587.269,3154871.835,2894663.239,1.81E+08,2.77E+08,2.48E+08,789037,814469,789600,1094282.274,1730943.426,1551557.114,9.37E+07,1.52E+08,1.33E+08,55.03,55.57,55.5,55.88,56.55,56.23,54.67,55.48,54.9,253718.736,267526.056,233231.953,1.40E+07,1.50E+07,1.29E+07,127262,126136,139554,132180.255,134842.015,109367.704,7301954.331,7567849.829,6068210.758,2313.84,2327.15,2374.08,2338.75,2423.75,2382,2284.19,2312.95,2285.42,226645.977,379707.1259,356645.6923,5.24E+08,9.07E+08,8.32E+08,3398934,4230243,4079579,108621.4578,191758.2678,169637.8993,2.51E+08,4.58E+08,3.96E+08,2314.99
2026-04-24T22:38:47,76336.14,78178.22,78257.48,79472.82,78662.5,78581.93,76132.95,76960,77264.08,19737.51225,16970.79501,12675.14315,1.54E+09,1.32E+09,9.87E+08,3757077,3571796,2581973,10376.12434,7760.75572,6148.06393,8.11E+08,6.04E+08,4.79E+08,1.4335,1.4293,1.4386,1.4626,1.441,1.4503,1.4268,1.409,1.4239,8.34E+07,9.22E+07,6.62E+07,1.21E+08,1.31E+08,9.51E+07,513323,546775,418281,4.09E+07,5.00E+07,3.14E+07,5.92E+07,7.13E+07,4.51E+07,86.04,86.86,86.12,89.32,87.18,86.94,86.01,84.48,84.92,3154871.835,2894663.239,1818574.663,2.77E+08,2.48E+08,1.56E+08,814469,789600,545936,1730943.426,1551557.114,918892.981,1.52E+08,1.33E+08,7.90E+07,55.57,55.5,56.21,56.55,56.23,56.76,55.48,54.9,55.75,267526.056,233231.953,233846.698,1.50E+07,1.29E+07,1.32E+07,126136,139554,102714,134842.015,109367.704,118593.618,7567849.829,6068210.758,6676577.12,2327.15,2374.08,2330.27,2423.75,2382,2337.5,2312.95,2285.42,2300.22,379707.1259,356645.6923,183887.6181,9.07E+08,8.32E+08,4.26E+08,4230243,4079579,2413824,191758.2678,169637.8993,88184.8381,4.58E+08,3.96E+08,2.04E+08,2319.5
2026-04-25T22:38:47,78178.22,78257.48,77437.13,78662.5,78581.93,77885.35,76960,77264.08,77140.23,16970.79501,12675.14315,5685.1142,1.32E+09,9.87E+08,4.41E+08,3571796,2581973,806542,7760.75572,6148.06393,2999.85355,6.04E+08,4.79E+08,2.33E+08,1.4293,1.4386,1.4333,1.441,1.4503,1.4377,1.409,1.4239,1.4187,9.22E+07,6.62E+07,2.63E+07,1.31E+08,9.51E+07,3.76E+07,546775,418281,162830,5.00E+07,3.14E+07,1.22E+07,7.13E+07,4.51E+07,1.74E+07,86.86,86.12,86.18,87.18,86.94,86.8,84.48,84.92,85.53,2894663.239,1818574.663,1033932.436,2.48E+08,1.56E+08,8.91E+07,789600,545936,300075,1551557.114,918892.981,513711.595,1.33E+08,7.90E+07,4.43E+07,55.5,56.21,56.55,56.23,56.76,56.72,54.9,55.75,55.91,233231.953,233846.698,141641.823,1.29E+07,1.32E+07,7980343.258,139554,102714,69859,109367.704,118593.618,69247.774,6068210.758,6676577.12,3901976.912,2374.08,2330.27,2314.98,2382,2337.5,2323.21,2285.42,2300.22,2300.55,356645.6923,183887.6181,68139.2191,8.32E+08,4.26E+08,1.58E+08,4079579,2413824,658757,169637.8993,88184.8381,33589.8529,3.96E+08,2.04E+08,7.77E+07,2369.44
2026-04-26T22:38:47,78257.48,77437.13,77625,78581.93,77885.35,78961,77264.08,77140.23,77326.51,12675.14315,5685.1142,7963.56162,9.87E+08,4.41E+08,6.22E+08,2581973,806542,1476971,6148.06393,2999.85355,3981.86566,4.79E+08,2.33E+08,3.11E+08,1.4386,1.4333,1.4238,1.4503,1.4377,1.4366,1.4239,1.4187,1.418,6.62E+07,2.63E+07,3.00E+07,9.51E+07,3.76E+07,4.28E+07,418281,162830,230769,3.14E+07,1.22E+07,1.46E+07,4.51E+07,1.74E+07,2.08E+07,86.12,86.18,86.19,86.94,86.8,87.32,84.92,85.53,85.84,1818574.663,1033932.436,1453501.452,1.56E+08,8.91E+07,1.26E+08,545936,300075,380657,918892.981,513711.595,735165.507,7.90E+07,4.43E+07,6.36E+07,56.21,56.55,56.05,56.76,56.72,56.48,55.75,55.91,55.75,233846.698,141641.823,151412.239,1.32E+07,7980343.258,8498403.832,102714,69859,74315,118593.618,69247.774,74747.712,6676577.12,3901976.912,4196298.51,2330.27,2314.98,2319.49,2337.5,2323.21,2380,2300.22,2300.55,2306.72,183887.6181,68139.2191,154591.6219,4.26E+08,1.58E+08,3.63E+08,2413824,658757,1508570,88184.8381,33589.8529,76876.1717,2.04E+08,7.77E+07,1.81E+08,2303.67
2026-04-27T22:38:47,77437.13,77625,78657.55,77885.35,78961,79485.66,77140.23,77326.51,76459.64,5685.1142,7963.56162,16046.92418,4.41E+08,6.22E+08,1.25E+09,806542,1476971,2982889,2999.85355,3981.86566,7712.53219,2.33E+08,3.11E+08,6.00E+08,1.4333,1.4238,1.4308,1.4377,1.4366,1.4466,1.4187,1.418,1.3836,2.63E+07,3.00E+07,7.32E+07,3.76E+07,4.28E+07,1.03E+08,162830,230769,464442,1.22E+07,1.46E+07,3.64E+07,1.74E+07,2.08E+07,5.13E+07,86.18,86.19,86.93,86.8,87.32,88.08,85.53,85.84,83.63,1033932.436,1453501.452,3009101.691,8.91E+07,1.26E+08,2.58E+08,300075,380657,737519,513711.595,735165.507,1583431.358,4.43E+07,6.36E+07,1.36E+08,56.55,56.05,56.28,56.72,56.48,56.8,55.91,55.75,54.95,141641.823,151412.239,255326.831,7980343.258,8498403.832,1.42E+07,69859,74315,122144,69247.774,74747.712,122908.03,3901976.912,4196298.51,6839081.344,2314.98,2319.49,2369.45,2323.21,2380,2404.37,2300.55,2306.72,2266.09,68139.2191,154591.6219,300363.8586,1.58E+08,3.63E+08,6.98E+08,658757,1508570,3192282,33589.8529,76876.1717,143798.2975,7.77E+07,1.81E+08,3.34E+08,2289.42
2026-04-28T22:38:47,77625,78657.55,77371.32,78961,79485.66,77478,77326.51,76459.64,75666.6,7963.56162,16046.92418,13210.72383,6.22E+08,1.25E+09,1.01E+09,1476971,2982889,2352446,3981.86566,7712.53219,6518.95469,3.11E+08,6.00E+08,4.99E+08,1.4238,1.4308,1.4008,1.4366,1.4466,1.4009,1.418,1.3836,1.3677,3.00E+07,7.32E+07,5.32E+07,4.28E+07,1.03E+08,7.37E+07,230769,464442,320064,1.46E+07,3.64E+07,2.37E+07,2.08E+07,5.13E+07,3.28E+07,86.19,86.93,84.82,87.32,88.08,84.93,85.84,83.63,82.98,1453501.452,3009101.691,1664394.443,1.26E+08,2.58E+08,1.40E+08,380657,737519,397883,735165.507,1583431.358,903890.968,6.36E+07,1.36E+08,7.58E+07,56.05,56.28,55.56,56.48,56.8,55.79,55.75,54.95,54.67,151412.239,255326.831,182047.015,8498403.832,1.42E+07,1.01E+07,74315,122144,84905,74747.712,122908.03,83481.022,4196298.51,6839081.344,4612752.254,2319.49,2369.45,2303.66,2380,2404.37,2310.88,2306.72,2266.09,2258.24,154591.6219,300363.8586,187932.2201,3.63E+08,6.98E+08,4.29E+08,1508570,3192282,2346992,76876.1717,143798.2975,94578.0797,1.81E+08,3.34E+08,2.16E+08,2252.9
2026-04-29T22:38:47,78657.55,77371.32,76342.78,79485.66,77478,77904.93,76459.64,75666.6,74937.52,16046.92418,13210.72383,18279.93022,1.25E+09,1.01E+09,1.40E+09,2982889,2352446,3032890,7712.53219,6518.95469,9680.02112,6.00E+08,4.99E+08,7.41E+08,1.4308,1.4008,1.3806,1.4466,1.4009,1.4067,1.3836,1.3677,1.3458,7.32E+07,5.32E+07,7.42E+07,1.03E+08,7.37E+07,1.02E+08,464442,320064,474018,3.64E+07,2.37E+07,3.74E+07,5.13E+07,3.28E+07,5.15E+07,86.93,84.82,84.06,88.08,84.93,85.56,83.63,82.98,81.4,3009101.691,1664394.443,2576063.596,2.58E+08,1.40E+08,2.16E+08,737519,397883,581305,1583431.358,903890.968,1182001.869,1.36E+08,7.58E+07,9.89E+07,56.28,55.56,55.7,56.8,55.79,57.71,54.95,54.67,54.35,255326.831,182047.015,407969.758,1.42E+07,1.01E+07,2.28E+07,122144,84905,188804,122908.03,83481.022,191589.136,6839081.344,4612752.254,1.07E+07,2369.45,2303.66,2289.42,2404.37,2310.88,2346.95,2266.09,2258.24,2220.36,300363.8586,187932.2201,355078.1015,6.98E+08,4.29E+08,8.12E+08,3192282,2346992,3588292,143798.2975,94578.0797,178999.8027,3.34E+08,2.16E+08,4.09E+08,2257.51
2026-04-30T22:38:47,77371.32,76342.78,75780,77478,77904.93,76669.14,75666.6,74937.52,75323.65,13210.72383,18279.93022,10381.81607,1.01E+09,1.40E+09,7.91E+08,2352446,3032890,2569480,6518.95469,9680.02112,5585.19124,4.99E+08,7.41E+08,4.25E+08,1.4008,1.3806,1.3692,1.4009,1.4067,1.3847,1.3677,1.3458,1.3591,5.32E+07,7.42E+07,5.11E+07,7.37E+07,1.02E+08,7.00E+07,320064,474018,365359,2.37E+07,3.74E+07,2.15E+07,3.28E+07,5.15E+07,2.95E+07,84.82,84.06,83.05,84.93,85.56,84.01,82.98,81.4,82.16,1664394.443,2576063.596,1372591.611,1.40E+08,2.16E+08,1.14E+08,397883,581305,481530,903890.968,1182001.869,735437.679,7.58E+07,9.89E+07,6.12E+07,55.56,55.7,55.32,55.79,57.71,55.99,54.67,54.35,54.93,182047.015,407969.758,195777.274,1.01E+07,2.28E+07,1.09E+07,84905,188804,106126,83481.022,191589.136,90877.519,4612752.254,1.07E+07,5046319.637,2303.66,2289.42,2252.9,2310.88,2346.95,2279,2258.24,2220.36,2231.64,187932.2201,355078.1015,167194.2776,4.29E+08,8.12E+08,3.78E+08,2346992,3588292,2649837,94578.0797,178999.8027,83993.1124,2.16E+08,4.09E+08,1.90E+08,2295.63
