date,ETH.open_10,ETH.open_9,ETH.open_8,ETH.open_7,ETH.open_6,ETH.open_5,ETH.open_4,ETH.open_3,ETH.open_2,ETH.open_1,ETH.open,ETH.high_10,ETH.high_9,ETH.high_8,ETH.high_7,ETH.high_6,ETH.high_5,ETH.high_4,ETH.high_3,ETH.high_2,ETH.high_1,ETH.high,ETH.volume_10,ETH.volume_9,ETH.volume_8,ETH.volume_7,ETH.volume_6,ETH.volume_5,ETH.volume_4,ETH.volume_3,ETH.volume_2,ETH.volume_1,ETH.volume,ETH.quoteAssetVolume_10,ETH.quoteAssetVolume_9,ETH.quoteAssetVolume_8,ETH.quoteAssetVolume_7,ETH.quoteAssetVolume_6,ETH.quoteAssetVolume_5,ETH.quoteAssetVolume_4,ETH.quoteAssetVolume_3,ETH.quoteAssetVolume_2,ETH.quoteAssetVolume_1,ETH.quoteAssetVolume,ETH.numberOfTrades_10,ETH.numberOfTrades_9,ETH.numberOfTrades_8,ETH.numberOfTrades_7,ETH.numberOfTrades_6,ETH.numberOfTrades_5,ETH.numberOfTrades_4,ETH.numberOfTrades_3,ETH.numberOfTrades_2,ETH.numberOfTrades_1,ETH.numberOfTrades,ETH.takerBuyBaseAssetVolume_10,ETH.takerBuyBaseAssetVolume_9,ETH.takerBuyBaseAssetVolume_8,ETH.takerBuyBaseAssetVolume_7,ETH.takerBuyBaseAssetVolume_6,ETH.takerBuyBaseAssetVolume_5,ETH.takerBuyBaseAssetVolume_4,ETH.takerBuyBaseAssetVolume_3,ETH.takerBuyBaseAssetVolume_2,ETH.takerBuyBaseAssetVolume_1,ETH.takerBuyBaseAssetVolume,ETH.takerBuyQuoteAssetVolume_10,ETH.takerBuyQuoteAssetVolume_9,ETH.takerBuyQuoteAssetVolume_8,ETH.takerBuyQuoteAssetVolume_7,ETH.takerBuyQuoteAssetVolume_6,ETH.takerBuyQuoteAssetVolume_5,ETH.takerBuyQuoteAssetVolume_4,ETH.takerBuyQuoteAssetVolume_3,ETH.takerBuyQuoteAssetVolume_2,ETH.takerBuyQuoteAssetVolume_1,ETH.takerBuyQuoteAssetVolume,ETH.return_10,ETH.return_9,ETH.return_8,ETH.return_7,ETH.return_6,ETH.return_5,ETH.return_4,ETH.return_3,ETH.return_2,ETH.return_1,ETH.return,ETH.close_10,ETH.close_9,ETH.close_8,ETH.close_7,ETH.close_6,ETH.close_5,ETH.close_4,ETH.close_3,ETH.close_2,ETH.close_1,ETH.close,ETH.low_10,ETH.low_9,ETH.low_8,ETH.low_7,ETH.low_6,ETH.low_5,ETH.low_4,ETH.low_3,ETH.low_2,ETH.low_1,ETH.low
2025-12-31T00:00:00,2977.93,3002.03,3009.48,2965.03,2947.48,2903.9,2928.0,2949.05,2950.91,2937.91,2973.69,3013.4,3077.39,3035.79,2978.15,2971.46,2994.38,2960.89,2961.23,3057.78,3009.8,3028.08,162244.8067,298443.5633,386465.747,197035.5598,188721.2981,314830.9989,95040.3956,128834.139,485959.1824,286583.2879,233729.5887,4.83780019527505E8,9.03056984466161E8,1.143899253062532E9,5.78209287858266E8,5.54690625492779E8,9.28357784217832E8,2.78706096334518E8,3.79078145432578E8,1.447180217933539E9,8.51498558489608E8,6.97600045700212E8,2474808,5452069,4824322,3194683,2183611,4062164,1004396,1484510,5162535,3959890,2935432,78868.2879,142983.3689,206394.4595,101402.5429,85987.392,159371.2995,43285.9713,65373.9915,233555.1583,146128.2348,116217.5263,2.35186765372176E8,4.32713971599364E8,6.10982176714151E8,2.97704426144271E8,2.52678463929107E8,4.697842926982E8,1.26936744905573E8,1.92352556018686E8,6.94845447761885E8,4.34231190136072E8,3.46891301180933E8,0.0,0.0024883245281509783,-0.014776590053464142,-0.005919015723334137,-0.014765205413456281,0.008278379448681955,0.007192647515872801,6.307115850866118E-4,-0.004408809485887324,0.012182170938425394,-6.893791888193396E-4,3002.02,3009.49,2965.02,2947.47,2903.95,2927.99,2949.05,2950.91,2937.9,2973.69,2971.64,2944.0,2963.43,2900.93,2888.7,2891.2,2894.26,2917.13,2924.54,2910.25,2919.44,2958.91
2026-01-01T00:00:00,3002.03,3009.48,2965.03,2947.48,2903.9,2928.0,2949.05,2950.91,2937.91,2973.69,2971.65,3077.39,3035.79,2978.15,2971.46,2994.38,2960.89,2961.23,3057.78,3009.8,3028.08,3010.0,298443.5633,386465.747,197035.5598,188721.2981,314830.9989,95040.3956,128834.139,485959.1824,286583.2879,233729.5887,136088.5207,9.03056984466161E8,1.143899253062532E9,5.78209287858266E8,5.54690625492779E8,9.28357784217832E8,2.78706096334518E8,3.79078145432578E8,1.447180217933539E9,8.51498558489608E8,6.97600045700212E8,4.06547667098154E8,5452069,4824322,3194683,2183611,4062164,1004396,1484510,5162535,3959890,2935432,1338212,142983.3689,206394.4595,101402.5429,85987.392,159371.2995,43285.9713,65373.9915,233555.1583,146128.2348,116217.5263,66477.086,4.32713971599364E8,6.10982176714151E8,2.97704426144271E8,2.52678463929107E8,4.697842926982E8,1.26936744905573E8,1.92352556018686E8,6.94845447761885E8,4.34231190136072E8,3.46891301180933E8,1.98558579194668E8,0.0024883245281509783,-0.014776590053464142,-0.005919015723334137,-0.014765205413456281,0.008278379448681955,0.007192647515872801,6.307115850866118E-4,-0.004408809485887324,0.012182170938425394,-6.893791888193396E-4,0.010953547536040767,3009.49,2965.02,2947.47,2903.95,2927.99,2949.05,2950.91,2937.9,2973.69,2971.64,3004.19,2963.43,2900.93,2888.7,2891.2,2894.26,2917.13,2924.54,2910.25,2919.44,2958.91,2971.15
2026-01-02T00:00:00,3009.48,2965.03,2947.48,2903.9,2928.0,2949.05,2950.91,2937.91,2973.69,2971.65,3004.19,3035.79,2978.15,2971.46,2994.38,2960.89,2961.23,3057.78,3009.8,3028.08,3010.0,3150.01,386465.747,197035.5598,188721.2981,314830.9989,95040.3956,128834.139,485959.1824,286583.2879,233729.5887,136088.5207,369891.2449,1.143899253062532E9,5.78209287858266E8,5.54690625492779E8,9.28357784217832E8,2.78706096334518E8,3.79078145432578E8,1.447180217933539E9,8.51498558489608E8,6.97600045700212E8,4.06547667098154E8,1.137619077204739E9,4824322,3194683,2183611,4062164,1004396,1484510,5162535,3959890,2935432,1338212,5276480,206394.4595,101402.5429,85987.392,159371.2995,43285.9713,65373.9915,233555.1583,146128.2348,116217.5263,66477.086,195057.0391,6.10982176714151E8,2.97704426144271E8,2.52678463929107E8,4.697842926982E8,1.26936744905573E8,1.92352556018686E8,6.94845447761885E8,4.34231190136072E8,3.46891301180933E8,1.98558579194668E8,5.99510476371968E8,-0.014776590053464142,-0.005919015723334137,-0.014765205413456281,0.008278379448681955,0.007192647515872801,6.307115850866118E-4,-0.004408809485887324,0.012182170938425394,-6.893791888193396E-4,0.010953547536040767,0.04036362546976049,2965.02,2947.47,2903.95,2927.99,2949.05,2950.91,2937.9,2973.69,2971.64,3004.19,3125.45,2900.93,2888.7,2891.2,2894.26,2917.13,2924.54,2910.25,2919.44,2958.91,2971.15,2992.49
2026-01-03T00:00:00,2965.03,2947.48,2903.9,2928.0,2949.05,2950.91,2937.91,2973.69,2971.65,3004.19,3125.46,2978.15,2971.46,2994.38,2960.89,2961.23,3057.78,3009.8,3028.08,3010.0,3150.01,3136.71,197035.5598,188721.2981,314830.9989,95040.3956,128834.139,485959.1824,286583.2879,233729.5887,136088.5207,369891.2449,134405.2258,5.78209287858266E8,5.54690625492779E8,9.28357784217832E8,2.78706096334518E8,3.79078145432578E8,1.447180217933539E9,8.51498558489608E8,6.97600045700212E8,4.06547667098154E8,1.137619077204739E9,4.17746796512137E8,3194683,2183611,4062164,1004396,1484510,5162535,3959890,2935432,1338212,5276480,1823251,101402.5429,85987.392,159371.2995,43285.9713,65373.9915,233555.1583,146128.2348,116217.5263,66477.086,195057.0391,66789.8067,2.97704426144271E8,2.52678463929107E8,4.697842926982E8,1.26936744905573E8,1.92352556018686E8,6.94845447761885E8,4.34231190136072E8,3.46891301180933E8,1.98558579194668E8,5.99510476371968E8,2.07586674464872E8,-0.005919015723334137,-0.014765205413456281,0.008278379448681955,0.007192647515872801,6.307115850866118E-4,-0.004408809485887324,0.012182170938425394,-6.893791888193396E-4,0.010953547536040767,0.04036362546976049,5.311235182134762E-4,2947.47,2903.95,2927.99,2949.05,2950.91,2937.9,2973.69,2971.64,3004.19,3125.45,3127.11,2888.7,2891.2,2894.26,2917.13,2924.54,2910.25,2919.44,2958.91,2971.15,2992.49,3076.0
2026-01-04T00:00:00,2947.48,2903.9,2928.0,2949.05,2950.91,2937.91,2973.69,2971.65,3004.19,3125.46,3127.11,2971.46,2994.38,2960.89,2961.23,3057.78,3009.8,3028.08,3010.0,3150.01,3136.71,3167.22,188721.2981,314830.9989,95040.3956,128834.139,485959.1824,286583.2879,233729.5887,136088.5207,369891.2449,134405.2258,181576.0686,5.54690625492779E8,9.28357784217832E8,2.78706096334518E8,3.79078145432578E8,1.447180217933539E9,8.51498558489608E8,6.97600045700212E8,4.06547667098154E8,1.137619077204739E9,4.17746796512137E8,5.70517585648554E8,2183611,4062164,1004396,1484510,5162535,3959890,2935432,1338212,5276480,1823251,2261499,85987.392,159371.2995,43285.9713,65373.9915,233555.1583,146128.2348,116217.5263,66477.086,195057.0391,66789.8067,94783.8698,2.52678463929107E8,4.697842926982E8,1.26936744905573E8,1.92352556018686E8,6.94845447761885E8,4.34231190136072E8,3.46891301180933E8,1.98558579194668E8,5.99510476371968E8,2.07586674464872E8,2.97836974892677E8,-0.014765205413456281,0.008278379448681955,0.007192647515872801,6.307115850866118E-4,-0.004408809485887324,0.012182170938425394,-6.893791888193396E-4,0.010953547536040767,0.04036362546976049,5.311235182134762E-4,0.005625001998650412,2903.95,2927.99,2949.05,2950.91,2937.9,2973.69,2971.64,3004.19,3125.45,3127.11,3144.7,2891.2,2894.26,2917.13,2924.54,2910.25,2919.44,2958.91,2971.15,2992.49,3076.0,3118.75
2026-01-05T00:00:00,2903.9,2928.0,2949.05,2950.91,2937.91,2973.69,2971.65,3004.19,3125.46,3127.11,3144.71,2994.38,2960.89,2961.23,3057.78,3009.8,3028.08,3010.0,3150.01,3136.71,3167.22,3265.66,314830.9989,95040.3956,128834.139,485959.1824,286583.2879,233729.5887,136088.5207,369891.2449,134405.2258,181576.0686,382446.6618,9.28357784217832E8,2.78706096334518E8,3.79078145432578E8,1.447180217933539E9,8.51498558489608E8,6.97600045700212E8,4.06547667098154E8,1.137619077204739E9,4.17746796512137E8,5.70517585648554E8,1.219648843481487E9,4062164,1004396,1484510,5162535,3959890,2935432,1338212,5276480,1823251,2261499,5401982,159371.2995,43285.9713,65373.9915,233555.1583,146128.2348,116217.5263,66477.086,195057.0391,66789.8067,94783.8698,188956.4336,4.697842926982E8,1.26936744905573E8,1.92352556018686E8,6.94845447761885E8,4.34231190136072E8,3.46891301180933E8,1.98558579194668E8,5.99510476371968E8,2.07586674464872E8,2.97836974892677E8,6.02755810620799E8,0.008278379448681955,0.007192647515872801,6.307115850866118E-4,-0.004408809485887324,0.012182170938425394,-6.893791888193396E-4,0.010953547536040767,0.04036362546976049,5.311235182134762E-4,0.005625001998650412,0.02553184723503036,2927.99,2949.05,2950.91,2937.9,2973.69,2971.64,3004.19,3125.45,3127.11,3144.7,3224.99,2894.26,2917.13,2924.54,2910.25,2919.44,2958.91,2971.15,2992.49,3076.0,3118.75,3135.02
2026-01-06T00:00:00,2928.0,2949.05,2950.91,2937.91,2973.69,2971.65,3004.19,3125.46,3127.11,3144.71,3224.99,2960.89,2961.23,3057.78,3009.8,3028.08,3010.0,3150.01,3136.71,3167.22,3265.66,3308.86,95040.3956,128834.139,485959.1824,286583.2879,233729.5887,136088.5207,369891.2449,134405.2258,181576.0686,382446.6618,412503.5066,2.78706096334518E8,3.79078145432578E8,1.447180217933539E9,8.51498558489608E8,6.97600045700212E8,4.06547667098154E8,1.137619077204739E9,4.17746796512137E8,5.70517585648554E8,1.219648843481487E9,1.340863819954255E9,1004396,1484510,5162535,3959890,2935432,1338212,5276480,1823251,2261499,5401982,5310071,43285.9713,65373.9915,233555.1583,146128.2348,116217.5263,66477.086,195057.0391,66789.8067,94783.8698,188956.4336,204316.7995,1.26936744905573E8,1.92352556018686E8,6.94845447761885E8,4.34231190136072E8,3.46891301180933E8,1.98558579194668E8,5.99510476371968E8,2.07586674464872E8,2.97836974892677E8,6.02755810620799E8,6.64312441651169E8,0.007192647515872801,6.307115850866118E-4,-0.004408809485887324,0.012182170938425394,-6.893791888193396E-4,0.010953547536040767,0.04036362546976049,5.311235182134762E-4,0.005625001998650412,0.02553184723503036,0.02227913885004306,2949.05,2950.91,2937.9,2973.69,2971.64,3004.19,3125.45,3127.11,3144.7,3224.99,3296.84,2917.13,2924.54,2910.25,2919.44,2958.91,2971.15,2992.49,3076.0,3118.75,3135.02,3183.27
2026-01-07T00:00:00,2949.05,2950.91,2937.91,2973.69,2971.65,3004.19,3125.46,3127.11,3144.71,3224.99,3296.83,2961.23,3057.78,3009.8,3028.08,3010.0,3150.01,3136.71,3167.22,3265.66,3308.86,3296.84,128834.139,485959.1824,286583.2879,233729.5887,136088.5207,369891.2449,134405.2258,181576.0686,382446.6618,412503.5066,321350.1225,3.79078145432578E8,1.447180217933539E9,8.51498558489608E8,6.97600045700212E8,4.06547667098154E8,1.137619077204739E9,4.17746796512137E8,5.70517585648554E8,1.219648843481487E9,1.340863819954255E9,1.027448724687839E9,1484510,5162535,3959890,2935432,1338212,5276480,1823251,2261499,5401982,5310071,4839276,65373.9915,233555.1583,146128.2348,116217.5263,66477.086,195057.0391,66789.8067,94783.8698,188956.4336,204316.7995,154644.9184,1.92352556018686E8,6.94845447761885E8,4.34231190136072E8,3.46891301180933E8,1.98558579194668E8,5.99510476371968E8,2.07586674464872E8,2.97836974892677E8,6.02755810620799E8,6.64312441651169E8,4.94179925689907E8,6.307115850866118E-4,-0.004408809485887324,0.012182170938425394,-6.893791888193396E-4,0.010953547536040767,0.04036362546976049,5.311235182134762E-4,0.005625001998650412,0.02553184723503036,0.02227913885004306,-0.03886145521165733,2950.91,2937.9,2973.69,2971.64,3004.19,3125.45,3127.11,3144.7,3224.99,3296.84,3168.72,2924.54,2910.25,2919.44,2958.91,2971.15,2992.49,3076.0,3118.75,3135.02,3183.27,3125.42
2026-01-08T00:00:00,2950.91,2937.91,2973.69,2971.65,3004.19,3125.46,3127.11,3144.71,3224.99,3296.83,3168.72,3057.78,3009.8,3028.08,3010.0,3150.01,3136.71,3167.22,3265.66,3308.86,3296.84,3184.39,485959.1824,286583.2879,233729.5887,136088.5207,369891.2449,134405.2258,181576.0686,382446.6618,412503.5066,321350.1225,343616.1005,1.447180217933539E9,8.51498558489608E8,6.97600045700212E8,4.06547667098154E8,1.137619077204739E9,4.17746796512137E8,5.70517585648554E8,1.219648843481487E9,1.340863819954255E9,1.027448724687839E9,1.069846020042703E9,5162535,3959890,2935432,1338212,5276480,1823251,2261499,5401982,5310071,4839276,4982423,233555.1583,146128.2348,116217.5263,66477.086,195057.0391,66789.8067,94783.8698,188956.4336,204316.7995,154644.9184,167834.9366,6.94845447761885E8,4.34231190136072E8,3.46891301180933E8,1.98558579194668E8,5.99510476371968E8,2.07586674464872E8,2.97836974892677E8,6.02755810620799E8,6.64312441651169E8,4.94179925689907E8,5.2245048402997E8,-0.004408809485887324,0.012182170938425394,-6.893791888193396E-4,0.010953547536040767,0.04036362546976049,5.311235182134762E-4,0.005625001998650412,0.02553184723503036,0.02227913885004306,-0.03886145521165733,-0.019588351132318323,2937.9,2973.69,2971.64,3004.19,3125.45,3127.11,3144.7,3224.99,3296.84,3168.72,3106.65,2910.25,2919.44,2958.91,2971.15,2992.49,3076.0,3118.75,3135.02,3183.27,3125.42,3054.65
2026-01-09T00:00:00,2937.91,2973.69,2971.65,3004.19,3125.46,3127.11,3144.71,3224.99,3296.83,3168.72,3106.66,3009.8,3028.08,3010.0,3150.01,3136.71,3167.22,3265.66,3308.86,3296.84,3184.39,3148.41,286583.2879,233729.5887,136088.5207,369891.2449,134405.2258,181576.0686,382446.6618,412503.5066,321350.1225,343616.1005,274587.4533,8.51498558489608E8,6.97600045700212E8,4.06547667098154E8,1.137619077204739E9,4.17746796512137E8,5.70517585648554E8,1.219648843481487E9,1.340863819954255E9,1.027448724687839E9,1.069846020042703E9,8.51846982925553E8,3959890,2935432,1338212,5276480,1823251,2261499,5401982,5310071,4839276,4982423,4182570,146128.2348,116217.5263,66477.086,195057.0391,66789.8067,94783.8698,188956.4336,204316.7995,154644.9184,167834.9366,137269.6714,4.34231190136072E8,3.46891301180933E8,1.98558579194668E8,5.99510476371968E8,2.07586674464872E8,2.97836974892677E8,6.02755810620799E8,6.64312441651169E8,4.94179925689907E8,5.2245048402997E8,4.2601119868438E8,0.012182170938425394,-6.893791888193396E-4,0.010953547536040767,0.04036362546976049,5.311235182134762E-4,0.005625001998650412,0.02553184723503036,0.02227913885004306,-0.03886145521165733,-0.019588351132318323,-0.005874495034844608,2973.69,2971.64,3004.19,3125.45,3127.11,3144.7,3224.99,3296.84,3168.72,3106.65,3088.4,2919.44,2958.91,2971.15,2992.49,3076.0,3118.75,3135.02,3183.27,3125.42,3054.65,3058.69
2026-01-10T00:00:00,2973.69,2971.65,3004.19,3125.46,3127.11,3144.71,3224.99,3296.83,3168.72,3106.66,3088.4,3028.08,3010.0,3150.01,3136.71,3167.22,3265.66,3308.86,3296.84,3184.39,3148.41,3104.12,233729.5887,136088.5207,369891.2449,134405.2258,181576.0686,382446.6618,412503.5066,321350.1225,343616.1005,274587.4533,82341.0546,6.97600045700212E8,4.06547667098154E8,1.137619077204739E9,4.17746796512137E8,5.70517585648554E8,1.219648843481487E9,1.340863819954255E9,1.027448724687839E9,1.069846020042703E9,8.51846982925553E8,2.54495724002643E8,2935432,1338212,5276480,1823251,2261499,5401982,5310071,4839276,4982423,4182570,881069,116217.5263,66477.086,195057.0391,66789.8067,94783.8698,188956.4336,204316.7995,154644.9184,167834.9366,137269.6714,44689.1628,3.46891301180933E8,1.98558579194668E8,5.99510476371968E8,2.07586674464872E8,2.97836974892677E8,6.02755810620799E8,6.64312441651169E8,4.94179925689907E8,5.2245048402997E8,4.2601119868438E8,1.38130908825049E8,-6.893791888193396E-4,0.010953547536040767,0.04036362546976049,5.311235182134762E-4,0.005625001998650412,0.02553184723503036,0.02227913885004306,-0.03886145521165733,-0.019588351132318323,-0.005874495034844608,-5.439709882140561E-4,2971.64,3004.19,3125.45,3127.11,3144.7,3224.99,3296.84,3168.72,3106.65,3088.4,3086.72,2958.91,2971.15,2992.49,3076.0,3118.75,3135.02,3183.27,3125.42,3054.65,3058.69,3077.99
2026-01-11T00:00:00,2971.65,3004.19,3125.46,3127.11,3144.71,3224.99,3296.83,3168.72,3106.66,3088.4,3086.72,3010.0,3150.01,3136.71,3167.22,3265.66,3308.86,3296.84,3184.39,3148.41,3104.12,3147.27,136088.5207,369891.2449,134405.2258,181576.0686,382446.6618,412503.5066,321350.1225,343616.1005,274587.4533,82341.0546,149381.2965,4.06547667098154E8,1.137619077204739E9,4.17746796512137E8,5.70517585648554E8,1.219648843481487E9,1.340863819954255E9,1.027448724687839E9,1.069846020042703E9,8.51846982925553E8,2.54495724002643E8,4.65227647583002E8,1338212,5276480,1823251,2261499,5401982,5310071,4839276,4982423,4182570,881069,1522502,66477.086,195057.0391,66789.8067,94783.8698,188956.4336,204316.7995,154644.9184,167834.9366,137269.6714,44689.1628,77521.2191,1.98558579194668E8,5.99510476371968E8,2.07586674464872E8,2.97836974892677E8,6.02755810620799E8,6.64312441651169E8,4.94179925689907E8,5.2245048402997E8,4.2601119868438E8,1.38130908825049E8,2.41470651783173E8,0.010953547536040767,0.04036362546976049,5.311235182134762E-4,0.005625001998650412,0.02553184723503036,0.02227913885004306,-0.03886145521165733,-0.019588351132318323,-0.005874495034844608,-5.439709882140561E-4,0.011899362430022814,3004.19,3125.45,3127.11,3144.7,3224.99,3296.84,3168.72,3106.65,3088.4,3086.72,3123.45,2971.15,2992.49,3076.0,3118.75,3135.02,3183.27,3125.42,3054.65,3058.69,3077.99,3084.46
2026-01-12T00:00:00,3004.19,3125.46,3127.11,3144.71,3224.99,3296.83,3168.72,3106.66,3088.4,3086.72,3123.46,3150.01,3136.71,3167.22,3265.66,3308.86,3296.84,3184.39,3148.41,3104.12,3147.27,3171.49,369891.2449,134405.2258,181576.0686,382446.6618,412503.5066,321350.1225,343616.1005,274587.4533,82341.0546,149381.2965,297373.4681,1.137619077204739E9,4.17746796512137E8,5.70517585648554E8,1.219648843481487E9,1.340863819954255E9,1.027448724687839E9,1.069846020042703E9,8.51846982925553E8,2.54495724002643E8,4.65227647583002E8,9.28024542296001E8,5276480,1823251,2261499,5401982,5310071,4839276,4982423,4182570,881069,1522502,4303605,195057.0391,66789.8067,94783.8698,188956.4336,204316.7995,154644.9184,167834.9366,137269.6714,44689.1628,77521.2191,145169.9489,5.99510476371968E8,2.07586674464872E8,2.97836974892677E8,6.02755810620799E8,6.64312441651169E8,4.94179925689907E8,5.2245048402997E8,4.2601119868438E8,1.38130908825049E8,2.41470651783173E8,4.53140052754557E8,0.04036362546976049,5.311235182134762E-4,0.005625001998650412,0.02553184723503036,0.02227913885004306,-0.03886145521165733,-0.019588351132318323,-0.005874495034844608,-5.439709882140561E-4,0.011899362430022814,-0.008868398725767923,3125.45,3127.11,3144.7,3224.99,3296.84,3168.72,3106.65,3088.4,3086.72,3123.45,3095.75,2992.49,3076.0,3118.75,3135.02,3183.27,3125.42,3054.65,3058.69,3077.99,3084.46,3065.55
2026-01-13T00:00:00,3125.46,3127.11,3144.71,3224.99,3296.83,3168.72,3106.66,3088.4,3086.72,3123.46,3095.75,3136.71,3167.22,3265.66,3308.86,3296.84,3184.39,3148.41,3104.12,3147.27,3171.49,3367.79,134405.2258,181576.0686,382446.6618,412503.5066,321350.1225,343616.1005,274587.4533,82341.0546,149381.2965,297373.4681,457782.2816,4.17746796512137E8,5.70517585648554E8,1.219648843481487E9,1.340863819954255E9,1.027448724687839E9,1.069846020042703E9,8.51846982925553E8,2.54495724002643E8,4.65227647583002E8,9.28024542296001E8,1.470983302124877E9,1823251,2261499,5401982,5310071,4839276,4982423,4182570,881069,1522502,4303605,4876916,66789.8067,94783.8698,188956.4336,204316.7995,154644.9184,167834.9366,137269.6714,44689.1628,77521.2191,145169.9489,239733.9448,2.07586674464872E8,2.97836974892677E8,6.02755810620799E8,6.64312441651169E8,4.94179925689907E8,5.2245048402997E8,4.2601119868438E8,1.38130908825049E8,2.41470651783173E8,4.53140052754557E8,7.69970312592286E8,5.311235182134762E-4,0.005625001998650412,0.02553184723503036,0.02227913885004306,-0.03886145521165733,-0.019588351132318323,-0.005874495034844608,-5.439709882140561E-4,0.011899362430022814,-0.008868398725767923,0.0743180166357103,3127.11,3144.7,3224.99,3296.84,3168.72,3106.65,3088.4,3086.72,3123.45,3095.75,3325.82,3076.0,3118.75,3135.02,3183.27,3125.42,3054.65,3058.69,3077.99,3084.46,3065.55,3091.96
2026-01-14T00:00:00,3127.11,3144.71,3224.99,3296.83,3168.72,3106.66,3088.4,3086.72,3123.46,3095.75,3325.83,3167.22,3265.66,3308.86,3296.84,3184.39,3148.41,3104.12,3147.27,3171.49,3367.79,3402.89,181576.0686,382446.6618,412503.5066,321350.1225,343616.1005,274587.4533,82341.0546,149381.2965,297373.4681,457782.2816,503440.0759,5.70517585648554E8,1.219648843481487E9,1.340863819954255E9,1.027448724687839E9,1.069846020042703E9,8.51846982925553E8,2.54495724002643E8,4.65227647583002E8,9.28024542296001E8,1.470983302124877E9,1.682648500339798E9,2261499,5401982,5310071,4839276,4982423,4182570,881069,1522502,4303605,4876916,5351410,94783.8698,188956.4336,204316.7995,154644.9184,167834.9366,137269.6714,44689.1628,77521.2191,145169.9489,239733.9448,242601.2111,2.97836974892677E8,6.02755810620799E8,6.64312441651169E8,4.94179925689907E8,5.2245048402997E8,4.2601119868438E8,1.38130908825049E8,2.41470651783173E8,4.53140052754557E8,7.69970312592286E8,8.11091133793289E8,0.005625001998650412,0.02553184723503036,0.02227913885004306,-0.03886145521165733,-0.019588351132318323,-0.005874495034844608,-5.439709882140561E-4,0.011899362430022814,-0.008868398725767923,0.0743180166357103,0.008749721873101943,3144.7,3224.99,3296.84,3168.72,3106.65,3088.4,3086.72,3123.45,3095.75,3325.82,3354.92,3118.75,3135.02,3183.27,3125.42,3054.65,3058.69,3077.99,3084.46,3065.55,3091.96,3280.48
2026-01-15T00:00:00,3144.71,3224.99,3296.83,3168.72,3106.66,3088.4,3086.72,3123.46,3095.75,3325.83,3354.92,3265.66,3308.86,3296.84,3184.39,3148.41,3104.12,3147.27,3171.49,3367.79,3402.89,3384.19,382446.6618,412503.5066,321350.1225,343616.1005,274587.4533,82341.0546,149381.2965,297373.4681,457782.2816,503440.0759,389993.836,1.219648843481487E9,1.340863819954255E9,1.027448724687839E9,1.069846020042703E9,8.51846982925553E8,2.54495724002643E8,4.65227647583002E8,9.28024542296001E8,1.470983302124877E9,1.682648500339798E9,1.29662825056622E9,5401982,5310071,4839276,4982423,4182570,881069,1522502,4303605,4876916,5351410,4766390,188956.4336,204316.7995,154644.9184,167834.9366,137269.6714,44689.1628,77521.2191,145169.9489,239733.9448,242601.2111,182106.0811,6.02755810620799E8,6.64312441651169E8,4.94179925689907E8,5.2245048402997E8,4.2601119868438E8,1.38130908825049E8,2.41470651783173E8,4.53140052754557E8,7.69970312592286E8,8.11091133793289E8,6.05761505416469E8,0.02553184723503036,0.02227913885004306,-0.03886145521165733,-0.019588351132318323,-0.005874495034844608,-5.439709882140561E-4,0.011899362430022814,-0.008868398725767923,0.0743180166357103,0.008749721873101943,-0.010799065253418864,3224.99,3296.84,3168.72,3106.65,3088.4,3086.72,3123.45,3095.75,3325.82,3354.92,3318.69,3135.02,3183.27,3125.42,3054.65,3058.69,3077.99,3084.46,3065.55,3091.96,3280.48,3273.72
2026-01-16T00:00:00,3224.99,3296.83,3168.72,3106.66,3088.4,3086.72,3123.46,3095.75,3325.83,3354.92,3318.7,3308.86,3296.84,3184.39,3148.41,3104.12,3147.27,3171.49,3367.79,3402.89,3384.19,3326.79,412503.5066,321350.1225,343616.1005,274587.4533,82341.0546,149381.2965,297373.4681,457782.2816,503440.0759,389993.836,223921.7876,1.340863819954255E9,1.027448724687839E9,1.069846020042703E9,8.51846982925553E8,2.54495724002643E8,4.65227647583002E8,9.28024542296001E8,1.470983302124877E9,1.682648500339798E9,1.29662825056622E9,7.37278508749833E8,5310071,4839276,4982423,4182570,881069,1522502,4303605,4876916,5351410,4766390,3528248,204316.7995,154644.9184,167834.9366,137269.6714,44689.1628,77521.2191,145169.9489,239733.9448,242601.2111,182106.0811,109159.1615,6.64312441651169E8,4.94179925689907E8,5.2245048402997E8,4.2601119868438E8,1.38130908825049E8,2.41470651783173E8,4.53140052754557E8,7.69970312592286E8,8.11091133793289E8,6.05761505416469E8,3.59334304757938E8,0.02227913885004306,-0.03886145521165733,-0.019588351132318323,-0.005874495034844608,-5.439709882140561E-4,0.011899362430022814,-0.008868398725767923,0.0743180166357103,0.008749721873101943,-0.010799065253418864,-0.006752664454950554,3296.84,3168.72,3106.65,3088.4,3086.72,3123.45,3095.75,3325.82,3354.92,3318.69,3296.28,3183.27,3125.42,3054.65,3058.69,3077.99,3084.46,3065.55,3091.96,3280.48,3273.72,3253.01
2026-01-17T00:00:00,3296.83,3168.72,3106.66,3088.4,3086.72,3123.46,3095.75,3325.83,3354.92,3318.7,3296.28,3296.84,3184.39,3148.41,3104.12,3147.27,3171.49,3367.79,3402.89,3384.19,3326.79,3330.26,321350.1225,343616.1005,274587.4533,82341.0546,149381.2965,297373.4681,457782.2816,503440.0759,389993.836,223921.7876,124325.0303,1.027448724687839E9,1.069846020042703E9,8.51846982925553E8,2.54495724002643E8,4.65227647583002E8,9.28024542296001E8,1.470983302124877E9,1.682648500339798E9,1.29662825056622E9,7.37278508749833E8,4.1150886839151E8,4839276,4982423,4182570,881069,1522502,4303605,4876916,5351410,4766390,3528248,1229614,154644.9184,167834.9366,137269.6714,44689.1628,77521.2191,145169.9489,239733.9448,242601.2111,182106.0811,109159.1615,68643.5852,4.94179925689907E8,5.2245048402997E8,4.2601119868438E8,1.38130908825049E8,2.41470651783173E8,4.53140052754557E8,7.69970312592286E8,8.11091133793289E8,6.05761505416469E8,3.59334304757938E8,2.27299910454937E8,-0.03886145521165733,-0.019588351132318323,-0.005874495034844608,-5.439709882140561E-4,0.011899362430022814,-0.008868398725767923,0.0743180166357103,0.008749721873101943,-0.010799065253418864,-0.006752664454950554,0.0043321562488622765,3168.72,3106.65,3088.4,3086.72,3123.45,3095.75,3325.82,3354.92,3318.69,3296.28,3310.56,3125.42,3054.65,3058.69,3077.99,3084.46,3065.55,3091.96,3280.48,3273.72,3253.01,3283.96
2026-01-18T00:00:00,3168.72,3106.66,3088.4,3086.72,3123.46,3095.75,3325.83,3354.92,3318.7,3296.28,3310.56,3184.39,3148.41,3104.12,3147.27,3171.49,3367.79,3402.89,3384.19,3326.79,3330.26,3368.82,343616.1005,274587.4533,82341.0546,149381.2965,297373.4681,457782.2816,503440.0759,389993.836,223921.7876,124325.0303,173354.3026,1.069846020042703E9,8.51846982925553E8,2.54495724002643E8,4.65227647583002E8,9.28024542296001E8,1.470983302124877E9,1.682648500339798E9,1.29662825056622E9,7.37278508749833E8,4.1150886839151E8,5.76301516530256E8,4982423,4182570,881069,1522502,4303605,4876916,5351410,4766390,3528248,1229614,2227452,167834.9366,137269.6714,44689.1628,77521.2191,145169.9489,239733.9448,242601.2111,182106.0811,109159.1615,68643.5852,93056.7992,5.2245048402997E8,4.2601119868438E8,1.38130908825049E8,2.41470651783173E8,4.53140052754557E8,7.69970312592286E8,8.11091133793289E8,6.05761505416469E8,3.59334304757938E8,2.27299910454937E8,3.09424972081588E8,-0.019588351132318323,-0.005874495034844608,-5.439709882140561E-4,0.011899362430022814,-0.008868398725767923,0.0743180166357103,0.008749721873101943,-0.010799065253418864,-0.006752664454950554,0.0043321562488622765,-0.008013749939587183,3106.65,3088.4,3086.72,3123.45,3095.75,3325.82,3354.92,3318.69,3296.28,3310.56,3284.03,3054.65,3058.69,3077.99,3084.46,3065.55,3091.96,3280.48,3273.72,3253.01,3283.96,3278.86
2026-01-19T00:00:00,3106.66,3088.4,3086.72,3123.46,3095.75,3325.83,3354.92,3318.7,3296.28,3310.56,3284.04,3148.41,3104.12,3147.27,3171.49,3367.79,3402.89,3384.19,3326.79,3330.26,3368.82,3284.58,274587.4533,82341.0546,149381.2965,297373.4681,457782.2816,503440.0759,389993.836,223921.7876,124325.0303,173354.3026,442540.5596,8.51846982925553E8,2.54495724002643E8,4.65227647583002E8,9.28024542296001E8,1.470983302124877E9,1.682648500339798E9,1.29662825056622E9,7.37278508749833E8,4.1150886839151E8,5.76301516530256E8,1.421588263898261E9,4182570,881069,1522502,4303605,4876916,5351410,4766390,3528248,1229614,2227452,4406164,137269.6714,44689.1628,77521.2191,145169.9489,239733.9448,242601.2111,182106.0811,109159.1615,68643.5852,93056.7992,225707.6739,4.2601119868438E8,1.38130908825049E8,2.41470651783173E8,4.53140052754557E8,7.69970312592286E8,8.11091133793289E8,6.05761505416469E8,3.59334304757938E8,2.27299910454937E8,3.09424972081588E8,7.25130247584568E8,-0.005874495034844608,-5.439709882140561E-4,0.011899362430022814,-0.008868398725767923,0.0743180166357103,0.008749721873101943,-0.010799065253418864,-0.006752664454950554,0.0043321562488622765,-0.008013749939587183,-0.028769530120004997,3088.4,3086.72,3123.45,3095.75,3325.82,3354.92,3318.69,3296.28,3310.56,3284.03,3189.55,3058.69,3077.99,3084.46,3065.55,3091.96,3280.48,3273.72,3253.01,3283.96,3278.86,3165.38
2026-01-20T00:00:00,3088.4,3086.72,3123.46,3095.75,3325.83,3354.92,3318.7,3296.28,3310.56,3284.04,3189.56,3104.12,3147.27,3171.49,3367.79,3402.89,3384.19,3326.79,3330.26,3368.82,3284.58,3200.5,82341.0546,149381.2965,297373.4681,457782.2816,503440.0759,389993.836,223921.7876,124325.0303,173354.3026,442540.5596,518166.4787,2.54495724002643E8,4.65227647583002E8,9.28024542296001E8,1.470983302124877E9,1.682648500339798E9,1.29662825056622E9,7.37278508749833E8,4.1150886839151E8,5.76301516530256E8,1.421588263898261E9,1.58697302680606E9,881069,1522502,4303605,4876916,5351410,4766390,3528248,1229614,2227452,4406164,7228638,44689.1628,77521.2191,145169.9489,239733.9448,242601.2111,182106.0811,109159.1615,68643.5852,93056.7992,225707.6739,251605.1302,1.38130908825049E8,2.41470651783173E8,4.53140052754557E8,7.69970312592286E8,8.11091133793289E8,6.05761505416469E8,3.59334304757938E8,2.27299910454937E8,3.09424972081588E8,7.25130247584568E8,7.70975910793193E8,-5.439709882140561E-4,0.011899362430022814,-0.008868398725767923,0.0743180166357103,0.008749721873101943,-0.010799065253418864,-0.006752664454950554,0.0043321562488622765,-0.008013749939587183,-0.028769530120004997,-0.07827749996080954,3086.72,3123.45,3095.75,3325.82,3354.92,3318.69,3296.28,3310.56,3284.03,3189.55,2939.88,3077.99,3084.46,3065.55,3091.96,3280.48,3273.72,3253.01,3283.96,3278.86,3165.38,2920.0
2026-01-21T00:00:00,3086.72,3123.46,3095.75,3325.83,3354.92,3318.7,3296.28,3310.56,3284.04,3189.56,2939.88,3147.27,3171.49,3367.79,3402.89,3384.19,3326.79,3330.26,3368.82,3284.58,3200.5,3069.07,149381.2965,297373.4681,457782.2816,503440.0759,389993.836,223921.7876,124325.0303,173354.3026,442540.5596,518166.4787,577800.2481,4.65227647583002E8,9.28024542296001E8,1.470983302124877E9,1.682648500339798E9,1.29662825056622E9,7.37278508749833E8,4.1150886839151E8,5.76301516530256E8,1.421588263898261E9,1.58697302680606E9,1.712903183812053E9,1522502,4303605,4876916,5351410,4766390,3528248,1229614,2227452,4406164,7228638,8064316,77521.2191,145169.9489,239733.9448,242601.2111,182106.0811,109159.1615,68643.5852,93056.7992,225707.6739,251605.1302,296961.807,2.41470651783173E8,4.53140052754557E8,7.69970312592286E8,8.11091133793289E8,6.05761505416469E8,3.59334304757938E8,2.27299910454937E8,3.09424972081588E8,7.25130247584568E8,7.70975910793193E8,8.80621251790689E8,0.011899362430022814,-0.008868398725767923,0.0743180166357103,0.008749721873101943,-0.010799065253418864,-0.006752664454950554,0.0043321562488622765,-0.008013749939587183,-0.028769530120004997,-0.07827749996080954,0.014418955875749987,3123.45,3095.75,3325.82,3354.92,3318.69,3296.28,3310.56,3284.03,3189.55,2939.88,2982.27,3084.46,3065.55,3091.96,3280.48,3273.72,3253.01,3283.96,3278.86,3165.38,2920.0,2866.11
2026-01-22T00:00:00,3123.46,3095.75,3325.83,3354.92,3318.7,3296.28,3310.56,3284.04,3189.56,2939.88,2982.28,3171.49,3367.79,3402.89,3384.19,3326.79,3330.26,3368.82,3284.58,3200.5,3069.07,3038.33,297373.4681,457782.2816,503440.0759,389993.836,223921.7876,124325.0303,173354.3026,442540.5596,518166.4787,577800.2481,291660.7349,9.28024542296001E8,1.470983302124877E9,1.682648500339798E9,1.29662825056622E9,7.37278508749833E8,4.1150886839151E8,5.76301516530256E8,1.421588263898261E9,1.58697302680606E9,1.712903183812053E9,8.67206892239138E8,4303605,4876916,5351410,4766390,3528248,1229614,2227452,4406164,7228638,8064316,4696521,145169.9489,239733.9448,242601.2111,182106.0811,109159.1615,68643.5852,93056.7992,225707.6739,251605.1302,296961.807,144410.7947,4.53140052754557E8,7.69970312592286E8,8.11091133793289E8,6.05761505416469E8,3.59334304757938E8,2.27299910454937E8,3.09424972081588E8,7.25130247584568E8,7.70975910793193E8,8.80621251790689E8,4.29371629050317E8,-0.008868398725767923,0.0743180166357103,0.008749721873101943,-0.010799065253418864,-0.006752664454950554,0.0043321562488622765,-0.008013749939587183,-0.028769530120004997,-0.07827749996080954,0.014418955875749987,-0.009918619038517614,3095.75,3325.82,3354.92,3318.69,3296.28,3310.56,3284.03,3189.55,2939.88,2982.27,2952.69,3065.55,3091.96,3280.48,3273.72,3253.01,3283.96,3278.86,3165.38,2920.0,2866.11,2906.02
2026-01-23T00:00:00,3095.75,3325.83,3354.92,3318.7,3296.28,3310.56,3284.04,3189.56,2939.88,2982.28,2952.7,3367.79,3402.89,3384.19,3326.79,3330.26,3368.82,3284.58,3200.5,3069.07,3038.33,3019.26,457782.2816,503440.0759,389993.836,223921.7876,124325.0303,173354.3026,442540.5596,518166.4787,577800.2481,291660.7349,318415.3317,1.470983302124877E9,1.682648500339798E9,1.29662825056622E9,7.37278508749833E8,4.1150886839151E8,5.76301516530256E8,1.421588263898261E9,1.58697302680606E9,1.712903183812053E9,8.67206892239138E8,9.39757975669515E8,4876916,5351410,4766390,3528248,1229614,2227452,4406164,7228638,8064316,4696521,5479038,239733.9448,242601.2111,182106.0811,109159.1615,68643.5852,93056.7992,225707.6739,251605.1302,296961.807,144410.7947,159251.2529,7.69970312592286E8,8.11091133793289E8,6.05761505416469E8,3.59334304757938E8,2.27299910454937E8,3.09424972081588E8,7.25130247584568E8,7.70975910793193E8,8.80621251790689E8,4.29371629050317E8,4.70264718669184E8,0.0743180166357103,0.008749721873101943,-0.010799065253418864,-0.006752664454950554,0.0043321562488622765,-0.008013749939587183,-0.028769530120004997,-0.07827749996080954,0.014418955875749987,-0.009918619038517614,0.0012598681202563764,3325.82,3354.92,3318.69,3296.28,3310.56,3284.03,3189.55,2939.88,2982.27,2952.69,2956.41,3091.96,3280.48,3273.72,3253.01,3283.96,3278.86,3165.38,2920.0,2866.11,2906.02,2892.4
2026-01-24T00:00:00,3325.83,3354.92,3318.7,3296.28,3310.56,3284.04,3189.56,2939.88,2982.28,2952.7,2956.41,3402.89,3384.19,3326.79,3330.26,3368.82,3284.58,3200.5,3069.07,3038.33,3019.26,2970.41,503440.0759,389993.836,223921.7876,124325.0303,173354.3026,442540.5596,518166.4787,577800.2481,291660.7349,318415.3317,92082.9039,1.682648500339798E9,1.29662825056622E9,7.37278508749833E8,4.1150886839151E8,5.76301516530256E8,1.421588263898261E9,1.58697302680606E9,1.712903183812053E9,8.67206892239138E8,9.39757975669515E8,2.72517275860426E8,5351410,4766390,3528248,1229614,2227452,4406164,7228638,8064316,4696521,5479038,1185149,242601.2111,182106.0811,109159.1615,68643.5852,93056.7992,225707.6739,251605.1302,296961.807,144410.7947,159251.2529,41483.2107,8.11091133793289E8,6.05761505416469E8,3.59334304757938E8,2.27299910454937E8,3.09424972081588E8,7.25130247584568E8,7.70975910793193E8,8.80621251790689E8,4.29371629050317E8,4.70264718669184E8,1.22751060758119E8,0.008749721873101943,-0.010799065253418864,-0.006752664454950554,0.0043321562488622765,-0.008013749939587183,-0.028769530120004997,-0.07827749996080954,0.014418955875749987,-0.009918619038517614,0.0012598681202563764,-0.0010790113685179169,3354.92,3318.69,3296.28,3310.56,3284.03,3189.55,2939.88,2982.27,2952.69,2956.41,2953.22,3280.48,3273.72,3253.01,3283.96,3278.86,3165.38,2920.0,2866.11,2906.02,2892.4,2943.84
2026-01-25T00:00:00,3354.92,3318.7,3296.28,3310.56,3284.04,3189.56,2939.88,2982.28,2952.7,2956.41,2953.23,3384.19,3326.79,3330.26,3368.82,3284.58,3200.5,3069.07,3038.33,3019.26,2970.41,2960.29,389993.836,223921.7876,124325.0303,173354.3026,442540.5596,518166.4787,577800.2481,291660.7349,318415.3317,92082.9039,380186.5326,1.29662825056622E9,7.37278508749833E8,4.1150886839151E8,5.76301516530256E8,1.421588263898261E9,1.58697302680606E9,1.712903183812053E9,8.67206892239138E8,9.39757975669515E8,2.72517275860426E8,1.088137895952771E9,4766390,3528248,1229614,2227452,4406164,7228638,8064316,4696521,5479038,1185149,4637787,182106.0811,109159.1615,68643.5852,93056.7992,225707.6739,251605.1302,296961.807,144410.7947,159251.2529,41483.2107,165133.7717,6.05761505416469E8,3.59334304757938E8,2.27299910454937E8,3.09424972081588E8,7.25130247584568E8,7.70975910793193E8,8.80621251790689E8,4.29371629050317E8,4.70264718669184E8,1.22751060758119E8,4.73021399881065E8,-0.010799065253418864,-0.006752664454950554,0.0043321562488622765,-0.008013749939587183,-0.028769530120004997,-0.07827749996080954,0.014418955875749987,-0.009918619038517614,0.0012598681202563764,-0.0010790113685179169,-0.046163171047195924,3318.69,3296.28,3310.56,3284.03,3189.55,2939.88,2982.27,2952.69,2956.41,2953.22,2816.89,3273.72,3253.01,3283.96,3278.86,3165.38,2920.0,2866.11,2906.02,2892.4,2943.84,2787.0
2026-01-26T00:00:00,3318.7,3296.28,3310.56,3284.04,3189.56,2939.88,2982.28,2952.7,2956.41,2953.23,2816.9,3326.79,3330.26,3368.82,3284.58,3200.5,3069.07,3038.33,3019.26,2970.41,2960.29,2951.21,223921.7876,124325.0303,173354.3026,442540.5596,518166.4787,577800.2481,291660.7349,318415.3317,92082.9039,380186.5326,485169.3372,7.37278508749833E8,4.1150886839151E8,5.76301516530256E8,1.421588263898261E9,1.58697302680606E9,1.712903183812053E9,8.67206892239138E8,9.39757975669515E8,2.72517275860426E8,1.088137895952771E9,1.405058143578595E9,3528248,1229614,2227452,4406164,7228638,8064316,4696521,5479038,1185149,4637787,5933570,109159.1615,68643.5852,93056.7992,225707.6739,251605.1302,296961.807,144410.7947,159251.2529,41483.2107,165133.7717,239396.1448,3.59334304757938E8,2.27299910454937E8,3.09424972081588E8,7.25130247584568E8,7.70975910793193E8,8.80621251790689E8,4.29371629050317E8,4.70264718669184E8,1.22751060758119E8,4.73021399881065E8,6.93731253124194E8,-0.006752664454950554,0.0043321562488622765,-0.008013749939587183,-0.028769530120004997,-0.07827749996080954,0.014418955875749987,-0.009918619038517614,0.0012598681202563764,-0.0010790113685179169,-0.046163171047195924,0.04027846312777568,3296.28,3310.56,3284.03,3189.55,2939.88,2982.27,2952.69,2956.41,2953.22,2816.89,2930.35,3253.01,3283.96,3278.86,3165.38,2920.0,2866.11,2906.02,2892.4,2943.84,2787.0,2812.37
2026-01-27T00:00:00,3296.28,3310.56,3284.04,3189.56,2939.88,2982.28,2952.7,2956.41,2953.23,2816.9,2930.35,3330.26,3368.82,3284.58,3200.5,3069.07,3038.33,3019.26,2970.41,2960.29,2951.21,3035.08,124325.0303,173354.3026,442540.5596,518166.4787,577800.2481,291660.7349,318415.3317,92082.9039,380186.5326,485169.3372,478792.3988,4.1150886839151E8,5.76301516530256E8,1.421588263898261E9,1.58697302680606E9,1.712903183812053E9,8.67206892239138E8,9.39757975669515E8,2.72517275860426E8,1.088137895952771E9,1.405058143578595E9,1.416537368433361E9,1229614,2227452,4406164,7228638,8064316,4696521,5479038,1185149,4637787,5933570,5278439,68643.5852,93056.7992,225707.6739,251605.1302,296961.807,144410.7947,159251.2529,41483.2107,165133.7717,239396.1448,229630.1728,2.27299910454937E8,3.09424972081588E8,7.25130247584568E8,7.70975910793193E8,8.80621251790689E8,4.29371629050317E8,4.70264718669184E8,1.22751060758119E8,4.73021399881065E8,6.93731253124194E8,6.79191460936592E8,0.0043321562488622765,-0.008013749939587183,-0.028769530120004997,-0.07827749996080954,0.014418955875749987,-0.009918619038517614,0.0012598681202563764,-0.0010790113685179169,-0.046163171047195924,0.04027846312777568,0.03290391932704287,3310.56,3284.03,3189.55,2939.88,2982.27,2952.69,2956.41,2953.22,2816.89,2930.35,3026.77,3283.96,3278.86,3165.38,2920.0,2866.11,2906.02,2892.4,2943.84,2787.0,2812.37,2899.77
2026-01-28T00:00:00,3310.56,3284.04,3189.56,2939.88,2982.28,2952.7,2956.41,2953.23,2816.9,2930.35,3026.77,3368.82,3284.58,3200.5,3069.07,3038.33,3019.26,2970.41,2960.29,2951.21,3035.08,3045.78,173354.3026,442540.5596,518166.4787,577800.2481,291660.7349,318415.3317,92082.9039,380186.5326,485169.3372,478792.3988,296607.6549,5.76301516530256E8,1.421588263898261E9,1.58697302680606E9,1.712903183812053E9,8.67206892239138E8,9.39757975669515E8,2.72517275860426E8,1.088137895952771E9,1.405058143578595E9,1.416537368433361E9,8.94057677740365E8,2227452,4406164,7228638,8064316,4696521,5479038,1185149,4637787,5933570,5278439,5061029,93056.7992,225707.6739,251605.1302,296961.807,144410.7947,159251.2529,41483.2107,165133.7717,239396.1448,229630.1728,154557.6064,3.09424972081588E8,7.25130247584568E8,7.70975910793193E8,8.80621251790689E8,4.29371629050317E8,4.70264718669184E8,1.22751060758119E8,4.73021399881065E8,6.93731253124194E8,6.79191460936592E8,4.6594630594887E8,-0.008013749939587183,-0.028769530120004997,-0.07827749996080954,0.014418955875749987,-0.009918619038517614,0.0012598681202563764,-0.0010790113685179169,-0.046163171047195924,0.04027846312777568,0.03290391932704287,-0.005282859285641057,3284.03,3189.55,2939.88,2982.27,2952.69,2956.41,2953.22,2816.89,2930.35,3026.77,3010.78,3278.86,3165.38,2920.0,2866.11,2906.02,2892.4,2943.84,2787.0,2812.37,2899.77,2983.67
2026-01-29T00:00:00,3284.04,3189.56,2939.88,2982.28,2952.7,2956.41,2953.23,2816.9,2930.35,3026.77,3010.78,3284.58,3200.5,3069.07,3038.33,3019.26,2970.41,2960.29,2951.21,3035.08,3045.78,3013.5,442540.5596,518166.4787,577800.2481,291660.7349,318415.3317,92082.9039,380186.5326,485169.3372,478792.3988,296607.6549,561288.5979,1.421588263898261E9,1.58697302680606E9,1.712903183812053E9,8.67206892239138E8,9.39757975669515E8,2.72517275860426E8,1.088137895952771E9,1.405058143578595E9,1.416537368433361E9,8.94057677740365E8,1.601894306039813E9,4406164,7228638,8064316,4696521,5479038,1185149,4637787,5933570,5278439,5061029,6779608,225707.6739,251605.1302,296961.807,144410.7947,159251.2529,41483.2107,165133.7717,239396.1448,229630.1728,154557.6064,270939.8171,7.25130247584568E8,7.70975910793193E8,8.80621251790689E8,4.29371629050317E8,4.70264718669184E8,1.22751060758119E8,4.73021399881065E8,6.93731253124194E8,6.79191460936592E8,4.6594630594887E8,7.72718271379958E8,-0.028769530120004997,-0.07827749996080954,0.014418955875749987,-0.009918619038517614,0.0012598681202563764,-0.0010790113685179169,-0.046163171047195924,0.04027846312777568,0.03290391932704287,-0.005282859285641057,-0.06250539727246761,3189.55,2939.88,2982.27,2952.69,2956.41,2953.22,2816.89,2930.35,3026.77,3010.78,2822.59,3165.38,2920.0,2866.11,2906.02,2892.4,2943.84,2787.0,2812.37,2899.77,2983.67,2754.53
2026-01-30T00:00:00,3189.56,2939.88,2982.28,2952.7,2956.41,2953.23,2816.9,2930.35,3026.77,3010.78,2822.6,3200.5,3069.07,3038.33,3019.26,2970.41,2960.29,2951.21,3035.08,3045.78,3013.5,2828.65,518166.4787,577800.2481,291660.7349,318415.3317,92082.9039,380186.5326,485169.3372,478792.3988,296607.6549,561288.5979,793279.6252,1.58697302680606E9,1.712903183812053E9,8.67206892239138E8,9.39757975669515E8,2.72517275860426E8,1.088137895952771E9,1.405058143578595E9,1.416537368433361E9,8.94057677740365E8,1.601894306039813E9,2.161851949088385E9,7228638,8064316,4696521,5479038,1185149,4637787,5933570,5278439,5061029,6779608,10661631,251605.1302,296961.807,144410.7947,159251.2529,41483.2107,165133.7717,239396.1448,229630.1728,154557.6064,270939.8171,388766.163,7.70975910793193E8,8.80621251790689E8,4.29371629050317E8,4.70264718669184E8,1.22751060758119E8,4.73021399881065E8,6.93731253124194E8,6.79191460936592E8,4.6594630594887E8,7.72718271379958E8,1.059467300875251E9,-0.07827749996080954,0.014418955875749987,-0.009918619038517614,0.0012598681202563764,-0.0010790113685179169,-0.046163171047195924,0.04027846312777568,0.03290391932704287,-0.005282859285641057,-0.06250539727246761,-0.040817121863253265,2939.88,2982.27,2952.69,2956.41,2953.22,2816.89,2930.35,3026.77,3010.78,2822.59,2707.38,2920.0,2866.11,2906.02,2892.4,2943.84,2787.0,2812.37,2899.77,2983.67,2754.53,2636.01
2026-01-31T00:00:00,2939.88,2982.28,2952.7,2956.41,2953.23,2816.9,2930.35,3026.77,3010.78,2822.6,2707.37,3069.07,3038.33,3019.26,2970.41,2960.29,2951.21,3035.08,3045.78,3013.5,2828.65,2714.64,577800.2481,291660.7349,318415.3317,92082.9039,380186.5326,485169.3372,478792.3988,296607.6549,561288.5979,793279.6252,1113097.7132,1.712903183812053E9,8.67206892239138E8,9.39757975669515E8,2.72517275860426E8,1.088137895952771E9,1.405058143578595E9,1.416537368433361E9,8.94057677740365E8,1.601894306039813E9,2.161851949088385E9,2.759353621321312E9,8064316,4696521,5479038,1185149,4637787,5933570,5278439,5061029,6779608,10661631,9305297,296961.807,144410.7947,159251.2529,41483.2107,165133.7717,239396.1448,229630.1728,154557.6064,270939.8171,388766.163,520430.2055,8.80621251790689E8,4.29371629050317E8,4.70264718669184E8,1.22751060758119E8,4.73021399881065E8,6.93731253124194E8,6.79191460936592E8,4.6594630594887E8,7.72718271379958E8,1.059467300875251E9,1.291798679952669E9,0.014418955875749987,-0.009918619038517614,0.0012598681202563764,-0.0010790113685179169,-0.046163171047195924,0.04027846312777568,0.03290391932704287,-0.005282859285641057,-0.06250539727246761,-0.040817121863253265,-0.09434582511505599,2982.27,2952.69,2956.41,2953.22,2816.89,2930.35,3026.77,3010.78,2822.59,2707.38,2451.95,2866.11,2906.02,2892.4,2943.84,2787.0,2812.37,2899.77,2983.67,2754.53,2636.01,2250.0
2026-02-01T00:00:00,2982.28,2952.7,2956.41,2953.23,2816.9,2930.35,3026.77,3010.78,2822.6,2707.37,2451.96,3038.33,3019.26,2970.41,2960.29,2951.21,3035.08,3045.78,3013.5,2828.65,2714.64,2475.98,291660.7349,318415.3317,92082.9039,380186.5326,485169.3372,478792.3988,296607.6549,561288.5979,793279.6252,1113097.7132,1026573.9466,8.67206892239138E8,9.39757975669515E8,2.72517275860426E8,1.088137895952771E9,1.405058143578595E9,1.416537368433361E9,8.94057677740365E8,1.601894306039813E9,2.161851949088385E9,2.759353621321312E9,2.412828498627745E9,4696521,5479038,1185149,4637787,5933570,5278439,5061029,6779608,10661631,9305297,11038637,144410.7947,159251.2529,41483.2107,165133.7717,239396.1448,229630.1728,154557.6064,270939.8171,388766.163,520430.2055,455879.6449,4.29371629050317E8,4.70264718669184E8,1.22751060758119E8,4.73021399881065E8,6.93731253124194E8,6.79191460936592E8,4.6594630594887E8,7.72718271379958E8,1.059467300875251E9,1.291798679952669E9,1.069127421804749E9,-0.009918619038517614,0.0012598681202563764,-0.0010790113685179169,-0.046163171047195924,0.04027846312777568,0.03290391932704287,-0.005282859285641057,-0.06250539727246761,-0.040817121863253265,-0.09434582511505599,-0.07414506821101562,2952.69,2956.41,2953.22,2816.89,2930.35,3026.77,3010.78,2822.59,2707.38,2451.95,2270.15,2906.02,2892.4,2943.84,2787.0,2812.37,2899.77,2983.67,2754.53,2636.01,2250.0,2222.0
2026-02-02T00:00:00,2952.7,2956.41,2953.23,2816.9,2930.35,3026.77,3010.78,2822.6,2707.37,2451.96,2270.16,3019.26,2970.41,2960.29,2951.21,3035.08,3045.78,3013.5,2828.65,2714.64,2475.98,2396.62,318415.3317,92082.9039,380186.5326,485169.3372,478792.3988,296607.6549,561288.5979,793279.6252,1113097.7132,1026573.9466,1248535.2114,9.39757975669515E8,2.72517275860426E8,1.088137895952771E9,1.405058143578595E9,1.416537368433361E9,8.94057677740365E8,1.601894306039813E9,2.161851949088385E9,2.759353621321312E9,2.412828498627745E9,2.84217728624149E9,5479038,1185149,4637787,5933570,5278439,5061029,6779608,10661631,9305297,11038637,11149156,159251.2529,41483.2107,165133.7717,239396.1448,229630.1728,154557.6064,270939.8171,388766.163,520430.2055,455879.6449,614416.942,4.70264718669184E8,1.22751060758119E8,4.73021399881065E8,6.93731253124194E8,6.79191460936592E8,4.6594630594887E8,7.72718271379958E8,1.059467300875251E9,1.291798679952669E9,1.069127421804749E9,1.398079659353768E9,0.0012598681202563764,-0.0010790113685179169,-0.046163171047195924,0.04027846312777568,0.03290391932704287,-0.005282859285641057,-0.06250539727246761,-0.040817121863253265,-0.09434582511505599,-0.07414506821101562,0.03386119859921145,2956.41,2953.22,2816.89,2930.35,3026.77,3010.78,2822.59,2707.38,2451.95,2270.15,2347.02,2892.4,2943.84,2787.0,2812.37,2899.77,2983.67,2754.53,2636.01,2250.0,2222.0,2157.14
2026-02-03T00:00:00,2956.41,2953.23,2816.9,2930.35,3026.77,3010.78,2822.6,2707.37,2451.96,2270.16,2347.01,2970.41,2960.29,2951.21,3035.08,3045.78,3013.5,2828.65,2714.64,2475.98,2396.62,2359.88,92082.9039,380186.5326,485169.3372,478792.3988,296607.6549,561288.5979,793279.6252,1113097.7132,1026573.9466,1248535.2114,1321099.3867,2.72517275860426E8,1.088137895952771E9,1.405058143578595E9,1.416537368433361E9,8.94057677740365E8,1.601894306039813E9,2.161851949088385E9,2.759353621321312E9,2.412828498627745E9,2.84217728624149E9,2.981630480120865E9,1185149,4637787,5933570,5278439,5061029,6779608,10661631,9305297,11038637,11149156,11643770,41483.2107,165133.7717,239396.1448,229630.1728,154557.6064,270939.8171,388766.163,520430.2055,455879.6449,614416.942,666418.2157,1.22751060758119E8,4.73021399881065E8,6.93731253124194E8,6.79191460936592E8,4.6594630594887E8,7.72718271379958E8,1.059467300875251E9,1.291798679952669E9,1.069127421804749E9,1.398079659353768E9,1.505015892495484E9,-0.0010790113685179169,-0.046163171047195924,0.04027846312777568,0.03290391932704287,-0.005282859285641057,-0.06250539727246761,-0.040817121863253265,-0.09434582511505599,-0.07414506821101562,0.03386119859921145,-0.048273981474380355,2953.22,2816.89,2930.35,3026.77,3010.78,2822.59,2707.38,2451.95,2270.15,2347.02,2233.72,2943.84,2787.0,2812.37,2899.77,2983.67,2754.53,2636.01,2250.0,2222.0,2157.14,2110.0
2026-02-04T00:00:00,2953.23,2816.9,2930.35,3026.77,3010.78,2822.6,2707.37,2451.96,2270.16,2347.01,2233.72,2960.29,2951.21,3035.08,3045.78,3013.5,2828.65,2714.64,2475.98,2396.62,2359.88,2295.74,380186.5326,485169.3372,478792.3988,296607.6549,561288.5979,793279.6252,1113097.7132,1026573.9466,1248535.2114,1321099.3867,1264743.43,1.088137895952771E9,1.405058143578595E9,1.416537368433361E9,8.94057677740365E8,1.601894306039813E9,2.161851949088385E9,2.759353621321312E9,2.412828498627745E9,2.84217728624149E9,2.981630480120865E9,2.756607838332894E9,4637787,5933570,5278439,5061029,6779608,10661631,9305297,11038637,11149156,11643770,10912540,165133.7717,239396.1448,229630.1728,154557.6064,270939.8171,388766.163,520430.2055,455879.6449,614416.942,666418.2157,609896.0952,4.73021399881065E8,6.93731253124194E8,6.79191460936592E8,4.6594630594887E8,7.72718271379958E8,1.059467300875251E9,1.291798679952669E9,1.069127421804749E9,1.398079659353768E9,1.505015892495484E9,1.325924462845477E9,-0.046163171047195924,0.04027846312777568,0.03290391932704287,-0.005282859285641057,-0.06250539727246761,-0.040817121863253265,-0.09434582511505599,-0.07414506821101562,0.03386119859921145,-0.048273981474380355,-0.0382590476872659,2816.89,2930.35,3026.77,3010.78,2822.59,2707.38,2451.95,2270.15,2347.02,2233.72,2148.26,2787.0,2812.37,2899.77,2983.67,2754.53,2636.01,2250.0,2222.0,2157.14,2110.0,2076.68
2026-02-05T00:00:00,2816.9,2930.35,3026.77,3010.78,2822.6,2707.37,2451.96,2270.16,2347.01,2233.72,2148.25,2951.21,3035.08,3045.78,3013.5,2828.65,2714.64,2475.98,2396.62,2359.88,2295.74,2173.77,485169.3372,478792.3988,296607.6549,561288.5979,793279.6252,1113097.7132,1026573.9466,1248535.2114,1321099.3867,1264743.43,1952286.6951,1.405058143578595E9,1.416537368433361E9,8.94057677740365E8,1.601894306039813E9,2.161851949088385E9,2.759353621321312E9,2.412828498627745E9,2.84217728624149E9,2.981630480120865E9,2.756607838332894E9,3.895174109785863E9,5933570,5278439,5061029,6779608,10661631,9305297,11038637,11149156,11643770,10912540,13667587,239396.1448,229630.1728,154557.6064,270939.8171,388766.163,520430.2055,455879.6449,614416.942,666418.2157,609896.0952,967965.2824,6.93731253124194E8,6.79191460936592E8,4.6594630594887E8,7.72718271379958E8,1.059467300875251E9,1.291798679952669E9,1.069127421804749E9,1.398079659353768E9,1.505015892495484E9,1.325924462845477E9,1.933830694362923E9,0.04027846312777568,0.03290391932704287,-0.005282859285641057,-0.06250539727246761,-0.040817121863253265,-0.09434582511505599,-0.07414506821101562,0.03386119859921145,-0.048273981474380355,-0.0382590476872659,-0.14962341616005523,2930.35,3026.77,3010.78,2822.59,2707.38,2451.95,2270.15,2347.02,2233.72,2148.26,1826.83,2812.37,2899.77,2983.67,2754.53,2636.01,2250.0,2222.0,2157.14,2110.0,2076.68,1818.18
2026-02-06T00:00:00,2930.35,3026.77,3010.78,2822.6,2707.37,2451.96,2270.16,2347.01,2233.72,2148.25,1826.83,3035.08,3045.78,3013.5,2828.65,2714.64,2475.98,2396.62,2359.88,2295.74,2173.77,2093.94,478792.3988,296607.6549,561288.5979,793279.6252,1113097.7132,1026573.9466,1248535.2114,1321099.3867,1264743.43,1952286.6951,2102311.5573,1.416537368433361E9,8.94057677740365E8,1.601894306039813E9,2.161851949088385E9,2.759353621321312E9,2.412828498627745E9,2.84217728624149E9,2.981630480120865E9,2.756607838332894E9,3.895174109785863E9,4.099448671011839E9,5278439,5061029,6779608,10661631,9305297,11038637,11149156,11643770,10912540,13667587,12362731,229630.1728,154557.6064,270939.8171,388766.163,520430.2055,455879.6449,614416.942,666418.2157,609896.0952,967965.2824,1189792.5763,6.79191460936592E8,4.6594630594887E8,7.72718271379958E8,1.059467300875251E9,1.291798679952669E9,1.069127421804749E9,1.398079659353768E9,1.505015892495484E9,1.325924462845477E9,1.933830694362923E9,2.323481388750452E9,0.03290391932704287,-0.005282859285641057,-0.06250539727246761,-0.040817121863253265,-0.09434582511505599,-0.07414506821101562,0.03386119859921145,-0.048273981474380355,-0.0382590476872659,-0.14962341616005523,0.1294865970013631,3026.77,3010.78,2822.59,2707.38,2451.95,2270.15,2347.02,2233.72,2148.26,1826.83,2063.38,2899.77,2983.67,2754.53,2636.01,2250.0,2222.0,2157.14,2110.0,2076.68,1818.18,1747.8
2026-02-07T00:00:00,3026.77,3010.78,2822.6,2707.37,2451.96,2270.16,2347.01,2233.72,2148.25,1826.83,2063.37,3045.78,3013.5,2828.65,2714.64,2475.98,2396.62,2359.88,2295.74,2173.77,2093.94,2121.7,296607.6549,561288.5979,793279.6252,1113097.7132,1026573.9466,1248535.2114,1321099.3867,1264743.43,1952286.6951,2102311.5573,1142616.4487,8.94057677740365E8,1.601894306039813E9,2.161851949088385E9,2.759353621321312E9,2.412828498627745E9,2.84217728624149E9,2.981630480120865E9,2.756607838332894E9,3.895174109785863E9,4.099448671011839E9,2.350131251111509E9,5061029,6779608,10661631,9305297,11038637,11149156,11643770,10912540,13667587,12362731,7938360,154557.6064,270939.8171,388766.163,520430.2055,455879.6449,614416.942,666418.2157,609896.0952,967965.2824,1189792.5763,548585.9421,4.6594630594887E8,7.72718271379958E8,1.059467300875251E9,1.291798679952669E9,1.069127421804749E9,1.398079659353768E9,1.505015892495484E9,1.325924462845477E9,1.933830694362923E9,2.323481388750452E9,1.128556150777751E9,-0.005282859285641057,-0.06250539727246761,-0.040817121863253265,-0.09434582511505599,-0.07414506821101562,0.03386119859921145,-0.048273981474380355,-0.0382590476872659,-0.14962341616005523,0.1294865970013631,0.011486008393994232,3010.78,2822.59,2707.38,2451.95,2270.15,2347.02,2233.72,2148.26,1826.83,2063.38,2087.08,2983.67,2754.53,2636.01,2250.0,2222.0,2157.14,2110.0,2076.68,1818.18,1747.8,1994.57
2026-02-08T00:00:00,3010.78,2822.6,2707.37,2451.96,2270.16,2347.01,2233.72,2148.25,1826.83,2063.37,2087.08,3013.5,2828.65,2714.64,2475.98,2396.62,2359.88,2295.74,2173.77,2093.94,2121.7,2152.03,561288.5979,793279.6252,1113097.7132,1026573.9466,1248535.2114,1321099.3867,1264743.43,1952286.6951,2102311.5573,1142616.4487,482837.2515,1.601894306039813E9,2.161851949088385E9,2.759353621321312E9,2.412828498627745E9,2.84217728624149E9,2.981630480120865E9,2.756607838332894E9,3.895174109785863E9,4.099448671011839E9,2.350131251111509E9,1.015368967858894E9,6779608,10661631,9305297,11038637,11149156,11643770,10912540,13667587,12362731,7938360,4379045,270939.8171,388766.163,520430.2055,455879.6449,614416.942,666418.2157,609896.0952,967965.2824,1189792.5763,548585.9421,228020.7596,7.72718271379958E8,1.059467300875251E9,1.291798679952669E9,1.069127421804749E9,1.398079659353768E9,1.505015892495484E9,1.325924462845477E9,1.933830694362923E9,2.323481388750452E9,1.128556150777751E9,4.79809411995975E8,-0.06250539727246761,-0.040817121863253265,-0.09434582511505599,-0.07414506821101562,0.03386119859921145,-0.048273981474380355,-0.0382590476872659,-0.14962341616005523,0.1294865970013631,0.011486008393994232,0.0012745079249477042,2822.59,2707.38,2451.95,2270.15,2347.02,2233.72,2148.26,1826.83,2063.38,2087.08,2089.74,2754.53,2636.01,2250.0,2222.0,2157.14,2110.0,2076.68,1818.18,1747.8,1994.57,2064.1
2026-02-09T00:00:00,2822.6,2707.37,2451.96,2270.16,2347.01,2233.72,2148.25,1826.83,2063.37,2087.08,2089.73,2828.65,2714.64,2475.98,2396.62,2359.88,2295.74,2173.77,2093.94,2121.7,2152.03,2147.73,793279.6252,1113097.7132,1026573.9466,1248535.2114,1321099.3867,1264743.43,1952286.6951,2102311.5573,1142616.4487,482837.2515,625378.5569,2.161851949088385E9,2.759353621321312E9,2.412828498627745E9,2.84217728624149E9,2.981630480120865E9,2.756607838332894E9,3.895174109785863E9,4.099448671011839E9,2.350131251111509E9,1.015368967858894E9,1.299316807805279E9,10661631,9305297,11038637,11149156,11643770,10912540,13667587,12362731,7938360,4379045,6331904,388766.163,520430.2055,455879.6449,614416.942,666418.2157,609896.0952,967965.2824,1189792.5763,548585.9421,228020.7596,315446.5313,1.059467300875251E9,1.291798679952669E9,1.069127421804749E9,1.398079659353768E9,1.505015892495484E9,1.325924462845477E9,1.933830694362923E9,2.323481388750452E9,1.128556150777751E9,4.79809411995975E8,6.55569971226274E8,-0.040817121863253265,-0.09434582511505599,-0.07414506821101562,0.03386119859921145,-0.048273981474380355,-0.0382590476872659,-0.14962341616005523,0.1294865970013631,0.011486008393994232,0.0012745079249477042,0.00731191440083465,2707.38,2451.95,2270.15,2347.02,2233.72,2148.26,1826.83,2063.38,2087.08,2089.74,2105.02,2636.01,2250.0,2222.0,2157.14,2110.0,2076.68,1818.18,1747.8,1994.57,2064.1,2008.62
2026-02-10T00:00:00,2707.37,2451.96,2270.16,2347.01,2233.72,2148.25,1826.83,2063.37,2087.08,2089.73,2105.02,2714.64,2475.98,2396.62,2359.88,2295.74,2173.77,2093.94,2121.7,2152.03,2147.73,2124.71,1113097.7132,1026573.9466,1248535.2114,1321099.3867,1264743.43,1952286.6951,2102311.5573,1142616.4487,482837.2515,625378.5569,574321.6908,2.759353621321312E9,2.412828498627745E9,2.84217728624149E9,2.981630480120865E9,2.756607838332894E9,3.895174109785863E9,4.099448671011839E9,2.350131251111509E9,1.015368967858894E9,1.299316807805279E9,1.163710989708572E9,9305297,11038637,11149156,11643770,10912540,13667587,12362731,7938360,4379045,6331904,5159394,520430.2055,455879.6449,614416.942,666418.2157,609896.0952,967965.2824,1189792.5763,548585.9421,228020.7596,315446.5313,276990.265,1.291798679952669E9,1.069127421804749E9,1.398079659353768E9,1.505015892495484E9,1.325924462845477E9,1.933830694362923E9,2.323481388750452E9,1.128556150777751E9,4.79809411995975E8,6.55569971226274E8,5.6097501104426E8,-0.09434582511505599,-0.07414506821101562,0.03386119859921145,-0.048273981474380355,-0.0382590476872659,-0.14962341616005523,0.1294865970013631,0.011486008393994232,0.0012745079249477042,0.00731191440083465,-0.03912076844875579,2451.95,2270.15,2347.02,2233.72,2148.26,1826.83,2063.38,2087.08,2089.74,2105.02,2022.67,2250.0,2222.0,2157.14,2110.0,2076.68,1818.18,1747.8,1994.57,2064.1,2008.62,1989.38
2026-02-11T00:00:00,2451.96,2270.16,2347.01,2233.72,2148.25,1826.83,2063.37,2087.08,2089.73,2105.02,2022.67,2475.98,2396.62,2359.88,2295.74,2173.77,2093.94,2121.7,2152.03,2147.73,2124.71,2032.31,1026573.9466,1248535.2114,1321099.3867,1264743.43,1952286.6951,2102311.5573,1142616.4487,482837.2515,625378.5569,574321.6908,529655.8177,2.412828498627745E9,2.84217728624149E9,2.981630480120865E9,2.756607838332894E9,3.895174109785863E9,4.099448671011839E9,2.350131251111509E9,1.015368967858894E9,1.299316807805279E9,1.163710989708572E9,1.036100476102876E9,11038637,11149156,11643770,10912540,13667587,12362731,7938360,4379045,6331904,5159394,6450810,455879.6449,614416.942,666418.2157,609896.0952,967965.2824,1189792.5763,548585.9421,228020.7596,315446.5313,276990.265,259017.7416,1.069127421804749E9,1.398079659353768E9,1.505015892495484E9,1.325924462845477E9,1.933830694362923E9,2.323481388750452E9,1.128556150777751E9,4.79809411995975E8,6.55569971226274E8,5.6097501104426E8,5.06650635748852E8,-0.07414506821101562,0.03386119859921145,-0.048273981474380355,-0.0382590476872659,-0.14962341616005523,0.1294865970013631,0.011486008393994232,0.0012745079249477042,0.00731191440083465,-0.03912076844875579,-0.040288331759506,2270.15,2347.02,2233.72,2148.26,1826.83,2063.38,2087.08,2089.74,2105.02,2022.67,1941.18,2222.0,2157.14,2110.0,2076.68,1818.18,1747.8,1994.57,2064.1,2008.62,1989.38,1903.19
2026-02-12T00:00:00,2270.16,2347.01,2233.72,2148.25,1826.83,2063.37,2087.08,2089.73,2105.02,2022.67,1941.19,2396.62,2359.88,2295.74,2173.77,2093.94,2121.7,2152.03,2147.73,2124.71,2032.31,2001.42,1248535.2114,1321099.3867,1264743.43,1952286.6951,2102311.5573,1142616.4487,482837.2515,625378.5569,574321.6908,529655.8177,427567.1469,2.84217728624149E9,2.981630480120865E9,2.756607838332894E9,3.895174109785863E9,4.099448671011839E9,2.350131251111509E9,1.015368967858894E9,1.299316807805279E9,1.163710989708572E9,1.036100476102876E9,8.33481568532024E8,11149156,11643770,10912540,13667587,12362731,7938360,4379045,6331904,5159394,6450810,5262808,614416.942,666418.2157,609896.0952,967965.2824,1189792.5763,548585.9421,228020.7596,315446.5313,276990.265,259017.7416,212467.499,1.398079659353768E9,1.505015892495484E9,1.325924462845477E9,1.933830694362923E9,2.323481388750452E9,1.128556150777751E9,4.79809411995975E8,6.55569971226274E8,5.6097501104426E8,5.06650635748852E8,4.14232137149514E8,0.03386119859921145,-0.048273981474380355,-0.0382590476872659,-0.14962341616005523,0.1294865970013631,0.011486008393994232,0.0012745079249477042,0.00731191440083465,-0.03912076844875579,-0.040288331759506,0.003436054358688965,2347.02,2233.72,2148.26,1826.83,2063.38,2087.08,2089.74,2105.02,2022.67,1941.18,1947.85,2157.14,2110.0,2076.68,1818.18,1747.8,1994.57,2064.1,2008.62,1989.38,1903.19,1897.24
2026-02-13T00:00:00,2347.01,2233.72,2148.25,1826.83,2063.37,2087.08,2089.73,2105.02,2022.67,1941.19,1947.85,2359.88,2295.74,2173.77,2093.94,2121.7,2152.03,2147.73,2124.71,2032.31,2001.42,2073.68,1321099.3867,1264743.43,1952286.6951,2102311.5573,1142616.4487,482837.2515,625378.5569,574321.6908,529655.8177,427567.1469,425649.7698,2.981630480120865E9,2.756607838332894E9,3.895174109785863E9,4.099448671011839E9,2.350131251111509E9,1.015368967858894E9,1.299316807805279E9,1.163710989708572E9,1.036100476102876E9,8.33481568532024E8,8.5090779120718E8,11643770,10912540,13667587,12362731,7938360,4379045,6331904,5159394,6450810,5262808,4695571,666418.2157,609896.0952,967965.2824,1189792.5763,548585.9421,228020.7596,315446.5313,276990.265,259017.7416,212467.499,215643.6192,1.505015892495484E9,1.325924462845477E9,1.933830694362923E9,2.323481388750452E9,1.128556150777751E9,4.79809411995975E8,6.55569971226274E8,5.6097501104426E8,5.06650635748852E8,4.14232137149514E8,4.31290771892009E8,-0.048273981474380355,-0.0382590476872659,-0.14962341616005523,0.1294865970013631,0.011486008393994232,0.0012745079249477042,0.00731191440083465,-0.03912076844875579,-0.040288331759506,0.003436054358688965,0.0517853017429473,2233.72,2148.26,1826.83,2063.38,2087.08,2089.74,2105.02,2022.67,1941.18,1947.85,2048.72,2110.0,2076.68,1818.18,1747.8,1994.57,2064.1,2008.62,1989.38,1903.19,1897.24,1924.72
2026-02-14T00:00:00,2233.72,2148.25,1826.83,2063.37,2087.08,2089.73,2105.02,2022.67,1941.19,1947.85,2048.72,2295.74,2173.77,2093.94,2121.7,2152.03,2147.73,2124.71,2032.31,2001.42,2073.68,2107.67,1264743.43,1952286.6951,2102311.5573,1142616.4487,482837.2515,625378.5569,574321.6908,529655.8177,427567.1469,425649.7698,220677.2355,2.756607838332894E9,3.895174109785863E9,4.099448671011839E9,2.350131251111509E9,1.015368967858894E9,1.299316807805279E9,1.163710989708572E9,1.036100476102876E9,8.33481568532024E8,8.5090779120718E8,4.58319230494356E8,10912540,13667587,12362731,7938360,4379045,6331904,5159394,6450810,5262808,4695571,2720271,609896.0952,967965.2824,1189792.5763,548585.9421,228020.7596,315446.5313,276990.265,259017.7416,212467.499,215643.6192,110065.542,1.325924462845477E9,1.933830694362923E9,2.323481388750452E9,1.128556150777751E9,4.79809411995975E8,6.55569971226274E8,5.6097501104426E8,5.06650635748852E8,4.14232137149514E8,4.31290771892009E8,2.28627817282618E8,-0.0382590476872659,-0.14962341616005523,0.1294865970013631,0.011486008393994232,0.0012745079249477042,0.00731191440083465,-0.03912076844875579,-0.040288331759506,0.003436054358688965,0.0517853017429473,0.01848471240579501,2148.26,1826.83,2063.38,2087.08,2089.74,2105.02,2022.67,1941.18,1947.85,2048.72,2086.59,2076.68,1818.18,1747.8,1994.57,2064.1,2008.62,1989.38,1903.19,1897.24,1924.72,2042.37
2026-02-15T00:00:00,2148.25,1826.83,2063.37,2087.08,2089.73,2105.02,2022.67,1941.19,1947.85,2048.72,2086.59,2173.77,2093.94,2121.7,2152.03,2147.73,2124.71,2032.31,2001.42,2073.68,2107.67,2103.32,1952286.6951,2102311.5573,1142616.4487,482837.2515,625378.5569,574321.6908,529655.8177,427567.1469,425649.7698,220677.2355,834778.0952,3.895174109785863E9,4.099448671011839E9,2.350131251111509E9,1.015368967858894E9,1.299316807805279E9,1.163710989708572E9,1.036100476102876E9,8.33481568532024E8,8.5090779120718E8,4.58319230494356E8,1.680654508880478E9,13667587,12362731,7938360,4379045,6331904,5159394,6450810,5262808,4695571,2720271,5864311,967965.2824,1189792.5763,548585.9421,228020.7596,315446.5313,276990.265,259017.7416,212467.499,215643.6192,110065.542,323503.2298,1.933830694362923E9,2.323481388750452E9,1.128556150777751E9,4.79809411995975E8,6.55569971226274E8,5.6097501104426E8,5.06650635748852E8,4.14232137149514E8,4.31290771892009E8,2.28627817282618E8,6.51093452905736E8,-0.14962341616005523,0.1294865970013631,0.011486008393994232,0.0012745079249477042,0.00731191440083465,-0.03912076844875579,-0.040288331759506,0.003436054358688965,0.0517853017429473,0.01848471240579501,-0.057514892719700665,1826.83,2063.38,2087.08,2089.74,2105.02,2022.67,1941.18,1947.85,2048.72,2086.59,1966.58,1818.18,1747.8,1994.57,2064.1,2008.62,1989.38,1903.19,1897.24,1924.72,2042.37,1928.88
2026-02-16T00:00:00,1826.83,2063.37,2087.08,2089.73,2105.02,2022.67,1941.19,1947.85,2048.72,2086.59,1966.59,2093.94,2121.7,2152.03,2147.73,2124.71,2032.31,2001.42,2073.68,2107.67,2103.32,2023.51,2102311.5573,1142616.4487,482837.2515,625378.5569,574321.6908,529655.8177,427567.1469,425649.7698,220677.2355,834778.0952,351347.9433,4.099448671011839E9,2.350131251111509E9,1.015368967858894E9,1.299316807805279E9,1.163710989708572E9,1.036100476102876E9,8.33481568532024E8,8.5090779120718E8,4.58319230494356E8,1.680654508880478E9,6.94116360940269E8,12362731,7938360,4379045,6331904,5159394,6450810,5262808,4695571,2720271,5864311,4476026,1189792.5763,548585.9421,228020.7596,315446.5313,276990.265,259017.7416,212467.499,215643.6192,110065.542,323503.2298,178158.7858,2.323481388750452E9,1.128556150777751E9,4.79809411995975E8,6.55569971226274E8,5.6097501104426E8,5.06650635748852E8,4.14232137149514E8,4.31290771892009E8,2.28627817282618E8,6.51093452905736E8,3.52070618301827E8,0.1294865970013631,0.011486008393994232,0.0012745079249477042,0.00731191440083465,-0.03912076844875579,-0.040288331759506,0.003436054358688965,0.0517853017429473,0.01848471240579501,-0.057514892719700665,0.01614477926145898,2063.38,2087.08,2089.74,2105.02,2022.67,1941.18,1947.85,2048.72,2086.59,1966.58,1998.33,1747.8,1994.57,2064.1,2008.62,1989.38,1903.19,1897.24,1924.72,2042.37,1928.88,1937.24
2026-02-17T00:00:00,2063.37,2087.08,2089.73,2105.02,2022.67,1941.19,1947.85,2048.72,2086.59,1966.59,1998.34,2121.7,2152.03,2147.73,2124.71,2032.31,2001.42,2073.68,2107.67,2103.32,2023.51,2015.33,1142616.4487,482837.2515,625378.5569,574321.6908,529655.8177,427567.1469,425649.7698,220677.2355,834778.0952,351347.9433,406246.9427,2.350131251111509E9,1.015368967858894E9,1.299316807805279E9,1.163710989708572E9,1.036100476102876E9,8.33481568532024E8,8.5090779120718E8,4.58319230494356E8,1.680654508880478E9,6.94116360940269E8,8.04961298709777E8,7938360,4379045,6331904,5159394,6450810,5262808,4695571,2720271,5864311,4476026,6420841,548585.9421,228020.7596,315446.5313,276990.265,259017.7416,212467.499,215643.6192,110065.542,323503.2298,178158.7858,196947.7031,1.128556150777751E9,4.79809411995975E8,6.55569971226274E8,5.6097501104426E8,5.06650635748852E8,4.14232137149514E8,4.31290771892009E8,2.28627817282618E8,6.51093452905736E8,3.52070618301827E8,3.90162604367408E8,0.011486008393994232,0.0012745079249477042,0.00731191440083465,-0.03912076844875579,-0.040288331759506,0.003436054358688965,0.0517853017429473,0.01848471240579501,-0.057514892719700665,0.01614477926145898,-0.0033377870521885,2087.08,2089.74,2105.02,2022.67,1941.18,1947.85,2048.72,2086.59,1966.58,1998.33,1991.66,1994.57,2064.1,2008.62,1989.38,1903.19,1897.24,1924.72,2042.37,1928.88,1937.24,1941.66
2026-02-18T00:00:00,2087.08,2089.73,2105.02,2022.67,1941.19,1947.85,2048.72,2086.59,1966.59,1998.34,1991.67,2152.03,2147.73,2124.71,2032.31,2001.42,2073.68,2107.67,2103.32,2023.51,2015.33,2039.05,482837.2515,625378.5569,574321.6908,529655.8177,427567.1469,425649.7698,220677.2355,834778.0952,351347.9433,406246.9427,393639.0086,1.015368967858894E9,1.299316807805279E9,1.163710989708572E9,1.036100476102876E9,8.33481568532024E8,8.5090779120718E8,4.58319230494356E8,1.680654508880478E9,6.94116360940269E8,8.04961298709777E8,7.78491630599568E8,4379045,6331904,5159394,6450810,5262808,4695571,2720271,5864311,4476026,6420841,5176537,228020.7596,315446.5313,276990.265,259017.7416,212467.499,215643.6192,110065.542,323503.2298,178158.7858,196947.7031,191523.6119,4.79809411995975E8,6.55569971226274E8,5.6097501104426E8,5.06650635748852E8,4.14232137149514E8,4.31290771892009E8,2.28627817282618E8,6.51093452905736E8,3.52070618301827E8,3.90162604367408E8,3.78687588779843E8,0.0012745079249477042,0.00731191440083465,-0.03912076844875579,-0.040288331759506,0.003436054358688965,0.0517853017429473,0.01848471240579501,-0.057514892719700665,0.01614477926145898,-0.0033377870521885,-0.017949850878161935,2089.74,2105.02,2022.67,1941.18,1947.85,2048.72,2086.59,1966.58,1998.33,1991.66,1955.91,2064.1,2008.62,1989.38,1903.19,1897.24,1924.72,2042.37,1928.88,1937.24,1941.66,1923.78
2026-02-19T00:00:00,2089.73,2105.02,2022.67,1941.19,1947.85,2048.72,2086.59,1966.59,1998.34,1991.67,1955.9,2147.73,2124.71,2032.31,2001.42,2073.68,2107.67,2103.32,2023.51,2015.33,2039.05,1987.55,625378.5569,574321.6908,529655.8177,427567.1469,425649.7698,220677.2355,834778.0952,351347.9433,406246.9427,393639.0086,300257.0733,1.299316807805279E9,1.163710989708572E9,1.036100476102876E9,8.33481568532024E8,8.5090779120718E8,4.58319230494356E8,1.680654508880478E9,6.94116360940269E8,8.04961298709777E8,7.78491630599568E8,5.83869775947742E8,6331904,5159394,6450810,5262808,4695571,2720271,5864311,4476026,6420841,5176537,3793608,315446.5313,276990.265,259017.7416,212467.499,215643.6192,110065.542,323503.2298,178158.7858,196947.7031,191523.6119,142030.3122,6.55569971226274E8,5.6097501104426E8,5.06650635748852E8,4.14232137149514E8,4.31290771892009E8,2.28627817282618E8,6.51093452905736E8,3.52070618301827E8,3.90162604367408E8,3.78687588779843E8,2.76036975737437E8,0.00731191440083465,-0.03912076844875579,-0.040288331759506,0.003436054358688965,0.0517853017429473,0.01848471240579501,-0.057514892719700665,0.01614477926145898,-0.0033377870521885,-0.017949850878161935,-0.003491980714859147,2105.02,2022.67,1941.18,1947.85,2048.72,2086.59,1966.58,1998.33,1991.66,1955.91,1949.08,2008.62,1989.38,1903.19,1897.24,1924.72,2042.37,1928.88,1937.24,1941.66,1923.78,1907.0
2026-02-20T00:00:00,2105.02,2022.67,1941.19,1947.85,2048.72,2086.59,1966.59,1998.34,1991.67,1955.9,1949.08,2124.71,2032.31,2001.42,2073.68,2107.67,2103.32,2023.51,2015.33,2039.05,1987.55,1981.18,574321.6908,529655.8177,427567.1469,425649.7698,220677.2355,834778.0952,351347.9433,406246.9427,393639.0086,300257.0733,386253.5557,1.163710989708572E9,1.036100476102876E9,8.33481568532024E8,8.5090779120718E8,4.58319230494356E8,1.680654508880478E9,6.94116360940269E8,8.04961298709777E8,7.78491630599568E8,5.83869775947742E8,7.55968932473526E8,5159394,6450810,5262808,4695571,2720271,5864311,4476026,6420841,5176537,3793608,3948261,276990.265,259017.7416,212467.499,215643.6192,110065.542,323503.2298,178158.7858,196947.7031,191523.6119,142030.3122,186424.2257,5.6097501104426E8,5.06650635748852E8,4.14232137149514E8,4.31290771892009E8,2.28627817282618E8,6.51093452905736E8,3.52070618301827E8,3.90162604367408E8,3.78687588779843E8,2.76036975737437E8,3.64867772122704E8,-0.03912076844875579,-0.040288331759506,0.003436054358688965,0.0517853017429473,0.01848471240579501,-0.057514892719700665,0.01614477926145898,-0.0033377870521885,-0.017949850878161935,-0.003491980714859147,0.010158638947606144,2022.67,1941.18,1947.85,2048.72,2086.59,1966.58,1998.33,1991.66,1955.91,1949.08,1968.88,1989.38,1903.19,1897.24,1924.72,2042.37,1928.88,1937.24,1941.66,1923.78,1907.0,1922.97
2026-02-21T00:00:00,2022.67,1941.19,1947.85,2048.72,2086.59,1966.59,1998.34,1991.67,1955.9,1949.08,1968.88,2032.31,2001.42,2073.68,2107.67,2103.32,2023.51,2015.33,2039.05,1987.55,1981.18,1995.56,529655.8177,427567.1469,425649.7698,220677.2355,834778.0952,351347.9433,406246.9427,393639.0086,300257.0733,386253.5557,179173.8456,1.036100476102876E9,8.33481568532024E8,8.5090779120718E8,4.58319230494356E8,1.680654508880478E9,6.94116360940269E8,8.04961298709777E8,7.78491630599568E8,5.83869775947742E8,7.55968932473526E8,3.54489354648235E8,6450810,5262808,4695571,2720271,5864311,4476026,6420841,5176537,3793608,3948261,1362230,259017.7416,212467.499,215643.6192,110065.542,323503.2298,178158.7858,196947.7031,191523.6119,142030.3122,186424.2257,91535.9107,5.06650635748852E8,4.14232137149514E8,4.31290771892009E8,2.28627817282618E8,6.51093452905736E8,3.52070618301827E8,3.90162604367408E8,3.78687588779843E8,2.76036975737437E8,3.64867772122704E8,1.81134209820953E8,-0.040288331759506,0.003436054358688965,0.0517853017429473,0.01848471240579501,-0.057514892719700665,0.01614477926145898,-0.0033377870521885,-0.017949850878161935,-0.003491980714859147,0.010158638947606144,0.002270326276867965,1941.18,1947.85,2048.72,2086.59,1966.58,1998.33,1991.66,1955.91,1949.08,1968.88,1973.35,1903.19,1897.24,1924.72,2042.37,1928.88,1937.24,1941.66,1923.78,1907.0,1922.97,1955.62
2026-02-22T00:00:00,1941.19,1947.85,2048.72,2086.59,1966.59,1998.34,1991.67,1955.9,1949.08,1968.88,1973.35,2001.42,2073.68,2107.67,2103.32,2023.51,2015.33,2039.05,1987.55,1981.18,1995.56,1983.13,427567.1469,425649.7698,220677.2355,834778.0952,351347.9433,406246.9427,393639.0086,300257.0733,386253.5557,179173.8456,155325.6482,8.33481568532024E8,8.5090779120718E8,4.58319230494356E8,1.680654508880478E9,6.94116360940269E8,8.04961298709777E8,7.78491630599568E8,5.83869775947742E8,7.55968932473526E8,3.54489354648235E8,3.04517550298572E8,5262808,4695571,2720271,5864311,4476026,6420841,5176537,3793608,3948261,1362230,1850073,212467.499,215643.6192,110065.542,323503.2298,178158.7858,196947.7031,191523.6119,142030.3122,186424.2257,91535.9107,77240.1124,4.14232137149514E8,4.31290771892009E8,2.28627817282618E8,6.51093452905736E8,3.52070618301827E8,3.90162604367408E8,3.78687588779843E8,2.76036975737437E8,3.64867772122704E8,1.81134209820953E8,1.51464074945039E8,0.003436054358688965,0.0517853017429473,0.01848471240579501,-0.057514892719700665,0.01614477926145898,-0.0033377870521885,-0.017949850878161935,-0.003491980714859147,0.010158638947606144,0.002270326276867965,-0.007869865963969885,1947.85,2048.72,2086.59,1966.58,1998.33,1991.66,1955.91,1949.08,1968.88,1973.35,1957.82,1897.24,1924.72,2042.37,1928.88,1937.24,1941.66,1923.78,1907.0,1922.97,1955.62,1935.0
2026-02-23T00:00:00,1947.85,2048.72,2086.59,1966.59,1998.34,1991.67,1955.9,1949.08,1968.88,1973.35,1957.82,2073.68,2107.67,2103.32,2023.51,2015.33,2039.05,1987.55,1981.18,1995.56,1983.13,1958.33,425649.7698,220677.2355,834778.0952,351347.9433,406246.9427,393639.0086,300257.0733,386253.5557,179173.8456,155325.6482,547359.4869,8.5090779120718E8,4.58319230494356E8,1.680654508880478E9,6.94116360940269E8,8.04961298709777E8,7.78491630599568E8,5.83869775947742E8,7.55968932473526E8,3.54489354648235E8,3.04517550298572E8,1.031859704045753E9,4695571,2720271,5864311,4476026,6420841,5176537,3793608,3948261,1362230,1850073,6684753,215643.6192,110065.542,323503.2298,178158.7858,196947.7031,191523.6119,142030.3122,186424.2257,91535.9107,77240.1124,266498.7851,4.31290771892009E8,2.28627817282618E8,6.51093452905736E8,3.52070618301827E8,3.90162604367408E8,3.78687588779843E8,2.76036975737437E8,3.64867772122704E8,1.81134209820953E8,1.51464074945039E8,5.02378481411939E8,0.0517853017429473,0.01848471240579501,-0.057514892719700665,0.01614477926145898,-0.0033377870521885,-0.017949850878161935,-0.003491980714859147,0.010158638947606144,0.002270326276867965,-0.007869865963969885,-0.05185359226077984,2048.72,2086.59,1966.58,1998.33,1991.66,1955.91,1949.08,1968.88,1973.35,1957.82,1856.3,1924.72,2042.37,1928.88,1937.24,1941.66,1923.78,1907.0,1922.97,1955.62,1935.0,1837.13
2026-02-24T00:00:00,2048.72,2086.59,1966.59,1998.34,1991.67,1955.9,1949.08,1968.88,1973.35,1957.82,1856.3,2107.67,2103.32,2023.51,2015.33,2039.05,1987.55,1981.18,1995.56,1983.13,1958.33,1869.58,220677.2355,834778.0952,351347.9433,406246.9427,393639.0086,300257.0733,386253.5557,179173.8456,155325.6482,547359.4869,438064.0284,4.58319230494356E8,1.680654508880478E9,6.94116360940269E8,8.04961298709777E8,7.78491630599568E8,5.83869775947742E8,7.55968932473526E8,3.54489354648235E8,3.04517550298572E8,1.031859704045753E9,8.04280693829216E8,2720271,5864311,4476026,6420841,5176537,3793608,3948261,1362230,1850073,6684753,6607359,110065.542,323503.2298,178158.7858,196947.7031,191523.6119,142030.3122,186424.2257,91535.9107,77240.1124,266498.7851,205850.4101,2.28627817282618E8,6.51093452905736E8,3.52070618301827E8,3.90162604367408E8,3.78687588779843E8,2.76036975737437E8,3.64867772122704E8,1.81134209820953E8,1.51464074945039E8,5.02378481411939E8,3.78122255429729E8,0.01848471240579501,-0.057514892719700665,0.01614477926145898,-0.0033377870521885,-0.017949850878161935,-0.003491980714859147,0.010158638947606144,0.002270326276867965,-0.007869865963969885,-0.05185359226077984,-0.0023487582826051284,2086.59,1966.58,1998.33,1991.66,1955.91,1949.08,1968.88,1973.35,1957.82,1856.3,1851.94,2042.37,1928.88,1937.24,1941.66,1923.78,1907.0,1922.97,1955.62,1935.0,1837.13,1800.0
2026-02-25T00:00:00,2086.59,1966.59,1998.34,1991.67,1955.9,1949.08,1968.88,1973.35,1957.82,1856.3,1851.95,2103.32,2023.51,2015.33,2039.05,1987.55,1981.18,1995.56,1983.13,1958.33,1869.58,2148.39,834778.0952,351347.9433,406246.9427,393639.0086,300257.0733,386253.5557,179173.8456,155325.6482,547359.4869,438064.0284,682979.4378,1.680654508880478E9,6.94116360940269E8,8.04961298709777E8,7.78491630599568E8,5.83869775947742E8,7.55968932473526E8,3.54489354648235E8,3.04517550298572E8,1.031859704045753E9,8.04280693829216E8,1.366356333151672E9,5864311,4476026,6420841,5176537,3793608,3948261,1362230,1850073,6684753,6607359,9024746,323503.2298,178158.7858,196947.7031,191523.6119,142030.3122,186424.2257,91535.9107,77240.1124,266498.7851,205850.4101,343230.549,6.51093452905736E8,3.52070618301827E8,3.90162604367408E8,3.78687588779843E8,2.76036975737437E8,3.64867772122704E8,1.81134209820953E8,1.51464074945039E8,5.02378481411939E8,3.78122255429729E8,6.86156732823848E8,-0.057514892719700665,0.01614477926145898,-0.0033377870521885,-0.017949850878161935,-0.003491980714859147,0.010158638947606144,0.002270326276867965,-0.007869865963969885,-0.05185359226077984,-0.0023487582826051284,0.11098631705130833,1966.58,1998.33,1991.66,1955.91,1949.08,1968.88,1973.35,1957.82,1856.3,1851.94,2057.48,1928.88,1937.24,1941.66,1923.78,1907.0,1922.97,1955.62,1935.0,1837.13,1800.0,1846.74
2026-02-26T00:00:00,1966.59,1998.34,1991.67,1955.9,1949.08,1968.88,1973.35,1957.82,1856.3,1851.95,2057.48,2023.51,2015.33,2039.05,1987.55,1981.18,1995.56,1983.13,1958.33,1869.58,2148.39,2083.33,351347.9433,406246.9427,393639.0086,300257.0733,386253.5557,179173.8456,155325.6482,547359.4869,438064.0284,682979.4378,439783.3566,6.94116360940269E8,8.04961298709777E8,7.78491630599568E8,5.83869775947742E8,7.55968932473526E8,3.54489354648235E8,3.04517550298572E8,1.031859704045753E9,8.04280693829216E8,1.366356333151672E9,8.97062353242189E8,4476026,6420841,5176537,3793608,3948261,1362230,1850073,6684753,6607359,9024746,7142316,178158.7858,196947.7031,191523.6119,142030.3122,186424.2257,91535.9107,77240.1124,266498.7851,205850.4101,343230.549,224781.9099,3.52070618301827E8,3.90162604367408E8,3.78687588779843E8,2.76036975737437E8,3.64867772122704E8,1.81134209820953E8,1.51464074945039E8,5.02378481411939E8,3.78122255429729E8,6.86156732823848E8,4.58691743982327E8,0.01614477926145898,-0.0033377870521885,-0.017949850878161935,-0.003491980714859147,0.010158638947606144,0.002270326276867965,-0.007869865963969885,-0.05185359226077984,-0.0023487582826051284,0.11098631705130833,-0.014483737387483696,1998.33,1991.66,1955.91,1949.08,1968.88,1973.35,1957.82,1856.3,1851.94,2057.48,2027.68,1937.24,1941.66,1923.78,1907.0,1922.97,1955.62,1935.0,1837.13,1800.0,1846.74,1975.35
2026-02-27T00:00:00,1998.34,1991.67,1955.9,1949.08,1968.88,1973.35,1957.82,1856.3,1851.95,2057.48,2027.68,2015.33,2039.05,1987.55,1981.18,1995.56,1983.13,1958.33,1869.58,2148.39,2083.33,2063.52,406246.9427,393639.0086,300257.0733,386253.5557,179173.8456,155325.6482,547359.4869,438064.0284,682979.4378,439783.3566,428687.234,8.04961298709777E8,7.78491630599568E8,5.83869775947742E8,7.55968932473526E8,3.54489354648235E8,3.04517550298572E8,1.031859704045753E9,8.04280693829216E8,1.366356333151672E9,8.97062353242189E8,8.46919721884444E8,6420841,5176537,3793608,3948261,1362230,1850073,6684753,6607359,9024746,7142316,5213158,196947.7031,191523.6119,142030.3122,186424.2257,91535.9107,77240.1124,266498.7851,205850.4101,343230.549,224781.9099,214287.6264,3.90162604367408E8,3.78687588779843E8,2.76036975737437E8,3.64867772122704E8,1.81134209820953E8,1.51464074945039E8,5.02378481411939E8,3.78122255429729E8,6.86156732823848E8,4.58691743982327E8,4.22880876500186E8,-0.0033377870521885,-0.017949850878161935,-0.003491980714859147,0.010158638947606144,0.002270326276867965,-0.007869865963969885,-0.05185359226077984,-0.0023487582826051284,0.11098631705130833,-0.014483737387483696,-0.04825218969462644,1991.66,1955.91,1949.08,1968.88,1973.35,1957.82,1856.3,1851.94,2057.48,2027.68,1929.84,1941.66,1923.78,1907.0,1922.97,1955.62,1935.0,1837.13,1800.0,1846.74,1975.35,1887.0
2026-02-28T00:00:00,1991.67,1955.9,1949.08,1968.88,1973.35,1957.82,1856.3,1851.95,2057.48,2027.68,1929.84,2039.05,1987.55,1981.18,1995.56,1983.13,1958.33,1869.58,2148.39,2083.33,2063.52,1984.99,393639.0086,300257.0733,386253.5557,179173.8456,155325.6482,547359.4869,438064.0284,682979.4378,439783.3566,428687.234,461680.9835,7.78491630599568E8,5.83869775947742E8,7.55968932473526E8,3.54489354648235E8,3.04517550298572E8,1.031859704045753E9,8.04280693829216E8,1.366356333151672E9,8.97062353242189E8,8.46919721884444E8,8.77128283233712E8,5176537,3793608,3948261,1362230,1850073,6684753,6607359,9024746,7142316,5213158,6186042,191523.6119,142030.3122,186424.2257,91535.9107,77240.1124,266498.7851,205850.4101,343230.549,224781.9099,214287.6264,229978.4238,3.78687588779843E8,2.76036975737437E8,3.64867772122704E8,1.81134209820953E8,1.51464074945039E8,5.02378481411939E8,3.78122255429729E8,6.86156732823848E8,4.58691743982327E8,4.22880876500186E8,4.37053523083052E8,-0.017949850878161935,-0.003491980714859147,0.010158638947606144,0.002270326276867965,-0.007869865963969885,-0.05185359226077984,-0.0023487582826051284,0.11098631705130833,-0.014483737387483696,-0.04825218969462644,0.01796521991460436,1955.91,1949.08,1968.88,1973.35,1957.82,1856.3,1851.94,2057.48,2027.68,1929.84,1964.51,1923.78,1907.0,1922.97,1955.62,1935.0,1837.13,1800.0,1846.74,1975.35,1887.0,1835.36
2026-03-01T00:00:00,1955.9,1949.08,1968.88,1973.35,1957.82,1856.3,1851.95,2057.48,2027.68,1929.84,1964.51,1987.55,1981.18,1995.56,1983.13,1958.33,1869.58,2148.39,2083.33,2063.52,1984.99,2054.8,300257.0733,386253.5557,179173.8456,155325.6482,547359.4869,438064.0284,682979.4378,439783.3566,428687.234,461680.9835,529196.8464,5.83869775947742E8,7.55968932473526E8,3.54489354648235E8,3.04517550298572E8,1.031859704045753E9,8.04280693829216E8,1.366356333151672E9,8.97062353242189E8,8.46919721884444E8,8.77128283233712E8,1.051030823789445E9,3793608,3948261,1362230,1850073,6684753,6607359,9024746,7142316,5213158,6186042,6616298,142030.3122,186424.2257,91535.9107,77240.1124,266498.7851,205850.4101,343230.549,224781.9099,214287.6264,229978.4238,254547.6476,2.76036975737437E8,3.64867772122704E8,1.81134209820953E8,1.51464074945039E8,5.02378481411939E8,3.78122255429729E8,6.86156732823848E8,4.58691743982327E8,4.22880876500186E8,4.37053523083052E8,5.05531901718655E8,-0.003491980714859147,0.010158638947606144,0.002270326276867965,-0.007869865963969885,-0.05185359226077984,-0.0023487582826051284,0.11098631705130833,-0.014483737387483696,-0.04825218969462644,0.01796521991460436,-0.012624013112684565,1949.08,1968.88,1973.35,1957.82,1856.3,1851.94,2057.48,2027.68,1929.84,1964.51,1939.71,1907.0,1922.97,1955.62,1935.0,1837.13,1800.0,1846.74,1975.35,1887.0,1835.36,1907.41
2026-03-02T00:00:00,1949.08,1968.88,1973.35,1957.82,1856.3,1851.95,2057.48,2027.68,1929.84,1964.51,1939.71,1981.18,1995.56,1983.13,1958.33,1869.58,2148.39,2083.33,2063.52,1984.99,2054.8,2090.0,386253.5557,179173.8456,155325.6482,547359.4869,438064.0284,682979.4378,439783.3566,428687.234,461680.9835,529196.8464,577406.3749,7.55968932473526E8,3.54489354648235E8,3.04517550298572E8,1.031859704045753E9,8.04280693829216E8,1.366356333151672E9,8.97062353242189E8,8.46919721884444E8,8.77128283233712E8,1.051030823789445E9,1.154427554493893E9,3948261,1362230,1850073,6684753,6607359,9024746,7142316,5213158,6186042,6616298,9343785,186424.2257,91535.9107,77240.1124,266498.7851,205850.4101,343230.549,224781.9099,214287.6264,229978.4238,254547.6476,299199.2494,3.64867772122704E8,1.81134209820953E8,1.51464074945039E8,5.02378481411939E8,3.78122255429729E8,6.86156732823848E8,4.58691743982327E8,4.22880876500186E8,4.37053523083052E8,5.05531901718655E8,5.98658734971255E8,0.010158638947606144,0.002270326276867965,-0.007869865963969885,-0.05185359226077984,-0.0023487582826051284,0.11098631705130833,-0.014483737387483696,-0.04825218969462644,0.01796521991460436,-0.012624013112684565,0.045182011744023524,1968.88,1973.35,1957.82,1856.3,1851.94,2057.48,2027.68,1929.84,1964.51,1939.71,2027.35,1922.97,1955.62,1935.0,1837.13,1800.0,1846.74,1975.35,1887.0,1835.36,1907.41,1920.0
2026-03-03T00:00:00,1968.88,1973.35,1957.82,1856.3,1851.95,2057.48,2027.68,1929.84,1964.51,1939.71,2027.34,1995.56,1983.13,1958.33,1869.58,2148.39,2083.33,2063.52,1984.99,2054.8,2090.0,2041.48,179173.8456,155325.6482,547359.4869,438064.0284,682979.4378,439783.3566,428687.234,461680.9835,529196.8464,577406.3749,509329.8534,3.54489354648235E8,3.04517550298572E8,1.031859704045753E9,8.04280693829216E8,1.366356333151672E9,8.97062353242189E8,8.46919721884444E8,8.77128283233712E8,1.051030823789445E9,1.154427554493893E9,1.007923347106694E9,1362230,1850073,6684753,6607359,9024746,7142316,5213158,6186042,6616298,9343785,8311355,91535.9107,77240.1124,266498.7851,205850.4101,343230.549,224781.9099,214287.6264,229978.4238,254547.6476,299199.2494,254251.3309,1.81134209820953E8,1.51464074945039E8,5.02378481411939E8,3.78122255429729E8,6.86156732823848E8,4.58691743982327E8,4.22880876500186E8,4.37053523083052E8,5.05531901718655E8,5.98658734971255E8,5.03251034902722E8,0.002270326276867965,-0.007869865963969885,-0.05185359226077984,-0.0023487582826051284,0.11098631705130833,-0.014483737387483696,-0.04825218969462644,0.01796521991460436,-0.012624013112684565,0.045182011744023524,-0.021974498729869018,1973.35,1957.82,1856.3,1851.94,2057.48,2027.68,1929.84,1964.51,1939.71,2027.35,1982.8,1955.62,1935.0,1837.13,1800.0,1846.74,1975.35,1887.0,1835.36,1907.41,1920.0,1929.56
2026-03-04T00:00:00,1973.35,1957.82,1856.3,1851.95,2057.48,2027.68,1929.84,1964.51,1939.71,2027.34,1982.81,1983.13,1958.33,1869.58,2148.39,2083.33,2063.52,1984.99,2054.8,2090.0,2041.48,2199.0,155325.6482,547359.4869,438064.0284,682979.4378,439783.3566,428687.234,461680.9835,529196.8464,577406.3749,509329.8534,737644.8152,3.04517550298572E8,1.031859704045753E9,8.04280693829216E8,1.366356333151672E9,8.97062353242189E8,8.46919721884444E8,8.77128283233712E8,1.051030823789445E9,1.154427554493893E9,1.007923347106694E9,1.537991054004056E9,1850073,6684753,6607359,9024746,7142316,5213158,6186042,6616298,9343785,8311355,9527323,77240.1124,266498.7851,205850.4101,343230.549,224781.9099,214287.6264,229978.4238,254547.6476,299199.2494,254251.3309,368171.8559,1.51464074945039E8,5.02378481411939E8,3.78122255429729E8,6.86156732823848E8,4.58691743982327E8,4.22880876500186E8,4.37053523083052E8,5.05531901718655E8,5.98658734971255E8,5.03251034902722E8,7.67713624115772E8,-0.007869865963969885,-0.05185359226077984,-0.0023487582826051284,0.11098631705130833,-0.014483737387483696,-0.04825218969462644,0.01796521991460436,-0.012624013112684565,0.045182011744023524,-0.021974498729869018,0.0728666532176721,1957.82,1856.3,1851.94,2057.48,2027.68,1929.84,1964.51,1939.71,2027.35,1982.8,2127.28,1935.0,1837.13,1800.0,1846.74,1975.35,1887.0,1835.36,1907.41,1920.0,1929.56,1945.08
2026-03-05T00:00:00,1957.82,1856.3,1851.95,2057.48,2027.68,1929.84,1964.51,1939.71,2027.34,1982.81,2127.28,1958.33,1869.58,2148.39,2083.33,2063.52,1984.99,2054.8,2090.0,2041.48,2199.0,2163.66,547359.4869,438064.0284,682979.4378,439783.3566,428687.234,461680.9835,529196.8464,577406.3749,509329.8534,737644.8152,432157.8126,1.031859704045753E9,8.04280693829216E8,1.366356333151672E9,8.97062353242189E8,8.46919721884444E8,8.77128283233712E8,1.051030823789445E9,1.154427554493893E9,1.007923347106694E9,1.537991054004056E9,9.09578852988923E8,6684753,6607359,9024746,7142316,5213158,6186042,6616298,9343785,8311355,9527323,6753565,266498.7851,205850.4101,343230.549,224781.9099,214287.6264,229978.4238,254547.6476,299199.2494,254251.3309,368171.8559,205453.4958,5.02378481411939E8,3.78122255429729E8,6.86156732823848E8,4.58691743982327E8,4.22880876500186E8,4.37053523083052E8,5.05531901718655E8,5.98658734971255E8,5.03251034902722E8,7.67713624115772E8,4.32642648347527E8,-0.05185359226077984,-0.0023487582826051284,0.11098631705130833,-0.014483737387483696,-0.04825218969462644,0.01796521991460436,-0.012624013112684565,0.045182011744023524,-0.021974498729869018,0.0728666532176721,-0.025581963822345937,1856.3,1851.94,2057.48,2027.68,1929.84,1964.51,1939.71,2027.35,1982.8,2127.28,2072.86,1837.13,1800.0,1846.74,1975.35,1887.0,1835.36,1907.41,1920.0,1929.56,1945.08,2054.75
2026-03-06T00:00:00,1856.3,1851.95,2057.48,2027.68,1929.84,1964.51,1939.71,2027.34,1982.81,2127.28,2072.86,1869.58,2148.39,2083.33,2063.52,1984.99,2054.8,2090.0,2041.48,2199.0,2163.66,2093.33,438064.0284,682979.4378,439783.3566,428687.234,461680.9835,529196.8464,577406.3749,509329.8534,737644.8152,432157.8126,411597.7569,8.04280693829216E8,1.366356333151672E9,8.97062353242189E8,8.46919721884444E8,8.77128283233712E8,1.051030823789445E9,1.154427554493893E9,1.007923347106694E9,1.537991054004056E9,9.09578852988923E8,8.31917068631373E8,6607359,9024746,7142316,5213158,6186042,6616298,9343785,8311355,9527323,6753565,5601424,205850.4101,343230.549,224781.9099,214287.6264,229978.4238,254547.6476,299199.2494,254251.3309,368171.8559,205453.4958,197603.9435,3.78122255429729E8,6.86156732823848E8,4.58691743982327E8,4.22880876500186E8,4.37053523083052E8,5.05531901718655E8,5.98658734971255E8,5.03251034902722E8,7.67713624115772E8,4.32642648347527E8,3.99155087071218E8,-0.0023487582826051284,0.11098631705130833,-0.014483737387483696,-0.04825218969462644,0.01796521991460436,-0.012624013112684565,0.045182011744023524,-0.021974498729869018,0.0728666532176721,-0.025581963822345937,-0.04543480987620971,1851.94,2057.48,2027.68,1929.84,1964.51,1939.71,2027.35,1982.8,2127.28,2072.86,1978.68,1800.0,1846.74,1975.35,1887.0,1835.36,1907.41,1920.0,1929.56,1945.08,2054.75,1955.95
2026-03-07T00:00:00,1851.95,2057.48,2027.68,1929.84,1964.51,1939.71,2027.34,1982.81,2127.28,2072.86,1978.68,2148.39,2083.33,2063.52,1984.99,2054.8,2090.0,2041.48,2199.0,2163.66,2093.33,1996.04,682979.4378,439783.3566,428687.234,461680.9835,529196.8464,577406.3749,509329.8534,737644.8152,432157.8126,411597.7569,184459.82,1.366356333151672E9,8.97062353242189E8,8.46919721884444E8,8.77128283233712E8,1.051030823789445E9,1.154427554493893E9,1.007923347106694E9,1.537991054004056E9,9.09578852988923E8,8.31917068631373E8,3.6452923478772E8,9024746,7142316,5213158,6186042,6616298,9343785,8311355,9527323,6753565,5601424,2029543,343230.549,224781.9099,214287.6264,229978.4238,254547.6476,299199.2494,254251.3309,368171.8559,205453.4958,197603.9435,89270.3932,6.86156732823848E8,4.58691743982327E8,4.22880876500186E8,4.37053523083052E8,5.05531901718655E8,5.98658734971255E8,5.03251034902722E8,7.67713624115772E8,4.32642648347527E8,3.99155087071218E8,1.76467060503114E8,0.11098631705130833,-0.014483737387483696,-0.04825218969462644,0.01796521991460436,-0.012624013112684565,0.045182011744023524,-0.021974498729869018,0.0728666532176721,-0.025581963822345937,-0.04543480987620971,-0.004593971738734988,2057.48,2027.68,1929.84,1964.51,1939.71,2027.35,1982.8,2127.28,2072.86,1978.68,1969.59,1846.74,1975.35,1887.0,1835.36,1907.41,1920.0,1929.56,1945.08,2054.75,1955.95,1948.09
2026-03-08T00:00:00,2057.48,2027.68,1929.84,1964.51,1939.71,2027.34,1982.81,2127.28,2072.86,1978.68,1969.6,2083.33,2063.52,1984.99,2054.8,2090.0,2041.48,2199.0,2163.66,2093.33,1996.04,1979.8,439783.3566,428687.234,461680.9835,529196.8464,577406.3749,509329.8534,737644.8152,432157.8126,411597.7569,184459.82,391189.7317,8.97062353242189E8,8.46919721884444E8,8.77128283233712E8,1.051030823789445E9,1.154427554493893E9,1.007923347106694E9,1.537991054004056E9,9.09578852988923E8,8.31917068631373E8,3.6452923478772E8,7.61435521244382E8,7142316,5213158,6186042,6616298,9343785,8311355,9527323,6753565,5601424,2029543,4044585,224781.9099,214287.6264,229978.4238,254547.6476,299199.2494,254251.3309,368171.8559,205453.4958,197603.9435,89270.3932,190729.8992,4.58691743982327E8,4.22880876500186E8,4.37053523083052E8,5.05531901718655E8,5.98658734971255E8,5.03251034902722E8,7.67713624115772E8,4.32642648347527E8,3.99155087071218E8,1.76467060503114E8,3.71905575962306E8,-0.014483737387483696,-0.04825218969462644,0.01796521991460436,-0.012624013112684565,0.045182011744023524,-0.021974498729869018,0.0728666532176721,-0.025581963822345937,-0.04543480987620971,-0.004593971738734988,-0.01649581892678172,2027.68,1929.84,1964.51,1939.71,2027.35,1982.8,2127.28,2072.86,1978.68,1969.59,1937.1,1975.35,1887.0,1835.36,1907.41,1920.0,1929.56,1945.08,2054.75,1955.95,1948.09,1916.14
2026-03-09T00:00:00,2027.68,1929.84,1964.51,1939.71,2027.34,1982.81,2127.28,2072.86,1978.68,1969.6,1937.11,2063.52,1984.99,2054.8,2090.0,2041.48,2199.0,2163.66,2093.33,1996.04,1979.8,2053.52,428687.234,461680.9835,529196.8464,577406.3749,509329.8534,737644.8152,432157.8126,411597.7569,184459.82,391189.7317,550825.4883,8.46919721884444E8,8.77128283233712E8,1.051030823789445E9,1.154427554493893E9,1.007923347106694E9,1.537991054004056E9,9.09578852988923E8,8.31917068631373E8,3.6452923478772E8,7.61435521244382E8,1.102883352283049E9,5213158,6186042,6616298,9343785,8311355,9527323,6753565,5601424,2029543,4044585,6360581,214287.6264,229978.4238,254547.6476,299199.2494,254251.3309,368171.8559,205453.4958,197603.9435,89270.3932,190729.8992,282877.29,4.22880876500186E8,4.37053523083052E8,5.05531901718655E8,5.98658734971255E8,5.03251034902722E8,7.67713624115772E8,4.32642648347527E8,3.99155087071218E8,1.76467060503114E8,3.71905575962306E8,5.66353976452963E8,-0.04825218969462644,0.01796521991460436,-0.012624013112684565,0.045182011744023524,-0.021974498729869018,0.0728666532176721,-0.025581963822345937,-0.04543480987620971,-0.004593971738734988,-0.01649581892678172,0.02884724588302107,1929.84,1964.51,1939.71,2027.35,1982.8,2127.28,2072.86,1978.68,1969.59,1937.1,1992.98,1887.0,1835.36,1907.41,1920.0,1929.56,1945.08,2054.75,1955.95,1948.09,1916.14,1929.65
2026-03-10T00:00:00,1929.84,1964.51,1939.71,2027.34,1982.81,2127.28,2072.86,1978.68,1969.6,1937.11,1992.97,1984.99,2054.8,2090.0,2041.48,2199.0,2163.66,2093.33,1996.04,1979.8,2053.52,2088.19,461680.9835,529196.8464,577406.3749,509329.8534,737644.8152,432157.8126,411597.7569,184459.82,391189.7317,550825.4883,463411.8739,8.77128283233712E8,1.051030823789445E9,1.154427554493893E9,1.007923347106694E9,1.537991054004056E9,9.09578852988923E8,8.31917068631373E8,3.6452923478772E8,7.61435521244382E8,1.102883352283049E9,9.48509257026159E8,6186042,6616298,9343785,8311355,9527323,6753565,5601424,2029543,4044585,6360581,5226998,229978.4238,254547.6476,299199.2494,254251.3309,368171.8559,205453.4958,197603.9435,89270.3932,190729.8992,282877.29,240013.7173,4.37053523083052E8,5.05531901718655E8,5.98658734971255E8,5.03251034902722E8,7.67713624115772E8,4.32642648347527E8,3.99155087071218E8,1.76467060503114E8,3.71905575962306E8,5.66353976452963E8,4.91126376680953E8,0.01796521991460436,-0.012624013112684565,0.045182011744023524,-0.021974498729869018,0.0728666532176721,-0.025581963822345937,-0.04543480987620971,-0.004593971738734988,-0.01649581892678172,0.02884724588302107,0.021841664241487608,1964.51,1939.71,2027.35,1982.8,2127.28,2072.86,1978.68,1969.59,1937.1,1992.98,2036.51,1835.36,1907.41,1920.0,1929.56,1945.08,2054.75,1955.95,1948.09,1916.14,1929.65,1991.0
2026-03-11T00:00:00,1964.51,1939.71,2027.34,1982.81,2127.28,2072.86,1978.68,1969.6,1937.11,1992.97,2036.5,2054.8,2090.0,2041.48,2199.0,2163.66,2093.33,1996.04,1979.8,2053.52,2088.19,2085.58,529196.8464,577406.3749,509329.8534,737644.8152,432157.8126,411597.7569,184459.82,391189.7317,550825.4883,463411.8739,350061.256,1.051030823789445E9,1.154427554493893E9,1.007923347106694E9,1.537991054004056E9,9.09578852988923E8,8.31917068631373E8,3.6452923478772E8,7.61435521244382E8,1.102883352283049E9,9.48509257026159E8,7.17032957206017E8,6616298,9343785,8311355,9527323,6753565,5601424,2029543,4044585,6360581,5226998,4730286,254547.6476,299199.2494,254251.3309,368171.8559,205453.4958,197603.9435,89270.3932,190729.8992,282877.29,240013.7173,172446.7326,5.05531901718655E8,5.98658734971255E8,5.03251034902722E8,7.67713624115772E8,4.32642648347527E8,3.99155087071218E8,1.76467060503114E8,3.71905575962306E8,5.66353976452963E8,4.91126376680953E8,3.53640487903065E8,-0.012624013112684565,0.045182011744023524,-0.021974498729869018,0.0728666532176721,-0.025581963822345937,-0.04543480987620971,-0.004593971738734988,-0.01649581892678172,0.02884724588302107,0.021841664241487608,0.007591418652498544,1939.71,2027.35,1982.8,2127.28,2072.86,1978.68,1969.59,1937.1,1992.98,2036.51,2051.97,1907.41,1920.0,1929.56,1945.08,2054.75,1955.95,1948.09,1916.14,1929.65,1991.0,2007.17
2026-03-12T00:00:00,1939.71,2027.34,1982.81,2127.28,2072.86,1978.68,1969.6,1937.11,1992.97,2036.5,2051.97,2090.0,2041.48,2199.0,2163.66,2093.33,1996.04,1979.8,2053.52,2088.19,2085.58,2095.0,577406.3749,509329.8534,737644.8152,432157.8126,411597.7569,184459.82,391189.7317,550825.4883,463411.8739,350061.256,400507.8132,1.154427554493893E9,1.007923347106694E9,1.537991054004056E9,9.09578852988923E8,8.31917068631373E8,3.6452923478772E8,7.61435521244382E8,1.102883352283049E9,9.48509257026159E8,7.17032957206017E8,8.24458252126678E8,9343785,8311355,9527323,6753565,5601424,2029543,4044585,6360581,5226998,4730286,4757775,299199.2494,254251.3309,368171.8559,205453.4958,197603.9435,89270.3932,190729.8992,282877.29,240013.7173,172446.7326,196694.8334,5.98658734971255E8,5.03251034902722E8,7.67713624115772E8,4.32642648347527E8,3.99155087071218E8,1.76467060503114E8,3.71905575962306E8,5.66353976452963E8,4.91126376680953E8,3.53640487903065E8,4.04852828040824E8,0.045182011744023524,-0.021974498729869018,0.0728666532176721,-0.025581963822345937,-0.04543480987620971,-0.004593971738734988,-0.01649581892678172,0.02884724588302107,0.021841664241487608,0.007591418652498544,0.010502102857254338,2027.35,1982.8,2127.28,2072.86,1978.68,1969.59,1937.1,1992.98,2036.51,2051.97,2073.52,1920.0,1929.56,1945.08,2054.75,1955.95,1948.09,1916.14,1929.65,1991.0,2007.17,2017.59
2026-03-13T00:00:00,2027.34,1982.81,2127.28,2072.86,1978.68,1969.6,1937.11,1992.97,2036.5,2051.97,2073.51,2041.48,2199.0,2163.66,2093.33,1996.04,1979.8,2053.52,2088.19,2085.58,2095.0,2209.03,509329.8534,737644.8152,432157.8126,411597.7569,184459.82,391189.7317,550825.4883,463411.8739,350061.256,400507.8132,599657.0399,1.007923347106694E9,1.537991054004056E9,9.09578852988923E8,8.31917068631373E8,3.6452923478772E8,7.61435521244382E8,1.102883352283049E9,9.48509257026159E8,7.17032957206017E8,8.24458252126678E8,1.279403180493586E9,8311355,9527323,6753565,5601424,2029543,4044585,6360581,5226998,4730286,4757775,6138489,254251.3309,368171.8559,205453.4958,197603.9435,89270.3932,190729.8992,282877.29,240013.7173,172446.7326,196694.8334,300361.2151,5.03251034902722E8,7.67713624115772E8,4.32642648347527E8,3.99155087071218E8,1.76467060503114E8,3.71905575962306E8,5.66353976452963E8,4.91126376680953E8,3.53640487903065E8,4.04852828040824E8,6.41144458022528E8,-0.021974498729869018,0.0728666532176721,-0.025581963822345937,-0.04543480987620971,-0.004593971738734988,-0.01649581892678172,0.02884724588302107,0.021841664241487608,0.007591418652498544,0.010502102857254338,0.009018480651259606,1982.8,2127.28,2072.86,1978.68,1969.59,1937.1,1992.98,2036.51,2051.97,2073.52,2092.22,1929.56,1945.08,2054.75,1955.95,1948.09,1916.14,1929.65,1991.0,2007.17,2017.59,2070.12
2026-03-14T00:00:00,1982.81,2127.28,2072.86,1978.68,1969.6,1937.11,1992.97,2036.5,2051.97,2073.51,2092.21,2199.0,2163.66,2093.33,1996.04,1979.8,2053.52,2088.19,2085.58,2095.0,2209.03,2106.09,737644.8152,432157.8126,411597.7569,184459.82,391189.7317,550825.4883,463411.8739,350061.256,400507.8132,599657.0399,152500.5822,1.537991054004056E9,9.09578852988923E8,8.31917068631373E8,3.6452923478772E8,7.61435521244382E8,1.102883352283049E9,9.48509257026159E8,7.17032957206017E8,8.24458252126678E8,1.279403180493586E9,3.17648583840042E8,9527323,6753565,5601424,2029543,4044585,6360581,5226998,4730286,4757775,6138489,1584458,368171.8559,205453.4958,197603.9435,89270.3932,190729.8992,282877.29,240013.7173,172446.7326,196694.8334,300361.2151,73409.361,7.67713624115772E8,4.32642648347527E8,3.99155087071218E8,1.76467060503114E8,3.71905575962306E8,5.66353976452963E8,4.91126376680953E8,3.53640487903065E8,4.04852828040824E8,6.41144458022528E8,1.52930062524787E8,0.0728666532176721,-0.025581963822345937,-0.04543480987620971,-0.004593971738734988,-0.01649581892678172,0.02884724588302107,0.021841664241487608,0.007591418652498544,0.010502102857254338,0.009018480651259606,0.001883167162153146,2127.28,2072.86,1978.68,1969.59,1937.1,1992.98,2036.51,2051.97,2073.52,2092.22,2096.16,1945.08,2054.75,1955.95,1948.09,1916.14,1929.65,1991.0,2007.17,2017.59,2070.12,2061.6
2026-03-15T00:00:00,2127.28,2072.86,1978.68,1969.6,1937.11,1992.97,2036.5,2051.97,2073.51,2092.21,2096.16,2163.66,2093.33,1996.04,1979.8,2053.52,2088.19,2085.58,2095.0,2209.03,2106.09,2202.87,432157.8126,411597.7569,184459.82,391189.7317,550825.4883,463411.8739,350061.256,400507.8132,599657.0399,152500.5822,280825.9377,9.09578852988923E8,8.31917068631373E8,3.6452923478772E8,7.61435521244382E8,1.102883352283049E9,9.48509257026159E8,7.17032957206017E8,8.24458252126678E8,1.279403180493586E9,3.17648583840042E8,5.98811241300968E8,6753565,5601424,2029543,4044585,6360581,5226998,4730286,4757775,6138489,1584458,3001730,205453.4958,197603.9435,89270.3932,190729.8992,282877.29,240013.7173,172446.7326,196694.8334,300361.2151,73409.361,146142.3746,4.32642648347527E8,3.99155087071218E8,1.76467060503114E8,3.71905575962306E8,5.66353976452963E8,4.91126376680953E8,3.53640487903065E8,4.04852828040824E8,6.41144458022528E8,1.52930062524787E8,3.11760540134007E8,-0.025581963822345937,-0.04543480987620971,-0.004593971738734988,-0.01649581892678172,0.02884724588302107,0.021841664241487608,0.007591418652498544,0.010502102857254338,0.009018480651259606,0.001883167162153146,0.039185940004579964,2072.86,1978.68,1969.59,1937.1,1992.98,2036.51,2051.97,2073.52,2092.22,2096.16,2178.3,2054.75,1955.95,1948.09,1916.14,1929.65,1991.0,2007.17,2017.59,2070.12,2061.6,2083.35
2026-03-16T00:00:00,2072.86,1978.68,1969.6,1937.11,1992.97,2036.5,2051.97,2073.51,2092.21,2096.16,2178.29,2093.33,1996.04,1979.8,2053.52,2088.19,2085.58,2095.0,2209.03,2106.09,2202.87,2386.02,411597.7569,184459.82,391189.7317,550825.4883,463411.8739,350061.256,400507.8132,599657.0399,152500.5822,280825.9377,845892.7756,8.31917068631373E8,3.6452923478772E8,7.61435521244382E8,1.102883352283049E9,9.48509257026159E8,7.17032957206017E8,8.24458252126678E8,1.279403180493586E9,3.17648583840042E8,5.98811241300968E8,1.930037154480769E9,5601424,2029543,4044585,6360581,5226998,4730286,4757775,6138489,1584458,3001730,7409311,197603.9435,89270.3932,190729.8992,282877.29,240013.7173,172446.7326,196694.8334,300361.2151,73409.361,146142.3746,445819.396,3.99155087071218E8,1.76467060503114E8,3.71905575962306E8,5.66353976452963E8,4.91126376680953E8,3.53640487903065E8,4.04852828040824E8,6.41144458022528E8,1.52930062524787E8,3.11760540134007E8,1.017103594869559E9,-0.04543480987620971,-0.004593971738734988,-0.01649581892678172,0.02884724588302107,0.021841664241487608,0.007591418652498544,0.010502102857254338,0.009018480651259606,0.001883167162153146,0.039185940004579964,0.08018638387733536,1978.68,1969.59,1937.1,1992.98,2036.51,2051.97,2073.52,2092.22,2096.16,2178.3,2352.97,1955.95,1948.09,1916.14,1929.65,1991.0,2007.17,2017.59,2070.12,2061.6,2083.35,2164.73
2026-03-17T00:00:00,1978.68,1969.6,1937.11,1992.97,2036.5,2051.97,2073.51,2092.21,2096.16,2178.29,2352.97,1996.04,1979.8,2053.52,2088.19,2085.58,2095.0,2209.03,2106.09,2202.87,2386.02,2376.66,184459.82,391189.7317,550825.4883,463411.8739,350061.256,400507.8132,599657.0399,152500.5822,280825.9377,845892.7756,493831.1016,3.6452923478772E8,7.61435521244382E8,1.102883352283049E9,9.48509257026159E8,7.17032957206017E8,8.24458252126678E8,1.279403180493586E9,3.17648583840042E8,5.98811241300968E8,1.930037154480769E9,1.152094007668437E9,2029543,4044585,6360581,5226998,4730286,4757775,6138489,1584458,3001730,7409311,5596636,89270.3932,190729.8992,282877.29,240013.7173,172446.7326,196694.8334,300361.2151,73409.361,146142.3746,445819.396,240136.5065,1.76467060503114E8,3.71905575962306E8,5.66353976452963E8,4.91126376680953E8,3.53640487903065E8,4.04852828040824E8,6.41144458022528E8,1.52930062524787E8,3.11760540134007E8,1.017103594869559E9,5.60589683752158E8,-0.004593971738734988,-0.01649581892678172,0.02884724588302107,0.021841664241487608,0.007591418652498544,0.010502102857254338,0.009018480651259606,0.001883167162153146,0.039185940004579964,0.08018638387733536,-0.015121314763894113,1969.59,1937.1,1992.98,2036.51,2051.97,2073.52,2092.22,2096.16,2178.3,2352.97,2317.39,1948.09,1916.14,1929.65,1991.0,2007.17,2017.59,2070.12,2061.6,2083.35,2164.73,2294.15
2026-03-18T00:00:00,1969.6,1937.11,1992.97,2036.5,2051.97,2073.51,2092.21,2096.16,2178.29,2352.97,2317.38,1979.8,2053.52,2088.19,2085.58,2095.0,2209.03,2106.09,2202.87,2386.02,2376.66,2350.0,391189.7317,550825.4883,463411.8739,350061.256,400507.8132,599657.0399,152500.5822,280825.9377,845892.7756,493831.1016,488040.8887,7.61435521244382E8,1.102883352283049E9,9.48509257026159E8,7.17032957206017E8,8.24458252126678E8,1.279403180493586E9,3.17648583840042E8,5.98811241300968E8,1.930037154480769E9,1.152094007668437E9,1.091022905103254E9,4044585,6360581,5226998,4730286,4757775,6138489,1584458,3001730,7409311,5596636,5684937,190729.8992,282877.29,240013.7173,172446.7326,196694.8334,300361.2151,73409.361,146142.3746,445819.396,240136.5065,232364.5906,3.71905575962306E8,5.66353976452963E8,4.91126376680953E8,3.53640487903065E8,4.04852828040824E8,6.41144458022528E8,1.52930062524787E8,3.11760540134007E8,1.017103594869559E9,5.60589683752158E8,5.19214878002058E8,-0.01649581892678172,0.02884724588302107,0.021841664241487608,0.007591418652498544,0.010502102857254338,0.009018480651259606,0.001883167162153146,0.039185940004579964,0.08018638387733536,-0.015121314763894113,-0.049193273467133286,1937.1,1992.98,2036.51,2051.97,2073.52,2092.22,2096.16,2178.3,2352.97,2317.39,2203.39,1916.14,1929.65,1991.0,2007.17,2017.59,2070.12,2061.6,2083.35,2164.73,2294.15,2153.21
2026-03-19T00:00:00,1937.11,1992.97,2036.5,2051.97,2073.51,2092.21,2096.16,2178.29,2352.97,2317.38,2203.39,2053.52,2088.19,2085.58,2095.0,2209.03,2106.09,2202.87,2386.02,2376.66,2350.0,2233.72,550825.4883,463411.8739,350061.256,400507.8132,599657.0399,152500.5822,280825.9377,845892.7756,493831.1016,488040.8887,490791.679,1.102883352283049E9,9.48509257026159E8,7.17032957206017E8,8.24458252126678E8,1.279403180493586E9,3.17648583840042E8,5.98811241300968E8,1.930037154480769E9,1.152094007668437E9,1.091022905103254E9,1.055407061657721E9,6360581,5226998,4730286,4757775,6138489,1584458,3001730,7409311,5596636,5684937,6142160,282877.29,240013.7173,172446.7326,196694.8334,300361.2151,73409.361,146142.3746,445819.396,240136.5065,232364.5906,235483.1788,5.66353976452963E8,4.91126376680953E8,3.53640487903065E8,4.04852828040824E8,6.41144458022528E8,1.52930062524787E8,3.11760540134007E8,1.017103594869559E9,5.60589683752158E8,5.19214878002058E8,5.06383264144461E8,0.02884724588302107,0.021841664241487608,0.007591418652498544,0.010502102857254338,0.009018480651259606,0.001883167162153146,0.039185940004579964,0.08018638387733536,-0.015121314763894113,-0.049193273467133286,-0.029763228479751623,1992.98,2036.51,2051.97,2073.52,2092.22,2096.16,2178.3,2352.97,2317.39,2203.39,2137.81,1929.65,1991.0,2007.17,2017.59,2070.12,2061.6,2083.35,2164.73,2294.15,2153.21,2099.38
2026-03-20T00:00:00,1992.97,2036.5,2051.97,2073.51,2092.21,2096.16,2178.29,2352.97,2317.38,2203.39,2137.82,2088.19,2085.58,2095.0,2209.03,2106.09,2202.87,2386.02,2376.66,2350.0,2233.72,2176.84,463411.8739,350061.256,400507.8132,599657.0399,152500.5822,280825.9377,845892.7756,493831.1016,488040.8887,490791.679,300156.1778,9.48509257026159E8,7.17032957206017E8,8.24458252126678E8,1.279403180493586E9,3.17648583840042E8,5.98811241300968E8,1.930037154480769E9,1.152094007668437E9,1.091022905103254E9,1.055407061657721E9,6.42995528130654E8,5226998,4730286,4757775,6138489,1584458,3001730,7409311,5596636,5684937,6142160,4595372,240013.7173,172446.7326,196694.8334,300361.2151,73409.361,146142.3746,445819.396,240136.5065,232364.5906,235483.1788,162200.144,4.91126376680953E8,3.53640487903065E8,4.04852828040824E8,6.41144458022528E8,1.52930062524787E8,3.11760540134007E8,1.017103594869559E9,5.60589683752158E8,5.19214878002058E8,5.06383264144461E8,3.4756218659691E8,0.021841664241487608,0.007591418652498544,0.010502102857254338,0.009018480651259606,0.001883167162153146,0.039185940004579964,0.08018638387733536,-0.015121314763894113,-0.049193273467133286,-0.029763228479751623,0.0039339323887529086,2036.51,2051.97,2073.52,2092.22,2096.16,2178.3,2352.97,2317.39,2203.39,2137.81,2146.22,1991.0,2007.17,2017.59,2070.12,2061.6,2083.35,2164.73,2294.15,2153.21,2099.38,2116.88
2026-03-21T00:00:00,2036.5,2051.97,2073.51,2092.21,2096.16,2178.29,2352.97,2317.38,2203.39,2137.82,2146.21,2085.58,2095.0,2209.03,2106.09,2202.87,2386.02,2376.66,2350.0,2233.72,2176.84,2168.27,350061.256,400507.8132,599657.0399,152500.5822,280825.9377,845892.7756,493831.1016,488040.8887,490791.679,300156.1778,132559.4646,7.17032957206017E8,8.24458252126678E8,1.279403180493586E9,3.17648583840042E8,5.98811241300968E8,1.930037154480769E9,1.152094007668437E9,1.091022905103254E9,1.055407061657721E9,6.42995528130654E8,2.83144610716903E8,4730286,4757775,6138489,1584458,3001730,7409311,5596636,5684937,6142160,4595372,1375463,172446.7326,196694.8334,300361.2151,73409.361,146142.3746,445819.396,240136.5065,232364.5906,235483.1788,162200.144,63249.5812,3.53640487903065E8,4.04852828040824E8,6.41144458022528E8,1.52930062524787E8,3.11760540134007E8,1.017103594869559E9,5.60589683752158E8,5.19214878002058E8,5.06383264144461E8,3.4756218659691E8,1.35224634234885E8,0.007591418652498544,0.010502102857254338,0.009018480651259606,0.001883167162153146,0.039185940004579964,0.08018638387733536,-0.015121314763894113,-0.049193273467133286,-0.029763228479751623,0.0039339323887529086,-0.028585140386353642,2051.97,2073.52,2092.22,2096.16,2178.3,2352.97,2317.39,2203.39,2137.81,2146.22,2084.87,2007.17,2017.59,2070.12,2061.6,2083.35,2164.73,2294.15,2153.21,2099.38,2116.88,2070.78
2026-03-22T00:00:00,2051.97,2073.51,2092.21,2096.16,2178.29,2352.97,2317.38,2203.39,2137.82,2146.21,2084.86,2095.0,2209.03,2106.09,2202.87,2386.02,2376.66,2350.0,2233.72,2176.84,2168.27,2127.21,400507.8132,599657.0399,152500.5822,280825.9377,845892.7756,493831.1016,488040.8887,490791.679,300156.1778,132559.4646,313070.5572,8.24458252126678E8,1.279403180493586E9,3.17648583840042E8,5.98811241300968E8,1.930037154480769E9,1.152094007668437E9,1.091022905103254E9,1.055407061657721E9,6.42995528130654E8,2.83144610716903E8,6.50684776658794E8,4757775,6138489,1584458,3001730,7409311,5596636,5684937,6142160,4595372,1375463,3577857,196694.8334,300361.2151,73409.361,146142.3746,445819.396,240136.5065,232364.5906,235483.1788,162200.144,63249.5812,154345.7056,4.04852828040824E8,6.41144458022528E8,1.52930062524787E8,3.11760540134007E8,1.017103594869559E9,5.60589683752158E8,5.19214878002058E8,5.06383264144461E8,3.4756218659691E8,1.35224634234885E8,3.20941884725678E8,0.010502102857254338,0.009018480651259606,0.001883167162153146,0.039185940004579964,0.08018638387733536,-0.015121314763894113,-0.049193273467133286,-0.029763228479751623,0.0039339323887529086,-0.028585140386353642,-0.014859439677294037,2073.52,2092.22,2096.16,2178.3,2352.97,2317.39,2203.39,2137.81,2146.22,2084.87,2053.89,2017.59,2070.12,2061.6,2083.35,2164.73,2294.15,2153.21,2099.38,2116.88,2070.78,2026.0
2026-03-23T00:00:00,2073.51,2092.21,2096.16,2178.29,2352.97,2317.38,2203.39,2137.82,2146.21,2084.86,2053.9,2209.03,2106.09,2202.87,2386.02,2376.66,2350.0,2233.72,2176.84,2168.27,2127.21,2198.57,599657.0399,152500.5822,280825.9377,845892.7756,493831.1016,488040.8887,490791.679,300156.1778,132559.4646,313070.5572,614508.4369,1.279403180493586E9,3.17648583840042E8,5.98811241300968E8,1.930037154480769E9,1.152094007668437E9,1.091022905103254E9,1.055407061657721E9,6.42995528130654E8,2.83144610716903E8,6.50684776658794E8,1.308899803016499E9,6138489,1584458,3001730,7409311,5596636,5684937,6142160,4595372,1375463,3577857,7349668,300361.2151,73409.361,146142.3746,445819.396,240136.5065,232364.5906,235483.1788,162200.144,63249.5812,154345.7056,310239.9864,6.41144458022528E8,1.52930062524787E8,3.11760540134007E8,1.017103594869559E9,5.60589683752158E8,5.19214878002058E8,5.06383264144461E8,3.4756218659691E8,1.35224634234885E8,3.20941884725678E8,6.60782033700741E8,0.009018480651259606,0.001883167162153146,0.039185940004579964,0.08018638387733536,-0.015121314763894113,-0.049193273467133286,-0.029763228479751623,0.0039339323887529086,-0.028585140386353642,-0.014859439677294037,0.04778250052339723,2092.22,2096.16,2178.3,2352.97,2317.39,2203.39,2137.81,2146.22,2084.87,2053.89,2152.03,2070.12,2061.6,2083.35,2164.73,2294.15,2153.21,2099.38,2116.88,2070.78,2026.0,2023.04
2026-03-24T00:00:00,2092.21,2096.16,2178.29,2352.97,2317.38,2203.39,2137.82,2146.21,2084.86,2053.9,2152.03,2106.09,2202.87,2386.02,2376.66,2350.0,2233.72,2176.84,2168.27,2127.21,2198.57,2175.16,152500.5822,280825.9377,845892.7756,493831.1016,488040.8887,490791.679,300156.1778,132559.4646,313070.5572,614508.4369,316703.4728,3.17648583840042E8,5.98811241300968E8,1.930037154480769E9,1.152094007668437E9,1.091022905103254E9,1.055407061657721E9,6.42995528130654E8,2.83144610716903E8,6.50684776658794E8,1.308899803016499E9,6.7810564681039E8,1584458,3001730,7409311,5596636,5684937,6142160,4595372,1375463,3577857,7349668,4633093,73409.361,146142.3746,445819.396,240136.5065,232364.5906,235483.1788,162200.144,63249.5812,154345.7056,310239.9864,152304.1675,1.52930062524787E8,3.11760540134007E8,1.017103594869559E9,5.60589683752158E8,5.19214878002058E8,5.06383264144461E8,3.4756218659691E8,1.35224634234885E8,3.20941884725678E8,6.60782033700741E8,3.26179427042751E8,0.001883167162153146,0.039185940004579964,0.08018638387733536,-0.015121314763894113,-0.049193273467133286,-0.029763228479751623,0.0039339323887529086,-0.028585140386353642,-0.014859439677294037,0.04778250052339723,0.0019516456554972829,2096.16,2178.3,2352.97,2317.39,2203.39,2137.81,2146.22,2084.87,2053.89,2152.03,2156.23,2061.6,2083.35,2164.73,2294.15,2153.21,2099.38,2116.88,2070.78,2026.0,2023.04,2103.02
2026-03-25T00:00:00,2096.16,2178.29,2352.97,2317.38,2203.39,2137.82,2146.21,2084.86,2053.9,2152.03,2156.22,2202.87,2386.02,2376.66,2350.0,2233.72,2176.84,2168.27,2127.21,2198.57,2175.16,2199.02,280825.9377,845892.7756,493831.1016,488040.8887,490791.679,300156.1778,132559.4646,313070.5572,614508.4369,316703.4728,275641.5255,5.98811241300968E8,1.930037154480769E9,1.152094007668437E9,1.091022905103254E9,1.055407061657721E9,6.42995528130654E8,2.83144610716903E8,6.50684776658794E8,1.308899803016499E9,6.7810564681039E8,5.99018681167746E8,3001730,7409311,5596636,5684937,6142160,4595372,1375463,3577857,7349668,4633093,3492121,146142.3746,445819.396,240136.5065,232364.5906,235483.1788,162200.144,63249.5812,154345.7056,310239.9864,152304.1675,139003.4847,3.11760540134007E8,1.017103594869559E9,5.60589683752158E8,5.19214878002058E8,5.06383264144461E8,3.4756218659691E8,1.35224634234885E8,3.20941884725678E8,6.60782033700741E8,3.26179427042751E8,3.02159076486272E8,0.039185940004579964,0.08018638387733536,-0.015121314763894113,-0.049193273467133286,-0.029763228479751623,0.0039339323887529086,-0.028585140386353642,-0.014859439677294037,0.04778250052339723,0.0019516456554972829,0.005931649221094208,2178.3,2352.97,2317.39,2203.39,2137.81,2146.22,2084.87,2053.89,2152.03,2156.23,2169.02,2083.35,2164.73,2294.15,2153.21,2099.38,2116.88,2070.78,2026.0,2023.04,2103.02,2146.35
2026-03-26T00:00:00,2178.29,2352.97,2317.38,2203.39,2137.82,2146.21,2084.86,2053.9,2152.03,2156.22,2169.02,2386.02,2376.66,2350.0,2233.72,2176.84,2168.27,2127.21,2198.57,2175.16,2199.02,2172.19,845892.7756,493831.1016,488040.8887,490791.679,300156.1778,132559.4646,313070.5572,614508.4369,316703.4728,275641.5255,338010.6238,1.930037154480769E9,1.152094007668437E9,1.091022905103254E9,1.055407061657721E9,6.42995528130654E8,2.83144610716903E8,6.50684776658794E8,1.308899803016499E9,6.7810564681039E8,5.99018681167746E8,7.05496760970934E8,7409311,5596636,5684937,6142160,4595372,1375463,3577857,7349668,4633093,3492121,3890747,445819.396,240136.5065,232364.5906,235483.1788,162200.144,63249.5812,154345.7056,310239.9864,152304.1675,139003.4847,171588.2134,1.017103594869559E9,5.60589683752158E8,5.19214878002058E8,5.06383264144461E8,3.4756218659691E8,1.35224634234885E8,3.20941884725678E8,6.60782033700741E8,3.26179427042751E8,3.02159076486272E8,3.57646756153379E8,0.08018638387733536,-0.015121314763894113,-0.049193273467133286,-0.029763228479751623,0.0039339323887529086,-0.028585140386353642,-0.014859439677294037,0.04778250052339723,0.0019516456554972829,0.005931649221094208,-0.050064084240809284,2352.97,2317.39,2203.39,2137.81,2146.22,2084.87,2053.89,2152.03,2156.23,2169.02,2060.43,2164.73,2294.15,2153.21,2099.38,2116.88,2070.78,2026.0,2023.04,2103.02,2146.35,2034.54
2026-03-27T00:00:00,2352.97,2317.38,2203.39,2137.82,2146.21,2084.86,2053.9,2152.03,2156.22,2169.02,2060.43,2376.66,2350.0,2233.72,2176.84,2168.27,2127.21,2198.57,2175.16,2199.02,2172.19,2077.19,493831.1016,488040.8887,490791.679,300156.1778,132559.4646,313070.5572,614508.4369,316703.4728,275641.5255,338010.6238,394873.5248,1.152094007668437E9,1.091022905103254E9,1.055407061657721E9,6.42995528130654E8,2.83144610716903E8,6.50684776658794E8,1.308899803016499E9,6.7810564681039E8,5.99018681167746E8,7.05496760970934E8,7.9410862900714E8,5596636,5684937,6142160,4595372,1375463,3577857,7349668,4633093,3492121,3890747,3909237,240136.5065,232364.5906,235483.1788,162200.144,63249.5812,154345.7056,310239.9864,152304.1675,139003.4847,171588.2134,206051.2798,5.60589683752158E8,5.19214878002058E8,5.06383264144461E8,3.4756218659691E8,1.35224634234885E8,3.20941884725678E8,6.60782033700741E8,3.26179427042751E8,3.02159076486272E8,3.57646756153379E8,4.14754558991471E8,-0.015121314763894113,-0.049193273467133286,-0.029763228479751623,0.0039339323887529086,-0.028585140386353642,-0.014859439677294037,0.04778250052339723,0.0019516456554972829,0.005931649221094208,-0.050064084240809284,-0.032847512412457515,2317.39,2203.39,2137.81,2146.22,2084.87,2053.89,2152.03,2156.23,2169.02,2060.43,1992.75,2294.15,2153.21,2099.38,2116.88,2070.78,2026.0,2023.04,2103.02,2146.35,2034.54,1970.93
2026-03-28T00:00:00,2317.38,2203.39,2137.82,2146.21,2084.86,2053.9,2152.03,2156.22,2169.02,2060.43,1992.76,2350.0,2233.72,2176.84,2168.27,2127.21,2198.57,2175.16,2199.02,2172.19,2077.19,2047.45,488040.8887,490791.679,300156.1778,132559.4646,313070.5572,614508.4369,316703.4728,275641.5255,338010.6238,394873.5248,154831.8055,1.091022905103254E9,1.055407061657721E9,6.42995528130654E8,2.83144610716903E8,6.50684776658794E8,1.308899803016499E9,6.7810564681039E8,5.99018681167746E8,7.05496760970934E8,7.9410862900714E8,3.11328052147329E8,5684937,6142160,4595372,1375463,3577857,7349668,4633093,3492121,3890747,3909237,1569810,232364.5906,235483.1788,162200.144,63249.5812,154345.7056,310239.9864,152304.1675,139003.4847,171588.2134,206051.2798,86378.919,5.19214878002058E8,5.06383264144461E8,3.4756218659691E8,1.35224634234885E8,3.20941884725678E8,6.60782033700741E8,3.26179427042751E8,3.02159076486272E8,3.57646756153379E8,4.14754558991471E8,1.7367314748441E8,-0.049193273467133286,-0.029763228479751623,0.0039339323887529086,-0.028585140386353642,-0.014859439677294037,0.04778250052339723,0.0019516456554972829,0.005931649221094208,-0.050064084240809284,-0.032847512412457515,9.986199974909092E-4,2203.39,2137.81,2146.22,2084.87,2053.89,2152.03,2156.23,2169.02,2060.43,1992.75,1994.74,2153.21,2099.38,2116.88,2070.78,2026.0,2023.04,2103.02,2146.35,2034.54,1970.93,1983.17
2026-03-29T00:00:00,2203.39,2137.82,2146.21,2084.86,2053.9,2152.03,2156.22,2169.02,2060.43,1992.76,1994.74,2233.72,2176.84,2168.27,2127.21,2198.57,2175.16,2199.02,2172.19,2077.19,2047.45,2019.65,490791.679,300156.1778,132559.4646,313070.5572,614508.4369,316703.4728,275641.5255,338010.6238,394873.5248,154831.8055,166726.7382,1.055407061657721E9,6.42995528130654E8,2.83144610716903E8,6.50684776658794E8,1.308899803016499E9,6.7810564681039E8,5.99018681167746E8,7.05496760970934E8,7.9410862900714E8,3.11328052147329E8,3.3124965402983E8,6142160,4595372,1375463,3577857,7349668,4633093,3492121,3890747,3909237,1569810,2049808,235483.1788,162200.144,63249.5812,154345.7056,310239.9864,152304.1675,139003.4847,171588.2134,206051.2798,86378.919,87697.2438,5.06383264144461E8,3.4756218659691E8,1.35224634234885E8,3.20941884725678E8,6.60782033700741E8,3.26179427042751E8,3.02159076486272E8,3.57646756153379E8,4.14754558991471E8,1.7367314748441E8,1.74245244856979E8,-0.029763228479751623,0.0039339323887529086,-0.028585140386353642,-0.014859439677294037,0.04778250052339723,0.0019516456554972829,0.005931649221094208,-0.050064084240809284,-0.032847512412457515,9.986199974909092E-4,-0.005063316522454009,2137.81,2146.22,2084.87,2053.89,2152.03,2156.23,2169.02,2060.43,1992.75,1994.74,1984.64,2099.38,2116.88,2070.78,2026.0,2023.04,2103.02,2146.35,2034.54,1970.93,1983.17,1938.82
2026-03-30T00:00:00,2137.82,2146.21,2084.86,2053.9,2152.03,2156.22,2169.02,2060.43,1992.76,1994.74,1984.65,2176.84,2168.27,2127.21,2198.57,2175.16,2199.02,2172.19,2077.19,2047.45,2019.65,2085.0,300156.1778,132559.4646,313070.5572,614508.4369,316703.4728,275641.5255,338010.6238,394873.5248,154831.8055,166726.7382,338304.4344,6.42995528130654E8,2.83144610716903E8,6.50684776658794E8,1.308899803016499E9,6.7810564681039E8,5.99018681167746E8,7.05496760970934E8,7.9410862900714E8,3.11328052147329E8,3.3124965402983E8,6.91966365082457E8,4595372,1375463,3577857,7349668,4633093,3492121,3890747,3909237,1569810,2049808,3886546,162200.144,63249.5812,154345.7056,310239.9864,152304.1675,139003.4847,171588.2134,206051.2798,86378.919,87697.2438,174062.2111,3.4756218659691E8,1.35224634234885E8,3.20941884725678E8,6.60782033700741E8,3.26179427042751E8,3.02159076486272E8,3.57646756153379E8,4.14754558991471E8,1.7367314748441E8,1.74245244856979E8,3.55924242290809E8,0.0039339323887529086,-0.028585140386353642,-0.014859439677294037,0.04778250052339723,0.0019516456554972829,0.005931649221094208,-0.050064084240809284,-0.032847512412457515,9.986199974909092E-4,-0.005063316522454009,0.02108190906159299,2146.22,2084.87,2053.89,2152.03,2156.23,2169.02,2060.43,1992.75,1994.74,1984.64,2026.48,2116.88,2070.78,2026.0,2023.04,2103.02,2146.35,2034.54,1970.93,1983.17,1938.82,1980.28
2026-03-31T00:00:00,2146.21,2084.86,2053.9,2152.03,2156.22,2169.02,2060.43,1992.76,1994.74,1984.65,2026.48,2168.27,2127.21,2198.57,2175.16,2199.02,2172.19,2077.19,2047.45,2019.65,2085.0,2124.03,132559.4646,313070.5572,614508.4369,316703.4728,275641.5255,338010.6238,394873.5248,154831.8055,166726.7382,338304.4344,421897.9023,2.83144610716903E8,6.50684776658794E8,1.308899803016499E9,6.7810564681039E8,5.99018681167746E8,7.05496760970934E8,7.9410862900714E8,3.11328052147329E8,3.3124965402983E8,6.91966365082457E8,8.74387220206194E8,1375463,3577857,7349668,4633093,3492121,3890747,3909237,1569810,2049808,3886546,5013796,63249.5812,154345.7056,310239.9864,152304.1675,139003.4847,171588.2134,206051.2798,86378.919,87697.2438,174062.2111,218379.1286,1.35224634234885E8,3.20941884725678E8,6.60782033700741E8,3.26179427042751E8,3.02159076486272E8,3.57646756153379E8,4.14754558991471E8,1.7367314748441E8,1.74245244856979E8,3.55924242290809E8,4.52866534126971E8,-0.028585140386353642,-0.014859439677294037,0.04778250052339723,0.0019516456554972829,0.005931649221094208,-0.050064084240809284,-0.032847512412457515,9.986199974909092E-4,-0.005063316522454009,0.02108190906159299,0.03895918045083091,2084.87,2053.89,2152.03,2156.23,2169.02,2060.43,1992.75,1994.74,1984.64,2026.48,2105.43,2070.78,2026.0,2023.04,2103.02,2146.35,2034.54,1970.93,1983.17,1938.82,1980.28,2012.64
2026-04-01T00:00:00,2084.86,2053.9,2152.03,2156.22,2169.02,2060.43,1992.76,1994.74,1984.65,2026.48,2105.43,2127.21,2198.57,2175.16,2199.02,2172.19,2077.19,2047.45,2019.65,2085.0,2124.03,2167.85,313070.5572,614508.4369,316703.4728,275641.5255,338010.6238,394873.5248,154831.8055,166726.7382,338304.4344,421897.9023,399227.3779,6.50684776658794E8,1.308899803016499E9,6.7810564681039E8,5.99018681167746E8,7.05496760970934E8,7.9410862900714E8,3.11328052147329E8,3.3124965402983E8,6.91966365082457E8,8.74387220206194E8,8.52017259878771E8,3577857,7349668,4633093,3492121,3890747,3909237,1569810,2049808,3886546,5013796,4211533,154345.7056,310239.9864,152304.1675,139003.4847,171588.2134,206051.2798,86378.919,87697.2438,174062.2111,218379.1286,203721.1114,3.20941884725678E8,6.60782033700741E8,3.26179427042751E8,3.02159076486272E8,3.57646756153379E8,4.14754558991471E8,1.7367314748441E8,1.74245244856979E8,3.55924242290809E8,4.52866534126971E8,4.34880842712559E8,-0.014859439677294037,0.04778250052339723,0.0019516456554972829,0.005931649221094208,-0.050064084240809284,-0.032847512412457515,9.986199974909092E-4,-0.005063316522454009,0.02108190906159299,0.03895918045083091,0.016585685584417472,2053.89,2152.03,2156.23,2169.02,2060.43,1992.75,1994.74,1984.64,2026.48,2105.43,2140.35,2026.0,2023.04,2103.02,2146.35,2034.54,1970.93,1983.17,1938.82,1980.28,2012.64,2082.08
2026-04-02T00:00:00,2053.9,2152.03,2156.22,2169.02,2060.43,1992.76,1994.74,1984.65,2026.48,2105.43,2140.35,2198.57,2175.16,2199.02,2172.19,2077.19,2047.45,2019.65,2085.0,2124.03,2167.85,2159.37,614508.4369,316703.4728,275641.5255,338010.6238,394873.5248,154831.8055,166726.7382,338304.4344,421897.9023,399227.3779,346872.8323,1.308899803016499E9,6.7810564681039E8,5.99018681167746E8,7.05496760970934E8,7.9410862900714E8,3.11328052147329E8,3.3124965402983E8,6.91966365082457E8,8.74387220206194E8,8.52017259878771E8,7.16548524665744E8,7349668,4633093,3492121,3890747,3909237,1569810,2049808,3886546,5013796,4211533,4462923,310239.9864,152304.1675,139003.4847,171588.2134,206051.2798,86378.919,87697.2438,174062.2111,218379.1286,203721.1114,161146.8702,6.60782033700741E8,3.26179427042751E8,3.02159076486272E8,3.57646756153379E8,4.14754558991471E8,1.7367314748441E8,1.74245244856979E8,3.55924242290809E8,4.52866534126971E8,4.34880842712559E8,3.32893735583132E8,0.04778250052339723,0.0019516456554972829,0.005931649221094208,-0.050064084240809284,-0.032847512412457515,9.986199974909092E-4,-0.005063316522454009,0.02108190906159299,0.03895918045083091,0.016585685584417472,-0.038862802812624025,2152.03,2156.23,2169.02,2060.43,1992.75,1994.74,1984.64,2026.48,2105.43,2140.35,2057.17,2023.04,2103.02,2146.35,2034.54,1970.93,1983.17,1938.82,1980.28,2012.64,2082.08,2017.04
2026-04-03T00:00:00,2152.03,2156.22,2169.02,2060.43,1992.76,1994.74,1984.65,2026.48,2105.43,2140.35,2057.18,2175.16,2199.02,2172.19,2077.19,2047.45,2019.65,2085.0,2124.03,2167.85,2159.37,2081.76,316703.4728,275641.5255,338010.6238,394873.5248,154831.8055,166726.7382,338304.4344,421897.9023,399227.3779,346872.8323,136266.6393,6.7810564681039E8,5.99018681167746E8,7.05496760970934E8,7.9410862900714E8,3.11328052147329E8,3.3124965402983E8,6.91966365082457E8,8.74387220206194E8,8.52017259878771E8,7.16548524665744E8,2.80140562112841E8,4633093,3492121,3890747,3909237,1569810,2049808,3886546,5013796,4211533,4462923,1741595,152304.1675,139003.4847,171588.2134,206051.2798,86378.919,87697.2438,174062.2111,218379.1286,203721.1114,161146.8702,64849.8016,3.26179427042751E8,3.02159076486272E8,3.57646756153379E8,4.14754558991471E8,1.7367314748441E8,1.74245244856979E8,3.55924242290809E8,4.52866534126971E8,4.34880842712559E8,3.32893735583132E8,1.3333903925233E8,0.0019516456554972829,0.005931649221094208,-0.050064084240809284,-0.032847512412457515,9.986199974909092E-4,-0.005063316522454009,0.02108190906159299,0.03895918045083091,0.016585685584417472,-0.038862802812624025,-0.001623589688747233,2156.23,2169.02,2060.43,1992.75,1994.74,1984.64,2026.48,2105.43,2140.35,2057.17,2053.83,2103.02,2146.35,2034.54,1970.93,1983.17,1938.82,1980.28,2012.64,2082.08,2017.04,2040.66
2026-04-04T00:00:00,2156.22,2169.02,2060.43,1992.76,1994.74,1984.65,2026.48,2105.43,2140.35,2057.18,2053.83,2199.02,2172.19,2077.19,2047.45,2019.65,2085.0,2124.03,2167.85,2159.37,2081.76,2084.0,275641.5255,338010.6238,394873.5248,154831.8055,166726.7382,338304.4344,421897.9023,399227.3779,346872.8323,136266.6393,86504.4406,5.99018681167746E8,7.05496760970934E8,7.9410862900714E8,3.11328052147329E8,3.3124965402983E8,6.91966365082457E8,8.74387220206194E8,8.52017259878771E8,7.16548524665744E8,2.80140562112841E8,1.78054333996784E8,3492121,3890747,3909237,1569810,2049808,3886546,5013796,4211533,4462923,1741595,1246022,139003.4847,171588.2134,206051.2798,86378.919,87697.2438,174062.2111,218379.1286,203721.1114,161146.8702,64849.8016,42789.6573,3.02159076486272E8,3.57646756153379E8,4.14754558991471E8,1.7367314748441E8,1.74245244856979E8,3.55924242290809E8,4.52866534126971E8,4.34880842712559E8,3.32893735583132E8,1.3333903925233E8,8.8100430809662E7,0.005931649221094208,-0.050064084240809284,-0.032847512412457515,9.986199974909092E-4,-0.005063316522454009,0.02108190906159299,0.03895918045083091,0.016585685584417472,-0.038862802812624025,-0.001623589688747233,0.005691805066631637,2169.02,2060.43,1992.75,1994.74,1984.64,2026.48,2105.43,2140.35,2057.17,2053.83,2065.52,2146.35,2034.54,1970.93,1983.17,1938.82,1980.28,2012.64,2082.08,2017.04,2040.66,2044.63
2026-04-05T00:00:00,2169.02,2060.43,1992.76,1994.74,1984.65,2026.48,2105.43,2140.35,2057.18,2053.83,2065.51,2172.19,2077.19,2047.45,2019.65,2085.0,2124.03,2167.85,2159.37,2081.76,2084.0,2123.49,338010.6238,394873.5248,154831.8055,166726.7382,338304.4344,421897.9023,399227.3779,346872.8323,136266.6393,86504.4406,157353.3199,7.05496760970934E8,7.9410862900714E8,3.11328052147329E8,3.3124965402983E8,6.91966365082457E8,8.74387220206194E8,8.52017259878771E8,7.16548524665744E8,2.80140562112841E8,1.78054333996784E8,3.24727424312346E8,3890747,3909237,1569810,2049808,3886546,5013796,4211533,4462923,1741595,1246022,2504865,171588.2134,206051.2798,86378.919,87697.2438,174062.2111,218379.1286,203721.1114,161146.8702,64849.8016,42789.6573,78363.4974,3.57646756153379E8,4.14754558991471E8,1.7367314748441E8,1.74245244856979E8,3.55924242290809E8,4.52866534126971E8,4.34880842712559E8,3.32893735583132E8,1.3333903925233E8,8.8100430809662E7,1.61754815545079E8,-0.050064084240809284,-0.032847512412457515,9.986199974909092E-4,-0.005063316522454009,0.02108190906159299,0.03895918045083091,0.016585685584417472,-0.038862802812624025,-0.001623589688747233,0.005691805066631637,0.021616832565165233,2060.43,1992.75,1994.74,1984.64,2026.48,2105.43,2140.35,2057.17,2053.83,2065.52,2110.17,2034.54,1970.93,1983.17,1938.82,1980.28,2012.64,2082.08,2017.04,2040.66,2044.63,2021.5
2026-04-06T00:00:00,2060.43,1992.76,1994.74,1984.65,2026.48,2105.43,2140.35,2057.18,2053.83,2065.51,2110.17,2077.19,2047.45,2019.65,2085.0,2124.03,2167.85,2159.37,2081.76,2084.0,2123.49,2174.79,394873.5248,154831.8055,166726.7382,338304.4344,421897.9023,399227.3779,346872.8323,136266.6393,86504.4406,157353.3199,356054.2894,7.9410862900714E8,3.11328052147329E8,3.3124965402983E8,6.91966365082457E8,8.74387220206194E8,8.52017259878771E8,7.16548524665744E8,2.80140562112841E8,1.78054333996784E8,3.24727424312346E8,7.61391237671373E8,3909237,1569810,2049808,3886546,5013796,4211533,4462923,1741595,1246022,2504865,5330366,206051.2798,86378.919,87697.2438,174062.2111,218379.1286,203721.1114,161146.8702,64849.8016,42789.6573,78363.4974,180414.5093,4.14754558991471E8,1.7367314748441E8,1.74245244856979E8,3.55924242290809E8,4.52866534126971E8,4.34880842712559E8,3.32893735583132E8,1.3333903925233E8,8.8100430809662E7,1.61754815545079E8,3.85813662231182E8,-0.032847512412457515,9.986199974909092E-4,-0.005063316522454009,0.02108190906159299,0.03895918045083091,0.016585685584417472,-0.038862802812624025,-0.001623589688747233,0.005691805066631637,0.021616832565165233,-0.0014264253590943945,1992.75,1994.74,1984.64,2026.48,2105.43,2140.35,2057.17,2053.83,2065.52,2110.17,2107.16,1970.93,1983.17,1938.82,1980.28,2012.64,2082.08,2017.04,2040.66,2044.63,2021.5,2087.5
2026-04-07T00:00:00,1992.76,1994.74,1984.65,2026.48,2105.43,2140.35,2057.18,2053.83,2065.51,2110.17,2107.16,2047.45,2019.65,2085.0,2124.03,2167.85,2159.37,2081.76,2084.0,2123.49,2174.79,2273.87,154831.8055,166726.7382,338304.4344,421897.9023,399227.3779,346872.8323,136266.6393,86504.4406,157353.3199,356054.2894,460094.8093,3.11328052147329E8,3.3124965402983E8,6.91966365082457E8,8.74387220206194E8,8.52017259878771E8,7.16548524665744E8,2.80140562112841E8,1.78054333996784E8,3.24727424312346E8,7.61391237671373E8,9.86211206778875E8,1569810,2049808,3886546,5013796,4211533,4462923,1741595,1246022,2504865,5330366,5189711,86378.919,87697.2438,174062.2111,218379.1286,203721.1114,161146.8702,64849.8016,42789.6573,78363.4974,180414.5093,239252.9777,1.7367314748441E8,1.74245244856979E8,3.55924242290809E8,4.52866534126971E8,4.34880842712559E8,3.32893735583132E8,1.3333903925233E8,8.8100430809662E7,1.61754815545079E8,3.85813662231182E8,5.13077515537625E8,9.986199974909092E-4,-0.005063316522454009,0.02108190906159299,0.03895918045083091,0.016585685584417472,-0.038862802812624025,-0.001623589688747233,0.005691805066631637,0.021616832565165233,-0.0014264253590943945,0.06304694470282293,1994.74,1984.64,2026.48,2105.43,2140.35,2057.17,2053.83,2065.52,2110.17,2107.16,2240.01,1983.17,1938.82,1980.28,2012.64,2082.08,2017.04,2040.66,2044.63,2021.5,2087.5,2060.24
2026-04-08T00:00:00,1994.74,1984.65,2026.48,2105.43,2140.35,2057.18,2053.83,2065.51,2110.17,2107.16,2240.01,2019.65,2085.0,2124.03,2167.85,2159.37,2081.76,2084.0,2123.49,2174.79,2273.87,2270.55,166726.7382,338304.4344,421897.9023,399227.3779,346872.8323,136266.6393,86504.4406,157353.3199,356054.2894,460094.8093,404717.6321,3.3124965402983E8,6.91966365082457E8,8.74387220206194E8,8.52017259878771E8,7.16548524665744E8,2.80140562112841E8,1.78054333996784E8,3.24727424312346E8,7.61391237671373E8,9.86211206778875E8,9.02920921749915E8,2049808,3886546,5013796,4211533,4462923,1741595,1246022,2504865,5330366,5189711,4339985,87697.2438,174062.2111,218379.1286,203721.1114,161146.8702,64849.8016,42789.6573,78363.4974,180414.5093,239252.9777,190983.3243,1.74245244856979E8,3.55924242290809E8,4.52866534126971E8,4.34880842712559E8,3.32893735583132E8,1.3333903925233E8,8.8100430809662E7,1.61754815545079E8,3.85813662231182E8,5.13077515537625E8,4.26109014229703E8,-0.005063316522454009,0.02108190906159299,0.03895918045083091,0.016585685584417472,-0.038862802812624025,-0.001623589688747233,0.005691805066631637,0.021616832565165233,-0.0014264253590943945,0.06304694470282293,-0.02232579318842336,1984.64,2026.48,2105.43,2140.35,2057.17,2053.83,2065.52,2110.17,2107.16,2240.01,2190.0,1938.82,1980.28,2012.64,2082.08,2017.04,2040.66,2044.63,2021.5,2087.5,2060.24,2179.78
2026-04-09T00:00:00,1984.65,2026.48,2105.43,2140.35,2057.18,2053.83,2065.51,2110.17,2107.16,2240.01,2190.0,2085.0,2124.03,2167.85,2159.37,2081.76,2084.0,2123.49,2174.79,2273.87,2270.55,2246.0,338304.4344,421897.9023,399227.3779,346872.8323,136266.6393,86504.4406,157353.3199,356054.2894,460094.8093,404717.6321,275317.9503,6.91966365082457E8,8.74387220206194E8,8.52017259878771E8,7.16548524665744E8,2.80140562112841E8,1.78054333996784E8,3.24727424312346E8,7.61391237671373E8,9.86211206778875E8,9.02920921749915E8,6.04408302665429E8,3886546,5013796,4211533,4462923,1741595,1246022,2504865,5330366,5189711,4339985,3756386,174062.2111,218379.1286,203721.1114,161146.8702,64849.8016,42789.6573,78363.4974,180414.5093,239252.9777,190983.3243,135540.5413,3.55924242290809E8,4.52866534126971E8,4.34880842712559E8,3.32893735583132E8,1.3333903925233E8,8.8100430809662E7,1.61754815545079E8,3.85813662231182E8,5.13077515537625E8,4.26109014229703E8,2.97732725565674E8,0.02108190906159299,0.03895918045083091,0.016585685584417472,-0.038862802812624025,-0.001623589688747233,0.005691805066631637,0.021616832565165233,-0.0014264253590943945,0.06304694470282293,-0.02232579318842336,9.132420091315895E-5,2026.48,2105.43,2140.35,2057.17,2053.83,2065.52,2110.17,2107.16,2240.01,2190.0,2190.2,1980.28,2012.64,2082.08,2017.04,2040.66,2044.63,2021.5,2087.5,2060.24,2179.78,2157.31
2026-04-10T00:00:00,2026.48,2105.43,2140.35,2057.18,2053.83,2065.51,2110.17,2107.16,2240.01,2190.0,2190.17,2124.03,2167.85,2159.37,2081.76,2084.0,2123.49,2174.79,2273.87,2270.55,2246.0,2257.99,421897.9023,399227.3779,346872.8323,136266.6393,86504.4406,157353.3199,356054.2894,460094.8093,404717.6321,275317.9503,272899.0858,8.74387220206194E8,8.52017259878771E8,7.16548524665744E8,2.80140562112841E8,1.78054333996784E8,3.24727424312346E8,7.61391237671373E8,9.86211206778875E8,9.02920921749915E8,6.04408302665429E8,6.05992300076126E8,5013796,4211533,4462923,1741595,1246022,2504865,5330366,5189711,4339985,3756386,2929213,218379.1286,203721.1114,161146.8702,64849.8016,42789.6573,78363.4974,180414.5093,239252.9777,190983.3243,135540.5413,132077.3122,4.52866534126971E8,4.34880842712559E8,3.32893735583132E8,1.3333903925233E8,8.8100430809662E7,1.61754815545079E8,3.85813662231182E8,5.13077515537625E8,4.26109014229703E8,2.97732725565674E8,2.93534507028314E8,0.03895918045083091,0.016585685584417472,-0.038862802812624025,-0.001623589688747233,0.005691805066631637,0.021616832565165233,-0.0014264253590943945,0.06304694470282293,-0.02232579318842336,9.132420091315895E-5,0.025043375034243615,2105.43,2140.35,2057.17,2053.83,2065.52,2110.17,2107.16,2240.01,2190.0,2190.2,2245.05,2012.64,2082.08,2017.04,2040.66,2044.63,2021.5,2087.5,2060.24,2179.78,2157.31,2176.1
2026-04-11T00:00:00,2105.43,2140.35,2057.18,2053.83,2065.51,2110.17,2107.16,2240.01,2190.0,2190.17,2245.06,2167.85,2159.37,2081.76,2084.0,2123.49,2174.79,2273.87,2270.55,2246.0,2257.99,2329.93,399227.3779,346872.8323,136266.6393,86504.4406,157353.3199,356054.2894,460094.8093,404717.6321,275317.9503,272899.0858,214785.4039,8.52017259878771E8,7.16548524665744E8,2.80140562112841E8,1.78054333996784E8,3.24727424312346E8,7.61391237671373E8,9.86211206778875E8,9.02920921749915E8,6.04408302665429E8,6.05992300076126E8,4.88370993146922E8,4211533,4462923,1741595,1246022,2504865,5330366,5189711,4339985,3756386,2929213,1929651,203721.1114,161146.8702,64849.8016,42789.6573,78363.4974,180414.5093,239252.9777,190983.3243,135540.5413,132077.3122,107238.9877,4.34880842712559E8,3.32893735583132E8,1.3333903925233E8,8.8100430809662E7,1.61754815545079E8,3.85813662231182E8,5.13077515537625E8,4.26109014229703E8,2.97732725565674E8,2.93534507028314E8,2.43918090904994E8,0.016585685584417472,-0.038862802812624025,-0.001623589688747233,0.005691805066631637,0.021616832565165233,-0.0014264253590943945,0.06304694470282293,-0.02232579318842336,9.132420091315895E-5,0.025043375034243615,0.017790249660363733,2140.35,2057.17,2053.83,2065.52,2110.17,2107.16,2240.01,2190.0,2190.2,2245.05,2284.99,2082.08,2017.04,2040.66,2044.63,2021.5,2087.5,2060.24,2179.78,2157.31,2176.1,2229.0
2026-04-12T00:00:00,2140.35,2057.18,2053.83,2065.51,2110.17,2107.16,2240.01,2190.0,2190.17,2245.06,2285.0,2159.37,2081.76,2084.0,2123.49,2174.79,2273.87,2270.55,2246.0,2257.99,2329.93,2288.57,346872.8323,136266.6393,86504.4406,157353.3199,356054.2894,460094.8093,404717.6321,275317.9503,272899.0858,214785.4039,258156.8821,7.16548524665744E8,2.80140562112841E8,1.78054333996784E8,3.24727424312346E8,7.61391237671373E8,9.86211206778875E8,9.02920921749915E8,6.04408302665429E8,6.05992300076126E8,4.88370993146922E8,5.71520838841888E8,4462923,1741595,1246022,2504865,5330366,5189711,4339985,3756386,2929213,1929651,2575808,161146.8702,64849.8016,42789.6573,78363.4974,180414.5093,239252.9777,190983.3243,135540.5413,132077.3122,107238.9877,125658.2437,3.32893735583132E8,1.3333903925233E8,8.8100430809662E7,1.61754815545079E8,3.85813662231182E8,5.13077515537625E8,4.26109014229703E8,2.97732725565674E8,2.93534507028314E8,2.43918090904994E8,2.78162577109033E8,-0.038862802812624025,-0.001623589688747233,0.005691805066631637,0.021616832565165233,-0.0014264253590943945,0.06304694470282293,-0.02232579318842336,9.132420091315895E-5,0.025043375034243615,0.017790249660363733,-0.040849194088376624,2057.17,2053.83,2065.52,2110.17,2107.16,2240.01,2190.0,2190.2,2245.05,2284.99,2191.65,2017.04,2040.66,2044.63,2021.5,2087.5,2060.24,2179.78,2157.31,2176.1,2229.0,2175.0
2026-04-13T00:00:00,2057.18,2053.83,2065.51,2110.17,2107.16,2240.01,2190.0,2190.17,2245.06,2285.0,2191.64,2081.76,2084.0,2123.49,2174.79,2273.87,2270.55,2246.0,2257.99,2329.93,2288.57,2394.71,136266.6393,86504.4406,157353.3199,356054.2894,460094.8093,404717.6321,275317.9503,272899.0858,214785.4039,258156.8821,453870.8292,2.80140562112841E8,1.78054333996784E8,3.24727424312346E8,7.61391237671373E8,9.86211206778875E8,9.02920921749915E8,6.04408302665429E8,6.05992300076126E8,4.88370993146922E8,5.71520838841888E8,1.029253015586254E9,1741595,1246022,2504865,5330366,5189711,4339985,3756386,2929213,1929651,2575808,4527557,64849.8016,42789.6573,78363.4974,180414.5093,239252.9777,190983.3243,135540.5413,132077.3122,107238.9877,125658.2437,234599.9045,1.3333903925233E8,8.8100430809662E7,1.61754815545079E8,3.85813662231182E8,5.13077515537625E8,4.26109014229703E8,2.97732725565674E8,2.93534507028314E8,2.43918090904994E8,2.78162577109033E8,5.31843331731738E8,-0.001623589688747233,0.005691805066631637,0.021616832565165233,-0.0014264253590943945,0.06304694470282293,-0.02232579318842336,9.132420091315895E-5,0.025043375034243615,0.017790249660363733,-0.040849194088376624,0.08113065498596944,2053.83,2065.52,2110.17,2107.16,2240.01,2190.0,2190.2,2245.05,2284.99,2191.65,2369.46,2040.66,2044.63,2021.5,2087.5,2060.24,2179.78,2157.31,2176.1,2229.0,2175.0,2175.68
2026-04-14T00:00:00,2053.83,2065.51,2110.17,2107.16,2240.01,2190.0,2190.17,2245.06,2285.0,2191.64,2369.46,2084.0,2123.49,2174.79,2273.87,2270.55,2246.0,2257.99,2329.93,2288.57,2394.71,2415.5,86504.4406,157353.3199,356054.2894,460094.8093,404717.6321,275317.9503,272899.0858,214785.4039,258156.8821,453870.8292,460107.3841,1.78054333996784E8,3.24727424312346E8,7.61391237671373E8,9.86211206778875E8,9.02920921749915E8,6.04408302665429E8,6.05992300076126E8,4.88370993146922E8,5.71520838841888E8,1.029253015586254E9,1.087699649074122E9,1246022,2504865,5330366,5189711,4339985,3756386,2929213,1929651,2575808,4527557,3689565,42789.6573,78363.4974,180414.5093,239252.9777,190983.3243,135540.5413,132077.3122,107238.9877,125658.2437,234599.9045,226148.4763,8.8100430809662E7,1.61754815545079E8,3.85813662231182E8,5.13077515537625E8,4.26109014229703E8,2.97732725565674E8,2.93534507028314E8,2.43918090904994E8,2.78162577109033E8,5.31843331731738E8,5.34958937284315E8,0.005691805066631637,0.021616832565165233,-0.0014264253590943945,0.06304694470282293,-0.02232579318842336,9.132420091315895E-5,0.025043375034243615,0.017790249660363733,-0.040849194088376624,0.08113065498596944,-0.019844183906881727,2065.52,2110.17,2107.16,2240.01,2190.0,2190.2,2245.05,2284.99,2191.65,2369.46,2322.44,2044.63,2021.5,2087.5,2060.24,2179.78,2157.31,2176.1,2229.0,2175.0,2175.68,2302.9
2026-04-15T00:00:00,2065.51,2110.17,2107.16,2240.01,2190.0,2190.17,2245.06,2285.0,2191.64,2369.46,2322.44,2123.49,2174.79,2273.87,2270.55,2246.0,2257.99,2329.93,2288.57,2394.71,2415.5,2385.61,157353.3199,356054.2894,460094.8093,404717.6321,275317.9503,272899.0858,214785.4039,258156.8821,453870.8292,460107.3841,268190.6377,3.24727424312346E8,7.61391237671373E8,9.86211206778875E8,9.02920921749915E8,6.04408302665429E8,6.05992300076126E8,4.88370993146922E8,5.71520838841888E8,1.029253015586254E9,1.087699649074122E9,6.27841344479089E8,2504865,5330366,5189711,4339985,3756386,2929213,1929651,2575808,4527557,3689565,3232871,78363.4974,180414.5093,239252.9777,190983.3243,135540.5413,132077.3122,107238.9877,125658.2437,234599.9045,226148.4763,126442.7153,1.61754815545079E8,3.85813662231182E8,5.13077515537625E8,4.26109014229703E8,2.97732725565674E8,2.93534507028314E8,2.43918090904994E8,2.78162577109033E8,5.31843331731738E8,5.34958937284315E8,2.95982409848983E8,0.021616832565165233,-0.0014264253590943945,0.06304694470282293,-0.02232579318842336,9.132420091315895E-5,0.025043375034243615,0.017790249660363733,-0.040849194088376624,0.08113065498596944,-0.019844183906881727,0.01615111692874725,2110.17,2107.16,2240.01,2190.0,2190.2,2245.05,2284.99,2191.65,2369.46,2322.44,2359.95,2021.5,2087.5,2060.24,2179.78,2157.31,2176.1,2229.0,2175.0,2175.68,2302.9,2308.5
2026-04-16T00:00:00,2110.17,2107.16,2240.01,2190.0,2190.17,2245.06,2285.0,2191.64,2369.46,2322.44,2359.94,2174.79,2273.87,2270.55,2246.0,2257.99,2329.93,2288.57,2394.71,2415.5,2385.61,2369.59,356054.2894,460094.8093,404717.6321,275317.9503,272899.0858,214785.4039,258156.8821,453870.8292,460107.3841,268190.6377,328960.9377,7.61391237671373E8,9.86211206778875E8,9.02920921749915E8,6.04408302665429E8,6.05992300076126E8,4.88370993146922E8,5.71520838841888E8,1.029253015586254E9,1.087699649074122E9,6.27841344479089E8,7.67882725893263E8,5330366,5189711,4339985,3756386,2929213,1929651,2575808,4527557,3689565,3232871,3793210,180414.5093,239252.9777,190983.3243,135540.5413,132077.3122,107238.9877,125658.2437,234599.9045,226148.4763,126442.7153,155922.2439,3.85813662231182E8,5.13077515537625E8,4.26109014229703E8,2.97732725565674E8,2.93534507028314E8,2.43918090904994E8,2.78162577109033E8,5.31843331731738E8,5.34958937284315E8,2.95982409848983E8,3.63994207031231E8,-0.0014264253590943945,0.06304694470282293,-0.02232579318842336,9.132420091315895E-5,0.025043375034243615,0.017790249660363733,-0.040849194088376624,0.08113065498596944,-0.019844183906881727,0.01615111692874725,-0.004991631178626559,2107.16,2240.01,2190.0,2190.2,2245.05,2284.99,2191.65,2369.46,2322.44,2359.95,2348.17,2087.5,2060.24,2179.78,2157.31,2176.1,2229.0,2175.0,2175.68,2302.9,2308.5,2285.1
2026-04-17T00:00:00,2107.16,2240.01,2190.0,2190.17,2245.06,2285.0,2191.64,2369.46,2322.44,2359.94,2348.16,2273.87,2270.55,2246.0,2257.99,2329.93,2288.57,2394.71,2415.5,2385.61,2369.59,2464.91,460094.8093,404717.6321,275317.9503,272899.0858,214785.4039,258156.8821,453870.8292,460107.3841,268190.6377,328960.9377,491731.3615,9.86211206778875E8,9.02920921749915E8,6.04408302665429E8,6.05992300076126E8,4.88370993146922E8,5.71520838841888E8,1.029253015586254E9,1.087699649074122E9,6.27841344479089E8,7.67882725893263E8,1.182467392606106E9,5189711,4339985,3756386,2929213,1929651,2575808,4527557,3689565,3232871,3793210,4541654,239252.9777,190983.3243,135540.5413,132077.3122,107238.9877,125658.2437,234599.9045,226148.4763,126442.7153,155922.2439,252564.9694,5.13077515537625E8,4.26109014229703E8,2.97732725565674E8,2.93534507028314E8,2.43918090904994E8,2.78162577109033E8,5.31843331731738E8,5.34958937284315E8,2.95982409848983E8,3.63994207031231E8,6.07785958798977E8,0.06304694470282293,-0.02232579318842336,9.132420091315895E-5,0.025043375034243615,0.017790249660363733,-0.040849194088376624,0.08113065498596944,-0.019844183906881727,0.01615111692874725,-0.004991631178626559,0.03016391487839463,2240.01,2190.0,2190.2,2245.05,2284.99,2191.65,2369.46,2322.44,2359.95,2348.17,2419.0,2060.24,2179.78,2157.31,2176.1,2229.0,2175.0,2175.68,2302.9,2308.5,2285.1,2317.43
2026-04-18T00:00:00,2240.01,2190.0,2190.17,2245.06,2285.0,2191.64,2369.46,2322.44,2359.94,2348.16,2419.0,2270.55,2246.0,2257.99,2329.93,2288.57,2394.71,2415.5,2385.61,2369.59,2464.91,2427.64,404717.6321,275317.9503,272899.0858,214785.4039,258156.8821,453870.8292,460107.3841,268190.6377,328960.9377,491731.3615,221741.3888,9.02920921749915E8,6.04408302665429E8,6.05992300076126E8,4.88370993146922E8,5.71520838841888E8,1.029253015586254E9,1.087699649074122E9,6.27841344479089E8,7.67882725893263E8,1.182467392606106E9,5.26019366775183E8,4339985,3756386,2929213,1929651,2575808,4527557,3689565,3232871,3793210,4541654,2045925,190983.3243,135540.5413,132077.3122,107238.9877,125658.2437,234599.9045,226148.4763,126442.7153,155922.2439,252564.9694,98727.0694,4.26109014229703E8,2.97732725565674E8,2.93534507028314E8,2.43918090904994E8,2.78162577109033E8,5.31843331731738E8,5.34958937284315E8,2.95982409848983E8,3.63994207031231E8,6.07785958798977E8,2.34161468610884E8,-0.02232579318842336,9.132420091315895E-5,0.025043375034243615,0.017790249660363733,-0.040849194088376624,0.08113065498596944,-0.019844183906881727,0.01615111692874725,-0.004991631178626559,0.03016391487839463,-0.02839189747829675,2190.0,2190.2,2245.05,2284.99,2191.65,2369.46,2322.44,2359.95,2348.17,2419.0,2350.32,2179.78,2157.31,2176.1,2229.0,2175.0,2175.68,2302.9,2308.5,2285.1,2317.43,2339.92
2026-04-19T00:00:00,2190.0,2190.17,2245.06,2285.0,2191.64,2369.46,2322.44,2359.94,2348.16,2419.0,2350.33,2246.0,2257.99,2329.93,2288.57,2394.71,2415.5,2385.61,2369.59,2464.91,2427.64,2355.3,275317.9503,272899.0858,214785.4039,258156.8821,453870.8292,460107.3841,268190.6377,328960.9377,491731.3615,221741.3888,256086.8276,6.04408302665429E8,6.05992300076126E8,4.88370993146922E8,5.71520838841888E8,1.029253015586254E9,1.087699649074122E9,6.27841344479089E8,7.67882725893263E8,1.182467392606106E9,5.26019366775183E8,5.9110851309305E8,3756386,2929213,1929651,2575808,4527557,3689565,3232871,3793210,4541654,2045925,2728260,135540.5413,132077.3122,107238.9877,125658.2437,234599.9045,226148.4763,126442.7153,155922.2439,252564.9694,98727.0694,119800.9019,2.97732725565674E8,2.93534507028314E8,2.43918090904994E8,2.78162577109033E8,5.31843331731738E8,5.34958937284315E8,2.95982409848983E8,3.63994207031231E8,6.07785958798977E8,2.34161468610884E8,2.76635006888945E8,9.132420091315895E-5,0.025043375034243615,0.017790249660363733,-0.040849194088376624,0.08113065498596944,-0.019844183906881727,0.01615111692874725,-0.004991631178626559,0.03016391487839463,-0.02839189747829675,-0.03703750978590157,2190.2,2245.05,2284.99,2191.65,2369.46,2322.44,2359.95,2348.17,2419.0,2350.32,2263.27,2157.31,2176.1,2229.0,2175.0,2175.68,2302.9,2308.5,2285.1,2317.43,2339.92,2252.72
2026-04-20T00:00:00,2190.17,2245.06,2285.0,2191.64,2369.46,2322.44,2359.94,2348.16,2419.0,2350.33,2263.28,2257.99,2329.93,2288.57,2394.71,2415.5,2385.61,2369.59,2464.91,2427.64,2355.3,2346.78,272899.0858,214785.4039,258156.8821,453870.8292,460107.3841,268190.6377,328960.9377,491731.3615,221741.3888,256086.8276,301000.0659,6.05992300076126E8,4.88370993146922E8,5.71520838841888E8,1.029253015586254E9,1.087699649074122E9,6.27841344479089E8,7.67882725893263E8,1.182467392606106E9,5.26019366775183E8,5.9110851309305E8,6.94052197978693E8,2929213,1929651,2575808,4527557,3689565,3232871,3793210,4541654,2045925,2728260,3751621,132077.3122,107238.9877,125658.2437,234599.9045,226148.4763,126442.7153,155922.2439,252564.9694,98727.0694,119800.9019,149027.6285,2.93534507028314E8,2.43918090904994E8,2.78162577109033E8,5.31843331731738E8,5.34958937284315E8,2.95982409848983E8,3.63994207031231E8,6.07785958798977E8,2.34161468610884E8,2.76635006888945E8,3.43672032590961E8,0.025043375034243615,0.017790249660363733,-0.040849194088376624,0.08113065498596944,-0.019844183906881727,0.01615111692874725,-0.004991631178626559,0.03016391487839463,-0.02839189747829675,-0.03703750978590157,0.022348195310325294,2245.05,2284.99,2191.65,2369.46,2322.44,2359.95,2348.17,2419.0,2350.32,2263.27,2313.85,2176.1,2229.0,2175.0,2175.68,2302.9,2308.5,2285.1,2317.43,2339.92,2252.72,2259.67
2026-04-21T00:00:00,2245.06,2285.0,2191.64,2369.46,2322.44,2359.94,2348.16,2419.0,2350.33,2263.28,2313.84,2329.93,2288.57,2394.71,2415.5,2385.61,2369.59,2464.91,2427.64,2355.3,2346.78,2338.75,214785.4039,258156.8821,453870.8292,460107.3841,268190.6377,328960.9377,491731.3615,221741.3888,256086.8276,301000.0659,226645.977,4.88370993146922E8,5.71520838841888E8,1.029253015586254E9,1.087699649074122E9,6.27841344479089E8,7.67882725893263E8,1.182467392606106E9,5.26019366775183E8,5.9110851309305E8,6.94052197978693E8,5.2418694963958E8,1929651,2575808,4527557,3689565,3232871,3793210,4541654,2045925,2728260,3751621,3398934,107238.9877,125658.2437,234599.9045,226148.4763,126442.7153,155922.2439,252564.9694,98727.0694,119800.9019,149027.6285,108621.4578,2.43918090904994E8,2.78162577109033E8,5.31843331731738E8,5.34958937284315E8,2.95982409848983E8,3.63994207031231E8,6.07785958798977E8,2.34161468610884E8,2.76635006888945E8,3.43672032590961E8,2.51286503845979E8,0.017790249660363733,-0.040849194088376624,0.08113065498596944,-0.019844183906881727,0.01615111692874725,-0.004991631178626559,0.03016391487839463,-0.02839189747829675,-0.03703750978590157,0.022348195310325294,0.005743673963307891,2284.99,2191.65,2369.46,2322.44,2359.95,2348.17,2419.0,2350.32,2263.27,2313.85,2327.14,2229.0,2175.0,2175.68,2302.9,2308.5,2285.1,2317.43,2339.92,2252.72,2259.67,2284.19
2026-04-22T00:00:00,2285.0,2191.64,2369.46,2322.44,2359.94,2348.16,2419.0,2350.33,2263.28,2313.84,2327.15,2288.57,2394.71,2415.5,2385.61,2369.59,2464.91,2427.64,2355.3,2346.78,2338.75,2423.75,258156.8821,453870.8292,460107.3841,268190.6377,328960.9377,491731.3615,221741.3888,256086.8276,301000.0659,226645.977,379707.1259,5.71520838841888E8,1.029253015586254E9,1.087699649074122E9,6.27841344479089E8,7.67882725893263E8,1.182467392606106E9,5.26019366775183E8,5.9110851309305E8,6.94052197978693E8,5.2418694963958E8,9.06985929200687E8,2575808,4527557,3689565,3232871,3793210,4541654,2045925,2728260,3751621,3398934,4230243,125658.2437,234599.9045,226148.4763,126442.7153,155922.2439,252564.9694,98727.0694,119800.9019,149027.6285,108621.4578,191758.2678,2.78162577109033E8,5.31843331731738E8,5.34958937284315E8,2.95982409848983E8,3.63994207031231E8,6.07785958798977E8,2.34161468610884E8,2.76635006888945E8,3.43672032590961E8,2.51286503845979E8,4.5799692349354E8,-0.040849194088376624,0.08113065498596944,-0.019844183906881727,0.01615111692874725,-0.004991631178626559,0.03016391487839463,-0.02839189747829675,-0.03703750978590157,0.022348195310325294,0.005743673963307891,0.02016638448911552,2191.65,2369.46,2322.44,2359.95,2348.17,2419.0,2350.32,2263.27,2313.85,2327.14,2374.07,2175.0,2175.68,2302.9,2308.5,2285.1,2317.43,2339.92,2252.72,2259.67,2284.19,2312.95
2026-04-23T00:00:00,2191.64,2369.46,2322.44,2359.94,2348.16,2419.0,2350.33,2263.28,2313.84,2327.15,2374.08,2394.71,2415.5,2385.61,2369.59,2464.91,2427.64,2355.3,2346.78,2338.75,2423.75,2382.0,453870.8292,460107.3841,268190.6377,328960.9377,491731.3615,221741.3888,256086.8276,301000.0659,226645.977,379707.1259,356645.6923,1.029253015586254E9,1.087699649074122E9,6.27841344479089E8,7.67882725893263E8,1.182467392606106E9,5.26019366775183E8,5.9110851309305E8,6.94052197978693E8,5.2418694963958E8,9.06985929200687E8,8.31612346681225E8,4527557,3689565,3232871,3793210,4541654,2045925,2728260,3751621,3398934,4230243,4079579,234599.9045,226148.4763,126442.7153,155922.2439,252564.9694,98727.0694,119800.9019,149027.6285,108621.4578,191758.2678,169637.8993,5.31843331731738E8,5.34958937284315E8,2.95982409848983E8,3.63994207031231E8,6.07785958798977E8,2.34161468610884E8,2.76635006888945E8,3.43672032590961E8,2.51286503845979E8,4.5799692349354E8,3.95788711633604E8,0.08113065498596944,-0.019844183906881727,0.01615111692874725,-0.004991631178626559,0.03016391487839463,-0.02839189747829675,-0.03703750978590157,0.022348195310325294,0.005743673963307891,0.02016638448911552,-0.018453541807950037,2369.46,2322.44,2359.95,2348.17,2419.0,2350.32,2263.27,2313.85,2327.14,2374.07,2330.26,2175.68,2302.9,2308.5,2285.1,2317.43,2339.92,2252.72,2259.67,2284.19,2312.95,2285.42
2026-04-24T00:00:00,2369.46,2322.44,2359.94,2348.16,2419.0,2350.33,2263.28,2313.84,2327.15,2374.08,2330.27,2415.5,2385.61,2369.59,2464.91,2427.64,2355.3,2346.78,2338.75,2423.75,2382.0,2337.5,460107.3841,268190.6377,328960.9377,491731.3615,221741.3888,256086.8276,301000.0659,226645.977,379707.1259,356645.6923,183887.6181,1.087699649074122E9,6.27841344479089E8,7.67882725893263E8,1.182467392606106E9,5.26019366775183E8,5.9110851309305E8,6.94052197978693E8,5.2418694963958E8,9.06985929200687E8,8.31612346681225E8,4.26084826217819E8,3689565,3232871,3793210,4541654,2045925,2728260,3751621,3398934,4230243,4079579,2413824,226148.4763,126442.7153,155922.2439,252564.9694,98727.0694,119800.9019,149027.6285,108621.4578,191758.2678,169637.8993,88184.8381,5.34958937284315E8,2.95982409848983E8,3.63994207031231E8,6.07785958798977E8,2.34161468610884E8,2.76635006888945E8,3.43672032590961E8,2.51286503845979E8,4.5799692349354E8,3.95788711633604E8,2.04323992883765E8,-0.019844183906881727,0.01615111692874725,-0.004991631178626559,0.03016391487839463,-0.02839189747829675,-0.03703750978590157,0.022348195310325294,0.005743673963307891,0.02016638448911552,-0.018453541807950037,-0.006552916841897657,2322.44,2359.95,2348.17,2419.0,2350.32,2263.27,2313.85,2327.14,2374.07,2330.26,2314.99,2302.9,2308.5,2285.1,2317.43,2339.92,2252.72,2259.67,2284.19,2312.95,2285.42,2300.22
2026-04-25T00:00:00,2322.44,2359.94,2348.16,2419.0,2350.33,2263.28,2313.84,2327.15,2374.08,2330.27,2314.98,2385.61,2369.59,2464.91,2427.64,2355.3,2346.78,2338.75,2423.75,2382.0,2337.5,2323.21,268190.6377,328960.9377,491731.3615,221741.3888,256086.8276,301000.0659,226645.977,379707.1259,356645.6923,183887.6181,68139.2191,6.27841344479089E8,7.67882725893263E8,1.182467392606106E9,5.26019366775183E8,5.9110851309305E8,6.94052197978693E8,5.2418694963958E8,9.06985929200687E8,8.31612346681225E8,4.26084826217819E8,1.57673587538543E8,3232871,3793210,4541654,2045925,2728260,3751621,3398934,4230243,4079579,2413824,658757,126442.7153,155922.2439,252564.9694,98727.0694,119800.9019,149027.6285,108621.4578,191758.2678,169637.8993,88184.8381,33589.8529,2.95982409848983E8,3.63994207031231E8,6.07785958798977E8,2.34161468610884E8,2.76635006888945E8,3.43672032590961E8,2.51286503845979E8,4.5799692349354E8,3.95788711633604E8,2.04323992883765E8,7.7727130994055E7,0.01615111692874725,-0.004991631178626559,0.03016391487839463,-0.02839189747829675,-0.03703750978590157,0.022348195310325294,0.005743673963307891,0.02016638448911552,-0.018453541807950037,-0.006552916841897657,0.0019481725623005795,2359.95,2348.17,2419.0,2350.32,2263.27,2313.85,2327.14,2374.07,2330.26,2314.99,2319.5,2308.5,2285.1,2317.43,2339.92,2252.72,2259.67,2284.19,2312.95,2285.42,2300.22,2300.55
2026-04-26T00:00:00,2359.94,2348.16,2419.0,2350.33,2263.28,2313.84,2327.15,2374.08,2330.27,2314.98,2319.49,2369.59,2464.91,2427.64,2355.3,2346.78,2338.75,2423.75,2382.0,2337.5,2323.21,2380.0,328960.9377,491731.3615,221741.3888,256086.8276,301000.0659,226645.977,379707.1259,356645.6923,183887.6181,68139.2191,154591.6219,7.67882725893263E8,1.182467392606106E9,5.26019366775183E8,5.9110851309305E8,6.94052197978693E8,5.2418694963958E8,9.06985929200687E8,8.31612346681225E8,4.26084826217819E8,1.57673587538543E8,3.63039217940693E8,3793210,4541654,2045925,2728260,3751621,3398934,4230243,4079579,2413824,658757,1508570,155922.2439,252564.9694,98727.0694,119800.9019,149027.6285,108621.4578,191758.2678,169637.8993,88184.8381,33589.8529,76876.1717,3.63994207031231E8,6.07785958798977E8,2.34161468610884E8,2.76635006888945E8,3.43672032590961E8,2.51286503845979E8,4.5799692349354E8,3.95788711633604E8,2.04323992883765E8,7.7727130994055E7,1.80579327354915E8,-0.004991631178626559,0.03016391487839463,-0.02839189747829675,-0.03703750978590157,0.022348195310325294,0.005743673963307891,0.02016638448911552,-0.018453541807950037,-0.006552916841897657,0.0019481725623005795,0.021530502263418863,2348.17,2419.0,2350.32,2263.27,2313.85,2327.14,2374.07,2330.26,2314.99,2319.5,2369.44,2285.1,2317.43,2339.92,2252.72,2259.67,2284.19,2312.95,2285.42,2300.22,2300.55,2306.72
2026-04-27T00:00:00,2348.16,2419.0,2350.33,2263.28,2313.84,2327.15,2374.08,2330.27,2314.98,2319.49,2369.45,2464.91,2427.64,2355.3,2346.78,2338.75,2423.75,2382.0,2337.5,2323.21,2380.0,2404.37,491731.3615,221741.3888,256086.8276,301000.0659,226645.977,379707.1259,356645.6923,183887.6181,68139.2191,154591.6219,300363.8586,1.182467392606106E9,5.26019366775183E8,5.9110851309305E8,6.94052197978693E8,5.2418694963958E8,9.06985929200687E8,8.31612346681225E8,4.26084826217819E8,1.57673587538543E8,3.63039217940693E8,6.97653543100754E8,4541654,2045925,2728260,3751621,3398934,4230243,4079579,2413824,658757,1508570,3192282,252564.9694,98727.0694,119800.9019,149027.6285,108621.4578,191758.2678,169637.8993,88184.8381,33589.8529,76876.1717,143798.2975,6.07785958798977E8,2.34161468610884E8,2.76635006888945E8,3.43672032590961E8,2.51286503845979E8,4.5799692349354E8,3.95788711633604E8,2.04323992883765E8,7.7727130994055E7,1.80579327354915E8,3.34290742028397E8,0.03016391487839463,-0.02839189747829675,-0.03703750978590157,0.022348195310325294,0.005743673963307891,0.02016638448911552,-0.018453541807950037,-0.006552916841897657,0.0019481725623005795,0.021530502263418863,-0.027757613613343227,2419.0,2350.32,2263.27,2313.85,2327.14,2374.07,2330.26,2314.99,2319.5,2369.44,2303.67,2317.43,2339.92,2252.72,2259.67,2284.19,2312.95,2285.42,2300.22,2300.55,2306.72,2266.09
2026-04-28T00:00:00,2419.0,2350.33,2263.28,2313.84,2327.15,2374.08,2330.27,2314.98,2319.49,2369.45,2303.66,2427.64,2355.3,2346.78,2338.75,2423.75,2382.0,2337.5,2323.21,2380.0,2404.37,2310.88,221741.3888,256086.8276,301000.0659,226645.977,379707.1259,356645.6923,183887.6181,68139.2191,154591.6219,300363.8586,187932.2201,5.26019366775183E8,5.9110851309305E8,6.94052197978693E8,5.2418694963958E8,9.06985929200687E8,8.31612346681225E8,4.26084826217819E8,1.57673587538543E8,3.63039217940693E8,6.97653543100754E8,4.29094630508975E8,2045925,2728260,3751621,3398934,4230243,4079579,2413824,658757,1508570,3192282,2346992,98727.0694,119800.9019,149027.6285,108621.4578,191758.2678,169637.8993,88184.8381,33589.8529,76876.1717,143798.2975,94578.0797,2.34161468610884E8,2.76635006888945E8,3.43672032590961E8,2.51286503845979E8,4.5799692349354E8,3.95788711633604E8,2.04323992883765E8,7.7727130994055E7,1.80579327354915E8,3.34290742028397E8,2.15948355744806E8,-0.02839189747829675,-0.03703750978590157,0.022348195310325294,0.005743673963307891,0.02016638448911552,-0.018453541807950037,-0.006552916841897657,0.0019481725623005795,0.021530502263418863,-0.027757613613343227,-0.006185781817708265,2350.32,2263.27,2313.85,2327.14,2374.07,2330.26,2314.99,2319.5,2369.44,2303.67,2289.42,2339.92,2252.72,2259.67,2284.19,2312.95,2285.42,2300.22,2300.55,2306.72,2266.09,2258.24
2026-04-29T00:00:00,2350.33,2263.28,2313.84,2327.15,2374.08,2330.27,2314.98,2319.49,2369.45,2303.66,2289.42,2355.3,2346.78,2338.75,2423.75,2382.0,2337.5,2323.21,2380.0,2404.37,2310.88,2346.95,256086.8276,301000.0659,226645.977,379707.1259,356645.6923,183887.6181,68139.2191,154591.6219,300363.8586,187932.2201,355078.1015,5.9110851309305E8,6.94052197978693E8,5.2418694963958E8,9.06985929200687E8,8.31612346681225E8,4.26084826217819E8,1.57673587538543E8,3.63039217940693E8,6.97653543100754E8,4.29094630508975E8,8.11555243527633E8,2728260,3751621,3398934,4230243,4079579,2413824,658757,1508570,3192282,2346992,3588292,119800.9019,149027.6285,108621.4578,191758.2678,169637.8993,88184.8381,33589.8529,76876.1717,143798.2975,94578.0797,178999.8027,2.76635006888945E8,3.43672032590961E8,2.51286503845979E8,4.5799692349354E8,3.95788711633604E8,2.04323992883765E8,7.7727130994055E7,1.80579327354915E8,3.34290742028397E8,2.15948355744806E8,4.09301744342773E8,-0.03703750978590157,0.022348195310325294,0.005743673963307891,0.02016638448911552,-0.018453541807950037,-0.006552916841897657,0.0019481725623005795,0.021530502263418863,-0.027757613613343227,-0.006185781817708265,-0.015951638406233884,2263.27,2313.85,2327.14,2374.07,2330.26,2314.99,2319.5,2369.44,2303.67,2289.42,2252.9,2252.72,2259.67,2284.19,2312.95,2285.42,2300.22,2300.55,2306.72,2266.09,2258.24,2220.36
2026-04-30T00:00:00,2263.28,2313.84,2327.15,2374.08,2330.27,2314.98,2319.49,2369.45,2303.66,2289.42,2252.9,2346.78,2338.75,2423.75,2382.0,2337.5,2323.21,2380.0,2404.37,2310.88,2346.95,2279.0,301000.0659,226645.977,379707.1259,356645.6923,183887.6181,68139.2191,154591.6219,300363.8586,187932.2201,355078.1015,167194.2776,6.94052197978693E8,5.2418694963958E8,9.06985929200687E8,8.31612346681225E8,4.26084826217819E8,1.57673587538543E8,3.63039217940693E8,6.97653543100754E8,4.29094630508975E8,8.11555243527633E8,3.77557889671635E8,3751621,3398934,4230243,4079579,2413824,658757,1508570,3192282,2346992,3588292,2649837,149027.6285,108621.4578,191758.2678,169637.8993,88184.8381,33589.8529,76876.1717,143798.2975,94578.0797,178999.8027,83993.1124,3.43672032590961E8,2.51286503845979E8,4.5799692349354E8,3.95788711633604E8,2.04323992883765E8,7.7727130994055E7,1.80579327354915E8,3.34290742028397E8,2.15948355744806E8,4.09301744342773E8,1.89738754617926E8,0.022348195310325294,0.005743673963307891,0.02016638448911552,-0.018453541807950037,-0.006552916841897657,0.0019481725623005795,0.021530502263418863,-0.027757613613343227,-0.006185781817708265,-0.015951638406233884,0.0020462514980692115,2313.85,2327.14,2374.07,2330.26,2314.99,2319.5,2369.44,2303.67,2289.42,2252.9,2257.51,2259.67,2284.19,2312.95,2285.42,2300.22,2300.55,2306.72,2266.09,2258.24,2220.36,2231.64
2026-05-01T00:00:00,2313.84,2327.15,2374.08,2330.27,2314.98,2319.49,2369.45,2303.66,2289.42,2252.9,2257.51,2338.75,2423.75,2382.0,2337.5,2323.21,2380.0,2404.37,2310.88,2346.95,2279.0,2325.28,226645.977,379707.1259,356645.6923,183887.6181,68139.2191,154591.6219,300363.8586,187932.2201,355078.1015,167194.2776,191082.555,5.2418694963958E8,9.06985929200687E8,8.31612346681225E8,4.26084826217819E8,1.57673587538543E8,3.63039217940693E8,6.97653543100754E8,4.29094630508975E8,8.11555243527633E8,3.77557889671635E8,4.38751255827916E8,3398934,4230243,4079579,2413824,658757,1508570,3192282,2346992,3588292,2649837,1805481,108621.4578,191758.2678,169637.8993,88184.8381,33589.8529,76876.1717,143798.2975,94578.0797,178999.8027,83993.1124,89533.7329,2.51286503845979E8,4.5799692349354E8,3.95788711633604E8,2.04323992883765E8,7.7727130994055E7,1.80579327354915E8,3.34290742028397E8,2.15948355744806E8,4.09301744342773E8,1.89738754617926E8,2.05580455528971E8,0.005743673963307891,0.02016638448911552,-0.018453541807950037,-0.006552916841897657,0.0019481725623005795,0.021530502263418863,-0.027757613613343227,-0.006185781817708265,-0.015951638406233884,0.0020462514980692115,0.016885860970715472,2327.14,2374.07,2330.26,2314.99,2319.5,2369.44,2303.67,2289.42,2252.9,2257.51,2295.63,2284.19,2312.95,2285.42,2300.22,2300.55,2306.72,2266.09,2258.24,2220.36,2231.64,2257.21
2026-05-02T00:00:00,2327.15,2374.08,2330.27,2314.98,2319.49,2369.45,2303.66,2289.42,2252.9,2257.51,2295.63,2423.75,2382.0,2337.5,2323.21,2380.0,2404.37,2310.88,2346.95,2279.0,2325.28,2343.6,379707.1259,356645.6923,183887.6181,68139.2191,154591.6219,300363.8586,187932.2201,355078.1015,167194.2776,191082.555,85588.4724,9.06985929200687E8,8.31612346681225E8,4.26084826217819E8,1.57673587538543E8,3.63039217940693E8,6.97653543100754E8,4.29094630508975E8,8.11555243527633E8,3.77557889671635E8,4.38751255827916E8,1.97914496937889E8,4230243,4079579,2413824,658757,1508570,3192282,2346992,3588292,2649837,1805481,870699,191758.2678,169637.8993,88184.8381,33589.8529,76876.1717,143798.2975,94578.0797,178999.8027,83993.1124,89533.7329,45662.7959,4.5799692349354E8,3.95788711633604E8,2.04323992883765E8,7.7727130994055E7,1.80579327354915E8,3.34290742028397E8,2.15948355744806E8,4.09301744342773E8,1.89738754617926E8,2.05580455528971E8,1.0564997974995E8,0.02016638448911552,-0.018453541807950037,-0.006552916841897657,0.0019481725623005795,0.021530502263418863,-0.027757613613343227,-0.006185781817708265,-0.015951638406233884,0.0020462514980692115,0.016885860970715472,0.009295923123499732,2374.07,2330.26,2314.99,2319.5,2369.44,2303.67,2289.42,2252.9,2257.51,2295.63,2316.97,2312.95,2285.42,2300.22,2300.55,2306.72,2266.09,2258.24,2220.36,2231.64,2257.21,2292.91
2026-05-03T00:00:00,2374.08,2330.27,2314.98,2319.49,2369.45,2303.66,2289.42,2252.9,2257.51,2295.63,2316.97,2382.0,2337.5,2323.21,2380.0,2404.37,2310.88,2346.95,2279.0,2325.28,2343.6,2356.92,356645.6923,183887.6181,68139.2191,154591.6219,300363.8586,187932.2201,355078.1015,167194.2776,191082.555,85588.4724,151074.4342,8.31612346681225E8,4.26084826217819E8,1.57673587538543E8,3.63039217940693E8,6.97653543100754E8,4.29094630508975E8,8.11555243527633E8,3.77557889671635E8,4.38751255827916E8,1.97914496937889E8,3.51370000018079E8,4079579,2413824,658757,1508570,3192282,2346992,3588292,2649837,1805481,870699,1374290,169637.8993,88184.8381,33589.8529,76876.1717,143798.2975,94578.0797,178999.8027,83993.1124,89533.7329,45662.7959,74492.1738,3.95788711633604E8,2.04323992883765E8,7.7727130994055E7,1.80579327354915E8,3.34290742028397E8,2.15948355744806E8,4.09301744342773E8,1.89738754617926E8,2.05580455528971E8,1.0564997974995E8,1.73304008274475E8,-0.018453541807950037,-0.006552916841897657,0.0019481725623005795,0.021530502263418863,-0.027757613613343227,-0.006185781817708265,-0.015951638406233884,0.0020462514980692115,0.016885860970715472,0.009295923123499732,0.0024514775763174713,2330.26,2314.99,2319.5,2369.44,2303.67,2289.42,2252.9,2257.51,2295.63,2316.97,2322.65,2285.42,2300.22,2300.55,2306.72,2266.09,2258.24,2220.36,2231.64,2257.21,2292.91,2297.59
2026-05-04T00:00:00,2330.27,2314.98,2319.49,2369.45,2303.66,2289.42,2252.9,2257.51,2295.63,2316.97,2322.65,2337.5,2323.21,2380.0,2404.37,2310.88,2346.95,2279.0,2325.28,2343.6,2356.92,2398.93,183887.6181,68139.2191,154591.6219,300363.8586,187932.2201,355078.1015,167194.2776,191082.555,85588.4724,151074.4342,453020.7985,4.26084826217819E8,1.57673587538543E8,3.63039217940693E8,6.97653543100754E8,4.29094630508975E8,8.11555243527633E8,3.77557889671635E8,4.38751255827916E8,1.97914496937889E8,3.51370000018079E8,1.067990750066591E9,2413824,658757,1508570,3192282,2346992,3588292,2649837,1805481,870699,1374290,4137093,88184.8381,33589.8529,76876.1717,143798.2975,94578.0797,178999.8027,83993.1124,89533.7329,45662.7959,74492.1738,220556.484,2.04323992883765E8,7.7727130994055E7,1.80579327354915E8,3.34290742028397E8,2.15948355744806E8,4.09301744342773E8,1.89738754617926E8,2.05580455528971E8,1.0564997974995E8,1.73304008274475E8,5.19975851029142E8,-0.006552916841897657,0.0019481725623005795,0.021530502263418863,-0.027757613613343227,-0.006185781817708265,-0.015951638406233884,0.0020462514980692115,0.016885860970715472,0.009295923123499732,0.0024514775763174713,0.010552601554259041,2314.99,2319.5,2369.44,2303.67,2289.42,2252.9,2257.51,2295.63,2316.97,2322.65,2347.16,2300.22,2300.55,2306.72,2266.09,2258.24,2220.36,2231.64,2257.21,2292.91,2297.59,2309.24
2026-05-05T00:00:00,2314.98,2319.49,2369.45,2303.66,2289.42,2252.9,2257.51,2295.63,2316.97,2322.65,2347.17,2323.21,2380.0,2404.37,2310.88,2346.95,2279.0,2325.28,2343.6,2356.92,2398.93,2399.5,68139.2191,154591.6219,300363.8586,187932.2201,355078.1015,167194.2776,191082.555,85588.4724,151074.4342,453020.7985,286636.7312,1.57673587538543E8,3.63039217940693E8,6.97653543100754E8,4.29094630508975E8,8.11555243527633E8,3.77557889671635E8,4.38751255827916E8,1.97914496937889E8,3.51370000018079E8,1.067990750066591E9,6.81480549110581E8,658757,1508570,3192282,2346992,3588292,2649837,1805481,870699,1374290,4137093,2512190,33589.8529,76876.1717,143798.2975,94578.0797,178999.8027,83993.1124,89533.7329,45662.7959,74492.1738,220556.484,139328.0697,7.7727130994055E7,1.80579327354915E8,3.34290742028397E8,2.15948355744806E8,4.09301744342773E8,1.89738754617926E8,2.05580455528971E8,1.0564997974995E8,1.73304008274475E8,5.19975851029142E8,3.31307244778156E8,0.0019481725623005795,0.021530502263418863,-0.027757613613343227,-0.006185781817708265,-0.015951638406233884,0.0020462514980692115,0.016885860970715472,0.009295923123499732,0.0024514775763174713,0.010552601554259041,0.0057984969069003085,2319.5,2369.44,2303.67,2289.42,2252.9,2257.51,2295.63,2316.97,2322.65,2347.16,2360.77,2300.55,2306.72,2266.09,2258.24,2220.36,2231.64,2257.21,2292.91,2297.59,2309.24,2344.93
2026-05-06T00:00:00,2319.49,2369.45,2303.66,2289.42,2252.9,2257.51,2295.63,2316.97,2322.65,2347.17,2360.76,2380.0,2404.37,2310.88,2346.95,2279.0,2325.28,2343.6,2356.92,2398.93,2399.5,2423.74,154591.6219,300363.8586,187932.2201,355078.1015,167194.2776,191082.555,85588.4724,151074.4342,453020.7985,286636.7312,420667.3161,3.63039217940693E8,6.97653543100754E8,4.29094630508975E8,8.11555243527633E8,3.77557889671635E8,4.38751255827916E8,1.97914496937889E8,3.51370000018079E8,1.067990750066591E9,6.81480549110581E8,9.99441628415373E8,1508570,3192282,2346992,3588292,2649837,1805481,870699,1374290,4137093,2512190,3062625,76876.1717,143798.2975,94578.0797,178999.8027,83993.1124,89533.7329,45662.7959,74492.1738,220556.484,139328.0697,193007.5534,1.80579327354915E8,3.34290742028397E8,2.15948355744806E8,4.09301744342773E8,1.89738754617926E8,2.05580455528971E8,1.0564997974995E8,1.73304008274475E8,5.19975851029142E8,3.31307244778156E8,4.59022962968137E8,0.021530502263418863,-0.027757613613343227,-0.006185781817708265,-0.015951638406233884,0.0020462514980692115,0.016885860970715472,0.009295923123499732,0.0024514775763174713,0.010552601554259041,0.0057984969069003085,-0.00420625473891986,2369.44,2303.67,2289.42,2252.9,2257.51,2295.63,2316.97,2322.65,2347.16,2360.77,2350.84,2306.72,2266.09,2258.24,2220.36,2231.64,2257.21,2292.91,2297.59,2309.24,2344.93,2338.0
2026-05-07T00:00:00,2369.45,2303.66,2289.42,2252.9,2257.51,2295.63,2316.97,2322.65,2347.17,2360.76,2350.84,2404.37,2310.88,2346.95,2279.0,2325.28,2343.6,2356.92,2398.93,2399.5,2423.74,2352.3,300363.8586,187932.2201,355078.1015,167194.2776,191082.555,85588.4724,151074.4342,453020.7985,286636.7312,420667.3161,469521.9378,6.97653543100754E8,4.29094630508975E8,8.11555243527633E8,3.77557889671635E8,4.38751255827916E8,1.97914496937889E8,3.51370000018079E8,1.067990750066591E9,6.81480549110581E8,9.99441628415373E8,1.084720938606199E9,3192282,2346992,3588292,2649837,1805481,870699,1374290,4137093,2512190,3062625,3191083,143798.2975,94578.0797,178999.8027,83993.1124,89533.7329,45662.7959,74492.1738,220556.484,139328.0697,193007.5534,177521.5123,3.34290742028397E8,2.15948355744806E8,4.09301744342773E8,1.89738754617926E8,2.05580455528971E8,1.0564997974995E8,1.73304008274475E8,5.19975851029142E8,3.31307244778156E8,4.59022962968137E8,4.10305896179507E8,-0.027757613613343227,-0.006185781817708265,-0.015951638406233884,0.0020462514980692115,0.016885860970715472,0.009295923123499732,0.0024514775763174713,0.010552601554259041,0.0057984969069003085,-0.00420625473891986,-0.025429208282996798,2303.67,2289.42,2252.9,2257.51,2295.63,2316.97,2322.65,2347.16,2360.77,2350.84,2291.06,2266.09,2258.24,2220.36,2231.64,2257.21,2292.91,2297.59,2309.24,2344.93,2338.0,2280.1
2026-05-08T00:00:00,2303.66,2289.42,2252.9,2257.51,2295.63,2316.97,2322.65,2347.17,2360.76,2350.84,2291.06,2310.88,2346.95,2279.0,2325.28,2343.6,2356.92,2398.93,2399.5,2423.74,2352.3,2321.22,187932.2201,355078.1015,167194.2776,191082.555,85588.4724,151074.4342,453020.7985,286636.7312,420667.3161,469521.9378,421035.1582,4.29094630508975E8,8.11555243527633E8,3.77557889671635E8,4.38751255827916E8,1.97914496937889E8,3.51370000018079E8,1.067990750066591E9,6.81480549110581E8,9.99441628415373E8,1.084720938606199E9,9.64540001642085E8,2346992,3588292,2649837,1805481,870699,1374290,4137093,2512190,3062625,3191083,2568056,94578.0797,178999.8027,83993.1124,89533.7329,45662.7959,74492.1738,220556.484,139328.0697,193007.5534,177521.5123,164773.9995,2.15948355744806E8,4.09301744342773E8,1.89738754617926E8,2.05580455528971E8,1.0564997974995E8,1.73304008274475E8,5.19975851029142E8,3.31307244778156E8,4.59022962968137E8,4.10305896179507E8,3.7728768273126E8,-0.006185781817708265,-0.015951638406233884,0.0020462514980692115,0.016885860970715472,0.009295923123499732,0.0024514775763174713,0.010552601554259041,0.0057984969069003085,-0.00420625473891986,-0.025429208282996798,0.006983666948923206,2289.42,2252.9,2257.51,2295.63,2316.97,2322.65,2347.16,2360.77,2350.84,2291.06,2307.06,2258.24,2220.36,2231.64,2257.21,2292.91,2297.59,2309.24,2344.93,2338.0,2280.1,2265.61
2026-05-09T00:00:00,2289.42,2252.9,2257.51,2295.63,2316.97,2322.65,2347.17,2360.76,2350.84,2291.06,2307.07,2346.95,2279.0,2325.28,2343.6,2356.92,2398.93,2399.5,2423.74,2352.3,2321.22,2338.37,355078.1015,167194.2776,191082.555,85588.4724,151074.4342,453020.7985,286636.7312,420667.3161,469521.9378,421035.1582,230431.157,8.11555243527633E8,3.77557889671635E8,4.38751255827916E8,1.97914496937889E8,3.51370000018079E8,1.067990750066591E9,6.81480549110581E8,9.99441628415373E8,1.084720938606199E9,9.64540001642085E8,5.34441724095869E8,3588292,2649837,1805481,870699,1374290,4137093,2512190,3062625,3191083,2568056,1248625,178999.8027,83993.1124,89533.7329,45662.7959,74492.1738,220556.484,139328.0697,193007.5534,177521.5123,164773.9995,90960.5803,4.09301744342773E8,1.89738754617926E8,2.05580455528971E8,1.0564997974995E8,1.73304008274475E8,5.19975851029142E8,3.31307244778156E8,4.59022962968137E8,4.10305896179507E8,3.7728768273126E8,2.10978434967519E8,-0.015951638406233884,0.0020462514980692115,0.016885860970715472,0.009295923123499732,0.0024514775763174713,0.010552601554259041,0.0057984969069003085,-0.00420625473891986,-0.025429208282996798,0.006983666948923206,0.008400301682661097,2252.9,2257.51,2295.63,2316.97,2322.65,2347.16,2360.77,2350.84,2291.06,2307.06,2326.44,2220.36,2231.64,2257.21,2292.91,2297.59,2309.24,2344.93,2338.0,2280.1,2265.61,2300.0
2026-05-10T00:00:00,2252.9,2257.51,2295.63,2316.97,2322.65,2347.17,2360.76,2350.84,2291.06,2307.07,2326.43,2279.0,2325.28,2343.6,2356.92,2398.93,2399.5,2423.74,2352.3,2321.22,2338.37,2382.53,167194.2776,191082.555,85588.4724,151074.4342,453020.7985,286636.7312,420667.3161,469521.9378,421035.1582,230431.157,398122.8623,3.77557889671635E8,4.38751255827916E8,1.97914496937889E8,3.51370000018079E8,1.067990750066591E9,6.81480549110581E8,9.99441628415373E8,1.084720938606199E9,9.64540001642085E8,5.34441724095869E8,9.33278254427879E8,2649837,1805481,870699,1374290,4137093,2512190,3062625,3191083,2568056,1248625,2272749,83993.1124,89533.7329,45662.7959,74492.1738,220556.484,139328.0697,193007.5534,177521.5123,164773.9995,90960.5803,219121.332,1.89738754617926E8,2.05580455528971E8,1.0564997974995E8,1.73304008274475E8,5.19975851029142E8,3.31307244778156E8,4.59022962968137E8,4.10305896179507E8,3.7728768273126E8,2.10978434967519E8,5.14296301197561E8,0.0020462514980692115,0.016885860970715472,0.009295923123499732,0.0024514775763174713,0.010552601554259041,0.0057984969069003085,-0.00420625473891986,-0.025429208282996798,0.006983666948923206,0.008400301682661097,0.019269785595158236,2257.51,2295.63,2316.97,2322.65,2347.16,2360.77,2350.84,2291.06,2307.06,2326.44,2371.27,2231.64,2257.21,2292.91,2297.59,2309.24,2344.93,2338.0,2280.1,2265.61,2300.0,2311.83
2026-05-11T00:00:00,2257.51,2295.63,2316.97,2322.65,2347.17,2360.76,2350.84,2291.06,2307.07,2326.43,2371.26,2325.28,2343.6,2356.92,2398.93,2399.5,2423.74,2352.3,2321.22,2338.37,2382.53,2374.92,191082.555,85588.4724,151074.4342,453020.7985,286636.7312,420667.3161,469521.9378,421035.1582,230431.157,398122.8623,236962.0552,4.38751255827916E8,1.97914496937889E8,3.51370000018079E8,1.067990750066591E9,6.81480549110581E8,9.99441628415373E8,1.084720938606199E9,9.64540001642085E8,5.34441724095869E8,9.33278254427879E8,5.53428064252923E8,1805481,870699,1374290,4137093,2512190,3062625,3191083,2568056,1248625,2272749,2594593,89533.7329,45662.7959,74492.1738,220556.484,139328.0697,193007.5534,177521.5123,164773.9995,90960.5803,219121.332,103490.2032,2.05580455528971E8,1.0564997974995E8,1.73304008274475E8,5.19975851029142E8,3.31307244778156E8,4.59022962968137E8,4.10305896179507E8,3.7728768273126E8,2.10978434967519E8,5.14296301197561E8,2.41738239910142E8,0.016885860970715472,0.009295923123499732,0.0024514775763174713,0.010552601554259041,0.0057984969069003085,-0.00420625473891986,-0.025429208282996798,0.006983666948923206,0.008400301682661097,0.019269785595158236,-0.013241849304381235,2295.63,2316.97,2322.65,2347.16,2360.77,2350.84,2291.06,2307.06,2326.44,2371.27,2339.87,2257.21,2292.91,2297.59,2309.24,2344.93,2338.0,2280.1,2265.61,2300.0,2311.83,2304.0
2026-05-12T00:00:00,2295.63,2316.97,2322.65,2347.17,2360.76,2350.84,2291.06,2307.07,2326.43,2371.26,2339.88,2343.6,2356.92,2398.93,2399.5,2423.74,2352.3,2321.22,2338.37,2382.53,2374.92,2340.85,85588.4724,151074.4342,453020.7985,286636.7312,420667.3161,469521.9378,421035.1582,230431.157,398122.8623,236962.0552,252981.1082,1.97914496937889E8,3.51370000018079E8,1.067990750066591E9,6.81480549110581E8,9.99441628415373E8,1.084720938606199E9,9.64540001642085E8,5.34441724095869E8,9.33278254427879E8,5.53428064252923E8,5.79204959797464E8,870699,1374290,4137093,2512190,3062625,3191083,2568056,1248625,2272749,2594593,2520381,45662.7959,74492.1738,220556.484,139328.0697,193007.5534,177521.5123,164773.9995,90960.5803,219121.332,103490.2032,112560.2947,1.0564997974995E8,1.73304008274475E8,5.19975851029142E8,3.31307244778156E8,4.59022962968137E8,4.10305896179507E8,3.7728768273126E8,2.10978434967519E8,5.14296301197561E8,2.41738239910142E8,2.57748542882055E8,0.009295923123499732,0.0024514775763174713,0.010552601554259041,0.0057984969069003085,-0.00420625473891986,-0.025429208282996798,0.006983666948923206,0.008400301682661097,0.019269785595158236,-0.013241849304381235,-0.027740857398060516,2316.97,2322.65,2347.16,2360.77,2350.84,2291.06,2307.06,2326.44,2371.27,2339.87,2274.96,2292.91,2297.59,2309.24,2344.93,2338.0,2280.1,2265.61,2300.0,2311.83,2304.0,2256.27
2026-05-13T00:00:00,2316.97,2322.65,2347.17,2360.76,2350.84,2291.06,2307.07,2326.43,2371.26,2339.88,2274.97,2356.92,2398.93,2399.5,2423.74,2352.3,2321.22,2338.37,2382.53,2374.92,2340.85,2323.36,151074.4342,453020.7985,286636.7312,420667.3161,469521.9378,421035.1582,230431.157,398122.8623,236962.0552,252981.1082,258455.7299,3.51370000018079E8,1.067990750066591E9,6.81480549110581E8,9.99441628415373E8,1.084720938606199E9,9.64540001642085E8,5.34441724095869E8,9.33278254427879E8,5.53428064252923E8,5.79204959797464E8,5.87994702421878E8,1374290,4137093,2512190,3062625,3191083,2568056,1248625,2272749,2594593,2520381,2145600,74492.1738,220556.484,139328.0697,193007.5534,177521.5123,164773.9995,90960.5803,219121.332,103490.2032,112560.2947,124180.3611,1.73304008274475E8,5.19975851029142E8,3.31307244778156E8,4.59022962968137E8,4.10305896179507E8,3.7728768273126E8,2.10978434967519E8,5.14296301197561E8,2.41738239910142E8,2.57748542882055E8,2.82671652633523E8,0.0024514775763174713,0.010552601554259041,0.0057984969069003085,-0.00420625473891986,-0.025429208282996798,0.006983666948923206,0.008400301682661097,0.019269785595158236,-0.013241849304381235,-0.027740857398060516,-0.007169356823856219,2322.65,2347.16,2360.77,2350.84,2291.06,2307.06,2326.44,2371.27,2339.87,2274.96,2258.65,2297.59,2309.24,2344.93,2338.0,2280.1,2265.61,2300.0,2311.83,2304.0,2256.27,2234.13
2026-05-14T00:00:00,2322.65,2347.17,2360.76,2350.84,2291.06,2307.07,2326.43,2371.26,2339.88,2274.97,2258.66,2398.93,2399.5,2423.74,2352.3,2321.22,2338.37,2382.53,2374.92,2340.85,2323.36,2319.33,453020.7985,286636.7312,420667.3161,469521.9378,421035.1582,230431.157,398122.8623,236962.0552,252981.1082,258455.7299,256680.8359,1.067990750066591E9,6.81480549110581E8,9.99441628415373E8,1.084720938606199E9,9.64540001642085E8,5.34441724095869E8,9.33278254427879E8,5.53428064252923E8,5.79204959797464E8,5.87994702421878E8,5.8536870859742E8,4137093,2512190,3062625,3191083,2568056,1248625,2272749,2594593,2520381,2145600,2730407,220556.484,139328.0697,193007.5534,177521.5123,164773.9995,90960.5803,219121.332,103490.2032,112560.2947,124180.3611,127752.3579,5.19975851029142E8,3.31307244778156E8,4.59022962968137E8,4.10305896179507E8,3.7728768273126E8,2.10978434967519E8,5.14296301197561E8,2.41738239910142E8,2.57748542882055E8,2.82671652633523E8,2.91429330031826E8,0.010552601554259041,0.0057984969069003085,-0.00420625473891986,-0.025429208282996798,0.006983666948923206,0.008400301682661097,0.019269785595158236,-0.013241849304381235,-0.027740857398060516,-0.007169356823856219,0.01089146171385558,2347.16,2360.77,2350.84,2291.06,2307.06,2326.44,2371.27,2339.87,2274.96,2258.65,2283.25,2309.24,2344.93,2338.0,2280.1,2265.61,2300.0,2311.83,2304.0,2256.27,2234.13,2238.64
2026-05-15T00:00:00,2347.17,2360.76,2350.84,2291.06,2307.07,2326.43,2371.26,2339.88,2274.97,2258.66,2283.26,2399.5,2423.74,2352.3,2321.22,2338.37,2382.53,2374.92,2340.85,2323.36,2319.33,2300.29,286636.7312,420667.3161,469521.9378,421035.1582,230431.157,398122.8623,236962.0552,252981.1082,258455.7299,256680.8359,288536.5507,6.81480549110581E8,9.99441628415373E8,1.084720938606199E9,9.64540001642085E8,5.34441724095869E8,9.33278254427879E8,5.53428064252923E8,5.79204959797464E8,5.87994702421878E8,5.8536870859742E8,6.47433872912318E8,2512190,3062625,3191083,2568056,1248625,2272749,2594593,2520381,2145600,2730407,2977308,139328.0697,193007.5534,177521.5123,164773.9995,90960.5803,219121.332,103490.2032,112560.2947,124180.3611,127752.3579,123184.0319,3.31307244778156E8,4.59022962968137E8,4.10305896179507E8,3.7728768273126E8,2.10978434967519E8,5.14296301197561E8,2.41738239910142E8,2.57748542882055E8,2.82671652633523E8,2.91429330031826E8,2.76140795808395E8,0.0057984969069003085,-0.00420625473891986,-0.025429208282996798,0.006983666948923206,0.008400301682661097,0.019269785595158236,-0.013241849304381235,-0.027740857398060516,-0.007169356823856219,0.01089146171385558,-0.025660790539800787,2360.77,2350.84,2291.06,2307.06,2326.44,2371.27,2339.87,2274.96,2258.65,2283.25,2224.66,2344.93,2338.0,2280.1,2265.61,2300.0,2311.83,2304.0,2256.27,2234.13,2238.64,2205.11
2026-05-16T00:00:00,2360.76,2350.84,2291.06,2307.07,2326.43,2371.26,2339.88,2274.97,2258.66,2283.26,2224.65,2423.74,2352.3,2321.22,2338.37,2382.53,2374.92,2340.85,2323.36,2319.33,2300.29,2231.51,420667.3161,469521.9378,421035.1582,230431.157,398122.8623,236962.0552,252981.1082,258455.7299,256680.8359,288536.5507,199288.5761,9.99441628415373E8,1.084720938606199E9,9.64540001642085E8,5.34441724095869E8,9.33278254427879E8,5.53428064252923E8,5.79204959797464E8,5.87994702421878E8,5.8536870859742E8,6.47433872912318E8,4.35687947067346E8,3062625,3191083,2568056,1248625,2272749,2594593,2520381,2145600,2730407,2977308,1541883,193007.5534,177521.5123,164773.9995,90960.5803,219121.332,103490.2032,112560.2947,124180.3611,127752.3579,123184.0319,91742.2991,4.59022962968137E8,4.10305896179507E8,3.7728768273126E8,2.10978434967519E8,5.14296301197561E8,2.41738239910142E8,2.57748542882055E8,2.82671652633523E8,2.91429330031826E8,2.76140795808395E8,2.0061758605155E8,-0.00420625473891986,-0.025429208282996798,0.006983666948923206,0.008400301682661097,0.019269785595158236,-0.013241849304381235,-0.027740857398060516,-0.007169356823856219,0.01089146171385558,-0.025660790539800787,-0.01972885744338455,2350.84,2291.06,2307.06,2326.44,2371.27,2339.87,2274.96,2258.65,2283.25,2224.66,2180.77,2338.0,2280.1,2265.61,2300.0,2311.83,2304.0,2256.27,2234.13,2238.64,2205.11,2162.55
2026-05-17T00:00:00,2350.84,2291.06,2307.07,2326.43,2371.26,2339.88,2274.97,2258.66,2283.26,2224.65,2180.77,2352.3,2321.22,2338.37,2382.53,2374.92,2340.85,2323.36,2319.33,2300.29,2231.51,2198.14,469521.9378,421035.1582,230431.157,398122.8623,236962.0552,252981.1082,258455.7299,256680.8359,288536.5507,199288.5761,175116.8149,1.084720938606199E9,9.64540001642085E8,5.34441724095869E8,9.33278254427879E8,5.53428064252923E8,5.79204959797464E8,5.87994702421878E8,5.8536870859742E8,6.47433872912318E8,4.35687947067346E8,3.78577487527797E8,3191083,2568056,1248625,2272749,2594593,2520381,2145600,2730407,2977308,1541883,1638605,177521.5123,164773.9995,90960.5803,219121.332,103490.2032,112560.2947,124180.3611,127752.3579,123184.0319,91742.2991,83798.741,4.10305896179507E8,3.7728768273126E8,2.10978434967519E8,5.14296301197561E8,2.41738239910142E8,2.57748542882055E8,2.82671652633523E8,2.91429330031826E8,2.76140795808395E8,2.0061758605155E8,1.81236111536705E8,-0.025429208282996798,0.006983666948923206,0.008400301682661097,0.019269785595158236,-0.013241849304381235,-0.027740857398060516,-0.007169356823856219,0.01089146171385558,-0.025660790539800787,-0.01972885744338455,-0.022822214172058486,2291.06,2307.06,2326.44,2371.27,2339.87,2274.96,2258.65,2283.25,2224.66,2180.77,2131.0,2280.1,2265.61,2300.0,2311.83,2304.0,2256.27,2234.13,2238.64,2205.11,2162.55,2091.48
2026-05-18T00:00:00,2291.06,2307.07,2326.43,2371.26,2339.88,2274.97,2258.66,2283.26,2224.65,2180.77,2131.0,2321.22,2338.37,2382.53,2374.92,2340.85,2323.36,2319.33,2300.29,2231.51,2198.14,2157.24,421035.1582,230431.157,398122.8623,236962.0552,252981.1082,258455.7299,256680.8359,288536.5507,199288.5761,175116.8149,381878.3932,9.64540001642085E8,5.34441724095869E8,9.33278254427879E8,5.53428064252923E8,5.79204959797464E8,5.87994702421878E8,5.8536870859742E8,6.47433872912318E8,4.35687947067346E8,3.78577487527797E8,8.08389842464257E8,2568056,1248625,2272749,2594593,2520381,2145600,2730407,2977308,1541883,1638605,3981985,164773.9995,90960.5803,219121.332,103490.2032,112560.2947,124180.3611,127752.3579,123184.0319,91742.2991,83798.741,183892.1637,3.7728768273126E8,2.10978434967519E8,5.14296301197561E8,2.41738239910142E8,2.57748542882055E8,2.82671652633523E8,2.91429330031826E8,2.76140795808395E8,2.0061758605155E8,1.81236111536705E8,3.89344799124016E8,0.006983666948923206,0.008400301682661097,0.019269785595158236,-0.013241849304381235,-0.027740857398060516,-0.007169356823856219,0.01089146171385558,-0.025660790539800787,-0.01972885744338455,-0.022822214172058486,-4.3172219615207543E-4,2307.06,2326.44,2371.27,2339.87,2274.96,2258.65,2283.25,2224.66,2180.77,2131.0,2130.08,2265.61,2300.0,2311.83,2304.0,2256.27,2234.13,2238.64,2205.11,2162.55,2091.48,2077.23
2026-05-19T00:00:00,2307.07,2326.43,2371.26,2339.88,2274.97,2258.66,2283.26,2224.65,2180.77,2131.0,2130.08,2338.37,2382.53,2374.92,2340.85,2323.36,2319.33,2300.29,2231.51,2198.14,2157.24,2146.95,230431.157,398122.8623,236962.0552,252981.1082,258455.7299,256680.8359,288536.5507,199288.5761,175116.8149,381878.3932,186945.075,5.34441724095869E8,9.33278254427879E8,5.53428064252923E8,5.79204959797464E8,5.87994702421878E8,5.8536870859742E8,6.47433872912318E8,4.35687947067346E8,3.78577487527797E8,8.08389842464257E8,3.96338335855304E8,1248625,2272749,2594593,2520381,2145600,2730407,2977308,1541883,1638605,3981985,2356965,90960.5803,219121.332,103490.2032,112560.2947,124180.3611,127752.3579,123184.0319,91742.2991,83798.741,183892.1637,86073.6731,2.10978434967519E8,5.14296301197561E8,2.41738239910142E8,2.57748542882055E8,2.82671652633523E8,2.91429330031826E8,2.76140795808395E8,2.0061758605155E8,1.81236111536705E8,3.89344799124016E8,1.8258095416811E8,0.008400301682661097,0.019269785595158236,-0.013241849304381235,-0.027740857398060516,-0.007169356823856219,0.01089146171385558,-0.025660790539800787,-0.01972885744338455,-0.022822214172058486,-4.3172219615207543E-4,-0.008520806730263696,2326.44,2371.27,2339.87,2274.96,2258.65,2283.25,2224.66,2180.77,2131.0,2130.08,2111.93,2300.0,2311.83,2304.0,2256.27,2234.13,2238.64,2205.11,2162.55,2091.48,2077.23,2094.47
2026-05-20T00:00:00,2326.43,2371.26,2339.88,2274.97,2258.66,2283.26,2224.65,2180.77,2131.0,2130.08,2111.93,2382.53,2374.92,2340.85,2323.36,2319.33,2300.29,2231.51,2198.14,2157.24,2146.95,2149.0,398122.8623,236962.0552,252981.1082,258455.7299,256680.8359,288536.5507,199288.5761,175116.8149,381878.3932,186945.075,189088.294,9.33278254427879E8,5.53428064252923E8,5.79204959797464E8,5.87994702421878E8,5.8536870859742E8,6.47433872912318E8,4.35687947067346E8,3.78577487527797E8,8.08389842464257E8,3.96338335855304E8,4.02576774240436E8,2272749,2594593,2520381,2145600,2730407,2977308,1541883,1638605,3981985,2356965,2256505,219121.332,103490.2032,112560.2947,124180.3611,127752.3579,123184.0319,91742.2991,83798.741,183892.1637,86073.6731,93912.9824,5.14296301197561E8,2.41738239910142E8,2.57748542882055E8,2.82671652633523E8,2.91429330031826E8,2.76140795808395E8,2.0061758605155E8,1.81236111536705E8,3.89344799124016E8,1.8258095416811E8,1.99953325021528E8,0.019269785595158236,-0.013241849304381235,-0.027740857398060516,-0.007169356823856219,0.01089146171385558,-0.025660790539800787,-0.01972885744338455,-0.022822214172058486,-4.3172219615207543E-4,-0.008520806730263696,0.008290994493188798,2371.27,2339.87,2274.96,2258.65,2283.25,2224.66,2180.77,2131.0,2130.08,2111.93,2129.44,2311.83,2304.0,2256.27,2234.13,2238.64,2205.11,2162.55,2091.48,2077.23,2094.47,2103.29
2026-05-21T00:00:00,2371.26,2339.88,2274.97,2258.66,2283.26,2224.65,2180.77,2131.0,2130.08,2111.93,2129.44,2374.92,2340.85,2323.36,2319.33,2300.29,2231.51,2198.14,2157.24,2146.95,2149.0,2157.5,236962.0552,252981.1082,258455.7299,256680.8359,288536.5507,199288.5761,175116.8149,381878.3932,186945.075,189088.294,232889.1117,5.53428064252923E8,5.79204959797464E8,5.87994702421878E8,5.8536870859742E8,6.47433872912318E8,4.35687947067346E8,3.78577487527797E8,8.08389842464257E8,3.96338335855304E8,4.02576774240436E8,4.96323964944403E8,2594593,2520381,2145600,2730407,2977308,1541883,1638605,3981985,2356965,2256505,2526150,103490.2032,112560.2947,124180.3611,127752.3579,123184.0319,91742.2991,83798.741,183892.1637,86073.6731,93912.9824,118956.068,2.41738239910142E8,2.57748542882055E8,2.82671652633523E8,2.91429330031826E8,2.76140795808395E8,2.0061758605155E8,1.81236111536705E8,3.89344799124016E8,1.8258095416811E8,1.99953325021528E8,2.53517525206181E8,-0.013241849304381235,-0.027740857398060516,-0.007169356823856219,0.01089146171385558,-0.025660790539800787,-0.01972885744338455,-0.022822214172058486,-4.3172219615207543E-4,-0.008520806730263696,0.008290994493188798,0.0020287023818469476,2339.87,2274.96,2258.65,2283.25,2224.66,2180.77,2131.0,2130.08,2111.93,2129.44,2133.76,2304.0,2256.27,2234.13,2238.64,2205.11,2162.55,2091.48,2077.23,2094.47,2103.29,2105.15
2026-05-22T00:00:00,2339.88,2274.97,2258.66,2283.26,2224.65,2180.77,2131.0,2130.08,2111.93,2129.44,2133.77,2340.85,2323.36,2319.33,2300.29,2231.51,2198.14,2157.24,2146.95,2149.0,2157.5,2141.39,252981.1082,258455.7299,256680.8359,288536.5507,199288.5761,175116.8149,381878.3932,186945.075,189088.294,232889.1117,221783.2548,5.79204959797464E8,5.87994702421878E8,5.8536870859742E8,6.47433872912318E8,4.35687947067346E8,3.78577487527797E8,8.08389842464257E8,3.96338335855304E8,4.02576774240436E8,4.96323964944403E8,4.6701725254059E8,2520381,2145600,2730407,2977308,1541883,1638605,3981985,2356965,2256505,2526150,2344218,112560.2947,124180.3611,127752.3579,123184.0319,91742.2991,83798.741,183892.1637,86073.6731,93912.9824,118956.068,109989.3764,2.57748542882055E8,2.82671652633523E8,2.91429330031826E8,2.76140795808395E8,2.0061758605155E8,1.81236111536705E8,3.89344799124016E8,1.8258095416811E8,1.99953325021528E8,2.53517525206181E8,2.31748468554101E8,-0.027740857398060516,-0.007169356823856219,0.01089146171385558,-0.025660790539800787,-0.01972885744338455,-0.022822214172058486,-4.3172219615207543E-4,-0.008520806730263696,0.008290994493188798,0.0020287023818469476,-0.03182644721055803,2274.96,2258.65,2283.25,2224.66,2180.77,2131.0,2130.08,2111.93,2129.44,2133.76,2065.85,2256.27,2234.13,2238.64,2205.11,2162.55,2091.48,2077.23,2094.47,2103.29,2105.15,2057.79
2026-05-23T00:00:00,2274.97,2258.66,2283.26,2224.65,2180.77,2131.0,2130.08,2111.93,2129.44,2133.77,2065.86,2323.36,2319.33,2300.29,2231.51,2198.14,2157.24,2146.95,2149.0,2157.5,2141.39,2149.95,258455.7299,256680.8359,288536.5507,199288.5761,175116.8149,381878.3932,186945.075,189088.294,232889.1117,221783.2548,350546.2289,5.87994702421878E8,5.8536870859742E8,6.47433872912318E8,4.35687947067346E8,3.78577487527797E8,8.08389842464257E8,3.96338335855304E8,4.02576774240436E8,4.96323964944403E8,4.6701725254059E8,7.26153698577792E8,2145600,2730407,2977308,1541883,1638605,3981985,2356965,2256505,2526150,2344218,2641732,124180.3611,127752.3579,123184.0319,91742.2991,83798.741,183892.1637,86073.6731,93912.9824,118956.068,109989.3764,186016.0823,2.82671652633523E8,2.91429330031826E8,2.76140795808395E8,2.0061758605155E8,1.81236111536705E8,3.89344799124016E8,1.8258095416811E8,1.99953325021528E8,2.53517525206181E8,2.31748468554101E8,3.85175449162648E8,-0.007169356823856219,0.01089146171385558,-0.025660790539800787,-0.01972885744338455,-0.022822214172058486,-4.3172219615207543E-4,-0.008520806730263696,0.008290994493188798,0.0020287023818469476,-0.03182644721055803,0.02508894643851196,2258.65,2283.25,2224.66,2180.77,2131.0,2130.08,2111.93,2129.44,2133.76,2065.85,2117.68,2234.13,2238.64,2205.11,2162.55,2091.48,2077.23,2094.47,2103.29,2105.15,2057.79,2009.3
2026-05-24T00:00:00,2258.66,2283.26,2224.65,2180.77,2131.0,2130.08,2111.93,2129.44,2133.77,2065.86,2117.69,2319.33,2300.29,2231.51,2198.14,2157.24,2146.95,2149.0,2157.5,2141.39,2149.95,2132.14,256680.8359,288536.5507,199288.5761,175116.8149,381878.3932,186945.075,189088.294,232889.1117,221783.2548,350546.2289,197748.7605,5.8536870859742E8,6.47433872912318E8,4.35687947067346E8,3.78577487527797E8,8.08389842464257E8,3.96338335855304E8,4.02576774240436E8,4.96323964944403E8,4.6701725254059E8,7.26153698577792E8,4.16532783725252E8,2730407,2977308,1541883,1638605,3981985,2356965,2256505,2526150,2344218,2641732,1928016,127752.3579,123184.0319,91742.2991,83798.741,183892.1637,86073.6731,93912.9824,118956.068,109989.3764,186016.0823,95960.6284,2.91429330031826E8,2.76140795808395E8,2.0061758605155E8,1.81236111536705E8,3.89344799124016E8,1.8258095416811E8,1.99953325021528E8,2.53517525206181E8,2.31748468554101E8,3.85175449162648E8,2.02225441429743E8,0.01089146171385558,-0.025660790539800787,-0.01972885744338455,-0.022822214172058486,-4.3172219615207543E-4,-0.008520806730263696,0.008290994493188798,0.0020287023818469476,-0.03182644721055803,0.02508894643851196,-0.008419591250802732,2283.25,2224.66,2180.77,2131.0,2130.08,2111.93,2129.44,2133.76,2065.85,2117.68,2099.85,2238.64,2205.11,2162.55,2091.48,2077.23,2094.47,2103.29,2105.15,2057.79,2009.3,2063.0
2026-05-25T00:00:00,2283.26,2224.65,2180.77,2131.0,2130.08,2111.93,2129.44,2133.77,2065.86,2117.69,2099.86,2300.29,2231.51,2198.14,2157.24,2146.95,2149.0,2157.5,2141.39,2149.95,2132.14,2141.98,288536.5507,199288.5761,175116.8149,381878.3932,186945.075,189088.294,232889.1117,221783.2548,350546.2289,197748.7605,166428.5979,6.47433872912318E8,4.35687947067346E8,3.78577487527797E8,8.08389842464257E8,3.96338335855304E8,4.02576774240436E8,4.96323964944403E8,4.6701725254059E8,7.26153698577792E8,4.16532783725252E8,3.51916867992493E8,2977308,1541883,1638605,3981985,2356965,2256505,2526150,2344218,2641732,1928016,1786621,123184.0319,91742.2991,83798.741,183892.1637,86073.6731,93912.9824,118956.068,109989.3764,186016.0823,95960.6284,86258.1599,2.76140795808395E8,2.0061758605155E8,1.81236111536705E8,3.89344799124016E8,1.8258095416811E8,1.99953325021528E8,2.53517525206181E8,2.31748468554101E8,3.85175449162648E8,2.02225441429743E8,1.82447684966519E8,-0.025660790539800787,-0.01972885744338455,-0.022822214172058486,-4.3172219615207543E-4,-0.008520806730263696,0.008290994493188798,0.0020287023818469476,-0.03182644721055803,0.02508894643851196,-0.008419591250802732,0.0062671143176895065,2224.66,2180.77,2131.0,2130.08,2111.93,2129.44,2133.76,2065.85,2117.68,2099.85,2113.01,2205.11,2162.55,2091.48,2077.23,2094.47,2103.29,2105.15,2057.79,2009.3,2063.0,2092.26
2026-05-26T00:00:00,2224.65,2180.77,2131.0,2130.08,2111.93,2129.44,2133.77,2065.86,2117.69,2099.86,2113.01,2231.51,2198.14,2157.24,2146.95,2149.0,2157.5,2141.39,2149.95,2132.14,2141.98,2140.49,199288.5761,175116.8149,381878.3932,186945.075,189088.294,232889.1117,221783.2548,350546.2289,197748.7605,166428.5979,282553.3096,4.35687947067346E8,3.78577487527797E8,8.08389842464257E8,3.96338335855304E8,4.02576774240436E8,4.96323964944403E8,4.6701725254059E8,7.26153698577792E8,4.16532783725252E8,3.51916867992493E8,5.92778366390053E8,1541883,1638605,3981985,2356965,2256505,2526150,2344218,2641732,1928016,1786621,2963706,91742.2991,83798.741,183892.1637,86073.6731,93912.9824,118956.068,109989.3764,186016.0823,95960.6284,86258.1599,125284.8456,2.0061758605155E8,1.81236111536705E8,3.89344799124016E8,1.8258095416811E8,1.99953325021528E8,2.53517525206181E8,2.31748468554101E8,3.85175449162648E8,2.02225441429743E8,1.82447684966519E8,2.62909030362168E8,-0.01972885744338455,-0.022822214172058486,-4.3172219615207543E-4,-0.008520806730263696,0.008290994493188798,0.0020287023818469476,-0.03182644721055803,0.02508894643851196,-0.008419591250802732,0.0062671143176895065,-0.018570664596949487,2180.77,2131.0,2130.08,2111.93,2129.44,2133.76,2065.85,2117.68,2099.85,2113.01,2073.77,2162.55,2091.48,2077.23,2094.47,2103.29,2105.15,2057.79,2009.3,2063.0,2092.26,2055.06
2026-05-27T00:00:00,2180.77,2131.0,2130.08,2111.93,2129.44,2133.77,2065.86,2117.69,2099.86,2113.01,2073.77,2198.14,2157.24,2146.95,2149.0,2157.5,2141.39,2149.95,2132.14,2141.98,2140.49,2097.4,175116.8149,381878.3932,186945.075,189088.294,232889.1117,221783.2548,350546.2289,197748.7605,166428.5979,282553.3096,267963.1573,3.78577487527797E8,8.08389842464257E8,3.96338335855304E8,4.02576774240436E8,4.96323964944403E8,4.6701725254059E8,7.26153698577792E8,4.16532783725252E8,3.51916867992493E8,5.92778366390053E8,5.52204762418584E8,1638605,3981985,2356965,2256505,2526150,2344218,2641732,1928016,1786621,2963706,3056962,83798.741,183892.1637,86073.6731,93912.9824,118956.068,109989.3764,186016.0823,95960.6284,86258.1599,125284.8456,121588.1389,1.81236111536705E8,3.89344799124016E8,1.8258095416811E8,1.99953325021528E8,2.53517525206181E8,2.31748468554101E8,3.85175449162648E8,2.02225441429743E8,1.82447684966519E8,2.62909030362168E8,2.50702118805693E8,-0.022822214172058486,-4.3172219615207543E-4,-0.008520806730263696,0.008290994493188798,0.0020287023818469476,-0.03182644721055803,0.02508894643851196,-0.008419591250802732,0.0062671143176895065,-0.018570664596949487,-0.023594709152895483,2131.0,2130.08,2111.93,2129.44,2133.76,2065.85,2117.68,2099.85,2113.01,2073.77,2024.84,2091.48,2077.23,2094.47,2103.29,2105.15,2057.79,2009.3,2063.0,2092.26,2055.06,2016.0
2026-05-28T00:00:00,2131.0,2130.08,2111.93,2129.44,2133.77,2065.86,2117.69,2099.86,2113.01,2073.77,2024.83,2157.24,2146.95,2149.0,2157.5,2141.39,2149.95,2132.14,2141.98,2140.49,2097.4,2030.0,381878.3932,186945.075,189088.294,232889.1117,221783.2548,350546.2289,197748.7605,166428.5979,282553.3096,267963.1573,363834.9211,8.08389842464257E8,3.96338335855304E8,4.02576774240436E8,4.96323964944403E8,4.6701725254059E8,7.26153698577792E8,4.16532783725252E8,3.51916867992493E8,5.92778366390053E8,5.52204762418584E8,7.2610534782339E8,3981985,2356965,2256505,2526150,2344218,2641732,1928016,1786621,2963706,3056962,3609031,183892.1637,86073.6731,93912.9824,118956.068,109989.3764,186016.0823,95960.6284,86258.1599,125284.8456,121588.1389,176081.0293,3.89344799124016E8,1.8258095416811E8,1.99953325021528E8,2.53517525206181E8,2.31748468554101E8,3.85175449162648E8,2.02225441429743E8,1.82447684966519E8,2.62909030362168E8,2.50702118805693E8,3.51395809429098E8,-4.3172219615207543E-4,-0.008520806730263696,0.008290994493188798,0.0020287023818469476,-0.03182644721055803,0.02508894643851196,-0.008419591250802732,0.0062671143176895065,-0.018570664596949487,-0.023594709152895483,-0.007378360759368556,2130.08,2111.93,2129.44,2133.76,2065.85,2117.68,2099.85,2113.01,2073.77,2024.84,2009.9,2077.23,2094.47,2103.29,2105.15,2057.79,2009.3,2063.0,2092.26,2055.06,2016.0,1967.0
2026-05-29T00:00:00,2130.08,2111.93,2129.44,2133.77,2065.86,2117.69,2099.86,2113.01,2073.77,2024.83,2009.89,2146.95,2149.0,2157.5,2141.39,2149.95,2132.14,2141.98,2140.49,2097.4,2030.0,2046.59,186945.075,189088.294,232889.1117,221783.2548,350546.2289,197748.7605,166428.5979,282553.3096,267963.1573,363834.9211,283145.695,3.96338335855304E8,4.02576774240436E8,4.96323964944403E8,4.6701725254059E8,7.26153698577792E8,4.16532783725252E8,3.51916867992493E8,5.92778366390053E8,5.52204762418584E8,7.2610534782339E8,5.70689885848882E8,2356965,2256505,2526150,2344218,2641732,1928016,1786621,2963706,3056962,3609031,2925370,86073.6731,93912.9824,118956.068,109989.3764,186016.0823,95960.6284,86258.1599,125284.8456,121588.1389,176081.0293,142075.6321,1.8258095416811E8,1.99953325021528E8,2.53517525206181E8,2.31748468554101E8,3.85175449162648E8,2.02225441429743E8,1.82447684966519E8,2.62909030362168E8,2.50702118805693E8,3.51395809429098E8,2.86465186363512E8,-0.008520806730263696,0.008290994493188798,0.0020287023818469476,-0.03182644721055803,0.02508894643851196,-0.008419591250802732,0.0062671143176895065,-0.018570664596949487,-0.023594709152895483,-0.007378360759368556,0.00230857256579923,2111.93,2129.44,2133.76,2065.85,2117.68,2099.85,2113.01,2073.77,2024.84,2009.9,2014.54,2094.47,2103.29,2105.15,2057.79,2009.3,2063.0,2092.26,2055.06,2016.0,1967.0,1976.48
2026-05-30T00:00:00,2111.93,2129.44,2133.77,2065.86,2117.69,2099.86,2113.01,2073.77,2024.83,2009.89,2014.54,2149.0,2157.5,2141.39,2149.95,2132.14,2141.98,2140.49,2097.4,2030.0,2046.59,2032.0,189088.294,232889.1117,221783.2548,350546.2289,197748.7605,166428.5979,282553.3096,267963.1573,363834.9211,283145.695,97977.5349,4.02576774240436E8,4.96323964944403E8,4.6701725254059E8,7.26153698577792E8,4.16532783725252E8,3.51916867992493E8,5.92778366390053E8,5.52204762418584E8,7.2610534782339E8,5.70689885848882E8,1.97997124860319E8,2256505,2526150,2344218,2641732,1928016,1786621,2963706,3056962,3609031,2925370,969371,93912.9824,118956.068,109989.3764,186016.0823,95960.6284,86258.1599,125284.8456,121588.1389,176081.0293,142075.6321,51565.2626,1.99953325021528E8,2.53517525206181E8,2.31748468554101E8,3.85175449162648E8,2.02225441429743E8,1.82447684966519E8,2.62909030362168E8,2.50702118805693E8,3.51395809429098E8,2.86465186363512E8,1.04222719604398E8,0.008290994493188798,0.0020287023818469476,-0.03182644721055803,0.02508894643851196,-0.008419591250802732,0.0062671143176895065,-0.018570664596949487,-0.023594709152895483,-0.007378360759368556,0.00230857256579923,0.003921490762159149,2129.44,2133.76,2065.85,2117.68,2099.85,2113.01,2073.77,2024.84,2009.9,2014.54,2022.44,2103.29,2105.15,2057.79,2009.3,2063.0,2092.26,2055.06,2016.0,1967.0,1976.48,2002.0
2026-05-31T00:00:00,2129.44,2133.77,2065.86,2117.69,2099.86,2113.01,2073.77,2024.83,2009.89,2014.54,2022.44,2157.5,2141.39,2149.95,2132.14,2141.98,2140.49,2097.4,2030.0,2046.59,2032.0,2038.0,232889.1117,221783.2548,350546.2289,197748.7605,166428.5979,282553.3096,267963.1573,363834.9211,283145.695,97977.5349,163735.4958,4.96323964944403E8,4.6701725254059E8,7.26153698577792E8,4.16532783725252E8,3.51916867992493E8,5.92778366390053E8,5.52204762418584E8,7.2610534782339E8,5.70689885848882E8,1.97997124860319E8,3.29721845896156E8,2526150,2344218,2641732,1928016,1786621,2963706,3056962,3609031,2925370,969371,1454319,118956.068,109989.3764,186016.0823,95960.6284,86258.1599,125284.8456,121588.1389,176081.0293,142075.6321,51565.2626,69842.5033,2.53517525206181E8,2.31748468554101E8,3.85175449162648E8,2.02225441429743E8,1.82447684966519E8,2.62909030362168E8,2.50702118805693E8,3.51395809429098E8,2.86465186363512E8,1.04222719604398E8,1.40859204954401E8,0.0020287023818469476,-0.03182644721055803,0.02508894643851196,-0.008419591250802732,0.0062671143176895065,-0.018570664596949487,-0.023594709152895483,-0.007378360759368556,0.00230857256579923,0.003921490762159149,-0.007629398152726441,2133.76,2065.85,2117.68,2099.85,2113.01,2073.77,2024.84,2009.9,2014.54,2022.44,2007.01,2105.15,2057.79,2009.3,2063.0,2092.26,2055.06,2016.0,1967.0,1976.48,2002.0,1993.75
