date,BTC.open_7,BTC.open_6,BTC.open_5,BTC.open_4,BTC.open_3,BTC.open_2,BTC.open_1,BTC.open,BTC.high_7,BTC.high_6,BTC.high_5,BTC.high_4,BTC.high_3,BTC.high_2,BTC.high_1,BTC.high,BTC.low_7,BTC.low_6,BTC.low_5,BTC.low_4,BTC.low_3,BTC.low_2,BTC.low_1,BTC.low,BTC.volume_7,BTC.volume_6,BTC.volume_5,BTC.volume_4,BTC.volume_3,BTC.volume_2,BTC.volume_1,BTC.volume,BTC.quoteAssetVolume_7,BTC.quoteAssetVolume_6,BTC.quoteAssetVolume_5,BTC.quoteAssetVolume_4,BTC.quoteAssetVolume_3,BTC.quoteAssetVolume_2,BTC.quoteAssetVolume_1,BTC.quoteAssetVolume,BTC.numberOfTrades_7,BTC.numberOfTrades_6,BTC.numberOfTrades_5,BTC.numberOfTrades_4,BTC.numberOfTrades_3,BTC.numberOfTrades_2,BTC.numberOfTrades_1,BTC.numberOfTrades,BTC.takerBuyBaseAssetVolume_7,BTC.takerBuyBaseAssetVolume_6,BTC.takerBuyBaseAssetVolume_5,BTC.takerBuyBaseAssetVolume_4,BTC.takerBuyBaseAssetVolume_3,BTC.takerBuyBaseAssetVolume_2,BTC.takerBuyBaseAssetVolume_1,BTC.takerBuyBaseAssetVolume,BTC.takerBuyQuoteAssetVolume_7,BTC.takerBuyQuoteAssetVolume_6,BTC.takerBuyQuoteAssetVolume_5,BTC.takerBuyQuoteAssetVolume_4,BTC.takerBuyQuoteAssetVolume_3,BTC.takerBuyQuoteAssetVolume_2,BTC.takerBuyQuoteAssetVolume_1,BTC.takerBuyQuoteAssetVolume,BTC.return_7,BTC.return_6,BTC.return_5,BTC.return_4,BTC.return_3,BTC.return_2,BTC.return_1,BTC.return,BTC.close_7,BTC.close_6,BTC.close_5,BTC.close_4,BTC.close_3,BTC.close_2,BTC.close_1,BTC.close,ETH.open_7,ETH.open_6,ETH.open_5,ETH.open_4,ETH.open_3,ETH.open_2,ETH.open_1,ETH.open,ETH.high_7,ETH.high_6,ETH.high_5,ETH.high_4,ETH.high_3,ETH.high_2,ETH.high_1,ETH.high,ETH.low_7,ETH.low_6,ETH.low_5,ETH.low_4,ETH.low_3,ETH.low_2,ETH.low_1,ETH.low,ETH.volume_7,ETH.volume_6,ETH.volume_5,ETH.volume_4,ETH.volume_3,ETH.volume_2,ETH.volume_1,ETH.volume,ETH.quoteAssetVolume_7,ETH.quoteAssetVolume_6,ETH.quoteAssetVolume_5,ETH.quoteAssetVolume_4,ETH.quoteAssetVolume_3,ETH.quoteAssetVolume_2,ETH.quoteAssetVolume_1,ETH.quoteAssetVolume,ETH.numberOfTrades_7,ETH.numberOfTrades_6,ETH.numberOfTrades_5,ETH.numberOfTrades_4,ETH.numberOfTrades_3,ETH.numberOfTrades_2,ETH.numberOfTrades_1,ETH.numberOfTrades,ETH.takerBuyBaseAssetVolume_7,ETH.takerBuyBaseAssetVolume_6,ETH.takerBuyBaseAssetVolume_5,ETH.takerBuyBaseAssetVolume_4,ETH.takerBuyBaseAssetVolume_3,ETH.takerBuyBaseAssetVolume_2,ETH.takerBuyBaseAssetVolume_1,ETH.takerBuyBaseAssetVolume,ETH.takerBuyQuoteAssetVolume_7,ETH.takerBuyQuoteAssetVolume_6,ETH.takerBuyQuoteAssetVolume_5,ETH.takerBuyQuoteAssetVolume_4,ETH.takerBuyQuoteAssetVolume_3,ETH.takerBuyQuoteAssetVolume_2,ETH.takerBuyQuoteAssetVolume_1,ETH.takerBuyQuoteAssetVolume,ETH.return_7,ETH.return_6,ETH.return_5,ETH.return_4,ETH.return_3,ETH.return_2,ETH.return_1,ETH.return,ETH.close_7,ETH.close_6,ETH.close_5,ETH.close_4,ETH.close_3,ETH.close_2,ETH.close_1,ETH.close
2026-01-01T00:00:00,87669.44,87225.27,87369.56,87877,87952.71,87237.13,88485.5,87648.21,88592.74,89567.75,87984,88088.75,90406.08,89400,89200,88919.45,86934.72,86655.08,87253.05,87435,86806.5,86845.66,87250,87550.43,7096.58235,18344.61505,4469.55156,4446.29285,19894.98575,13105.91001,11558.62047,6279.57133,6.23E+08,1.62E+09,3.91E+08,3.90E+08,1.76E+09,1.16E+09,1.02E+09,5.53E+08,1992172,4509482,957536,1241426,4793589,3542176,2897396,1449281,3390.95708,8846.80613,2065.72405,2230.75216,10079.10102,6561.56089,5432.03408,3123.64536,2.98E+08,7.80E+08,1.81E+08,1.96E+08,8.92E+08,5.78E+08,4.79E+08,2.75E+08,-0.005066531,0.001654222,0.005808087,8.61E-04,-0.008135963,0.014309962,-0.009462229,0.013586357,87225.27,87369.56,87877.01,87952.71,87237.13,88485.49,87648.22,88839.04,2947.48,2903.9,2928,2949.05,2950.91,2937.91,2973.69,2971.65,2971.46,2994.38,2960.89,2961.23,3057.78,3009.8,3028.08,3010,2891.2,2894.26,2917.13,2924.54,2910.25,2919.44,2958.91,2971.15,188721.2981,314830.9989,95040.3956,128834.139,485959.1824,286583.2879,233729.5887,136088.5207,5.55E+08,9.28E+08,2.79E+08,3.79E+08,1.45E+09,8.51E+08,6.98E+08,4.07E+08,2183611,4062164,1004396,1484510,5162535,3959890,2935432,1338212,85987.392,159371.2995,43285.9713,65373.9915,233555.1583,146128.2348,116217.5263,66477.086,2.53E+08,4.70E+08,1.27E+08,1.92E+08,6.95E+08,4.34E+08,3.47E+08,1.99E+08,-0.014765205,0.008278379,0.007192648,6.31E-04,-0.004408809,0.012182171,-6.89E-04,0.010953548,2903.95,2927.99,2949.05,2950.91,2937.9,2973.69,2971.64,3125.45
2026-01-02T00:00:00,87225.27,87369.56,87877,87952.71,87237.13,88485.5,87648.21,88839.05,89567.75,87984,88088.75,90406.08,89400,89200,88919.45,90961.81,86655.08,87253.05,87435,86806.5,86845.66,87250,87550.43,88379.88,18344.61505,4469.55156,4446.29285,19894.98575,13105.91001,11558.62047,6279.57133,17396.97301,1.62E+09,3.91E+08,3.90E+08,1.76E+09,1.16E+09,1.02E+09,5.53E+08,1.56E+09,4509482,957536,1241426,4793589,3542176,2897396,1449281,5010211,8846.80613,2065.72405,2230.75216,10079.10102,6561.56089,5432.03408,3123.64536,8929.35447,7.80E+08,1.81E+08,1.96E+08,8.92E+08,5.78E+08,4.79E+08,2.75E+08,8.00E+08,0.001654222,0.005808087,8.61E-04,-0.008135963,0.014309962,-0.009462229,0.013586357,0.01301331,87369.56,87877.01,87952.71,87237.13,88485.49,87648.22,88839.04,89995.13,2903.9,2928,2949.05,2950.91,2937.91,2973.69,2971.65,3004.19,2994.38,2960.89,2961.23,3057.78,3009.8,3028.08,3010,3150.01,2894.26,2917.13,2924.54,2910.25,2919.44,2958.91,2971.15,2992.49,314830.9989,95040.3956,128834.139,485959.1824,286583.2879,233729.5887,136088.5207,369891.2449,9.28E+08,2.79E+08,3.79E+08,1.45E+09,8.51E+08,6.98E+08,4.07E+08,1.14E+09,4062164,1004396,1484510,5162535,3959890,2935432,1338212,5276480,159371.2995,43285.9713,65373.9915,233555.1583,146128.2348,116217.5263,66477.086,195057.0391,4.70E+08,1.27E+08,1.92E+08,6.95E+08,4.34E+08,3.47E+08,1.99E+08,6.00E+08,0.008278379,0.007192648,6.31E-04,-0.004408809,0.012182171,-6.89E-04,0.010953548,0.040363625,2927.99,2949.05,2950.91,2937.9,2973.69,2971.64,3004.19,3127.11
2026-01-03T00:00:00,87369.56,87877,87952.71,87237.13,88485.5,87648.21,88839.05,89995.14,87984,88088.75,90406.08,89400,89200,88919.45,90961.81,90741.16,87253.05,87435,86806.5,86845.66,87250,87550.43,88379.88,89314.01,4469.55156,4446.29285,19894.98575,13105.91001,11558.62047,6279.57133,17396.97301,7057.46716,3.91E+08,3.90E+08,1.76E+09,1.16E+09,1.02E+09,5.53E+08,1.56E+09,6.36E+08,957536,1241426,4793589,3542176,2897396,1449281,5010211,1684214,2065.72405,2230.75216,10079.10102,6561.56089,5432.03408,3123.64536,8929.35447,3791.72083,1.81E+08,1.96E+08,8.92E+08,5.78E+08,4.79E+08,2.75E+08,8.00E+08,3.41E+08,0.005808087,8.61E-04,-0.008135963,0.014309962,-0.009462229,0.013586357,0.01301331,0.007032381,87877.01,87952.71,87237.13,88485.49,87648.22,88839.04,89995.13,90628.01,2928,2949.05,2950.91,2937.91,2973.69,2971.65,3004.19,3125.46,2960.89,2961.23,3057.78,3009.8,3028.08,3010,3150.01,3136.71,2917.13,2924.54,2910.25,2919.44,2958.91,2971.15,2992.49,3076,95040.3956,128834.139,485959.1824,286583.2879,233729.5887,136088.5207,369891.2449,134405.2258,2.79E+08,3.79E+08,1.45E+09,8.51E+08,6.98E+08,4.07E+08,1.14E+09,4.18E+08,1004396,1484510,5162535,3959890,2935432,1338212,5276480,1823251,43285.9713,65373.9915,233555.1583,146128.2348,116217.5263,66477.086,195057.0391,66789.8067,1.27E+08,1.92E+08,6.95E+08,4.34E+08,3.47E+08,1.99E+08,6.00E+08,2.08E+08,0.007192648,6.31E-04,-0.004408809,0.012182171,-6.89E-04,0.010953548,0.040363625,5.31E-04,2949.05,2950.91,2937.9,2973.69,2971.64,3004.19,3125.45,3144.7
2026-01-04T00:00:00,87877,87952.71,87237.13,88485.5,87648.21,88839.05,89995.14,90628.01,88088.75,90406.08,89400,89200,88919.45,90961.81,90741.16,91810,87435,86806.5,86845.66,87250,87550.43,88379.88,89314.01,90628,4446.29285,19894.98575,13105.91001,11558.62047,6279.57133,17396.97301,7057.46716,10426.5297,3.90E+08,1.76E+09,1.16E+09,1.02E+09,5.53E+08,1.56E+09,6.36E+08,9.52E+08,1241426,4793589,3542176,2897396,1449281,5010211,1684214,2207037,2230.75216,10079.10102,6561.56089,5432.03408,3123.64536,8929.35447,3791.72083,5320.99389,1.96E+08,8.92E+08,5.78E+08,4.79E+08,2.75E+08,8.00E+08,3.41E+08,4.86E+08,8.61E-04,-0.008135963,0.014309962,-0.009462229,0.013586357,0.01301331,0.007032381,0.009949683,87952.71,87237.13,88485.49,87648.22,88839.04,89995.13,90628.01,91529.73,2949.05,2950.91,2937.91,2973.69,2971.65,3004.19,3125.46,3127.11,2961.23,3057.78,3009.8,3028.08,3010,3150.01,3136.71,3167.22,2924.54,2910.25,2919.44,2958.91,2971.15,2992.49,3076,3118.75,128834.139,485959.1824,286583.2879,233729.5887,136088.5207,369891.2449,134405.2258,181576.0686,3.79E+08,1.45E+09,8.51E+08,6.98E+08,4.07E+08,1.14E+09,4.18E+08,5.71E+08,1484510,5162535,3959890,2935432,1338212,5276480,1823251,2261499,65373.9915,233555.1583,146128.2348,116217.5263,66477.086,195057.0391,66789.8067,94783.8698,1.92E+08,6.95E+08,4.34E+08,3.47E+08,1.99E+08,6.00E+08,2.08E+08,2.98E+08,6.31E-04,-0.004408809,0.012182171,-6.89E-04,0.010953548,0.040363625,5.31E-04,0.005625002,2950.91,2937.9,2973.69,2971.64,3004.19,3125.45,3127.11,3224.99
2026-01-05T00:00:00,87952.71,87237.13,88485.5,87648.21,88839.05,89995.14,90628.01,91529.74,90406.08,89400,89200,88919.45,90961.81,90741.16,91810,94789.08,86806.5,86845.66,87250,87550.43,88379.88,89314.01,90628,91514.81,19894.98575,13105.91001,11558.62047,6279.57133,17396.97301,7057.46716,10426.5297,20673.59584,1.76E+09,1.16E+09,1.02E+09,5.53E+08,1.56E+09,6.36E+08,9.52E+08,1.93E+09,4793589,3542176,2897396,1449281,5010211,1684214,2207037,5485489,10079.10102,6561.56089,5432.03408,3123.64536,8929.35447,3791.72083,5320.99389,10892.9695,8.92E+08,5.78E+08,4.79E+08,2.75E+08,8.00E+08,3.41E+08,4.86E+08,1.02E+09,-0.008135963,0.014309962,-0.009462229,0.013586357,0.01301331,0.007032381,0.009949683,0.025455991,87237.13,88485.49,87648.22,88839.04,89995.13,90628.01,91529.73,93859.71,2950.91,2937.91,2973.69,2971.65,3004.19,3125.46,3127.11,3144.71,3057.78,3009.8,3028.08,3010,3150.01,3136.71,3167.22,3265.66,2910.25,2919.44,2958.91,2971.15,2992.49,3076,3118.75,3135.02,485959.1824,286583.2879,233729.5887,136088.5207,369891.2449,134405.2258,181576.0686,382446.6618,1.45E+09,8.51E+08,6.98E+08,4.07E+08,1.14E+09,4.18E+08,5.71E+08,1.22E+09,5162535,3959890,2935432,1338212,5276480,1823251,2261499,5401982,233555.1583,146128.2348,116217.5263,66477.086,195057.0391,66789.8067,94783.8698,188956.4336,6.95E+08,4.34E+08,3.47E+08,1.99E+08,6.00E+08,2.08E+08,2.98E+08,6.03E+08,-0.004408809,0.012182171,-6.89E-04,0.010953548,0.040363625,5.31E-04,0.005625002,0.025531847,2937.9,2973.69,2971.64,3004.19,3125.45,3127.11,3144.7,3296.84
2026-01-06T00:00:00,87237.13,88485.5,87648.21,88839.05,89995.14,90628.01,91529.74,93859.71,89400,89200,88919.45,90961.81,90741.16,91810,94789.08,94444.44,86845.66,87250,87550.43,88379.88,89314.01,90628,91514.81,91262.94,13105.91001,11558.62047,6279.57133,17396.97301,7057.46716,10426.5297,20673.59584,18546.41829,1.16E+09,1.02E+09,5.53E+08,1.56E+09,6.36E+08,9.52E+08,1.93E+09,1.73E+09,3542176,2897396,1449281,5010211,1684214,2207037,5485489,5018686,6561.56089,5432.03408,3123.64536,8929.35447,3791.72083,5320.99389,10892.9695,8108.82157,5.78E+08,4.79E+08,2.75E+08,8.00E+08,3.41E+08,4.86E+08,1.02E+09,7.56E+08,0.014309962,-0.009462229,0.013586357,0.01301331,0.007032381,0.009949683,0.025455991,-0.0011905,88485.49,87648.22,88839.04,89995.13,90628.01,91529.73,93859.71,93747.97,2937.91,2973.69,2971.65,3004.19,3125.46,3127.11,3144.71,3224.99,3009.8,3028.08,3010,3150.01,3136.71,3167.22,3265.66,3308.86,2919.44,2958.91,2971.15,2992.49,3076,3118.75,3135.02,3183.27,286583.2879,233729.5887,136088.5207,369891.2449,134405.2258,181576.0686,382446.6618,412503.5066,8.51E+08,6.98E+08,4.07E+08,1.14E+09,4.18E+08,5.71E+08,1.22E+09,1.34E+09,3959890,2935432,1338212,5276480,1823251,2261499,5401982,5310071,146128.2348,116217.5263,66477.086,195057.0391,66789.8067,94783.8698,188956.4336,204316.7995,4.34E+08,3.47E+08,1.99E+08,6.00E+08,2.08E+08,2.98E+08,6.03E+08,6.64E+08,0.012182171,-6.89E-04,0.010953548,0.040363625,5.31E-04,0.005625002,0.025531847,0.022279139,2973.69,2971.64,3004.19,3125.45,3127.11,3144.7,3224.99,3168.72
2026-01-07T00:00:00,88485.5,87648.21,88839.05,89995.14,90628.01,91529.74,93859.71,93747.97,89200,88919.45,90961.81,90741.16,91810,94789.08,94444.44,93747.97,87250,87550.43,88379.88,89314.01,90628,91514.81,91262.94,90675.52,11558.62047,6279.57133,17396.97301,7057.46716,10426.5297,20673.59584,18546.41829,14276.49025,1.02E+09,5.53E+08,1.56E+09,6.36E+08,9.52E+08,1.93E+09,1.73E+09,1.31E+09,2897396,1449281,5010211,1684214,2207037,5485489,5018686,4340252,5432.03408,3123.64536,8929.35447,3791.72083,5320.99389,10892.9695,8108.82157,6714.86954,4.79E+08,2.75E+08,8.00E+08,3.41E+08,4.86E+08,1.02E+09,7.56E+08,6.17E+08,-0.009462229,0.013586357,0.01301331,0.007032381,0.009949683,0.025455991,-0.0011905,-0.025427857,87648.22,88839.04,89995.13,90628.01,91529.73,93859.71,93747.97,91364.16,2973.69,2971.65,3004.19,3125.46,3127.11,3144.71,3224.99,3296.83,3028.08,3010,3150.01,3136.71,3167.22,3265.66,3308.86,3296.84,2958.91,2971.15,2992.49,3076,3118.75,3135.02,3183.27,3125.42,233729.5887,136088.5207,369891.2449,134405.2258,181576.0686,382446.6618,412503.5066,321350.1225,6.98E+08,4.07E+08,1.14E+09,4.18E+08,5.71E+08,1.22E+09,1.34E+09,1.03E+09,2935432,1338212,5276480,1823251,2261499,5401982,5310071,4839276,116217.5263,66477.086,195057.0391,66789.8067,94783.8698,188956.4336,204316.7995,154644.9184,3.47E+08,1.99E+08,6.00E+08,2.08E+08,2.98E+08,6.03E+08,6.64E+08,4.94E+08,-6.89E-04,0.010953548,0.040363625,5.31E-04,0.005625002,0.025531847,0.022279139,-0.038861455,2971.64,3004.19,3125.45,3127.11,3144.7,3224.99,3296.84,3106.65
2026-01-08T00:00:00,87648.21,88839.05,89995.14,90628.01,91529.74,93859.71,93747.97,91364.16,88919.45,90961.81,90741.16,91810,94789.08,94444.44,93747.97,91687.99,87550.43,88379.88,89314.01,90628,91514.81,91262.94,90675.52,89311,6279.57133,17396.97301,7057.46716,10426.5297,20673.59584,18546.41829,14276.49025,16132.79117,5.53E+08,1.56E+09,6.36E+08,9.52E+08,1.93E+09,1.73E+09,1.31E+09,1.46E+09,1449281,5010211,1684214,2207037,5485489,5018686,4340252,4923472,3123.64536,8929.35447,3791.72083,5320.99389,10892.9695,8108.82157,6714.86954,8192.07574,2.75E+08,8.00E+08,3.41E+08,4.86E+08,1.02E+09,7.56E+08,6.17E+08,7.42E+08,0.013586357,0.01301331,0.007032381,0.009949683,0.025455991,-0.0011905,-0.025427857,-0.002891396,88839.04,89995.13,90628.01,91529.73,93859.71,93747.97,91364.16,91099.99,2971.65,3004.19,3125.46,3127.11,3144.71,3224.99,3296.83,3168.72,3010,3150.01,3136.71,3167.22,3265.66,3308.86,3296.84,3184.39,2971.15,2992.49,3076,3118.75,3135.02,3183.27,3125.42,3054.65,136088.5207,369891.2449,134405.2258,181576.0686,382446.6618,412503.5066,321350.1225,343616.1005,4.07E+08,1.14E+09,4.18E+08,5.71E+08,1.22E+09,1.34E+09,1.03E+09,1.07E+09,1338212,5276480,1823251,2261499,5401982,5310071,4839276,4982423,66477.086,195057.0391,66789.8067,94783.8698,188956.4336,204316.7995,154644.9184,167834.9366,1.99E+08,6.00E+08,2.08E+08,2.98E+08,6.03E+08,6.64E+08,4.94E+08,5.22E+08,0.010953548,0.040363625,5.31E-04,0.005625002,0.025531847,0.022279139,-0.038861455,-0.019588351,3004.19,3125.45,3127.11,3144.7,3224.99,3296.84,3168.72,3088.4
2026-01-09T00:00:00,88839.05,89995.14,90628.01,91529.74,93859.71,93747.97,91364.16,91100,90961.81,90741.16,91810,94789.08,94444.44,93747.97,91687.99,92082.55,88379.88,89314.01,90628,91514.81,91262.94,90675.52,89311,89694.66,17396.97301,7057.46716,10426.5297,20673.59584,18546.41829,14276.49025,16132.79117,15590.27939,1.56E+09,6.36E+08,9.52E+08,1.93E+09,1.73E+09,1.31E+09,1.46E+09,1.42E+09,5010211,1684214,2207037,5485489,5018686,4340252,4923472,4155703,8929.35447,3791.72083,5320.99389,10892.9695,8108.82157,6714.86954,8192.07574,8512.4327,8.00E+08,3.41E+08,4.86E+08,1.02E+09,7.56E+08,6.17E+08,7.42E+08,7.74E+08,0.01301331,0.007032381,0.009949683,0.025455991,-0.0011905,-0.025427857,-0.002891396,-0.005035237,89995.13,90628.01,91529.73,93859.71,93747.97,91364.16,91099.99,90641.28,3004.19,3125.46,3127.11,3144.71,3224.99,3296.83,3168.72,3106.66,3150.01,3136.71,3167.22,3265.66,3308.86,3296.84,3184.39,3148.41,2992.49,3076,3118.75,3135.02,3183.27,3125.42,3054.65,3058.69,369891.2449,134405.2258,181576.0686,382446.6618,412503.5066,321350.1225,343616.1005,274587.4533,1.14E+09,4.18E+08,5.71E+08,1.22E+09,1.34E+09,1.03E+09,1.07E+09,8.52E+08,5276480,1823251,2261499,5401982,5310071,4839276,4982423,4182570,195057.0391,66789.8067,94783.8698,188956.4336,204316.7995,154644.9184,167834.9366,137269.6714,6.00E+08,2.08E+08,2.98E+08,6.03E+08,6.64E+08,4.94E+08,5.22E+08,4.26E+08,0.040363625,5.31E-04,0.005625002,0.025531847,0.022279139,-0.038861455,-0.019588351,-0.005874495,3125.45,3127.11,3144.7,3224.99,3296.84,3168.72,3106.65,3086.72
2026-01-10T00:00:00,89995.14,90628.01,91529.74,93859.71,93747.97,91364.16,91100,90641.27,90741.16,91810,94789.08,94444.44,93747.97,91687.99,92082.55,90832,89314.01,90628,91514.81,91262.94,90675.52,89311,89694.66,90404,7057.46716,10426.5297,20673.59584,18546.41829,14276.49025,16132.79117,15590.27939,3104.11722,6.36E+08,9.52E+08,1.93E+09,1.73E+09,1.31E+09,1.46E+09,1.42E+09,2.81E+08,1684214,2207037,5485489,5018686,4340252,4923472,4155703,766357,3791.72083,5320.99389,10892.9695,8108.82157,6714.86954,8192.07574,8512.4327,1551.97383,3.41E+08,4.86E+08,1.02E+09,7.56E+08,6.17E+08,7.42E+08,7.74E+08,1.41E+08,0.007032381,0.009949683,0.025455991,-0.0011905,-0.025427857,-0.002891396,-0.005035237,-0.001506819,90628.01,91529.73,93859.71,93747.97,91364.16,91099.99,90641.28,90504.7,3125.46,3127.11,3144.71,3224.99,3296.83,3168.72,3106.66,3088.4,3136.71,3167.22,3265.66,3308.86,3296.84,3184.39,3148.41,3104.12,3076,3118.75,3135.02,3183.27,3125.42,3054.65,3058.69,3077.99,134405.2258,181576.0686,382446.6618,412503.5066,321350.1225,343616.1005,274587.4533,82341.0546,4.18E+08,5.71E+08,1.22E+09,1.34E+09,1.03E+09,1.07E+09,8.52E+08,2.54E+08,1823251,2261499,5401982,5310071,4839276,4982423,4182570,881069,66789.8067,94783.8698,188956.4336,204316.7995,154644.9184,167834.9366,137269.6714,44689.1628,2.08E+08,2.98E+08,6.03E+08,6.64E+08,4.94E+08,5.22E+08,4.26E+08,1.38E+08,5.31E-04,0.005625002,0.025531847,0.022279139,-0.038861455,-0.019588351,-0.005874495,-5.44E-04,3127.11,3144.7,3224.99,3296.84,3168.72,3106.65,3088.4,3123.45
2026-01-11T00:00:00,90628.01,91529.74,93859.71,93747.97,91364.16,91100,90641.27,90504.7,91810,94789.08,94444.44,93747.97,91687.99,92082.55,90832,91283.89,90628,91514.81,91262.94,90675.52,89311,89694.66,90404,90236,10426.5297,20673.59584,18546.41829,14276.49025,16132.79117,15590.27939,3104.11722,5477.13594,9.52E+08,1.93E+09,1.73E+09,1.31E+09,1.46E+09,1.42E+09,2.81E+08,4.97E+08,2207037,5485489,5018686,4340252,4923472,4155703,766357,1282029,5320.99389,10892.9695,8108.82157,6714.86954,8192.07574,8512.4327,1551.97383,2868.36168,4.86E+08,1.02E+09,7.56E+08,6.17E+08,7.42E+08,7.74E+08,1.41E+08,2.60E+08,0.009949683,0.025455991,-0.0011905,-0.025427857,-0.002891396,-0.005035237,-0.001506819,0.005623465,91529.73,93859.71,93747.97,91364.16,91099.99,90641.28,90504.7,91013.65,3127.11,3144.71,3224.99,3296.83,3168.72,3106.66,3088.4,3086.72,3167.22,3265.66,3308.86,3296.84,3184.39,3148.41,3104.12,3147.27,3118.75,3135.02,3183.27,3125.42,3054.65,3058.69,3077.99,3084.46,181576.0686,382446.6618,412503.5066,321350.1225,343616.1005,274587.4533,82341.0546,149381.2965,5.71E+08,1.22E+09,1.34E+09,1.03E+09,1.07E+09,8.52E+08,2.54E+08,4.65E+08,2261499,5401982,5310071,4839276,4982423,4182570,881069,1522502,94783.8698,188956.4336,204316.7995,154644.9184,167834.9366,137269.6714,44689.1628,77521.2191,2.98E+08,6.03E+08,6.64E+08,4.94E+08,5.22E+08,4.26E+08,1.38E+08,2.41E+08,0.005625002,0.025531847,0.022279139,-0.038861455,-0.019588351,-0.005874495,-5.44E-04,0.011899362,3144.7,3224.99,3296.84,3168.72,3106.65,3088.4,3086.72,3095.75
2026-01-12T00:00:00,91529.74,93859.71,93747.97,91364.16,91100,90641.27,90504.7,91013.66,94789.08,94444.44,93747.97,91687.99,92082.55,90832,91283.89,92519.95,91514.81,91262.94,90675.52,89311,89694.66,90404,90236,90128.44,20673.59584,18546.41829,14276.49025,16132.79117,15590.27939,3104.11722,5477.13594,16188.08268,1.93E+09,1.73E+09,1.31E+09,1.46E+09,1.42E+09,2.81E+08,4.97E+08,1.48E+09,5485489,5018686,4340252,4923472,4155703,766357,1282029,4099509,10892.9695,8108.82157,6714.86954,8192.07574,8512.4327,1551.97383,2868.36168,8092.5428,1.02E+09,7.56E+08,6.17E+08,7.42E+08,7.74E+08,1.41E+08,2.60E+08,7.40E+08,0.025455991,-0.0011905,-0.025427857,-0.002891396,-0.005035237,-0.001506819,0.005623465,0.003104479,93859.71,93747.97,91364.16,91099.99,90641.28,90504.7,91013.65,91296.2,3144.71,3224.99,3296.83,3168.72,3106.66,3088.4,3086.72,3123.46,3265.66,3308.86,3296.84,3184.39,3148.41,3104.12,3147.27,3171.49,3135.02,3183.27,3125.42,3054.65,3058.69,3077.99,3084.46,3065.55,382446.6618,412503.5066,321350.1225,343616.1005,274587.4533,82341.0546,149381.2965,297373.4681,1.22E+09,1.34E+09,1.03E+09,1.07E+09,8.52E+08,2.54E+08,4.65E+08,9.28E+08,5401982,5310071,4839276,4982423,4182570,881069,1522502,4303605,188956.4336,204316.7995,154644.9184,167834.9366,137269.6714,44689.1628,77521.2191,145169.9489,6.03E+08,6.64E+08,4.94E+08,5.22E+08,4.26E+08,1.38E+08,2.41E+08,4.53E+08,0.025531847,0.022279139,-0.038861455,-0.019588351,-0.005874495,-5.44E-04,0.011899362,-0.008868399,3224.99,3296.84,3168.72,3106.65,3088.4,3086.72,3123.45,3325.82
2026-01-13T00:00:00,93859.71,93747.97,91364.16,91100,90641.27,90504.7,91013.66,91296.2,94444.44,93747.97,91687.99,92082.55,90832,91283.89,92519.95,96495,91262.94,90675.52,89311,89694.66,90404,90236,90128.44,91042.66,18546.41829,14276.49025,16132.79117,15590.27939,3104.11722,5477.13594,16188.08268,23021.51482,1.73E+09,1.31E+09,1.46E+09,1.42E+09,2.81E+08,4.97E+08,1.48E+09,2.15E+09,5018686,4340252,4923472,4155703,766357,1282029,4099509,5025071,8108.82157,6714.86954,8192.07574,8512.4327,1551.97383,2868.36168,8092.5428,12405.23056,7.56E+08,6.17E+08,7.42E+08,7.74E+08,1.41E+08,2.60E+08,7.40E+08,1.16E+09,-0.0011905,-0.025427857,-0.002891396,-0.005035237,-0.001506819,0.005623465,0.003104479,0.045103739,93747.97,91364.16,91099.99,90641.28,90504.7,91013.65,91296.2,95414,3224.99,3296.83,3168.72,3106.66,3088.4,3086.72,3123.46,3095.75,3308.86,3296.84,3184.39,3148.41,3104.12,3147.27,3171.49,3367.79,3183.27,3125.42,3054.65,3058.69,3077.99,3084.46,3065.55,3091.96,412503.5066,321350.1225,343616.1005,274587.4533,82341.0546,149381.2965,297373.4681,457782.2816,1.34E+09,1.03E+09,1.07E+09,8.52E+08,2.54E+08,4.65E+08,9.28E+08,1.47E+09,5310071,4839276,4982423,4182570,881069,1522502,4303605,4876916,204316.7995,154644.9184,167834.9366,137269.6714,44689.1628,77521.2191,145169.9489,239733.9448,6.64E+08,4.94E+08,5.22E+08,4.26E+08,1.38E+08,2.41E+08,4.53E+08,7.70E+08,0.022279139,-0.038861455,-0.019588351,-0.005874495,-5.44E-04,0.011899362,-0.008868399,0.074318017,3296.84,3168.72,3106.65,3088.4,3086.72,3123.45,3095.75,3354.92
2026-01-14T00:00:00,93747.97,91364.16,91100,90641.27,90504.7,91013.66,91296.2,95413.99,93747.97,91687.99,92082.55,90832,91283.89,92519.95,96495,97924.49,90675.52,89311,89694.66,90404,90236,90128.44,91042.66,94559.28,14276.49025,16132.79117,15590.27939,3104.11722,5477.13594,16188.08268,23021.51482,22851.89428,1.31E+09,1.46E+09,1.42E+09,2.81E+08,4.97E+08,1.48E+09,2.15E+09,2.20E+09,4340252,4923472,4155703,766357,1282029,4099509,5025071,5346212,6714.86954,8192.07574,8512.4327,1551.97383,2868.36168,8092.5428,12405.23056,11974.98829,6.17E+08,7.42E+08,7.74E+08,1.41E+08,2.60E+08,7.40E+08,1.16E+09,1.15E+09,-0.025427857,-0.002891396,-0.005035237,-0.001506819,0.005623465,0.003104479,0.045103739,0.016116922,91364.16,91099.99,90641.28,90504.7,91013.65,91296.2,95414,96951.78,3296.83,3168.72,3106.66,3088.4,3086.72,3123.46,3095.75,3325.83,3296.84,3184.39,3148.41,3104.12,3147.27,3171.49,3367.79,3402.89,3125.42,3054.65,3058.69,3077.99,3084.46,3065.55,3091.96,3280.48,321350.1225,343616.1005,274587.4533,82341.0546,149381.2965,297373.4681,457782.2816,503440.0759,1.03E+09,1.07E+09,8.52E+08,2.54E+08,4.65E+08,9.28E+08,1.47E+09,1.68E+09,4839276,4982423,4182570,881069,1522502,4303605,4876916,5351410,154644.9184,167834.9366,137269.6714,44689.1628,77521.2191,145169.9489,239733.9448,242601.2111,4.94E+08,5.22E+08,4.26E+08,1.38E+08,2.41E+08,4.53E+08,7.70E+08,8.11E+08,-0.038861455,-0.019588351,-0.005874495,-5.44E-04,0.011899362,-0.008868399,0.074318017,0.008749722,3168.72,3106.65,3088.4,3086.72,3123.45,3095.75,3325.82,3318.69
2026-01-15T00:00:00,91364.16,91100,90641.27,90504.7,91013.66,91296.2,95413.99,96951.78,91687.99,92082.55,90832,91283.89,92519.95,96495,97924.49,97193.34,89311,89694.66,90404,90236,90128.44,91042.66,94559.28,95134.48,16132.79117,15590.27939,3104.11722,5477.13594,16188.08268,23021.51482,22851.89428,21725.81369,1.46E+09,1.42E+09,2.81E+08,4.97E+08,1.48E+09,2.15E+09,2.20E+09,2.09E+09,4923472,4155703,766357,1282029,4099509,5025071,5346212,4493095,8192.07574,8512.4327,1551.97383,2868.36168,8092.5428,12405.23056,11974.98829,10841.32767,7.42E+08,7.74E+08,1.41E+08,2.60E+08,7.40E+08,1.16E+09,1.15E+09,1.05E+09,-0.002891396,-0.005035237,-0.001506819,0.005623465,0.003104479,0.045103739,0.016116922,-0.013893298,91099.99,90641.28,90504.7,91013.65,91296.2,95414,96951.78,95604.8,3168.72,3106.66,3088.4,3086.72,3123.46,3095.75,3325.83,3354.92,3184.39,3148.41,3104.12,3147.27,3171.49,3367.79,3402.89,3384.19,3054.65,3058.69,3077.99,3084.46,3065.55,3091.96,3280.48,3273.72,343616.1005,274587.4533,82341.0546,149381.2965,297373.4681,457782.2816,503440.0759,389993.836,1.07E+09,8.52E+08,2.54E+08,4.65E+08,9.28E+08,1.47E+09,1.68E+09,1.30E+09,4982423,4182570,881069,1522502,4303605,4876916,5351410,4766390,167834.9366,137269.6714,44689.1628,77521.2191,145169.9489,239733.9448,242601.2111,182106.0811,5.22E+08,4.26E+08,1.38E+08,2.41E+08,4.53E+08,7.70E+08,8.11E+08,6.06E+08,-0.019588351,-0.005874495,-5.44E-04,0.011899362,-0.008868399,0.074318017,0.008749722,-0.010799065,3106.65,3088.4,3086.72,3123.45,3095.75,3325.82,3354.92,3296.28
2026-01-16T00:00:00,91100,90641.27,90504.7,91013.66,91296.2,95413.99,96951.78,95604.81,92082.55,90832,91283.89,92519.95,96495,97924.49,97193.34,95871.47,89694.66,90404,90236,90128.44,91042.66,94559.28,95134.48,94293.46,15590.27939,3104.11722,5477.13594,16188.08268,23021.51482,22851.89428,21725.81369,11167.7146,1.42E+09,2.81E+08,4.97E+08,1.48E+09,2.15E+09,2.20E+09,2.09E+09,1.06E+09,4155703,766357,1282029,4099509,5025071,5346212,4493095,2971559,8512.4327,1551.97383,2868.36168,8092.5428,12405.23056,11974.98829,10841.32767,5055.06952,7.74E+08,1.41E+08,2.60E+08,7.40E+08,1.16E+09,1.15E+09,1.05E+09,4.82E+08,-0.005035237,-0.001506819,0.005623465,0.003104479,0.045103739,0.016116922,-0.013893298,-5.63E-04,90641.28,90504.7,91013.65,91296.2,95414,96951.78,95604.8,95550.94,3106.66,3088.4,3086.72,3123.46,3095.75,3325.83,3354.92,3318.7,3148.41,3104.12,3147.27,3171.49,3367.79,3402.89,3384.19,3326.79,3058.69,3077.99,3084.46,3065.55,3091.96,3280.48,3273.72,3253.01,274587.4533,82341.0546,149381.2965,297373.4681,457782.2816,503440.0759,389993.836,223921.7876,8.52E+08,2.54E+08,4.65E+08,9.28E+08,1.47E+09,1.68E+09,1.30E+09,7.37E+08,4182570,881069,1522502,4303605,4876916,5351410,4766390,3528248,137269.6714,44689.1628,77521.2191,145169.9489,239733.9448,242601.2111,182106.0811,109159.1615,4.26E+08,1.38E+08,2.41E+08,4.53E+08,7.70E+08,8.11E+08,6.06E+08,3.59E+08,-0.005874495,-5.44E-04,0.011899362,-0.008868399,0.074318017,0.008749722,-0.010799065,-0.006752664,3088.4,3086.72,3123.45,3095.75,3325.82,3354.92,3318.69,3310.56
2026-01-17T00:00:00,90641.27,90504.7,91013.66,91296.2,95413.99,96951.78,95604.81,95550.94,90832,91283.89,92519.95,96495,97924.49,97193.34,95871.47,95639.45,90404,90236,90128.44,91042.66,94559.28,95134.48,94293.46,95021.67,3104.11722,5477.13594,16188.08268,23021.51482,22851.89428,21725.81369,11167.7146,4280.80137,2.81E+08,4.97E+08,1.48E+09,2.15E+09,2.20E+09,2.09E+09,1.06E+09,4.08E+08,766357,1282029,4099509,5025071,5346212,4493095,2971559,1020527,1551.97383,2868.36168,8092.5428,12405.23056,11974.98829,10841.32767,5055.06952,2059.85283,1.41E+08,2.60E+08,7.40E+08,1.16E+09,1.15E+09,1.05E+09,4.82E+08,1.96E+08,-0.001506819,0.005623465,0.003104479,0.045103739,0.016116922,-0.013893298,-5.63E-04,-0.004219425,90504.7,91013.65,91296.2,95414,96951.78,95604.8,95550.94,95147.77,3088.4,3086.72,3123.46,3095.75,3325.83,3354.92,3318.7,3296.28,3104.12,3147.27,3171.49,3367.79,3402.89,3384.19,3326.79,3330.26,3077.99,3084.46,3065.55,3091.96,3280.48,3273.72,3253.01,3283.96,82341.0546,149381.2965,297373.4681,457782.2816,503440.0759,389993.836,223921.7876,124325.0303,2.54E+08,4.65E+08,9.28E+08,1.47E+09,1.68E+09,1.30E+09,7.37E+08,4.12E+08,881069,1522502,4303605,4876916,5351410,4766390,3528248,1229614,44689.1628,77521.2191,145169.9489,239733.9448,242601.2111,182106.0811,109159.1615,68643.5852,1.38E+08,2.41E+08,4.53E+08,7.70E+08,8.11E+08,6.06E+08,3.59E+08,2.27E+08,-5.44E-04,0.011899362,-0.008868399,0.074318017,0.008749722,-0.010799065,-0.006752664,0.004332156,3086.72,3123.45,3095.75,3325.82,3354.92,3318.69,3296.28,3284.03
2026-01-18T00:00:00,90504.7,91013.66,91296.2,95413.99,96951.78,95604.81,95550.94,95147.77,91283.89,92519.95,96495,97924.49,97193.34,95871.47,95639.45,95531.12,90236,90128.44,91042.66,94559.28,95134.48,94293.46,95021.67,93615.4,5477.13594,16188.08268,23021.51482,22851.89428,21725.81369,11167.7146,4280.80137,6895.17819,4.97E+08,1.48E+09,2.15E+09,2.20E+09,2.09E+09,1.06E+09,4.08E+08,6.55E+08,1282029,4099509,5025071,5346212,4493095,2971559,1020527,1488785,2868.36168,8092.5428,12405.23056,11974.98829,10841.32767,5055.06952,2059.85283,3107.35604,2.60E+08,7.40E+08,1.16E+09,1.15E+09,1.05E+09,4.82E+08,1.96E+08,2.95E+08,0.005623465,0.003104479,0.045103739,0.016116922,-0.013893298,-5.63E-04,-0.004219425,-0.015498314,91013.65,91296.2,95414,96951.78,95604.8,95550.94,95147.77,93673.14,3086.72,3123.46,3095.75,3325.83,3354.92,3318.7,3296.28,3310.56,3147.27,3171.49,3367.79,3402.89,3384.19,3326.79,3330.26,3368.82,3084.46,3065.55,3091.96,3280.48,3273.72,3253.01,3283.96,3278.86,149381.2965,297373.4681,457782.2816,503440.0759,389993.836,223921.7876,124325.0303,173354.3026,4.65E+08,9.28E+08,1.47E+09,1.68E+09,1.30E+09,7.37E+08,4.12E+08,5.76E+08,1522502,4303605,4876916,5351410,4766390,3528248,1229614,2227452,77521.2191,145169.9489,239733.9448,242601.2111,182106.0811,109159.1615,68643.5852,93056.7992,2.41E+08,4.53E+08,7.70E+08,8.11E+08,6.06E+08,3.59E+08,2.27E+08,3.09E+08,0.011899362,-0.008868399,0.074318017,0.008749722,-0.010799065,-0.006752664,0.004332156,-0.00801375,3123.45,3095.75,3325.82,3354.92,3318.69,3296.28,3310.56,3189.55
2026-01-19T00:00:00,91013.66,91296.2,95413.99,96951.78,95604.81,95550.94,95147.77,93673.14,92519.95,96495,97924.49,97193.34,95871.47,95639.45,95531.12,93673.14,90128.44,91042.66,94559.28,95134.48,94293.46,95021.67,93615.4,91910.2,16188.08268,23021.51482,22851.89428,21725.81369,11167.7146,4280.80137,6895.17819,14295.52747,1.48E+09,2.15E+09,2.20E+09,2.09E+09,1.06E+09,4.08E+08,6.55E+08,1.33E+09,4099509,5025071,5346212,4493095,2971559,1020527,1488785,3359066,8092.5428,12405.23056,11974.98829,10841.32767,5055.06952,2059.85283,3107.35604,6906.84245,7.40E+08,1.16E+09,1.15E+09,1.05E+09,4.82E+08,1.96E+08,2.95E+08,6.41E+08,0.003104479,0.045103739,0.016116922,-0.013893298,-5.63E-04,-0.004219425,-0.015498314,-0.011125281,91296.2,95414,96951.78,95604.8,95550.94,95147.77,93673.14,92631,3123.46,3095.75,3325.83,3354.92,3318.7,3296.28,3310.56,3284.04,3171.49,3367.79,3402.89,3384.19,3326.79,3330.26,3368.82,3284.58,3065.55,3091.96,3280.48,3273.72,3253.01,3283.96,3278.86,3165.38,297373.4681,457782.2816,503440.0759,389993.836,223921.7876,124325.0303,173354.3026,442540.5596,9.28E+08,1.47E+09,1.68E+09,1.30E+09,7.37E+08,4.12E+08,5.76E+08,1.42E+09,4303605,4876916,5351410,4766390,3528248,1229614,2227452,4406164,145169.9489,239733.9448,242601.2111,182106.0811,109159.1615,68643.5852,93056.7992,225707.6739,4.53E+08,7.70E+08,8.11E+08,6.06E+08,3.59E+08,2.27E+08,3.09E+08,7.25E+08,-0.008868399,0.074318017,0.008749722,-0.010799065,-0.006752664,0.004332156,-0.00801375,-0.02876953,3095.75,3325.82,3354.92,3318.69,3296.28,3310.56,3284.03,2939.88
2026-01-20T00:00:00,91296.2,95413.99,96951.78,95604.81,95550.94,95147.77,93673.14,92630.99,96495,97924.49,97193.34,95871.47,95639.45,95531.12,93673.14,92870,91042.66,94559.28,95134.48,94293.46,95021.67,93615.4,91910.2,87895.98,23021.51482,22851.89428,21725.81369,11167.7146,4280.80137,6895.17819,14295.52747,22007.3261,2.15E+09,2.20E+09,2.09E+09,1.06E+09,4.08E+08,6.55E+08,1.33E+09,1.99E+09,5025071,5346212,4493095,2971559,1020527,1488785,3359066,6064031,12405.23056,11974.98829,10841.32767,5055.06952,2059.85283,3107.35604,6906.84245,9629.19624,1.16E+09,1.15E+09,1.05E+09,4.82E+08,1.96E+08,2.95E+08,6.41E+08,8.71E+08,0.045103739,0.016116922,-0.013893298,-5.63E-04,-0.004219425,-0.015498314,-0.011125281,-0.04537725,95414,96951.78,95604.8,95550.94,95147.77,93673.14,92631,88427.66,3095.75,3325.83,3354.92,3318.7,3296.28,3310.56,3284.04,3189.56,3367.79,3402.89,3384.19,3326.79,3330.26,3368.82,3284.58,3200.5,3091.96,3280.48,3273.72,3253.01,3283.96,3278.86,3165.38,2920,457782.2816,503440.0759,389993.836,223921.7876,124325.0303,173354.3026,442540.5596,518166.4787,1.47E+09,1.68E+09,1.30E+09,7.37E+08,4.12E+08,5.76E+08,1.42E+09,1.59E+09,4876916,5351410,4766390,3528248,1229614,2227452,4406164,7228638,239733.9448,242601.2111,182106.0811,109159.1615,68643.5852,93056.7992,225707.6739,251605.1302,7.70E+08,8.11E+08,6.06E+08,3.59E+08,2.27E+08,3.09E+08,7.25E+08,7.71E+08,0.074318017,0.008749722,-0.010799065,-0.006752664,0.004332156,-0.00801375,-0.02876953,-0.0782775,3325.82,3354.92,3318.69,3296.28,3310.56,3284.03,3189.55,2982.27
2026-01-21T00:00:00,95413.99,96951.78,95604.81,95550.94,95147.77,93673.14,92630.99,88427.66,97924.49,97193.34,95871.47,95639.45,95531.12,93673.14,92870,90574,94559.28,95134.48,94293.46,95021.67,93615.4,91910.2,87895.98,87263.53,22851.89428,21725.81369,11167.7146,4280.80137,6895.17819,14295.52747,22007.3261,20617.50372,2.20E+09,2.09E+09,1.06E+09,4.08E+08,6.55E+08,1.33E+09,1.99E+09,1.84E+09,5346212,4493095,2971559,1020527,1488785,3359066,6064031,6419053,11974.98829,10841.32767,5055.06952,2059.85283,3107.35604,6906.84245,9629.19624,10265.21302,1.15E+09,1.05E+09,4.82E+08,1.96E+08,2.95E+08,6.41E+08,8.71E+08,9.16E+08,0.016116922,-0.013893298,-5.63E-04,-0.004219425,-0.015498314,-0.011125281,-0.04537725,0.011614805,96951.78,95604.8,95550.94,95147.77,93673.14,92631,88427.66,89454.73,3325.83,3354.92,3318.7,3296.28,3310.56,3284.04,3189.56,2939.88,3402.89,3384.19,3326.79,3330.26,3368.82,3284.58,3200.5,3069.07,3280.48,3273.72,3253.01,3283.96,3278.86,3165.38,2920,2866.11,503440.0759,389993.836,223921.7876,124325.0303,173354.3026,442540.5596,518166.4787,577800.2481,1.68E+09,1.30E+09,7.37E+08,4.12E+08,5.76E+08,1.42E+09,1.59E+09,1.71E+09,5351410,4766390,3528248,1229614,2227452,4406164,7228638,8064316,242601.2111,182106.0811,109159.1615,68643.5852,93056.7992,225707.6739,251605.1302,296961.807,8.11E+08,6.06E+08,3.59E+08,2.27E+08,3.09E+08,7.25E+08,7.71E+08,8.81E+08,0.008749722,-0.010799065,-0.006752664,0.004332156,-0.00801375,-0.02876953,-0.0782775,0.014418956,3354.92,3318.69,3296.28,3310.56,3284.03,3189.55,2939.88,2952.69
2026-01-22T00:00:00,96951.78,95604.81,95550.94,95147.77,93673.14,92630.99,88427.66,89454.73,97193.34,95871.47,95639.45,95531.12,93673.14,92870,90574,90359.99,95134.48,94293.46,95021.67,93615.4,91910.2,87895.98,87263.53,88515.37,21725.81369,11167.7146,4280.80137,6895.17819,14295.52747,22007.3261,20617.50372,10825.50492,2.09E+09,1.06E+09,4.08E+08,6.55E+08,1.33E+09,1.99E+09,1.84E+09,9.70E+08,4493095,2971559,1020527,1488785,3359066,6064031,6419053,3743412,10841.32767,5055.06952,2059.85283,3107.35604,6906.84245,9629.19624,10265.21302,5529.54766,1.05E+09,4.82E+08,1.96E+08,2.95E+08,6.41E+08,8.71E+08,9.16E+08,4.96E+08,-0.013893298,-5.63E-04,-0.004219425,-0.015498314,-0.011125281,-0.04537725,0.011614805,0.001173107,95604.8,95550.94,95147.77,93673.14,92631,88427.66,89454.73,89559.67,3354.92,3318.7,3296.28,3310.56,3284.04,3189.56,2939.88,2982.28,3384.19,3326.79,3330.26,3368.82,3284.58,3200.5,3069.07,3038.33,3273.72,3253.01,3283.96,3278.86,3165.38,2920,2866.11,2906.02,389993.836,223921.7876,124325.0303,173354.3026,442540.5596,518166.4787,577800.2481,291660.7349,1.30E+09,7.37E+08,4.12E+08,5.76E+08,1.42E+09,1.59E+09,1.71E+09,8.67E+08,4766390,3528248,1229614,2227452,4406164,7228638,8064316,4696521,182106.0811,109159.1615,68643.5852,93056.7992,225707.6739,251605.1302,296961.807,144410.7947,6.06E+08,3.59E+08,2.27E+08,3.09E+08,7.25E+08,7.71E+08,8.81E+08,4.29E+08,-0.010799065,-0.006752664,0.004332156,-0.00801375,-0.02876953,-0.0782775,0.014418956,-0.009918619,3318.69,3296.28,3310.56,3284.03,3189.55,2939.88,2982.27,2956.41
2026-01-23T00:00:00,95604.81,95550.94,95147.77,93673.14,92630.99,88427.66,89454.73,89559.68,95871.47,95639.45,95531.12,93673.14,92870,90574,90359.99,91224.99,94293.46,95021.67,93615.4,91910.2,87895.98,87263.53,88515.37,88578.36,11167.7146,4280.80137,6895.17819,14295.52747,22007.3261,20617.50372,10825.50492,13918.48919,1.06E+09,4.08E+08,6.55E+08,1.33E+09,1.99E+09,1.84E+09,9.70E+08,1.25E+09,2971559,1020527,1488785,3359066,6064031,6419053,3743412,4619907,5055.06952,2059.85283,3107.35604,6906.84245,9629.19624,10265.21302,5529.54766,6911.17668,4.82E+08,1.96E+08,2.95E+08,6.41E+08,8.71E+08,9.16E+08,4.96E+08,6.20E+08,-5.63E-04,-0.004219425,-0.015498314,-0.011125281,-0.04537725,0.011614805,0.001173107,4.53E-04,95550.94,95147.77,93673.14,92631,88427.66,89454.73,89559.67,89600.26,3318.7,3296.28,3310.56,3284.04,3189.56,2939.88,2982.28,2952.7,3326.79,3330.26,3368.82,3284.58,3200.5,3069.07,3038.33,3019.26,3253.01,3283.96,3278.86,3165.38,2920,2866.11,2906.02,2892.4,223921.7876,124325.0303,173354.3026,442540.5596,518166.4787,577800.2481,291660.7349,318415.3317,7.37E+08,4.12E+08,5.76E+08,1.42E+09,1.59E+09,1.71E+09,8.67E+08,9.40E+08,3528248,1229614,2227452,4406164,7228638,8064316,4696521,5479038,109159.1615,68643.5852,93056.7992,225707.6739,251605.1302,296961.807,144410.7947,159251.2529,3.59E+08,2.27E+08,3.09E+08,7.25E+08,7.71E+08,8.81E+08,4.29E+08,4.70E+08,-0.006752664,0.004332156,-0.00801375,-0.02876953,-0.0782775,0.014418956,-0.009918619,0.001259868,3296.28,3310.56,3284.03,3189.55,2939.88,2982.27,2952.69,2953.22
2026-01-24T00:00:00,95550.94,95147.77,93673.14,92630.99,88427.66,89454.73,89559.68,89600.26,95639.45,95531.12,93673.14,92870,90574,90359.99,91224.99,89957.39,95021.67,93615.4,91910.2,87895.98,87263.53,88515.37,88578.36,89162.08,4280.80137,6895.17819,14295.52747,22007.3261,20617.50372,10825.50492,13918.48919,4226.56737,4.08E+08,6.55E+08,1.33E+09,1.99E+09,1.84E+09,9.70E+08,1.25E+09,3.78E+08,1020527,1488785,3359066,6064031,6419053,3743412,4619907,959854,2059.85283,3107.35604,6906.84245,9629.19624,10265.21302,5529.54766,6911.17668,1835.96939,1.96E+08,2.95E+08,6.41E+08,8.71E+08,9.16E+08,4.96E+08,6.20E+08,1.64E+08,-0.004219425,-0.015498314,-0.011125281,-0.04537725,0.011614805,0.001173107,4.53E-04,-0.004184363,95147.77,93673.14,92631,88427.66,89454.73,89559.67,89600.26,89225.34,3296.28,3310.56,3284.04,3189.56,2939.88,2982.28,2952.7,2956.41,3330.26,3368.82,3284.58,3200.5,3069.07,3038.33,3019.26,2970.41,3283.96,3278.86,3165.38,2920,2866.11,2906.02,2892.4,2943.84,124325.0303,173354.3026,442540.5596,518166.4787,577800.2481,291660.7349,318415.3317,92082.9039,4.12E+08,5.76E+08,1.42E+09,1.59E+09,1.71E+09,8.67E+08,9.40E+08,2.73E+08,1229614,2227452,4406164,7228638,8064316,4696521,5479038,1185149,68643.5852,93056.7992,225707.6739,251605.1302,296961.807,144410.7947,159251.2529,41483.2107,2.27E+08,3.09E+08,7.25E+08,7.71E+08,8.81E+08,4.29E+08,4.70E+08,1.23E+08,0.004332156,-0.00801375,-0.02876953,-0.0782775,0.014418956,-0.009918619,0.001259868,-0.001079011,3310.56,3284.03,3189.55,2939.88,2982.27,2952.69,2956.41,2816.89
2026-01-25T00:00:00,95147.77,93673.14,92630.99,88427.66,89454.73,89559.68,89600.26,89225.34,95531.12,93673.14,92870,90574,90359.99,91224.99,89957.39,89319.13,93615.4,91910.2,87895.98,87263.53,88515.37,88578.36,89162.08,86074.72,6895.17819,14295.52747,22007.3261,20617.50372,10825.50492,13918.48919,4226.56737,14426.22019,6.55E+08,1.33E+09,1.99E+09,1.84E+09,9.70E+08,1.25E+09,3.78E+08,1.26E+09,1488785,3359066,6064031,6419053,3743412,4619907,959854,3720178,3107.35604,6906.84245,9629.19624,10265.21302,5529.54766,6911.17668,1835.96939,6269.27657,2.95E+08,6.41E+08,8.71E+08,9.16E+08,4.96E+08,6.20E+08,1.64E+08,5.49E+08,-0.015498314,-0.011125281,-0.04537725,0.011614805,0.001173107,4.53E-04,-0.004184363,-0.028635139,93673.14,92631,88427.66,89454.73,89559.67,89600.26,89225.34,86670.36,3310.56,3284.04,3189.56,2939.88,2982.28,2952.7,2956.41,2953.23,3368.82,3284.58,3200.5,3069.07,3038.33,3019.26,2970.41,2960.29,3278.86,3165.38,2920,2866.11,2906.02,2892.4,2943.84,2787,173354.3026,442540.5596,518166.4787,577800.2481,291660.7349,318415.3317,92082.9039,380186.5326,5.76E+08,1.42E+09,1.59E+09,1.71E+09,8.67E+08,9.40E+08,2.73E+08,1.09E+09,2227452,4406164,7228638,8064316,4696521,5479038,1185149,4637787,93056.7992,225707.6739,251605.1302,296961.807,144410.7947,159251.2529,41483.2107,165133.7717,3.09E+08,7.25E+08,7.71E+08,8.81E+08,4.29E+08,4.70E+08,1.23E+08,4.73E+08,-0.00801375,-0.02876953,-0.0782775,0.014418956,-0.009918619,0.001259868,-0.001079011,-0.046163171,3284.03,3189.55,2939.88,2982.27,2952.69,2956.41,2953.22,2930.35
2026-01-26T00:00:00,93673.14,92630.99,88427.66,89454.73,89559.68,89600.26,89225.34,86670.36,93673.14,92870,90574,90359.99,91224.99,89957.39,89319.13,88860,91910.2,87895.98,87263.53,88515.37,88578.36,89162.08,86074.72,86509.63,14295.52747,22007.3261,20617.50372,10825.50492,13918.48919,4226.56737,14426.22019,17766.51453,1.33E+09,1.99E+09,1.84E+09,9.70E+08,1.25E+09,3.78E+08,1.26E+09,1.56E+09,3359066,6064031,6419053,3743412,4619907,959854,3720178,4798083,6906.84245,9629.19624,10265.21302,5529.54766,6911.17668,1835.96939,6269.27657,9428.94206,6.41E+08,8.71E+08,9.16E+08,4.96E+08,6.20E+08,1.64E+08,5.49E+08,8.28E+08,-0.011125281,-0.04537725,0.011614805,0.001173107,4.53E-04,-0.004184363,-0.028635139,0.019345945,92631,88427.66,89454.73,89559.67,89600.26,89225.34,86670.36,88347.08,3284.04,3189.56,2939.88,2982.28,2952.7,2956.41,2953.23,2816.9,3284.58,3200.5,3069.07,3038.33,3019.26,2970.41,2960.29,2951.21,3165.38,2920,2866.11,2906.02,2892.4,2943.84,2787,2812.37,442540.5596,518166.4787,577800.2481,291660.7349,318415.3317,92082.9039,380186.5326,485169.3372,1.42E+09,1.59E+09,1.71E+09,8.67E+08,9.40E+08,2.73E+08,1.09E+09,1.41E+09,4406164,7228638,8064316,4696521,5479038,1185149,4637787,5933570,225707.6739,251605.1302,296961.807,144410.7947,159251.2529,41483.2107,165133.7717,239396.1448,7.25E+08,7.71E+08,8.81E+08,4.29E+08,4.70E+08,1.23E+08,4.73E+08,6.94E+08,-0.02876953,-0.0782775,0.014418956,-0.009918619,0.001259868,-0.001079011,-0.046163171,0.040278463,3189.55,2939.88,2982.27,2952.69,2956.41,2953.22,2816.89,3026.77
2026-01-27T00:00:00,92630.99,88427.66,89454.73,89559.68,89600.26,89225.34,86670.36,88347.08,92870,90574,90359.99,91224.99,89957.39,89319.13,88860,89523.16,87895.98,87263.53,88515.37,88578.36,89162.08,86074.72,86509.63,87304.33,22007.3261,20617.50372,10825.50492,13918.48919,4226.56737,14426.22019,17766.51453,13125.40425,1.99E+09,1.84E+09,9.70E+08,1.25E+09,3.78E+08,1.26E+09,1.56E+09,1.16E+09,6064031,6419053,3743412,4619907,959854,3720178,4798083,3787336,9629.19624,10265.21302,5529.54766,6911.17668,1835.96939,6269.27657,9428.94206,6722.86937,8.71E+08,9.16E+08,4.96E+08,6.20E+08,1.64E+08,5.49E+08,8.28E+08,5.94E+08,-0.04537725,0.011614805,0.001173107,4.53E-04,-0.004184363,-0.028635139,0.019345945,0.010220145,88427.66,89454.73,89559.67,89600.26,89225.34,86670.36,88347.08,89250,3189.56,2939.88,2982.28,2952.7,2956.41,2953.23,2816.9,2930.35,3200.5,3069.07,3038.33,3019.26,2970.41,2960.29,2951.21,3035.08,2920,2866.11,2906.02,2892.4,2943.84,2787,2812.37,2899.77,518166.4787,577800.2481,291660.7349,318415.3317,92082.9039,380186.5326,485169.3372,478792.3988,1.59E+09,1.71E+09,8.67E+08,9.40E+08,2.73E+08,1.09E+09,1.41E+09,1.42E+09,7228638,8064316,4696521,5479038,1185149,4637787,5933570,5278439,251605.1302,296961.807,144410.7947,159251.2529,41483.2107,165133.7717,239396.1448,229630.1728,7.71E+08,8.81E+08,4.29E+08,4.70E+08,1.23E+08,4.73E+08,6.94E+08,6.79E+08,-0.0782775,0.014418956,-0.009918619,0.001259868,-0.001079011,-0.046163171,0.040278463,0.032903919,2939.88,2982.27,2952.69,2956.41,2953.22,2816.89,2930.35,3010.78
2026-01-28T00:00:00,88427.66,89454.73,89559.68,89600.26,89225.34,86670.36,88347.08,89249.99,90574,90359.99,91224.99,89957.39,89319.13,88860,89523.16,90600,87263.53,88515.37,88578.36,89162.08,86074.72,86509.63,87304.33,88833.65,20617.50372,10825.50492,13918.48919,4226.56737,14426.22019,17766.51453,13125.40425,14332.18502,1.84E+09,9.70E+08,1.25E+09,3.78E+08,1.26E+09,1.56E+09,1.16E+09,1.28E+09,6419053,3743412,4619907,959854,3720178,4798083,3787336,4385791,10265.21302,5529.54766,6911.17668,1835.96939,6269.27657,9428.94206,6722.86937,7015.44336,9.16E+08,4.96E+08,6.20E+08,1.64E+08,5.49E+08,8.28E+08,5.94E+08,6.29E+08,0.011614805,0.001173107,4.53E-04,-0.004184363,-0.028635139,0.019345945,0.010220145,5.60E-04,89454.73,89559.67,89600.26,89225.34,86670.36,88347.08,89250,89299.99,2939.88,2982.28,2952.7,2956.41,2953.23,2816.9,2930.35,3026.77,3069.07,3038.33,3019.26,2970.41,2960.29,2951.21,3035.08,3045.78,2866.11,2906.02,2892.4,2943.84,2787,2812.37,2899.77,2983.67,577800.2481,291660.7349,318415.3317,92082.9039,380186.5326,485169.3372,478792.3988,296607.6549,1.71E+09,8.67E+08,9.40E+08,2.73E+08,1.09E+09,1.41E+09,1.42E+09,8.94E+08,8064316,4696521,5479038,1185149,4637787,5933570,5278439,5061029,296961.807,144410.7947,159251.2529,41483.2107,165133.7717,239396.1448,229630.1728,154557.6064,8.81E+08,4.29E+08,4.70E+08,1.23E+08,4.73E+08,6.94E+08,6.79E+08,4.66E+08,0.014418956,-0.009918619,0.001259868,-0.001079011,-0.046163171,0.040278463,0.032903919,-0.005282859,2982.27,2952.69,2956.41,2953.22,2816.89,2930.35,3026.77,2822.59
2026-01-29T00:00:00,89454.73,89559.68,89600.26,89225.34,86670.36,88347.08,89249.99,89300,90359.99,91224.99,89957.39,89319.13,88860,89523.16,90600,89348,88515.37,88578.36,89162.08,86074.72,86509.63,87304.33,88833.65,83383.33,10825.50492,13918.48919,4226.56737,14426.22019,17766.51453,13125.40425,14332.18502,30431.38201,9.70E+08,1.25E+09,3.78E+08,1.26E+09,1.56E+09,1.16E+09,1.28E+09,2.61E+09,3743412,4619907,959854,3720178,4798083,3787336,4385791,5598749,5529.54766,6911.17668,1835.96939,6269.27657,9428.94206,6722.86937,7015.44336,12385.58906,4.96E+08,6.20E+08,1.64E+08,5.49E+08,8.28E+08,5.94E+08,6.29E+08,1.06E+09,0.001173107,4.53E-04,-0.004184363,-0.028635139,0.019345945,0.010220145,5.60E-04,-0.052069771,89559.67,89600.26,89225.34,86670.36,88347.08,89250,89299.99,84650.16,2982.28,2952.7,2956.41,2953.23,2816.9,2930.35,3026.77,3010.78,3038.33,3019.26,2970.41,2960.29,2951.21,3035.08,3045.78,3013.5,2906.02,2892.4,2943.84,2787,2812.37,2899.77,2983.67,2754.53,291660.7349,318415.3317,92082.9039,380186.5326,485169.3372,478792.3988,296607.6549,561288.5979,8.67E+08,9.40E+08,2.73E+08,1.09E+09,1.41E+09,1.42E+09,8.94E+08,1.60E+09,4696521,5479038,1185149,4637787,5933570,5278439,5061029,6779608,144410.7947,159251.2529,41483.2107,165133.7717,239396.1448,229630.1728,154557.6064,270939.8171,4.29E+08,4.70E+08,1.23E+08,4.73E+08,6.94E+08,6.79E+08,4.66E+08,7.73E+08,-0.009918619,0.001259868,-0.001079011,-0.046163171,0.040278463,0.032903919,-0.005282859,-0.062505397,2952.69,2956.41,2953.22,2816.89,2930.35,3026.77,3010.78,2707.38
2026-01-30T00:00:00,89559.68,89600.26,89225.34,86670.36,88347.08,89249.99,89300,84650.16,91224.99,89957.39,89319.13,88860,89523.16,90600,89348,84735.75,88578.36,89162.08,86074.72,86509.63,87304.33,88833.65,83383.33,81118,13918.48919,4226.56737,14426.22019,17766.51453,13125.40425,14332.18502,30431.38201,35195.84793,1.25E+09,3.78E+08,1.26E+09,1.56E+09,1.16E+09,1.28E+09,2.61E+09,2.92E+09,4619907,959854,3720178,4798083,3787336,4385791,5598749,8998829,6911.17668,1835.96939,6269.27657,9428.94206,6722.86937,7015.44336,12385.58906,16749.59784,6.20E+08,1.64E+08,5.49E+08,8.28E+08,5.94E+08,6.29E+08,1.06E+09,1.39E+09,4.53E-04,-0.004184363,-0.028635139,0.019345945,0.010220145,5.60E-04,-0.052069771,-0.004603299,89600.26,89225.34,86670.36,88347.08,89250,89299.99,84650.16,84260.49,2952.7,2956.41,2953.23,2816.9,2930.35,3026.77,3010.78,2822.6,3019.26,2970.41,2960.29,2951.21,3035.08,3045.78,3013.5,2828.65,2892.4,2943.84,2787,2812.37,2899.77,2983.67,2754.53,2636.01,318415.3317,92082.9039,380186.5326,485169.3372,478792.3988,296607.6549,561288.5979,793279.6252,9.40E+08,2.73E+08,1.09E+09,1.41E+09,1.42E+09,8.94E+08,1.60E+09,2.16E+09,5479038,1185149,4637787,5933570,5278439,5061029,6779608,10661631,159251.2529,41483.2107,165133.7717,239396.1448,229630.1728,154557.6064,270939.8171,388766.163,4.70E+08,1.23E+08,4.73E+08,6.94E+08,6.79E+08,4.66E+08,7.73E+08,1.06E+09,0.001259868,-0.001079011,-0.046163171,0.040278463,0.032903919,-0.005282859,-0.062505397,-0.040817122,2956.41,2953.22,2816.89,2930.35,3026.77,3010.78,2822.59,2451.95
2026-01-31T00:00:00,89600.26,89225.34,86670.36,88347.08,89249.99,89300,84650.16,84260.5,89957.39,89319.13,88860,89523.16,90600,89348,84735.75,84270.02,89162.08,86074.72,86509.63,87304.33,88833.65,83383.33,81118,75719.9,4226.56737,14426.22019,17766.51453,13125.40425,14332.18502,30431.38201,35195.84793,39491.89133,3.78E+08,1.26E+09,1.56E+09,1.16E+09,1.28E+09,2.61E+09,2.92E+09,3.16E+09,959854,3720178,4798083,3787336,4385791,5598749,8998829,7384976,1835.96939,6269.27657,9428.94206,6722.86937,7015.44336,12385.58906,16749.59784,17959.61358,1.64E+08,5.49E+08,8.28E+08,5.94E+08,6.29E+08,1.06E+09,1.39E+09,1.44E+09,-0.004184363,-0.028635139,0.019345945,0.010220145,5.60E-04,-0.052069771,-0.004603299,-0.06550401,89225.34,86670.36,88347.08,89250,89299.99,84650.16,84260.49,78741.09,2956.41,2953.23,2816.9,2930.35,3026.77,3010.78,2822.6,2707.37,2970.41,2960.29,2951.21,3035.08,3045.78,3013.5,2828.65,2714.64,2943.84,2787,2812.37,2899.77,2983.67,2754.53,2636.01,2250,92082.9039,380186.5326,485169.3372,478792.3988,296607.6549,561288.5979,793279.6252,1113097.713,2.73E+08,1.09E+09,1.41E+09,1.42E+09,8.94E+08,1.60E+09,2.16E+09,2.76E+09,1185149,4637787,5933570,5278439,5061029,6779608,10661631,9305297,41483.2107,165133.7717,239396.1448,229630.1728,154557.6064,270939.8171,388766.163,520430.2055,1.23E+08,4.73E+08,6.94E+08,6.79E+08,4.66E+08,7.73E+08,1.06E+09,1.29E+09,-0.001079011,-0.046163171,0.040278463,0.032903919,-0.005282859,-0.062505397,-0.040817122,-0.094345825,2953.22,2816.89,2930.35,3026.77,3010.78,2822.59,2707.38,2270.15
2026-02-01T00:00:00,89225.34,86670.36,88347.08,89249.99,89300,84650.16,84260.5,78741.1,89319.13,88860,89523.16,90600,89348,84735.75,84270.02,79424,86074.72,86509.63,87304.33,88833.65,83383.33,81118,75719.9,75700,14426.22019,17766.51453,13125.40425,14332.18502,30431.38201,35195.84793,39491.89133,25395.48168,1.26E+09,1.56E+09,1.16E+09,1.28E+09,2.61E+09,2.92E+09,3.16E+09,1.97E+09,3720178,4798083,3787336,4385791,5598749,8998829,7384976,8001906,6269.27657,9428.94206,6722.86937,7015.44336,12385.58906,16749.59784,17959.61358,12031.74392,5.49E+08,8.28E+08,5.94E+08,6.29E+08,1.06E+09,1.39E+09,1.44E+09,9.36E+08,-0.028635139,0.019345945,0.010220145,5.60E-04,-0.052069771,-0.004603299,-0.06550401,-0.022515309,86670.36,88347.08,89250,89299.99,84650.16,84260.49,78741.09,76968.21,2953.23,2816.9,2930.35,3026.77,3010.78,2822.6,2707.37,2451.96,2960.29,2951.21,3035.08,3045.78,3013.5,2828.65,2714.64,2475.98,2787,2812.37,2899.77,2983.67,2754.53,2636.01,2250,2222,380186.5326,485169.3372,478792.3988,296607.6549,561288.5979,793279.6252,1113097.713,1026573.947,1.09E+09,1.41E+09,1.42E+09,8.94E+08,1.60E+09,2.16E+09,2.76E+09,2.41E+09,4637787,5933570,5278439,5061029,6779608,10661631,9305297,11038637,165133.7717,239396.1448,229630.1728,154557.6064,270939.8171,388766.163,520430.2055,455879.6449,4.73E+08,6.94E+08,6.79E+08,4.66E+08,7.73E+08,1.06E+09,1.29E+09,1.07E+09,-0.046163171,0.040278463,0.032903919,-0.005282859,-0.062505397,-0.040817122,-0.094345825,-0.074145068,2816.89,2930.35,3026.77,3010.78,2822.59,2707.38,2451.95,2347.02
2026-02-02T00:00:00,86670.36,88347.08,89249.99,89300,84650.16,84260.5,78741.1,76968.22,88860,89523.16,90600,89348,84735.75,84270.02,79424,79360,86509.63,87304.33,88833.65,83383.33,81118,75719.9,75700,74604,17766.51453,13125.40425,14332.18502,30431.38201,35195.84793,39491.89133,25395.48168,42273.59016,1.56E+09,1.16E+09,1.28E+09,2.61E+09,2.92E+09,3.16E+09,1.97E+09,3.26E+09,4798083,3787336,4385791,5598749,8998829,7384976,8001906,10085578,9428.94206,6722.86937,7015.44336,12385.58906,16749.59784,17959.61358,12031.74392,21480.45115,8.28E+08,5.94E+08,6.29E+08,1.06E+09,1.39E+09,1.44E+09,9.36E+08,1.66E+09,0.019345945,0.010220145,5.60E-04,-0.052069771,-0.004603299,-0.06550401,-0.022515309,0.023001704,88347.08,89250,89299.99,84650.16,84260.49,78741.09,76968.21,78738.61,2816.9,2930.35,3026.77,3010.78,2822.6,2707.37,2451.96,2270.16,2951.21,3035.08,3045.78,3013.5,2828.65,2714.64,2475.98,2396.62,2812.37,2899.77,2983.67,2754.53,2636.01,2250,2222,2157.14,485169.3372,478792.3988,296607.6549,561288.5979,793279.6252,1113097.713,1026573.947,1248535.211,1.41E+09,1.42E+09,8.94E+08,1.60E+09,2.16E+09,2.76E+09,2.41E+09,2.84E+09,5933570,5278439,5061029,6779608,10661631,9305297,11038637,11149156,239396.1448,229630.1728,154557.6064,270939.8171,388766.163,520430.2055,455879.6449,614416.942,6.94E+08,6.79E+08,4.66E+08,7.73E+08,1.06E+09,1.29E+09,1.07E+09,1.40E+09,0.040278463,0.032903919,-0.005282859,-0.062505397,-0.040817122,-0.094345825,-0.074145068,0.033861199,2930.35,3026.77,3010.78,2822.59,2707.38,2451.95,2270.15,2233.72
2026-02-03T00:00:00,88347.08,89249.99,89300,84650.16,84260.5,78741.1,76968.22,78738.6,89523.16,90600,89348,84735.75,84270.02,79424,79360,79186.81,87304.33,88833.65,83383.33,81118,75719.9,75700,74604,72945.5,13125.40425,14332.18502,30431.38201,35195.84793,39491.89133,25395.48168,42273.59016,39120.10889,1.16E+09,1.28E+09,2.61E+09,2.92E+09,3.16E+09,1.97E+09,3.26E+09,2.99E+09,3787336,4385791,5598749,8998829,7384976,8001906,10085578,9199445,6722.86937,7015.44336,12385.58906,16749.59784,17959.61358,12031.74392,21480.45115,17304.88253,5.94E+08,6.29E+08,1.06E+09,1.39E+09,1.44E+09,9.36E+08,1.66E+09,1.32E+09,0.010220145,5.60E-04,-0.052069771,-0.004603299,-0.06550401,-0.022515309,0.023001704,-0.037699421,89250,89299.99,84650.16,84260.49,78741.09,76968.21,78738.61,75770.21,2930.35,3026.77,3010.78,2822.6,2707.37,2451.96,2270.16,2347.01,3035.08,3045.78,3013.5,2828.65,2714.64,2475.98,2396.62,2359.88,2899.77,2983.67,2754.53,2636.01,2250,2222,2157.14,2110,478792.3988,296607.6549,561288.5979,793279.6252,1113097.713,1026573.947,1248535.211,1321099.387,1.42E+09,8.94E+08,1.60E+09,2.16E+09,2.76E+09,2.41E+09,2.84E+09,2.98E+09,5278439,5061029,6779608,10661631,9305297,11038637,11149156,11643770,229630.1728,154557.6064,270939.8171,388766.163,520430.2055,455879.6449,614416.942,666418.2157,6.79E+08,4.66E+08,7.73E+08,1.06E+09,1.29E+09,1.07E+09,1.40E+09,1.51E+09,0.032903919,-0.005282859,-0.062505397,-0.040817122,-0.094345825,-0.074145068,0.033861199,-0.048273981,3026.77,3010.78,2822.59,2707.38,2451.95,2270.15,2347.02,2148.26
2026-02-04T00:00:00,89249.99,89300,84650.16,84260.5,78741.1,76968.22,78738.6,75770.21,90600,89348,84735.75,84270.02,79424,79360,79186.81,76971.52,88833.65,83383.33,81118,75719.9,75700,74604,72945.5,71888,14332.18502,30431.38201,35195.84793,39491.89133,25395.48168,42273.59016,39120.10889,38375.36,1.28E+09,2.61E+09,2.92E+09,3.16E+09,1.97E+09,3.26E+09,2.99E+09,2.85E+09,4385791,5598749,8998829,7384976,8001906,10085578,9199445,10724002,7015.44336,12385.58906,16749.59784,17959.61358,12031.74392,21480.45115,17304.88253,17274.35569,6.29E+08,1.06E+09,1.39E+09,1.44E+09,9.36E+08,1.66E+09,1.32E+09,1.28E+09,5.60E-04,-0.052069771,-0.004603299,-0.06550401,-0.022515309,0.023001704,-0.037699421,-0.034372084,89299.99,84650.16,84260.49,78741.09,76968.21,78738.61,75770.21,73165.83,3026.77,3010.78,2822.6,2707.37,2451.96,2270.16,2347.01,2233.72,3045.78,3013.5,2828.65,2714.64,2475.98,2396.62,2359.88,2295.74,2983.67,2754.53,2636.01,2250,2222,2157.14,2110,2076.68,296607.6549,561288.5979,793279.6252,1113097.713,1026573.947,1248535.211,1321099.387,1264743.43,8.94E+08,1.60E+09,2.16E+09,2.76E+09,2.41E+09,2.84E+09,2.98E+09,2.76E+09,5061029,6779608,10661631,9305297,11038637,11149156,11643770,10912540,154557.6064,270939.8171,388766.163,520430.2055,455879.6449,614416.942,666418.2157,609896.0952,4.66E+08,7.73E+08,1.06E+09,1.29E+09,1.07E+09,1.40E+09,1.51E+09,1.33E+09,-0.005282859,-0.062505397,-0.040817122,-0.094345825,-0.074145068,0.033861199,-0.048273981,-0.038259048,3010.78,2822.59,2707.38,2451.95,2270.15,2347.02,2233.72,1826.83
2026-02-05T00:00:00,89300,84650.16,84260.5,78741.1,76968.22,78738.6,75770.21,73165.84,89348,84735.75,84270.02,79424,79360,79186.81,76971.52,73341.18,83383.33,81118,75719.9,75700,74604,72945.5,71888,62345,30431.38201,35195.84793,39491.89133,25395.48168,42273.59016,39120.10889,38375.36,106298.829,2.61E+09,2.92E+09,3.16E+09,1.97E+09,3.26E+09,2.99E+09,2.85E+09,7.20E+09,5598749,8998829,7384976,8001906,10085578,9199445,10724002,15364010,12385.58906,16749.59784,17959.61358,12031.74392,21480.45115,17304.88253,17274.35569,49042.65006,1.06E+09,1.39E+09,1.44E+09,9.36E+08,1.66E+09,1.32E+09,1.28E+09,3.33E+09,-0.052069771,-0.004603299,-0.06550401,-0.022515309,0.023001704,-0.037699421,-0.034372084,-0.140174314,84650.16,84260.49,78741.09,76968.21,78738.61,75770.21,73165.83,62909.86,3010.78,2822.6,2707.37,2451.96,2270.16,2347.01,2233.72,2148.25,3013.5,2828.65,2714.64,2475.98,2396.62,2359.88,2295.74,2173.77,2754.53,2636.01,2250,2222,2157.14,2110,2076.68,1818.18,561288.5979,793279.6252,1113097.713,1026573.947,1248535.211,1321099.387,1264743.43,1952286.695,1.60E+09,2.16E+09,2.76E+09,2.41E+09,2.84E+09,2.98E+09,2.76E+09,3.90E+09,6779608,10661631,9305297,11038637,11149156,11643770,10912540,13667587,270939.8171,388766.163,520430.2055,455879.6449,614416.942,666418.2157,609896.0952,967965.2824,7.73E+08,1.06E+09,1.29E+09,1.07E+09,1.40E+09,1.51E+09,1.33E+09,1.93E+09,-0.062505397,-0.040817122,-0.094345825,-0.074145068,0.033861199,-0.048273981,-0.038259048,-0.149623416,2822.59,2707.38,2451.95,2270.15,2347.02,2233.72,2148.26,2063.38
2026-02-06T00:00:00,84650.16,84260.5,78741.1,76968.22,78738.6,75770.21,73165.84,62909.87,84735.75,84270.02,79424,79360,79186.81,76971.52,73341.18,71751.33,81118,75719.9,75700,74604,72945.5,71888,62345,60000,35195.84793,39491.89133,25395.48168,42273.59016,39120.10889,38375.36,106298.829,92539.21531,2.92E+09,3.16E+09,1.97E+09,3.26E+09,2.99E+09,2.85E+09,7.20E+09,6.13E+09,8998829,7384976,8001906,10085578,9199445,10724002,15364010,13228528,16749.59784,17959.61358,12031.74392,21480.45115,17304.88253,17274.35569,49042.65006,49477.51198,1.39E+09,1.44E+09,9.36E+08,1.66E+09,1.32E+09,1.28E+09,3.33E+09,3.29E+09,-0.004603299,-0.06550401,-0.022515309,0.023001704,-0.037699421,-0.034372084,-0.140174314,0.121926833,84260.49,78741.09,76968.21,78738.61,75770.21,73165.83,62909.86,70580.26,2822.6,2707.37,2451.96,2270.16,2347.01,2233.72,2148.25,1826.83,2828.65,2714.64,2475.98,2396.62,2359.88,2295.74,2173.77,2093.94,2636.01,2250,2222,2157.14,2110,2076.68,1818.18,1747.8,793279.6252,1113097.713,1026573.947,1248535.211,1321099.387,1264743.43,1952286.695,2102311.557,2.16E+09,2.76E+09,2.41E+09,2.84E+09,2.98E+09,2.76E+09,3.90E+09,4.10E+09,10661631,9305297,11038637,11149156,11643770,10912540,13667587,12362731,388766.163,520430.2055,455879.6449,614416.942,666418.2157,609896.0952,967965.2824,1189792.576,1.06E+09,1.29E+09,1.07E+09,1.40E+09,1.51E+09,1.33E+09,1.93E+09,2.32E+09,-0.040817122,-0.094345825,-0.074145068,0.033861199,-0.048273981,-0.038259048,-0.149623416,0.129486597,2707.38,2451.95,2270.15,2347.02,2233.72,2148.26,1826.83,2087.08
2026-02-07T00:00:00,84260.5,78741.1,76968.22,78738.6,75770.21,73165.84,62909.87,70580.26,84270.02,79424,79360,79186.81,76971.52,73341.18,71751.33,71690.07,75719.9,75700,74604,72945.5,71888,62345,60000,67300,39491.89133,25395.48168,42273.59016,39120.10889,38375.36,106298.829,92539.21531,44255.48036,3.16E+09,1.97E+09,3.26E+09,2.99E+09,2.85E+09,7.20E+09,6.13E+09,3.06E+09,7384976,8001906,10085578,9199445,10724002,15364010,13228528,7167427,17959.61358,12031.74392,21480.45115,17304.88253,17274.35569,49042.65006,49477.51198,18766.22233,1.44E+09,9.36E+08,1.66E+09,1.32E+09,1.28E+09,3.33E+09,3.29E+09,1.30E+09,-0.06550401,-0.022515309,0.023001704,-0.037699421,-0.034372084,-0.140174314,0.121926833,-0.018289533,78741.09,76968.21,78738.61,75770.21,73165.83,62909.86,70580.26,69289.38,2707.37,2451.96,2270.16,2347.01,2233.72,2148.25,1826.83,2063.37,2714.64,2475.98,2396.62,2359.88,2295.74,2173.77,2093.94,2121.7,2250,2222,2157.14,2110,2076.68,1818.18,1747.8,1994.57,1113097.713,1026573.947,1248535.211,1321099.387,1264743.43,1952286.695,2102311.557,1142616.449,2.76E+09,2.41E+09,2.84E+09,2.98E+09,2.76E+09,3.90E+09,4.10E+09,2.35E+09,9305297,11038637,11149156,11643770,10912540,13667587,12362731,7938360,520430.2055,455879.6449,614416.942,666418.2157,609896.0952,967965.2824,1189792.576,548585.9421,1.29E+09,1.07E+09,1.40E+09,1.51E+09,1.33E+09,1.93E+09,2.32E+09,1.13E+09,-0.094345825,-0.074145068,0.033861199,-0.048273981,-0.038259048,-0.149623416,0.129486597,0.011486008,2451.95,2270.15,2347.02,2233.72,2148.26,1826.83,2063.38,2089.74
2026-02-08T00:00:00,78741.1,76968.22,78738.6,75770.21,73165.84,62909.87,70580.26,69289.37,79424,79360,79186.81,76971.52,73341.18,71751.33,71690.07,72271.41,75700,74604,72945.5,71888,62345,60000,67300,68888,25395.48168,42273.59016,39120.10889,38375.36,106298.829,92539.21531,44255.48036,21420.53168,1.97E+09,3.26E+09,2.99E+09,2.85E+09,7.20E+09,6.13E+09,3.06E+09,1.51E+09,8001906,10085578,9199445,10724002,15364010,13228528,7167427,4870449,12031.74392,21480.45115,17304.88253,17274.35569,49042.65006,49477.51198,18766.22233,11435.75238,9.36E+08,1.66E+09,1.32E+09,1.28E+09,3.33E+09,3.29E+09,1.30E+09,8.06E+08,-0.022515309,0.023001704,-0.037699421,-0.034372084,-0.140174314,0.121926833,-0.018289533,0.015023947,76968.21,78738.61,75770.21,73165.83,62909.86,70580.26,69289.38,70330.38,2451.96,2270.16,2347.01,2233.72,2148.25,1826.83,2063.37,2087.08,2475.98,2396.62,2359.88,2295.74,2173.77,2093.94,2121.7,2152.03,2222,2157.14,2110,2076.68,1818.18,1747.8,1994.57,2064.1,1026573.947,1248535.211,1321099.387,1264743.43,1952286.695,2102311.557,1142616.449,482837.2515,2.41E+09,2.84E+09,2.98E+09,2.76E+09,3.90E+09,4.10E+09,2.35E+09,1.02E+09,11038637,11149156,11643770,10912540,13667587,12362731,7938360,4379045,455879.6449,614416.942,666418.2157,609896.0952,967965.2824,1189792.576,548585.9421,228020.7596,1.07E+09,1.40E+09,1.51E+09,1.33E+09,1.93E+09,2.32E+09,1.13E+09,4.80E+08,-0.074145068,0.033861199,-0.048273981,-0.038259048,-0.149623416,0.129486597,0.011486008,0.001274508,2270.15,2347.02,2233.72,2148.26,1826.83,2063.38,2087.08,2105.02
2026-02-09T00:00:00,76968.22,78738.6,75770.21,73165.84,62909.87,70580.26,69289.37,70330.38,79360,79186.81,76971.52,73341.18,71751.33,71690.07,72271.41,71453.53,74604,72945.5,71888,62345,60000,67300,68888,68308,42273.59016,39120.10889,38375.36,106298.829,92539.21531,44255.48036,21420.53168,29152.72842,3.26E+09,2.99E+09,2.85E+09,7.20E+09,6.13E+09,3.06E+09,1.51E+09,2.04E+09,10085578,9199445,10724002,15364010,13228528,7167427,4870449,6644769,21480.45115,17304.88253,17274.35569,49042.65006,49477.51198,18766.22233,11435.75238,13854.63486,1.66E+09,1.32E+09,1.28E+09,3.33E+09,3.29E+09,1.30E+09,8.06E+08,9.69E+08,0.023001704,-0.037699421,-0.034372084,-0.140174314,0.121926833,-0.018289533,0.015023947,-0.002735376,78738.61,75770.21,73165.83,62909.86,70580.26,69289.38,70330.38,70138,2270.16,2347.01,2233.72,2148.25,1826.83,2063.37,2087.08,2089.73,2396.62,2359.88,2295.74,2173.77,2093.94,2121.7,2152.03,2147.73,2157.14,2110,2076.68,1818.18,1747.8,1994.57,2064.1,2008.62,1248535.211,1321099.387,1264743.43,1952286.695,2102311.557,1142616.449,482837.2515,625378.5569,2.84E+09,2.98E+09,2.76E+09,3.90E+09,4.10E+09,2.35E+09,1.02E+09,1.30E+09,11149156,11643770,10912540,13667587,12362731,7938360,4379045,6331904,614416.942,666418.2157,609896.0952,967965.2824,1189792.576,548585.9421,228020.7596,315446.5313,1.40E+09,1.51E+09,1.33E+09,1.93E+09,2.32E+09,1.13E+09,4.80E+08,6.56E+08,0.033861199,-0.048273981,-0.038259048,-0.149623416,0.129486597,0.011486008,0.001274508,0.007311914,2347.02,2233.72,2148.26,1826.83,2063.38,2087.08,2089.74,2022.67
2026-02-10T00:00:00,78738.6,75770.21,73165.84,62909.87,70580.26,69289.37,70330.38,70138,79186.81,76971.52,73341.18,71751.33,71690.07,72271.41,71453.53,70527.59,72945.5,71888,62345,60000,67300,68888,68308,67800,39120.10889,38375.36,106298.829,92539.21531,44255.48036,21420.53168,29152.72842,20373.77072,2.99E+09,2.85E+09,7.20E+09,6.13E+09,3.06E+09,1.51E+09,2.04E+09,1.41E+09,9199445,10724002,15364010,13228528,7167427,4870449,6644769,4558658,17304.88253,17274.35569,49042.65006,49477.51198,18766.22233,11435.75238,13854.63486,9237.21056,1.32E+09,1.28E+09,3.33E+09,3.29E+09,1.30E+09,8.06E+08,9.69E+08,6.39E+08,-0.037699421,-0.034372084,-0.140174314,0.121926833,-0.018289533,0.015023947,-0.002735376,-0.018487981,75770.21,73165.83,62909.86,70580.26,69289.38,70330.38,70138,68841.29,2347.01,2233.72,2148.25,1826.83,2063.37,2087.08,2089.73,2105.02,2359.88,2295.74,2173.77,2093.94,2121.7,2152.03,2147.73,2124.71,2110,2076.68,1818.18,1747.8,1994.57,2064.1,2008.62,1989.38,1321099.387,1264743.43,1952286.695,2102311.557,1142616.449,482837.2515,625378.5569,574321.6908,2.98E+09,2.76E+09,3.90E+09,4.10E+09,2.35E+09,1.02E+09,1.30E+09,1.16E+09,11643770,10912540,13667587,12362731,7938360,4379045,6331904,5159394,666418.2157,609896.0952,967965.2824,1189792.576,548585.9421,228020.7596,315446.5313,276990.265,1.51E+09,1.33E+09,1.93E+09,2.32E+09,1.13E+09,4.80E+08,6.56E+08,5.61E+08,-0.048273981,-0.038259048,-0.149623416,0.129486597,0.011486008,0.001274508,0.007311914,-0.039120768,2233.72,2148.26,1826.83,2063.38,2087.08,2089.74,2105.02,1941.18
2026-02-11T00:00:00,75770.21,73165.84,62909.87,70580.26,69289.37,70330.38,70138,68841.28,76971.52,73341.18,71751.33,71690.07,72271.41,71453.53,70527.59,69292.88,71888,62345,60000,67300,68888,68308,67800,65756,38375.36,106298.829,92539.21531,44255.48036,21420.53168,29152.72842,20373.77072,28718.24602,2.85E+09,7.20E+09,6.13E+09,3.06E+09,1.51E+09,2.04E+09,1.41E+09,1.93E+09,10724002,15364010,13228528,7167427,4870449,6644769,4558658,6956577,17274.35569,49042.65006,49477.51198,18766.22233,11435.75238,13854.63486,9237.21056,14335.50997,1.28E+09,3.33E+09,3.29E+09,1.30E+09,8.06E+08,9.69E+08,6.39E+08,9.64E+08,-0.034372084,-0.140174314,0.121926833,-0.018289533,0.015023947,-0.002735376,-0.018487981,-0.025548185,73165.83,62909.86,70580.26,69289.38,70330.38,70138,68841.29,67082.52,2233.72,2148.25,1826.83,2063.37,2087.08,2089.73,2105.02,2022.67,2295.74,2173.77,2093.94,2121.7,2152.03,2147.73,2124.71,2032.31,2076.68,1818.18,1747.8,1994.57,2064.1,2008.62,1989.38,1903.19,1264743.43,1952286.695,2102311.557,1142616.449,482837.2515,625378.5569,574321.6908,529655.8177,2.76E+09,3.90E+09,4.10E+09,2.35E+09,1.02E+09,1.30E+09,1.16E+09,1.04E+09,10912540,13667587,12362731,7938360,4379045,6331904,5159394,6450810,609896.0952,967965.2824,1189792.576,548585.9421,228020.7596,315446.5313,276990.265,259017.7416,1.33E+09,1.93E+09,2.32E+09,1.13E+09,4.80E+08,6.56E+08,5.61E+08,5.07E+08,-0.038259048,-0.149623416,0.129486597,0.011486008,0.001274508,0.007311914,-0.039120768,-0.040288332,2148.26,1826.83,2063.38,2087.08,2089.74,2105.02,2022.67,1947.85
2026-02-12T00:00:00,73165.84,62909.87,70580.26,69289.37,70330.38,70138,68841.28,67082.52,73341.18,71751.33,71690.07,72271.41,71453.53,70527.59,69292.88,68410.52,62345,60000,67300,68888,68308,67800,65756,65118,106298.829,92539.21531,44255.48036,21420.53168,29152.72842,20373.77072,28718.24602,24271.74283,7.20E+09,6.13E+09,3.06E+09,1.51E+09,2.04E+09,1.41E+09,1.93E+09,1.62E+09,15364010,13228528,7167427,4870449,6644769,4558658,6956577,6778280,49042.65006,49477.51198,18766.22233,11435.75238,13854.63486,9237.21056,14335.50997,12101.72511,3.33E+09,3.29E+09,1.30E+09,8.06E+08,9.69E+08,6.39E+08,9.64E+08,8.09E+08,-0.140174314,0.121926833,-0.018289533,0.015023947,-0.002735376,-0.018487981,-0.025548185,-0.012079898,62909.86,70580.26,69289.38,70330.38,70138,68841.29,67082.52,66272.17,2148.25,1826.83,2063.37,2087.08,2089.73,2105.02,2022.67,1941.19,2173.77,2093.94,2121.7,2152.03,2147.73,2124.71,2032.31,2001.42,1818.18,1747.8,1994.57,2064.1,2008.62,1989.38,1903.19,1897.24,1952286.695,2102311.557,1142616.449,482837.2515,625378.5569,574321.6908,529655.8177,427567.1469,3.90E+09,4.10E+09,2.35E+09,1.02E+09,1.30E+09,1.16E+09,1.04E+09,8.33E+08,13667587,12362731,7938360,4379045,6331904,5159394,6450810,5262808,967965.2824,1189792.576,548585.9421,228020.7596,315446.5313,276990.265,259017.7416,212467.499,1.93E+09,2.32E+09,1.13E+09,4.80E+08,6.56E+08,5.61E+08,5.07E+08,4.14E+08,-0.149623416,0.129486597,0.011486008,0.001274508,0.007311914,-0.039120768,-0.040288332,0.003436054,1826.83,2063.38,2087.08,2089.74,2105.02,2022.67,1941.18,2048.72
2026-02-13T00:00:00,62909.87,70580.26,69289.37,70330.38,70138,68841.28,67082.52,66272.17,71751.33,71690.07,72271.41,71453.53,70527.59,69292.88,68410.52,69482.97,60000,67300,68888,68308,67800,65756,65118,65872.46,92539.21531,44255.48036,21420.53168,29152.72842,20373.77072,28718.24602,24271.74283,20244.54955,6.13E+09,3.06E+09,1.51E+09,2.04E+09,1.41E+09,1.93E+09,1.62E+09,1.37E+09,13228528,7167427,4870449,6644769,4558658,6956577,6778280,6450842,49477.51198,18766.22233,11435.75238,13854.63486,9237.21056,14335.50997,12101.72511,10425.24887,3.29E+09,1.30E+09,8.06E+08,9.69E+08,6.39E+08,9.64E+08,8.09E+08,7.07E+08,0.121926833,-0.018289533,0.015023947,-0.002735376,-0.018487981,-0.025548185,-0.012079898,0.038957378,70580.26,69289.38,70330.38,70138,68841.29,67082.52,66272.17,68853.96,1826.83,2063.37,2087.08,2089.73,2105.02,2022.67,1941.19,1947.85,2093.94,2121.7,2152.03,2147.73,2124.71,2032.31,2001.42,2073.68,1747.8,1994.57,2064.1,2008.62,1989.38,1903.19,1897.24,1924.72,2102311.557,1142616.449,482837.2515,625378.5569,574321.6908,529655.8177,427567.1469,425649.7698,4.10E+09,2.35E+09,1.02E+09,1.30E+09,1.16E+09,1.04E+09,8.33E+08,8.51E+08,12362731,7938360,4379045,6331904,5159394,6450810,5262808,4695571,1189792.576,548585.9421,228020.7596,315446.5313,276990.265,259017.7416,212467.499,215643.6192,2.32E+09,1.13E+09,4.80E+08,6.56E+08,5.61E+08,5.07E+08,4.14E+08,4.31E+08,0.129486597,0.011486008,0.001274508,0.007311914,-0.039120768,-0.040288332,0.003436054,0.051785302,2063.38,2087.08,2089.74,2105.02,2022.67,1941.18,1947.85,2086.59
2026-02-14T00:00:00,70580.26,69289.37,70330.38,70138,68841.28,67082.52,66272.17,68853.97,71690.07,72271.41,71453.53,70527.59,69292.88,68410.52,69482.97,70560.01,67300,68888,68308,67800,65756,65118,65872.46,68730.13,44255.48036,21420.53168,29152.72842,20373.77072,28718.24602,24271.74283,20244.54955,18114.78393,3.06E+09,1.51E+09,2.04E+09,1.41E+09,1.93E+09,1.62E+09,1.37E+09,1.26E+09,7167427,4870449,6644769,4558658,6956577,6778280,6450842,3803163,18766.22233,11435.75238,13854.63486,9237.21056,14335.50997,12101.72511,10425.24887,7857.93423,1.30E+09,8.06E+08,9.69E+08,6.39E+08,9.64E+08,8.09E+08,7.07E+08,5.47E+08,-0.018289533,0.015023947,-0.002735376,-0.018487981,-0.025548185,-0.012079898,0.038957378,0.014073119,69289.38,70330.38,70138,68841.29,67082.52,66272.17,68853.96,69822.95,2063.37,2087.08,2089.73,2105.02,2022.67,1941.19,1947.85,2048.72,2121.7,2152.03,2147.73,2124.71,2032.31,2001.42,2073.68,2107.67,1994.57,2064.1,2008.62,1989.38,1903.19,1897.24,1924.72,2042.37,1142616.449,482837.2515,625378.5569,574321.6908,529655.8177,427567.1469,425649.7698,220677.2355,2.35E+09,1.02E+09,1.30E+09,1.16E+09,1.04E+09,8.33E+08,8.51E+08,4.58E+08,7938360,4379045,6331904,5159394,6450810,5262808,4695571,2720271,548585.9421,228020.7596,315446.5313,276990.265,259017.7416,212467.499,215643.6192,110065.542,1.13E+09,4.80E+08,6.56E+08,5.61E+08,5.07E+08,4.14E+08,4.31E+08,2.29E+08,0.011486008,0.001274508,0.007311914,-0.039120768,-0.040288332,0.003436054,0.051785302,0.018484712,2087.08,2089.74,2105.02,2022.67,1941.18,1947.85,2048.72,1966.58
2026-02-15T00:00:00,69289.37,70330.38,70138,68841.28,67082.52,66272.17,68853.97,69822.94,72271.41,71453.53,70527.59,69292.88,68410.52,69482.97,70560.01,70983,68888,68308,67800,65756,65118,65872.46,68730.13,68000,21420.53168,29152.72842,20373.77072,28718.24602,24271.74283,20244.54955,18114.78393,22290.05208,1.51E+09,2.04E+09,1.41E+09,1.93E+09,1.62E+09,1.37E+09,1.26E+09,1.55E+09,4870449,6644769,4558658,6956577,6778280,6450842,3803163,4598633,11435.75238,13854.63486,9237.21056,14335.50997,12101.72511,10425.24887,7857.93423,8861.59262,8.06E+08,9.69E+08,6.39E+08,9.64E+08,8.09E+08,7.07E+08,5.47E+08,6.16E+08,0.015023947,-0.002735376,-0.018487981,-0.025548185,-0.012079898,0.038957378,0.014073119,-0.014184018,70330.38,70138,68841.29,67082.52,66272.17,68853.96,69822.95,68832.58,2087.08,2089.73,2105.02,2022.67,1941.19,1947.85,2048.72,2086.59,2152.03,2147.73,2124.71,2032.31,2001.42,2073.68,2107.67,2103.32,2064.1,2008.62,1989.38,1903.19,1897.24,1924.72,2042.37,1928.88,482837.2515,625378.5569,574321.6908,529655.8177,427567.1469,425649.7698,220677.2355,834778.0952,1.02E+09,1.30E+09,1.16E+09,1.04E+09,8.33E+08,8.51E+08,4.58E+08,1.68E+09,4379045,6331904,5159394,6450810,5262808,4695571,2720271,5864311,228020.7596,315446.5313,276990.265,259017.7416,212467.499,215643.6192,110065.542,323503.2298,4.80E+08,6.56E+08,5.61E+08,5.07E+08,4.14E+08,4.31E+08,2.29E+08,6.51E+08,0.001274508,0.007311914,-0.039120768,-0.040288332,0.003436054,0.051785302,0.018484712,-0.057514893,2089.74,2105.02,2022.67,1941.18,1947.85,2048.72,2086.59,1998.33
2026-02-16T00:00:00,70330.38,70138,68841.28,67082.52,66272.17,68853.97,69822.94,68832.59,71453.53,70527.59,69292.88,68410.52,69482.97,70560.01,70983,70126.67,68308,67800,65756,65118,65872.46,68730.13,68000,67294.11,29152.72842,20373.77072,28718.24602,24271.74283,20244.54955,18114.78393,22290.05208,15515.76534,2.04E+09,1.41E+09,1.93E+09,1.62E+09,1.37E+09,1.26E+09,1.55E+09,1.06E+09,6644769,4558658,6956577,6778280,6450842,3803163,4598633,5233849,13854.63486,9237.21056,14335.50997,12101.72511,10425.24887,7857.93423,8861.59262,8153.4314,9.69E+08,6.39E+08,9.64E+08,8.09E+08,7.07E+08,5.47E+08,6.16E+08,5.59E+08,-0.002735376,-0.018487981,-0.025548185,-0.012079898,0.038957378,0.014073119,-0.014184018,8.70E-04,70138,68841.29,67082.52,66272.17,68853.96,69822.95,68832.58,68892.43,2089.73,2105.02,2022.67,1941.19,1947.85,2048.72,2086.59,1966.59,2147.73,2124.71,2032.31,2001.42,2073.68,2107.67,2103.32,2023.51,2008.62,1989.38,1903.19,1897.24,1924.72,2042.37,1928.88,1937.24,625378.5569,574321.6908,529655.8177,427567.1469,425649.7698,220677.2355,834778.0952,351347.9433,1.30E+09,1.16E+09,1.04E+09,8.33E+08,8.51E+08,4.58E+08,1.68E+09,6.94E+08,6331904,5159394,6450810,5262808,4695571,2720271,5864311,4476026,315446.5313,276990.265,259017.7416,212467.499,215643.6192,110065.542,323503.2298,178158.7858,6.56E+08,5.61E+08,5.07E+08,4.14E+08,4.31E+08,2.29E+08,6.51E+08,3.52E+08,0.007311914,-0.039120768,-0.040288332,0.003436054,0.051785302,0.018484712,-0.057514893,0.016144779,2105.02,2022.67,1941.18,1947.85,2048.72,2086.59,1966.58,1991.66
2026-02-17T00:00:00,70138,68841.28,67082.52,66272.17,68853.97,69822.94,68832.59,68892.43,70527.59,69292.88,68410.52,69482.97,70560.01,70983,70126.67,69241.5,67800,65756,65118,65872.46,68730.13,68000,67294.11,66621.06,20373.77072,28718.24602,24271.74283,20244.54955,18114.78393,22290.05208,15515.76534,16489.06921,1.41E+09,1.93E+09,1.62E+09,1.37E+09,1.26E+09,1.55E+09,1.06E+09,1.12E+09,4558658,6956577,6778280,6450842,3803163,4598633,5233849,5994853,9237.21056,14335.50997,12101.72511,10425.24887,7857.93423,8861.59262,8153.4314,7538.45107,6.39E+08,9.64E+08,8.09E+08,7.07E+08,5.47E+08,6.16E+08,5.59E+08,5.11E+08,-0.018487981,-0.025548185,-0.012079898,0.038957378,0.014073119,-0.014184018,8.70E-04,-0.02016056,68841.29,67082.52,66272.17,68853.96,69822.95,68832.58,68892.43,67503.52,2105.02,2022.67,1941.19,1947.85,2048.72,2086.59,1966.59,1998.34,2124.71,2032.31,2001.42,2073.68,2107.67,2103.32,2023.51,2015.33,1989.38,1903.19,1897.24,1924.72,2042.37,1928.88,1937.24,1941.66,574321.6908,529655.8177,427567.1469,425649.7698,220677.2355,834778.0952,351347.9433,406246.9427,1.16E+09,1.04E+09,8.33E+08,8.51E+08,4.58E+08,1.68E+09,6.94E+08,8.05E+08,5159394,6450810,5262808,4695571,2720271,5864311,4476026,6420841,276990.265,259017.7416,212467.499,215643.6192,110065.542,323503.2298,178158.7858,196947.7031,5.61E+08,5.07E+08,4.14E+08,4.31E+08,2.29E+08,6.51E+08,3.52E+08,3.90E+08,-0.039120768,-0.040288332,0.003436054,0.051785302,0.018484712,-0.057514893,0.016144779,-0.003337787,2022.67,1941.18,1947.85,2048.72,2086.59,1966.58,1998.33,1955.91
2026-02-18T00:00:00,68841.28,67082.52,66272.17,68853.97,69822.94,68832.59,68892.43,67503.52,69292.88,68410.52,69482.97,70560.01,70983,70126.67,69241.5,68476.22,65756,65118,65872.46,68730.13,68000,67294.11,66621.06,65870,28718.24602,24271.74283,20244.54955,18114.78393,22290.05208,15515.76534,16489.06921,15492.43839,1.93E+09,1.62E+09,1.37E+09,1.26E+09,1.55E+09,1.06E+09,1.12E+09,1.04E+09,6956577,6778280,6450842,3803163,4598633,5233849,5994853,4548997,14335.50997,12101.72511,10425.24887,7857.93423,8861.59262,8153.4314,7538.45107,7895.05707,9.64E+08,8.09E+08,7.07E+08,5.47E+08,6.16E+08,5.59E+08,5.11E+08,5.30E+08,-0.025548185,-0.012079898,0.038957378,0.014073119,-0.014184018,8.70E-04,-0.02016056,-0.015443935,67082.52,66272.17,68853.96,69822.95,68832.58,68892.43,67503.52,66461,2022.67,1941.19,1947.85,2048.72,2086.59,1966.59,1998.34,1991.67,2032.31,2001.42,2073.68,2107.67,2103.32,2023.51,2015.33,2039.05,1903.19,1897.24,1924.72,2042.37,1928.88,1937.24,1941.66,1923.78,529655.8177,427567.1469,425649.7698,220677.2355,834778.0952,351347.9433,406246.9427,393639.0086,1.04E+09,8.33E+08,8.51E+08,4.58E+08,1.68E+09,6.94E+08,8.05E+08,7.78E+08,6450810,5262808,4695571,2720271,5864311,4476026,6420841,5176537,259017.7416,212467.499,215643.6192,110065.542,323503.2298,178158.7858,196947.7031,191523.6119,5.07E+08,4.14E+08,4.31E+08,2.29E+08,6.51E+08,3.52E+08,3.90E+08,3.79E+08,-0.040288332,0.003436054,0.051785302,0.018484712,-0.057514893,0.016144779,-0.003337787,-0.017949851,1941.18,1947.85,2048.72,2086.59,1966.58,1998.33,1991.66,1949.08
2026-02-19T00:00:00,67082.52,66272.17,68853.97,69822.94,68832.59,68892.43,67503.52,66461,68410.52,69482.97,70560.01,70983,70126.67,69241.5,68476.22,67320,65118,65872.46,68730.13,68000,67294.11,66621.06,65870,65631.83,24271.74283,20244.54955,18114.78393,22290.05208,15515.76534,16489.06921,15492.43839,14542.26988,1.62E+09,1.37E+09,1.26E+09,1.55E+09,1.06E+09,1.12E+09,1.04E+09,9.69E+08,6778280,6450842,3803163,4598633,5233849,5994853,4548997,4679351,12101.72511,10425.24887,7857.93423,8861.59262,8153.4314,7538.45107,7895.05707,7106.70741,8.09E+08,7.07E+08,5.47E+08,6.16E+08,5.59E+08,5.11E+08,5.30E+08,4.73E+08,-0.012079898,0.038957378,0.014073119,-0.014184018,8.70E-04,-0.02016056,-0.015443935,0.008166143,66272.17,68853.96,69822.95,68832.58,68892.43,67503.52,66461,67003.73,1941.19,1947.85,2048.72,2086.59,1966.59,1998.34,1991.67,1955.9,2001.42,2073.68,2107.67,2103.32,2023.51,2015.33,2039.05,1987.55,1897.24,1924.72,2042.37,1928.88,1937.24,1941.66,1923.78,1907,427567.1469,425649.7698,220677.2355,834778.0952,351347.9433,406246.9427,393639.0086,300257.0733,8.33E+08,8.51E+08,4.58E+08,1.68E+09,6.94E+08,8.05E+08,7.78E+08,5.84E+08,5262808,4695571,2720271,5864311,4476026,6420841,5176537,3793608,212467.499,215643.6192,110065.542,323503.2298,178158.7858,196947.7031,191523.6119,142030.3122,4.14E+08,4.31E+08,2.29E+08,6.51E+08,3.52E+08,3.90E+08,3.79E+08,2.76E+08,0.003436054,0.051785302,0.018484712,-0.057514893,0.016144779,-0.003337787,-0.017949851,-0.003491981,1947.85,2048.72,2086.59,1966.58,1998.33,1991.66,1955.91,1968.88
2026-02-20T00:00:00,66272.17,68853.97,69822.94,68832.59,68892.43,67503.52,66461,67003.73,69482.97,70560.01,70983,70126.67,69241.5,68476.22,67320,68318.39,65872.46,68730.13,68000,67294.11,66621.06,65870,65631.83,66280.2,20244.54955,18114.78393,22290.05208,15515.76534,16489.06921,15492.43839,14542.26988,35351.87091,1.37E+09,1.26E+09,1.55E+09,1.06E+09,1.12E+09,1.04E+09,9.69E+08,2.38E+09,6450842,3803163,4598633,5233849,5994853,4548997,4679351,5044912,10425.24887,7857.93423,8861.59262,8153.4314,7538.45107,7895.05707,7106.70741,15001.46034,7.07E+08,5.47E+08,6.16E+08,5.59E+08,5.11E+08,5.30E+08,4.73E+08,1.01E+09,0.038957378,0.014073119,-0.014184018,8.70E-04,-0.02016056,-0.015443935,0.008166143,0.015167514,68853.96,69822.95,68832.58,68892.43,67503.52,66461,67003.73,68020.01,1947.85,2048.72,2086.59,1966.59,1998.34,1991.67,1955.9,1949.08,2073.68,2107.67,2103.32,2023.51,2015.33,2039.05,1987.55,1981.18,1924.72,2042.37,1928.88,1937.24,1941.66,1923.78,1907,1922.97,425649.7698,220677.2355,834778.0952,351347.9433,406246.9427,393639.0086,300257.0733,386253.5557,8.51E+08,4.58E+08,1.68E+09,6.94E+08,8.05E+08,7.78E+08,5.84E+08,7.56E+08,4695571,2720271,5864311,4476026,6420841,5176537,3793608,3948261,215643.6192,110065.542,323503.2298,178158.7858,196947.7031,191523.6119,142030.3122,186424.2257,4.31E+08,2.29E+08,6.51E+08,3.52E+08,3.90E+08,3.79E+08,2.76E+08,3.65E+08,0.051785302,0.018484712,-0.057514893,0.016144779,-0.003337787,-0.017949851,-0.003491981,0.010158639,2048.72,2086.59,1966.58,1998.33,1991.66,1955.91,1949.08,1973.35
2026-02-21T00:00:00,68853.97,69822.94,68832.59,68892.43,67503.52,66461,67003.73,68020,70560.01,70983,70126.67,69241.5,68476.22,67320,68318.39,68698.7,68730.13,68000,67294.11,66621.06,65870,65631.83,66280.2,67534.69,18114.78393,22290.05208,15515.76534,16489.06921,15492.43839,14542.26988,35351.87091,8032.84131,1.26E+09,1.55E+09,1.06E+09,1.12E+09,1.04E+09,9.69E+08,2.38E+09,5.48E+08,3803163,4598633,5233849,5994853,4548997,4679351,5044912,1593539,7857.93423,8861.59262,8153.4314,7538.45107,7895.05707,7106.70741,15001.46034,4003.46206,5.47E+08,6.16E+08,5.59E+08,5.11E+08,5.30E+08,4.73E+08,1.01E+09,2.73E+08,0.014073119,-0.014184018,8.70E-04,-0.02016056,-0.015443935,0.008166143,0.015167514,-6.48E-04,69822.95,68832.58,68892.43,67503.52,66461,67003.73,68020.01,67975.93,2048.72,2086.59,1966.59,1998.34,1991.67,1955.9,1949.08,1968.88,2107.67,2103.32,2023.51,2015.33,2039.05,1987.55,1981.18,1995.56,2042.37,1928.88,1937.24,1941.66,1923.78,1907,1922.97,1955.62,220677.2355,834778.0952,351347.9433,406246.9427,393639.0086,300257.0733,386253.5557,179173.8456,4.58E+08,1.68E+09,6.94E+08,8.05E+08,7.78E+08,5.84E+08,7.56E+08,3.54E+08,2720271,5864311,4476026,6420841,5176537,3793608,3948261,1362230,110065.542,323503.2298,178158.7858,196947.7031,191523.6119,142030.3122,186424.2257,91535.9107,2.29E+08,6.51E+08,3.52E+08,3.90E+08,3.79E+08,2.76E+08,3.65E+08,1.81E+08,0.018484712,-0.057514893,0.016144779,-0.003337787,-0.017949851,-0.003491981,0.010158639,0.002270326,2086.59,1966.58,1998.33,1991.66,1955.91,1949.08,1968.88,1957.82
2026-02-22T00:00:00,69822.94,68832.59,68892.43,67503.52,66461,67003.73,68020,67975.93,70983,70126.67,69241.5,68476.22,67320,68318.39,68698.7,68245,68000,67294.11,66621.06,65870,65631.83,66280.2,67534.69,67190,22290.05208,15515.76534,16489.06921,15492.43839,14542.26988,35351.87091,8032.84131,8175.13484,1.55E+09,1.06E+09,1.12E+09,1.04E+09,9.69E+08,2.38E+09,5.48E+08,5.54E+08,4598633,5233849,5994853,4548997,4679351,5044912,1593539,2160900,8861.59262,8153.4314,7538.45107,7895.05707,7106.70741,15001.46034,4003.46206,3974.29287,6.16E+08,5.59E+08,5.11E+08,5.30E+08,4.73E+08,1.01E+09,2.73E+08,2.69E+08,-0.014184018,8.70E-04,-0.02016056,-0.015443935,0.008166143,0.015167514,-6.48E-04,-0.004891879,68832.58,68892.43,67503.52,66461,67003.73,68020.01,67975.93,67643.4,2086.59,1966.59,1998.34,1991.67,1955.9,1949.08,1968.88,1973.35,2103.32,2023.51,2015.33,2039.05,1987.55,1981.18,1995.56,1983.13,1928.88,1937.24,1941.66,1923.78,1907,1922.97,1955.62,1935,834778.0952,351347.9433,406246.9427,393639.0086,300257.0733,386253.5557,179173.8456,155325.6482,1.68E+09,6.94E+08,8.05E+08,7.78E+08,5.84E+08,7.56E+08,3.54E+08,3.05E+08,5864311,4476026,6420841,5176537,3793608,3948261,1362230,1850073,323503.2298,178158.7858,196947.7031,191523.6119,142030.3122,186424.2257,91535.9107,77240.1124,6.51E+08,3.52E+08,3.90E+08,3.79E+08,2.76E+08,3.65E+08,1.81E+08,1.51E+08,-0.057514893,0.016144779,-0.003337787,-0.017949851,-0.003491981,0.010158639,0.002270326,-0.007869866,1966.58,1998.33,1991.66,1955.91,1949.08,1968.88,1973.35,1856.3
2026-02-23T00:00:00,68832.59,68892.43,67503.52,66461,67003.73,68020,67975.93,67643.39,70126.67,69241.5,68476.22,67320,68318.39,68698.7,68245,67684.86,67294.11,66621.06,65870,65631.83,66280.2,67534.69,67190,63888.79,15515.76534,16489.06921,15492.43839,14542.26988,35351.87091,8032.84131,8175.13484,33075.90923,1.06E+09,1.12E+09,1.04E+09,9.69E+08,2.38E+09,5.48E+08,5.54E+08,2.16E+09,5233849,5994853,4548997,4679351,5044912,1593539,2160900,8268695,8153.4314,7538.45107,7895.05707,7106.70741,15001.46034,4003.46206,3974.29287,16388.63858,5.59E+08,5.11E+08,5.30E+08,4.73E+08,1.01E+09,2.73E+08,2.69E+08,1.07E+09,8.70E-04,-0.02016056,-0.015443935,0.008166143,0.015167514,-6.48E-04,-0.004891879,-0.044163658,68892.43,67503.52,66461,67003.73,68020.01,67975.93,67643.4,64656.02,1966.59,1998.34,1991.67,1955.9,1949.08,1968.88,1973.35,1957.82,2023.51,2015.33,2039.05,1987.55,1981.18,1995.56,1983.13,1958.33,1937.24,1941.66,1923.78,1907,1922.97,1955.62,1935,1837.13,351347.9433,406246.9427,393639.0086,300257.0733,386253.5557,179173.8456,155325.6482,547359.4869,6.94E+08,8.05E+08,7.78E+08,5.84E+08,7.56E+08,3.54E+08,3.05E+08,1.03E+09,4476026,6420841,5176537,3793608,3948261,1362230,1850073,6684753,178158.7858,196947.7031,191523.6119,142030.3122,186424.2257,91535.9107,77240.1124,266498.7851,3.52E+08,3.90E+08,3.79E+08,2.76E+08,3.65E+08,1.81E+08,1.51E+08,5.02E+08,0.016144779,-0.003337787,-0.017949851,-0.003491981,0.010158639,0.002270326,-0.007869866,-0.051853592,1998.33,1991.66,1955.91,1949.08,1968.88,1973.35,1957.82,1851.94
2026-02-24T00:00:00,68892.43,67503.52,66461,67003.73,68020,67975.93,67643.39,64656.01,69241.5,68476.22,67320,68318.39,68698.7,68245,67684.86,65026.75,66621.06,65870,65631.83,66280.2,67534.69,67190,63888.79,62510.28,16489.06921,15492.43839,14542.26988,35351.87091,8032.84131,8175.13484,33075.90923,23102.83622,1.12E+09,1.04E+09,9.69E+08,2.38E+09,5.48E+08,5.54E+08,2.16E+09,1.47E+09,5994853,4548997,4679351,5044912,1593539,2160900,8268695,7553629,7538.45107,7895.05707,7106.70741,15001.46034,4003.46206,3974.29287,16388.63858,11150.61026,5.11E+08,5.30E+08,4.73E+08,1.01E+09,2.73E+08,2.69E+08,1.07E+09,7.09E+08,-0.02016056,-0.015443935,0.008166143,0.015167514,-6.48E-04,-0.004891879,-0.044163658,-0.009246935,67503.52,66461,67003.73,68020.01,67975.93,67643.4,64656.02,64058.15,1998.34,1991.67,1955.9,1949.08,1968.88,1973.35,1957.82,1856.3,2015.33,2039.05,1987.55,1981.18,1995.56,1983.13,1958.33,1869.58,1941.66,1923.78,1907,1922.97,1955.62,1935,1837.13,1800,406246.9427,393639.0086,300257.0733,386253.5557,179173.8456,155325.6482,547359.4869,438064.0284,8.05E+08,7.78E+08,5.84E+08,7.56E+08,3.54E+08,3.05E+08,1.03E+09,8.04E+08,6420841,5176537,3793608,3948261,1362230,1850073,6684753,6607359,196947.7031,191523.6119,142030.3122,186424.2257,91535.9107,77240.1124,266498.7851,205850.4101,3.90E+08,3.79E+08,2.76E+08,3.65E+08,1.81E+08,1.51E+08,5.02E+08,3.78E+08,-0.003337787,-0.017949851,-0.003491981,0.010158639,0.002270326,-0.007869866,-0.051853592,-0.002348758,1991.66,1955.91,1949.08,1968.88,1973.35,1957.82,1856.3,2057.48
2026-02-25T00:00:00,67503.52,66461,67003.73,68020,67975.93,67643.39,64656.01,64058.15,68476.22,67320,68318.39,68698.7,68245,67684.86,65026.75,69988.83,65870,65631.83,66280.2,67534.69,67190,63888.79,62510.28,63913.27,15492.43839,14542.26988,35351.87091,8032.84131,8175.13484,33075.90923,23102.83622,30749.99259,1.04E+09,9.69E+08,2.38E+09,5.48E+08,5.54E+08,2.16E+09,1.47E+09,2.06E+09,4548997,4679351,5044912,1593539,2160900,8268695,7553629,7096715,7895.05707,7106.70741,15001.46034,4003.46206,3974.29287,16388.63858,11150.61026,16382.91985,5.30E+08,4.73E+08,1.01E+09,2.73E+08,2.69E+08,1.07E+09,7.09E+08,1.10E+09,-0.015443935,0.008166143,0.015167514,-6.48E-04,-0.004891879,-0.044163658,-0.009246935,0.06134879,66461,67003.73,68020.01,67975.93,67643.4,64656.02,64058.15,67988.04,1991.67,1955.9,1949.08,1968.88,1973.35,1957.82,1856.3,1851.95,2039.05,1987.55,1981.18,1995.56,1983.13,1958.33,1869.58,2148.39,1923.78,1907,1922.97,1955.62,1935,1837.13,1800,1846.74,393639.0086,300257.0733,386253.5557,179173.8456,155325.6482,547359.4869,438064.0284,682979.4378,7.78E+08,5.84E+08,7.56E+08,3.54E+08,3.05E+08,1.03E+09,8.04E+08,1.37E+09,5176537,3793608,3948261,1362230,1850073,6684753,6607359,9024746,191523.6119,142030.3122,186424.2257,91535.9107,77240.1124,266498.7851,205850.4101,343230.549,3.79E+08,2.76E+08,3.65E+08,1.81E+08,1.51E+08,5.02E+08,3.78E+08,6.86E+08,-0.017949851,-0.003491981,0.010158639,0.002270326,-0.007869866,-0.051853592,-0.002348758,0.110986317,1955.91,1949.08,1968.88,1973.35,1957.82,1856.3,1851.94,2027.68
2026-02-26T00:00:00,66461,67003.73,68020,67975.93,67643.39,64656.01,64058.15,67988.04,67320,68318.39,68698.7,68245,67684.86,65026.75,69988.83,68860,65631.83,66280.2,67534.69,67190,63888.79,62510.28,63913.27,66500,14542.26988,35351.87091,8032.84131,8175.13484,33075.90923,23102.83622,30749.99259,20737.77792,9.69E+08,2.38E+09,5.48E+08,5.54E+08,2.16E+09,1.47E+09,2.06E+09,1.40E+09,4679351,5044912,1593539,2160900,8268695,7553629,7096715,5426137,7106.70741,15001.46034,4003.46206,3974.29287,16388.63858,11150.61026,16382.91985,10172.50047,4.73E+08,1.01E+09,2.73E+08,2.69E+08,1.07E+09,7.09E+08,1.10E+09,6.89E+08,0.008166143,0.015167514,-6.48E-04,-0.004891879,-0.044163658,-0.009246935,0.06134879,-0.007396301,67003.73,68020.01,67975.93,67643.4,64656.02,64058.15,67988.04,67485.18,1955.9,1949.08,1968.88,1973.35,1957.82,1856.3,1851.95,2057.48,1987.55,1981.18,1995.56,1983.13,1958.33,1869.58,2148.39,2083.33,1907,1922.97,1955.62,1935,1837.13,1800,1846.74,1975.35,300257.0733,386253.5557,179173.8456,155325.6482,547359.4869,438064.0284,682979.4378,439783.3566,5.84E+08,7.56E+08,3.54E+08,3.05E+08,1.03E+09,8.04E+08,1.37E+09,8.97E+08,3793608,3948261,1362230,1850073,6684753,6607359,9024746,7142316,142030.3122,186424.2257,91535.9107,77240.1124,266498.7851,205850.4101,343230.549,224781.9099,2.76E+08,3.65E+08,1.81E+08,1.51E+08,5.02E+08,3.78E+08,6.86E+08,4.59E+08,-0.003491981,0.010158639,0.002270326,-0.007869866,-0.051853592,-0.002348758,0.110986317,-0.014483737,1949.08,1968.88,1973.35,1957.82,1856.3,1851.94,2057.48,1929.84
2026-02-27T00:00:00,67003.73,68020,67975.93,67643.39,64656.01,64058.15,67988.04,67485.19,68318.39,68698.7,68245,67684.86,65026.75,69988.83,68860,68216.8,66280.2,67534.69,67190,63888.79,62510.28,63913.27,66500,64914.46,35351.87091,8032.84131,8175.13484,33075.90923,23102.83622,30749.99259,20737.77792,21228.58424,2.38E+09,5.48E+08,5.54E+08,2.16E+09,1.47E+09,2.06E+09,1.40E+09,1.41E+09,5044912,1593539,2160900,8268695,7553629,7096715,5426137,3856064,15001.46034,4003.46206,3974.29287,16388.63858,11150.61026,16382.91985,10172.50047,10107.20917,1.01E+09,2.73E+08,2.69E+08,1.07E+09,7.09E+08,1.10E+09,6.89E+08,6.72E+08,0.015167514,-6.48E-04,-0.004891879,-0.044163658,-0.009246935,0.06134879,-0.007396301,-0.023902729,68020.01,67975.93,67643.4,64656.02,64058.15,67988.04,67485.18,65872.1,1949.08,1968.88,1973.35,1957.82,1856.3,1851.95,2057.48,2027.68,1981.18,1995.56,1983.13,1958.33,1869.58,2148.39,2083.33,2063.52,1922.97,1955.62,1935,1837.13,1800,1846.74,1975.35,1887,386253.5557,179173.8456,155325.6482,547359.4869,438064.0284,682979.4378,439783.3566,428687.234,7.56E+08,3.54E+08,3.05E+08,1.03E+09,8.04E+08,1.37E+09,8.97E+08,8.47E+08,3948261,1362230,1850073,6684753,6607359,9024746,7142316,5213158,186424.2257,91535.9107,77240.1124,266498.7851,205850.4101,343230.549,224781.9099,214287.6264,3.65E+08,1.81E+08,1.51E+08,5.02E+08,3.78E+08,6.86E+08,4.59E+08,4.23E+08,0.010158639,0.002270326,-0.007869866,-0.051853592,-0.002348758,0.110986317,-0.014483737,-0.04825219,1968.88,1973.35,1957.82,1856.3,1851.94,2057.48,2027.68,1964.51
2026-02-28T00:00:00,68020,67975.93,67643.39,64656.01,64058.15,67988.04,67485.19,65872.09,68698.7,68245,67684.86,65026.75,69988.83,68860,68216.8,67760,67534.69,67190,63888.79,62510.28,63913.27,66500,64914.46,63030,8032.84131,8175.13484,33075.90923,23102.83622,30749.99259,20737.77792,21228.58424,22548.71649,5.48E+08,5.54E+08,2.16E+09,1.47E+09,2.06E+09,1.40E+09,1.41E+09,1.46E+09,1593539,2160900,8268695,7553629,7096715,5426137,3856064,5268514,4003.46206,3974.29287,16388.63858,11150.61026,16382.91985,10172.50047,10107.20917,11531.10802,2.73E+08,2.69E+08,1.07E+09,7.09E+08,1.10E+09,6.89E+08,6.72E+08,7.48E+08,-6.48E-04,-0.004891879,-0.044163658,-0.009246935,0.06134879,-0.007396301,-0.023902729,0.016716637,67975.93,67643.4,64656.02,64058.15,67988.04,67485.18,65872.1,66973.26,1968.88,1973.35,1957.82,1856.3,1851.95,2057.48,2027.68,1929.84,1995.56,1983.13,1958.33,1869.58,2148.39,2083.33,2063.52,1984.99,1955.62,1935,1837.13,1800,1846.74,1975.35,1887,1835.36,179173.8456,155325.6482,547359.4869,438064.0284,682979.4378,439783.3566,428687.234,461680.9835,3.54E+08,3.05E+08,1.03E+09,8.04E+08,1.37E+09,8.97E+08,8.47E+08,8.77E+08,1362230,1850073,6684753,6607359,9024746,7142316,5213158,6186042,91535.9107,77240.1124,266498.7851,205850.4101,343230.549,224781.9099,214287.6264,229978.4238,1.81E+08,1.51E+08,5.02E+08,3.78E+08,6.86E+08,4.59E+08,4.23E+08,4.37E+08,0.002270326,-0.007869866,-0.051853592,-0.002348758,0.110986317,-0.014483737,-0.04825219,0.01796522,1973.35,1957.82,1856.3,1851.94,2057.48,2027.68,1929.84,1939.71
2026-03-01T00:00:00,67975.93,67643.39,64656.01,64058.15,67988.04,67485.19,65872.09,66973.26,68245,67684.86,65026.75,69988.83,68860,68216.8,67760,68199.99,67190,63888.79,62510.28,63913.27,66500,64914.46,63030,65056,8175.13484,33075.90923,23102.83622,30749.99259,20737.77792,21228.58424,22548.71649,23201.85859,5.54E+08,2.16E+09,1.47E+09,2.06E+09,1.40E+09,1.41E+09,1.46E+09,1.55E+09,2160900,8268695,7553629,7096715,5426137,3856064,5268514,5312013,3974.29287,16388.63858,11150.61026,16382.91985,10172.50047,10107.20917,11531.10802,11209.77201,2.69E+08,1.07E+09,7.09E+08,1.10E+09,6.89E+08,6.72E+08,7.48E+08,7.47E+08,-0.004891879,-0.044163658,-0.009246935,0.06134879,-0.007396301,-0.023902729,0.016716637,-0.017869669,67643.4,64656.02,64058.15,67988.04,67485.18,65872.1,66973.26,65776.47,1973.35,1957.82,1856.3,1851.95,2057.48,2027.68,1929.84,1964.51,1983.13,1958.33,1869.58,2148.39,2083.33,2063.52,1984.99,2054.8,1935,1837.13,1800,1846.74,1975.35,1887,1835.36,1907.41,155325.6482,547359.4869,438064.0284,682979.4378,439783.3566,428687.234,461680.9835,529196.8464,3.05E+08,1.03E+09,8.04E+08,1.37E+09,8.97E+08,8.47E+08,8.77E+08,1.05E+09,1850073,6684753,6607359,9024746,7142316,5213158,6186042,6616298,77240.1124,266498.7851,205850.4101,343230.549,224781.9099,214287.6264,229978.4238,254547.6476,1.51E+08,5.02E+08,3.78E+08,6.86E+08,4.59E+08,4.23E+08,4.37E+08,5.06E+08,-0.007869866,-0.051853592,-0.002348758,0.110986317,-0.014483737,-0.04825219,0.01796522,-0.012624013,1957.82,1856.3,1851.94,2057.48,2027.68,1929.84,1964.51,2027.35
2026-03-02T00:00:00,67643.39,64656.01,64058.15,67988.04,67485.19,65872.09,66973.26,65776.48,67684.86,65026.75,69988.83,68860,68216.8,67760,68199.99,70096,63888.79,62510.28,63913.27,66500,64914.46,63030,65056,65259.21,33075.90923,23102.83622,30749.99259,20737.77792,21228.58424,22548.71649,23201.85859,32010.38431,2.16E+09,1.47E+09,2.06E+09,1.40E+09,1.41E+09,1.46E+09,1.55E+09,2.16E+09,8268695,7553629,7096715,5426137,3856064,5268514,5312013,8397526,16388.63858,11150.61026,16382.91985,10172.50047,10107.20917,11531.10802,11209.77201,15335.91369,1.07E+09,7.09E+08,1.10E+09,6.89E+08,6.72E+08,7.48E+08,7.47E+08,1.04E+09,-0.044163658,-0.009246935,0.06134879,-0.007396301,-0.023902729,0.016716637,-0.017869669,0.046423744,64656.02,64058.15,67988.04,67485.18,65872.1,66973.26,65776.47,68830.06,1957.82,1856.3,1851.95,2057.48,2027.68,1929.84,1964.51,1939.71,1958.33,1869.58,2148.39,2083.33,2063.52,1984.99,2054.8,2090,1837.13,1800,1846.74,1975.35,1887,1835.36,1907.41,1920,547359.4869,438064.0284,682979.4378,439783.3566,428687.234,461680.9835,529196.8464,577406.3749,1.03E+09,8.04E+08,1.37E+09,8.97E+08,8.47E+08,8.77E+08,1.05E+09,1.15E+09,6684753,6607359,9024746,7142316,5213158,6186042,6616298,9343785,266498.7851,205850.4101,343230.549,224781.9099,214287.6264,229978.4238,254547.6476,299199.2494,5.02E+08,3.78E+08,6.86E+08,4.59E+08,4.23E+08,4.37E+08,5.06E+08,5.99E+08,-0.051853592,-0.002348758,0.110986317,-0.014483737,-0.04825219,0.01796522,-0.012624013,0.045182012,1856.3,1851.94,2057.48,2027.68,1929.84,1964.51,1939.71,1982.8
2026-03-03T00:00:00,64656.01,64058.15,67988.04,67485.19,65872.09,66973.26,65776.48,68830.06,65026.75,69988.83,68860,68216.8,67760,68199.99,70096,69258.08,62510.28,63913.27,66500,64914.46,63030,65056,65259.21,66158,23102.83622,30749.99259,20737.77792,21228.58424,22548.71649,23201.85859,32010.38431,24972.2418,1.47E+09,2.06E+09,1.40E+09,1.41E+09,1.46E+09,1.55E+09,2.16E+09,1.69E+09,7553629,7096715,5426137,3856064,5268514,5312013,8397526,7648119,11150.61026,16382.91985,10172.50047,10107.20917,11531.10802,11209.77201,15335.91369,12331.622,7.09E+08,1.10E+09,6.89E+08,6.72E+08,7.48E+08,7.47E+08,1.04E+09,8.35E+08,-0.009246935,0.06134879,-0.007396301,-0.023902729,0.016716637,-0.017869669,0.046423744,-0.007148911,64058.15,67988.04,67485.18,65872.1,66973.26,65776.47,68830.06,68338,1856.3,1851.95,2057.48,2027.68,1929.84,1964.51,1939.71,2027.34,1869.58,2148.39,2083.33,2063.52,1984.99,2054.8,2090,2041.48,1800,1846.74,1975.35,1887,1835.36,1907.41,1920,1929.56,438064.0284,682979.4378,439783.3566,428687.234,461680.9835,529196.8464,577406.3749,509329.8534,8.04E+08,1.37E+09,8.97E+08,8.47E+08,8.77E+08,1.05E+09,1.15E+09,1.01E+09,6607359,9024746,7142316,5213158,6186042,6616298,9343785,8311355,205850.4101,343230.549,224781.9099,214287.6264,229978.4238,254547.6476,299199.2494,254251.3309,3.78E+08,6.86E+08,4.59E+08,4.23E+08,4.37E+08,5.06E+08,5.99E+08,5.03E+08,-0.002348758,0.110986317,-0.014483737,-0.04825219,0.01796522,-0.012624013,0.045182012,-0.021974499,1851.94,2057.48,2027.68,1929.84,1964.51,1939.71,2027.35,2127.28
2026-03-04T00:00:00,64058.15,67988.04,67485.19,65872.09,66973.26,65776.48,68830.06,68338.01,69988.83,68860,68216.8,67760,68199.99,70096,69258.08,74050,63913.27,66500,64914.46,63030,65056,65259.21,66158,67400,30749.99259,20737.77792,21228.58424,22548.71649,23201.85859,32010.38431,24972.2418,44919.0761,2.06E+09,1.40E+09,1.41E+09,1.46E+09,1.55E+09,2.16E+09,1.69E+09,3.20E+09,7096715,5426137,3856064,5268514,5312013,8397526,7648119,8618302,16382.91985,10172.50047,10107.20917,11531.10802,11209.77201,15335.91369,12331.622,23641.35243,1.10E+09,6.89E+08,6.72E+08,7.48E+08,7.47E+08,1.04E+09,8.35E+08,1.69E+09,0.06134879,-0.007396301,-0.023902729,0.016716637,-0.017869669,0.046423744,-0.007148911,0.063343528,67988.04,67485.18,65872.1,66973.26,65776.47,68830.06,68338,72666.77,1851.95,2057.48,2027.68,1929.84,1964.51,1939.71,2027.34,1982.81,2148.39,2083.33,2063.52,1984.99,2054.8,2090,2041.48,2199,1846.74,1975.35,1887,1835.36,1907.41,1920,1929.56,1945.08,682979.4378,439783.3566,428687.234,461680.9835,529196.8464,577406.3749,509329.8534,737644.8152,1.37E+09,8.97E+08,8.47E+08,8.77E+08,1.05E+09,1.15E+09,1.01E+09,1.54E+09,9024746,7142316,5213158,6186042,6616298,9343785,8311355,9527323,343230.549,224781.9099,214287.6264,229978.4238,254547.6476,299199.2494,254251.3309,368171.8559,6.86E+08,4.59E+08,4.23E+08,4.37E+08,5.06E+08,5.99E+08,5.03E+08,7.68E+08,0.110986317,-0.014483737,-0.04825219,0.01796522,-0.012624013,0.045182012,-0.021974499,0.072866653,2057.48,2027.68,1929.84,1964.51,1939.71,2027.35,1982.8,2072.86
2026-03-05T00:00:00,67988.04,67485.19,65872.09,66973.26,65776.48,68830.06,68338.01,72666.77,68860,68216.8,67760,68199.99,70096,69258.08,74050,73558.15,66500,64914.46,63030,65056,65259.21,66158,67400,70645.47,20737.77792,21228.58424,22548.71649,23201.85859,32010.38431,24972.2418,44919.0761,26590.51253,1.40E+09,1.41E+09,1.46E+09,1.55E+09,2.16E+09,1.69E+09,3.20E+09,1.92E+09,5426137,3856064,5268514,5312013,8397526,7648119,8618302,6709160,10172.50047,10107.20917,11531.10802,11209.77201,15335.91369,12331.622,23641.35243,12299.51467,6.89E+08,6.72E+08,7.48E+08,7.47E+08,1.04E+09,8.35E+08,1.69E+09,8.87E+08,-0.007396301,-0.023902729,0.016716637,-0.017869669,0.046423744,-0.007148911,0.063343528,-0.02444102,67485.18,65872.1,66973.26,65776.47,68830.06,68338,72666.77,70890.72,2057.48,2027.68,1929.84,1964.51,1939.71,2027.34,1982.81,2127.28,2083.33,2063.52,1984.99,2054.8,2090,2041.48,2199,2163.66,1975.35,1887,1835.36,1907.41,1920,1929.56,1945.08,2054.75,439783.3566,428687.234,461680.9835,529196.8464,577406.3749,509329.8534,737644.8152,432157.8126,8.97E+08,8.47E+08,8.77E+08,1.05E+09,1.15E+09,1.01E+09,1.54E+09,9.10E+08,7142316,5213158,6186042,6616298,9343785,8311355,9527323,6753565,224781.9099,214287.6264,229978.4238,254547.6476,299199.2494,254251.3309,368171.8559,205453.4958,4.59E+08,4.23E+08,4.37E+08,5.06E+08,5.99E+08,5.03E+08,7.68E+08,4.33E+08,-0.014483737,-0.04825219,0.01796522,-0.012624013,0.045182012,-0.021974499,0.072866653,-0.025581964,2027.68,1929.84,1964.51,1939.71,2027.35,1982.8,2127.28,1978.68
2026-03-06T00:00:00,67485.19,65872.09,66973.26,65776.48,68830.06,68338.01,72666.77,70891.02,68216.8,67760,68199.99,70096,69258.08,74050,73558.15,71419.98,64914.46,63030,65056,65259.21,66158,67400,70645.47,67744.78,21228.58424,22548.71649,23201.85859,32010.38431,24972.2418,44919.0761,26590.51253,22629.88722,1.41E+09,1.46E+09,1.55E+09,2.16E+09,1.69E+09,3.20E+09,1.92E+09,1.57E+09,3856064,5268514,5312013,8397526,7648119,8618302,6709160,5302899,10107.20917,11531.10802,11209.77201,15335.91369,12331.622,23641.35243,12299.51467,10464.09351,6.72E+08,7.48E+08,7.47E+08,1.04E+09,8.35E+08,1.69E+09,8.87E+08,7.28E+08,-0.023902729,0.016716637,-0.017869669,0.046423744,-0.007148911,0.063343528,-0.02444102,-0.039168737,65872.1,66973.26,65776.47,68830.06,68338,72666.77,70890.72,68114.02,2027.68,1929.84,1964.51,1939.71,2027.34,1982.81,2127.28,2072.86,2063.52,1984.99,2054.8,2090,2041.48,2199,2163.66,2093.33,1887,1835.36,1907.41,1920,1929.56,1945.08,2054.75,1955.95,428687.234,461680.9835,529196.8464,577406.3749,509329.8534,737644.8152,432157.8126,411597.7569,8.47E+08,8.77E+08,1.05E+09,1.15E+09,1.01E+09,1.54E+09,9.10E+08,8.32E+08,5213158,6186042,6616298,9343785,8311355,9527323,6753565,5601424,214287.6264,229978.4238,254547.6476,299199.2494,254251.3309,368171.8559,205453.4958,197603.9435,4.23E+08,4.37E+08,5.06E+08,5.99E+08,5.03E+08,7.68E+08,4.33E+08,3.99E+08,-0.04825219,0.01796522,-0.012624013,0.045182012,-0.021974499,0.072866653,-0.025581964,-0.04543481,1929.84,1964.51,1939.71,2027.35,1982.8,2127.28,2072.86,1969.59
2026-03-07T00:00:00,65872.09,66973.26,65776.48,68830.06,68338.01,72666.77,70891.02,68114.02,67760,68199.99,70096,69258.08,74050,73558.15,71419.98,68551.04,63030,65056,65259.21,66158,67400,70645.47,67744.78,66915.26,22548.71649,23201.85859,32010.38431,24972.2418,44919.0761,26590.51253,22629.88722,12719.54315,1.46E+09,1.55E+09,2.16E+09,1.69E+09,3.20E+09,1.92E+09,1.57E+09,8.62E+08,5268514,5312013,8397526,7648119,8618302,6709160,5302899,2067476,11531.10802,11209.77201,15335.91369,12331.622,23641.35243,12299.51467,10464.09351,5910.76849,7.48E+08,7.47E+08,1.04E+09,8.35E+08,1.69E+09,8.87E+08,7.28E+08,4.00E+08,0.016716637,-0.017869669,0.046423744,-0.007148911,0.063343528,-0.02444102,-0.039168737,-0.012495372,66973.26,65776.47,68830.06,68338,72666.77,70890.72,68114.02,67262.91,1929.84,1964.51,1939.71,2027.34,1982.81,2127.28,2072.86,1978.68,1984.99,2054.8,2090,2041.48,2199,2163.66,2093.33,1996.04,1835.36,1907.41,1920,1929.56,1945.08,2054.75,1955.95,1948.09,461680.9835,529196.8464,577406.3749,509329.8534,737644.8152,432157.8126,411597.7569,184459.82,8.77E+08,1.05E+09,1.15E+09,1.01E+09,1.54E+09,9.10E+08,8.32E+08,3.65E+08,6186042,6616298,9343785,8311355,9527323,6753565,5601424,2029543,229978.4238,254547.6476,299199.2494,254251.3309,368171.8559,205453.4958,197603.9435,89270.3932,4.37E+08,5.06E+08,5.99E+08,5.03E+08,7.68E+08,4.33E+08,3.99E+08,1.76E+08,0.01796522,-0.012624013,0.045182012,-0.021974499,0.072866653,-0.025581964,-0.04543481,-0.004593972,1964.51,1939.71,2027.35,1982.8,2127.28,2072.86,1978.68,1937.1
2026-03-08T00:00:00,66973.26,65776.48,68830.06,68338.01,72666.77,70891.02,68114.02,67262.91,68199.99,70096,69258.08,74050,73558.15,71419.98,68551.04,68200,65056,65259.21,66158,67400,70645.47,67744.78,66915.26,65618.49,23201.85859,32010.38431,24972.2418,44919.0761,26590.51253,22629.88722,12719.54315,21593.63901,1.55E+09,2.16E+09,1.69E+09,3.20E+09,1.92E+09,1.57E+09,8.62E+08,1.45E+09,5312013,8397526,7648119,8618302,6709160,5302899,2067476,3028392,11209.77201,15335.91369,12331.622,23641.35243,12299.51467,10464.09351,5910.76849,11268.64926,7.47E+08,1.04E+09,8.35E+08,1.69E+09,8.87E+08,7.28E+08,4.00E+08,7.56E+08,-0.017869669,0.046423744,-0.007148911,0.063343528,-0.02444102,-0.039168737,-0.012495372,-0.019203897,65776.47,68830.06,68338,72666.77,70890.72,68114.02,67262.91,65971.2,1964.51,1939.71,2027.34,1982.81,2127.28,2072.86,1978.68,1969.6,2054.8,2090,2041.48,2199,2163.66,2093.33,1996.04,1979.8,1907.41,1920,1929.56,1945.08,2054.75,1955.95,1948.09,1916.14,529196.8464,577406.3749,509329.8534,737644.8152,432157.8126,411597.7569,184459.82,391189.7317,1.05E+09,1.15E+09,1.01E+09,1.54E+09,9.10E+08,8.32E+08,3.65E+08,7.61E+08,6616298,9343785,8311355,9527323,6753565,5601424,2029543,4044585,254547.6476,299199.2494,254251.3309,368171.8559,205453.4958,197603.9435,89270.3932,190729.8992,5.06E+08,5.99E+08,5.03E+08,7.68E+08,4.33E+08,3.99E+08,1.76E+08,3.72E+08,-0.012624013,0.045182012,-0.021974499,0.072866653,-0.025581964,-0.04543481,-0.004593972,-0.016495819,1939.71,2027.35,1982.8,2127.28,2072.86,1978.68,1969.59,1992.98
2026-03-09T00:00:00,65776.48,68830.06,68338.01,72666.77,70891.02,68114.02,67262.91,65971.2,70096,69258.08,74050,73558.15,71419.98,68551.04,68200,69516.65,65259.21,66158,67400,70645.47,67744.78,66915.26,65618.49,65821.97,32010.38431,24972.2418,44919.0761,26590.51253,22629.88722,12719.54315,21593.63901,28896.7213,2.16E+09,1.69E+09,3.20E+09,1.92E+09,1.57E+09,8.62E+08,1.45E+09,1.97E+09,8397526,7648119,8618302,6709160,5302899,2067476,3028392,5093667,15335.91369,12331.622,23641.35243,12299.51467,10464.09351,5910.76849,11268.64926,14101.45378,1.04E+09,8.35E+08,1.69E+09,8.87E+08,7.28E+08,4.00E+08,7.56E+08,9.60E+08,0.046423744,-0.007148911,0.063343528,-0.02444102,-0.039168737,-0.012495372,-0.019203897,0.037303551,68830.06,68338,72666.77,70890.72,68114.02,67262.91,65971.2,68432.16,1939.71,2027.34,1982.81,2127.28,2072.86,1978.68,1969.6,1937.11,2090,2041.48,2199,2163.66,2093.33,1996.04,1979.8,2053.52,1920,1929.56,1945.08,2054.75,1955.95,1948.09,1916.14,1929.65,577406.3749,509329.8534,737644.8152,432157.8126,411597.7569,184459.82,391189.7317,550825.4883,1.15E+09,1.01E+09,1.54E+09,9.10E+08,8.32E+08,3.65E+08,7.61E+08,1.10E+09,9343785,8311355,9527323,6753565,5601424,2029543,4044585,6360581,299199.2494,254251.3309,368171.8559,205453.4958,197603.9435,89270.3932,190729.8992,282877.29,5.99E+08,5.03E+08,7.68E+08,4.33E+08,3.99E+08,1.76E+08,3.72E+08,5.66E+08,0.045182012,-0.021974499,0.072866653,-0.025581964,-0.04543481,-0.004593972,-0.016495819,0.028847246,2027.35,1982.8,2127.28,2072.86,1978.68,1969.59,1937.1,2036.51
2026-03-10T00:00:00,68830.06,68338.01,72666.77,70891.02,68114.02,67262.91,65971.2,68432.16,69258.08,74050,73558.15,71419.98,68551.04,68200,69516.65,71777,66158,67400,70645.47,67744.78,66915.26,65618.49,65821.97,68391.41,24972.2418,44919.0761,26590.51253,22629.88722,12719.54315,21593.63901,28896.7213,32602.57726,1.69E+09,3.20E+09,1.92E+09,1.57E+09,8.62E+08,1.45E+09,1.97E+09,2.29E+09,7648119,8618302,6709160,5302899,2067476,3028392,5093667,5176064,12331.622,23641.35243,12299.51467,10464.09351,5910.76849,11268.64926,14101.45378,16453.82839,8.35E+08,1.69E+09,8.87E+08,7.28E+08,4.00E+08,7.56E+08,9.60E+08,1.16E+09,-0.007148911,0.063343528,-0.02444102,-0.039168737,-0.012495372,-0.019203897,0.037303551,0.022160195,68338,72666.77,70890.72,68114.02,67262.91,65971.2,68432.16,69948.63,2027.34,1982.81,2127.28,2072.86,1978.68,1969.6,1937.11,1992.97,2041.48,2199,2163.66,2093.33,1996.04,1979.8,2053.52,2088.19,1929.56,1945.08,2054.75,1955.95,1948.09,1916.14,1929.65,1991,509329.8534,737644.8152,432157.8126,411597.7569,184459.82,391189.7317,550825.4883,463411.8739,1.01E+09,1.54E+09,9.10E+08,8.32E+08,3.65E+08,7.61E+08,1.10E+09,9.49E+08,8311355,9527323,6753565,5601424,2029543,4044585,6360581,5226998,254251.3309,368171.8559,205453.4958,197603.9435,89270.3932,190729.8992,282877.29,240013.7173,5.03E+08,7.68E+08,4.33E+08,3.99E+08,1.76E+08,3.72E+08,5.66E+08,4.91E+08,-0.021974499,0.072866653,-0.025581964,-0.04543481,-0.004593972,-0.016495819,0.028847246,0.021841664,1982.8,2127.28,2072.86,1978.68,1969.59,1937.1,1992.98,2051.97
2026-03-11T00:00:00,68338.01,72666.77,70891.02,68114.02,67262.91,65971.2,68432.16,69948.64,74050,73558.15,71419.98,68551.04,68200,69516.65,71777,71321,67400,70645.47,67744.78,66915.26,65618.49,65821.97,68391.41,68977.91,44919.0761,26590.51253,22629.88722,12719.54315,21593.63901,28896.7213,32602.57726,27249.27542,3.20E+09,1.92E+09,1.57E+09,8.62E+08,1.45E+09,1.97E+09,2.29E+09,1.91E+09,8618302,6709160,5302899,2067476,3028392,5093667,5176064,4759855,23641.35243,12299.51467,10464.09351,5910.76849,11268.64926,14101.45378,16453.82839,14015.31615,1.69E+09,8.87E+08,7.28E+08,4.00E+08,7.56E+08,9.60E+08,1.16E+09,9.83E+08,0.063343528,-0.02444102,-0.039168737,-0.012495372,-0.019203897,0.037303551,0.022160195,0.003477266,72666.77,70890.72,68114.02,67262.91,65971.2,68432.16,69948.63,70191.86,1982.81,2127.28,2072.86,1978.68,1969.6,1937.11,1992.97,2036.5,2199,2163.66,2093.33,1996.04,1979.8,2053.52,2088.19,2085.58,1945.08,2054.75,1955.95,1948.09,1916.14,1929.65,1991,2007.17,737644.8152,432157.8126,411597.7569,184459.82,391189.7317,550825.4883,463411.8739,350061.256,1.54E+09,9.10E+08,8.32E+08,3.65E+08,7.61E+08,1.10E+09,9.49E+08,7.17E+08,9527323,6753565,5601424,2029543,4044585,6360581,5226998,4730286,368171.8559,205453.4958,197603.9435,89270.3932,190729.8992,282877.29,240013.7173,172446.7326,7.68E+08,4.33E+08,3.99E+08,1.76E+08,3.72E+08,5.66E+08,4.91E+08,3.54E+08,0.072866653,-0.025581964,-0.04543481,-0.004593972,-0.016495819,0.028847246,0.021841664,0.007591419,2127.28,2072.86,1978.68,1969.59,1937.1,1992.98,2036.51,2073.52
2026-03-12T00:00:00,72666.77,70891.02,68114.02,67262.91,65971.2,68432.16,69948.64,70191.86,73558.15,71419.98,68551.04,68200,69516.65,71777,71321,70800,70645.47,67744.78,66915.26,65618.49,65821.97,68391.41,68977.91,69205.91,26590.51253,22629.88722,12719.54315,21593.63901,28896.7213,32602.57726,27249.27542,21997.1605,1.92E+09,1.57E+09,8.62E+08,1.45E+09,1.97E+09,2.29E+09,1.91E+09,1.54E+09,6709160,5302899,2067476,3028392,5093667,5176064,4759855,4344059,12299.51467,10464.09351,5910.76849,11268.64926,14101.45378,16453.82839,14015.31615,10545.03396,8.87E+08,7.28E+08,4.00E+08,7.56E+08,9.60E+08,1.16E+09,9.83E+08,7.39E+08,-0.02444102,-0.039168737,-0.012495372,-0.019203897,0.037303551,0.022160195,0.003477266,0.004978925,70890.72,68114.02,67262.91,65971.2,68432.16,69948.63,70191.86,70541.34,2127.28,2072.86,1978.68,1969.6,1937.11,1992.97,2036.5,2051.97,2163.66,2093.33,1996.04,1979.8,2053.52,2088.19,2085.58,2095,2054.75,1955.95,1948.09,1916.14,1929.65,1991,2007.17,2017.59,432157.8126,411597.7569,184459.82,391189.7317,550825.4883,463411.8739,350061.256,400507.8132,9.10E+08,8.32E+08,3.65E+08,7.61E+08,1.10E+09,9.49E+08,7.17E+08,8.24E+08,6753565,5601424,2029543,4044585,6360581,5226998,4730286,4757775,205453.4958,197603.9435,89270.3932,190729.8992,282877.29,240013.7173,172446.7326,196694.8334,4.33E+08,3.99E+08,1.76E+08,3.72E+08,5.66E+08,4.91E+08,3.54E+08,4.05E+08,-0.025581964,-0.04543481,-0.004593972,-0.016495819,0.028847246,0.021841664,0.007591419,0.010502103,2072.86,1978.68,1969.59,1937.1,1992.98,2036.51,2051.97,2092.22
2026-03-13T00:00:00,70891.02,68114.02,67262.91,65971.2,68432.16,69948.64,70191.86,70541.34,71419.98,68551.04,68200,69516.65,71777,71321,70800,73913.74,67744.78,66915.26,65618.49,65821.97,68391.41,68977.91,69205.91,70386.01,22629.88722,12719.54315,21593.63901,28896.7213,32602.57726,27249.27542,21997.1605,35996.61678,1.57E+09,8.62E+08,1.45E+09,1.97E+09,2.29E+09,1.91E+09,1.54E+09,2.59E+09,5302899,2067476,3028392,5093667,5176064,4759855,4344059,5312490,10464.09351,5910.76849,11268.64926,14101.45378,16453.82839,14015.31615,10545.03396,18310.3426,7.28E+08,4.00E+08,7.56E+08,9.60E+08,1.16E+09,9.83E+08,7.39E+08,1.32E+09,-0.039168737,-0.012495372,-0.019203897,0.037303551,0.022160195,0.003477266,0.004978925,0.005509677,68114.02,67262.91,65971.2,68432.16,69948.63,70191.86,70541.34,70930,2072.86,1978.68,1969.6,1937.11,1992.97,2036.5,2051.97,2073.51,2093.33,1996.04,1979.8,2053.52,2088.19,2085.58,2095,2209.03,1955.95,1948.09,1916.14,1929.65,1991,2007.17,2017.59,2070.12,411597.7569,184459.82,391189.7317,550825.4883,463411.8739,350061.256,400507.8132,599657.0399,8.32E+08,3.65E+08,7.61E+08,1.10E+09,9.49E+08,7.17E+08,8.24E+08,1.28E+09,5601424,2029543,4044585,6360581,5226998,4730286,4757775,6138489,197603.9435,89270.3932,190729.8992,282877.29,240013.7173,172446.7326,196694.8334,300361.2151,3.99E+08,1.76E+08,3.72E+08,5.66E+08,4.91E+08,3.54E+08,4.05E+08,6.41E+08,-0.04543481,-0.004593972,-0.016495819,0.028847246,0.021841664,0.007591419,0.010502103,0.009018481,1978.68,1969.59,1937.1,1992.98,2036.51,2051.97,2073.52,2096.16
2026-03-14T00:00:00,68114.02,67262.91,65971.2,68432.16,69948.64,70191.86,70541.34,70930.01,68551.04,68200,69516.65,71777,71321,70800,73913.74,71307.92,66915.26,65618.49,65821.97,68391.41,68977.91,69205.91,70386.01,70317,12719.54315,21593.63901,28896.7213,32602.57726,27249.27542,21997.1605,35996.61678,13017.24737,8.62E+08,1.45E+09,1.97E+09,2.29E+09,1.91E+09,1.54E+09,2.59E+09,9.21E+08,2067476,3028392,5093667,5176064,4759855,4344059,5312490,1661739,5910.76849,11268.64926,14101.45378,16453.82839,14015.31615,10545.03396,18310.3426,6242.10104,4.00E+08,7.56E+08,9.60E+08,1.16E+09,9.83E+08,7.39E+08,1.32E+09,4.42E+08,-0.012495372,-0.019203897,0.037303551,0.022160195,0.003477266,0.004978925,0.005509677,0.003975046,67262.91,65971.2,68432.16,69948.63,70191.86,70541.34,70930,71211.95,1978.68,1969.6,1937.11,1992.97,2036.5,2051.97,2073.51,2092.21,1996.04,1979.8,2053.52,2088.19,2085.58,2095,2209.03,2106.09,1948.09,1916.14,1929.65,1991,2007.17,2017.59,2070.12,2061.6,184459.82,391189.7317,550825.4883,463411.8739,350061.256,400507.8132,599657.0399,152500.5822,3.65E+08,7.61E+08,1.10E+09,9.49E+08,7.17E+08,8.24E+08,1.28E+09,3.18E+08,2029543,4044585,6360581,5226998,4730286,4757775,6138489,1584458,89270.3932,190729.8992,282877.29,240013.7173,172446.7326,196694.8334,300361.2151,73409.361,1.76E+08,3.72E+08,5.66E+08,4.91E+08,3.54E+08,4.05E+08,6.41E+08,1.53E+08,-0.004593972,-0.016495819,0.028847246,0.021841664,0.007591419,0.010502103,0.009018481,0.001883167,1969.59,1937.1,1992.98,2036.51,2051.97,2073.52,2092.22,2178.3
2026-03-15T00:00:00,67262.91,65971.2,68432.16,69948.64,70191.86,70541.34,70930.01,71211.95,68200,69516.65,71777,71321,70800,73913.74,71307.92,73199,65618.49,65821.97,68391.41,68977.91,69205.91,70386.01,70317,70858.82,21593.63901,28896.7213,32602.57726,27249.27542,21997.1605,35996.61678,13017.24737,14037.30704,1.45E+09,1.97E+09,2.29E+09,1.91E+09,1.54E+09,2.59E+09,9.21E+08,1.01E+09,3028392,5093667,5176064,4759855,4344059,5312490,1661739,2509013,11268.64926,14101.45378,16453.82839,14015.31615,10545.03396,18310.3426,6242.10104,7307.01776,7.56E+08,9.60E+08,1.16E+09,9.83E+08,7.39E+08,1.32E+09,4.42E+08,5.24E+08,-0.019203897,0.037303551,0.022160195,0.003477266,0.004978925,0.005509677,0.003975046,0.022514339,65971.2,68432.16,69948.63,70191.86,70541.34,70930,71211.95,72815.24,1969.6,1937.11,1992.97,2036.5,2051.97,2073.51,2092.21,2096.16,1979.8,2053.52,2088.19,2085.58,2095,2209.03,2106.09,2202.87,1916.14,1929.65,1991,2007.17,2017.59,2070.12,2061.6,2083.35,391189.7317,550825.4883,463411.8739,350061.256,400507.8132,599657.0399,152500.5822,280825.9377,7.61E+08,1.10E+09,9.49E+08,7.17E+08,8.24E+08,1.28E+09,3.18E+08,5.99E+08,4044585,6360581,5226998,4730286,4757775,6138489,1584458,3001730,190729.8992,282877.29,240013.7173,172446.7326,196694.8334,300361.2151,73409.361,146142.3746,3.72E+08,5.66E+08,4.91E+08,3.54E+08,4.05E+08,6.41E+08,1.53E+08,3.12E+08,-0.016495819,0.028847246,0.021841664,0.007591419,0.010502103,0.009018481,0.001883167,0.03918594,1937.1,1992.98,2036.51,2051.97,2073.52,2092.22,2096.16,2352.97
2026-03-16T00:00:00,65971.2,68432.16,69948.64,70191.86,70541.34,70930.01,71211.95,72815.25,69516.65,71777,71321,70800,73913.74,71307.92,73199,74909.08,65821.97,68391.41,68977.91,69205.91,70386.01,70317,70858.82,72270.41,28896.7213,32602.57726,27249.27542,21997.1605,35996.61678,13017.24737,14037.30704,28409.53019,1.97E+09,2.29E+09,1.91E+09,1.54E+09,2.59E+09,9.21E+08,1.01E+09,2.10E+09,5093667,5176064,4759855,4344059,5312490,1661739,2509013,5396482,14101.45378,16453.82839,14015.31615,10545.03396,18310.3426,6242.10104,7307.01776,15204.22255,9.60E+08,1.16E+09,9.83E+08,7.39E+08,1.32E+09,4.42E+08,5.24E+08,1.12E+09,0.037303551,0.022160195,0.003477266,0.004978925,0.005509677,0.003975046,0.022514339,0.028420287,68432.16,69948.63,70191.86,70541.34,70930,71211.95,72815.24,74884.67,1937.11,1992.97,2036.5,2051.97,2073.51,2092.21,2096.16,2178.29,2053.52,2088.19,2085.58,2095,2209.03,2106.09,2202.87,2386.02,1929.65,1991,2007.17,2017.59,2070.12,2061.6,2083.35,2164.73,550825.4883,463411.8739,350061.256,400507.8132,599657.0399,152500.5822,280825.9377,845892.7756,1.10E+09,9.49E+08,7.17E+08,8.24E+08,1.28E+09,3.18E+08,5.99E+08,1.93E+09,6360581,5226998,4730286,4757775,6138489,1584458,3001730,7409311,282877.29,240013.7173,172446.7326,196694.8334,300361.2151,73409.361,146142.3746,445819.396,5.66E+08,4.91E+08,3.54E+08,4.05E+08,6.41E+08,1.53E+08,3.12E+08,1.02E+09,0.028847246,0.021841664,0.007591419,0.010502103,0.009018481,0.001883167,0.03918594,0.080186384,1992.98,2036.51,2051.97,2073.52,2092.22,2096.16,2178.3,2317.39
2026-03-17T00:00:00,68432.16,69948.64,70191.86,70541.34,70930.01,71211.95,72815.25,74884.67,71777,71321,70800,73913.74,71307.92,73199,74909.08,76000,68391.41,68977.91,69205.91,70386.01,70317,70858.82,72270.41,73399.19,32602.57726,27249.27542,21997.1605,35996.61678,13017.24737,14037.30704,28409.53019,24521.26636,2.29E+09,1.91E+09,1.54E+09,2.59E+09,9.21E+08,1.01E+09,2.10E+09,1.83E+09,5176064,4759855,4344059,5312490,1661739,2509013,5396482,4863187,16453.82839,14015.31615,10545.03396,18310.3426,6242.10104,7307.01776,15204.22255,11791.2523,1.16E+09,9.83E+08,7.39E+08,1.32E+09,4.42E+08,5.24E+08,1.12E+09,8.78E+08,0.022160195,0.003477266,0.004978925,0.005509677,0.003975046,0.022514339,0.028420287,-0.013024161,69948.63,70191.86,70541.34,70930,71211.95,72815.24,74884.67,73909.36,1992.97,2036.5,2051.97,2073.51,2092.21,2096.16,2178.29,2352.97,2088.19,2085.58,2095,2209.03,2106.09,2202.87,2386.02,2376.66,1991,2007.17,2017.59,2070.12,2061.6,2083.35,2164.73,2294.15,463411.8739,350061.256,400507.8132,599657.0399,152500.5822,280825.9377,845892.7756,493831.1016,9.49E+08,7.17E+08,8.24E+08,1.28E+09,3.18E+08,5.99E+08,1.93E+09,1.15E+09,5226998,4730286,4757775,6138489,1584458,3001730,7409311,5596636,240013.7173,172446.7326,196694.8334,300361.2151,73409.361,146142.3746,445819.396,240136.5065,4.91E+08,3.54E+08,4.05E+08,6.41E+08,1.53E+08,3.12E+08,1.02E+09,5.61E+08,0.021841664,0.007591419,0.010502103,0.009018481,0.001883167,0.03918594,0.080186384,-0.015121315,2036.51,2051.97,2073.52,2092.22,2096.16,2178.3,2352.97,2203.39
2026-03-18T00:00:00,69948.64,70191.86,70541.34,70930.01,71211.95,72815.25,74884.67,73909.37,71321,70800,73913.74,71307.92,73199,74909.08,76000,74672.34,68977.91,69205.91,70386.01,70317,70858.82,72270.41,73399.19,70500,27249.27542,21997.1605,35996.61678,13017.24737,14037.30704,28409.53019,24521.26636,23392.88093,1.91E+09,1.54E+09,2.59E+09,9.21E+08,1.01E+09,2.10E+09,1.83E+09,1.69E+09,4759855,4344059,5312490,1661739,2509013,5396482,4863187,4733897,14015.31615,10545.03396,18310.3426,6242.10104,7307.01776,15204.22255,11791.2523,11709.17057,9.83E+08,7.39E+08,1.32E+09,4.42E+08,5.24E+08,1.12E+09,8.78E+08,8.48E+08,0.003477266,0.004978925,0.005509677,0.003975046,0.022514339,0.028420287,-0.013024161,-0.036028184,70191.86,70541.34,70930,71211.95,72815.24,74884.67,73909.36,71246.54,2036.5,2051.97,2073.51,2092.21,2096.16,2178.29,2352.97,2317.38,2085.58,2095,2209.03,2106.09,2202.87,2386.02,2376.66,2350,2007.17,2017.59,2070.12,2061.6,2083.35,2164.73,2294.15,2153.21,350061.256,400507.8132,599657.0399,152500.5822,280825.9377,845892.7756,493831.1016,488040.8887,7.17E+08,8.24E+08,1.28E+09,3.18E+08,5.99E+08,1.93E+09,1.15E+09,1.09E+09,4730286,4757775,6138489,1584458,3001730,7409311,5596636,5684937,172446.7326,196694.8334,300361.2151,73409.361,146142.3746,445819.396,240136.5065,232364.5906,3.54E+08,4.05E+08,6.41E+08,1.53E+08,3.12E+08,1.02E+09,5.61E+08,5.19E+08,0.007591419,0.010502103,0.009018481,0.001883167,0.03918594,0.080186384,-0.015121315,-0.049193273,2051.97,2073.52,2092.22,2096.16,2178.3,2352.97,2317.39,2137.81
2026-03-19T00:00:00,70191.86,70541.34,70930.01,71211.95,72815.25,74884.67,73909.37,71246.55,70800,73913.74,71307.92,73199,74909.08,76000,74672.34,71613.79,69205.91,70386.01,70317,70858.82,72270.41,73399.19,70500,68793.35,21997.1605,35996.61678,13017.24737,14037.30704,28409.53019,24521.26636,23392.88093,22364.81819,1.54E+09,2.59E+09,9.21E+08,1.01E+09,2.10E+09,1.83E+09,1.69E+09,1.57E+09,4344059,5312490,1661739,2509013,5396482,4863187,4733897,4972526,10545.03396,18310.3426,6242.10104,7307.01776,15204.22255,11791.2523,11709.17057,10489.13676,7.39E+08,1.32E+09,4.42E+08,5.24E+08,1.12E+09,8.78E+08,8.48E+08,7.35E+08,0.004978925,0.005509677,0.003975046,0.022514339,0.028420287,-0.013024161,-0.036028184,-0.018478652,70541.34,70930,71211.95,72815.24,74884.67,73909.36,71246.54,69930,2051.97,2073.51,2092.21,2096.16,2178.29,2352.97,2317.38,2203.39,2095,2209.03,2106.09,2202.87,2386.02,2376.66,2350,2233.72,2017.59,2070.12,2061.6,2083.35,2164.73,2294.15,2153.21,2099.38,400507.8132,599657.0399,152500.5822,280825.9377,845892.7756,493831.1016,488040.8887,490791.679,8.24E+08,1.28E+09,3.18E+08,5.99E+08,1.93E+09,1.15E+09,1.09E+09,1.06E+09,4757775,6138489,1584458,3001730,7409311,5596636,5684937,6142160,196694.8334,300361.2151,73409.361,146142.3746,445819.396,240136.5065,232364.5906,235483.1788,4.05E+08,6.41E+08,1.53E+08,3.12E+08,1.02E+09,5.61E+08,5.19E+08,5.06E+08,0.010502103,0.009018481,0.001883167,0.03918594,0.080186384,-0.015121315,-0.049193273,-0.029763228,2073.52,2092.22,2096.16,2178.3,2352.97,2317.39,2203.39,2146.22
2026-03-20T00:00:00,70541.34,70930.01,71211.95,72815.25,74884.67,73909.37,71246.55,69930.01,73913.74,71307.92,73199,74909.08,76000,74672.34,71613.79,71367,70386.01,70317,70858.82,72270.41,73399.19,70500,68793.35,69388,35996.61678,13017.24737,14037.30704,28409.53019,24521.26636,23392.88093,22364.81819,18121.16745,2.59E+09,9.21E+08,1.01E+09,2.10E+09,1.83E+09,1.69E+09,1.57E+09,1.27E+09,5312490,1661739,2509013,5396482,4863187,4733897,4972526,4369971,18310.3426,6242.10104,7307.01776,15204.22255,11791.2523,11709.17057,10489.13676,8801.41211,1.32E+09,4.42E+08,5.24E+08,1.12E+09,8.78E+08,8.48E+08,7.35E+08,6.19E+08,0.005509677,0.003975046,0.022514339,0.028420287,-0.013024161,-0.036028184,-0.018478652,0.008304447,70930,71211.95,72815.24,74884.67,73909.36,71246.54,69930,70510.73,2073.51,2092.21,2096.16,2178.29,2352.97,2317.38,2203.39,2137.82,2209.03,2106.09,2202.87,2386.02,2376.66,2350,2233.72,2176.84,2070.12,2061.6,2083.35,2164.73,2294.15,2153.21,2099.38,2116.88,599657.0399,152500.5822,280825.9377,845892.7756,493831.1016,488040.8887,490791.679,300156.1778,1.28E+09,3.18E+08,5.99E+08,1.93E+09,1.15E+09,1.09E+09,1.06E+09,6.43E+08,6138489,1584458,3001730,7409311,5596636,5684937,6142160,4595372,300361.2151,73409.361,146142.3746,445819.396,240136.5065,232364.5906,235483.1788,162200.144,6.41E+08,1.53E+08,3.12E+08,1.02E+09,5.61E+08,5.19E+08,5.06E+08,3.48E+08,0.009018481,0.001883167,0.03918594,0.080186384,-0.015121315,-0.049193273,-0.029763228,0.003933932,2092.22,2096.16,2178.3,2352.97,2317.39,2203.39,2137.81,2084.87
2026-03-21T00:00:00,70930.01,71211.95,72815.25,74884.67,73909.37,71246.55,69930.01,70510.73,71307.92,73199,74909.08,76000,74672.34,71613.79,71367,71100.94,70317,70858.82,72270.41,73399.19,70500,68793.35,69388,68571.42,13017.24737,14037.30704,28409.53019,24521.26636,23392.88093,22364.81819,18121.16745,13397.1675,9.21E+08,1.01E+09,2.10E+09,1.83E+09,1.69E+09,1.57E+09,1.27E+09,9.43E+08,1661739,2509013,5396482,4863187,4733897,4972526,4369971,1640086,6242.10104,7307.01776,15204.22255,11791.2523,11709.17057,10489.13676,8801.41211,6379.69313,4.42E+08,5.24E+08,1.12E+09,8.78E+08,8.48E+08,7.35E+08,6.19E+08,4.49E+08,0.003975046,0.022514339,0.028420287,-0.013024161,-0.036028184,-0.018478652,0.008304447,-0.022586775,71211.95,72815.24,74884.67,73909.36,71246.54,69930,70510.73,68918.12,2092.21,2096.16,2178.29,2352.97,2317.38,2203.39,2137.82,2146.21,2106.09,2202.87,2386.02,2376.66,2350,2233.72,2176.84,2168.27,2061.6,2083.35,2164.73,2294.15,2153.21,2099.38,2116.88,2070.78,152500.5822,280825.9377,845892.7756,493831.1016,488040.8887,490791.679,300156.1778,132559.4646,3.18E+08,5.99E+08,1.93E+09,1.15E+09,1.09E+09,1.06E+09,6.43E+08,2.83E+08,1584458,3001730,7409311,5596636,5684937,6142160,4595372,1375463,73409.361,146142.3746,445819.396,240136.5065,232364.5906,235483.1788,162200.144,63249.5812,1.53E+08,3.12E+08,1.02E+09,5.61E+08,5.19E+08,5.06E+08,3.48E+08,1.35E+08,0.001883167,0.03918594,0.080186384,-0.015121315,-0.049193273,-0.029763228,0.003933932,-0.02858514,2096.16,2178.3,2352.97,2317.39,2203.39,2137.81,2146.22,2053.89
2026-03-22T00:00:00,71211.95,72815.25,74884.67,73909.37,71246.55,69930.01,70510.73,68918.12,73199,74909.08,76000,74672.34,71613.79,71367,71100.94,69588.79,70858.82,72270.41,73399.19,70500,68793.35,69388,68571.42,67360.66,14037.30704,28409.53019,24521.26636,23392.88093,22364.81819,18121.16745,13397.1675,14843.78682,1.01E+09,2.10E+09,1.83E+09,1.69E+09,1.57E+09,1.27E+09,9.43E+08,1.02E+09,2509013,5396482,4863187,4733897,4972526,4369971,1640086,3269152,7307.01776,15204.22255,11791.2523,11709.17057,10489.13676,8801.41211,6379.69313,7292.32333,5.24E+08,1.12E+09,8.78E+08,8.48E+08,7.35E+08,6.19E+08,4.49E+08,5.01E+08,0.022514339,0.028420287,-0.013024161,-0.036028184,-0.018478652,0.008304447,-0.022586775,-0.015367802,72815.24,74884.67,73909.36,71246.54,69930,70510.73,68918.12,67859,2096.16,2178.29,2352.97,2317.38,2203.39,2137.82,2146.21,2084.86,2202.87,2386.02,2376.66,2350,2233.72,2176.84,2168.27,2127.21,2083.35,2164.73,2294.15,2153.21,2099.38,2116.88,2070.78,2026,280825.9377,845892.7756,493831.1016,488040.8887,490791.679,300156.1778,132559.4646,313070.5572,5.99E+08,1.93E+09,1.15E+09,1.09E+09,1.06E+09,6.43E+08,2.83E+08,6.51E+08,3001730,7409311,5596636,5684937,6142160,4595372,1375463,3577857,146142.3746,445819.396,240136.5065,232364.5906,235483.1788,162200.144,63249.5812,154345.7056,3.12E+08,1.02E+09,5.61E+08,5.19E+08,5.06E+08,3.48E+08,1.35E+08,3.21E+08,0.03918594,0.080186384,-0.015121315,-0.049193273,-0.029763228,0.003933932,-0.02858514,-0.01485944,2178.3,2352.97,2317.39,2203.39,2137.81,2146.22,2084.87,2152.03
2026-03-23T00:00:00,72815.25,74884.67,73909.37,71246.55,69930.01,70510.73,68918.12,67859,74909.08,76000,74672.34,71613.79,71367,71100.94,69588.79,71817.09,72270.41,73399.19,70500,68793.35,69388,68571.42,67360.66,67445.18,28409.53019,24521.26636,23392.88093,22364.81819,18121.16745,13397.1675,14843.78682,28335.09119,2.10E+09,1.83E+09,1.69E+09,1.57E+09,1.27E+09,9.43E+08,1.02E+09,1.98E+09,5396482,4863187,4733897,4972526,4369971,1640086,3269152,6509730,15204.22255,11791.2523,11709.17057,10489.13676,8801.41211,6379.69313,7292.32333,14640.9723,1.12E+09,8.78E+08,8.48E+08,7.35E+08,6.19E+08,4.49E+08,5.01E+08,1.02E+09,0.028420287,-0.013024161,-0.036028184,-0.018478652,0.008304447,-0.022586775,-0.015367802,0.04490856,74884.67,73909.36,71246.54,69930,70510.73,68918.12,67859,70906.45,2178.29,2352.97,2317.38,2203.39,2137.82,2146.21,2084.86,2053.9,2386.02,2376.66,2350,2233.72,2176.84,2168.27,2127.21,2198.57,2164.73,2294.15,2153.21,2099.38,2116.88,2070.78,2026,2023.04,845892.7756,493831.1016,488040.8887,490791.679,300156.1778,132559.4646,313070.5572,614508.4369,1.93E+09,1.15E+09,1.09E+09,1.06E+09,6.43E+08,2.83E+08,6.51E+08,1.31E+09,7409311,5596636,5684937,6142160,4595372,1375463,3577857,7349668,445819.396,240136.5065,232364.5906,235483.1788,162200.144,63249.5812,154345.7056,310239.9864,1.02E+09,5.61E+08,5.19E+08,5.06E+08,3.48E+08,1.35E+08,3.21E+08,6.61E+08,0.080186384,-0.015121315,-0.049193273,-0.029763228,0.003933932,-0.02858514,-0.01485944,0.047782501,2352.97,2317.39,2203.39,2137.81,2146.22,2084.87,2053.89,2156.23
2026-03-24T00:00:00,74884.67,73909.37,71246.55,69930.01,70510.73,68918.12,67859,70906.45,76000,74672.34,71613.79,71367,71100.94,69588.79,71817.09,71400,73399.19,70500,68793.35,69388,68571.42,67360.66,67445.18,68923.07,24521.26636,23392.88093,22364.81819,18121.16745,13397.1675,14843.78682,28335.09119,20702.42244,1.83E+09,1.69E+09,1.57E+09,1.27E+09,9.43E+08,1.02E+09,1.98E+09,1.46E+09,4863187,4733897,4972526,4369971,1640086,3269152,6509730,4191328,11791.2523,11709.17057,10489.13676,8801.41211,6379.69313,7292.32333,14640.9723,9731.85043,8.78E+08,8.48E+08,7.35E+08,6.19E+08,4.49E+08,5.01E+08,1.02E+09,6.84E+08,-0.013024161,-0.036028184,-0.018478652,0.008304447,-0.022586775,-0.015367802,0.04490856,-0.004931991,73909.36,71246.54,69930,70510.73,68918.12,67859,70906.45,70556.74,2352.97,2317.38,2203.39,2137.82,2146.21,2084.86,2053.9,2152.03,2376.66,2350,2233.72,2176.84,2168.27,2127.21,2198.57,2175.16,2294.15,2153.21,2099.38,2116.88,2070.78,2026,2023.04,2103.02,493831.1016,488040.8887,490791.679,300156.1778,132559.4646,313070.5572,614508.4369,316703.4728,1.15E+09,1.09E+09,1.06E+09,6.43E+08,2.83E+08,6.51E+08,1.31E+09,6.78E+08,5596636,5684937,6142160,4595372,1375463,3577857,7349668,4633093,240136.5065,232364.5906,235483.1788,162200.144,63249.5812,154345.7056,310239.9864,152304.1675,5.61E+08,5.19E+08,5.06E+08,3.48E+08,1.35E+08,3.21E+08,6.61E+08,3.26E+08,-0.015121315,-0.049193273,-0.029763228,0.003933932,-0.02858514,-0.01485944,0.047782501,0.001951646,2317.39,2203.39,2137.81,2146.22,2084.87,2053.89,2152.03,2169.02
2026-03-25T00:00:00,73909.37,71246.55,69930.01,70510.73,68918.12,67859,70906.45,70556.74,74672.34,71613.79,71367,71100.94,69588.79,71817.09,71400,72026.09,70500,68793.35,69388,68571.42,67360.66,67445.18,68923.07,70408,23392.88093,22364.81819,18121.16745,13397.1675,14843.78682,28335.09119,20702.42244,17719.50066,1.69E+09,1.57E+09,1.27E+09,9.43E+08,1.02E+09,1.98E+09,1.46E+09,1.26E+09,4733897,4972526,4369971,1640086,3269152,6509730,4191328,3298902,11709.17057,10489.13676,8801.41211,6379.69313,7292.32333,14640.9723,9731.85043,8819.77787,8.48E+08,7.35E+08,6.19E+08,4.49E+08,5.01E+08,1.02E+09,6.84E+08,6.28E+08,-0.036028184,-0.018478652,0.008304447,-0.022586775,-0.015367802,0.04490856,-0.004931991,0.011051956,71246.54,69930,70510.73,68918.12,67859,70906.45,70556.74,71336.53,2317.38,2203.39,2137.82,2146.21,2084.86,2053.9,2152.03,2156.22,2350,2233.72,2176.84,2168.27,2127.21,2198.57,2175.16,2199.02,2153.21,2099.38,2116.88,2070.78,2026,2023.04,2103.02,2146.35,488040.8887,490791.679,300156.1778,132559.4646,313070.5572,614508.4369,316703.4728,275641.5255,1.09E+09,1.06E+09,6.43E+08,2.83E+08,6.51E+08,1.31E+09,6.78E+08,5.99E+08,5684937,6142160,4595372,1375463,3577857,7349668,4633093,3492121,232364.5906,235483.1788,162200.144,63249.5812,154345.7056,310239.9864,152304.1675,139003.4847,5.19E+08,5.06E+08,3.48E+08,1.35E+08,3.21E+08,6.61E+08,3.26E+08,3.02E+08,-0.049193273,-0.029763228,0.003933932,-0.02858514,-0.01485944,0.047782501,0.001951646,0.005931649,2203.39,2137.81,2146.22,2084.87,2053.89,2152.03,2156.23,2060.43
2026-03-26T00:00:00,71246.55,69930.01,70510.73,68918.12,67859,70906.45,70556.74,71336.53,71613.79,71367,71100.94,69588.79,71817.09,71400,72026.09,71436.82,68793.35,69388,68571.42,67360.66,67445.18,68923.07,70408,68153,22364.81819,18121.16745,13397.1675,14843.78682,28335.09119,20702.42244,17719.50066,20820.45768,1.57E+09,1.27E+09,9.43E+08,1.02E+09,1.98E+09,1.46E+09,1.26E+09,1.45E+09,4972526,4369971,1640086,3269152,6509730,4191328,3298902,3597702,10489.13676,8801.41211,6379.69313,7292.32333,14640.9723,9731.85043,8819.77787,10116.39467,7.35E+08,6.19E+08,4.49E+08,5.01E+08,1.02E+09,6.84E+08,6.28E+08,7.04E+08,-0.018478652,0.008304447,-0.022586775,-0.015367802,0.04490856,-0.004931991,0.011051956,-0.035272531,69930,70510.73,68918.12,67859,70906.45,70556.74,71336.53,68820.31,2203.39,2137.82,2146.21,2084.86,2053.9,2152.03,2156.22,2169.02,2233.72,2176.84,2168.27,2127.21,2198.57,2175.16,2199.02,2172.19,2099.38,2116.88,2070.78,2026,2023.04,2103.02,2146.35,2034.54,490791.679,300156.1778,132559.4646,313070.5572,614508.4369,316703.4728,275641.5255,338010.6238,1.06E+09,6.43E+08,2.83E+08,6.51E+08,1.31E+09,6.78E+08,5.99E+08,7.05E+08,6142160,4595372,1375463,3577857,7349668,4633093,3492121,3890747,235483.1788,162200.144,63249.5812,154345.7056,310239.9864,152304.1675,139003.4847,171588.2134,5.06E+08,3.48E+08,1.35E+08,3.21E+08,6.61E+08,3.26E+08,3.02E+08,3.58E+08,-0.029763228,0.003933932,-0.02858514,-0.01485944,0.047782501,0.001951646,0.005931649,-0.050064084,2137.81,2146.22,2084.87,2053.89,2152.03,2156.23,2169.02,1992.75
2026-03-27T00:00:00,69930.01,70510.73,68918.12,67859,70906.45,70556.74,71336.53,68820.31,71367,71100.94,69588.79,71817.09,71400,72026.09,71436.82,69179.05,69388,68571.42,67360.66,67445.18,68923.07,70408,68153,65548.25,18121.16745,13397.1675,14843.78682,28335.09119,20702.42244,17719.50066,20820.45768,28603.69557,1.27E+09,9.43E+08,1.02E+09,1.98E+09,1.46E+09,1.26E+09,1.45E+09,1.92E+09,4369971,1640086,3269152,6509730,4191328,3298902,3597702,4159306,8801.41211,6379.69313,7292.32333,14640.9723,9731.85043,8819.77787,10116.39467,14568.62853,6.19E+08,4.49E+08,5.01E+08,1.02E+09,6.84E+08,6.28E+08,7.04E+08,9.77E+08,0.008304447,-0.022586775,-0.015367802,0.04490856,-0.004931991,0.011051956,-0.035272531,-0.03506276,70510.73,68918.12,67859,70906.45,70556.74,71336.53,68820.31,66407.28,2137.82,2146.21,2084.86,2053.9,2152.03,2156.22,2169.02,2060.43,2176.84,2168.27,2127.21,2198.57,2175.16,2199.02,2172.19,2077.19,2116.88,2070.78,2026,2023.04,2103.02,2146.35,2034.54,1970.93,300156.1778,132559.4646,313070.5572,614508.4369,316703.4728,275641.5255,338010.6238,394873.5248,6.43E+08,2.83E+08,6.51E+08,1.31E+09,6.78E+08,5.99E+08,7.05E+08,7.94E+08,4595372,1375463,3577857,7349668,4633093,3492121,3890747,3909237,162200.144,63249.5812,154345.7056,310239.9864,152304.1675,139003.4847,171588.2134,206051.2798,3.48E+08,1.35E+08,3.21E+08,6.61E+08,3.26E+08,3.02E+08,3.58E+08,4.15E+08,0.003933932,-0.02858514,-0.01485944,0.047782501,0.001951646,0.005931649,-0.050064084,-0.032847512,2146.22,2084.87,2053.89,2152.03,2156.23,2169.02,2060.43,1994.74
2026-03-28T00:00:00,70510.73,68918.12,67859,70906.45,70556.74,71336.53,68820.31,66407.28,71100.94,69588.79,71817.09,71400,72026.09,71436.82,69179.05,67288.94,68571.42,67360.66,67445.18,68923.07,70408,68153,65548.25,65932.09,13397.1675,14843.78682,28335.09119,20702.42244,17719.50066,20820.45768,28603.69557,11462.39847,9.43E+08,1.02E+09,1.98E+09,1.46E+09,1.26E+09,1.45E+09,1.92E+09,7.63E+08,1640086,3269152,6509730,4191328,3298902,3597702,4159306,1687368,6379.69313,7292.32333,14640.9723,9731.85043,8819.77787,10116.39467,14568.62853,5753.04124,4.49E+08,5.01E+08,1.02E+09,6.84E+08,6.28E+08,7.04E+08,9.77E+08,3.83E+08,-0.022586775,-0.015367802,0.04490856,-0.004931991,0.011051956,-0.035272531,-0.03506276,-4.56E-04,68918.12,67859,70906.45,70556.74,71336.53,68820.31,66407.28,66377.03,2146.21,2084.86,2053.9,2152.03,2156.22,2169.02,2060.43,1992.76,2168.27,2127.21,2198.57,2175.16,2199.02,2172.19,2077.19,2047.45,2070.78,2026,2023.04,2103.02,2146.35,2034.54,1970.93,1983.17,132559.4646,313070.5572,614508.4369,316703.4728,275641.5255,338010.6238,394873.5248,154831.8055,2.83E+08,6.51E+08,1.31E+09,6.78E+08,5.99E+08,7.05E+08,7.94E+08,3.11E+08,1375463,3577857,7349668,4633093,3492121,3890747,3909237,1569810,63249.5812,154345.7056,310239.9864,152304.1675,139003.4847,171588.2134,206051.2798,86378.919,1.35E+08,3.21E+08,6.61E+08,3.26E+08,3.02E+08,3.58E+08,4.15E+08,1.74E+08,-0.02858514,-0.01485944,0.047782501,0.001951646,0.005931649,-0.050064084,-0.032847512,9.99E-04,2084.87,2053.89,2152.03,2156.23,2169.02,2060.43,1992.75,1984.64
2026-03-29T00:00:00,68918.12,67859,70906.45,70556.74,71336.53,68820.31,66407.28,66377.04,69588.79,71817.09,71400,72026.09,71436.82,69179.05,67288.94,67130.5,67360.66,67445.18,68923.07,70408,68153,65548.25,65932.09,65000,14843.78682,28335.09119,20702.42244,17719.50066,20820.45768,28603.69557,11462.39847,10052.85584,1.02E+09,1.98E+09,1.46E+09,1.26E+09,1.45E+09,1.92E+09,7.63E+08,6.67E+08,3269152,6509730,4191328,3298902,3597702,4159306,1687368,2146177,7292.32333,14640.9723,9731.85043,8819.77787,10116.39467,14568.62853,5753.04124,4769.42832,5.01E+08,1.02E+09,6.84E+08,6.28E+08,7.04E+08,9.77E+08,3.83E+08,3.17E+08,-0.015367802,0.04490856,-0.004931991,0.011051956,-0.035272531,-0.03506276,-4.56E-04,-0.005515462,67859,70906.45,70556.74,71336.53,68820.31,66407.28,66377.03,66010.93,2084.86,2053.9,2152.03,2156.22,2169.02,2060.43,1992.76,1994.74,2127.21,2198.57,2175.16,2199.02,2172.19,2077.19,2047.45,2019.65,2026,2023.04,2103.02,2146.35,2034.54,1970.93,1983.17,1938.82,313070.5572,614508.4369,316703.4728,275641.5255,338010.6238,394873.5248,154831.8055,166726.7382,6.51E+08,1.31E+09,6.78E+08,5.99E+08,7.05E+08,7.94E+08,3.11E+08,3.31E+08,3577857,7349668,4633093,3492121,3890747,3909237,1569810,2049808,154345.7056,310239.9864,152304.1675,139003.4847,171588.2134,206051.2798,86378.919,87697.2438,3.21E+08,6.61E+08,3.26E+08,3.02E+08,3.58E+08,4.15E+08,1.74E+08,1.74E+08,-0.01485944,0.047782501,0.001951646,0.005931649,-0.050064084,-0.032847512,9.99E-04,-0.005063317,2053.89,2152.03,2156.23,2169.02,2060.43,1992.75,1994.74,2026.48
2026-03-30T00:00:00,67859,70906.45,70556.74,71336.53,68820.31,66407.28,66377.04,66010.93,71817.09,71400,72026.09,71436.82,69179.05,67288.94,67130.5,68169.65,67445.18,68923.07,70408,68153,65548.25,65932.09,65000,65800.59,28335.09119,20702.42244,17719.50066,20820.45768,28603.69557,11462.39847,10052.85584,18353.38975,1.98E+09,1.46E+09,1.26E+09,1.45E+09,1.92E+09,7.63E+08,6.67E+08,1.23E+09,6509730,4191328,3298902,3597702,4159306,1687368,2146177,3902849,14640.9723,9731.85043,8819.77787,10116.39467,14568.62853,5753.04124,4769.42832,9155.91893,1.02E+09,6.84E+08,6.28E+08,7.04E+08,9.77E+08,3.83E+08,3.17E+08,6.16E+08,0.04490856,-0.004931991,0.011051956,-0.035272531,-0.03506276,-4.56E-04,-0.005515462,0.011913785,70906.45,70556.74,71336.53,68820.31,66407.28,66377.03,66010.93,66797.37,2053.9,2152.03,2156.22,2169.02,2060.43,1992.76,1994.74,1984.65,2198.57,2175.16,2199.02,2172.19,2077.19,2047.45,2019.65,2085,2023.04,2103.02,2146.35,2034.54,1970.93,1983.17,1938.82,1980.28,614508.4369,316703.4728,275641.5255,338010.6238,394873.5248,154831.8055,166726.7382,338304.4344,1.31E+09,6.78E+08,5.99E+08,7.05E+08,7.94E+08,3.11E+08,3.31E+08,6.92E+08,7349668,4633093,3492121,3890747,3909237,1569810,2049808,3886546,310239.9864,152304.1675,139003.4847,171588.2134,206051.2798,86378.919,87697.2438,174062.2111,6.61E+08,3.26E+08,3.02E+08,3.58E+08,4.15E+08,1.74E+08,1.74E+08,3.56E+08,0.047782501,0.001951646,0.005931649,-0.050064084,-0.032847512,9.99E-04,-0.005063317,0.021081909,2152.03,2156.23,2169.02,2060.43,1992.75,1994.74,1984.64,2105.43
2026-03-31T00:00:00,70906.45,70556.74,71336.53,68820.31,66407.28,66377.04,66010.93,66797.38,71400,72026.09,71436.82,69179.05,67288.94,67130.5,68169.65,68589.49,68923.07,70408,68153,65548.25,65932.09,65000,65800.59,65998.05,20702.42244,17719.50066,20820.45768,28603.69557,11462.39847,10052.85584,18353.38975,22105.40662,1.46E+09,1.26E+09,1.45E+09,1.92E+09,7.63E+08,6.67E+08,1.23E+09,1.49E+09,4191328,3298902,3597702,4159306,1687368,2146177,3902849,4846820,9731.85043,8819.77787,10116.39467,14568.62853,5753.04124,4769.42832,9155.91893,10726.18262,6.84E+08,6.28E+08,7.04E+08,9.77E+08,3.83E+08,3.17E+08,6.16E+08,7.23E+08,-0.004931991,0.011051956,-0.035272531,-0.03506276,-4.56E-04,-0.005515462,0.011913785,0.022263002,70556.74,71336.53,68820.31,66407.28,66377.03,66010.93,66797.37,68284.48,2152.03,2156.22,2169.02,2060.43,1992.76,1994.74,1984.65,2026.48,2175.16,2199.02,2172.19,2077.19,2047.45,2019.65,2085,2124.03,2103.02,2146.35,2034.54,1970.93,1983.17,1938.82,1980.28,2012.64,316703.4728,275641.5255,338010.6238,394873.5248,154831.8055,166726.7382,338304.4344,421897.9023,6.78E+08,5.99E+08,7.05E+08,7.94E+08,3.11E+08,3.31E+08,6.92E+08,8.74E+08,4633093,3492121,3890747,3909237,1569810,2049808,3886546,5013796,152304.1675,139003.4847,171588.2134,206051.2798,86378.919,87697.2438,174062.2111,218379.1286,3.26E+08,3.02E+08,3.58E+08,4.15E+08,1.74E+08,1.74E+08,3.56E+08,4.53E+08,0.001951646,0.005931649,-0.050064084,-0.032847512,9.99E-04,-0.005063317,0.021081909,0.03895918,2156.23,2169.02,2060.43,1992.75,1994.74,1984.64,2026.48,2140.35
2026-04-01T00:00:00,70556.74,71336.53,68820.31,66407.28,66377.04,66010.93,66797.38,68284.49,72026.09,71436.82,69179.05,67288.94,67130.5,68169.65,68589.49,69310,70408,68153,65548.25,65932.09,65000,65800.59,65998.05,67578.75,17719.50066,20820.45768,28603.69557,11462.39847,10052.85584,18353.38975,22105.40662,19020.1899,1.26E+09,1.45E+09,1.92E+09,7.63E+08,6.67E+08,1.23E+09,1.49E+09,1.30E+09,3298902,3597702,4159306,1687368,2146177,3902849,4846820,3741910,8819.77787,10116.39467,14568.62853,5753.04124,4769.42832,9155.91893,10726.18262,9702.49844,6.28E+08,7.04E+08,9.77E+08,3.83E+08,3.17E+08,6.16E+08,7.23E+08,6.64E+08,0.011051956,-0.035272531,-0.03506276,-4.56E-04,-0.005515462,0.011913785,0.022263002,-0.002497786,71336.53,68820.31,66407.28,66377.03,66010.93,66797.37,68284.48,68113.92,2156.22,2169.02,2060.43,1992.76,1994.74,1984.65,2026.48,2105.43,2199.02,2172.19,2077.19,2047.45,2019.65,2085,2124.03,2167.85,2146.35,2034.54,1970.93,1983.17,1938.82,1980.28,2012.64,2082.08,275641.5255,338010.6238,394873.5248,154831.8055,166726.7382,338304.4344,421897.9023,399227.3779,5.99E+08,7.05E+08,7.94E+08,3.11E+08,3.31E+08,6.92E+08,8.74E+08,8.52E+08,3492121,3890747,3909237,1569810,2049808,3886546,5013796,4211533,139003.4847,171588.2134,206051.2798,86378.919,87697.2438,174062.2111,218379.1286,203721.1114,3.02E+08,3.58E+08,4.15E+08,1.74E+08,1.74E+08,3.56E+08,4.53E+08,4.35E+08,0.005931649,-0.050064084,-0.032847512,9.99E-04,-0.005063317,0.021081909,0.03895918,0.016585686,2169.02,2060.43,1992.75,1994.74,1984.64,2026.48,2105.43,2057.17
2026-04-02T00:00:00,71336.53,68820.31,66407.28,66377.04,66010.93,66797.38,68284.49,68113.92,71436.82,69179.05,67288.94,67130.5,68169.65,68589.49,69310,68653.38,68153,65548.25,65932.09,65000,65800.59,65998.05,67578.75,65712.12,20820.45768,28603.69557,11462.39847,10052.85584,18353.38975,22105.40662,19020.1899,20203.47916,1.45E+09,1.92E+09,7.63E+08,6.67E+08,1.23E+09,1.49E+09,1.30E+09,1.35E+09,3597702,4159306,1687368,2146177,3902849,4846820,3741910,4189133,10116.39467,14568.62853,5753.04124,4769.42832,9155.91893,10726.18262,9702.49844,10090.6562,7.04E+08,9.77E+08,3.83E+08,3.17E+08,6.16E+08,7.23E+08,6.64E+08,6.74E+08,-0.035272531,-0.03506276,-4.56E-04,-0.005515462,0.011913785,0.022263002,-0.002497786,-0.017792692,68820.31,66407.28,66377.03,66010.93,66797.37,68284.48,68113.92,66901.99,2169.02,2060.43,1992.76,1994.74,1984.65,2026.48,2105.43,2140.35,2172.19,2077.19,2047.45,2019.65,2085,2124.03,2167.85,2159.37,2034.54,1970.93,1983.17,1938.82,1980.28,2012.64,2082.08,2017.04,338010.6238,394873.5248,154831.8055,166726.7382,338304.4344,421897.9023,399227.3779,346872.8323,7.05E+08,7.94E+08,3.11E+08,3.31E+08,6.92E+08,8.74E+08,8.52E+08,7.17E+08,3890747,3909237,1569810,2049808,3886546,5013796,4211533,4462923,171588.2134,206051.2798,86378.919,87697.2438,174062.2111,218379.1286,203721.1114,161146.8702,3.58E+08,4.15E+08,1.74E+08,1.74E+08,3.56E+08,4.53E+08,4.35E+08,3.33E+08,-0.050064084,-0.032847512,9.99E-04,-0.005063317,0.021081909,0.03895918,0.016585686,-0.038862803,2060.43,1992.75,1994.74,1984.64,2026.48,2105.43,2140.35,2053.83
2026-04-03T00:00:00,68820.31,66407.28,66377.04,66010.93,66797.38,68284.49,68113.92,66901.99,69179.05,67288.94,67130.5,68169.65,68589.49,69310,68653.38,67370.42,65548.25,65932.09,65000,65800.59,65998.05,67578.75,65712.12,66282,28603.69557,11462.39847,10052.85584,18353.38975,22105.40662,19020.1899,20203.47916,11429.13131,1.92E+09,7.63E+08,6.67E+08,1.23E+09,1.49E+09,1.30E+09,1.35E+09,7.64E+08,4159306,1687368,2146177,3902849,4846820,3741910,4189133,2023104,14568.62853,5753.04124,4769.42832,9155.91893,10726.18262,9702.49844,10090.6562,5535.26988,9.77E+08,3.83E+08,3.17E+08,6.16E+08,7.23E+08,6.64E+08,6.74E+08,3.70E+08,-0.03506276,-4.56E-04,-0.005515462,0.011913785,0.022263002,-0.002497786,-0.017792692,9.31E-04,66407.28,66377.03,66010.93,66797.37,68284.48,68113.92,66901.99,66964.3,2060.43,1992.76,1994.74,1984.65,2026.48,2105.43,2140.35,2057.18,2077.19,2047.45,2019.65,2085,2124.03,2167.85,2159.37,2081.76,1970.93,1983.17,1938.82,1980.28,2012.64,2082.08,2017.04,2040.66,394873.5248,154831.8055,166726.7382,338304.4344,421897.9023,399227.3779,346872.8323,136266.6393,7.94E+08,3.11E+08,3.31E+08,6.92E+08,8.74E+08,8.52E+08,7.17E+08,2.80E+08,3909237,1569810,2049808,3886546,5013796,4211533,4462923,1741595,206051.2798,86378.919,87697.2438,174062.2111,218379.1286,203721.1114,161146.8702,64849.8016,4.15E+08,1.74E+08,1.74E+08,3.56E+08,4.53E+08,4.35E+08,3.33E+08,1.33E+08,-0.032847512,9.99E-04,-0.005063317,0.021081909,0.03895918,0.016585686,-0.038862803,-0.00162359,1992.75,1994.74,1984.64,2026.48,2105.43,2140.35,2057.17,2065.52
2026-04-04T00:00:00,66407.28,66377.04,66010.93,66797.38,68284.49,68113.92,66901.99,66964.29,67288.94,67130.5,68169.65,68589.49,69310,68653.38,67370.42,67562.93,65932.09,65000,65800.59,65998.05,67578.75,65712.12,66282,66775.91,11462.39847,10052.85584,18353.38975,22105.40662,19020.1899,20203.47916,11429.13131,7373.51613,7.63E+08,6.67E+08,1.23E+09,1.49E+09,1.30E+09,1.35E+09,7.64E+08,4.95E+08,1687368,2146177,3902849,4846820,3741910,4189133,2023104,1356179,5753.04124,4769.42832,9155.91893,10726.18262,9702.49844,10090.6562,5535.26988,3701.32932,3.83E+08,3.17E+08,6.16E+08,7.23E+08,6.64E+08,6.74E+08,3.70E+08,2.48E+08,-4.56E-04,-0.005515462,0.011913785,0.022263002,-0.002497786,-0.017792692,9.31E-04,0.005019391,66377.03,66010.93,66797.37,68284.48,68113.92,66901.99,66964.3,67300.42,1992.76,1994.74,1984.65,2026.48,2105.43,2140.35,2057.18,2053.83,2047.45,2019.65,2085,2124.03,2167.85,2159.37,2081.76,2084,1983.17,1938.82,1980.28,2012.64,2082.08,2017.04,2040.66,2044.63,154831.8055,166726.7382,338304.4344,421897.9023,399227.3779,346872.8323,136266.6393,86504.4406,3.11E+08,3.31E+08,6.92E+08,8.74E+08,8.52E+08,7.17E+08,2.80E+08,1.78E+08,1569810,2049808,3886546,5013796,4211533,4462923,1741595,1246022,86378.919,87697.2438,174062.2111,218379.1286,203721.1114,161146.8702,64849.8016,42789.6573,1.74E+08,1.74E+08,3.56E+08,4.53E+08,4.35E+08,3.33E+08,1.33E+08,8.81E+07,9.99E-04,-0.005063317,0.021081909,0.03895918,0.016585686,-0.038862803,-0.00162359,0.005691805,1994.74,1984.64,2026.48,2105.43,2140.35,2057.17,2053.83,2110.17
2026-04-05T00:00:00,66377.04,66010.93,66797.38,68284.49,68113.92,66901.99,66964.29,67300.42,67130.5,68169.65,68589.49,69310,68653.38,67370.42,67562.93,69136.2,65000,65800.59,65998.05,67578.75,65712.12,66282,66775.91,66611.66,10052.85584,18353.38975,22105.40662,19020.1899,20203.47916,11429.13131,7373.51613,11733.46752,6.67E+08,1.23E+09,1.49E+09,1.30E+09,1.35E+09,7.64E+08,4.95E+08,7.92E+08,2146177,3902849,4846820,3741910,4189133,2023104,1356179,2106257,4769.42832,9155.91893,10726.18262,9702.49844,10090.6562,5535.26988,3701.32932,5791.55692,3.17E+08,6.16E+08,7.23E+08,6.64E+08,6.74E+08,3.70E+08,2.48E+08,3.91E+08,-0.005515462,0.011913785,0.022263002,-0.002497786,-0.017792692,9.31E-04,0.005019391,0.025761503,66010.93,66797.37,68284.48,68113.92,66901.99,66964.3,67300.42,69034.18,1994.74,1984.65,2026.48,2105.43,2140.35,2057.18,2053.83,2065.51,2019.65,2085,2124.03,2167.85,2159.37,2081.76,2084,2123.49,1938.82,1980.28,2012.64,2082.08,2017.04,2040.66,2044.63,2021.5,166726.7382,338304.4344,421897.9023,399227.3779,346872.8323,136266.6393,86504.4406,157353.3199,3.31E+08,6.92E+08,8.74E+08,8.52E+08,7.17E+08,2.80E+08,1.78E+08,3.25E+08,2049808,3886546,5013796,4211533,4462923,1741595,1246022,2504865,87697.2438,174062.2111,218379.1286,203721.1114,161146.8702,64849.8016,42789.6573,78363.4974,1.74E+08,3.56E+08,4.53E+08,4.35E+08,3.33E+08,1.33E+08,8.81E+07,1.62E+08,-0.005063317,0.021081909,0.03895918,0.016585686,-0.038862803,-0.00162359,0.005691805,0.021616833,1984.64,2026.48,2105.43,2140.35,2057.17,2053.83,2065.52,2107.16
2026-04-06T00:00:00,66010.93,66797.38,68284.49,68113.92,66901.99,66964.29,67300.42,69034.18,68169.65,68589.49,69310,68653.38,67370.42,67562.93,69136.2,70351.46,65800.59,65998.05,67578.75,65712.12,66282,66775.91,66611.66,68300,18353.38975,22105.40662,19020.1899,20203.47916,11429.13131,7373.51613,11733.46752,20281.61044,1.23E+09,1.49E+09,1.30E+09,1.35E+09,7.64E+08,4.95E+08,7.92E+08,1.41E+09,3902849,4846820,3741910,4189133,2023104,1356179,2106257,4695523,9155.91893,10726.18262,9702.49844,10090.6562,5535.26988,3701.32932,5791.55692,10149.79257,6.16E+08,7.23E+08,6.64E+08,6.74E+08,3.70E+08,2.48E+08,3.91E+08,7.05E+08,0.011913785,0.022263002,-0.002497786,-0.017792692,9.31E-04,0.005019391,0.025761503,-0.002614937,66797.37,68284.48,68113.92,66901.99,66964.3,67300.42,69034.18,68853.66,1984.65,2026.48,2105.43,2140.35,2057.18,2053.83,2065.51,2110.17,2085,2124.03,2167.85,2159.37,2081.76,2084,2123.49,2174.79,1980.28,2012.64,2082.08,2017.04,2040.66,2044.63,2021.5,2087.5,338304.4344,421897.9023,399227.3779,346872.8323,136266.6393,86504.4406,157353.3199,356054.2894,6.92E+08,8.74E+08,8.52E+08,7.17E+08,2.80E+08,1.78E+08,3.25E+08,7.61E+08,3886546,5013796,4211533,4462923,1741595,1246022,2504865,5330366,174062.2111,218379.1286,203721.1114,161146.8702,64849.8016,42789.6573,78363.4974,180414.5093,3.56E+08,4.53E+08,4.35E+08,3.33E+08,1.33E+08,8.81E+07,1.62E+08,3.86E+08,0.021081909,0.03895918,0.016585686,-0.038862803,-0.00162359,0.005691805,0.021616833,-0.001426425,2026.48,2105.43,2140.35,2057.17,2053.83,2065.52,2110.17,2240.01
2026-04-07T00:00:00,66797.38,68284.49,68113.92,66901.99,66964.29,67300.42,69034.18,68853.66,68589.49,69310,68653.38,67370.42,67562.93,69136.2,70351.46,72761,65998.05,67578.75,65712.12,66282,66775.91,66611.66,68300,67732.01,22105.40662,19020.1899,20203.47916,11429.13131,7373.51613,11733.46752,20281.61044,23750.49661,1.49E+09,1.30E+09,1.35E+09,7.64E+08,4.95E+08,7.92E+08,1.41E+09,1.65E+09,4846820,3741910,4189133,2023104,1356179,2106257,4695523,4871706,10726.18262,9702.49844,10090.6562,5535.26988,3701.32932,5791.55692,10149.79257,12465.18271,7.23E+08,6.64E+08,6.74E+08,3.70E+08,2.48E+08,3.91E+08,7.05E+08,8.67E+08,0.022263002,-0.002497786,-0.017792692,9.31E-04,0.005019391,0.025761503,-0.002614937,0.044595451,68284.48,68113.92,66901.99,66964.3,67300.42,69034.18,68853.66,71924.22,2026.48,2105.43,2140.35,2057.18,2053.83,2065.51,2110.17,2107.16,2124.03,2167.85,2159.37,2081.76,2084,2123.49,2174.79,2273.87,2012.64,2082.08,2017.04,2040.66,2044.63,2021.5,2087.5,2060.24,421897.9023,399227.3779,346872.8323,136266.6393,86504.4406,157353.3199,356054.2894,460094.8093,8.74E+08,8.52E+08,7.17E+08,2.80E+08,1.78E+08,3.25E+08,7.61E+08,9.86E+08,5013796,4211533,4462923,1741595,1246022,2504865,5330366,5189711,218379.1286,203721.1114,161146.8702,64849.8016,42789.6573,78363.4974,180414.5093,239252.9777,4.53E+08,4.35E+08,3.33E+08,1.33E+08,8.81E+07,1.62E+08,3.86E+08,5.13E+08,0.03895918,0.016585686,-0.038862803,-0.00162359,0.005691805,0.021616833,-0.001426425,0.063046945,2105.43,2140.35,2057.17,2053.83,2065.52,2110.17,2107.16,2190
2026-04-08T00:00:00,68284.49,68113.92,66901.99,66964.29,67300.42,69034.18,68853.66,71924.22,69310,68653.38,67370.42,67562.93,69136.2,70351.46,72761,72857,67578.75,65712.12,66282,66775.91,66611.66,68300,67732.01,70707.23,19020.1899,20203.47916,11429.13131,7373.51613,11733.46752,20281.61044,23750.49661,19802.68627,1.30E+09,1.35E+09,7.64E+08,4.95E+08,7.92E+08,1.41E+09,1.65E+09,1.42E+09,3741910,4189133,2023104,1356179,2106257,4695523,4871706,3843988,9702.49844,10090.6562,5535.26988,3701.32932,5791.55692,10149.79257,12465.18271,9570.20189,6.64E+08,6.74E+08,3.70E+08,2.48E+08,3.91E+08,7.05E+08,8.67E+08,6.86E+08,-0.002497786,-0.017792692,9.31E-04,0.005019391,0.025761503,-0.002614937,0.044595451,-0.01187764,68113.92,66901.99,66964.3,67300.42,69034.18,68853.66,71924.22,71069.93,2105.43,2140.35,2057.18,2053.83,2065.51,2110.17,2107.16,2240.01,2167.85,2159.37,2081.76,2084,2123.49,2174.79,2273.87,2270.55,2082.08,2017.04,2040.66,2044.63,2021.5,2087.5,2060.24,2179.78,399227.3779,346872.8323,136266.6393,86504.4406,157353.3199,356054.2894,460094.8093,404717.6321,8.52E+08,7.17E+08,2.80E+08,1.78E+08,3.25E+08,7.61E+08,9.86E+08,9.03E+08,4211533,4462923,1741595,1246022,2504865,5330366,5189711,4339985,203721.1114,161146.8702,64849.8016,42789.6573,78363.4974,180414.5093,239252.9777,190983.3243,4.35E+08,3.33E+08,1.33E+08,8.81E+07,1.62E+08,3.86E+08,5.13E+08,4.26E+08,0.016585686,-0.038862803,-0.00162359,0.005691805,0.021616833,-0.001426425,0.063046945,-0.022325793,2140.35,2057.17,2053.83,2065.52,2110.17,2107.16,2240.01,2190.2
2026-04-09T00:00:00,68113.92,66901.99,66964.29,67300.42,69034.18,68853.66,71924.22,71069.93,68653.38,67370.42,67562.93,69136.2,70351.46,72761,72857,73145,65712.12,66282,66775.91,66611.66,68300,67732.01,70707.23,70466,20203.47916,11429.13131,7373.51613,11733.46752,20281.61044,23750.49661,19802.68627,18158.42159,1.35E+09,7.64E+08,4.95E+08,7.92E+08,1.41E+09,1.65E+09,1.42E+09,1.30E+09,4189133,2023104,1356179,2106257,4695523,4871706,3843988,3773025,10090.6562,5535.26988,3701.32932,5791.55692,10149.79257,12465.18271,9570.20189,9604.31771,6.74E+08,3.70E+08,2.48E+08,3.91E+08,7.05E+08,8.67E+08,6.86E+08,6.88E+08,-0.017792692,9.31E-04,0.005019391,0.025761503,-0.002614937,0.044595451,-0.01187764,0.010103288,66901.99,66964.3,67300.42,69034.18,68853.66,71924.22,71069.93,71787.97,2140.35,2057.18,2053.83,2065.51,2110.17,2107.16,2240.01,2190,2159.37,2081.76,2084,2123.49,2174.79,2273.87,2270.55,2246,2017.04,2040.66,2044.63,2021.5,2087.5,2060.24,2179.78,2157.31,346872.8323,136266.6393,86504.4406,157353.3199,356054.2894,460094.8093,404717.6321,275317.9503,7.17E+08,2.80E+08,1.78E+08,3.25E+08,7.61E+08,9.86E+08,9.03E+08,6.04E+08,4462923,1741595,1246022,2504865,5330366,5189711,4339985,3756386,161146.8702,64849.8016,42789.6573,78363.4974,180414.5093,239252.9777,190983.3243,135540.5413,3.33E+08,1.33E+08,8.81E+07,1.62E+08,3.86E+08,5.13E+08,4.26E+08,2.98E+08,-0.038862803,-0.00162359,0.005691805,0.021616833,-0.001426425,0.063046945,-0.022325793,9.13E-05,2057.17,2053.83,2065.52,2110.17,2107.16,2240.01,2190,2245.05
2026-04-10T00:00:00,66901.99,66964.29,67300.42,69034.18,68853.66,71924.22,71069.93,71787.98,67370.42,67562.93,69136.2,70351.46,72761,72857,73145,73434,66282,66775.91,66611.66,68300,67732.01,70707.23,70466,71426.15,11429.13131,7373.51613,11733.46752,20281.61044,23750.49661,19802.68627,18158.42159,17372.63288,7.64E+08,4.95E+08,7.92E+08,1.41E+09,1.65E+09,1.42E+09,1.30E+09,1.26E+09,2023104,1356179,2106257,4695523,4871706,3843988,3773025,3176308,5535.26988,3701.32932,5791.55692,10149.79257,12465.18271,9570.20189,9604.31771,8819.74841,3.70E+08,2.48E+08,3.91E+08,7.05E+08,8.67E+08,6.86E+08,6.88E+08,6.40E+08,9.31E-04,0.005019391,0.025761503,-0.002614937,0.044595451,-0.01187764,0.010103288,0.016363884,66964.3,67300.42,69034.18,68853.66,71924.22,71069.93,71787.97,72962.7,2057.18,2053.83,2065.51,2110.17,2107.16,2240.01,2190,2190.17,2081.76,2084,2123.49,2174.79,2273.87,2270.55,2246,2257.99,2040.66,2044.63,2021.5,2087.5,2060.24,2179.78,2157.31,2176.1,136266.6393,86504.4406,157353.3199,356054.2894,460094.8093,404717.6321,275317.9503,272899.0858,2.80E+08,1.78E+08,3.25E+08,7.61E+08,9.86E+08,9.03E+08,6.04E+08,6.06E+08,1741595,1246022,2504865,5330366,5189711,4339985,3756386,2929213,64849.8016,42789.6573,78363.4974,180414.5093,239252.9777,190983.3243,135540.5413,132077.3122,1.33E+08,8.81E+07,1.62E+08,3.86E+08,5.13E+08,4.26E+08,2.98E+08,2.94E+08,-0.00162359,0.005691805,0.021616833,-0.001426425,0.063046945,-0.022325793,9.13E-05,0.025043375,2053.83,2065.52,2110.17,2107.16,2240.01,2190,2190.2,2284.99
2026-04-11T00:00:00,66964.29,67300.42,69034.18,68853.66,71924.22,71069.93,71787.98,72962.71,67562.93,69136.2,70351.46,72761,72857,73145,73434,73790,66775.91,66611.66,68300,67732.01,70707.23,70466,71426.15,72513.09,7373.51613,11733.46752,20281.61044,23750.49661,19802.68627,18158.42159,17372.63288,9070.94374,4.95E+08,7.92E+08,1.41E+09,1.65E+09,1.42E+09,1.30E+09,1.26E+09,6.62E+08,1356179,2106257,4695523,4871706,3843988,3773025,3176308,1472041,3701.32932,5791.55692,10149.79257,12465.18271,9570.20189,9604.31771,8819.74841,4673.47605,2.48E+08,3.91E+08,7.05E+08,8.67E+08,6.86E+08,6.88E+08,6.40E+08,3.41E+08,0.005019391,0.025761503,-0.002614937,0.044595451,-0.01187764,0.010103288,0.016363884,0.001102755,67300.42,69034.18,68853.66,71924.22,71069.93,71787.97,72962.7,73043.16,2053.83,2065.51,2110.17,2107.16,2240.01,2190,2190.17,2245.06,2084,2123.49,2174.79,2273.87,2270.55,2246,2257.99,2329.93,2044.63,2021.5,2087.5,2060.24,2179.78,2157.31,2176.1,2229,86504.4406,157353.3199,356054.2894,460094.8093,404717.6321,275317.9503,272899.0858,214785.4039,1.78E+08,3.25E+08,7.61E+08,9.86E+08,9.03E+08,6.04E+08,6.06E+08,4.88E+08,1246022,2504865,5330366,5189711,4339985,3756386,2929213,1929651,42789.6573,78363.4974,180414.5093,239252.9777,190983.3243,135540.5413,132077.3122,107238.9877,8.81E+07,1.62E+08,3.86E+08,5.13E+08,4.26E+08,2.98E+08,2.94E+08,2.44E+08,0.005691805,0.021616833,-0.001426425,0.063046945,-0.022325793,9.13E-05,0.025043375,0.01779025,2065.52,2110.17,2107.16,2240.01,2190,2190.2,2245.05,2191.65
2026-04-12T00:00:00,67300.42,69034.18,68853.66,71924.22,71069.93,71787.98,72962.71,73043.16,69136.2,70351.46,72761,72857,73145,73434,73790,73137.24,66611.66,68300,67732.01,70707.23,70466,71426.15,72513.09,70505.88,11733.46752,20281.61044,23750.49661,19802.68627,18158.42159,17372.63288,9070.94374,13472.46801,7.92E+08,1.41E+09,1.65E+09,1.42E+09,1.30E+09,1.26E+09,6.62E+08,9.63E+08,2106257,4695523,4871706,3843988,3773025,3176308,1472041,2068779,5791.55692,10149.79257,12465.18271,9570.20189,9604.31771,8819.74841,4673.47605,6326.31289,3.91E+08,7.05E+08,8.67E+08,6.86E+08,6.88E+08,6.40E+08,3.41E+08,4.52E+08,0.025761503,-0.002614937,0.044595451,-0.01187764,0.010103288,0.016363884,0.001102755,-0.031518078,69034.18,68853.66,71924.22,71069.93,71787.97,72962.7,73043.16,70740.98,2065.51,2110.17,2107.16,2240.01,2190,2190.17,2245.06,2285,2123.49,2174.79,2273.87,2270.55,2246,2257.99,2329.93,2288.57,2021.5,2087.5,2060.24,2179.78,2157.31,2176.1,2229,2175,157353.3199,356054.2894,460094.8093,404717.6321,275317.9503,272899.0858,214785.4039,258156.8821,3.25E+08,7.61E+08,9.86E+08,9.03E+08,6.04E+08,6.06E+08,4.88E+08,5.72E+08,2504865,5330366,5189711,4339985,3756386,2929213,1929651,2575808,78363.4974,180414.5093,239252.9777,190983.3243,135540.5413,132077.3122,107238.9877,125658.2437,1.62E+08,3.86E+08,5.13E+08,4.26E+08,2.98E+08,2.94E+08,2.44E+08,2.78E+08,0.021616833,-0.001426425,0.063046945,-0.022325793,9.13E-05,0.025043375,0.01779025,-0.040849194,2110.17,2107.16,2240.01,2190,2190.2,2245.05,2284.99,2369.46
2026-04-13T00:00:00,69034.18,68853.66,71924.22,71069.93,71787.98,72962.71,73043.16,70741.56,70351.46,72761,72857,73145,73434,73790,73137.24,74900,68300,67732.01,70707.23,70466,71426.15,72513.09,70505.88,70566.99,20281.61044,23750.49661,19802.68627,18158.42159,17372.63288,9070.94374,13472.46801,24230.21625,1.41E+09,1.65E+09,1.42E+09,1.30E+09,1.26E+09,6.62E+08,9.63E+08,1.75E+09,4695523,4871706,3843988,3773025,3176308,1472041,2068779,3673539,10149.79257,12465.18271,9570.20189,9604.31771,8819.74841,4673.47605,6326.31289,12639.79905,7.05E+08,8.67E+08,6.86E+08,6.88E+08,6.40E+08,3.41E+08,4.52E+08,9.15E+08,-0.002614937,0.044595451,-0.01187764,0.010103288,0.016363884,0.001102755,-0.031518078,0.0519785,68853.66,71924.22,71069.93,71787.97,72962.7,73043.16,70740.98,74417.99,2110.17,2107.16,2240.01,2190,2190.17,2245.06,2285,2191.64,2174.79,2273.87,2270.55,2246,2257.99,2329.93,2288.57,2394.71,2087.5,2060.24,2179.78,2157.31,2176.1,2229,2175,2175.68,356054.2894,460094.8093,404717.6321,275317.9503,272899.0858,214785.4039,258156.8821,453870.8292,7.61E+08,9.86E+08,9.03E+08,6.04E+08,6.06E+08,4.88E+08,5.72E+08,1.03E+09,5330366,5189711,4339985,3756386,2929213,1929651,2575808,4527557,180414.5093,239252.9777,190983.3243,135540.5413,132077.3122,107238.9877,125658.2437,234599.9045,3.86E+08,5.13E+08,4.26E+08,2.98E+08,2.94E+08,2.44E+08,2.78E+08,5.32E+08,-0.001426425,0.063046945,-0.022325793,9.13E-05,0.025043375,0.01779025,-0.040849194,0.081130655,2107.16,2240.01,2190,2190.2,2245.05,2284.99,2191.65,2322.44
2026-04-14T00:00:00,68853.66,71924.22,71069.93,71787.98,72962.71,73043.16,70741.56,74418,72761,72857,73145,73434,73790,73137.24,74900,76038,67732.01,70707.23,70466,71426.15,72513.09,70505.88,70566.99,73795.47,23750.49661,19802.68627,18158.42159,17372.63288,9070.94374,13472.46801,24230.21625,26532.94456,1.65E+09,1.42E+09,1.30E+09,1.26E+09,6.62E+08,9.63E+08,1.75E+09,1.98E+09,4871706,3843988,3773025,3176308,1472041,2068779,3673539,4033448,12465.18271,9570.20189,9604.31771,8819.74841,4673.47605,6326.31289,12639.79905,13313.88956,8.67E+08,6.86E+08,6.88E+08,6.40E+08,3.41E+08,4.52E+08,9.15E+08,9.96E+08,0.044595451,-0.01187764,0.010103288,0.016363884,0.001102755,-0.031518078,0.0519785,-0.003849069,71924.22,71069.93,71787.97,72962.7,73043.16,70740.98,74417.99,74131.55,2107.16,2240.01,2190,2190.17,2245.06,2285,2191.64,2369.46,2273.87,2270.55,2246,2257.99,2329.93,2288.57,2394.71,2415.5,2060.24,2179.78,2157.31,2176.1,2229,2175,2175.68,2302.9,460094.8093,404717.6321,275317.9503,272899.0858,214785.4039,258156.8821,453870.8292,460107.3841,9.86E+08,9.03E+08,6.04E+08,6.06E+08,4.88E+08,5.72E+08,1.03E+09,1.09E+09,5189711,4339985,3756386,2929213,1929651,2575808,4527557,3689565,239252.9777,190983.3243,135540.5413,132077.3122,107238.9877,125658.2437,234599.9045,226148.4763,5.13E+08,4.26E+08,2.98E+08,2.94E+08,2.44E+08,2.78E+08,5.32E+08,5.35E+08,0.063046945,-0.022325793,9.13E-05,0.025043375,0.01779025,-0.040849194,0.081130655,-0.019844184,2240.01,2190,2190.2,2245.05,2284.99,2191.65,2369.46,2359.95
2026-04-15T00:00:00,71924.22,71069.93,71787.98,72962.71,73043.16,70741.56,74418,74131.55,72857,73145,73434,73790,73137.24,74900,76038,75425,70707.23,70466,71426.15,72513.09,70505.88,70566.99,73795.47,73514,19802.68627,18158.42159,17372.63288,9070.94374,13472.46801,24230.21625,26532.94456,14425.04167,1.42E+09,1.30E+09,1.26E+09,6.62E+08,9.63E+08,1.75E+09,1.98E+09,1.07E+09,3843988,3773025,3176308,1472041,2068779,3673539,4033448,3187792,9570.20189,9604.31771,8819.74841,4673.47605,6326.31289,12639.79905,13313.88956,7014.01981,6.86E+08,6.88E+08,6.40E+08,3.41E+08,4.52E+08,9.15E+08,9.96E+08,5.21E+08,-0.01187764,0.010103288,0.016363884,0.001102755,-0.031518078,0.0519785,-0.003849069,0.009151839,71069.93,71787.97,72962.7,73043.16,70740.98,74417.99,74131.55,74809.99,2240.01,2190,2190.17,2245.06,2285,2191.64,2369.46,2322.44,2270.55,2246,2257.99,2329.93,2288.57,2394.71,2415.5,2385.61,2179.78,2157.31,2176.1,2229,2175,2175.68,2302.9,2308.5,404717.6321,275317.9503,272899.0858,214785.4039,258156.8821,453870.8292,460107.3841,268190.6377,9.03E+08,6.04E+08,6.06E+08,4.88E+08,5.72E+08,1.03E+09,1.09E+09,6.28E+08,4339985,3756386,2929213,1929651,2575808,4527557,3689565,3232871,190983.3243,135540.5413,132077.3122,107238.9877,125658.2437,234599.9045,226148.4763,126442.7153,4.26E+08,2.98E+08,2.94E+08,2.44E+08,2.78E+08,5.32E+08,5.35E+08,2.96E+08,-0.022325793,9.13E-05,0.025043375,0.01779025,-0.040849194,0.081130655,-0.019844184,0.016151117,2190,2190.2,2245.05,2284.99,2191.65,2369.46,2322.44,2348.17
2026-04-16T00:00:00,71069.93,71787.98,72962.71,73043.16,70741.56,74418,74131.55,74809.99,73145,73434,73790,73137.24,74900,76038,75425,75534.76,70466,71426.15,72513.09,70505.88,70566.99,73795.47,73514,73309.85,18158.42159,17372.63288,9070.94374,13472.46801,24230.21625,26532.94456,14425.04167,17088.68777,1.30E+09,1.26E+09,6.62E+08,9.63E+08,1.75E+09,1.98E+09,1.07E+09,1.27E+09,3773025,3176308,1472041,2068779,3673539,4033448,3187792,3581890,9604.31771,8819.74841,4673.47605,6326.31289,12639.79905,13313.88956,7014.01981,8601.69794,6.88E+08,6.40E+08,3.41E+08,4.52E+08,9.15E+08,9.96E+08,5.21E+08,6.42E+08,0.010103288,0.016363884,0.001102755,-0.031518078,0.0519785,-0.003849069,0.009151839,0.004602327,71787.97,72962.7,73043.16,70740.98,74417.99,74131.55,74809.99,75154.29,2190,2190.17,2245.06,2285,2191.64,2369.46,2322.44,2359.94,2246,2257.99,2329.93,2288.57,2394.71,2415.5,2385.61,2369.59,2157.31,2176.1,2229,2175,2175.68,2302.9,2308.5,2285.1,275317.9503,272899.0858,214785.4039,258156.8821,453870.8292,460107.3841,268190.6377,328960.9377,6.04E+08,6.06E+08,4.88E+08,5.72E+08,1.03E+09,1.09E+09,6.28E+08,7.68E+08,3756386,2929213,1929651,2575808,4527557,3689565,3232871,3793210,135540.5413,132077.3122,107238.9877,125658.2437,234599.9045,226148.4763,126442.7153,155922.2439,2.98E+08,2.94E+08,2.44E+08,2.78E+08,5.32E+08,5.35E+08,2.96E+08,3.64E+08,9.13E-05,0.025043375,0.01779025,-0.040849194,0.081130655,-0.019844184,0.016151117,-0.004991631,2190.2,2245.05,2284.99,2191.65,2369.46,2322.44,2359.95,2419
2026-04-17T00:00:00,71787.98,72962.71,73043.16,70741.56,74418,74131.55,74809.99,75154.28,73434,73790,73137.24,74900,76038,75425,75534.76,78333,71426.15,72513.09,70505.88,70566.99,73795.47,73514,73309.85,74529.4,17372.63288,9070.94374,13472.46801,24230.21625,26532.94456,14425.04167,17088.68777,25941.36694,1.26E+09,6.62E+08,9.63E+08,1.75E+09,1.98E+09,1.07E+09,1.27E+09,1.99E+09,3176308,1472041,2068779,3673539,4033448,3187792,3581890,4931167,8819.74841,4673.47605,6326.31289,12639.79905,13313.88956,7014.01981,8601.69794,14435.4773,6.40E+08,3.41E+08,4.52E+08,9.15E+08,9.96E+08,5.21E+08,6.42E+08,1.11E+09,0.016363884,0.001102755,-0.031518078,0.0519785,-0.003849069,0.009151839,0.004602327,0.025516973,72962.7,73043.16,70740.98,74417.99,74131.55,74809.99,75154.29,77072,2190.17,2245.06,2285,2191.64,2369.46,2322.44,2359.94,2348.16,2257.99,2329.93,2288.57,2394.71,2415.5,2385.61,2369.59,2464.91,2176.1,2229,2175,2175.68,2302.9,2308.5,2285.1,2317.43,272899.0858,214785.4039,258156.8821,453870.8292,460107.3841,268190.6377,328960.9377,491731.3615,6.06E+08,4.88E+08,5.72E+08,1.03E+09,1.09E+09,6.28E+08,7.68E+08,1.18E+09,2929213,1929651,2575808,4527557,3689565,3232871,3793210,4541654,132077.3122,107238.9877,125658.2437,234599.9045,226148.4763,126442.7153,155922.2439,252564.9694,2.94E+08,2.44E+08,2.78E+08,5.32E+08,5.35E+08,2.96E+08,3.64E+08,6.08E+08,0.025043375,0.01779025,-0.040849194,0.081130655,-0.019844184,0.016151117,-0.004991631,0.030163915,2245.05,2284.99,2191.65,2369.46,2322.44,2359.95,2348.17,2350.32
2026-04-18T00:00:00,72962.71,73043.16,70741.56,74418,74131.55,74809.99,75154.28,77072.01,73790,73137.24,74900,76038,75425,75534.76,78333,77420.08,72513.09,70505.88,70566.99,73795.47,73514,73309.85,74529.4,75445.16,9070.94374,13472.46801,24230.21625,26532.94456,14425.04167,17088.68777,25941.36694,9141.84456,6.62E+08,9.63E+08,1.75E+09,1.98E+09,1.07E+09,1.27E+09,1.99E+09,6.98E+08,1472041,2068779,3673539,4033448,3187792,3581890,4931167,1941112,4673.47605,6326.31289,12639.79905,13313.88956,7014.01981,8601.69794,14435.4773,4333.78362,3.41E+08,4.52E+08,9.15E+08,9.96E+08,5.21E+08,6.42E+08,1.11E+09,3.31E+08,0.001102755,-0.031518078,0.0519785,-0.003849069,0.009151839,0.004602327,0.025516973,-0.017908449,73043.16,70740.98,74417.99,74131.55,74809.99,75154.29,77072,75691.76,2245.06,2285,2191.64,2369.46,2322.44,2359.94,2348.16,2419,2329.93,2288.57,2394.71,2415.5,2385.61,2369.59,2464.91,2427.64,2229,2175,2175.68,2302.9,2308.5,2285.1,2317.43,2339.92,214785.4039,258156.8821,453870.8292,460107.3841,268190.6377,328960.9377,491731.3615,221741.3888,4.88E+08,5.72E+08,1.03E+09,1.09E+09,6.28E+08,7.68E+08,1.18E+09,5.26E+08,1929651,2575808,4527557,3689565,3232871,3793210,4541654,2045925,107238.9877,125658.2437,234599.9045,226148.4763,126442.7153,155922.2439,252564.9694,98727.0694,2.44E+08,2.78E+08,5.32E+08,5.35E+08,2.96E+08,3.64E+08,6.08E+08,2.34E+08,0.01779025,-0.040849194,0.081130655,-0.019844184,0.016151117,-0.004991631,0.030163915,-0.028391897,2284.99,2191.65,2369.46,2322.44,2359.95,2348.17,2419,2263.27
2026-04-19T00:00:00,73043.16,70741.56,74418,74131.55,74809.99,75154.28,77072.01,75691.76,73137.24,74900,76038,75425,75534.76,78333,77420.08,76240.66,70505.88,70566.99,73795.47,73514,73309.85,74529.4,75445.16,73762.9,13472.46801,24230.21625,26532.94456,14425.04167,17088.68777,25941.36694,9141.84456,11369.82232,9.63E+08,1.75E+09,1.98E+09,1.07E+09,1.27E+09,1.99E+09,6.98E+08,8.55E+08,2068779,3673539,4033448,3187792,3581890,4931167,1941112,2739751,6326.31289,12639.79905,13313.88956,7014.01981,8601.69794,14435.4773,4333.78362,5458.61875,4.52E+08,9.15E+08,9.96E+08,5.21E+08,6.42E+08,1.11E+09,3.31E+08,4.11E+08,-0.031518078,0.0519785,-0.003849069,0.009151839,0.004602327,0.025516973,-0.017908449,-0.024969297,70740.98,74417.99,74131.55,74809.99,75154.29,77072,75691.76,73801.79,2285,2191.64,2369.46,2322.44,2359.94,2348.16,2419,2350.33,2288.57,2394.71,2415.5,2385.61,2369.59,2464.91,2427.64,2355.3,2175,2175.68,2302.9,2308.5,2285.1,2317.43,2339.92,2252.72,258156.8821,453870.8292,460107.3841,268190.6377,328960.9377,491731.3615,221741.3888,256086.8276,5.72E+08,1.03E+09,1.09E+09,6.28E+08,7.68E+08,1.18E+09,5.26E+08,5.91E+08,2575808,4527557,3689565,3232871,3793210,4541654,2045925,2728260,125658.2437,234599.9045,226148.4763,126442.7153,155922.2439,252564.9694,98727.0694,119800.9019,2.78E+08,5.32E+08,5.35E+08,2.96E+08,3.64E+08,6.08E+08,2.34E+08,2.77E+08,-0.040849194,0.081130655,-0.019844184,0.016151117,-0.004991631,0.030163915,-0.028391897,-0.03703751,2191.65,2369.46,2322.44,2359.95,2348.17,2419,2350.32,2313.85
2026-04-20T00:00:00,70741.56,74418,74131.55,74809.99,75154.28,77072.01,75691.76,73801.8,74900,76038,75425,75534.76,78333,77420.08,76240.66,76558.62,70566.99,73795.47,73514,73309.85,74529.4,75445.16,73762.9,73724.31,24230.21625,26532.94456,14425.04167,17088.68777,25941.36694,9141.84456,11369.82232,16993.41034,1.75E+09,1.98E+09,1.07E+09,1.27E+09,1.99E+09,6.98E+08,8.55E+08,1.28E+09,3673539,4033448,3187792,3581890,4931167,1941112,2739751,3563591,12639.79905,13313.88956,7014.01981,8601.69794,14435.4773,4333.78362,5458.61875,8812.70109,9.15E+08,9.96E+08,5.21E+08,6.42E+08,1.11E+09,3.31E+08,4.11E+08,6.64E+08,0.0519785,-0.003849069,0.009151839,0.004602327,0.025516973,-0.017908449,-0.024969297,0.027630495,74417.99,74131.55,74809.99,75154.29,77072,75691.76,73801.79,75840.97,2191.64,2369.46,2322.44,2359.94,2348.16,2419,2350.33,2263.28,2394.71,2415.5,2385.61,2369.59,2464.91,2427.64,2355.3,2346.78,2175.68,2302.9,2308.5,2285.1,2317.43,2339.92,2252.72,2259.67,453870.8292,460107.3841,268190.6377,328960.9377,491731.3615,221741.3888,256086.8276,301000.0659,1.03E+09,1.09E+09,6.28E+08,7.68E+08,1.18E+09,5.26E+08,5.91E+08,6.94E+08,4527557,3689565,3232871,3793210,4541654,2045925,2728260,3751621,234599.9045,226148.4763,126442.7153,155922.2439,252564.9694,98727.0694,119800.9019,149027.6285,5.32E+08,5.35E+08,2.96E+08,3.64E+08,6.08E+08,2.34E+08,2.77E+08,3.44E+08,0.081130655,-0.019844184,0.016151117,-0.004991631,0.030163915,-0.028391897,-0.03703751,0.022348195,2369.46,2322.44,2359.95,2348.17,2419,2350.32,2263.27,2327.14
2026-04-21T00:00:00,74418,74131.55,74809.99,75154.28,77072.01,75691.76,73801.8,75840.97,76038,75425,75534.76,78333,77420.08,76240.66,76558.62,76927.57,73795.47,73514,73309.85,74529.4,75445.16,73762.9,73724.31,74821.57,26532.94456,14425.04167,17088.68777,25941.36694,9141.84456,11369.82232,16993.41034,14912.57132,1.98E+09,1.07E+09,1.27E+09,1.99E+09,6.98E+08,8.55E+08,1.28E+09,1.13E+09,4033448,3187792,3581890,4931167,1941112,2739751,3563591,3616213,13313.88956,7014.01981,8601.69794,14435.4773,4333.78362,5458.61875,8812.70109,7672.96288,9.96E+08,5.21E+08,6.42E+08,1.11E+09,3.31E+08,4.11E+08,6.64E+08,5.83E+08,-0.003849069,0.009151839,0.004602327,0.025516973,-0.017908449,-0.024969297,0.027630495,0.006529189,74131.55,74809.99,75154.29,77072,75691.76,73801.79,75840.97,76336.15,2369.46,2322.44,2359.94,2348.16,2419,2350.33,2263.28,2313.84,2415.5,2385.61,2369.59,2464.91,2427.64,2355.3,2346.78,2338.75,2302.9,2308.5,2285.1,2317.43,2339.92,2252.72,2259.67,2284.19,460107.3841,268190.6377,328960.9377,491731.3615,221741.3888,256086.8276,301000.0659,226645.977,1.09E+09,6.28E+08,7.68E+08,1.18E+09,5.26E+08,5.91E+08,6.94E+08,5.24E+08,3689565,3232871,3793210,4541654,2045925,2728260,3751621,3398934,226148.4763,126442.7153,155922.2439,252564.9694,98727.0694,119800.9019,149027.6285,108621.4578,5.35E+08,2.96E+08,3.64E+08,6.08E+08,2.34E+08,2.77E+08,3.44E+08,2.51E+08,-0.019844184,0.016151117,-0.004991631,0.030163915,-0.028391897,-0.03703751,0.022348195,0.005743674,2322.44,2359.95,2348.17,2419,2350.32,2263.27,2313.85,2374.07
2026-04-22T00:00:00,74131.55,74809.99,75154.28,77072.01,75691.76,73801.8,75840.97,76336.14,75425,75534.76,78333,77420.08,76240.66,76558.62,76927.57,79472.82,73514,73309.85,74529.4,75445.16,73762.9,73724.31,74821.57,76132.95,14425.04167,17088.68777,25941.36694,9141.84456,11369.82232,16993.41034,14912.57132,19737.51225,1.07E+09,1.27E+09,1.99E+09,6.98E+08,8.55E+08,1.28E+09,1.13E+09,1.54E+09,3187792,3581890,4931167,1941112,2739751,3563591,3616213,3757077,7014.01981,8601.69794,14435.4773,4333.78362,5458.61875,8812.70109,7672.96288,10376.12434,5.21E+08,6.42E+08,1.11E+09,3.31E+08,4.11E+08,6.64E+08,5.83E+08,8.11E+08,0.009151839,0.004602327,0.025516973,-0.017908449,-0.024969297,0.027630495,0.006529189,0.024131162,74809.99,75154.29,77072,75691.76,73801.79,75840.97,76336.15,78178.23,2322.44,2359.94,2348.16,2419,2350.33,2263.28,2313.84,2327.15,2385.61,2369.59,2464.91,2427.64,2355.3,2346.78,2338.75,2423.75,2308.5,2285.1,2317.43,2339.92,2252.72,2259.67,2284.19,2312.95,268190.6377,328960.9377,491731.3615,221741.3888,256086.8276,301000.0659,226645.977,379707.1259,6.28E+08,7.68E+08,1.18E+09,5.26E+08,5.91E+08,6.94E+08,5.24E+08,9.07E+08,3232871,3793210,4541654,2045925,2728260,3751621,3398934,4230243,126442.7153,155922.2439,252564.9694,98727.0694,119800.9019,149027.6285,108621.4578,191758.2678,2.96E+08,3.64E+08,6.08E+08,2.34E+08,2.77E+08,3.44E+08,2.51E+08,4.58E+08,0.016151117,-0.004991631,0.030163915,-0.028391897,-0.03703751,0.022348195,0.005743674,0.020166384,2359.95,2348.17,2419,2350.32,2263.27,2313.85,2327.14,2330.26
2026-04-23T00:00:00,74809.99,75154.28,77072.01,75691.76,73801.8,75840.97,76336.14,78178.22,75534.76,78333,77420.08,76240.66,76558.62,76927.57,79472.82,78662.5,73309.85,74529.4,75445.16,73762.9,73724.31,74821.57,76132.95,76960,17088.68777,25941.36694,9141.84456,11369.82232,16993.41034,14912.57132,19737.51225,16970.79501,1.27E+09,1.99E+09,6.98E+08,8.55E+08,1.28E+09,1.13E+09,1.54E+09,1.32E+09,3581890,4931167,1941112,2739751,3563591,3616213,3757077,3571796,8601.69794,14435.4773,4333.78362,5458.61875,8812.70109,7672.96288,10376.12434,7760.75572,6.42E+08,1.11E+09,3.31E+08,4.11E+08,6.64E+08,5.83E+08,8.11E+08,6.04E+08,0.004602327,0.025516973,-0.017908449,-0.024969297,0.027630495,0.006529189,0.024131162,0.001013709,75154.29,77072,75691.76,73801.79,75840.97,76336.15,78178.23,78257.48,2359.94,2348.16,2419,2350.33,2263.28,2313.84,2327.15,2374.08,2369.59,2464.91,2427.64,2355.3,2346.78,2338.75,2423.75,2382,2285.1,2317.43,2339.92,2252.72,2259.67,2284.19,2312.95,2285.42,328960.9377,491731.3615,221741.3888,256086.8276,301000.0659,226645.977,379707.1259,356645.6923,7.68E+08,1.18E+09,5.26E+08,5.91E+08,6.94E+08,5.24E+08,9.07E+08,8.32E+08,3793210,4541654,2045925,2728260,3751621,3398934,4230243,4079579,155922.2439,252564.9694,98727.0694,119800.9019,149027.6285,108621.4578,191758.2678,169637.8993,3.64E+08,6.08E+08,2.34E+08,2.77E+08,3.44E+08,2.51E+08,4.58E+08,3.96E+08,-0.004991631,0.030163915,-0.028391897,-0.03703751,0.022348195,0.005743674,0.020166384,-0.018453542,2348.17,2419,2350.32,2263.27,2313.85,2327.14,2374.07,2314.99
2026-04-24T00:00:00,75154.28,77072.01,75691.76,73801.8,75840.97,76336.14,78178.22,78257.48,78333,77420.08,76240.66,76558.62,76927.57,79472.82,78662.5,78581.93,74529.4,75445.16,73762.9,73724.31,74821.57,76132.95,76960,77264.08,25941.36694,9141.84456,11369.82232,16993.41034,14912.57132,19737.51225,16970.79501,12675.14315,1.99E+09,6.98E+08,8.55E+08,1.28E+09,1.13E+09,1.54E+09,1.32E+09,9.87E+08,4931167,1941112,2739751,3563591,3616213,3757077,3571796,2581973,14435.4773,4333.78362,5458.61875,8812.70109,7672.96288,10376.12434,7760.75572,6148.06393,1.11E+09,3.31E+08,4.11E+08,6.64E+08,5.83E+08,8.11E+08,6.04E+08,4.79E+08,0.025516973,-0.017908449,-0.024969297,0.027630495,0.006529189,0.024131162,0.001013709,-0.010482704,77072,75691.76,73801.79,75840.97,76336.15,78178.23,78257.48,77437.13,2348.16,2419,2350.33,2263.28,2313.84,2327.15,2374.08,2330.27,2464.91,2427.64,2355.3,2346.78,2338.75,2423.75,2382,2337.5,2317.43,2339.92,2252.72,2259.67,2284.19,2312.95,2285.42,2300.22,491731.3615,221741.3888,256086.8276,301000.0659,226645.977,379707.1259,356645.6923,183887.6181,1.18E+09,5.26E+08,5.91E+08,6.94E+08,5.24E+08,9.07E+08,8.32E+08,4.26E+08,4541654,2045925,2728260,3751621,3398934,4230243,4079579,2413824,252564.9694,98727.0694,119800.9019,149027.6285,108621.4578,191758.2678,169637.8993,88184.8381,6.08E+08,2.34E+08,2.77E+08,3.44E+08,2.51E+08,4.58E+08,3.96E+08,2.04E+08,0.030163915,-0.028391897,-0.03703751,0.022348195,0.005743674,0.020166384,-0.018453542,-0.006552917,2419,2350.32,2263.27,2313.85,2327.14,2374.07,2330.26,2319.5
2026-04-25T00:00:00,77072.01,75691.76,73801.8,75840.97,76336.14,78178.22,78257.48,77437.13,77420.08,76240.66,76558.62,76927.57,79472.82,78662.5,78581.93,77885.35,75445.16,73762.9,73724.31,74821.57,76132.95,76960,77264.08,77140.23,9141.84456,11369.82232,16993.41034,14912.57132,19737.51225,16970.79501,12675.14315,5685.1142,6.98E+08,8.55E+08,1.28E+09,1.13E+09,1.54E+09,1.32E+09,9.87E+08,4.41E+08,1941112,2739751,3563591,3616213,3757077,3571796,2581973,806542,4333.78362,5458.61875,8812.70109,7672.96288,10376.12434,7760.75572,6148.06393,2999.85355,3.31E+08,4.11E+08,6.64E+08,5.83E+08,8.11E+08,6.04E+08,4.79E+08,2.33E+08,-0.017908449,-0.024969297,0.027630495,0.006529189,0.024131162,0.001013709,-0.010482704,0.002426097,75691.76,73801.79,75840.97,76336.15,78178.23,78257.48,77437.13,77625,2419,2350.33,2263.28,2313.84,2327.15,2374.08,2330.27,2314.98,2427.64,2355.3,2346.78,2338.75,2423.75,2382,2337.5,2323.21,2339.92,2252.72,2259.67,2284.19,2312.95,2285.42,2300.22,2300.55,221741.3888,256086.8276,301000.0659,226645.977,379707.1259,356645.6923,183887.6181,68139.2191,5.26E+08,5.91E+08,6.94E+08,5.24E+08,9.07E+08,8.32E+08,4.26E+08,1.58E+08,2045925,2728260,3751621,3398934,4230243,4079579,2413824,658757,98727.0694,119800.9019,149027.6285,108621.4578,191758.2678,169637.8993,88184.8381,33589.8529,2.34E+08,2.77E+08,3.44E+08,2.51E+08,4.58E+08,3.96E+08,2.04E+08,7.77E+07,-0.028391897,-0.03703751,0.022348195,0.005743674,0.020166384,-0.018453542,-0.006552917,0.001948173,2350.32,2263.27,2313.85,2327.14,2374.07,2330.26,2314.99,2369.44
2026-04-26T00:00:00,75691.76,73801.8,75840.97,76336.14,78178.22,78257.48,77437.13,77625,76240.66,76558.62,76927.57,79472.82,78662.5,78581.93,77885.35,78961,73762.9,73724.31,74821.57,76132.95,76960,77264.08,77140.23,77326.51,11369.82232,16993.41034,14912.57132,19737.51225,16970.79501,12675.14315,5685.1142,7963.56162,8.55E+08,1.28E+09,1.13E+09,1.54E+09,1.32E+09,9.87E+08,4.41E+08,6.22E+08,2739751,3563591,3616213,3757077,3571796,2581973,806542,1476971,5458.61875,8812.70109,7672.96288,10376.12434,7760.75572,6148.06393,2999.85355,3981.86566,4.11E+08,6.64E+08,5.83E+08,8.11E+08,6.04E+08,4.79E+08,2.33E+08,3.11E+08,-0.024969297,0.027630495,0.006529189,0.024131162,0.001013709,-0.010482704,0.002426097,0.013301771,73801.79,75840.97,76336.15,78178.23,78257.48,77437.13,77625,78657.55,2350.33,2263.28,2313.84,2327.15,2374.08,2330.27,2314.98,2319.49,2355.3,2346.78,2338.75,2423.75,2382,2337.5,2323.21,2380,2252.72,2259.67,2284.19,2312.95,2285.42,2300.22,2300.55,2306.72,256086.8276,301000.0659,226645.977,379707.1259,356645.6923,183887.6181,68139.2191,154591.6219,5.91E+08,6.94E+08,5.24E+08,9.07E+08,8.32E+08,4.26E+08,1.58E+08,3.63E+08,2728260,3751621,3398934,4230243,4079579,2413824,658757,1508570,119800.9019,149027.6285,108621.4578,191758.2678,169637.8993,88184.8381,33589.8529,76876.1717,2.77E+08,3.44E+08,2.51E+08,4.58E+08,3.96E+08,2.04E+08,7.77E+07,1.81E+08,-0.03703751,0.022348195,0.005743674,0.020166384,-0.018453542,-0.006552917,0.001948173,0.021530502,2263.27,2313.85,2327.14,2374.07,2330.26,2314.99,2319.5,2303.67
2026-04-27T00:00:00,73801.8,75840.97,76336.14,78178.22,78257.48,77437.13,77625,78657.55,76558.62,76927.57,79472.82,78662.5,78581.93,77885.35,78961,79485.66,73724.31,74821.57,76132.95,76960,77264.08,77140.23,77326.51,76459.64,16993.41034,14912.57132,19737.51225,16970.79501,12675.14315,5685.1142,7963.56162,16046.92418,1.28E+09,1.13E+09,1.54E+09,1.32E+09,9.87E+08,4.41E+08,6.22E+08,1.25E+09,3563591,3616213,3757077,3571796,2581973,806542,1476971,2982889,8812.70109,7672.96288,10376.12434,7760.75572,6148.06393,2999.85355,3981.86566,7712.53219,6.64E+08,5.83E+08,8.11E+08,6.04E+08,4.79E+08,2.33E+08,3.11E+08,6.00E+08,0.027630495,0.006529189,0.024131162,0.001013709,-0.010482704,0.002426097,0.013301771,-0.016352276,75840.97,76336.15,78178.23,78257.48,77437.13,77625,78657.55,77371.32,2263.28,2313.84,2327.15,2374.08,2330.27,2314.98,2319.49,2369.45,2346.78,2338.75,2423.75,2382,2337.5,2323.21,2380,2404.37,2259.67,2284.19,2312.95,2285.42,2300.22,2300.55,2306.72,2266.09,301000.0659,226645.977,379707.1259,356645.6923,183887.6181,68139.2191,154591.6219,300363.8586,6.94E+08,5.24E+08,9.07E+08,8.32E+08,4.26E+08,1.58E+08,3.63E+08,6.98E+08,3751621,3398934,4230243,4079579,2413824,658757,1508570,3192282,149027.6285,108621.4578,191758.2678,169637.8993,88184.8381,33589.8529,76876.1717,143798.2975,3.44E+08,2.51E+08,4.58E+08,3.96E+08,2.04E+08,7.77E+07,1.81E+08,3.34E+08,0.022348195,0.005743674,0.020166384,-0.018453542,-0.006552917,0.001948173,0.021530502,-0.027757614,2313.85,2327.14,2374.07,2330.26,2314.99,2319.5,2369.44,2289.42
2026-04-28T00:00:00,75840.97,76336.14,78178.22,78257.48,77437.13,77625,78657.55,77371.32,76927.57,79472.82,78662.5,78581.93,77885.35,78961,79485.66,77478,74821.57,76132.95,76960,77264.08,77140.23,77326.51,76459.64,75666.6,14912.57132,19737.51225,16970.79501,12675.14315,5685.1142,7963.56162,16046.92418,13210.72383,1.13E+09,1.54E+09,1.32E+09,9.87E+08,4.41E+08,6.22E+08,1.25E+09,1.01E+09,3616213,3757077,3571796,2581973,806542,1476971,2982889,2352446,7672.96288,10376.12434,7760.75572,6148.06393,2999.85355,3981.86566,7712.53219,6518.95469,5.83E+08,8.11E+08,6.04E+08,4.79E+08,2.33E+08,3.11E+08,6.00E+08,4.99E+08,0.006529189,0.024131162,0.001013709,-0.010482704,0.002426097,0.013301771,-0.016352276,-0.013293686,76336.15,78178.23,78257.48,77437.13,77625,78657.55,77371.32,76342.77,2313.84,2327.15,2374.08,2330.27,2314.98,2319.49,2369.45,2303.66,2338.75,2423.75,2382,2337.5,2323.21,2380,2404.37,2310.88,2284.19,2312.95,2285.42,2300.22,2300.55,2306.72,2266.09,2258.24,226645.977,379707.1259,356645.6923,183887.6181,68139.2191,154591.6219,300363.8586,187932.2201,5.24E+08,9.07E+08,8.32E+08,4.26E+08,1.58E+08,3.63E+08,6.98E+08,4.29E+08,3398934,4230243,4079579,2413824,658757,1508570,3192282,2346992,108621.4578,191758.2678,169637.8993,88184.8381,33589.8529,76876.1717,143798.2975,94578.0797,2.51E+08,4.58E+08,3.96E+08,2.04E+08,7.77E+07,1.81E+08,3.34E+08,2.16E+08,0.005743674,0.020166384,-0.018453542,-0.006552917,0.001948173,0.021530502,-0.027757614,-0.006185782,2327.14,2374.07,2330.26,2314.99,2319.5,2369.44,2303.67,2252.9
2026-04-29T00:00:00,76336.14,78178.22,78257.48,77437.13,77625,78657.55,77371.32,76342.78,79472.82,78662.5,78581.93,77885.35,78961,79485.66,77478,77904.93,76132.95,76960,77264.08,77140.23,77326.51,76459.64,75666.6,74937.52,19737.51225,16970.79501,12675.14315,5685.1142,7963.56162,16046.92418,13210.72383,18279.93022,1.54E+09,1.32E+09,9.87E+08,4.41E+08,6.22E+08,1.25E+09,1.01E+09,1.40E+09,3757077,3571796,2581973,806542,1476971,2982889,2352446,3032890,10376.12434,7760.75572,6148.06393,2999.85355,3981.86566,7712.53219,6518.95469,9680.02112,8.11E+08,6.04E+08,4.79E+08,2.33E+08,3.11E+08,6.00E+08,4.99E+08,7.41E+08,0.024131162,0.001013709,-0.010482704,0.002426097,0.013301771,-0.016352276,-0.013293686,-0.007371621,78178.23,78257.48,77437.13,77625,78657.55,77371.32,76342.77,75780,2327.15,2374.08,2330.27,2314.98,2319.49,2369.45,2303.66,2289.42,2423.75,2382,2337.5,2323.21,2380,2404.37,2310.88,2346.95,2312.95,2285.42,2300.22,2300.55,2306.72,2266.09,2258.24,2220.36,379707.1259,356645.6923,183887.6181,68139.2191,154591.6219,300363.8586,187932.2201,355078.1015,9.07E+08,8.32E+08,4.26E+08,1.58E+08,3.63E+08,6.98E+08,4.29E+08,8.12E+08,4230243,4079579,2413824,658757,1508570,3192282,2346992,3588292,191758.2678,169637.8993,88184.8381,33589.8529,76876.1717,143798.2975,94578.0797,178999.8027,4.58E+08,3.96E+08,2.04E+08,7.77E+07,1.81E+08,3.34E+08,2.16E+08,4.09E+08,0.020166384,-0.018453542,-0.006552917,0.001948173,0.021530502,-0.027757614,-0.006185782,-0.015951638,2374.07,2330.26,2314.99,2319.5,2369.44,2303.67,2289.42,2257.51
2026-04-30T00:00:00,78178.22,78257.48,77437.13,77625,78657.55,77371.32,76342.78,75780,78662.5,78581.93,77885.35,78961,79485.66,77478,77904.93,76669.14,76960,77264.08,77140.23,77326.51,76459.64,75666.6,74937.52,75323.65,16970.79501,12675.14315,5685.1142,7963.56162,16046.92418,13210.72383,18279.93022,10381.81607,1.32E+09,9.87E+08,4.41E+08,6.22E+08,1.25E+09,1.01E+09,1.40E+09,7.91E+08,3571796,2581973,806542,1476971,2982889,2352446,3032890,2569480,7760.75572,6148.06393,2999.85355,3981.86566,7712.53219,6518.95469,9680.02112,5585.19124,6.04E+08,4.79E+08,2.33E+08,3.11E+08,6.00E+08,4.99E+08,7.41E+08,4.25E+08,0.001013709,-0.010482704,0.002426097,0.013301771,-0.016352276,-0.013293686,-0.007371621,0.007476511,78257.48,77437.13,77625,78657.55,77371.32,76342.77,75780,76346.57,2374.08,2330.27,2314.98,2319.49,2369.45,2303.66,2289.42,2252.9,2382,2337.5,2323.21,2380,2404.37,2310.88,2346.95,2279,2285.42,2300.22,2300.55,2306.72,2266.09,2258.24,2220.36,2231.64,356645.6923,183887.6181,68139.2191,154591.6219,300363.8586,187932.2201,355078.1015,167194.2776,8.32E+08,4.26E+08,1.58E+08,3.63E+08,6.98E+08,4.29E+08,8.12E+08,3.78E+08,4079579,2413824,658757,1508570,3192282,2346992,3588292,2649837,169637.8993,88184.8381,33589.8529,76876.1717,143798.2975,94578.0797,178999.8027,83993.1124,3.96E+08,2.04E+08,7.77E+07,1.81E+08,3.34E+08,2.16E+08,4.09E+08,1.90E+08,-0.018453542,-0.006552917,0.001948173,0.021530502,-0.027757614,-0.006185782,-0.015951638,0.002046251,2330.26,2314.99,2319.5,2369.44,2303.67,2289.42,2252.9,2295.63
