date,BTC.high_2,BTC.high_1,BTC.high,BTC.low_2,BTC.low_1,BTC.low,BTC.volume_2,BTC.volume_1,BTC.volume,BTC.return_2,BTC.return_1,BTC.return,BTC.close_2,BTC.close_1,BTC.close,XRP.high_2,XRP.high_1,XRP.high,XRP.low_2,XRP.low_1,XRP.low,XRP.volume_2,XRP.volume_1,XRP.volume,XRP.return_2,XRP.return_1,XRP.return,XRP.close_2,XRP.close_1,XRP.close,SOL.high_2,SOL.high_1,SOL.high,SOL.low_2,SOL.low_1,SOL.low,SOL.volume_2,SOL.volume_1,SOL.volume,SOL.return_2,SOL.return_1,SOL.return,SOL.close_2,SOL.close_1,SOL.close,LTC.high_2,LTC.high_1,LTC.high,LTC.low_2,LTC.low_1,LTC.low,LTC.volume_2,LTC.volume_1,LTC.volume,LTC.return_2,LTC.return_1,LTC.return,LTC.close_2,LTC.close_1,LTC.close,ETH.high_2,ETH.high_1,ETH.high,ETH.low_2,ETH.low_1,ETH.low,ETH.volume_2,ETH.volume_1,ETH.volume,ETH.return_2,ETH.return_1,ETH.return,ETH.close_2,ETH.close_1,ETH.close
2025-11-30T12:24:19,93092.0,91165.65,92000.01,90180.63,90155.47,90336.9,18830.86012,7429.88291,9687.74175,-9.71056444718709E-4,-0.004872556288135014,-0.04508621071270479,90890.7,90802.44,90360.0,2.2752,2.2231,2.215,2.1565,2.1666,2.1524,1.408928689E8,5.70267841E7,5.24828889E7,0.009818765771965984,-0.020855104729883254,-0.058143851508120535,2.1795,2.2009,2.155,143.6,138.1,140.19,136.01,134.76,133.26,3502510.031,1859321.171,2608165.329,-0.0103400567974952,-0.0178794790670297,-0.05109379682349411,137.33,135.91,133.48,86.77,85.73,84.83,83.13,83.14,82.27,366205.629,188495.208,173562.982,-0.0032058893374494898,-0.018701608100059646,-0.058630735615440625,84.22,83.95,82.38,3099.0,3052.64,3053.02,2994.36,2961.91,2975.3,346616.0275,217904.1303,182722.4253,-0.013852828134536475,7.025385058010825E-4,-0.06425051650475053,3031.15,2989.16,2991.26
2025-12-01T12:24:19,91165.65,92000.01,90417.0,90155.47,90336.9,83822.76,7429.88291,9687.74175,34509.01227,-0.004872556288135014,-0.04508621071270479,0.057852599743573846,90802.44,90360.0,86286.01,2.2231,2.215,2.1609,2.1666,2.1524,1.9835,5.70267841E7,5.24828889E7,1.739195531E8,-0.020855104729883254,-0.058143851508120535,0.060846430506971444,2.2009,2.155,2.0297,138.1,140.19,133.74,134.76,133.26,123.11,1859321.171,2608165.329,5007504.057,-0.0178794790670297,-0.05109379682349411,0.09489973156481929,135.91,133.48,126.66,85.73,84.83,82.5,83.14,82.27,74.66,188495.208,173562.982,768955.214,-0.018701608100059646,-0.058630735615440625,0.06756931012250174,83.95,82.38,77.55,3052.64,3053.02,2999.47,2961.91,2975.3,2716.04,217904.1303,182722.4253,849002.9909,7.025385058010825E-4,-0.06425051650475053,0.07038051924389171,2989.16,2991.26,2799.07
2025-12-02T12:24:19,92000.01,90417.0,92307.65,90336.9,83822.76,86184.39,9687.74175,34509.01227,28210.22732,-0.04508621071270479,0.057852599743573846,0.023577125147954712,90360.0,86286.01,91277.88,2.215,2.1609,2.1831,2.1524,1.9835,1.995,5.24828889E7,1.739195531E8,1.324643089E8,-0.058143851508120535,0.060846430506971444,0.020620471855842464,2.155,2.0297,2.1532,140.19,133.74,140.88,133.26,123.11,126.01,2608165.329,5007504.057,5022856.747,-0.05109379682349411,0.09489973156481929,0.04319296221517148,133.48,126.66,138.68,84.83,82.5,83.31,82.27,74.66,77.31,173562.982,768955.214,416570.506,-0.058630735615440625,0.06756931012250174,0.03671941055683044,82.38,77.55,82.79,3053.02,2999.47,3033.76,2975.3,2716.04,2782.19,182722.4253,849002.9909,523707.3586,-0.06425051650475053,0.07038051924389171,0.0641807434405738,2991.26,2799.07,2996.07
2025-12-03T12:24:19,90417.0,92307.65,94150.0,83822.76,86184.39,90990.23,34509.01227,28210.22732,25712.52585,0.057852599743573846,0.023577125147954712,-0.014469557138797565,86286.01,91277.88,93429.95,2.1609,2.1831,2.219,1.9835,1.995,2.1414,1.739195531E8,1.324643089E8,1.115078744E8,0.060846430506971444,0.020620471855842464,-0.04623225336730975,2.0297,2.1532,2.1976,133.74,140.88,146.08,123.11,126.01,137.76,5007504.057,5022856.747,3954144.805,0.09489973156481929,0.04319296221517148,-0.03912352249948156,126.66,138.68,144.67,82.5,83.31,86.73,74.66,77.31,82.5,768955.214,416570.506,501837.773,0.06756931012250174,0.03671941055683044,-0.026680647792147176,77.55,82.79,85.83,2999.47,3033.76,3214.99,2716.04,2782.19,2985.58,849002.9909,523707.3586,553669.8146,0.07038051924389171,0.0641807434405738,-0.017281611863152187,2799.07,2996.07,3188.36
2025-12-04T12:24:19,92307.65,94150.0,94080.0,86184.39,90990.23,90889.0,28210.22732,25712.52585,19803.94059,0.023577125147954712,-0.014469557138797565,-0.029844460232980628,91277.88,93429.95,92078.06,2.1831,2.219,2.2146,1.995,2.1414,2.0691,1.324643089E8,1.115078744E8,1.010925176E8,0.020620471855842464,-0.04623225336730975,-0.029389312977099177,2.1532,2.1976,2.096,140.88,146.08,146.91,126.01,137.76,137.8,5022856.747,3954144.805,2694242.241,0.04319296221517148,-0.03912352249948156,-0.041148118840371194,138.68,144.67,139.01,83.31,86.73,86.77,77.31,82.5,82.16,416570.506,501837.773,457518.638,0.03671941055683044,-0.026680647792147176,-0.037826191046205535,82.79,85.83,83.54,3033.76,3214.99,3240.35,2782.19,2985.58,3066.37,523707.3586,553669.8146,486698.3987,0.0641807434405738,-0.017281611863152187,-0.03557955611727083,2996.07,3188.36,3133.26
2025-12-05T12:24:19,94150.0,94080.0,92692.36,90990.23,90889.0,88056.0,25712.52585,19803.94059,19792.97218,-0.014469557138797565,-0.029844460232980628,-0.0010438817669845442,93429.95,92078.06,89330.04,2.219,2.2146,2.113,2.1414,2.0691,2.0125,1.115078744E8,1.010925176E8,9.53380829E7,-0.04623225336730975,-0.029389312977099177,-0.0017204089657885766,2.1976,2.096,2.0344,146.08,146.91,140.75,137.76,137.8,130.73,3954144.805,2694242.241,3367359.143,-0.03912352249948156,-0.041148118840371194,-0.008252682121689506,144.67,139.01,133.29,86.73,86.77,84.13,82.5,82.16,79.59,501837.773,457518.638,404693.922,-0.026680647792147176,-0.037826191046205535,0.016173177407315394,85.83,83.54,80.38,3214.99,3240.35,3193.33,2985.58,3066.37,2983.08,553669.8146,486698.3987,530382.8986,-0.017281611863152187,-0.03557955611727083,0.005387553031656753,3188.36,3133.26,3021.78
2025-12-06T12:24:19,94080.0,92692.36,90289.97,90889.0,88056.0,88908.01,19803.94059,19792.97218,8409.50016,-0.029844460232980628,-0.0010438817669845442,0.012982537807556774,92078.06,89330.04,89236.79,2.2146,2.113,2.0504,2.0691,2.0125,2.0154,1.010925176E8,9.53380829E7,4.35690248E7,-0.029389312977099177,-0.0017204089657885766,0.006548820719877931,2.096,2.0344,2.0309,146.91,140.75,134.13,137.8,130.73,131.28,2694242.241,3367359.143,1341595.431,-0.041148118840371194,-0.008252682121689506,3.782434374764458E-4,139.01,133.29,132.19,86.77,84.13,82.52,82.16,79.59,79.9,457518.638,404693.922,271214.908,-0.037826191046205535,0.016173177407315394,-0.0030607247796278158,83.54,80.38,81.68,3240.35,3193.33,3069.0,3066.37,2983.08,3012.58,486698.3987,530382.8986,159721.2488,-0.03557955611727083,0.005387553031656753,0.007172340243444818,3133.26,3021.78,3038.06
2025-12-07T12:24:19,92692.36,90289.97,91760.0,88056.0,88908.01,87719.28,19792.97218,8409.50016,13021.11185,-0.0010438817669845442,0.012982537807556774,0.002644274354499131,89330.04,89236.79,90395.31,2.113,2.0504,2.1109,2.0125,2.0154,1.9894,9.53380829E7,4.35690248E7,8.37868598E7,-0.0017204089657885766,0.006548820719877931,0.013795127678309364,2.0344,2.0309,2.0442,140.75,134.13,136.35,130.73,131.28,127.7,3367359.143,1341595.431,3131804.491,-0.008252682121689506,3.782434374764458E-4,0.007637628554143911,133.29,132.19,132.24,84.13,82.52,83.76,79.59,79.9,79.88,404693.922,271214.908,278926.302,0.016173177407315394,-0.0030607247796278158,0.029964386589708923,80.38,81.68,81.43,3193.33,3069.0,3150.0,2983.08,3012.58,2907.52,530382.8986,159721.2488,391129.675,0.005387553031656753,0.007172340243444818,0.02101737013252282,3021.78,3038.06,3059.85
2025-12-08T12:24:19,90289.97,91760.0,92287.15,88908.01,87719.28,89612.0,8409.50016,13021.11185,15793.63887,0.012982537807556774,0.002644274354499131,0.02255723382550153,89236.79,90395.31,90634.34,2.0504,2.1109,2.1239,2.0154,1.9894,2.0319,4.35690248E7,8.37868598E7,8.80497909E7,0.006548820719877931,0.013795127678309364,0.01630959274271368,2.0309,2.0442,2.0724,134.13,136.35,139.36,131.28,127.7,131.52,1341595.431,3131804.491,3245115.426,3.782434374764458E-4,0.007637628554143911,0.03474671669793618,132.19,132.24,133.25,82.52,83.76,84.49,79.9,79.88,81.01,271214.908,278926.302,356631.49,-0.0030607247796278158,0.029964386589708923,0.023250268272326083,81.68,81.43,83.87,3069.0,3150.0,3180.51,3012.58,2907.52,3040.87,159721.2488,391129.675,452820.2207,0.007172340243444818,0.02101737013252282,0.062058281266004336,3038.06,3059.85,3124.16
2025-12-09T12:24:19,91760.0,92287.15,94588.99,87719.28,89612.0,89500.0,13021.11185,15793.63887,21240.43014,0.002644274354499131,0.02255723382550153,-0.007158379262571457,90395.31,90634.34,92678.8,2.1109,2.1239,2.178,1.9894,2.0319,2.0419,8.37868598E7,8.80497909E7,1.13859655E8,0.013795127678309364,0.01630959274271368,-0.03057639350489033,2.0442,2.0724,2.1062,136.35,139.36,144.93,127.7,131.52,131.62,3131804.491,3245115.426,4508522.034,0.007637628554143911,0.03474671669793618,-0.011749347258485672,132.24,133.25,137.88,83.76,84.49,87.54,79.88,81.01,82.47,278926.302,356631.49,438493.075,0.029964386589708923,0.023250268272326083,-0.017711489163365138,81.43,83.87,85.82,3150.0,3180.51,3397.85,2907.52,3040.87,3090.8,391129.675,452820.2207,603859.9458,0.02101737013252282,0.062058281266004336,0.0018384347385805805,3059.85,3124.16,3318.04
2025-12-10T12:24:19,92287.15,94588.99,94476.0,89612.0,89500.0,91563.15,15793.63887,21240.43014,18998.68083,0.02255723382550153,-0.007158379262571457,0.0054122479755285375,90634.34,92678.8,92015.37,2.1239,2.178,2.1108,2.0319,2.0419,2.0346,8.80497909E7,1.13859655E8,1.251327004E8,0.01630959274271368,-0.03057639350489033,-0.0038201586835145606,2.0724,2.1062,2.0418,139.36,144.93,142.57,131.52,131.62,135.39,3245115.426,4508522.034,4520230.276,0.03474671669793618,-0.011749347258485672,0.0011008366358432828,133.25,137.88,136.26,84.49,87.54,87.09,81.01,82.47,83.74,356631.49,438493.075,343758.859,0.023250268272326083,-0.017711489163365138,-0.01625148279952539,83.87,85.82,84.3,3180.51,3397.85,3447.44,3040.87,3090.8,3288.1,452820.2207,603859.9458,539585.4535,0.062058281266004336,0.0018384347385805805,-0.02609697545831403,3124.16,3318.04,3324.14
2025-12-11T12:24:19,94588.99,94476.0,93555.0,89500.0,91563.15,89260.63,21240.43014,18998.68083,19972.58758,-0.007158379262571457,0.0054122479755285375,-0.024266327746321734,92678.8,92015.37,92513.38,2.178,2.1108,2.057,2.0419,2.0346,1.9767,1.13859655E8,1.251327004E8,1.25057005E8,-0.03057639350489033,-0.0038201586835145606,-0.013077679449360736,2.1062,2.0418,2.034,144.93,142.57,137.79,131.62,135.39,129.0,4508522.034,4520230.276,4377697.036,-0.011749347258485672,0.0011008366358432828,-0.030349681108423038,137.88,136.26,136.41,87.54,87.09,84.59,82.47,83.74,80.31,438493.075,343758.859,447190.593,-0.017711489163365138,-0.01625148279952539,-0.011817195224888508,85.82,84.3,82.93,3397.85,3447.44,3327.37,3090.8,3288.1,3145.28,603859.9458,539585.4535,504114.2391,0.0018384347385805805,-0.02609697545831403,-0.047115114335931026,3318.04,3324.14,3237.39
2025-12-12T12:24:19,94476.0,93555.0,92754.0,91563.15,89260.63,89480.0,18998.68083,19972.58758,16679.19169,0.0054122479755285375,-0.024266327746321734,-3.147280078681281E-4,92015.37,92513.38,90268.42,2.1108,2.057,2.0478,2.0346,1.9767,1.9692,1.251327004E8,1.25057005E8,7.79871247E7,-0.0038201586835145606,-0.013077679449360736,0.007621799342432932,2.0418,2.034,2.0074,142.57,137.79,140.12,135.39,129.0,130.35,4520230.276,4377697.036,4005608.262,0.0011008366358432828,-0.030349681108423038,0.0065774552052617835,136.26,136.41,132.27,87.09,84.59,84.49,83.74,80.31,80.5,343758.859,447190.593,300466.28,-0.01625148279952539,-0.011817195224888508,-0.005857230018303892,84.3,82.93,81.95,3447.44,3327.37,3265.5,3288.1,3145.28,3045.31,539585.4535,504114.2391,435686.4435,-0.02609697545831403,-0.047115114335931026,0.009653598542559386,3324.14,3237.39,3084.86
2025-12-13T12:24:19,93555.0,92754.0,90634.55,89260.63,89480.0,89766.39,19972.58758,16679.19169,5895.70788,-0.024266327746321734,-3.147280078681281E-4,-0.02291489107769377,92513.38,90268.42,90240.01,2.057,2.0478,2.0482,1.9767,1.9692,2.0068,1.25057005E8,7.79871247E7,4.41932671E7,-0.013077679449360736,0.007621799342432932,-0.021901418895535672,2.034,2.0074,2.0227,137.79,140.12,134.28,129.0,130.35,131.6,4377697.036,4005608.262,1472483.735,-0.030349681108423038,0.0065774552052617835,-0.028090731560762965,136.41,132.27,133.14,84.59,84.49,82.45,80.31,80.5,80.77,447190.593,300466.28,150564.427,-0.011817195224888508,-0.005857230018303892,-0.030808886706763287,82.93,81.95,81.47,3327.37,3265.5,3135.68,3145.28,3045.31,3078.6,504114.2391,435686.4435,136465.7567,-0.047115114335931026,0.009653598542559386,-0.01641923304137874,3237.39,3084.86,3114.64
2025-12-14T12:24:19,92754.0,90634.55,90472.4,89480.0,89766.39,87577.36,16679.19169,5895.70788,9416.94004,-3.147280078681281E-4,-0.02291489107769377,-0.019735138649757587,90268.42,90240.01,88172.17,2.0478,2.0482,2.0306,1.9692,2.0068,1.9527,7.79871247E7,4.41932671E7,4.51485879E7,0.007621799342432932,-0.021901418895535672,-0.0405883542256369,2.0074,2.0227,1.9784,140.12,134.28,133.66,130.35,131.6,127.98,4005608.262,1472483.735,1731614.637,0.0065774552052617835,-0.028090731560762965,-0.012287480680061849,132.27,133.14,129.4,84.49,82.45,81.99,80.5,80.77,77.96,300466.28,150564.427,246089.417,-0.005857230018303892,-0.030808886706763287,-0.018363728470111307,81.95,81.47,78.96,3265.5,3135.68,3129.54,3045.31,3078.6,3024.44,435686.4435,136465.7567,279058.3545,0.009653598542559386,-0.01641923304137874,-0.03220173004733151,3084.86,3114.64,3063.5
2025-12-15T12:24:19,90634.55,90472.4,90052.64,89766.39,87577.36,85146.64,5895.70788,9416.94004,19778.6919,-0.02291489107769377,-0.019735138649757587,0.016560286412174698,90240.01,88172.17,86432.08,2.0482,2.0306,2.0143,2.0068,1.9527,1.8695,4.41932671E7,4.51485879E7,1.157463586E8,-0.021901418895535672,-0.0405883542256369,0.016648227174543003,2.0227,1.9784,1.8981,134.28,133.66,135.43,131.6,127.98,123.63,1472483.735,1731614.637,3922431.0,-0.028090731560762965,-0.012287480680061849,0.010484312651592234,133.14,129.4,127.81,82.45,81.99,81.42,80.77,77.96,75.74,150564.427,246089.417,377024.701,-0.030808886706763287,-0.018363728470111307,0.020255450909559967,81.47,78.96,77.51,3135.68,3129.54,3177.5,3078.6,3024.44,2894.57,136465.7567,279058.3545,520509.9555,-0.01641923304137874,-0.03220173004733151,-8.600772383087601E-4,3114.64,3063.5,2964.85
2025-12-16T12:24:19,90472.4,90052.64,88175.98,87577.36,85146.64,85266.0,9416.94004,19778.6919,18456.05017,-0.019735138649757587,0.016560286412174698,-0.01843998332867076,88172.17,86432.08,87863.42,2.0306,2.0143,1.9491,1.9527,1.8695,1.852,4.51485879E7,1.157463586E8,1.012833948E8,-0.0405883542256369,0.016648227174543003,-0.034720422863657535,1.9784,1.8981,1.9297,133.66,135.43,130.14,127.98,123.63,124.87,1731614.637,3922431.0,2884783.998,-0.012287480680061849,0.010484312651592234,-0.04552845528455292,129.4,127.81,129.15,81.99,81.42,79.89,77.96,75.74,76.44,246089.417,377024.701,398870.126,-0.018363728470111307,0.020255450909559967,-0.03882144663631757,78.96,77.51,79.08,3129.54,3177.5,2981.87,3024.44,2894.57,2876.0,279058.3545,520509.9555,378293.1159,-0.03220173004733151,-8.600772383087601E-4,-0.043483104344597234,3063.5,2964.85,2962.3
2025-12-17T12:24:19,90052.64,88175.98,90365.85,85146.64,85266.0,85314.0,19778.6919,18456.05017,19834.11729,0.016560286412174698,-0.01843998332867076,-0.008427445079160979,86432.08,87863.42,86243.22,2.0143,1.9491,1.9874,1.8695,1.852,1.8474,1.157463586E8,1.012833948E8,1.117148928E8,0.016648227174543003,-0.034720422863657535,-0.029580716164707106,1.8981,1.9297,1.8627,135.43,130.14,133.99,123.63,124.87,121.36,3922431.0,2884783.998,4525580.216,0.010484312651592234,-0.04552845528455292,-0.029772045104242733,127.81,129.15,123.27,81.42,79.89,81.04,75.74,76.44,75.16,377024.701,398870.126,376262.289,0.020255450909559967,-0.03882144663631757,-0.022628601499802642,77.51,79.08,76.01,3177.5,2981.87,3030.92,2894.57,2876.0,2791.02,520509.9555,378293.1159,497630.4162,-8.600772383087601E-4,-0.043483104344597234,-0.001736374576935023,2964.85,2962.3,2833.49
2025-12-18T12:24:19,88175.98,90365.85,89477.61,85266.0,85314.0,84450.01,18456.05017,19834.11729,25405.41763,-0.01843998332867076,-0.008427445079160979,0.030643592264923174,87863.42,86243.22,85516.41,1.9491,1.9874,1.9341,1.852,1.8474,1.8,1.012833948E8,1.117148928E8,1.26981039E8,-0.034720422863657535,-0.029580716164707106,0.05620712547023673,1.9297,1.8627,1.8076,130.14,133.99,129.05,124.87,121.36,116.88,2884783.998,4525580.216,4790795.008,-0.04552845528455292,-0.029772045104242733,0.055769230769230786,129.15,123.27,119.6,79.89,81.04,78.56,76.44,75.16,72.64,398870.126,376262.289,475331.443,-0.03882144663631757,-0.022628601499802642,0.04307443801319139,79.08,76.01,74.29,2981.87,3030.92,2997.4,2876.0,2791.02,2775.19,378293.1159,497630.4162,595253.7997,-0.043483104344597234,-0.001736374576935023,0.05335911785814027,2962.3,2833.49,2828.57
2025-12-19T12:24:19,90365.85,89477.61,89399.97,85314.0,84450.01,85110.24,19834.11729,25405.41763,21256.65004,-0.008427445079160979,0.030643592264923174,0.0025410457862502585,86243.22,85516.41,88136.94,1.9874,1.9341,1.9213,1.8474,1.8,1.7711,1.117148928E8,1.26981039E8,1.446015103E8,-0.029580716164707106,0.05620712547023673,0.012727844123192954,1.8627,1.8076,1.9092,133.99,129.05,127.87,121.36,116.88,117.61,4525580.216,4790795.008,4090548.592,-0.029772045104242733,0.055769230769230786,-0.003642987249544577,123.27,119.6,126.27,81.04,78.56,78.02,75.16,72.64,73.56,376262.289,475331.443,362068.467,-0.022628601499802642,0.04307443801319139,0.004516711833785115,76.01,74.29,77.49,3030.92,2997.4,3020.0,2791.02,2775.19,2808.63,497630.4162,595253.7997,531702.5439,-0.001736374576935023,0.05335911785814027,-5.26934049337192E-4,2833.49,2828.57,2979.5
2025-12-20T12:24:19,89477.61,89399.97,88573.07,84450.01,85110.24,87795.76,25405.41763,21256.65004,5123.13194,0.030643592264923174,0.0025410457862502585,0.0033720797320987723,85516.41,88136.94,88360.9,1.9341,1.9213,1.9588,1.8,1.7711,1.8936,1.26981039E8,1.446015103E8,5.32350235E7,0.05620712547023673,0.012727844123192954,-0.005792604085854719,1.8076,1.9092,1.9335,129.05,127.87,126.89,116.88,117.61,125.3,4790795.008,4090548.592,1229353.586,0.055769230769230786,-0.003642987249544577,0.0017486686272951185,119.6,126.27,125.81,78.56,78.02,79.41,72.64,73.56,76.43,475331.443,362068.467,157890.421,0.04307443801319139,0.004516711833785115,-0.013489208633093488,74.29,77.49,77.84,2997.4,3020.0,2994.41,2775.19,2808.63,2964.17,595253.7997,531702.5439,91783.7734,0.05335911785814027,-5.26934049337192E-4,0.008089511842118568,2828.57,2979.5,2977.93
2025-12-21T12:24:19,89399.97,88573.07,89081.77,85110.24,87795.76,87600.04,21256.65004,5123.13194,7132.87258,0.0025410457862502585,0.0033720797320987723,-4.29398708713455E-4,88136.94,88360.9,88658.86,1.9213,1.9588,1.9498,1.7711,1.8936,1.8948,1.446015103E8,5.32350235E7,5.30292729E7,0.012727844123192954,-0.005792604085854719,-0.009363782968319094,1.9092,1.9335,1.9223,127.87,126.89,126.62,117.61,125.3,123.4,4090548.592,1229353.586,1812103.189,-0.003642987249544577,0.0017486686272951185,-7.934618741569017E-4,126.27,125.81,126.03,78.02,79.41,78.05,73.56,76.43,75.46,362068.467,157890.421,208349.125,0.004516711833785115,-0.013489208633093488,0.0033858575335328936,77.49,77.84,76.79,3020.0,2994.41,3013.4,2808.63,2964.17,2944.0,531702.5439,91783.7734,162244.8067,-5.26934049337192E-4,0.008089511842118568,0.0024883245281509783,2979.5,2977.93,3002.02
2025-12-22T12:24:19,88573.07,89081.77,90588.23,87795.76,87600.04,87900.0,5123.13194,7132.87258,14673.2197,0.0033720797320987723,-4.29398708713455E-4,-0.01280500884724672,88360.9,88658.86,88620.79,1.9588,1.9498,1.9493,1.8936,1.8948,1.8917,5.32350235E7,5.30292729E7,8.87316142E7,-0.005792604085854719,-0.009363782968319094,-0.016226434910465867,1.9335,1.9223,1.9043,126.89,126.62,128.78,125.3,123.4,124.2,1229353.586,1812103.189,2667589.146,0.0017486686272951185,-7.934618741569017E-4,-0.015246565552290968,125.81,126.03,125.93,79.41,78.05,79.49,76.43,75.46,76.35,157890.421,208349.125,307831.718,-0.013489208633093488,0.0033858575335328936,-5.191434133678396E-4,77.84,76.79,77.05,2994.41,3013.4,3077.39,2964.17,2944.0,2963.43,91783.7734,162244.8067,298443.5633,0.008089511842118568,0.0024883245281509783,-0.014776590053464142,2977.93,3002.02,3009.49
2025-12-23T12:24:19,89081.77,90588.23,88940.0,87600.04,87900.0,86601.9,7132.87258,14673.2197,13910.32904,-4.29398708713455E-4,-0.01280500884724672,0.002096906933680784,88658.86,88620.79,87486.0,1.9498,1.9493,1.91,1.8948,1.8917,1.863,5.30292729E7,8.87316142E7,7.78156938E7,-0.009363782968319094,-0.016226434910465867,-0.0056581616312586435,1.9223,1.9043,1.8734,126.62,128.78,126.93,123.4,124.2,122.16,1812103.189,2667589.146,2440030.872,-7.934618741569017E-4,-0.015246565552290968,-0.011934521409563777,126.03,125.93,124.01,78.05,79.49,77.96,75.46,76.35,75.53,208349.125,307831.718,260524.06,0.0033858575335328936,-5.191434133678396E-4,-0.01584209842877547,76.79,77.05,77.01,3013.4,3077.39,3035.79,2944.0,2963.43,2900.93,162244.8067,298443.5633,386465.747,0.0024883245281509783,-0.014776590053464142,-0.005919015723334137,3002.02,3009.49,2965.02
2025-12-24T12:24:19,90588.23,88940.0,88049.89,87900.0,86601.9,86420.0,14673.2197,13910.32904,9140.8432,-0.01280500884724672,0.002096906933680784,-0.005066531157660884,88620.79,87486.0,87669.45,1.9493,1.91,1.8783,1.8917,1.863,1.8372,8.87316142E7,7.78156938E7,5.98959798E7,-0.016226434910465867,-0.0056581616312586435,-0.01621215374704746,1.9043,1.8734,1.8628,128.78,126.93,124.3,124.2,122.16,120.63,2667589.146,2440030.872,1605450.498,-0.015246565552290968,-0.011934521409563777,-0.020158328572594458,125.93,124.01,122.53,79.49,77.96,77.42,76.35,75.53,75.22,307831.718,260524.06,266137.657,-5.191434133678396E-4,-0.01584209842877547,-0.001055548225359711,77.05,77.01,75.79,3077.39,3035.79,2978.15,2963.43,2900.93,2888.7,298443.5633,386465.747,197035.5598,-0.014776590053464142,-0.005919015723334137,-0.014765205413456281,3009.49,2965.02,2947.47
2025-12-25T12:24:19,88940.0,88049.89,88592.74,86601.9,86420.0,86934.72,13910.32904,9140.8432,7096.58235,0.002096906933680784,-0.005066531157660884,0.0016542224518192215,87486.0,87669.45,87225.27,1.91,1.8783,1.8892,1.863,1.8372,1.8291,7.78156938E7,5.98959798E7,4.61448084E7,-0.0056581616312586435,-0.01621215374704746,0.00605696824184213,1.8734,1.8628,1.8326,126.93,124.3,124.46,122.16,120.63,119.71,2440030.872,1605450.498,1818325.148,-0.011934521409563777,-0.020158328572594458,0.018324171247709502,124.01,122.53,120.06,77.96,77.42,77.57,75.53,75.22,75.36,260524.06,266137.657,204493.057,-0.01584209842877547,-0.001055548225359711,0.015321621978602706,77.01,75.79,75.71,3035.79,2978.15,2971.46,2900.93,2888.7,2891.2,386465.747,197035.5598,188721.2981,-0.005919015723334137,-0.014765205413456281,0.008278379448681955,2965.02,2947.47,2903.95
2025-12-26T12:24:19,88049.89,88592.74,89567.75,86420.0,86934.72,86655.08,9140.8432,7096.58235,18344.61505,-0.005066531157660884,0.0016542224518192215,0.005808086935541361,87669.45,87225.27,87369.56,1.8783,1.8892,1.8833,1.8372,1.8291,1.8246,5.98959798E7,4.61448084E7,7.68255308E7,-0.01621215374704746,0.00605696824184213,0.016163150187123745,1.8628,1.8326,1.8437,124.3,124.46,125.14,120.63,119.71,119.24,1605450.498,1818325.148,3326516.562,-0.020158328572594458,0.018324171247709502,0.020202846392933082,122.53,120.06,122.26,77.42,77.57,78.0,75.22,75.36,75.48,266137.657,204493.057,254509.443,-0.001055548225359711,0.015321621978602706,0.045011057629764456,75.79,75.71,76.87,2978.15,2971.46,2994.38,2888.7,2891.2,2894.26,197035.5598,188721.2981,314830.9989,-0.014765205413456281,0.008278379448681955,0.007192647515872801,2947.47,2903.95,2927.99
2025-12-27T12:24:19,88592.74,89567.75,87984.0,86934.72,86655.08,87253.05,7096.58235,18344.61505,4469.55156,0.0016542224518192215,0.005808086935541361,8.614312207483123E-4,87225.27,87369.56,87877.01,1.8892,1.8833,1.8788,1.8291,1.8246,1.8417,4.61448084E7,7.68255308E7,3.12444713E7,0.00605696824184213,0.016163150187123745,-0.0043234587670136085,1.8326,1.8437,1.8735,124.46,125.14,125.08,119.71,119.24,121.86,1818325.148,3326516.562,1357802.112,0.018324171247709502,0.020202846392933082,0.004329351399021823,120.06,122.26,124.73,77.57,78.0,80.58,75.36,75.48,76.76,204493.057,254509.443,211258.146,0.015321621978602706,0.045011057629764456,-0.01991783891447771,75.71,76.87,80.33,2971.46,2994.38,2960.89,2891.2,2894.26,2917.13,188721.2981,314830.9989,95040.3956,0.008278379448681955,0.007192647515872801,6.307115850866118E-4,2903.95,2927.99,2949.05
2025-12-28T12:24:19,89567.75,87984.0,88088.75,86655.08,87253.05,87435.0,18344.61505,4469.55156,4446.29285,0.005808086935541361,8.614312207483123E-4,-0.008135963064696945,87369.56,87877.01,87952.71,1.8833,1.8788,1.8796,1.8246,1.8417,1.8539,7.68255308E7,3.12444713E7,2.65972383E7,0.016163150187123745,-0.0043234587670136085,-0.007826739573281841,1.8437,1.8735,1.8654,125.14,125.08,125.64,119.24,121.86,123.08,3326516.562,1357802.112,1828960.451,0.020202846392933082,0.004329351399021823,-0.015885686916260838,122.26,124.73,125.27,78.0,80.58,80.58,75.48,76.76,77.87,254509.443,211258.146,219808.346,0.045011057629764456,-0.01991783891447771,-0.005207671789661003,76.87,80.33,78.73,2994.38,2960.89,2961.23,2894.26,2917.13,2924.54,314830.9989,95040.3956,128834.139,0.007192647515872801,6.307115850866118E-4,-0.004408809485887324,2927.99,2949.05,2950.91
2025-12-29T12:24:19,87984.0,88088.75,90406.08,87253.05,87435.0,86806.5,4469.55156,4446.29285,19894.98575,8.614312207483123E-4,-0.008135963064696945,0.014309961824741375,87877.01,87952.71,87237.13,1.8788,1.8796,1.918,1.8417,1.8539,1.845,3.12444713E7,2.65972383E7,7.02657085E7,-0.0043234587670136085,-0.007826739573281841,0.014480224767668,1.8735,1.8654,1.8508,125.08,125.64,130.16,121.86,123.08,122.36,1357802.112,1828960.451,4307595.105,0.004329351399021823,-0.015885686916260838,0.014033095392602238,124.73,125.27,123.28,80.58,80.58,80.25,76.76,77.87,76.92,211258.146,219808.346,309985.174,-0.01991783891447771,-0.005207671789661003,0.007277834525025631,80.33,78.73,78.32,2960.89,2961.23,3057.78,2917.13,2924.54,2910.25,95040.3956,128834.139,485959.1824,6.307115850866118E-4,-0.004408809485887324,0.012182170938425394,2949.05,2950.91,2937.9
2025-12-30T12:24:19,88088.75,90406.08,89400.0,87435.0,86806.5,86845.66,4446.29285,19894.98575,13105.91001,-0.008135963064696945,0.014309961824741375,-0.009462229344042781,87952.71,87237.13,88485.49,1.8796,1.918,1.8864,1.8539,1.845,1.8439,2.65972383E7,7.02657085E7,4.83377356E7,-0.007826739573281841,0.014480224767668,-0.01880059650617804,1.8654,1.8508,1.8776,125.64,130.16,126.52,123.08,122.36,122.58,1828960.451,4307595.105,2480631.516,-0.015885686916260838,0.014033095392602238,-0.002879769618430521,125.27,123.28,125.01,80.58,80.25,79.03,77.87,76.92,77.62,219808.346,309985.174,238627.692,-0.005207671789661003,0.007277834525025631,-0.025858790721257525,78.73,78.32,78.89,2961.23,3057.78,3009.8,2924.54,2910.25,2919.44,128834.139,485959.1824,286583.2879,-0.004408809485887324,0.012182170938425394,-6.893791888193396E-4,2950.91,2937.9,2973.69
2025-12-31T12:24:19,90406.08,89400.0,89200.0,86806.5,86845.66,87250.0,19894.98575,13105.91001,11558.62047,0.014309961824741375,-0.009462229344042781,0.01358635691631835,87237.13,88485.49,87648.22,1.918,1.8864,1.8839,1.845,1.8439,1.8123,7.02657085E7,4.83377356E7,5.83348938E7,0.014480224767668,-0.01880059650617804,0.020409271019920672,1.8508,1.8776,1.8423,130.16,126.52,132.75,122.36,122.58,122.99,4307595.105,2480631.516,2941643.658,0.014033095392602238,-0.002879769618430521,0.018050541516245487,123.28,125.01,124.65,80.25,79.03,78.89,76.92,77.62,76.08,309985.174,238627.692,233120.006,0.007277834525025631,-0.025858790721257525,0.04059856864020826,78.32,78.89,76.85,3057.78,3009.8,3028.08,2910.25,2919.44,2958.91,485959.1824,286583.2879,233729.5887,0.012182170938425394,-6.893791888193396E-4,0.010953547536040767,2937.9,2973.69,2971.64
2026-01-01T12:24:19,89400.0,89200.0,88919.45,86845.66,87250.0,87550.43,13105.91001,11558.62047,6279.57133,-0.009462229344042781,0.01358635691631835,0.01301331036445251,88485.49,87648.22,88839.04,1.8864,1.8839,1.8811,1.8439,1.8123,1.8261,4.83377356E7,5.83348938E7,4.10825891E7,-0.01880059650617804,0.020409271019920672,0.0675567849353689,1.8776,1.8423,1.8799,126.52,132.75,127.25,122.58,122.99,124.15,2480631.516,2941643.658,1733664.978,-0.002879769618430521,0.018050541516245487,0.04247438928289981,125.01,124.65,126.9,79.03,78.89,80.03,77.62,76.08,76.7,238627.692,233120.006,194402.742,-0.025858790721257525,0.04059856864020826,0.024509190946605076,78.89,76.85,79.97,3009.8,3028.08,3010.0,2919.44,2958.91,2971.15,286583.2879,233729.5887,136088.5207,-6.893791888193396E-4,0.010953547536040767,0.04036362546976049,2973.69,2971.64,3004.19
2026-01-02T12:24:19,89200.0,88919.45,90961.81,87250.0,87550.43,88379.88,11558.62047,6279.57133,17396.97301,0.01358635691631835,0.01301331036445251,0.00703238052992412,87648.22,88839.04,89995.13,1.8839,1.8811,2.0315,1.8123,1.8261,1.8689,5.83348938E7,4.10825891E7,1.273479072E8,0.020409271019920672,0.0675567849353689,0.005630574517913354,1.8423,1.8799,2.0069,132.75,127.25,133.25,122.99,124.15,125.84,2941643.658,1733664.978,2924227.372,0.018050541516245487,0.04247438928289981,0.008163882379620626,124.65,126.9,132.29,78.89,80.03,82.25,76.08,76.7,79.04,233120.006,194402.742,285255.308,0.04059856864020826,0.024509190946605076,0.0018308311973634988,76.85,79.97,81.93,3028.08,3010.0,3150.01,2958.91,2971.15,2992.49,233729.5887,136088.5207,369891.2449,0.010953547536040767,0.04036362546976049,5.311235182134762E-4,2971.64,3004.19,3125.45
2026-01-03T12:24:19,88919.45,90961.81,90741.16,87550.43,88379.88,89314.01,6279.57133,17396.97301,7057.46716,0.01301331036445251,0.00703238052992412,0.009949683326380014,88839.04,89995.13,90628.01,1.8811,2.0315,2.0561,1.8261,1.8689,1.9844,4.10825891E7,1.273479072E8,7.43865221E7,0.0675567849353689,0.005630574517913354,0.03602219799821611,1.8799,2.0069,2.0182,127.25,133.25,133.99,124.15,125.84,129.6,1733664.978,2924227.372,1520623.499,0.04247438928289981,0.008163882379620626,0.005623453550273674,126.9,132.29,133.37,80.03,82.25,82.82,76.7,79.04,80.77,194402.742,285255.308,249457.667,0.024509190946605076,0.0018308311973634988,0.002192982456140434,79.97,81.93,82.08,3010.0,3150.01,3136.71,2971.15,2992.49,3076.0,136088.5207,369891.2449,134405.2258,0.04036362546976049,5.311235182134762E-4,0.005625001998650412,3004.19,3125.45,3127.11
2026-01-04T12:24:19,90961.81,90741.16,91810.0,88379.88,89314.01,90628.0,17396.97301,7057.46716,10426.5297,0.00703238052992412,0.009949683326380014,0.025455991184503774,89995.13,90628.01,91529.73,2.0315,2.0561,2.1204,1.8689,1.9844,2.0163,1.273479072E8,7.43865221E7,1.137570863E8,0.005630574517913354,0.03602219799821611,0.12286575159022427,2.0069,2.0182,2.0909,133.25,133.99,135.54,125.84,129.6,133.12,2924227.372,1520623.499,1809269.113,0.008163882379620626,0.005623453550273674,0.028183716075156583,132.29,133.37,134.12,82.25,82.82,83.17,79.04,80.77,81.65,285255.308,249457.667,254059.572,0.0018308311973634988,0.002192982456140434,0.014587892049598693,81.93,82.08,82.26,3150.01,3136.71,3167.22,2992.49,3076.0,3118.75,369891.2449,134405.2258,181576.0686,5.311235182134762E-4,0.005625001998650412,0.02553184723503036,3125.45,3127.11,3144.7
2026-01-05T12:24:19,90741.16,91810.0,94789.08,89314.01,90628.0,91514.81,7057.46716,10426.5297,20673.59584,0.009949683326380014,0.025455991184503774,-0.001190500162423315,90628.01,91529.73,93859.71,2.0561,2.1204,2.3695,1.9844,2.0163,2.0877,7.43865221E7,1.137570863E8,2.103180253E8,0.03602219799821611,0.12286575159022427,-0.01857057671011163,2.0182,2.0909,2.3478,133.99,135.54,139.87,129.6,133.12,133.18,1520623.499,1809269.113,3327567.484,0.005623453550273674,0.028183716075156583,0.023060188542422092,133.37,134.12,137.9,82.82,83.17,84.57,80.77,81.65,81.44,249457.667,254059.572,427913.448,0.002192982456140434,0.014587892049598693,0.0059908938413611315,82.08,82.26,83.46,3136.71,3167.22,3265.66,3076.0,3118.75,3135.02,134405.2258,181576.0686,382446.6618,0.005625001998650412,0.02553184723503036,0.02227913885004306,3127.11,3144.7,3224.99
2026-01-06T12:24:19,91810.0,94789.08,94444.44,90628.0,91514.81,91262.94,10426.5297,20673.59584,18546.41829,0.025455991184503774,-0.001190500162423315,-0.025427857264535943,91529.73,93859.71,93747.97,2.1204,2.3695,2.4172,2.0163,2.0877,2.2046,1.137570863E8,2.103180253E8,2.703721081E8,0.12286575159022427,-0.01857057671011163,-0.06010762954604619,2.0909,2.3478,2.3042,135.54,139.87,143.48,133.12,133.18,136.19,1809269.113,3327567.484,3771795.117,0.028183716075156583,0.023060188542422092,-0.033243549759002164,134.12,137.9,141.08,83.17,84.57,84.89,81.65,81.44,81.16,254059.572,427913.448,356122.443,0.014587892049598693,0.0059908938413611315,-0.02679847546450691,82.26,83.46,83.96,3167.22,3265.66,3308.86,3118.75,3135.02,3183.27,181576.0686,382446.6618,412503.5066,0.02553184723503036,0.02227913885004306,-0.03886145521165733,3144.7,3224.99,3296.84
2026-01-07T12:24:19,94789.08,94444.44,93747.97,91514.81,91262.94,90675.52,20673.59584,18546.41829,14276.49025,-0.001190500162423315,-0.025427857264535943,-0.0028913963637382345,93859.71,93747.97,91364.16,2.3695,2.4172,2.3205,2.0877,2.2046,2.1517,2.103180253E8,2.703721081E8,1.156032777E8,-0.01857057671011163,-0.06010762954604619,-0.01962414000092348,2.3478,2.3042,2.1657,139.87,143.48,141.4,133.18,136.19,134.41,3327567.484,3771795.117,2321642.178,0.023060188542422092,-0.033243549759002164,0.014517193342620562,137.9,141.08,136.39,84.57,84.89,83.97,81.44,81.16,81.0,427913.448,356122.443,276546.003,0.0059908938413611315,-0.02679847546450691,-0.0048953616448414086,83.46,83.96,81.71,3265.66,3308.86,3296.84,3135.02,3183.27,3125.42,382446.6618,412503.5066,321350.1225,0.02227913885004306,-0.03886145521165733,-0.019588351132318323,3224.99,3296.84,3168.72
2026-01-08T12:24:19,94444.44,93747.97,91687.99,91262.94,90675.52,89311.0,18546.41829,14276.49025,16132.79117,-0.025427857264535943,-0.0028913963637382345,-0.005035236557106169,93747.97,91364.16,91099.99,2.4172,2.3205,2.1925,2.2046,2.1517,2.0649,2.703721081E8,1.156032777E8,1.565360805E8,-0.06010762954604619,-0.01962414000092348,-0.012905048982667713,2.3042,2.1657,2.1232,143.48,141.4,140.07,136.19,134.41,132.67,3771795.117,2321642.178,3113437.835,-0.033243549759002164,0.014517193342620562,-0.01734480017344804,141.08,136.39,138.37,84.89,83.97,82.3,81.16,81.0,80.0,356122.443,276546.003,252290.561,-0.02679847546450691,-0.0048953616448414086,0.0022137498462672807,83.96,81.71,81.31,3308.86,3296.84,3184.39,3183.27,3125.42,3054.65,412503.5066,321350.1225,343616.1005,-0.03886145521165733,-0.019588351132318323,-0.005874495034844608,3296.84,3168.72,3106.65
2026-01-09T12:24:19,93747.97,91687.99,92082.55,90675.52,89311.0,89694.66,14276.49025,16132.79117,15590.27939,-0.0028913963637382345,-0.005035236557106169,-0.0015068189681346263,91364.16,91099.99,90641.28,2.3205,2.1925,2.1622,2.1517,2.0649,2.0727,1.156032777E8,1.565360805E8,1.17777092E8,-0.01962414000092348,-0.012905048982667713,-0.002433438305181842,2.1657,2.1232,2.0958,141.4,140.07,141.17,134.41,132.67,134.98,2321642.178,3113437.835,3778547.996,0.014517193342620562,-0.01734480017344804,-9.56093255865231E-4,136.39,138.37,135.97,83.97,82.3,82.12,81.0,80.0,79.91,276546.003,252290.561,251572.162,-0.0048953616448414086,0.0022137498462672807,-0.0036814333046999285,81.71,81.31,81.49,3296.84,3184.39,3148.41,3125.42,3054.65,3058.69,321350.1225,343616.1005,274587.4533,-0.019588351132318323,-0.005874495034844608,-5.439709882140561E-4,3168.72,3106.65,3088.4
2026-01-10T12:24:19,91687.99,92082.55,90832.0,89311.0,89694.66,90404.0,16132.79117,15590.27939,3104.11722,-0.005035236557106169,-0.0015068189681346263,0.005623464858731062,91099.99,90641.28,90504.7,2.1925,2.1622,2.1106,2.0649,2.0727,2.0806,1.565360805E8,1.17777092E8,3.15899813E7,-0.012905048982667713,-0.002433438305181842,-0.0077486009470512235,2.1232,2.0958,2.0907,140.07,141.17,137.05,132.67,134.98,135.37,3113437.835,3778547.996,1000837.004,-0.01734480017344804,-9.56093255865231E-4,0.028415783274440408,138.37,135.97,135.84,82.3,82.12,82.42,80.0,79.91,80.8,252290.561,251572.162,149346.699,0.0022137498462672807,-0.0036814333046999285,-0.029560290676191547,81.31,81.49,81.19,3184.39,3148.41,3104.12,3054.65,3058.69,3077.99,343616.1005,274587.4533,82341.0546,-0.005874495034844608,-5.439709882140561E-4,0.011899362430022814,3106.65,3088.4,3086.72
2026-01-11T12:24:19,92082.55,90832.0,91283.89,89694.66,90404.0,90236.0,15590.27939,3104.11722,5477.13594,-0.0015068189681346263,0.005623464858731062,0.0031044793830376314,90641.28,90504.7,91013.65,2.1622,2.1106,2.11,2.0727,2.0806,2.045,1.17777092E8,3.15899813E7,5.05455782E7,-0.002433438305181842,-0.0077486009470512235,-0.009881899252832097,2.0958,2.0907,2.0745,141.17,137.05,141.6,134.98,135.37,135.75,3778547.996,1000837.004,2209913.206,-9.56093255865231E-4,0.028415783274440408,-0.003435934144595489,135.97,135.84,139.7,82.12,82.42,81.78,79.91,80.8,78.53,251572.162,149346.699,323460.486,-0.0036814333046999285,-0.029560290676191547,-0.033887549181368215,81.49,81.19,78.79,3148.41,3104.12,3147.27,3058.69,3077.99,3084.46,274587.4533,82341.0546,149381.2965,-5.439709882140561E-4,0.011899362430022814,-0.008868398725767923,3088.4,3086.72,3123.45
2026-01-12T12:24:19,90832.0,91283.89,92519.95,90404.0,90236.0,90128.44,3104.11722,5477.13594,16188.08268,0.005623464858731062,0.0031044793830376314,0.04510373925749377,90504.7,91013.65,91296.2,2.1106,2.11,2.1086,2.0806,2.045,2.035,3.15899813E7,5.05455782E7,1.101400383E8,-0.0077486009470512235,-0.009881899252832097,0.054284323271665234,2.0907,2.0745,2.054,137.05,141.6,144.4,135.37,135.75,138.34,1000837.004,2209913.206,4160120.091,0.028415783274440408,-0.003435934144595489,0.045180290188191294,135.84,139.7,139.22,82.42,81.78,80.75,80.8,78.53,75.6,149346.699,323460.486,766104.643,-0.029560290676191547,-0.033887549181368215,0.027062532842879693,81.19,78.79,76.12,3104.12,3147.27,3171.49,3077.99,3084.46,3065.55,82341.0546,149381.2965,297373.4681,0.011899362430022814,-0.008868398725767923,0.0743180166357103,3086.72,3123.45,3095.75
2026-01-13T12:24:19,91283.89,92519.95,96495.0,90236.0,90128.44,91042.66,5477.13594,16188.08268,23021.51482,0.0031044793830376314,0.04510373925749377,0.016116922044982905,91013.65,91296.2,95414.0,2.11,2.1086,2.185,2.045,2.035,2.0474,5.05455782E7,1.101400383E8,1.133740063E8,-0.009881899252832097,0.054284323271665234,-0.012052643731239902,2.0745,2.054,2.1655,141.6,144.4,148.74,135.75,138.34,137.82,2209913.206,4160120.091,4195082.468,-0.003435934144595489,0.045180290188191294,0.008109408288090213,139.7,139.22,145.51,81.78,80.75,78.95,78.53,75.6,75.26,323460.486,766104.643,1092209.996,-0.033887549181368215,0.027062532842879693,-0.01931440266052705,78.79,76.12,78.18,3147.27,3171.49,3367.79,3084.46,3065.55,3091.96,149381.2965,297373.4681,457782.2816,-0.008868398725767923,0.0743180166357103,0.008749721873101943,3123.45,3095.75,3325.82
2026-01-14T12:24:19,92519.95,96495.0,97924.49,90128.44,91042.66,94559.28,16188.08268,23021.51482,22851.89428,0.04510373925749377,0.016116922044982905,-0.013893298297359738,91296.2,95414.0,96951.78,2.1086,2.185,2.1924,2.035,2.0474,2.1116,1.101400383E8,1.133740063E8,1.350016035E8,0.054284323271665234,-0.012052643731239902,-0.028278956716836598,2.054,2.1655,2.1394,144.4,148.74,148.44,138.34,137.82,143.37,4160120.091,4195082.468,3695077.378,0.045180290188191294,0.008109408288090213,-0.029245347331106362,139.22,145.51,146.69,80.75,78.95,80.97,75.6,75.26,75.8,766104.643,1092209.996,1728520.677,0.027062532842879693,-0.01931440266052705,-0.05817138385287606,76.12,78.18,76.67,3171.49,3367.79,3402.89,3065.55,3091.96,3280.48,297373.4681,457782.2816,503440.0759,0.0743180166357103,0.008749721873101943,-0.010799065253418864,3095.75,3325.82,3354.92
2026-01-15T12:24:19,96495.0,97924.49,97193.34,91042.66,94559.28,95134.48,23021.51482,22851.89428,21725.81369,0.016116922044982905,-0.013893298297359738,-5.633608354392309E-4,95414.0,96951.78,95604.8,2.185,2.1924,2.1434,2.0474,2.1116,2.0532,1.133740063E8,1.350016035E8,8.96396837E7,-0.012052643731239902,-0.028278956716836598,-0.005339362162682134,2.1655,2.1394,2.0789,148.74,148.44,146.73,137.82,143.37,140.9,4195082.468,3695077.378,2462143.139,0.008109408288090213,-0.029245347331106362,0.01748595505617964,145.51,146.69,142.4,78.95,80.97,76.92,75.26,75.8,69.46,1092209.996,1728520.677,1503254.414,-0.01931440266052705,-0.05817138385287606,0.04168397728846428,78.18,76.67,72.21,3367.79,3402.89,3384.19,3091.96,3280.48,3273.72,457782.2816,503440.0759,389993.836,0.008749721873101943,-0.010799065253418864,-0.006752664454950554,3325.82,3354.92,3318.69
2026-01-16T12:24:19,97924.49,97193.34,95871.47,94559.28,95134.48,94293.46,22851.89428,21725.81369,11167.7146,-0.013893298297359738,-5.633608354392309E-4,-0.004219424738260013,96951.78,95604.8,95550.94,2.1924,2.1434,2.0866,2.1116,2.0532,2.0263,1.350016035E8,8.96396837E7,6.08946195E7,-0.028278956716836598,-0.005339362162682134,-0.002272947093529427,2.1394,2.0789,2.0678,148.44,146.73,145.55,143.37,140.9,140.26,3695077.378,2462143.139,1900879.026,-0.029245347331106362,0.01748595505617964,-0.008075091448685123,146.69,142.4,144.89,80.97,76.92,76.07,75.8,69.46,70.92,1728520.677,1503254.414,846767.044,-0.05817138385287606,0.04168397728846428,-0.003988300983780871,76.67,72.21,75.22,3402.89,3384.19,3326.79,3280.48,3273.72,3253.01,503440.0759,389993.836,223921.7876,-0.010799065253418864,-0.006752664454950554,0.0043321562488622765,3354.92,3318.69,3296.28
2026-01-17T12:24:19,97193.34,95871.47,95639.45,95134.48,94293.46,95021.67,21725.81369,11167.7146,4280.80137,-5.633608354392309E-4,-0.004219424738260013,-0.015498313833314271,95604.8,95550.94,95147.77,2.1434,2.0866,2.0834,2.0532,2.0263,2.0536,8.96396837E7,6.08946195E7,3.11384549E7,-0.005339362162682134,-0.002272947093529427,-0.03475352624690993,2.0789,2.0678,2.0631,146.73,145.55,144.99,140.9,140.26,143.32,2462143.139,1900879.026,835154.761,0.01748595505617964,-0.008075091448685123,-0.04070414695240742,142.4,144.89,143.72,76.92,76.07,75.99,69.46,70.92,73.84,1503254.414,846767.044,327149.181,0.04168397728846428,-0.003988300983780871,-0.03510411105178851,72.21,75.22,74.92,3384.19,3326.79,3330.26,3273.72,3253.01,3283.96,389993.836,223921.7876,124325.0303,-0.006752664454950554,0.0043321562488622765,-0.008013749939587183,3318.69,3296.28,3310.56
2026-01-18T12:24:19,95871.47,95639.45,95531.12,94293.46,95021.67,93615.4,11167.7146,4280.80137,6895.17819,-0.004219424738260013,-0.015498313833314271,-0.011125280950334316,95550.94,95147.77,93673.14,2.0866,2.0834,2.0679,2.0263,2.0536,1.9861,6.08946195E7,3.11384549E7,4.65066977E7,-0.002272947093529427,-0.03475352624690993,-0.0027116601385959982,2.0678,2.0631,1.9914,145.55,144.99,144.0,140.26,143.32,137.74,1900879.026,835154.761,1877438.698,-0.008075091448685123,-0.04070414695240742,-0.03213171828534131,144.89,143.72,137.87,76.07,75.99,75.9,70.92,73.84,72.1,846767.044,327149.181,377184.548,-0.003988300983780871,-0.03510411105178851,-0.02061142620002779,75.22,74.92,72.29,3326.79,3330.26,3368.82,3253.01,3283.96,3278.86,223921.7876,124325.0303,173354.3026,0.0043321562488622765,-0.008013749939587183,-0.028769530120004997,3296.28,3310.56,3284.03
2026-01-19T12:24:19,95639.45,95531.12,93673.14,95021.67,93615.4,91910.2,4280.80137,6895.17819,14295.52747,-0.015498313833314271,-0.011125280950334316,-0.04537724951690035,95147.77,93673.14,92631.0,2.0834,2.0679,2.0299,2.0536,1.9861,1.847,3.11384549E7,4.65066977E7,1.593499007E8,-0.03475352624690993,-0.0027116601385959982,-0.048338368580060465,2.0631,1.9914,1.986,144.99,144.0,137.87,143.32,137.74,130.0,835154.761,1877438.698,2972524.77,-0.04070414695240742,-0.03213171828534131,-0.057254196642685856,143.72,137.87,133.44,75.99,75.9,72.28,73.84,72.1,65.58,327149.181,377184.548,993480.913,-0.03510411105178851,-0.02061142620002779,-0.0519774011299434,74.92,72.29,70.8,3330.26,3368.82,3284.58,3283.96,3278.86,3165.38,124325.0303,173354.3026,442540.5596,-0.008013749939587183,-0.028769530120004997,-0.07827749996080954,3310.56,3284.03,3189.55
2026-01-20T12:24:19,95531.12,93673.14,92870.0,93615.4,91910.2,87895.98,6895.17819,14295.52747,22007.3261,-0.011125280950334316,-0.04537724951690035,0.011614804688940003,93673.14,92631.0,88427.66,2.0679,2.0299,1.9909,1.9861,1.847,1.87,4.65066977E7,1.593499007E8,1.27376122E8,-0.0027116601385959982,-0.048338368580060465,0.030476190476190528,1.9914,1.986,1.89,144.0,137.87,134.63,137.74,130.0,124.68,1877438.698,2972524.77,3532423.88,-0.03213171828534131,-0.057254196642685856,0.02972972972972969,137.87,133.44,125.8,75.9,72.28,71.05,72.1,65.58,65.9,377184.548,993480.913,699879.344,-0.02061142620002779,-0.0519774011299434,0.0202622169249106,72.29,70.8,67.12,3368.82,3284.58,3200.5,3278.86,3165.38,2920.0,173354.3026,442540.5596,518166.4787,-0.028769530120004997,-0.07827749996080954,0.014418955875749987,3284.03,3189.55,2939.88
2026-01-21T12:24:19,93673.14,92870.0,90574.0,91910.2,87895.98,87263.53,14295.52747,22007.3261,20617.50372,-0.04537724951690035,0.011614804688940003,0.0011731073359676155,92631.0,88427.66,89454.73,2.0299,1.9909,1.9907,1.847,1.87,1.8712,1.593499007E8,1.27376122E8,1.478421355E8,-0.048338368580060465,0.030476190476190528,-0.012322858903265569,1.986,1.89,1.9476,137.87,134.63,132.17,130.0,124.68,125.26,2972524.77,3532423.88,3161736.36,-0.057254196642685856,0.02972972972972969,-0.008259996912150635,133.44,125.8,129.54,72.28,71.05,69.71,65.58,65.9,66.03,993480.913,699879.344,677970.362,-0.0519774011299434,0.0202622169249106,-0.00423481308411224,70.8,67.12,68.48,3284.58,3200.5,3069.07,3165.38,2920.0,2866.11,442540.5596,518166.4787,577800.2481,-0.07827749996080954,0.014418955875749987,-0.009918619038517614,3189.55,2939.88,2982.27
2026-01-22T12:24:19,92870.0,90574.0,90359.99,87895.98,87263.53,88515.37,22007.3261,20617.50372,10825.50492,0.011614804688940003,0.0011731073359676155,4.532173912654715E-4,88427.66,89454.73,89559.67,1.9909,1.9907,1.9679,1.87,1.8712,1.9016,1.27376122E8,1.478421355E8,6.16274449E7,0.030476190476190528,-0.012322858903265569,-0.002079434393844876,1.89,1.9476,1.9236,134.63,132.17,130.94,124.68,125.26,126.73,3532423.88,3161736.36,1811586.462,0.02972972972972969,-0.008259996912150635,-0.008095275161516246,125.8,129.54,128.47,71.05,69.71,69.65,65.9,66.03,67.06,699879.344,677970.362,400973.972,0.0202622169249106,-0.00423481308411224,-0.0017597888253410258,67.12,68.48,68.19,3200.5,3069.07,3038.33,2920.0,2866.11,2906.02,518166.4787,577800.2481,291660.7349,0.014418955875749987,-0.009918619038517614,0.0012598681202563764,2939.88,2982.27,2952.69
2026-01-23T12:24:19,90574.0,90359.99,91224.99,87263.53,88515.37,88578.36,20617.50372,10825.50492,13918.48919,0.0011731073359676155,4.532173912654715E-4,-0.0041843628578756165,89454.73,89559.67,89600.26,1.9907,1.9679,1.9656,1.8712,1.9016,1.8873,1.478421355E8,6.16274449E7,7.60767069E7,-0.012322858903265569,-0.002079434393844876,-0.002760991873306982,1.9476,1.9236,1.9196,132.17,130.94,130.2,125.26,126.73,125.28,3161736.36,1811586.462,2044063.077,-0.008259996912150635,-0.008095275161516246,-0.001726438044416645,129.54,128.47,127.43,69.71,69.65,69.6,66.03,67.06,66.98,677970.362,400973.972,391555.321,-0.00423481308411224,-0.0017597888253410258,0.0017628911414720812,68.48,68.19,68.07,3069.07,3038.33,3019.26,2866.11,2906.02,2892.4,577800.2481,291660.7349,318415.3317,-0.009918619038517614,0.0012598681202563764,-0.0010790113685179169,2982.27,2952.69,2956.41
2026-01-24T12:24:19,90359.99,91224.99,89957.39,88515.37,88578.36,89162.08,10825.50492,13918.48919,4226.56737,4.532173912654715E-4,-0.0041843628578756165,-0.02863513885181044,89559.67,89600.26,89225.34,1.9679,1.9656,1.9276,1.9016,1.8873,1.91,6.16274449E7,7.60767069E7,2.71599999E7,-0.002079434393844876,-0.002760991873306982,-0.04111163349527242,1.9236,1.9196,1.9143,130.94,130.2,128.12,126.73,125.28,126.64,1811586.462,2044063.077,807419.995,-0.008095275161516246,-0.001726438044416645,-0.06571810392264758,128.47,127.43,127.21,69.65,69.6,68.98,67.06,66.98,67.75,400973.972,391555.321,180394.712,-0.0017597888253410258,0.0017628911414720812,-0.013051767121278788,68.19,68.07,68.19,3038.33,3019.26,2970.41,2906.02,2892.4,2943.84,291660.7349,318415.3317,92082.9039,0.0012598681202563764,-0.0010790113685179169,-0.046163171047195924,2952.69,2956.41,2953.22
2026-01-25T12:24:19,91224.99,89957.39,89319.13,88578.36,89162.08,86074.72,13918.48919,4226.56737,14426.22019,-0.0041843628578756165,-0.02863513885181044,0.01934594479589102,89600.26,89225.34,86670.36,1.9656,1.9276,1.9168,1.8873,1.91,1.8111,7.60767069E7,2.71599999E7,9.15331103E7,-0.002760991873306982,-0.04111163349527242,0.03731749836565701,1.9196,1.9143,1.8356,130.2,128.12,127.46,125.28,126.64,117.15,2044063.077,807419.995,4540879.449,-0.001726438044416645,-0.06571810392264758,0.0453512831299958,127.43,127.21,118.85,69.6,68.98,70.36,66.98,67.75,65.23,391555.321,180394.712,627760.546,0.0017628911414720812,-0.013051767121278788,0.0359583952451709,68.07,68.19,67.3,3019.26,2970.41,2960.29,2892.4,2943.84,2787.0,318415.3317,92082.9039,380186.5326,-0.0010790113685179169,-0.046163171047195924,0.04027846312777568,2956.41,2953.22,2816.89
2026-01-26T12:24:19,89957.39,89319.13,88860.0,89162.08,86074.72,86509.63,4226.56737,14426.22019,17766.51453,-0.02863513885181044,0.01934594479589102,0.010220145363038577,89225.34,86670.36,88347.08,1.9276,1.9168,1.946,1.91,1.8111,1.8331,2.71599999E7,9.15331103E7,1.044811536E8,-0.04111163349527242,0.03731749836565701,0.006144635260753135,1.9143,1.8356,1.9041,128.12,127.46,125.6,126.64,117.15,118.53,807419.995,4540879.449,2355751.363,-0.06571810392264758,0.0453512831299958,0.02374436574372185,127.21,118.85,124.24,68.98,70.36,70.11,67.75,65.23,66.97,180394.712,627760.546,427828.099,-0.013051767121278788,0.0359583952451709,0.004446356855995443,68.19,67.3,69.72,2970.41,2960.29,2951.21,2943.84,2787.0,2812.37,92082.9039,380186.5326,485169.3372,-0.046163171047195924,0.04027846312777568,0.03290391932704287,2953.22,2816.89,2930.35
2026-01-27T12:24:19,89319.13,88860.0,89523.16,86074.72,86509.63,87304.33,14426.22019,17766.51453,13125.40425,0.01934594479589102,0.010220145363038577,5.601120448179859E-4,86670.36,88347.08,89250.0,1.9168,1.946,1.9295,1.8111,1.8331,1.8741,9.15331103E7,1.044811536E8,6.46198271E7,0.03731749836565701,0.006144635260753135,-0.0024532832237185126,1.8356,1.9041,1.9158,127.46,125.6,127.84,117.15,118.53,123.12,4540879.449,2355751.363,2036509.042,0.0453512831299958,0.02374436574372185,-0.01446654611211576,118.85,124.24,127.19,70.36,70.11,70.49,65.23,66.97,68.64,627760.546,427828.099,325716.599,0.0359583952451709,0.004446356855995443,-0.008710552620305576,67.3,69.72,70.03,2960.29,2951.21,3035.08,2787.0,2812.37,2899.77,380186.5326,485169.3372,478792.3988,0.04027846312777568,0.03290391932704287,-0.005282859285641057,2816.89,2930.35,3026.77
2026-01-28T12:24:19,88860.0,89523.16,90600.0,86509.63,87304.33,88833.65,17766.51453,13125.40425,14332.18502,0.010220145363038577,5.601120448179859E-4,-0.05206977066850737,88347.08,89250.0,89299.99,1.946,1.9295,1.9427,1.8331,1.8741,1.8944,1.044811536E8,6.46198271E7,6.74258585E7,0.006144635260753135,-0.0024532832237185126,-0.0541572916121605,1.9041,1.9158,1.9111,125.6,127.84,128.34,118.53,123.12,124.78,2355751.363,2036509.042,1997863.528,0.02374436574372185,-0.01446654611211576,-0.060071798962903884,124.24,127.19,125.35,70.11,70.49,70.31,66.97,68.64,68.42,427828.099,325716.599,301017.18,0.004446356855995443,-0.008710552620305576,-0.04580812445980995,69.72,70.03,69.42,2951.21,3035.08,3045.78,2812.37,2899.77,2983.67,485169.3372,478792.3988,296607.6549,0.03290391932704287,-0.005282859285641057,-0.06250539727246761,2930.35,3026.77,3010.78
2026-01-29T12:24:19,89523.16,90600.0,89348.0,87304.33,88833.65,83383.33,13125.40425,14332.18502,30431.38201,5.601120448179859E-4,-0.05206977066850737,-0.0046032990368830755,89250.0,89299.99,84650.16,1.9295,1.9427,1.9134,1.8741,1.8944,1.778,6.46198271E7,6.74258585E7,1.49409911E8,-0.0024532832237185126,-0.0541572916121605,-0.04005310909493252,1.9158,1.9111,1.8076,127.84,128.34,125.51,123.12,124.78,115.39,2036509.042,1997863.528,3730613.473,-0.01446654611211576,-0.060071798962903884,-0.0019521303683584263,127.19,125.35,117.82,70.49,70.31,69.55,68.64,68.42,64.43,325716.599,301017.18,474641.116,-0.008710552620305576,-0.04580812445980995,-0.011624396135265641,70.03,69.42,66.24,3035.08,3045.78,3013.5,2899.77,2983.67,2754.53,478792.3988,296607.6549,561288.5979,-0.005282859285641057,-0.06250539727246761,-0.040817121863253265,3026.77,3010.78,2822.59
2026-01-30T12:24:19,90600.0,89348.0,84735.75,88833.65,83383.33,81118.0,14332.18502,30431.38201,35195.84793,-0.05206977066850737,-0.0046032990368830755,-0.06550401024252302,89299.99,84650.16,84260.49,1.9427,1.9134,1.8131,1.8944,1.778,1.7107,6.74258585E7,1.49409911E8,2.297203067E8,-0.0541572916121605,-0.04005310909493252,-0.05071461502996777,1.9111,1.8076,1.7352,128.34,125.51,119.12,124.78,115.39,112.14,1997863.528,3730613.473,4761006.742,-0.060071798962903884,-0.0019521303683584263,-0.10213453524959609,125.35,117.82,117.59,70.31,69.55,66.47,68.42,64.43,62.71,301017.18,474641.116,686027.282,-0.04580812445980995,-0.011624396135265641,-0.09072857797464484,69.42,66.24,65.47,3045.78,3013.5,2828.65,2983.67,2754.53,2636.01,296607.6549,561288.5979,793279.6252,-0.06250539727246761,-0.040817121863253265,-0.09434582511505599,3010.78,2822.59,2707.38
2026-01-31T12:24:19,89348.0,84735.75,84270.02,83383.33,81118.0,75719.9,30431.38201,35195.84793,39491.89133,-0.0046032990368830755,-0.06550401024252302,-0.02251530935119123,84650.16,84260.49,78741.09,1.9134,1.8131,1.7547,1.778,1.7107,1.5028,1.49409911E8,2.297203067E8,3.323694679E8,-0.04005310909493252,-0.05071461502996777,-0.03423992229237494,1.8076,1.7352,1.6472,125.51,119.12,118.85,115.39,112.14,96.4,3730613.473,4761006.742,8567398.326,-0.0019521303683584263,-0.10213453524959609,-0.04536844099261216,117.82,117.59,105.58,69.55,66.47,65.5,64.43,62.71,55.0,474641.116,686027.282,1322363.304,-0.011624396135265641,-0.09072857797464484,-0.017470183100957486,66.24,65.47,59.53,3013.5,2828.65,2714.64,2754.53,2636.01,2250.0,561288.5979,793279.6252,1113097.7132,-0.040817121863253265,-0.09434582511505599,-0.07414506821101562,2822.59,2707.38,2451.95
2026-02-01T12:24:19,84735.75,84270.02,79424.0,81118.0,75719.9,75700.0,35195.84793,39491.89133,25395.48168,-0.06550401024252302,-0.02251530935119123,0.023001704210088736,84260.49,78741.09,76968.21,1.8131,1.7547,1.6805,1.7107,1.5028,1.5526,2.297203067E8,3.323694679E8,1.82387658E8,-0.05071461502996777,-0.03423992229237494,0.018229821473472414,1.7352,1.6472,1.5908,119.12,118.85,106.69,112.14,96.4,98.02,4761006.742,8567398.326,4204256.051,-0.10213453524959609,-0.04536844099261216,0.03730528822303791,117.59,105.58,100.79,66.47,65.5,59.92,62.71,55.0,57.16,686027.282,1322363.304,614483.462,-0.09072857797464484,-0.017470183100957486,0.026158317661138675,65.47,59.53,58.49,2828.65,2714.64,2475.98,2636.01,2250.0,2222.0,793279.6252,1113097.7132,1026573.9466,-0.09434582511505599,-0.07414506821101562,0.03386119859921145,2707.38,2451.95,2270.15
2026-02-02T12:24:19,84270.02,79424.0,79360.0,75719.9,75700.0,74604.0,39491.89133,25395.48168,42273.59016,-0.02251530935119123,0.023001704210088736,-0.037699420906719,78741.09,76968.21,78738.61,1.7547,1.6805,1.6571,1.5028,1.5526,1.5307,3.323694679E8,1.82387658E8,2.181073047E8,-0.03423992229237494,0.018229821473472414,-0.025126558834423978,1.6472,1.5908,1.6198,118.85,106.69,106.12,96.4,98.02,95.95,8567398.326,4204256.051,5574032.681,-0.04536844099261216,0.03730528822303791,-0.06370157819225249,105.58,100.79,104.55,65.5,59.92,61.17,55.0,57.16,56.51,1322363.304,614483.462,649668.505,-0.017470183100957486,0.026158317661138675,-0.008997000999666882,59.53,58.49,60.02,2714.64,2475.98,2396.62,2250.0,2222.0,2157.14,1113097.7132,1026573.9466,1248535.2114,-0.07414506821101562,0.03386119859921145,-0.048273981474380355,2451.95,2270.15,2347.02
2026-02-03T12:24:19,79424.0,79360.0,79186.81,75700.0,74604.0,72945.5,25395.48168,42273.59016,39120.10889,0.023001704210088736,-0.037699420906719,-0.034372083698857435,76968.21,78738.61,75770.21,1.6805,1.6571,1.6339,1.5526,1.5307,1.5274,1.82387658E8,2.181073047E8,1.905530424E8,0.018229821473472414,-0.025126558834423978,-0.042492559052624876,1.5908,1.6198,1.5791,106.69,106.12,105.1,98.02,95.95,96.64,4204256.051,5574032.681,4514018.115,0.03730528822303791,-0.06370157819225249,-0.05894371233016647,100.79,104.55,97.89,59.92,61.17,61.38,57.16,56.51,56.87,614483.462,649668.505,607480.409,0.026158317661138675,-0.008997000999666882,-0.0099193006052454,58.49,60.02,59.48,2475.98,2396.62,2359.88,2222.0,2157.14,2110.0,1026573.9466,1248535.2114,1321099.3867,0.03386119859921145,-0.048273981474380355,-0.0382590476872659,2270.15,2347.02,2233.72
2026-02-04T12:24:19,79360.0,79186.81,76971.52,74604.0,72945.5,71888.0,42273.59016,39120.10889,38375.36,-0.037699420906719,-0.034372083698857435,-0.14017431361060212,78738.61,75770.21,73165.83,1.6571,1.6339,1.6122,1.5307,1.5274,1.4948,2.181073047E8,1.905530424E8,1.943867029E8,-0.025126558834423978,-0.042492559052624876,-0.19669312169312175,1.6198,1.5791,1.512,106.12,105.1,99.67,95.95,96.64,89.3,5574032.681,4514018.115,6251459.371,-0.06370157819225249,-0.05894371233016647,-0.14947894051237526,104.55,97.89,92.12,61.17,61.38,60.99,56.51,56.87,57.07,649668.505,607480.409,610711.727,-0.008997000999666882,-0.0099193006052454,-0.13754457463066738,60.02,59.48,58.89,2396.62,2359.88,2295.74,2157.14,2110.0,2076.68,1248535.2114,1321099.3867,1264743.43,-0.048273981474380355,-0.0382590476872659,-0.14962341616005523,2347.02,2233.72,2148.26
2026-02-05T12:24:19,79186.81,76971.52,73341.18,72945.5,71888.0,62345.0,39120.10889,38375.36,106298.82899,-0.034372083698857435,-0.14017431361060212,0.12192683309102888,75770.21,73165.83,62909.86,1.6339,1.6122,1.5154,1.5274,1.4948,1.1371,1.905530424E8,1.943867029E8,7.44109671E8,-0.042492559052624876,-0.19669312169312175,0.21011032438662944,1.5791,1.512,1.2146,105.1,99.67,93.43,96.64,89.3,77.6,4514018.115,6251459.371,1.024335548E7,-0.05894371233016647,-0.14947894051237526,0.11627313337587747,97.89,92.12,78.35,61.38,60.99,59.49,56.87,57.07,50.18,607480.409,610711.727,1590945.035,-0.0099193006052454,-0.13754457463066738,0.08328411104548147,59.48,58.89,50.79,2359.88,2295.74,2173.77,2110.0,2076.68,1818.18,1321099.3867,1264743.43,1952286.6951,-0.0382590476872659,-0.14962341616005523,0.1294865970013631,2233.72,2148.26,1826.83
2026-02-06T12:24:19,76971.52,73341.18,71751.33,71888.0,62345.0,60000.0,38375.36,106298.82899,92539.21531,-0.14017431361060212,0.12192683309102888,-0.018289533079078914,73165.83,62909.86,70580.26,1.6122,1.5154,1.5442,1.4948,1.1371,1.1172,1.943867029E8,7.44109671E8,7.081228008E8,-0.19669312169312175,0.21011032438662944,-0.0317730303442645,1.512,1.2146,1.4698,99.67,93.43,89.84,89.3,77.6,67.5,6251459.371,1.024335548E7,1.1811095766E7,-0.14947894051237526,0.11627313337587747,0.0014863937800138312,92.12,78.35,87.46,60.99,59.49,56.47,57.07,50.18,45.07,610711.727,1590945.035,1678612.362,-0.13754457463066738,0.08328411104548147,0.003089785532533526,58.89,50.79,55.02,2295.74,2173.77,2093.94,2076.68,1818.18,1747.8,1264743.43,1952286.6951,2102311.5573,-0.14962341616005523,0.1294865970013631,0.011486008393994232,2148.26,1826.83,2063.38
2026-02-07T12:24:19,73341.18,71751.33,71690.07,62345.0,60000.0,67300.0,106298.82899,92539.21531,44255.48036,0.12192683309102888,-0.018289533079078914,0.015023947392803917,62909.86,70580.26,69289.38,1.5154,1.5442,1.4879,1.1371,1.1172,1.3858,7.44109671E8,7.081228008E8,2.743103403E8,0.21011032438662944,-0.0317730303442645,0.00541072306935566,1.2146,1.4698,1.4231,93.43,89.84,89.2,77.6,67.5,84.16,1.024335548E7,1.1811095766E7,4486649.48,0.11627313337587747,0.0014863937800138312,-0.00685009704304154,78.35,87.46,87.59,59.49,56.47,56.0,50.18,45.07,52.86,1590945.035,1678612.362,807072.496,0.08328411104548147,0.003089785532533526,-0.011958688168146343,50.79,55.02,55.19,2173.77,2093.94,2121.7,1818.18,1747.8,1994.57,1952286.6951,2102311.5573,1142616.4487,0.1294865970013631,0.011486008393994232,0.0012745079249477042,1826.83,2063.38,2087.08
2026-02-08T12:24:19,71751.33,71690.07,72271.41,60000.0,67300.0,68888.0,92539.21531,44255.48036,21420.53168,-0.018289533079078914,0.015023947392803917,-0.0027353755233514255,70580.26,69289.38,70330.38,1.5442,1.4879,1.4703,1.1172,1.3858,1.4099,7.081228008E8,2.743103403E8,1.260126184E8,-0.0317730303442645,0.00541072306935566,0.004333240145373206,1.4698,1.4231,1.4308,89.84,89.2,89.08,67.5,84.16,85.77,1.1811095766E7,4486649.48,2534998.683,0.0014863937800138312,-0.00685009704304154,-0.0025290263248649142,87.46,87.59,86.99,56.47,56.0,55.88,45.07,52.86,53.65,1678612.362,807072.496,374171.837,0.003089785532533526,-0.011958688168146343,-0.001467082339996301,55.02,55.19,54.53,2093.94,2121.7,2152.03,1747.8,1994.57,2064.1,2102311.5573,1142616.4487,482837.2515,0.011486008393994232,0.0012745079249477042,0.00731191440083465,2063.38,2087.08,2089.74
2026-02-09T12:24:19,71690.07,72271.41,71453.53,67300.0,68888.0,68308.0,44255.48036,21420.53168,29152.72842,0.015023947392803917,-0.0027353755233514255,-0.018487980837777047,69289.38,70330.38,70138.0,1.4879,1.4703,1.4642,1.3858,1.4099,1.3728,2.743103403E8,1.260126184E8,1.685462818E8,0.00541072306935566,0.004333240145373206,-0.02581767571329167,1.4231,1.4308,1.437,89.2,89.08,88.69,84.16,85.77,82.86,4486649.48,2534998.683,3667652.416,-0.00685009704304154,-0.0025290263248649142,-0.04356344358649304,87.59,86.99,86.77,56.0,55.88,55.13,52.86,53.65,52.36,807072.496,374171.837,393768.113,-0.011958688168146343,-0.001467082339996301,-0.019651056014692383,55.19,54.53,54.45,2121.7,2152.03,2147.73,1994.57,2064.1,2008.62,1142616.4487,482837.2515,625378.5569,0.0012745079249477042,0.00731191440083465,-0.03912076844875579,2087.08,2089.74,2105.02
2026-02-10T12:24:19,72271.41,71453.53,70527.59,68888.0,68308.0,67800.0,21420.53168,29152.72842,20373.77072,-0.0027353755233514255,-0.018487980837777047,-0.025548184817570818,70330.38,70138.0,68841.29,1.4703,1.4642,1.4532,1.4099,1.3728,1.3916,1.260126184E8,1.685462818E8,1.133993737E8,0.004333240145373206,-0.02581767571329167,-0.021572969497821278,1.4308,1.437,1.3999,89.08,88.69,87.49,85.77,82.86,81.91,2534998.683,3667652.416,2975212.105,-0.0025290263248649142,-0.04356344358649304,-0.044463188335944065,86.99,86.77,82.99,55.88,55.13,54.68,53.65,52.36,52.84,374171.837,393768.113,289989.059,-0.001467082339996301,-0.019651056014692383,-0.01985762457849386,54.53,54.45,53.38,2152.03,2147.73,2124.71,2064.1,2008.62,1989.38,482837.2515,625378.5569,574321.6908,0.00731191440083465,-0.03912076844875579,-0.040288331759506,2089.74,2105.02,2022.67
2026-02-11T12:24:19,71453.53,70527.59,69292.88,68308.0,67800.0,65756.0,29152.72842,20373.77072,28718.24602,-0.018487980837777047,-0.025548184817570818,-0.012079898012179712,70138.0,68841.29,67082.52,1.4642,1.4532,1.4205,1.3728,1.3916,1.3421,1.685462818E8,1.133993737E8,1.726962637E8,-0.02581767571329167,-0.021572969497821278,-0.004526538658100302,1.437,1.3999,1.3697,88.69,87.49,84.39,82.86,81.91,78.04,3667652.416,2975212.105,3814913.32,-0.04356344358649304,-0.044463188335944065,-0.011349306431273538,86.77,82.99,79.3,55.13,54.68,53.71,52.36,52.84,51.0,393768.113,289989.059,428953.94,-0.019651056014692383,-0.01985762457849386,0.015863914373088654,54.45,53.38,52.32,2147.73,2124.71,2032.31,2008.62,1989.38,1903.19,625378.5569,574321.6908,529655.8177,-0.03912076844875579,-0.040288331759506,0.003436054358688965,2105.02,2022.67,1941.18
2026-02-12T12:24:19,70527.59,69292.88,68410.52,67800.0,65756.0,65118.0,20373.77072,28718.24602,24271.74283,-0.025548184817570818,-0.012079898012179712,0.03895737833844898,68841.29,67082.52,66272.17,1.4532,1.4205,1.4082,1.3916,1.3421,1.3461,1.133993737E8,1.726962637E8,1.168562641E8,-0.021572969497821278,-0.004526538658100302,0.031976530986432036,1.3999,1.3697,1.3635,87.49,84.39,82.25,81.91,78.04,76.6,2975212.105,3814913.32,3196230.117,-0.044463188335944065,-0.011349306431273538,0.07563775510204071,82.99,79.3,78.4,54.68,53.71,53.81,52.84,51.0,51.51,289989.059,428953.94,340264.81,-0.01985762457849386,0.015863914373088654,0.03537158984007531,53.38,52.32,53.15,2124.71,2032.31,2001.42,1989.38,1903.19,1897.24,574321.6908,529655.8177,427567.1469,-0.040288331759506,0.003436054358688965,0.0517853017429473,2022.67,1941.18,1947.85
2026-02-13T12:24:19,69292.88,68410.52,69482.97,65756.0,65118.0,65872.46,28718.24602,24271.74283,20244.54955,-0.012079898012179712,0.03895737833844898,0.01407311939647321,67082.52,66272.17,68853.96,1.4205,1.4082,1.4285,1.3421,1.3461,1.3485,1.726962637E8,1.168562641E8,1.250277394E8,-0.004526538658100302,0.031976530986432036,0.07270272191031203,1.3697,1.3635,1.4071,84.39,82.25,85.63,78.04,76.6,77.53,3814913.32,3196230.117,3370390.272,-0.011349306431273538,0.07563775510204071,0.04423099727261952,79.3,78.4,84.33,53.71,53.81,55.7,51.0,51.51,52.36,428953.94,340264.81,376571.893,0.015863914373088654,0.03537158984007531,0.017445029983645298,52.32,53.15,55.03,2032.31,2001.42,2073.68,1903.19,1897.24,1924.72,529655.8177,427567.1469,425649.7698,0.003436054358688965,0.0517853017429473,0.01848471240579501,1941.18,1947.85,2048.72
2026-02-14T12:24:19,68410.52,69482.97,70560.01,65118.0,65872.46,68730.13,24271.74283,20244.54955,18114.78393,0.03895737833844898,0.01407311939647321,-0.014184018291979864,66272.17,68853.96,69822.95,1.4082,1.4285,1.5138,1.3461,1.3485,1.4051,1.168562641E8,1.250277394E8,1.131405384E8,0.031976530986432036,0.07270272191031203,-0.022591758314562088,1.3635,1.4071,1.5094,82.25,85.63,88.9,76.6,77.53,84.21,3196230.117,3370390.272,2698607.215,0.07563775510204071,0.04423099727261952,-0.021576198046786347,78.4,84.33,88.06,53.81,55.7,56.66,51.51,52.36,54.88,340264.81,376571.893,322012.369,0.03537158984007531,0.017445029983645298,-0.01625290230398292,53.15,55.03,55.99,2001.42,2073.68,2107.67,1897.24,1924.72,2042.37,427567.1469,425649.7698,220677.2355,0.0517853017429473,0.01848471240579501,-0.057514892719700665,1947.85,2048.72,2086.59
2026-02-15T12:24:19,69482.97,70560.01,70983.0,65872.46,68730.13,68000.0,20244.54955,18114.78393,22290.05208,0.01407311939647321,-0.014184018291979864,8.695010415124824E-4,68853.96,69822.95,68832.58,1.4285,1.5138,1.6714,1.3485,1.4051,1.445,1.250277394E8,1.131405384E8,2.993064724E8,0.07270272191031203,-0.022591758314562088,0.008337287331390211,1.4071,1.5094,1.4753,85.63,88.9,91.26,77.53,84.21,84.89,3370390.272,2698607.215,3929085.4,0.04423099727261952,-0.021576198046786347,0.003365831012070639,84.33,88.06,86.16,55.7,56.66,56.68,52.36,54.88,54.18,376571.893,322012.369,375205.526,0.017445029983645298,-0.01625290230398292,9.077705156137303E-4,55.03,55.99,55.08,2073.68,2107.67,2103.32,1924.72,2042.37,1928.88,425649.7698,220677.2355,834778.0952,0.01848471240579501,-0.057514892719700665,0.01614477926145898,2048.72,2086.59,1966.58
2026-02-16T12:24:19,70560.01,70983.0,70126.67,68730.13,68000.0,67294.11,18114.78393,22290.05208,15515.76534,-0.014184018291979864,8.695010415124824E-4,-0.020160560456351867,69822.95,68832.58,68892.43,1.5138,1.6714,1.5171,1.4051,1.445,1.4485,1.131405384E8,2.993064724E8,1.45403123E8,-0.022591758314562088,0.008337287331390211,-0.008940575423501,1.5094,1.4753,1.4876,88.9,91.26,86.93,84.21,84.89,82.55,2698607.215,3929085.4,3559751.811,-0.021576198046786347,0.003365831012070639,-0.01584731058415274,88.06,86.16,86.45,56.66,56.68,55.65,54.88,54.18,53.33,322012.369,375205.526,393363.556,-0.01625290230398292,9.077705156137303E-4,-0.02122256484672595,55.99,55.08,55.13,2107.67,2103.32,2023.51,2042.37,1928.88,1937.24,220677.2355,834778.0952,351347.9433,-0.057514892719700665,0.01614477926145898,-0.0033377870521885,2086.59,1966.58,1998.33
2026-02-17T12:24:19,70983.0,70126.67,69241.5,68000.0,67294.11,66621.06,22290.05208,15515.76534,16489.06921,8.695010415124824E-4,-0.020160560456351867,-0.015443935368111233,68832.58,68892.43,67503.52,1.6714,1.5171,1.495,1.445,1.4485,1.4268,2.993064724E8,1.45403123E8,9.883839E7,0.008337287331390211,-0.008940575423501,-0.03554229125686767,1.4753,1.4876,1.4743,91.26,86.93,87.69,84.89,82.55,82.92,3929085.4,3559751.811,2774655.865,0.003365831012070639,-0.01584731058415274,-0.040785143394452265,86.16,86.45,85.08,56.68,55.65,55.85,54.18,53.33,53.17,375205.526,393363.556,357538.905,9.077705156137303E-4,-0.02122256484672595,-0.011860637509266133,55.08,55.13,53.96,2103.32,2023.51,2015.33,1928.88,1937.24,1941.66,834778.0952,351347.9433,406246.9427,0.01614477926145898,-0.0033377870521885,-0.017949850878161935,1966.58,1998.33,1991.66
2026-02-18T12:24:19,70126.67,69241.5,68476.22,67294.11,66621.06,65870.0,15515.76534,16489.06921,15492.43839,-0.020160560456351867,-0.015443935368111233,0.008166142549765967,68892.43,67503.52,66461.0,1.5171,1.495,1.4943,1.4485,1.4268,1.4102,1.45403123E8,9.883839E7,8.58318539E7,-0.008940575423501,-0.03554229125686767,-0.010619593501652641,1.4876,1.4743,1.4219,86.93,87.69,86.09,82.55,82.92,80.48,3559751.811,2774655.865,3137603.97,-0.01584731058415274,-0.040785143394452265,0.01090552628354369,86.45,85.08,81.61,55.65,55.85,54.93,53.33,53.17,52.95,393363.556,357538.905,260302.801,-0.02122256484672595,-0.011860637509266133,-0.011627906976744137,55.13,53.96,53.32,2023.51,2015.33,2039.05,1937.24,1941.66,1923.78,351347.9433,406246.9427,393639.0086,-0.0033377870521885,-0.017949850878161935,-0.003491980714859147,1998.33,1991.66,1955.91
2026-02-19T12:24:19,69241.5,68476.22,67320.0,66621.06,65870.0,65631.83,16489.06921,15492.43839,14542.26988,-0.015443935368111233,0.008166142549765967,0.015167513808559597,67503.52,66461.0,67003.73,1.495,1.4943,1.4381,1.4268,1.4102,1.382,9.883839E7,8.58318539E7,1.082596771E8,-0.03554229125686767,-0.010619593501652641,0.015922661359112862,1.4743,1.4219,1.4068,87.69,86.09,82.67,82.92,80.48,79.61,2774655.865,3137603.97,2848277.49,-0.040785143394452265,0.01090552628354369,0.026303030303030325,85.08,81.61,82.5,55.85,54.93,53.73,53.17,52.95,51.42,357538.905,260302.801,266659.855,-0.011860637509266133,-0.011627906976744137,0.04724857685009478,53.96,53.32,52.7,2015.33,2039.05,1987.55,1941.66,1923.78,1907.0,406246.9427,393639.0086,300257.0733,-0.017949850878161935,-0.003491980714859147,0.010158638947606144,1991.66,1955.91,1949.08
2026-02-20T12:24:19,68476.22,67320.0,68318.39,65870.0,65631.83,66280.2,15492.43839,14542.26988,35351.87091,0.008166142549765967,0.015167513808559597,-6.480445974648011E-4,66461.0,67003.73,68020.01,1.4943,1.4381,1.4389,1.4102,1.382,1.3775,8.58318539E7,1.082596771E8,1.237097044E8,-0.010619593501652641,0.015922661359112862,8.396305625523844E-4,1.4219,1.4068,1.4292,86.09,82.67,85.49,80.48,79.61,81.77,3137603.97,2848277.49,3754556.759,0.01090552628354369,0.026303030303030325,0.005905279319711822,81.61,82.5,84.67,54.93,53.73,55.47,52.95,51.42,52.66,260302.801,266659.855,463361.849,-0.011627906976744137,0.04724857685009478,-0.005254575104185526,53.32,52.7,55.19,2039.05,1987.55,1981.18,1923.78,1907.0,1922.97,393639.0086,300257.0733,386253.5557,-0.003491980714859147,0.010158638947606144,0.002270326276867965,1955.91,1949.08,1968.88
2026-02-21T12:24:19,67320.0,68318.39,68698.7,65631.83,66280.2,67534.69,14542.26988,35351.87091,8032.84131,0.015167513808559597,-6.480445974648011E-4,-0.004891878639983283,67003.73,68020.01,67975.93,1.4381,1.4389,1.4642,1.382,1.3775,1.4198,1.082596771E8,1.237097044E8,5.39979203E7,0.015922661359112862,8.396305625523844E-4,-0.026006711409395904,1.4068,1.4292,1.4304,82.67,85.49,86.72,79.61,81.77,83.97,2848277.49,3754556.759,1780748.862,0.026303030303030325,0.005905279319711822,-0.027944111776447053,82.5,84.67,85.17,53.73,55.47,56.01,51.42,52.66,54.82,266659.855,463361.849,242511.391,0.04724857685009478,-0.005254575104185526,-0.02586520947176688,52.7,55.19,54.9,1987.55,1981.18,1995.56,1907.0,1922.97,1955.62,300257.0733,386253.5557,179173.8456,0.010158638947606144,0.002270326276867965,-0.007869865963969885,1949.08,1968.88,1973.35
2026-02-22T12:24:19,68318.39,68698.7,68245.0,66280.2,67534.69,67190.0,35351.87091,8032.84131,8175.13484,-6.480445974648011E-4,-0.004891878639983283,-0.04416365824308059,68020.01,67975.93,67643.4,1.4389,1.4642,1.4338,1.3775,1.4198,1.38,1.237097044E8,5.39979203E7,6.1166336E7,8.396305625523844E-4,-0.026006711409395904,-0.029715762273901884,1.4292,1.4304,1.3932,85.49,86.72,85.6,81.77,83.97,82.48,3754556.759,1780748.862,1798852.596,0.005905279319711822,-0.027944111776447053,-0.05906510448121754,84.67,85.17,82.79,55.47,56.01,54.92,52.66,54.82,52.94,463361.849,242511.391,231209.383,-0.005254575104185526,-0.02586520947176688,-0.03982797307404629,55.19,54.9,53.48,1981.18,1995.56,1983.13,1922.97,1955.62,1935.0,386253.5557,179173.8456,155325.6482,0.002270326276867965,-0.007869865963969885,-0.05185359226077984,1968.88,1973.35,1957.82
2026-02-23T12:24:19,68698.7,68245.0,67684.86,67534.69,67190.0,63888.79,8032.84131,8175.13484,33075.90923,-0.004891878639983283,-0.04416365824308059,-0.009246934778849601,67975.93,67643.4,64656.02,1.4642,1.4338,1.4248,1.4198,1.38,1.3301,5.39979203E7,6.1166336E7,1.888957004E8,-0.026006711409395904,-0.029715762273901884,-0.0026631158455391523,1.4304,1.3932,1.3518,86.72,85.6,82.85,83.97,82.48,77.15,1780748.862,1798852.596,5163373.383,-0.027944111776447053,-0.05906510448121754,0.01399229781771488,85.17,82.79,77.9,56.01,54.92,53.55,54.82,52.94,50.72,242511.391,231209.383,349970.204,-0.02586520947176688,-0.03982797307404629,-0.0038948393378773678,54.9,53.48,51.35,1995.56,1983.13,1958.33,1955.62,1935.0,1837.13,179173.8456,155325.6482,547359.4869,-0.007869865963969885,-0.05185359226077984,-0.0023487582826051284,1973.35,1957.82,1856.3
2026-02-24T12:24:19,68245.0,67684.86,65026.75,67190.0,63888.79,62510.28,8175.13484,33075.90923,23102.83622,-0.04416365824308059,-0.009246934778849601,0.06134879012272431,67643.4,64656.02,64058.15,1.4338,1.4248,1.3676,1.38,1.3301,1.3124,6.1166336E7,1.888957004E8,1.392395718E8,-0.029715762273901884,-0.0026631158455391523,0.06356623646343264,1.3932,1.3518,1.3482,85.6,82.85,79.62,82.48,77.15,75.63,1798852.596,5163373.383,3592828.376,-0.05906510448121754,0.01399229781771488,0.11482466134953802,82.79,77.9,78.99,54.92,53.55,51.9,52.94,50.72,50.18,231209.383,349970.204,376143.687,-0.03982797307404629,-0.0038948393378773678,0.1096774193548387,53.48,51.35,51.15,1983.13,1958.33,1869.58,1935.0,1837.13,1800.0,155325.6482,547359.4869,438064.0284,-0.05185359226077984,-0.0023487582826051284,0.11098631705130833,1957.82,1856.3,1851.94
2026-02-25T12:24:19,67684.86,65026.75,69988.83,63888.79,62510.28,63913.27,33075.90923,23102.83622,30749.99259,-0.009246934778849601,0.06134879012272431,-0.007396300878801634,64656.02,64058.15,67988.04,1.4248,1.3676,1.4935,1.3301,1.3124,1.3404,1.888957004E8,1.392395718E8,2.450885052E8,-0.0026631158455391523,0.06356623646343264,-0.021758839528558404,1.3518,1.3482,1.4339,82.85,79.62,92.1,77.15,75.63,78.73,5163373.383,3592828.376,5632749.415,0.01399229781771488,0.11482466134953802,-0.02441517147399507,77.9,78.99,88.06,53.55,51.9,59.0,50.72,50.18,51.03,349970.204,376143.687,683585.789,-0.0038948393378773678,0.1096774193548387,-0.020084566596194516,51.35,51.15,56.76,1958.33,1869.58,2148.39,1837.13,1800.0,1846.74,547359.4869,438064.0284,682979.4378,-0.0023487582826051284,0.11098631705130833,-0.014483737387483696,1856.3,1851.94,2057.48
2026-02-26T12:24:19,65026.75,69988.83,68860.0,62510.28,63913.27,66500.0,23102.83622,30749.99259,20737.77792,0.06134879012272431,-0.007396300878801634,-0.023902729458526856,64058.15,67988.04,67485.18,1.3676,1.4935,1.4691,1.3124,1.3404,1.3827,1.392395718E8,2.450885052E8,1.608291418E8,0.06356623646343264,-0.021758839528558404,-0.03315035289085334,1.3482,1.4339,1.4027,79.62,92.1,89.27,75.63,78.73,84.34,3592828.376,5632749.415,3356890.979,0.11482466134953802,-0.02441517147399507,-0.04725875916656969,78.99,88.06,85.91,51.9,59.0,57.09,50.18,51.03,54.42,376143.687,683585.789,339639.683,0.1096774193548387,-0.020084566596194516,-0.019057892844300525,51.15,56.76,55.62,1869.58,2148.39,2083.33,1800.0,1846.74,1975.35,438064.0284,682979.4378,439783.3566,0.11098631705130833,-0.014483737387483696,-0.04825218969462644,1851.94,2057.48,2027.68
2026-02-27T12:24:19,69988.83,68860.0,68216.8,63913.27,66500.0,64914.46,30749.99259,20737.77792,21228.58424,-0.007396300878801634,-0.023902729458526856,0.016716637240956168,67988.04,67485.18,65872.1,1.4935,1.4691,1.4262,1.3404,1.3827,1.3386,2.450885052E8,1.608291418E8,1.651081686E8,-0.021758839528558404,-0.03315035289085334,0.014747087450228593,1.4339,1.4027,1.3562,92.1,89.27,88.29,78.73,84.34,80.32,5632749.415,3356890.979,3370499.359,-0.02441517147399507,-0.04725875916656969,0.030543677458766037,88.06,85.91,81.85,59.0,57.09,56.39,51.03,54.42,53.42,683585.789,339639.683,305470.267,-0.020084566596194516,-0.019057892844300525,-0.0029325513196481615,56.76,55.62,54.56,2148.39,2083.33,2063.52,1846.74,1975.35,1887.0,682979.4378,439783.3566,428687.234,-0.014483737387483696,-0.04825218969462644,0.01796521991460436,2057.48,2027.68,1929.84
2026-02-28T12:24:19,68860.0,68216.8,67760.0,66500.0,64914.46,63030.0,20737.77792,21228.58424,22548.71649,-0.023902729458526856,0.016716637240956168,-0.01786966917841529,67485.18,65872.1,66973.26,1.4691,1.4262,1.3931,1.3827,1.3386,1.27,1.608291418E8,1.651081686E8,2.299896797E8,-0.03315035289085334,0.014747087450228593,-0.017293997965412033,1.4027,1.3562,1.3762,89.27,88.29,85.65,84.34,80.32,77.12,3356890.979,3370499.359,4737699.879,-0.04725875916656969,0.030543677458766037,-0.008891523414344992,85.91,81.85,84.35,57.09,56.39,54.96,54.42,53.42,51.47,339639.683,305470.267,383397.838,-0.019057892844300525,-0.0029325513196481615,-0.021323529411764644,55.62,54.56,54.4,2083.33,2063.52,1984.99,1975.35,1887.0,1835.36,439783.3566,428687.234,461680.9835,-0.04825218969462644,0.01796521991460436,-0.012624013112684565,2027.68,1929.84,1964.51
2026-03-01T12:24:19,68216.8,67760.0,68199.99,64914.46,63030.0,65056.0,21228.58424,22548.71649,23201.85859,0.016716637240956168,-0.01786966917841529,0.046423743931530474,65872.1,66973.26,65776.47,1.4262,1.3931,1.4333,1.3386,1.27,1.3369,1.651081686E8,2.299896797E8,1.779413269E8,0.014747087450228593,-0.017293997965412033,0.02780242531795316,1.3562,1.3762,1.3524,88.29,85.65,88.9,80.32,77.12,81.69,3370499.359,4737699.879,4435194.222,0.030543677458766037,-0.008891523414344992,0.03636363636363644,81.85,84.35,83.6,56.39,54.96,55.53,53.42,51.47,52.47,305470.267,383397.838,299256.409,-0.0029325513196481615,-0.021323529411764644,0.025732531930878988,54.56,54.4,53.24,2063.52,1984.99,2054.8,1887.0,1835.36,1907.41,428687.234,461680.9835,529196.8464,0.01796521991460436,-0.012624013112684565,0.045182011744023524,1929.84,1964.51,1939.71
2026-03-02T12:24:19,67760.0,68199.99,70096.0,63030.0,65056.0,65259.21,22548.71649,23201.85859,32010.38431,-0.01786966917841529,0.046423743931530474,-0.007148911391331021,66973.26,65776.47,68830.06,1.3931,1.4333,1.423,1.27,1.3369,1.3341,2.299896797E8,1.779413269E8,1.668020778E8,-0.017293997965412033,0.02780242531795316,-0.0210791366906474,1.3762,1.3524,1.39,85.65,88.9,90.29,77.12,81.69,82.37,4737699.879,4435194.222,5123433.26,-0.008891523414344992,0.03636363636363644,0.003808864265927958,84.35,83.6,86.64,54.96,55.53,55.72,51.47,52.47,52.95,383397.838,299256.409,462228.194,-0.021323529411764644,0.025732531930878988,0.0027467496795458447,54.4,53.24,54.61,1984.99,2054.8,2090.0,1835.36,1907.41,1920.0,461680.9835,529196.8464,577406.3749,-0.012624013112684565,0.045182011744023524,-0.021974498729869018,1964.51,1939.71,2027.35
2026-03-03T12:24:19,68199.99,70096.0,69258.08,65056.0,65259.21,66158.0,23201.85859,32010.38431,24972.2418,0.046423743931530474,-0.007148911391331021,0.06334352775907992,65776.47,68830.06,68338.0,1.4333,1.423,1.3953,1.3369,1.3341,1.3366,1.779413269E8,1.668020778E8,1.356028974E8,0.02780242531795316,-0.0210791366906474,0.051591092819872154,1.3524,1.39,1.3607,88.9,90.29,87.46,81.69,82.37,82.5,4435194.222,5123433.26,4136742.745,0.03636363636363644,0.003808864265927958,0.044613084971829316,83.6,86.64,86.97,55.53,55.72,55.26,52.47,52.95,53.02,299256.409,462228.194,439975.97,0.025732531930878988,0.0027467496795458447,0.036705624543462476,53.24,54.61,54.76,2054.8,2090.0,2041.48,1907.41,1920.0,1929.56,529196.8464,577406.3749,509329.8534,0.045182011744023524,-0.021974498729869018,0.0728666532176721,1939.71,2027.35,1982.8
2026-03-04T12:24:19,70096.0,69258.08,74050.0,65259.21,66158.0,67400.0,32010.38431,24972.2418,44919.0761,-0.007148911391331021,0.06334352775907992,-0.024441020290292288,68830.06,68338.0,72666.77,1.423,1.3953,1.4732,1.3341,1.3366,1.3452,1.668020778E8,1.356028974E8,2.380257792E8,-0.0210791366906474,0.051591092819872154,-0.01900901530505284,1.39,1.3607,1.4309,90.29,87.46,94.05,82.37,82.5,84.78,5123433.26,4136742.745,6329931.383,0.003808864265927958,0.044613084971829316,-0.02289488167308749,86.64,86.97,90.85,55.72,55.26,57.66,52.95,53.02,54.3,462228.194,439975.97,528737.562,0.0027467496795458447,0.036705624543462476,-0.023075568081733347,54.61,54.76,56.77,2090.0,2041.48,2199.0,1920.0,1929.56,1945.08,577406.3749,509329.8534,737644.8152,-0.021974498729869018,0.0728666532176721,-0.025581963822345937,2027.35,1982.8,2127.28
2026-03-05T12:24:19,69258.08,74050.0,73558.15,66158.0,67400.0,70645.47,24972.2418,44919.0761,26590.51253,0.06334352775907992,-0.024441020290292288,-0.039168737459571536,68338.0,72666.77,70890.72,1.3953,1.4732,1.4525,1.3366,1.3452,1.396,1.356028974E8,2.380257792E8,1.181689922E8,0.051591092819872154,-0.01900901530505284,-0.028781078578043736,1.3607,1.4309,1.4037,87.46,94.05,92.96,82.5,84.78,87.91,4136742.745,6329931.383,3753710.608,0.044613084971829316,-0.02289488167308749,-0.04584882280049559,86.97,90.85,88.77,55.26,57.66,57.27,53.02,54.3,55.03,439975.97,528737.562,390267.224,0.036705624543462476,-0.023075568081733347,-0.029751172015867265,54.76,56.77,55.46,2041.48,2199.0,2163.66,1929.56,1945.08,2054.75,509329.8534,737644.8152,432157.8126,0.0728666532176721,-0.025581963822345937,-0.04543480987620971,1982.8,2127.28,2072.86
2026-03-06T12:24:19,74050.0,73558.15,71419.98,67400.0,70645.47,67744.78,44919.0761,26590.51253,22629.88722,-0.024441020290292288,-0.039168737459571536,-0.012495371731106174,72666.77,70890.72,68114.02,1.4732,1.4525,1.4148,1.3452,1.396,1.346,2.380257792E8,1.181689922E8,1.138479789E8,-0.01900901530505284,-0.028781078578043736,-0.004841194161226392,1.4309,1.4037,1.3633,94.05,92.96,89.31,84.78,87.91,83.64,6329931.383,3753710.608,3135324.642,-0.02289488167308749,-0.04584882280049559,-0.017473435655253885,90.85,88.77,84.7,57.66,57.27,55.89,54.3,55.03,53.12,528737.562,390267.224,299754.686,-0.023075568081733347,-0.029751172015867265,-0.004274298457535848,56.77,55.46,53.81,2199.0,2163.66,2093.33,1945.08,2054.75,1955.95,737644.8152,432157.8126,411597.7569,-0.025581963822345937,-0.04543480987620971,-0.004593971738734988,2127.28,2072.86,1978.68
2026-03-07T12:24:19,73558.15,71419.98,68551.04,70645.47,67744.78,66915.26,26590.51253,22629.88722,12719.54315,-0.039168737459571536,-0.012495371731106174,-0.019203897066005712,70890.72,68114.02,67262.91,1.4525,1.4148,1.3749,1.396,1.346,1.3468,1.181689922E8,1.138479789E8,4.77766373E7,-0.028781078578043736,-0.004841194161226392,-0.012309279870273412,1.4037,1.3633,1.3567,92.96,89.31,85.07,87.91,83.64,82.28,3753710.608,3135324.642,1465281.721,-0.04584882280049559,-0.017473435655253885,-0.019586637827445273,88.77,84.7,83.22,57.27,55.89,54.29,55.03,53.12,53.21,390267.224,299754.686,262288.031,-0.029751172015867265,-0.004274298457535848,-0.018477043673012224,55.46,53.81,53.58,2163.66,2093.33,1996.04,2054.75,1955.95,1948.09,432157.8126,411597.7569,184459.82,-0.04543480987620971,-0.004593971738734988,-0.01649581892678172,2072.86,1978.68,1969.59
2026-03-08T12:24:19,71419.98,68551.04,68200.0,67744.78,66915.26,65618.49,22629.88722,12719.54315,21593.63901,-0.012495371731106174,-0.019203897066005712,0.037303550640279494,68114.02,67262.91,65971.2,1.4148,1.3749,1.3712,1.346,1.3468,1.3218,1.138479789E8,4.77766373E7,7.98256437E7,-0.004841194161226392,-0.012309279870273412,0.017238805970149176,1.3633,1.3567,1.34,89.31,85.07,84.13,83.64,82.28,80.26,3135324.642,1465281.721,2102965.687,-0.017473435655253885,-0.019586637827445273,0.04130408138252225,84.7,83.22,81.59,55.89,54.29,53.94,53.12,53.21,51.88,299754.686,262288.031,398559.551,-0.004274298457535848,-0.018477043673012224,0.022437725803384666,53.81,53.58,52.59,2093.33,1996.04,1979.8,1955.95,1948.09,1916.14,411597.7569,184459.82,391189.7317,-0.004593971738734988,-0.01649581892678172,0.02884724588302107,1978.68,1969.59,1937.1
2026-03-09T12:24:19,68551.04,68200.0,69516.65,66915.26,65618.49,65821.97,12719.54315,21593.63901,28896.7213,-0.019203897066005712,0.037303550640279494,0.022160194855752047,67262.91,65971.2,68432.16,1.3749,1.3712,1.3841,1.3468,1.3218,1.333,4.77766373E7,7.98256437E7,1.301008012E8,-0.012309279870273412,0.017238805970149176,0.01702002787763195,1.3567,1.34,1.3631,85.07,84.13,87.06,82.28,80.26,81.54,1465281.721,2102965.687,3594057.289,-0.019586637827445273,0.04130408138252225,0.010828625235404917,83.22,81.59,84.96,54.29,53.94,54.75,53.21,51.88,52.5,262288.031,398559.551,327230.42,-0.018477043673012224,0.022437725803384666,0.0018597731076807572,53.58,52.59,53.77,1996.04,1979.8,2053.52,1948.09,1916.14,1929.65,184459.82,391189.7317,550825.4883,-0.01649581892678172,0.02884724588302107,0.021841664241487608,1969.59,1937.1,1992.98
2026-03-10T12:24:19,68200.0,69516.65,71777.0,65618.49,65821.97,68391.41,21593.63901,28896.7213,32602.57726,0.037303550640279494,0.022160194855752047,0.003477266102281001,65971.2,68432.16,69948.63,1.3712,1.3841,1.4427,1.3218,1.333,1.3605,7.98256437E7,1.301008012E8,1.763139066E8,0.017238805970149176,0.01702002787763195,-0.0011541513380942405,1.34,1.3631,1.3863,84.13,87.06,88.8,80.26,81.54,84.83,2102965.687,3594057.289,3643895.134,0.04130408138252225,0.010828625235404917,0.008150908244061514,81.59,84.96,85.88,53.94,54.75,55.0,51.88,52.5,53.43,398559.551,327230.42,348345.87,0.022437725803384666,0.0018597731076807572,0.0172637831817338,52.59,53.77,53.87,1979.8,2053.52,2088.19,1916.14,1929.65,1991.0,391189.7317,550825.4883,463411.8739,0.02884724588302107,0.021841664241487608,0.007591418652498544,1937.1,1992.98,2036.51
2026-03-11T12:24:19,69516.65,71777.0,71321.0,65821.97,68391.41,68977.91,28896.7213,32602.57726,27249.27542,0.022160194855752047,0.003477266102281001,0.004978924906677155,68432.16,69948.63,70191.86,1.3841,1.4427,1.4112,1.333,1.3605,1.3706,1.301008012E8,1.763139066E8,1.11034871E8,0.01702002787763195,-0.0011541513380942405,-7.221780891166967E-5,1.3631,1.3863,1.3847,87.06,88.8,88.09,81.54,84.83,84.36,3594057.289,3643895.134,3182175.739,0.010828625235404917,0.008150908244061514,0.003003003003003062,84.96,85.88,86.58,54.75,55.0,55.28,52.5,53.43,53.54,327230.42,348345.87,272644.402,0.0018597731076807572,0.0172637831817338,-0.004379562043795527,53.77,53.87,54.8,2053.52,2088.19,2085.58,1929.65,1991.0,2007.17,550825.4883,463411.8739,350061.256,0.021841664241487608,0.007591418652498544,0.010502102857254338,1992.98,2036.51,2051.97
2026-03-12T12:24:19,71777.0,71321.0,70800.0,68391.41,68977.91,69205.91,32602.57726,27249.27542,21997.1605,0.003477266102281001,0.004978924906677155,0.005509677020595349,69948.63,70191.86,70541.34,1.4427,1.4112,1.3936,1.3605,1.3706,1.365,1.763139066E8,1.11034871E8,8.96896073E7,-0.0011541513380942405,-7.221780891166967E-5,0.01032789253213923,1.3863,1.3847,1.3846,88.8,88.09,87.69,84.83,84.36,84.72,3643895.134,3182175.739,2913681.148,0.008150908244061514,0.003003003003003062,0.015430677107323853,85.88,86.58,86.84,55.0,55.28,55.0,53.43,53.54,53.8,348345.87,272644.402,271228.185,0.0172637831817338,-0.004379562043795527,0.01356304985337234,53.87,54.8,54.56,2088.19,2085.58,2095.0,1991.0,2007.17,2017.59,463411.8739,350061.256,400507.8132,0.007591418652498544,0.010502102857254338,0.009018480651259606,2036.51,2051.97,2073.52
2026-03-13T12:24:19,71321.0,70800.0,73913.74,68977.91,69205.91,70386.01,27249.27542,21997.1605,35996.61678,0.004978924906677155,0.005509677020595349,0.003975045819822319,70191.86,70541.34,70930.0,1.4112,1.3936,1.4528,1.3706,1.365,1.3831,1.11034871E8,8.96896073E7,2.030747255E8,-7.221780891166967E-5,0.01032789253213923,0.005289870612624257,1.3847,1.3846,1.3989,88.09,87.69,92.98,84.36,84.72,86.71,3182175.739,2913681.148,4940378.617,0.003003003003003062,0.015430677107323853,-0.0017010660013609172,86.58,86.84,88.18,55.28,55.0,56.71,53.54,53.8,54.47,272644.402,271228.185,337868.652,-0.004379562043795527,0.01356304985337234,-0.005786618444846298,54.8,54.56,55.3,2085.58,2095.0,2209.03,2007.17,2017.59,2070.12,350061.256,400507.8132,599657.0399,0.010502102857254338,0.009018480651259606,0.001883167162153146,2051.97,2073.52,2092.22
2026-03-14T12:24:19,70800.0,73913.74,71307.92,69205.91,70386.01,70317.0,21997.1605,35996.61678,13017.24737,0.005509677020595349,0.003975045819822319,0.02251433923660296,70541.34,70930.0,71211.95,1.3936,1.4528,1.4084,1.365,1.3831,1.3834,8.96896073E7,2.030747255E8,5.82111065E7,0.01032789253213923,0.005289870612624257,0.030150039109720535,1.3846,1.3989,1.4063,87.69,92.98,88.71,84.72,86.71,86.51,2913681.148,4940378.617,1498143.039,0.015430677107323853,-0.0017010660013609172,0.048506191071225675,86.84,88.18,88.03,55.0,56.71,55.84,53.8,54.47,54.37,271228.185,337868.652,225515.431,0.01356304985337234,-0.005786618444846298,0.023463077482721105,54.56,55.3,54.98,2095.0,2209.03,2106.09,2017.59,2070.12,2061.6,400507.8132,599657.0399,152500.5822,0.009018480651259606,0.001883167162153146,0.039185940004579964,2073.52,2092.22,2096.16
2026-03-15T12:24:19,73913.74,71307.92,73199.0,70386.01,70317.0,70858.82,35996.61678,13017.24737,14037.30704,0.003975045819822319,0.02251433923660296,0.028420286742170908,70930.0,71211.95,72815.24,1.4528,1.4084,1.4649,1.3831,1.3834,1.4021,2.030747255E8,5.82111065E7,9.74043997E7,0.005289870612624257,0.030150039109720535,0.06509284185821759,1.3989,1.4063,1.4487,92.98,88.71,93.23,86.71,86.51,87.36,4940378.617,1498143.039,2614547.105,-0.0017010660013609172,0.048506191071225675,0.042253521126760625,88.18,88.03,92.3,56.71,55.84,56.41,54.47,54.37,54.69,337868.652,225515.431,247015.19,-0.005786618444846298,0.023463077482721105,0.043184645459392206,55.3,54.98,56.27,2209.03,2106.09,2202.87,2070.12,2061.6,2083.35,599657.0399,152500.5822,280825.9377,0.001883167162153146,0.039185940004579964,0.08018638387733536,2092.22,2096.16,2178.3
2026-03-16T12:24:19,71307.92,73199.0,74909.08,70317.0,70858.82,72270.41,13017.24737,14037.30704,28409.53019,0.02251433923660296,0.028420286742170908,-0.013024161019872261,71211.95,72815.24,74884.67,1.4084,1.4649,1.5522,1.3834,1.4021,1.4357,5.82111065E7,9.74043997E7,2.185791636E8,0.030150039109720535,0.06509284185821759,-0.016072585871678504,1.4063,1.4487,1.543,88.71,93.23,97.68,86.51,87.36,91.18,1498143.039,2614547.105,5621650.621,0.048506191071225675,0.042253521126760625,-0.016424116424116404,88.03,92.3,96.2,55.84,56.41,59.23,54.37,54.69,55.82,225515.431,247015.19,587196.808,0.023463077482721105,0.043184645459392206,-0.01039182282793866,54.98,56.27,58.7,2106.09,2202.87,2386.02,2061.6,2083.35,2164.73,152500.5822,280825.9377,845892.7756,0.039185940004579964,0.08018638387733536,-0.015121314763894113,2096.16,2178.3,2352.97
2026-03-17T12:24:19,73199.0,74909.08,76000.0,70858.82,72270.41,73399.19,14037.30704,28409.53019,24521.26636,0.028420286742170908,-0.013024161019872261,-0.036028183710425946,72815.24,74884.67,73909.36,1.4649,1.5522,1.607,1.4021,1.4357,1.4941,9.74043997E7,2.185791636E8,2.328447301E8,0.06509284185821759,-0.016072585871678504,-0.03523909893294698,1.4487,1.543,1.5182,93.23,97.68,96.95,87.36,91.18,93.15,2614547.105,5621650.621,2833557.586,0.042253521126760625,-0.016424116424116404,-0.047981399281335935,92.3,96.2,94.62,56.41,59.23,59.26,54.69,55.82,57.31,247015.19,587196.808,402802.673,0.043184645459392206,-0.01039182282793866,-0.03460148046135316,56.27,58.7,58.09,2202.87,2386.02,2376.66,2083.35,2164.73,2294.15,280825.9377,845892.7756,493831.1016,0.08018638387733536,-0.015121314763894113,-0.049193273467133286,2178.3,2352.97,2317.39
2026-03-18T12:24:19,74909.08,76000.0,74672.34,72270.41,73399.19,70500.0,28409.53019,24521.26636,23392.88093,-0.013024161019872261,-0.036028183710425946,-0.018478651735228037,74884.67,73909.36,71246.54,1.5522,1.607,1.5414,1.4357,1.4941,1.4359,2.185791636E8,2.328447301E8,1.395376856E8,-0.016072585871678504,-0.03523909893294698,-0.011743019048269191,1.543,1.5182,1.4647,97.68,96.95,95.65,91.18,93.15,88.55,5621650.621,2833557.586,3293861.558,-0.016424116424116404,-0.047981399281335935,-0.013210479573712231,96.2,94.62,90.08,59.23,59.26,58.56,55.82,57.31,55.3,587196.808,402802.673,355225.613,-0.01039182282793866,-0.03460148046135316,-0.009629101283880157,58.7,58.09,56.08,2386.02,2376.66,2350.0,2164.73,2294.15,2153.21,845892.7756,493831.1016,488040.8887,-0.015121314763894113,-0.049193273467133286,-0.029763228479751623,2352.97,2317.39,2203.39
2026-03-19T12:24:19,76000.0,74672.34,71613.79,73399.19,70500.0,68793.35,24521.26636,23392.88093,22364.81819,-0.036028183710425946,-0.018478651735228037,0.008304447304447246,73909.36,71246.54,69930.0,1.607,1.5414,1.4817,1.4941,1.4359,1.4219,2.328447301E8,1.395376856E8,1.189073526E8,-0.03523909893294698,-0.011743019048269191,-0.001588946459412759,1.5182,1.4647,1.4475,96.95,95.65,91.41,93.15,88.55,87.0,2833557.586,3293861.558,2609542.924,-0.047981399281335935,-0.013210479573712231,0.010687366407919932,94.62,90.08,88.89,59.26,58.56,56.35,57.31,55.3,54.59,402802.673,355225.613,266053.615,-0.03460148046135316,-0.009629101283880157,0.011343176089305051,58.09,56.08,55.54,2376.66,2350.0,2233.72,2294.15,2153.21,2099.38,493831.1016,488040.8887,490791.679,-0.049193273467133286,-0.029763228479751623,0.0039339323887529086,2317.39,2203.39,2137.81
2026-03-20T12:24:19,74672.34,71613.79,71367.0,70500.0,68793.35,69388.0,23392.88093,22364.81819,18121.16745,-0.018478651735228037,0.008304447304447246,-0.02258677509082661,71246.54,69930.0,70510.73,1.5414,1.4817,1.4665,1.4359,1.4219,1.4248,1.395376856E8,1.189073526E8,8.79556836E7,-0.011743019048269191,-0.001588946459412759,-0.025325214503182925,1.4647,1.4475,1.4452,95.65,91.41,90.45,88.55,87.0,88.13,3293861.558,2609542.924,2201411.538,-0.013210479573712231,0.010687366407919932,-0.02537845057880678,90.08,88.89,89.84,58.56,56.35,56.47,55.3,54.59,55.17,355225.613,266053.615,221084.585,-0.009629101283880157,0.011343176089305051,-0.024212212925048947,56.08,55.54,56.17,2350.0,2233.72,2176.84,2153.21,2099.38,2116.88,488040.8887,490791.679,300156.1778,-0.029763228479751623,0.0039339323887529086,-0.028585140386353642,2203.39,2137.81,2146.22
2026-03-21T12:24:19,71613.79,71367.0,71100.94,68793.35,69388.0,68571.42,22364.81819,18121.16745,13397.1675,0.008304447304447246,-0.02258677509082661,-0.015367801675379355,69930.0,70510.73,68918.12,1.4817,1.4665,1.453,1.4219,1.4248,1.4003,1.189073526E8,8.79556836E7,5.71475109E7,-0.001588946459412759,-0.025325214503182925,-0.016896209001845835,1.4475,1.4452,1.4086,91.41,90.45,90.81,87.0,88.13,87.14,2609542.924,2201411.538,1241845.225,0.010687366407919932,-0.02537845057880678,-0.01553220648698035,88.89,89.84,87.56,56.35,56.47,56.59,54.59,55.17,54.42,266053.615,221084.585,194699.709,0.011343176089305051,-0.024212212925048947,-0.023718299580368623,55.54,56.17,54.81,2233.72,2176.84,2168.27,2099.38,2116.88,2070.78,490791.679,300156.1778,132559.4646,0.0039339323887529086,-0.028585140386353642,-0.014859439677294037,2137.81,2146.22,2084.87
2026-03-22T12:24:19,71367.0,71100.94,69588.79,69388.0,68571.42,67360.66,18121.16745,13397.1675,14843.78682,-0.02258677509082661,-0.015367801675379355,0.04490856039729435,70510.73,68918.12,67859.0,1.4665,1.453,1.4263,1.4248,1.4003,1.3712,8.79556836E7,5.71475109E7,7.71822064E7,-0.025325214503182925,-0.016896209001845835,0.034300982091276626,1.4452,1.4086,1.3848,90.45,90.81,89.2,88.13,87.14,85.14,2201411.538,1241845.225,2138087.131,-0.02537845057880678,-0.01553220648698035,0.06067285382830631,89.84,87.56,86.2,56.47,56.59,55.05,55.17,54.42,53.03,221084.585,194699.709,303410.591,-0.024212212925048947,-0.023718299580368623,0.04130069145954029,56.17,54.81,53.51,2176.84,2168.27,2127.21,2116.88,2070.78,2026.0,300156.1778,132559.4646,313070.5572,-0.028585140386353642,-0.014859439677294037,0.04778250052339723,2146.22,2084.87,2053.89
2026-03-23T12:24:19,71100.94,69588.79,71817.09,68571.42,67360.66,67445.18,13397.1675,14843.78682,28335.09119,-0.015367801675379355,0.04490856039729435,-0.0049319913773710556,68918.12,67859.0,70906.45,1.453,1.4263,1.4661,1.4003,1.3712,1.3618,5.71475109E7,7.71822064E7,1.700652593E8,-0.016896209001845835,0.034300982091276626,-0.011380297423724067,1.4086,1.3848,1.4323,90.81,89.2,92.26,87.14,85.14,85.11,1241845.225,2138087.131,4561706.388,-0.01553220648698035,0.06067285382830631,-0.006890517335666735,87.56,86.2,91.43,56.59,55.05,56.16,54.42,53.03,53.27,194699.709,303410.591,361341.093,-0.023718299580368623,0.04130069145954029,0.011844938980617439,54.81,53.51,55.72,2168.27,2127.21,2198.57,2070.78,2026.0,2023.04,132559.4646,313070.5572,614508.4369,-0.014859439677294037,0.04778250052339723,0.0019516456554972829,2084.87,2053.89,2152.03
2026-03-24T12:24:19,69588.79,71817.09,71400.0,67360.66,67445.18,68923.07,14843.78682,28335.09119,20702.42244,0.04490856039729435,-0.0049319913773710556,0.011051956198656478,67859.0,70906.45,70556.74,1.4263,1.4661,1.435,1.3712,1.3618,1.3835,7.71822064E7,1.700652593E8,1.033805003E8,0.034300982091276626,-0.011380297423724067,-0.0010593220338981884,1.3848,1.4323,1.416,89.2,92.26,92.22,85.14,85.11,88.42,2138087.131,4561706.388,3086042.526,0.06067285382830631,-0.006890517335666735,0.009911894273127816,86.2,91.43,90.8,55.05,56.16,56.5,53.03,53.27,55.05,303410.591,361341.093,251140.031,0.04130069145954029,0.011844938980617439,0.0047889322454770485,53.51,55.72,56.38,2127.21,2198.57,2175.16,2026.0,2023.04,2103.02,313070.5572,614508.4369,316703.4728,0.04778250052339723,0.0019516456554972829,0.005931649221094208,2053.89,2152.03,2156.23
2026-03-25T12:24:19,71817.09,71400.0,72026.09,67445.18,68923.07,70408.0,28335.09119,20702.42244,17719.50066,-0.0049319913773710556,0.011051956198656478,-0.03527253147861273,70906.45,70556.74,71336.53,1.4661,1.435,1.4379,1.3618,1.3835,1.4019,1.700652593E8,1.033805003E8,9.70408127E7,-0.011380297423724067,-0.0010593220338981884,-0.03789324849770243,1.4323,1.416,1.4145,92.26,92.22,93.47,85.11,88.42,90.71,4561706.388,3086042.526,2652534.798,-0.006890517335666735,0.009911894273127816,-0.05637949836423121,91.43,90.8,91.7,56.16,56.5,56.8,53.27,55.05,55.79,361341.093,251140.031,308934.412,0.011844938980617439,0.0047889322454770485,-0.03636363636363628,55.72,56.38,56.65,2198.57,2175.16,2199.02,2023.04,2103.02,2146.35,614508.4369,316703.4728,275641.5255,0.0019516456554972829,0.005931649221094208,-0.050064084240809284,2152.03,2156.23,2169.02
2026-03-26T12:24:19,71400.0,72026.09,71436.82,68923.07,70408.0,68153.0,20702.42244,17719.50066,20820.45768,0.011051956198656478,-0.03527253147861273,-0.0350627598161066,70556.74,71336.53,68820.31,1.435,1.4379,1.4165,1.3835,1.4019,1.336,1.033805003E8,9.70408127E7,1.308420254E8,-0.0010593220338981884,-0.03789324849770243,-0.025865236240722976,1.416,1.4145,1.3609,92.22,93.47,91.98,88.42,90.71,85.45,3086042.526,2652534.798,3566192.736,0.009911894273127816,-0.05637949836423121,-0.03952386455564546,90.8,91.7,86.53,56.5,56.8,56.67,55.05,55.79,54.23,251140.031,308934.412,382513.198,0.0047889322454770485,-0.03636363636363628,-0.01593698479575022,56.38,56.65,54.59,2175.16,2199.02,2172.19,2103.02,2146.35,2034.54,316703.4728,275641.5255,338010.6238,0.005931649221094208,-0.050064084240809284,-0.032847512412457515,2156.23,2169.02,2060.43
2026-03-27T12:24:19,72026.09,71436.82,69179.05,70408.0,68153.0,65548.25,17719.50066,20820.45768,28603.69557,-0.03527253147861273,-0.0350627598161066,-4.555223463451598E-4,71336.53,68820.31,66407.28,1.4379,1.4165,1.3726,1.4019,1.336,1.3184,9.70408127E7,1.308420254E8,1.19257397E8,-0.03789324849770243,-0.025865236240722976,0.005732820396771388,1.4145,1.3609,1.3257,93.47,91.98,87.04,90.71,85.45,81.86,2652534.798,3566192.736,2840562.07,-0.05637949836423121,-0.03952386455564546,-0.012272891348814777,91.7,86.53,83.11,56.8,56.67,55.18,55.79,54.23,53.29,308934.412,382513.198,262999.776,-0.03636363636363628,-0.01593698479575022,0.00241995532390176,56.65,54.59,53.72,2199.02,2172.19,2077.19,2146.35,2034.54,1970.93,275641.5255,338010.6238,394873.5248,-0.050064084240809284,-0.032847512412457515,9.986199974909092E-4,2169.02,2060.43,1992.75
2026-03-28T12:24:19,71436.82,69179.05,67288.94,68153.0,65548.25,65932.09,20820.45768,28603.69557,11462.39847,-0.0350627598161066,-4.555223463451598E-4,-0.005515462201306775,68820.31,66407.28,66377.03,1.4165,1.3726,1.3582,1.336,1.3184,1.3191,1.308420254E8,1.19257397E8,5.37171263E7,-0.025865236240722976,0.005732820396771388,-0.0041251031275780685,1.3609,1.3257,1.3333,91.98,87.04,84.29,85.45,81.86,81.69,3566192.736,2840562.07,1667010.099,-0.03952386455564546,-0.012272891348814777,-0.007918138628334823,86.53,83.11,82.09,56.67,55.18,54.93,54.23,53.29,53.26,382513.198,262999.776,269897.849,-0.01593698479575022,0.00241995532390176,-0.009842154131847747,54.59,53.72,53.85,2172.19,2077.19,2047.45,2034.54,1970.93,1983.17,338010.6238,394873.5248,154831.8055,-0.032847512412457515,9.986199974909092E-4,-0.005063316522454009,2060.43,1992.75,1994.74
2026-03-29T12:24:19,69179.05,67288.94,67130.5,65548.25,65932.09,65000.0,28603.69557,11462.39847,10052.85584,-4.555223463451598E-4,-0.005515462201306775,0.011913784580826273,66407.28,66377.03,66010.93,1.3726,1.3582,1.3433,1.3184,1.3191,1.2954,1.19257397E8,5.37171263E7,6.13390186E7,0.005732820396771388,-0.0041251031275780685,-0.002711251694532345,1.3257,1.3333,1.3278,87.04,84.29,83.24,81.86,81.69,78.96,2840562.07,1667010.099,1624673.475,-0.012272891348814777,-0.007918138628334823,0.013506876227897945,83.11,82.09,81.44,55.18,54.93,54.39,53.29,53.26,52.22,262999.776,269897.849,181661.454,0.00241995532390176,-0.009842154131847747,3.7509377344341945E-4,53.72,53.85,53.32,2077.19,2047.45,2019.65,1970.93,1983.17,1938.82,394873.5248,154831.8055,166726.7382,9.986199974909092E-4,-0.005063316522454009,0.02108190906159299,1992.75,1994.74,1984.64
2026-03-30T12:24:19,67288.94,67130.5,68169.65,65932.09,65000.0,65800.59,11462.39847,10052.85584,18353.38975,-0.005515462201306775,0.011913784580826273,0.0222630022708978,66377.03,66010.93,66797.37,1.3582,1.3433,1.3669,1.3191,1.2954,1.3166,5.37171263E7,6.13390186E7,1.0020262E8,-0.0041251031275780685,-0.002711251694532345,0.012762422594774139,1.3333,1.3278,1.3242,84.29,83.24,84.99,81.69,78.96,81.15,1667010.099,1624673.475,3025854.687,-0.007918138628334823,0.013506876227897945,0.00799612309183422,82.09,81.44,82.54,54.93,54.39,54.41,53.26,52.22,52.96,269897.849,181661.454,414289.211,-0.009842154131847747,3.7509377344341945E-4,0.01143607049118859,53.85,53.32,53.34,2047.45,2019.65,2085.0,1983.17,1938.82,1980.28,154831.8055,166726.7382,338304.4344,-0.005063316522454009,0.02108190906159299,0.03895918045083091,1994.74,1984.64,2026.48
2026-03-31T12:24:19,67130.5,68169.65,68589.49,65000.0,65800.59,65998.05,10052.85584,18353.38975,22105.40662,0.011913784580826273,0.0222630022708978,-0.0024977857340349914,66010.93,66797.37,68284.48,1.3433,1.3669,1.3503,1.2954,1.3166,1.3038,6.13390186E7,1.0020262E8,1.013184138E8,-0.002711251694532345,0.012762422594774139,0.004995898888971852,1.3278,1.3242,1.3411,83.24,84.99,84.62,78.96,81.15,80.08,1624673.475,3025854.687,4272567.426,0.013506876227897945,0.00799612309183422,-0.024278846153846106,81.44,82.54,83.2,54.39,54.41,54.29,52.22,52.96,53.13,181661.454,414289.211,332765.311,3.7509377344341945E-4,0.01143607049118859,-0.002409638554216915,53.32,53.34,53.95,2019.65,2085.0,2124.03,1938.82,1980.28,2012.64,166726.7382,338304.4344,421897.9023,0.02108190906159299,0.03895918045083091,0.016585685584417472,1984.64,2026.48,2105.43
2026-04-01T12:24:19,68169.65,68589.49,69310.0,65800.59,65998.05,67578.75,18353.38975,22105.40662,19020.1899,0.0222630022708978,-0.0024977857340349914,-0.017792692007742222,66797.37,68284.48,68113.92,1.3669,1.3503,1.3683,1.3166,1.3038,1.3314,1.0020262E8,1.013184138E8,8.6898811E7,0.012762422594774139,0.004995898888971852,-0.020626205668496843,1.3242,1.3411,1.3478,84.99,84.62,86.65,81.15,80.08,80.77,3025854.687,4272567.426,4676736.12,0.00799612309183422,-0.024278846153846106,-0.02759300320275941,82.54,83.2,81.18,54.41,54.29,54.78,52.96,53.13,53.72,414289.211,332765.311,398752.553,0.01143607049118859,-0.002409638554216915,-0.028428093645484973,53.34,53.95,53.82,2085.0,2124.03,2167.85,1980.28,2012.64,2082.08,338304.4344,421897.9023,399227.3779,0.03895918045083091,0.016585685584417472,-0.038862802812624025,2026.48,2105.43,2140.35
2026-04-02T12:24:19,68589.49,69310.0,68653.38,65998.05,67578.75,65712.12,22105.40662,19020.1899,20203.47916,-0.0024977857340349914,-0.017792692007742222,9.313624303252813E-4,68284.48,68113.92,66901.99,1.3503,1.3683,1.3569,1.3038,1.3314,1.2802,1.013184138E8,8.6898811E7,1.328715597E8,0.004995898888971852,-0.020626205668496843,-0.0012121212121212468,1.3411,1.3478,1.32,84.62,86.65,81.77,80.08,80.77,76.7,4272567.426,4676736.12,4210024.263,-0.024278846153846106,-0.02759300320275941,0.0184950595388904,83.2,81.18,78.94,54.29,54.78,54.12,53.13,53.72,51.4,332765.311,398752.553,346503.9,-0.002409638554216915,-0.028428093645484973,0.01816790973417485,53.95,53.82,52.29,2124.03,2167.85,2159.37,2012.64,2082.08,2017.04,421897.9023,399227.3779,346872.8323,0.016585685584417472,-0.038862802812624025,-0.001623589688747233,2105.43,2140.35,2057.17
2026-04-03T12:24:19,69310.0,68653.38,67370.42,67578.75,65712.12,66282.0,19020.1899,20203.47916,11429.13131,-0.017792692007742222,9.313624303252813E-4,0.005019390929196532,68113.92,66901.99,66964.3,1.3683,1.3569,1.3356,1.3314,1.2802,1.3033,8.6898811E7,1.328715597E8,6.47840533E7,-0.020626205668496843,-0.0012121212121212468,-0.0023513349514563886,1.3478,1.32,1.3184,86.65,81.77,80.91,80.77,76.7,78.85,4676736.12,4210024.263,2230839.74,-0.02759300320275941,0.0184950595388904,0.005348258706467569,81.18,78.94,80.4,54.78,54.12,53.49,53.72,51.4,52.14,398752.553,346503.9,195542.014,-0.028428093645484973,0.01816790973417485,0.006574004507888832,53.82,52.29,53.24,2167.85,2159.37,2081.76,2082.08,2017.04,2040.66,399227.3779,346872.8323,136266.6393,-0.038862802812624025,-0.001623589688747233,0.005691805066631637,2140.35,2057.17,2053.83
2026-04-04T12:24:19,68653.38,67370.42,67562.93,65712.12,66282.0,66775.91,20203.47916,11429.13131,7373.51613,9.313624303252813E-4,0.005019390929196532,0.025761503420038016,66901.99,66964.3,67300.42,1.3569,1.3356,1.3226,1.2802,1.3033,1.3067,1.328715597E8,6.47840533E7,2.99750109E7,-0.0012121212121212468,-0.0023513349514563886,0.008363111077320856,1.32,1.3184,1.3153,81.77,80.91,81.61,76.7,78.85,79.57,4210024.263,2230839.74,1562930.767,0.0184950595388904,0.005348258706467569,0.013113942843003863,78.94,80.4,80.83,54.12,53.49,53.86,51.4,52.14,52.99,346503.9,195542.014,149737.599,0.01816790973417485,0.006574004507888832,0.009703302855010188,52.29,53.24,53.59,2159.37,2081.76,2084.0,2017.04,2040.66,2044.63,346872.8323,136266.6393,86504.4406,-0.001623589688747233,0.005691805066631637,0.021616832565165233,2057.17,2053.83,2065.52
2026-04-05T12:24:19,67370.42,67562.93,69136.2,66282.0,66775.91,66611.66,11429.13131,7373.51613,11733.46752,0.005019390929196532,0.025761503420038016,-0.002614936543028244,66964.3,67300.42,69034.18,1.3356,1.3226,1.332,1.3033,1.3067,1.2787,6.47840533E7,2.99750109E7,7.43142668E7,-0.0023513349514563886,0.008363111077320856,-0.0038452838724271315,1.3184,1.3153,1.3263,80.91,81.61,82.13,78.85,79.57,78.52,2230839.74,1562930.767,1732438.558,0.005348258706467569,0.013113942843003863,-0.02271339601904994,80.4,80.83,81.89,53.49,53.86,54.21,52.14,52.99,52.59,195542.014,149737.599,154164.553,0.006574004507888832,0.009703302855010188,-0.010718905932359976,53.24,53.59,54.11,2081.76,2084.0,2123.49,2040.66,2044.63,2021.5,136266.6393,86504.4406,157353.3199,0.005691805066631637,0.021616832565165233,-0.0014264253590943945,2053.83,2065.52,2110.17
2026-04-06T12:24:19,67562.93,69136.2,70351.46,66775.91,66611.66,68300.0,7373.51613,11733.46752,20281.61044,0.025761503420038016,-0.002614936543028244,0.044595450699352765,67300.42,69034.18,68853.66,1.3226,1.332,1.3577,1.3067,1.2787,1.3122,2.99750109E7,7.43142668E7,1.043457907E8,0.008363111077320856,-0.0038452838724271315,0.04352104147744483,1.3153,1.3263,1.3212,81.61,82.13,83.2,79.57,78.52,79.6,1562930.767,1732438.558,2730370.564,0.013113942843003863,-0.02271339601904994,0.06909908784205925,80.83,81.89,80.03,53.86,54.21,54.64,52.99,52.59,53.2,149737.599,154164.553,251244.43,0.009703302855010188,-0.010718905932359976,0.03418643751167566,53.59,54.11,53.53,2084.0,2123.49,2174.79,2044.63,2021.5,2087.5,86504.4406,157353.3199,356054.2894,0.021616832565165233,-0.0014264253590943945,0.06304694470282293,2065.52,2110.17,2107.16
2026-04-07T12:24:19,69136.2,70351.46,72761.0,66611.66,68300.0,67732.01,11733.46752,20281.61044,23750.49661,-0.002614936543028244,0.044595450699352765,-0.01187764010509962,69034.18,68853.66,71924.22,1.332,1.3577,1.3962,1.2787,1.3122,1.2949,7.43142668E7,1.043457907E8,1.307029954E8,-0.0038452838724271315,0.04352104147744483,-0.026039022267353336,1.3263,1.3212,1.3787,82.13,83.2,87.02,78.52,79.6,78.38,1732438.558,2730370.564,4312598.52,-0.02271339601904994,0.06909908784205925,-0.03494623655913989,81.89,80.03,85.56,54.21,54.64,55.74,52.59,53.2,52.91,154164.553,251244.43,313030.401,-0.010718905932359976,0.03418643751167566,-0.02546965317919069,54.11,53.53,55.36,2123.49,2174.79,2273.87,2021.5,2087.5,2060.24,157353.3199,356054.2894,460094.8093,-0.0014264253590943945,0.06304694470282293,-0.02232579318842336,2110.17,2107.16,2240.01
2026-04-08T12:24:19,70351.46,72761.0,72857.0,68300.0,67732.01,70707.23,20281.61044,23750.49661,19802.68627,0.044595450699352765,-0.01187764010509962,0.010103288409036118,68853.66,71924.22,71069.93,1.3577,1.3962,1.3898,1.3122,1.2949,1.3389,1.043457907E8,1.307029954E8,1.248557333E8,0.04352104147744483,-0.026039022267353336,7.447125409592731E-4,1.3212,1.3787,1.3428,83.2,87.02,85.9,79.6,78.38,82.24,2730370.564,4312598.52,2952758.548,0.06909908784205925,-0.03494623655913989,0.009204311493278492,80.03,85.56,82.57,54.64,55.74,55.59,53.2,52.91,53.89,251244.43,313030.401,262118.262,0.03418643751167566,-0.02546965317919069,0.011121408711770052,53.53,55.36,53.95,2174.79,2273.87,2270.55,2087.5,2060.24,2179.78,356054.2894,460094.8093,404717.6321,0.06304694470282293,-0.02232579318842336,9.132420091315895E-5,2107.16,2240.01,2190.0
2026-04-09T12:24:19,72761.0,72857.0,73145.0,67732.01,70707.23,70466.0,23750.49661,19802.68627,18158.42159,-0.01187764010509962,0.010103288409036118,0.01636388380950173,71924.22,71069.93,71787.97,1.3962,1.3898,1.3696,1.2949,1.3389,1.3218,1.307029954E8,1.248557333E8,1.122656141E8,-0.026039022267353336,7.447125409592731E-4,0.00900431611847001,1.3787,1.3428,1.3438,87.02,85.9,85.95,78.38,82.24,81.4,4312598.52,2952758.548,2775927.629,-0.03494623655913989,0.009204311493278492,0.018000720028801154,85.56,82.57,83.33,55.74,55.59,55.28,52.91,53.89,53.62,313030.401,262118.262,248302.357,-0.02546965317919069,0.011121408711770052,0.007516040329972571,55.36,53.95,54.55,2273.87,2270.55,2246.0,2060.24,2179.78,2157.31,460094.8093,404717.6321,275317.9503,-0.02232579318842336,9.132420091315895E-5,0.025043375034243615,2240.01,2190.0,2190.2
2026-04-10T12:24:19,72857.0,73145.0,73434.0,70707.23,70466.0,71426.15,19802.68627,18158.42159,17372.63288,0.010103288409036118,0.01636388380950173,0.001102755243432691,71069.93,71787.97,72962.7,1.3898,1.3696,1.366,1.3389,1.3218,1.3348,1.248557333E8,1.122656141E8,7.97859967E7,7.447125409592731E-4,0.00900431611847001,-9.587727708533658E-4,1.3428,1.3438,1.3559,85.9,85.95,85.67,82.24,81.4,82.62,2952758.548,2775927.629,2186078.343,0.009204311493278492,0.018000720028801154,0.0011788282447248442,82.57,83.33,84.83,55.59,55.28,55.52,53.89,53.62,54.23,262118.262,248302.357,227586.41,0.011121408711770052,0.007516040329972571,0.0018195050946142907,53.95,54.55,54.96,2270.55,2246.0,2257.99,2179.78,2157.31,2176.1,404717.6321,275317.9503,272899.0858,9.132420091315895E-5,0.025043375034243615,0.017790249660363733,2190.0,2190.2,2245.05
2026-04-11T12:24:19,73145.0,73434.0,73790.0,70466.0,71426.15,72513.09,18158.42159,17372.63288,9070.94374,0.01636388380950173,0.001102755243432691,-0.031518077804958154,71787.97,72962.7,73043.16,1.3696,1.366,1.3752,1.3218,1.3348,1.3394,1.122656141E8,7.97859967E7,5.70953563E7,0.00900431611847001,-9.587727708533658E-4,-0.02207293666026874,1.3438,1.3559,1.3546,85.95,85.67,86.26,81.4,82.62,83.8,2775927.629,2186078.343,1570901.883,0.018000720028801154,0.0011788282447248442,-0.040032968326857474,83.33,84.83,84.93,55.28,55.52,55.71,53.62,54.23,54.35,248302.357,227586.41,181747.445,0.007516040329972571,0.0018195050946142907,-0.028695968034871146,54.55,54.96,55.06,2246.0,2257.99,2329.93,2157.31,2176.1,2229.0,275317.9503,272899.0858,214785.4039,0.025043375034243615,0.017790249660363733,-0.040849194088376624,2190.2,2245.05,2284.99
2026-04-12T12:24:19,73434.0,73790.0,73137.24,71426.15,72513.09,70505.88,17372.63288,9070.94374,13472.46801,0.001102755243432691,-0.031518077804958154,0.0519784995910434,72962.7,73043.16,70740.98,1.366,1.3752,1.3559,1.3348,1.3394,1.3193,7.97859967E7,5.70953563E7,7.02457711E7,-9.587727708533658E-4,-0.02207293666026874,0.03842379406658107,1.3559,1.3546,1.3247,85.67,86.26,85.0,82.62,83.8,81.27,2186078.343,1570901.883,2174791.866,0.0011788282447248442,-0.040032968326857474,0.061081810376548556,84.83,84.93,81.53,55.52,55.71,55.06,54.23,54.35,53.36,227586.41,181747.445,208716.671,0.0018195050946142907,-0.028695968034871146,0.02131637995512342,54.96,55.06,53.48,2257.99,2329.93,2288.57,2176.1,2229.0,2175.0,272899.0858,214785.4039,258156.8821,0.017790249660363733,-0.040849194088376624,0.08113065498596944,2245.05,2284.99,2191.65
2026-04-13T12:24:19,73790.0,73137.24,74900.0,72513.09,70505.88,70566.99,9070.94374,13472.46801,24230.21625,-0.031518077804958154,0.0519784995910434,-0.0038490692909067055,73043.16,70740.98,74417.99,1.3752,1.3559,1.3839,1.3394,1.3193,1.3193,5.70953563E7,7.02457711E7,1.054507012E8,-0.02207293666026874,0.03842379406658107,-0.010104681593486497,1.3546,1.3247,1.3756,86.26,85.0,86.81,83.8,81.27,81.4,1570901.883,2174791.866,2950390.415,-0.040032968326857474,0.061081810376548556,-0.03225060686625831,84.93,81.53,86.51,55.71,55.06,54.76,54.35,53.36,52.66,181747.445,208716.671,330733.726,-0.028695968034871146,0.02131637995512342,-0.006224826071036183,55.06,53.48,54.62,2329.93,2288.57,2394.71,2229.0,2175.0,2175.68,214785.4039,258156.8821,453870.8292,-0.040849194088376624,0.08113065498596944,-0.019844183906881727,2284.99,2191.65,2369.46
2026-04-14T12:24:19,73137.24,74900.0,76038.0,70505.88,70566.99,73795.47,13472.46801,24230.21625,26532.94456,0.0519784995910434,-0.0038490692909067055,0.009151838859433025,70740.98,74417.99,74131.55,1.3559,1.3839,1.3955,1.3193,1.3193,1.3521,7.02457711E7,1.054507012E8,1.030425995E8,0.03842379406658107,-0.010104681593486497,0.022398472497613422,1.3247,1.3756,1.3617,85.0,86.81,87.67,81.27,81.4,83.3,2174791.866,2950390.415,3532984.692,0.061081810376548556,-0.03225060686625831,0.014094601051122872,81.53,86.51,83.72,55.06,54.76,55.27,53.36,52.66,54.01,208716.671,330733.726,323202.379,0.02131637995512342,-0.006224826071036183,0.016028002947678654,53.48,54.62,54.28,2288.57,2394.71,2415.5,2175.0,2175.68,2302.9,258156.8821,453870.8292,460107.3841,0.08113065498596944,-0.019844183906881727,0.01615111692874725,2191.65,2369.46,2322.44
2026-04-15T12:24:19,74900.0,76038.0,75425.0,70566.99,73795.47,73514.0,24230.21625,26532.94456,14425.04167,-0.0038490692909067055,0.009151838859433025,0.0046023265074622835,74417.99,74131.55,74809.99,1.3839,1.3955,1.4086,1.3193,1.3521,1.3503,1.054507012E8,1.030425995E8,1.094939544E8,-0.010104681593486497,0.022398472497613422,0.04367188622324376,1.3756,1.3617,1.3922,86.81,87.67,85.83,81.4,83.3,82.65,2950390.415,3532984.692,2602448.593,-0.03225060686625831,0.014094601051122872,0.048881036513545244,86.51,83.72,84.9,54.76,55.27,55.65,52.66,54.01,53.78,330733.726,323202.379,261668.064,-0.006224826071036183,0.016028002947678654,0.02194016319129648,54.62,54.28,55.15,2394.71,2415.5,2385.61,2175.68,2302.9,2308.5,453870.8292,460107.3841,268190.6377,-0.019844183906881727,0.01615111692874725,-0.004991631178626559,2369.46,2322.44,2359.95
2026-04-16T12:24:19,76038.0,75425.0,75534.76,73795.47,73514.0,73309.85,26532.94456,14425.04167,17088.68777,0.009151838859433025,0.0046023265074622835,0.025516973149503595,74131.55,74809.99,75154.29,1.3955,1.4086,1.4664,1.3521,1.3503,1.3865,1.030425995E8,1.094939544E8,1.554272421E8,0.022398472497613422,0.04367188622324376,0.015622849277357152,1.3617,1.3922,1.453,87.67,85.83,90.53,83.3,82.65,83.8,3532984.692,2602448.593,3940291.341,0.014094601051122872,0.048881036513545244,-0.0032565974171812695,83.72,84.9,89.05,55.27,55.65,56.61,54.01,53.78,54.59,323202.379,261668.064,329669.004,0.016028002947678654,0.02194016319129648,5.322924059616951E-4,54.28,55.15,56.36,2415.5,2385.61,2369.59,2302.9,2308.5,2285.1,460107.3841,268190.6377,328960.9377,0.01615111692874725,-0.004991631178626559,0.03016391487839463,2322.44,2359.95,2348.17
2026-04-17T12:24:19,75425.0,75534.76,78333.0,73514.0,73309.85,74529.4,14425.04167,17088.68777,25941.36694,0.0046023265074622835,0.025516973149503595,-0.01790844924226704,74809.99,75154.29,77072.0,1.4086,1.4664,1.51,1.3503,1.3865,1.4225,1.094939544E8,1.554272421E8,1.558663371E8,0.04367188622324376,0.015622849277357152,-0.029409771633800978,1.3922,1.453,1.4757,85.83,90.53,90.73,82.65,83.8,87.34,2602448.593,3940291.341,4237208.388,0.048881036513545244,-0.0032565974171812695,-0.029292474087426863,84.9,89.05,88.76,55.65,56.61,57.42,53.78,54.59,55.34,261668.064,329669.004,340755.368,0.02194016319129648,5.322924059616951E-4,-0.013122894130164958,55.15,56.36,56.39,2385.61,2369.59,2464.91,2308.5,2285.1,2317.43,268190.6377,328960.9377,491731.3615,-0.004991631178626559,0.03016391487839463,-0.02839189747829675,2359.95,2348.17,2419.0
2026-04-18T12:24:19,75534.76,78333.0,77420.08,73309.85,74529.4,75445.16,17088.68777,25941.36694,9141.84456,0.025516973149503595,-0.01790844924226704,-0.024969296525804145,75154.29,77072.0,75691.76,1.4664,1.51,1.4823,1.3865,1.4225,1.4235,1.554272421E8,1.558663371E8,8.2670483E7,0.015622849277357152,-0.029409771633800978,-0.02660057250575983,1.453,1.4757,1.4323,90.53,90.73,89.16,83.8,87.34,85.78,3940291.341,4237208.388,1893190.543,-0.0032565974171812695,-0.029292474087426863,-0.03122098421541316,89.05,88.76,86.16,56.61,57.42,56.66,54.59,55.34,55.24,329669.004,340755.368,230684.754,5.322924059616951E-4,-0.013122894130164958,-0.028571428571428505,56.36,56.39,55.65,2369.59,2464.91,2427.64,2285.1,2317.43,2339.92,328960.9377,491731.3615,221741.3888,0.03016391487839463,-0.02839189747829675,-0.03703750978590157,2348.17,2419.0,2350.32
2026-04-19T12:24:19,78333.0,77420.08,76240.66,74529.4,75445.16,73762.9,25941.36694,9141.84456,11369.82232,-0.01790844924226704,-0.024969296525804145,0.027630495141107117,77072.0,75691.76,73801.79,1.51,1.4823,1.447,1.4225,1.4235,1.3909,1.558663371E8,8.2670483E7,9.04139399E7,-0.029409771633800978,-0.02660057250575983,0.021589441973891687,1.4757,1.4323,1.3942,90.73,89.16,87.12,87.34,85.78,82.94,4237208.388,1893190.543,2594849.065,-0.029292474087426863,-0.03122098421541316,0.021684437522463188,88.76,86.16,83.47,57.42,56.66,55.82,55.34,55.24,53.91,340755.368,230684.754,228336.314,-0.013122894130164958,-0.028571428571428505,0.017943026267110595,56.39,55.65,54.06,2464.91,2427.64,2355.3,2317.43,2339.92,2252.72,491731.3615,221741.3888,256086.8276,-0.02839189747829675,-0.03703750978590157,0.022348195310325294,2419.0,2350.32,2263.27
2026-04-20T12:24:19,77420.08,76240.66,76558.62,75445.16,73762.9,73724.31,9141.84456,11369.82232,16993.41034,-0.024969296525804145,0.027630495141107117,0.006529188643024911,75691.76,73801.79,75840.97,1.4823,1.447,1.4369,1.4235,1.3909,1.3933,8.2670483E7,9.04139399E7,9.95758115E7,-0.02660057250575983,0.021589441973891687,0.0063891034192235545,1.4323,1.3942,1.4243,89.16,87.12,86.22,85.78,82.94,83.34,1893190.543,2594849.065,2300346.75,-0.03122098421541316,0.021684437522463188,0.008794559099437148,86.16,83.47,85.28,56.66,55.82,55.44,55.24,53.91,53.99,230684.754,228336.314,265247.0,-0.028571428571428505,0.017943026267110595,0.009812829365800456,55.65,54.06,55.03,2427.64,2355.3,2346.78,2339.92,2252.72,2259.67,221741.3888,256086.8276,301000.0659,-0.03703750978590157,0.022348195310325294,0.005743673963307891,2350.32,2263.27,2313.85
2026-04-21T12:24:19,76240.66,76558.62,76927.57,73762.9,73724.31,74821.57,11369.82232,16993.41034,14912.57132,0.027630495141107117,0.006529188643024911,0.024131161972407594,73801.79,75840.97,76336.15,1.447,1.4369,1.45,1.3909,1.3933,1.4116,9.04139399E7,9.95758115E7,8.52781806E7,0.021589441973891687,0.0063891034192235545,-0.0027905678805636974,1.3942,1.4243,1.4334,87.12,86.22,86.89,82.94,83.34,84.31,2594849.065,2300346.75,2111587.269,0.021684437522463188,0.008794559099437148,0.009764035801464645,83.47,85.28,86.03,55.82,55.44,55.88,53.91,53.99,54.67,228336.314,265247.0,253718.736,0.017943026267110595,0.009812829365800456,-0.0014396256973186665,54.06,55.03,55.57,2355.3,2346.78,2338.75,2252.72,2259.67,2284.19,256086.8276,301000.0659,226645.977,0.022348195310325294,0.005743673963307891,0.02016638448911552,2263.27,2313.85,2327.14
2026-04-22T12:24:19,76558.62,76927.57,79472.82,73724.31,74821.57,76132.95,16993.41034,14912.57132,19737.51225,0.006529188643024911,0.024131161972407594,0.001013709315240317,75840.97,76336.15,78178.23,1.4369,1.45,1.4626,1.3933,1.4116,1.4268,9.95758115E7,8.52781806E7,8.34291814E7,0.0063891034192235545,-0.0027905678805636974,0.006436266965160275,1.4243,1.4334,1.4294,86.22,86.89,89.32,83.34,84.31,86.01,2300346.75,2111587.269,3154871.835,0.008794559099437148,0.009764035801464645,-0.008633590422470357,85.28,86.03,86.87,55.44,55.88,56.55,53.99,54.67,55.48,265247.0,253718.736,267526.056,0.009812829365800456,-0.0014396256973186665,0.01297531086682283,55.03,55.57,55.49,2346.78,2338.75,2423.75,2259.67,2284.19,2312.95,301000.0659,226645.977,379707.1259,0.005743673963307891,0.02016638448911552,-0.018453541807950037,2313.85,2327.14,2374.07
2026-04-23T12:24:19,76927.57,79472.82,78662.5,74821.57,76132.95,76960.0,14912.57132,19737.51225,16970.79501,0.024131161972407594,0.001013709315240317,-0.01048270401755834,76336.15,78178.23,78257.48,1.45,1.4626,1.441,1.4116,1.4268,1.409,8.52781806E7,8.34291814E7,9.21839774E7,-0.0027905678805636974,0.006436266965160275,-0.003614625330182186,1.4334,1.4294,1.4386,86.89,89.32,87.18,84.31,86.01,84.48,2111587.269,3154871.835,2894663.239,0.009764035801464645,-0.008633590422470357,6.967022758941276E-4,86.03,86.87,86.12,55.88,56.55,56.23,54.67,55.48,54.9,253718.736,267526.056,233231.953,-0.0014396256973186665,0.01297531086682283,0.005870841487279813,55.57,55.49,56.21,2338.75,2423.75,2382.0,2284.19,2312.95,2285.42,226645.977,379707.1259,356645.6923,0.02016638448911552,-0.018453541807950037,-0.006552916841897657,2327.14,2374.07,2330.26
2026-04-24T12:24:19,79472.82,78662.5,78581.93,76132.95,76960.0,77264.08,19737.51225,16970.79501,12675.14315,0.001013709315240317,-0.01048270401755834,0.002426097144870882,78178.23,78257.48,77437.13,1.4626,1.441,1.4503,1.4268,1.409,1.4239,8.34291814E7,9.21839774E7,6.62291285E7,0.006436266965160275,-0.003614625330182186,-0.006697362913352904,1.4294,1.4386,1.4334,89.32,87.18,86.94,86.01,84.48,84.92,3154871.835,2894663.239,1818574.663,-0.008633590422470357,6.967022758941276E-4,0.0,86.87,86.12,86.18,56.55,56.23,56.76,55.48,54.9,55.75,267526.056,233231.953,233846.698,0.01297531086682283,0.005870841487279813,-0.008666430845419208,55.49,56.21,56.54,2423.75,2382.0,2337.5,2312.95,2285.42,2300.22,379707.1259,356645.6923,183887.6181,-0.018453541807950037,-0.006552916841897657,0.0019481725623005795,2374.07,2330.26,2314.99
2026-04-25T12:24:19,78662.5,78581.93,77885.35,76960.0,77264.08,77140.23,16970.79501,12675.14315,5685.1142,-0.01048270401755834,0.002426097144870882,0.013301771336553983,78257.48,77437.13,77625.0,1.441,1.4503,1.4377,1.409,1.4239,1.4187,9.21839774E7,6.62291285E7,2.63465586E7,-0.003614625330182186,-0.006697362913352904,0.0048461862621155555,1.4386,1.4334,1.4238,87.18,86.94,86.8,84.48,84.92,85.53,2894663.239,1818574.663,1033932.436,6.967022758941276E-4,0.0,0.008702715247157112,86.12,86.18,86.18,56.23,56.76,56.72,54.9,55.75,55.91,233231.953,233846.698,141641.823,0.005870841487279813,-0.008666430845419208,0.004103479036574559,56.21,56.54,56.05,2382.0,2337.5,2323.21,2285.42,2300.22,2300.55,356645.6923,183887.6181,68139.2191,-0.006552916841897657,0.0019481725623005795,0.021530502263418863,2330.26,2314.99,2319.5
2026-04-26T12:24:19,78581.93,77885.35,78961.0,77264.08,77140.23,77326.51,12675.14315,5685.1142,7963.56162,0.002426097144870882,0.013301771336553983,-0.016352276418474716,77437.13,77625.0,78657.55,1.4503,1.4377,1.4366,1.4239,1.4187,1.418,6.62291285E7,2.63465586E7,3.00243677E7,-0.006697362913352904,0.0048461862621155555,-0.02096875655273644,1.4334,1.4238,1.4307,86.94,86.8,87.32,84.92,85.53,85.84,1818574.663,1033932.436,1453501.452,0.0,0.008702715247157112,-0.02427240308294045,86.18,86.18,86.93,56.76,56.72,56.48,55.75,55.91,55.75,233846.698,141641.823,151412.239,-0.008666430845419208,0.004103479036574559,-0.012615493958777556,56.54,56.05,56.28,2337.5,2323.21,2380.0,2300.22,2300.55,2306.72,183887.6181,68139.2191,154591.6219,0.0019481725623005795,0.021530502263418863,-0.027757613613343227,2314.99,2319.5,2369.44
2026-04-27T12:24:19,77885.35,78961.0,79485.66,77140.23,77326.51,76459.64,5685.1142,7963.56162,16046.92418,0.013301771336553983,-0.016352276418474716,-0.013293685567210212,77625.0,78657.55,77371.32,1.4377,1.4366,1.4466,1.4187,1.418,1.3836,2.63465586E7,3.00243677E7,7.31552981E7,0.0048461862621155555,-0.02096875655273644,-0.014421360748197326,1.4238,1.4307,1.4007,86.8,87.32,88.08,85.53,85.84,83.63,1033932.436,1453501.452,3009101.691,0.008702715247157112,-0.02427240308294045,-0.008960150907804656,86.18,86.93,84.82,56.72,56.48,56.8,55.91,55.75,54.95,141641.823,151412.239,255326.831,0.004103479036574559,-0.012615493958777556,0.00251934497030773,56.05,56.28,55.57,2323.21,2380.0,2404.37,2300.55,2306.72,2266.09,68139.2191,154591.6219,300363.8586,0.021530502263418863,-0.027757613613343227,-0.006185781817708265,2319.5,2369.44,2303.67
2026-04-28T12:24:19,78961.0,79485.66,77478.0,77326.51,76459.64,75666.6,7963.56162,16046.92418,13210.72383,-0.016352276418474716,-0.013293685567210212,-0.0073716214384152426,78657.55,77371.32,76342.77,1.4366,1.4466,1.4009,1.418,1.3836,1.3677,3.00243677E7,7.31552981E7,5.32342454E7,-0.02096875655273644,-0.014421360748197326,-0.0082578775805868,1.4307,1.4007,1.3805,87.32,88.08,84.93,85.84,83.63,82.98,1453501.452,3009101.691,1664394.443,-0.02427240308294045,-0.008960150907804656,-0.012134189864382536,86.93,84.82,84.06,56.48,56.8,55.79,55.75,54.95,54.67,151412.239,255326.831,182047.015,-0.012615493958777556,0.00251934497030773,-0.007000538502961776,56.28,55.57,55.71,2380.0,2404.37,2310.88,2306.72,2266.09,2258.24,154591.6219,300363.8586,187932.2201,-0.027757613613343227,-0.006185781817708265,-0.015951638406233884,2369.44,2303.67,2289.42
2026-04-29T12:24:19,79485.66,77478.0,77904.93,76459.64,75666.6,74937.52,16046.92418,13210.72383,18279.93022,-0.013293685567210212,-0.0073716214384152426,0.0,77371.32,76342.77,75780.0,1.4466,1.4009,1.4067,1.3836,1.3677,1.3458,7.31552981E7,5.32342454E7,7.41948798E7,-0.014421360748197326,-0.0082578775805868,0.0,1.4007,1.3805,1.3691,88.08,84.93,85.56,83.63,82.98,81.4,3009101.691,1664394.443,2576063.596,-0.008960150907804656,-0.012134189864382536,0.0,84.82,84.06,83.04,56.8,55.79,57.71,54.95,54.67,54.35,255326.831,182047.015,407969.758,0.00251934497030773,-0.007000538502961776,0.0,55.57,55.71,55.32,2404.37,2310.88,2346.95,2266.09,2258.24,2220.36,300363.8586,187932.2201,355078.1015,-0.006185781817708265,-0.015951638406233884,0.0,2303.67,2289.42,2252.9
