date,BTC.high_5,BTC.high_4,BTC.high_3,BTC.high_2,BTC.high_1,BTC.high,BTC.low_5,BTC.low_4,BTC.low_3,BTC.low_2,BTC.low_1,BTC.low,BTC.volume_5,BTC.volume_4,BTC.volume_3,BTC.volume_2,BTC.volume_1,BTC.volume,BTC.numberOfTrades_5,BTC.numberOfTrades_4,BTC.numberOfTrades_3,BTC.numberOfTrades_2,BTC.numberOfTrades_1,BTC.numberOfTrades,BTC.takerBuyBaseAssetVolume_5,BTC.takerBuyBaseAssetVolume_4,BTC.takerBuyBaseAssetVolume_3,BTC.takerBuyBaseAssetVolume_2,BTC.takerBuyBaseAssetVolume_1,BTC.takerBuyBaseAssetVolume,BTC.close_5,BTC.close_4,BTC.close_3,BTC.close_2,BTC.close_1,BTC.close,ETH.high_5,ETH.high_4,ETH.high_3,ETH.high_2,ETH.high_1,ETH.high,ETH.low_5,ETH.low_4,ETH.low_3,ETH.low_2,ETH.low_1,ETH.low,ETH.volume_5,ETH.volume_4,ETH.volume_3,ETH.volume_2,ETH.volume_1,ETH.volume,ETH.numberOfTrades_5,ETH.numberOfTrades_4,ETH.numberOfTrades_3,ETH.numberOfTrades_2,ETH.numberOfTrades_1,ETH.numberOfTrades,ETH.takerBuyBaseAssetVolume_5,ETH.takerBuyBaseAssetVolume_4,ETH.takerBuyBaseAssetVolume_3,ETH.takerBuyBaseAssetVolume_2,ETH.takerBuyBaseAssetVolume_1,ETH.takerBuyBaseAssetVolume,ETH.close_5,ETH.close_4,ETH.close_3,ETH.close_2,ETH.close_1,ETH.close
2025-12-31T00:00:00,89567.75,87984.0,88088.75,90406.08,89400.0,89200.0,86655.08,87253.05,87435.0,86806.5,86845.66,87250.0,18344.61505,4469.55156,4446.29285,19894.98575,13105.91001,11558.62047,4509482,957536,1241426,4793589,3542176,2897396,8846.80613,2065.72405,2230.75216,10079.10102,6561.56089,5432.03408,87369.56,87877.01,87952.71,87237.13,88485.49,87648.22,2994.38,2960.89,2961.23,3057.78,3009.8,3028.08,2894.26,2917.13,2924.54,2910.25,2919.44,2958.91,314830.9989,95040.3956,128834.139,485959.1824,286583.2879,233729.5887,4062164,1004396,1484510,5162535,3959890,2935432,159371.2995,43285.9713,65373.9915,233555.1583,146128.2348,116217.5263,2927.99,2949.05,2950.91,2937.9,2973.69,2971.64
2026-01-01T00:00:00,87984.0,88088.75,90406.08,89400.0,89200.0,88919.45,87253.05,87435.0,86806.5,86845.66,87250.0,87550.43,4469.55156,4446.29285,19894.98575,13105.91001,11558.62047,6279.57133,957536,1241426,4793589,3542176,2897396,1449281,2065.72405,2230.75216,10079.10102,6561.56089,5432.03408,3123.64536,87877.01,87952.71,87237.13,88485.49,87648.22,88839.04,2960.89,2961.23,3057.78,3009.8,3028.08,3010.0,2917.13,2924.54,2910.25,2919.44,2958.91,2971.15,95040.3956,128834.139,485959.1824,286583.2879,233729.5887,136088.5207,1004396,1484510,5162535,3959890,2935432,1338212,43285.9713,65373.9915,233555.1583,146128.2348,116217.5263,66477.086,2949.05,2950.91,2937.9,2973.69,2971.64,3004.19
2026-01-02T00:00:00,88088.75,90406.08,89400.0,89200.0,88919.45,90961.81,87435.0,86806.5,86845.66,87250.0,87550.43,88379.88,4446.29285,19894.98575,13105.91001,11558.62047,6279.57133,17396.97301,1241426,4793589,3542176,2897396,1449281,5010211,2230.75216,10079.10102,6561.56089,5432.03408,3123.64536,8929.35447,87952.71,87237.13,88485.49,87648.22,88839.04,89995.13,2961.23,3057.78,3009.8,3028.08,3010.0,3150.01,2924.54,2910.25,2919.44,2958.91,2971.15,2992.49,128834.139,485959.1824,286583.2879,233729.5887,136088.5207,369891.2449,1484510,5162535,3959890,2935432,1338212,5276480,65373.9915,233555.1583,146128.2348,116217.5263,66477.086,195057.0391,2950.91,2937.9,2973.69,2971.64,3004.19,3125.45
2026-01-03T00:00:00,90406.08,89400.0,89200.0,88919.45,90961.81,90741.16,86806.5,86845.66,87250.0,87550.43,88379.88,89314.01,19894.98575,13105.91001,11558.62047,6279.57133,17396.97301,7057.46716,4793589,3542176,2897396,1449281,5010211,1684214,10079.10102,6561.56089,5432.03408,3123.64536,8929.35447,3791.72083,87237.13,88485.49,87648.22,88839.04,89995.13,90628.01,3057.78,3009.8,3028.08,3010.0,3150.01,3136.71,2910.25,2919.44,2958.91,2971.15,2992.49,3076.0,485959.1824,286583.2879,233729.5887,136088.5207,369891.2449,134405.2258,5162535,3959890,2935432,1338212,5276480,1823251,233555.1583,146128.2348,116217.5263,66477.086,195057.0391,66789.8067,2937.9,2973.69,2971.64,3004.19,3125.45,3127.11
2026-01-04T00:00:00,89400.0,89200.0,88919.45,90961.81,90741.16,91810.0,86845.66,87250.0,87550.43,88379.88,89314.01,90628.0,13105.91001,11558.62047,6279.57133,17396.97301,7057.46716,10426.5297,3542176,2897396,1449281,5010211,1684214,2207037,6561.56089,5432.03408,3123.64536,8929.35447,3791.72083,5320.99389,88485.49,87648.22,88839.04,89995.13,90628.01,91529.73,3009.8,3028.08,3010.0,3150.01,3136.71,3167.22,2919.44,2958.91,2971.15,2992.49,3076.0,3118.75,286583.2879,233729.5887,136088.5207,369891.2449,134405.2258,181576.0686,3959890,2935432,1338212,5276480,1823251,2261499,146128.2348,116217.5263,66477.086,195057.0391,66789.8067,94783.8698,2973.69,2971.64,3004.19,3125.45,3127.11,3144.7
2026-01-05T00:00:00,89200.0,88919.45,90961.81,90741.16,91810.0,94789.08,87250.0,87550.43,88379.88,89314.01,90628.0,91514.81,11558.62047,6279.57133,17396.97301,7057.46716,10426.5297,20673.59584,2897396,1449281,5010211,1684214,2207037,5485489,5432.03408,3123.64536,8929.35447,3791.72083,5320.99389,10892.9695,87648.22,88839.04,89995.13,90628.01,91529.73,93859.71,3028.08,3010.0,3150.01,3136.71,3167.22,3265.66,2958.91,2971.15,2992.49,3076.0,3118.75,3135.02,233729.5887,136088.5207,369891.2449,134405.2258,181576.0686,382446.6618,2935432,1338212,5276480,1823251,2261499,5401982,116217.5263,66477.086,195057.0391,66789.8067,94783.8698,188956.4336,2971.64,3004.19,3125.45,3127.11,3144.7,3224.99
2026-01-06T00:00:00,88919.45,90961.81,90741.16,91810.0,94789.08,94444.44,87550.43,88379.88,89314.01,90628.0,91514.81,91262.94,6279.57133,17396.97301,7057.46716,10426.5297,20673.59584,18546.41829,1449281,5010211,1684214,2207037,5485489,5018686,3123.64536,8929.35447,3791.72083,5320.99389,10892.9695,8108.82157,88839.04,89995.13,90628.01,91529.73,93859.71,93747.97,3010.0,3150.01,3136.71,3167.22,3265.66,3308.86,2971.15,2992.49,3076.0,3118.75,3135.02,3183.27,136088.5207,369891.2449,134405.2258,181576.0686,382446.6618,412503.5066,1338212,5276480,1823251,2261499,5401982,5310071,66477.086,195057.0391,66789.8067,94783.8698,188956.4336,204316.7995,3004.19,3125.45,3127.11,3144.7,3224.99,3296.84
2026-01-07T00:00:00,90961.81,90741.16,91810.0,94789.08,94444.44,93747.97,88379.88,89314.01,90628.0,91514.81,91262.94,90675.52,17396.97301,7057.46716,10426.5297,20673.59584,18546.41829,14276.49025,5010211,1684214,2207037,5485489,5018686,4340252,8929.35447,3791.72083,5320.99389,10892.9695,8108.82157,6714.86954,89995.13,90628.01,91529.73,93859.71,93747.97,91364.16,3150.01,3136.71,3167.22,3265.66,3308.86,3296.84,2992.49,3076.0,3118.75,3135.02,3183.27,3125.42,369891.2449,134405.2258,181576.0686,382446.6618,412503.5066,321350.1225,5276480,1823251,2261499,5401982,5310071,4839276,195057.0391,66789.8067,94783.8698,188956.4336,204316.7995,154644.9184,3125.45,3127.11,3144.7,3224.99,3296.84,3168.72
2026-01-08T00:00:00,90741.16,91810.0,94789.08,94444.44,93747.97,91687.99,89314.01,90628.0,91514.81,91262.94,90675.52,89311.0,7057.46716,10426.5297,20673.59584,18546.41829,14276.49025,16132.79117,1684214,2207037,5485489,5018686,4340252,4923472,3791.72083,5320.99389,10892.9695,8108.82157,6714.86954,8192.07574,90628.01,91529.73,93859.71,93747.97,91364.16,91099.99,3136.71,3167.22,3265.66,3308.86,3296.84,3184.39,3076.0,3118.75,3135.02,3183.27,3125.42,3054.65,134405.2258,181576.0686,382446.6618,412503.5066,321350.1225,343616.1005,1823251,2261499,5401982,5310071,4839276,4982423,66789.8067,94783.8698,188956.4336,204316.7995,154644.9184,167834.9366,3127.11,3144.7,3224.99,3296.84,3168.72,3106.65
2026-01-09T00:00:00,91810.0,94789.08,94444.44,93747.97,91687.99,92082.55,90628.0,91514.81,91262.94,90675.52,89311.0,89694.66,10426.5297,20673.59584,18546.41829,14276.49025,16132.79117,15590.27939,2207037,5485489,5018686,4340252,4923472,4155703,5320.99389,10892.9695,8108.82157,6714.86954,8192.07574,8512.4327,91529.73,93859.71,93747.97,91364.16,91099.99,90641.28,3167.22,3265.66,3308.86,3296.84,3184.39,3148.41,3118.75,3135.02,3183.27,3125.42,3054.65,3058.69,181576.0686,382446.6618,412503.5066,321350.1225,343616.1005,274587.4533,2261499,5401982,5310071,4839276,4982423,4182570,94783.8698,188956.4336,204316.7995,154644.9184,167834.9366,137269.6714,3144.7,3224.99,3296.84,3168.72,3106.65,3088.4
2026-01-10T00:00:00,94789.08,94444.44,93747.97,91687.99,92082.55,90832.0,91514.81,91262.94,90675.52,89311.0,89694.66,90404.0,20673.59584,18546.41829,14276.49025,16132.79117,15590.27939,3104.11722,5485489,5018686,4340252,4923472,4155703,766357,10892.9695,8108.82157,6714.86954,8192.07574,8512.4327,1551.97383,93859.71,93747.97,91364.16,91099.99,90641.28,90504.7,3265.66,3308.86,3296.84,3184.39,3148.41,3104.12,3135.02,3183.27,3125.42,3054.65,3058.69,3077.99,382446.6618,412503.5066,321350.1225,343616.1005,274587.4533,82341.0546,5401982,5310071,4839276,4982423,4182570,881069,188956.4336,204316.7995,154644.9184,167834.9366,137269.6714,44689.1628,3224.99,3296.84,3168.72,3106.65,3088.4,3086.72
2026-01-11T00:00:00,94444.44,93747.97,91687.99,92082.55,90832.0,91283.89,91262.94,90675.52,89311.0,89694.66,90404.0,90236.0,18546.41829,14276.49025,16132.79117,15590.27939,3104.11722,5477.13594,5018686,4340252,4923472,4155703,766357,1282029,8108.82157,6714.86954,8192.07574,8512.4327,1551.97383,2868.36168,93747.97,91364.16,91099.99,90641.28,90504.7,91013.65,3308.86,3296.84,3184.39,3148.41,3104.12,3147.27,3183.27,3125.42,3054.65,3058.69,3077.99,3084.46,412503.5066,321350.1225,343616.1005,274587.4533,82341.0546,149381.2965,5310071,4839276,4982423,4182570,881069,1522502,204316.7995,154644.9184,167834.9366,137269.6714,44689.1628,77521.2191,3296.84,3168.72,3106.65,3088.4,3086.72,3123.45
2026-01-12T00:00:00,93747.97,91687.99,92082.55,90832.0,91283.89,92519.95,90675.52,89311.0,89694.66,90404.0,90236.0,90128.44,14276.49025,16132.79117,15590.27939,3104.11722,5477.13594,16188.08268,4340252,4923472,4155703,766357,1282029,4099509,6714.86954,8192.07574,8512.4327,1551.97383,2868.36168,8092.5428,91364.16,91099.99,90641.28,90504.7,91013.65,91296.2,3296.84,3184.39,3148.41,3104.12,3147.27,3171.49,3125.42,3054.65,3058.69,3077.99,3084.46,3065.55,321350.1225,343616.1005,274587.4533,82341.0546,149381.2965,297373.4681,4839276,4982423,4182570,881069,1522502,4303605,154644.9184,167834.9366,137269.6714,44689.1628,77521.2191,145169.9489,3168.72,3106.65,3088.4,3086.72,3123.45,3095.75
2026-01-13T00:00:00,91687.99,92082.55,90832.0,91283.89,92519.95,96495.0,89311.0,89694.66,90404.0,90236.0,90128.44,91042.66,16132.79117,15590.27939,3104.11722,5477.13594,16188.08268,23021.51482,4923472,4155703,766357,1282029,4099509,5025071,8192.07574,8512.4327,1551.97383,2868.36168,8092.5428,12405.23056,91099.99,90641.28,90504.7,91013.65,91296.2,95414.0,3184.39,3148.41,3104.12,3147.27,3171.49,3367.79,3054.65,3058.69,3077.99,3084.46,3065.55,3091.96,343616.1005,274587.4533,82341.0546,149381.2965,297373.4681,457782.2816,4982423,4182570,881069,1522502,4303605,4876916,167834.9366,137269.6714,44689.1628,77521.2191,145169.9489,239733.9448,3106.65,3088.4,3086.72,3123.45,3095.75,3325.82
2026-01-14T00:00:00,92082.55,90832.0,91283.89,92519.95,96495.0,97924.49,89694.66,90404.0,90236.0,90128.44,91042.66,94559.28,15590.27939,3104.11722,5477.13594,16188.08268,23021.51482,22851.89428,4155703,766357,1282029,4099509,5025071,5346212,8512.4327,1551.97383,2868.36168,8092.5428,12405.23056,11974.98829,90641.28,90504.7,91013.65,91296.2,95414.0,96951.78,3148.41,3104.12,3147.27,3171.49,3367.79,3402.89,3058.69,3077.99,3084.46,3065.55,3091.96,3280.48,274587.4533,82341.0546,149381.2965,297373.4681,457782.2816,503440.0759,4182570,881069,1522502,4303605,4876916,5351410,137269.6714,44689.1628,77521.2191,145169.9489,239733.9448,242601.2111,3088.4,3086.72,3123.45,3095.75,3325.82,3354.92
2026-01-15T00:00:00,90832.0,91283.89,92519.95,96495.0,97924.49,97193.34,90404.0,90236.0,90128.44,91042.66,94559.28,95134.48,3104.11722,5477.13594,16188.08268,23021.51482,22851.89428,21725.81369,766357,1282029,4099509,5025071,5346212,4493095,1551.97383,2868.36168,8092.5428,12405.23056,11974.98829,10841.32767,90504.7,91013.65,91296.2,95414.0,96951.78,95604.8,3104.12,3147.27,3171.49,3367.79,3402.89,3384.19,3077.99,3084.46,3065.55,3091.96,3280.48,3273.72,82341.0546,149381.2965,297373.4681,457782.2816,503440.0759,389993.836,881069,1522502,4303605,4876916,5351410,4766390,44689.1628,77521.2191,145169.9489,239733.9448,242601.2111,182106.0811,3086.72,3123.45,3095.75,3325.82,3354.92,3318.69
2026-01-16T00:00:00,91283.89,92519.95,96495.0,97924.49,97193.34,95871.47,90236.0,90128.44,91042.66,94559.28,95134.48,94293.46,5477.13594,16188.08268,23021.51482,22851.89428,21725.81369,11167.7146,1282029,4099509,5025071,5346212,4493095,2971559,2868.36168,8092.5428,12405.23056,11974.98829,10841.32767,5055.06952,91013.65,91296.2,95414.0,96951.78,95604.8,95550.94,3147.27,3171.49,3367.79,3402.89,3384.19,3326.79,3084.46,3065.55,3091.96,3280.48,3273.72,3253.01,149381.2965,297373.4681,457782.2816,503440.0759,389993.836,223921.7876,1522502,4303605,4876916,5351410,4766390,3528248,77521.2191,145169.9489,239733.9448,242601.2111,182106.0811,109159.1615,3123.45,3095.75,3325.82,3354.92,3318.69,3296.28
2026-01-17T00:00:00,92519.95,96495.0,97924.49,97193.34,95871.47,95639.45,90128.44,91042.66,94559.28,95134.48,94293.46,95021.67,16188.08268,23021.51482,22851.89428,21725.81369,11167.7146,4280.80137,4099509,5025071,5346212,4493095,2971559,1020527,8092.5428,12405.23056,11974.98829,10841.32767,5055.06952,2059.85283,91296.2,95414.0,96951.78,95604.8,95550.94,95147.77,3171.49,3367.79,3402.89,3384.19,3326.79,3330.26,3065.55,3091.96,3280.48,3273.72,3253.01,3283.96,297373.4681,457782.2816,503440.0759,389993.836,223921.7876,124325.0303,4303605,4876916,5351410,4766390,3528248,1229614,145169.9489,239733.9448,242601.2111,182106.0811,109159.1615,68643.5852,3095.75,3325.82,3354.92,3318.69,3296.28,3310.56
2026-01-18T00:00:00,96495.0,97924.49,97193.34,95871.47,95639.45,95531.12,91042.66,94559.28,95134.48,94293.46,95021.67,93615.4,23021.51482,22851.89428,21725.81369,11167.7146,4280.80137,6895.17819,5025071,5346212,4493095,2971559,1020527,1488785,12405.23056,11974.98829,10841.32767,5055.06952,2059.85283,3107.35604,95414.0,96951.78,95604.8,95550.94,95147.77,93673.14,3367.79,3402.89,3384.19,3326.79,3330.26,3368.82,3091.96,3280.48,3273.72,3253.01,3283.96,3278.86,457782.2816,503440.0759,389993.836,223921.7876,124325.0303,173354.3026,4876916,5351410,4766390,3528248,1229614,2227452,239733.9448,242601.2111,182106.0811,109159.1615,68643.5852,93056.7992,3325.82,3354.92,3318.69,3296.28,3310.56,3284.03
2026-01-19T00:00:00,97924.49,97193.34,95871.47,95639.45,95531.12,93673.14,94559.28,95134.48,94293.46,95021.67,93615.4,91910.2,22851.89428,21725.81369,11167.7146,4280.80137,6895.17819,14295.52747,5346212,4493095,2971559,1020527,1488785,3359066,11974.98829,10841.32767,5055.06952,2059.85283,3107.35604,6906.84245,96951.78,95604.8,95550.94,95147.77,93673.14,92631.0,3402.89,3384.19,3326.79,3330.26,3368.82,3284.58,3280.48,3273.72,3253.01,3283.96,3278.86,3165.38,503440.0759,389993.836,223921.7876,124325.0303,173354.3026,442540.5596,5351410,4766390,3528248,1229614,2227452,4406164,242601.2111,182106.0811,109159.1615,68643.5852,93056.7992,225707.6739,3354.92,3318.69,3296.28,3310.56,3284.03,3189.55
2026-01-20T00:00:00,97193.34,95871.47,95639.45,95531.12,93673.14,92870.0,95134.48,94293.46,95021.67,93615.4,91910.2,87895.98,21725.81369,11167.7146,4280.80137,6895.17819,14295.52747,22007.3261,4493095,2971559,1020527,1488785,3359066,6064031,10841.32767,5055.06952,2059.85283,3107.35604,6906.84245,9629.19624,95604.8,95550.94,95147.77,93673.14,92631.0,88427.66,3384.19,3326.79,3330.26,3368.82,3284.58,3200.5,3273.72,3253.01,3283.96,3278.86,3165.38,2920.0,389993.836,223921.7876,124325.0303,173354.3026,442540.5596,518166.4787,4766390,3528248,1229614,2227452,4406164,7228638,182106.0811,109159.1615,68643.5852,93056.7992,225707.6739,251605.1302,3318.69,3296.28,3310.56,3284.03,3189.55,2939.88
2026-01-21T00:00:00,95871.47,95639.45,95531.12,93673.14,92870.0,90574.0,94293.46,95021.67,93615.4,91910.2,87895.98,87263.53,11167.7146,4280.80137,6895.17819,14295.52747,22007.3261,20617.50372,2971559,1020527,1488785,3359066,6064031,6419053,5055.06952,2059.85283,3107.35604,6906.84245,9629.19624,10265.21302,95550.94,95147.77,93673.14,92631.0,88427.66,89454.73,3326.79,3330.26,3368.82,3284.58,3200.5,3069.07,3253.01,3283.96,3278.86,3165.38,2920.0,2866.11,223921.7876,124325.0303,173354.3026,442540.5596,518166.4787,577800.2481,3528248,1229614,2227452,4406164,7228638,8064316,109159.1615,68643.5852,93056.7992,225707.6739,251605.1302,296961.807,3296.28,3310.56,3284.03,3189.55,2939.88,2982.27
2026-01-22T00:00:00,95639.45,95531.12,93673.14,92870.0,90574.0,90359.99,95021.67,93615.4,91910.2,87895.98,87263.53,88515.37,4280.80137,6895.17819,14295.52747,22007.3261,20617.50372,10825.50492,1020527,1488785,3359066,6064031,6419053,3743412,2059.85283,3107.35604,6906.84245,9629.19624,10265.21302,5529.54766,95147.77,93673.14,92631.0,88427.66,89454.73,89559.67,3330.26,3368.82,3284.58,3200.5,3069.07,3038.33,3283.96,3278.86,3165.38,2920.0,2866.11,2906.02,124325.0303,173354.3026,442540.5596,518166.4787,577800.2481,291660.7349,1229614,2227452,4406164,7228638,8064316,4696521,68643.5852,93056.7992,225707.6739,251605.1302,296961.807,144410.7947,3310.56,3284.03,3189.55,2939.88,2982.27,2952.69
2026-01-23T00:00:00,95531.12,93673.14,92870.0,90574.0,90359.99,91224.99,93615.4,91910.2,87895.98,87263.53,88515.37,88578.36,6895.17819,14295.52747,22007.3261,20617.50372,10825.50492,13918.48919,1488785,3359066,6064031,6419053,3743412,4619907,3107.35604,6906.84245,9629.19624,10265.21302,5529.54766,6911.17668,93673.14,92631.0,88427.66,89454.73,89559.67,89600.26,3368.82,3284.58,3200.5,3069.07,3038.33,3019.26,3278.86,3165.38,2920.0,2866.11,2906.02,2892.4,173354.3026,442540.5596,518166.4787,577800.2481,291660.7349,318415.3317,2227452,4406164,7228638,8064316,4696521,5479038,93056.7992,225707.6739,251605.1302,296961.807,144410.7947,159251.2529,3284.03,3189.55,2939.88,2982.27,2952.69,2956.41
2026-01-24T00:00:00,93673.14,92870.0,90574.0,90359.99,91224.99,89957.39,91910.2,87895.98,87263.53,88515.37,88578.36,89162.08,14295.52747,22007.3261,20617.50372,10825.50492,13918.48919,4226.56737,3359066,6064031,6419053,3743412,4619907,959854,6906.84245,9629.19624,10265.21302,5529.54766,6911.17668,1835.96939,92631.0,88427.66,89454.73,89559.67,89600.26,89225.34,3284.58,3200.5,3069.07,3038.33,3019.26,2970.41,3165.38,2920.0,2866.11,2906.02,2892.4,2943.84,442540.5596,518166.4787,577800.2481,291660.7349,318415.3317,92082.9039,4406164,7228638,8064316,4696521,5479038,1185149,225707.6739,251605.1302,296961.807,144410.7947,159251.2529,41483.2107,3189.55,2939.88,2982.27,2952.69,2956.41,2953.22
2026-01-25T00:00:00,92870.0,90574.0,90359.99,91224.99,89957.39,89319.13,87895.98,87263.53,88515.37,88578.36,89162.08,86074.72,22007.3261,20617.50372,10825.50492,13918.48919,4226.56737,14426.22019,6064031,6419053,3743412,4619907,959854,3720178,9629.19624,10265.21302,5529.54766,6911.17668,1835.96939,6269.27657,88427.66,89454.73,89559.67,89600.26,89225.34,86670.36,3200.5,3069.07,3038.33,3019.26,2970.41,2960.29,2920.0,2866.11,2906.02,2892.4,2943.84,2787.0,518166.4787,577800.2481,291660.7349,318415.3317,92082.9039,380186.5326,7228638,8064316,4696521,5479038,1185149,4637787,251605.1302,296961.807,144410.7947,159251.2529,41483.2107,165133.7717,2939.88,2982.27,2952.69,2956.41,2953.22,2816.89
2026-01-26T00:00:00,90574.0,90359.99,91224.99,89957.39,89319.13,88860.0,87263.53,88515.37,88578.36,89162.08,86074.72,86509.63,20617.50372,10825.50492,13918.48919,4226.56737,14426.22019,17766.51453,6419053,3743412,4619907,959854,3720178,4798083,10265.21302,5529.54766,6911.17668,1835.96939,6269.27657,9428.94206,89454.73,89559.67,89600.26,89225.34,86670.36,88347.08,3069.07,3038.33,3019.26,2970.41,2960.29,2951.21,2866.11,2906.02,2892.4,2943.84,2787.0,2812.37,577800.2481,291660.7349,318415.3317,92082.9039,380186.5326,485169.3372,8064316,4696521,5479038,1185149,4637787,5933570,296961.807,144410.7947,159251.2529,41483.2107,165133.7717,239396.1448,2982.27,2952.69,2956.41,2953.22,2816.89,2930.35
2026-01-27T00:00:00,90359.99,91224.99,89957.39,89319.13,88860.0,89523.16,88515.37,88578.36,89162.08,86074.72,86509.63,87304.33,10825.50492,13918.48919,4226.56737,14426.22019,17766.51453,13125.40425,3743412,4619907,959854,3720178,4798083,3787336,5529.54766,6911.17668,1835.96939,6269.27657,9428.94206,6722.86937,89559.67,89600.26,89225.34,86670.36,88347.08,89250.0,3038.33,3019.26,2970.41,2960.29,2951.21,3035.08,2906.02,2892.4,2943.84,2787.0,2812.37,2899.77,291660.7349,318415.3317,92082.9039,380186.5326,485169.3372,478792.3988,4696521,5479038,1185149,4637787,5933570,5278439,144410.7947,159251.2529,41483.2107,165133.7717,239396.1448,229630.1728,2952.69,2956.41,2953.22,2816.89,2930.35,3026.77
2026-01-28T00:00:00,91224.99,89957.39,89319.13,88860.0,89523.16,90600.0,88578.36,89162.08,86074.72,86509.63,87304.33,88833.65,13918.48919,4226.56737,14426.22019,17766.51453,13125.40425,14332.18502,4619907,959854,3720178,4798083,3787336,4385791,6911.17668,1835.96939,6269.27657,9428.94206,6722.86937,7015.44336,89600.26,89225.34,86670.36,88347.08,89250.0,89299.99,3019.26,2970.41,2960.29,2951.21,3035.08,3045.78,2892.4,2943.84,2787.0,2812.37,2899.77,2983.67,318415.3317,92082.9039,380186.5326,485169.3372,478792.3988,296607.6549,5479038,1185149,4637787,5933570,5278439,5061029,159251.2529,41483.2107,165133.7717,239396.1448,229630.1728,154557.6064,2956.41,2953.22,2816.89,2930.35,3026.77,3010.78
2026-01-29T00:00:00,89957.39,89319.13,88860.0,89523.16,90600.0,89348.0,89162.08,86074.72,86509.63,87304.33,88833.65,83383.33,4226.56737,14426.22019,17766.51453,13125.40425,14332.18502,30431.38201,959854,3720178,4798083,3787336,4385791,5598749,1835.96939,6269.27657,9428.94206,6722.86937,7015.44336,12385.58906,89225.34,86670.36,88347.08,89250.0,89299.99,84650.16,2970.41,2960.29,2951.21,3035.08,3045.78,3013.5,2943.84,2787.0,2812.37,2899.77,2983.67,2754.53,92082.9039,380186.5326,485169.3372,478792.3988,296607.6549,561288.5979,1185149,4637787,5933570,5278439,5061029,6779608,41483.2107,165133.7717,239396.1448,229630.1728,154557.6064,270939.8171,2953.22,2816.89,2930.35,3026.77,3010.78,2822.59
2026-01-30T00:00:00,89319.13,88860.0,89523.16,90600.0,89348.0,84735.75,86074.72,86509.63,87304.33,88833.65,83383.33,81118.0,14426.22019,17766.51453,13125.40425,14332.18502,30431.38201,35195.84793,3720178,4798083,3787336,4385791,5598749,8998829,6269.27657,9428.94206,6722.86937,7015.44336,12385.58906,16749.59784,86670.36,88347.08,89250.0,89299.99,84650.16,84260.49,2960.29,2951.21,3035.08,3045.78,3013.5,2828.65,2787.0,2812.37,2899.77,2983.67,2754.53,2636.01,380186.5326,485169.3372,478792.3988,296607.6549,561288.5979,793279.6252,4637787,5933570,5278439,5061029,6779608,10661631,165133.7717,239396.1448,229630.1728,154557.6064,270939.8171,388766.163,2816.89,2930.35,3026.77,3010.78,2822.59,2707.38
2026-01-31T00:00:00,88860.0,89523.16,90600.0,89348.0,84735.75,84270.02,86509.63,87304.33,88833.65,83383.33,81118.0,75719.9,17766.51453,13125.40425,14332.18502,30431.38201,35195.84793,39491.89133,4798083,3787336,4385791,5598749,8998829,7384976,9428.94206,6722.86937,7015.44336,12385.58906,16749.59784,17959.61358,88347.08,89250.0,89299.99,84650.16,84260.49,78741.09,2951.21,3035.08,3045.78,3013.5,2828.65,2714.64,2812.37,2899.77,2983.67,2754.53,2636.01,2250.0,485169.3372,478792.3988,296607.6549,561288.5979,793279.6252,1113097.7132,5933570,5278439,5061029,6779608,10661631,9305297,239396.1448,229630.1728,154557.6064,270939.8171,388766.163,520430.2055,2930.35,3026.77,3010.78,2822.59,2707.38,2451.95
2026-02-01T00:00:00,89523.16,90600.0,89348.0,84735.75,84270.02,79424.0,87304.33,88833.65,83383.33,81118.0,75719.9,75700.0,13125.40425,14332.18502,30431.38201,35195.84793,39491.89133,25395.48168,3787336,4385791,5598749,8998829,7384976,8001906,6722.86937,7015.44336,12385.58906,16749.59784,17959.61358,12031.74392,89250.0,89299.99,84650.16,84260.49,78741.09,76968.21,3035.08,3045.78,3013.5,2828.65,2714.64,2475.98,2899.77,2983.67,2754.53,2636.01,2250.0,2222.0,478792.3988,296607.6549,561288.5979,793279.6252,1113097.7132,1026573.9466,5278439,5061029,6779608,10661631,9305297,11038637,229630.1728,154557.6064,270939.8171,388766.163,520430.2055,455879.6449,3026.77,3010.78,2822.59,2707.38,2451.95,2270.15
2026-02-02T00:00:00,90600.0,89348.0,84735.75,84270.02,79424.0,79360.0,88833.65,83383.33,81118.0,75719.9,75700.0,74604.0,14332.18502,30431.38201,35195.84793,39491.89133,25395.48168,42273.59016,4385791,5598749,8998829,7384976,8001906,10085578,7015.44336,12385.58906,16749.59784,17959.61358,12031.74392,21480.45115,89299.99,84650.16,84260.49,78741.09,76968.21,78738.61,3045.78,3013.5,2828.65,2714.64,2475.98,2396.62,2983.67,2754.53,2636.01,2250.0,2222.0,2157.14,296607.6549,561288.5979,793279.6252,1113097.7132,1026573.9466,1248535.2114,5061029,6779608,10661631,9305297,11038637,11149156,154557.6064,270939.8171,388766.163,520430.2055,455879.6449,614416.942,3010.78,2822.59,2707.38,2451.95,2270.15,2347.02
2026-02-03T00:00:00,89348.0,84735.75,84270.02,79424.0,79360.0,79186.81,83383.33,81118.0,75719.9,75700.0,74604.0,72945.5,30431.38201,35195.84793,39491.89133,25395.48168,42273.59016,39120.10889,5598749,8998829,7384976,8001906,10085578,9199445,12385.58906,16749.59784,17959.61358,12031.74392,21480.45115,17304.88253,84650.16,84260.49,78741.09,76968.21,78738.61,75770.21,3013.5,2828.65,2714.64,2475.98,2396.62,2359.88,2754.53,2636.01,2250.0,2222.0,2157.14,2110.0,561288.5979,793279.6252,1113097.7132,1026573.9466,1248535.2114,1321099.3867,6779608,10661631,9305297,11038637,11149156,11643770,270939.8171,388766.163,520430.2055,455879.6449,614416.942,666418.2157,2822.59,2707.38,2451.95,2270.15,2347.02,2233.72
2026-02-04T00:00:00,84735.75,84270.02,79424.0,79360.0,79186.81,76971.52,81118.0,75719.9,75700.0,74604.0,72945.5,71888.0,35195.84793,39491.89133,25395.48168,42273.59016,39120.10889,38375.36,8998829,7384976,8001906,10085578,9199445,10724002,16749.59784,17959.61358,12031.74392,21480.45115,17304.88253,17274.35569,84260.49,78741.09,76968.21,78738.61,75770.21,73165.83,2828.65,2714.64,2475.98,2396.62,2359.88,2295.74,2636.01,2250.0,2222.0,2157.14,2110.0,2076.68,793279.6252,1113097.7132,1026573.9466,1248535.2114,1321099.3867,1264743.43,10661631,9305297,11038637,11149156,11643770,10912540,388766.163,520430.2055,455879.6449,614416.942,666418.2157,609896.0952,2707.38,2451.95,2270.15,2347.02,2233.72,2148.26
2026-02-05T00:00:00,84270.02,79424.0,79360.0,79186.81,76971.52,73341.18,75719.9,75700.0,74604.0,72945.5,71888.0,62345.0,39491.89133,25395.48168,42273.59016,39120.10889,38375.36,106298.82899,7384976,8001906,10085578,9199445,10724002,15364010,17959.61358,12031.74392,21480.45115,17304.88253,17274.35569,49042.65006,78741.09,76968.21,78738.61,75770.21,73165.83,62909.86,2714.64,2475.98,2396.62,2359.88,2295.74,2173.77,2250.0,2222.0,2157.14,2110.0,2076.68,1818.18,1113097.7132,1026573.9466,1248535.2114,1321099.3867,1264743.43,1952286.6951,9305297,11038637,11149156,11643770,10912540,13667587,520430.2055,455879.6449,614416.942,666418.2157,609896.0952,967965.2824,2451.95,2270.15,2347.02,2233.72,2148.26,1826.83
2026-02-06T00:00:00,79424.0,79360.0,79186.81,76971.52,73341.18,71751.33,75700.0,74604.0,72945.5,71888.0,62345.0,60000.0,25395.48168,42273.59016,39120.10889,38375.36,106298.82899,92539.21531,8001906,10085578,9199445,10724002,15364010,13228528,12031.74392,21480.45115,17304.88253,17274.35569,49042.65006,49477.51198,76968.21,78738.61,75770.21,73165.83,62909.86,70580.26,2475.98,2396.62,2359.88,2295.74,2173.77,2093.94,2222.0,2157.14,2110.0,2076.68,1818.18,1747.8,1026573.9466,1248535.2114,1321099.3867,1264743.43,1952286.6951,2102311.5573,11038637,11149156,11643770,10912540,13667587,12362731,455879.6449,614416.942,666418.2157,609896.0952,967965.2824,1189792.5763,2270.15,2347.02,2233.72,2148.26,1826.83,2063.38
2026-02-07T00:00:00,79360.0,79186.81,76971.52,73341.18,71751.33,71690.07,74604.0,72945.5,71888.0,62345.0,60000.0,67300.0,42273.59016,39120.10889,38375.36,106298.82899,92539.21531,44255.48036,10085578,9199445,10724002,15364010,13228528,7167427,21480.45115,17304.88253,17274.35569,49042.65006,49477.51198,18766.22233,78738.61,75770.21,73165.83,62909.86,70580.26,69289.38,2396.62,2359.88,2295.74,2173.77,2093.94,2121.7,2157.14,2110.0,2076.68,1818.18,1747.8,1994.57,1248535.2114,1321099.3867,1264743.43,1952286.6951,2102311.5573,1142616.4487,11149156,11643770,10912540,13667587,12362731,7938360,614416.942,666418.2157,609896.0952,967965.2824,1189792.5763,548585.9421,2347.02,2233.72,2148.26,1826.83,2063.38,2087.08
2026-02-08T00:00:00,79186.81,76971.52,73341.18,71751.33,71690.07,72271.41,72945.5,71888.0,62345.0,60000.0,67300.0,68888.0,39120.10889,38375.36,106298.82899,92539.21531,44255.48036,21420.53168,9199445,10724002,15364010,13228528,7167427,4870449,17304.88253,17274.35569,49042.65006,49477.51198,18766.22233,11435.75238,75770.21,73165.83,62909.86,70580.26,69289.38,70330.38,2359.88,2295.74,2173.77,2093.94,2121.7,2152.03,2110.0,2076.68,1818.18,1747.8,1994.57,2064.1,1321099.3867,1264743.43,1952286.6951,2102311.5573,1142616.4487,482837.2515,11643770,10912540,13667587,12362731,7938360,4379045,666418.2157,609896.0952,967965.2824,1189792.5763,548585.9421,228020.7596,2233.72,2148.26,1826.83,2063.38,2087.08,2089.74
2026-02-09T00:00:00,76971.52,73341.18,71751.33,71690.07,72271.41,71453.53,71888.0,62345.0,60000.0,67300.0,68888.0,68308.0,38375.36,106298.82899,92539.21531,44255.48036,21420.53168,29152.72842,10724002,15364010,13228528,7167427,4870449,6644769,17274.35569,49042.65006,49477.51198,18766.22233,11435.75238,13854.63486,73165.83,62909.86,70580.26,69289.38,70330.38,70138.0,2295.74,2173.77,2093.94,2121.7,2152.03,2147.73,2076.68,1818.18,1747.8,1994.57,2064.1,2008.62,1264743.43,1952286.6951,2102311.5573,1142616.4487,482837.2515,625378.5569,10912540,13667587,12362731,7938360,4379045,6331904,609896.0952,967965.2824,1189792.5763,548585.9421,228020.7596,315446.5313,2148.26,1826.83,2063.38,2087.08,2089.74,2105.02
2026-02-10T00:00:00,73341.18,71751.33,71690.07,72271.41,71453.53,70527.59,62345.0,60000.0,67300.0,68888.0,68308.0,67800.0,106298.82899,92539.21531,44255.48036,21420.53168,29152.72842,20373.77072,15364010,13228528,7167427,4870449,6644769,4558658,49042.65006,49477.51198,18766.22233,11435.75238,13854.63486,9237.21056,62909.86,70580.26,69289.38,70330.38,70138.0,68841.29,2173.77,2093.94,2121.7,2152.03,2147.73,2124.71,1818.18,1747.8,1994.57,2064.1,2008.62,1989.38,1952286.6951,2102311.5573,1142616.4487,482837.2515,625378.5569,574321.6908,13667587,12362731,7938360,4379045,6331904,5159394,967965.2824,1189792.5763,548585.9421,228020.7596,315446.5313,276990.265,1826.83,2063.38,2087.08,2089.74,2105.02,2022.67
2026-02-11T00:00:00,71751.33,71690.07,72271.41,71453.53,70527.59,69292.88,60000.0,67300.0,68888.0,68308.0,67800.0,65756.0,92539.21531,44255.48036,21420.53168,29152.72842,20373.77072,28718.24602,13228528,7167427,4870449,6644769,4558658,6956577,49477.51198,18766.22233,11435.75238,13854.63486,9237.21056,14335.50997,70580.26,69289.38,70330.38,70138.0,68841.29,67082.52,2093.94,2121.7,2152.03,2147.73,2124.71,2032.31,1747.8,1994.57,2064.1,2008.62,1989.38,1903.19,2102311.5573,1142616.4487,482837.2515,625378.5569,574321.6908,529655.8177,12362731,7938360,4379045,6331904,5159394,6450810,1189792.5763,548585.9421,228020.7596,315446.5313,276990.265,259017.7416,2063.38,2087.08,2089.74,2105.02,2022.67,1941.18
2026-02-12T00:00:00,71690.07,72271.41,71453.53,70527.59,69292.88,68410.52,67300.0,68888.0,68308.0,67800.0,65756.0,65118.0,44255.48036,21420.53168,29152.72842,20373.77072,28718.24602,24271.74283,7167427,4870449,6644769,4558658,6956577,6778280,18766.22233,11435.75238,13854.63486,9237.21056,14335.50997,12101.72511,69289.38,70330.38,70138.0,68841.29,67082.52,66272.17,2121.7,2152.03,2147.73,2124.71,2032.31,2001.42,1994.57,2064.1,2008.62,1989.38,1903.19,1897.24,1142616.4487,482837.2515,625378.5569,574321.6908,529655.8177,427567.1469,7938360,4379045,6331904,5159394,6450810,5262808,548585.9421,228020.7596,315446.5313,276990.265,259017.7416,212467.499,2087.08,2089.74,2105.02,2022.67,1941.18,1947.85
2026-02-13T00:00:00,72271.41,71453.53,70527.59,69292.88,68410.52,69482.97,68888.0,68308.0,67800.0,65756.0,65118.0,65872.46,21420.53168,29152.72842,20373.77072,28718.24602,24271.74283,20244.54955,4870449,6644769,4558658,6956577,6778280,6450842,11435.75238,13854.63486,9237.21056,14335.50997,12101.72511,10425.24887,70330.38,70138.0,68841.29,67082.52,66272.17,68853.96,2152.03,2147.73,2124.71,2032.31,2001.42,2073.68,2064.1,2008.62,1989.38,1903.19,1897.24,1924.72,482837.2515,625378.5569,574321.6908,529655.8177,427567.1469,425649.7698,4379045,6331904,5159394,6450810,5262808,4695571,228020.7596,315446.5313,276990.265,259017.7416,212467.499,215643.6192,2089.74,2105.02,2022.67,1941.18,1947.85,2048.72
2026-02-14T00:00:00,71453.53,70527.59,69292.88,68410.52,69482.97,70560.01,68308.0,67800.0,65756.0,65118.0,65872.46,68730.13,29152.72842,20373.77072,28718.24602,24271.74283,20244.54955,18114.78393,6644769,4558658,6956577,6778280,6450842,3803163,13854.63486,9237.21056,14335.50997,12101.72511,10425.24887,7857.93423,70138.0,68841.29,67082.52,66272.17,68853.96,69822.95,2147.73,2124.71,2032.31,2001.42,2073.68,2107.67,2008.62,1989.38,1903.19,1897.24,1924.72,2042.37,625378.5569,574321.6908,529655.8177,427567.1469,425649.7698,220677.2355,6331904,5159394,6450810,5262808,4695571,2720271,315446.5313,276990.265,259017.7416,212467.499,215643.6192,110065.542,2105.02,2022.67,1941.18,1947.85,2048.72,2086.59
2026-02-15T00:00:00,70527.59,69292.88,68410.52,69482.97,70560.01,70983.0,67800.0,65756.0,65118.0,65872.46,68730.13,68000.0,20373.77072,28718.24602,24271.74283,20244.54955,18114.78393,22290.05208,4558658,6956577,6778280,6450842,3803163,4598633,9237.21056,14335.50997,12101.72511,10425.24887,7857.93423,8861.59262,68841.29,67082.52,66272.17,68853.96,69822.95,68832.58,2124.71,2032.31,2001.42,2073.68,2107.67,2103.32,1989.38,1903.19,1897.24,1924.72,2042.37,1928.88,574321.6908,529655.8177,427567.1469,425649.7698,220677.2355,834778.0952,5159394,6450810,5262808,4695571,2720271,5864311,276990.265,259017.7416,212467.499,215643.6192,110065.542,323503.2298,2022.67,1941.18,1947.85,2048.72,2086.59,1966.58
2026-02-16T00:00:00,69292.88,68410.52,69482.97,70560.01,70983.0,70126.67,65756.0,65118.0,65872.46,68730.13,68000.0,67294.11,28718.24602,24271.74283,20244.54955,18114.78393,22290.05208,15515.76534,6956577,6778280,6450842,3803163,4598633,5233849,14335.50997,12101.72511,10425.24887,7857.93423,8861.59262,8153.4314,67082.52,66272.17,68853.96,69822.95,68832.58,68892.43,2032.31,2001.42,2073.68,2107.67,2103.32,2023.51,1903.19,1897.24,1924.72,2042.37,1928.88,1937.24,529655.8177,427567.1469,425649.7698,220677.2355,834778.0952,351347.9433,6450810,5262808,4695571,2720271,5864311,4476026,259017.7416,212467.499,215643.6192,110065.542,323503.2298,178158.7858,1941.18,1947.85,2048.72,2086.59,1966.58,1998.33
2026-02-17T00:00:00,68410.52,69482.97,70560.01,70983.0,70126.67,69241.5,65118.0,65872.46,68730.13,68000.0,67294.11,66621.06,24271.74283,20244.54955,18114.78393,22290.05208,15515.76534,16489.06921,6778280,6450842,3803163,4598633,5233849,5994853,12101.72511,10425.24887,7857.93423,8861.59262,8153.4314,7538.45107,66272.17,68853.96,69822.95,68832.58,68892.43,67503.52,2001.42,2073.68,2107.67,2103.32,2023.51,2015.33,1897.24,1924.72,2042.37,1928.88,1937.24,1941.66,427567.1469,425649.7698,220677.2355,834778.0952,351347.9433,406246.9427,5262808,4695571,2720271,5864311,4476026,6420841,212467.499,215643.6192,110065.542,323503.2298,178158.7858,196947.7031,1947.85,2048.72,2086.59,1966.58,1998.33,1991.66
2026-02-18T00:00:00,69482.97,70560.01,70983.0,70126.67,69241.5,68476.22,65872.46,68730.13,68000.0,67294.11,66621.06,65870.0,20244.54955,18114.78393,22290.05208,15515.76534,16489.06921,15492.43839,6450842,3803163,4598633,5233849,5994853,4548997,10425.24887,7857.93423,8861.59262,8153.4314,7538.45107,7895.05707,68853.96,69822.95,68832.58,68892.43,67503.52,66461.0,2073.68,2107.67,2103.32,2023.51,2015.33,2039.05,1924.72,2042.37,1928.88,1937.24,1941.66,1923.78,425649.7698,220677.2355,834778.0952,351347.9433,406246.9427,393639.0086,4695571,2720271,5864311,4476026,6420841,5176537,215643.6192,110065.542,323503.2298,178158.7858,196947.7031,191523.6119,2048.72,2086.59,1966.58,1998.33,1991.66,1955.91
2026-02-19T00:00:00,70560.01,70983.0,70126.67,69241.5,68476.22,67320.0,68730.13,68000.0,67294.11,66621.06,65870.0,65631.83,18114.78393,22290.05208,15515.76534,16489.06921,15492.43839,14542.26988,3803163,4598633,5233849,5994853,4548997,4679351,7857.93423,8861.59262,8153.4314,7538.45107,7895.05707,7106.70741,69822.95,68832.58,68892.43,67503.52,66461.0,67003.73,2107.67,2103.32,2023.51,2015.33,2039.05,1987.55,2042.37,1928.88,1937.24,1941.66,1923.78,1907.0,220677.2355,834778.0952,351347.9433,406246.9427,393639.0086,300257.0733,2720271,5864311,4476026,6420841,5176537,3793608,110065.542,323503.2298,178158.7858,196947.7031,191523.6119,142030.3122,2086.59,1966.58,1998.33,1991.66,1955.91,1949.08
2026-02-20T00:00:00,70983.0,70126.67,69241.5,68476.22,67320.0,68318.39,68000.0,67294.11,66621.06,65870.0,65631.83,66280.2,22290.05208,15515.76534,16489.06921,15492.43839,14542.26988,35351.87091,4598633,5233849,5994853,4548997,4679351,5044912,8861.59262,8153.4314,7538.45107,7895.05707,7106.70741,15001.46034,68832.58,68892.43,67503.52,66461.0,67003.73,68020.01,2103.32,2023.51,2015.33,2039.05,1987.55,1981.18,1928.88,1937.24,1941.66,1923.78,1907.0,1922.97,834778.0952,351347.9433,406246.9427,393639.0086,300257.0733,386253.5557,5864311,4476026,6420841,5176537,3793608,3948261,323503.2298,178158.7858,196947.7031,191523.6119,142030.3122,186424.2257,1966.58,1998.33,1991.66,1955.91,1949.08,1968.88
2026-02-21T00:00:00,70126.67,69241.5,68476.22,67320.0,68318.39,68698.7,67294.11,66621.06,65870.0,65631.83,66280.2,67534.69,15515.76534,16489.06921,15492.43839,14542.26988,35351.87091,8032.84131,5233849,5994853,4548997,4679351,5044912,1593539,8153.4314,7538.45107,7895.05707,7106.70741,15001.46034,4003.46206,68892.43,67503.52,66461.0,67003.73,68020.01,67975.93,2023.51,2015.33,2039.05,1987.55,1981.18,1995.56,1937.24,1941.66,1923.78,1907.0,1922.97,1955.62,351347.9433,406246.9427,393639.0086,300257.0733,386253.5557,179173.8456,4476026,6420841,5176537,3793608,3948261,1362230,178158.7858,196947.7031,191523.6119,142030.3122,186424.2257,91535.9107,1998.33,1991.66,1955.91,1949.08,1968.88,1973.35
2026-02-22T00:00:00,69241.5,68476.22,67320.0,68318.39,68698.7,68245.0,66621.06,65870.0,65631.83,66280.2,67534.69,67190.0,16489.06921,15492.43839,14542.26988,35351.87091,8032.84131,8175.13484,5994853,4548997,4679351,5044912,1593539,2160900,7538.45107,7895.05707,7106.70741,15001.46034,4003.46206,3974.29287,67503.52,66461.0,67003.73,68020.01,67975.93,67643.4,2015.33,2039.05,1987.55,1981.18,1995.56,1983.13,1941.66,1923.78,1907.0,1922.97,1955.62,1935.0,406246.9427,393639.0086,300257.0733,386253.5557,179173.8456,155325.6482,6420841,5176537,3793608,3948261,1362230,1850073,196947.7031,191523.6119,142030.3122,186424.2257,91535.9107,77240.1124,1991.66,1955.91,1949.08,1968.88,1973.35,1957.82
2026-02-23T00:00:00,68476.22,67320.0,68318.39,68698.7,68245.0,67684.86,65870.0,65631.83,66280.2,67534.69,67190.0,63888.79,15492.43839,14542.26988,35351.87091,8032.84131,8175.13484,33075.90923,4548997,4679351,5044912,1593539,2160900,8268695,7895.05707,7106.70741,15001.46034,4003.46206,3974.29287,16388.63858,66461.0,67003.73,68020.01,67975.93,67643.4,64656.02,2039.05,1987.55,1981.18,1995.56,1983.13,1958.33,1923.78,1907.0,1922.97,1955.62,1935.0,1837.13,393639.0086,300257.0733,386253.5557,179173.8456,155325.6482,547359.4869,5176537,3793608,3948261,1362230,1850073,6684753,191523.6119,142030.3122,186424.2257,91535.9107,77240.1124,266498.7851,1955.91,1949.08,1968.88,1973.35,1957.82,1856.3
2026-02-24T00:00:00,67320.0,68318.39,68698.7,68245.0,67684.86,65026.75,65631.83,66280.2,67534.69,67190.0,63888.79,62510.28,14542.26988,35351.87091,8032.84131,8175.13484,33075.90923,23102.83622,4679351,5044912,1593539,2160900,8268695,7553629,7106.70741,15001.46034,4003.46206,3974.29287,16388.63858,11150.61026,67003.73,68020.01,67975.93,67643.4,64656.02,64058.15,1987.55,1981.18,1995.56,1983.13,1958.33,1869.58,1907.0,1922.97,1955.62,1935.0,1837.13,1800.0,300257.0733,386253.5557,179173.8456,155325.6482,547359.4869,438064.0284,3793608,3948261,1362230,1850073,6684753,6607359,142030.3122,186424.2257,91535.9107,77240.1124,266498.7851,205850.4101,1949.08,1968.88,1973.35,1957.82,1856.3,1851.94
2026-02-25T00:00:00,68318.39,68698.7,68245.0,67684.86,65026.75,69988.83,66280.2,67534.69,67190.0,63888.79,62510.28,63913.27,35351.87091,8032.84131,8175.13484,33075.90923,23102.83622,30749.99259,5044912,1593539,2160900,8268695,7553629,7096715,15001.46034,4003.46206,3974.29287,16388.63858,11150.61026,16382.91985,68020.01,67975.93,67643.4,64656.02,64058.15,67988.04,1981.18,1995.56,1983.13,1958.33,1869.58,2148.39,1922.97,1955.62,1935.0,1837.13,1800.0,1846.74,386253.5557,179173.8456,155325.6482,547359.4869,438064.0284,682979.4378,3948261,1362230,1850073,6684753,6607359,9024746,186424.2257,91535.9107,77240.1124,266498.7851,205850.4101,343230.549,1968.88,1973.35,1957.82,1856.3,1851.94,2057.48
2026-02-26T00:00:00,68698.7,68245.0,67684.86,65026.75,69988.83,68860.0,67534.69,67190.0,63888.79,62510.28,63913.27,66500.0,8032.84131,8175.13484,33075.90923,23102.83622,30749.99259,20737.77792,1593539,2160900,8268695,7553629,7096715,5426137,4003.46206,3974.29287,16388.63858,11150.61026,16382.91985,10172.50047,67975.93,67643.4,64656.02,64058.15,67988.04,67485.18,1995.56,1983.13,1958.33,1869.58,2148.39,2083.33,1955.62,1935.0,1837.13,1800.0,1846.74,1975.35,179173.8456,155325.6482,547359.4869,438064.0284,682979.4378,439783.3566,1362230,1850073,6684753,6607359,9024746,7142316,91535.9107,77240.1124,266498.7851,205850.4101,343230.549,224781.9099,1973.35,1957.82,1856.3,1851.94,2057.48,2027.68
2026-02-27T00:00:00,68245.0,67684.86,65026.75,69988.83,68860.0,68216.8,67190.0,63888.79,62510.28,63913.27,66500.0,64914.46,8175.13484,33075.90923,23102.83622,30749.99259,20737.77792,21228.58424,2160900,8268695,7553629,7096715,5426137,3856064,3974.29287,16388.63858,11150.61026,16382.91985,10172.50047,10107.20917,67643.4,64656.02,64058.15,67988.04,67485.18,65872.1,1983.13,1958.33,1869.58,2148.39,2083.33,2063.52,1935.0,1837.13,1800.0,1846.74,1975.35,1887.0,155325.6482,547359.4869,438064.0284,682979.4378,439783.3566,428687.234,1850073,6684753,6607359,9024746,7142316,5213158,77240.1124,266498.7851,205850.4101,343230.549,224781.9099,214287.6264,1957.82,1856.3,1851.94,2057.48,2027.68,1929.84
2026-02-28T00:00:00,67684.86,65026.75,69988.83,68860.0,68216.8,67760.0,63888.79,62510.28,63913.27,66500.0,64914.46,63030.0,33075.90923,23102.83622,30749.99259,20737.77792,21228.58424,22548.71649,8268695,7553629,7096715,5426137,3856064,5268514,16388.63858,11150.61026,16382.91985,10172.50047,10107.20917,11531.10802,64656.02,64058.15,67988.04,67485.18,65872.1,66973.26,1958.33,1869.58,2148.39,2083.33,2063.52,1984.99,1837.13,1800.0,1846.74,1975.35,1887.0,1835.36,547359.4869,438064.0284,682979.4378,439783.3566,428687.234,461680.9835,6684753,6607359,9024746,7142316,5213158,6186042,266498.7851,205850.4101,343230.549,224781.9099,214287.6264,229978.4238,1856.3,1851.94,2057.48,2027.68,1929.84,1964.51
2026-03-01T00:00:00,65026.75,69988.83,68860.0,68216.8,67760.0,68199.99,62510.28,63913.27,66500.0,64914.46,63030.0,65056.0,23102.83622,30749.99259,20737.77792,21228.58424,22548.71649,23201.85859,7553629,7096715,5426137,3856064,5268514,5312013,11150.61026,16382.91985,10172.50047,10107.20917,11531.10802,11209.77201,64058.15,67988.04,67485.18,65872.1,66973.26,65776.47,1869.58,2148.39,2083.33,2063.52,1984.99,2054.8,1800.0,1846.74,1975.35,1887.0,1835.36,1907.41,438064.0284,682979.4378,439783.3566,428687.234,461680.9835,529196.8464,6607359,9024746,7142316,5213158,6186042,6616298,205850.4101,343230.549,224781.9099,214287.6264,229978.4238,254547.6476,1851.94,2057.48,2027.68,1929.84,1964.51,1939.71
2026-03-02T00:00:00,69988.83,68860.0,68216.8,67760.0,68199.99,70096.0,63913.27,66500.0,64914.46,63030.0,65056.0,65259.21,30749.99259,20737.77792,21228.58424,22548.71649,23201.85859,32010.38431,7096715,5426137,3856064,5268514,5312013,8397526,16382.91985,10172.50047,10107.20917,11531.10802,11209.77201,15335.91369,67988.04,67485.18,65872.1,66973.26,65776.47,68830.06,2148.39,2083.33,2063.52,1984.99,2054.8,2090.0,1846.74,1975.35,1887.0,1835.36,1907.41,1920.0,682979.4378,439783.3566,428687.234,461680.9835,529196.8464,577406.3749,9024746,7142316,5213158,6186042,6616298,9343785,343230.549,224781.9099,214287.6264,229978.4238,254547.6476,299199.2494,2057.48,2027.68,1929.84,1964.51,1939.71,2027.35
2026-03-03T00:00:00,68860.0,68216.8,67760.0,68199.99,70096.0,69258.08,66500.0,64914.46,63030.0,65056.0,65259.21,66158.0,20737.77792,21228.58424,22548.71649,23201.85859,32010.38431,24972.2418,5426137,3856064,5268514,5312013,8397526,7648119,10172.50047,10107.20917,11531.10802,11209.77201,15335.91369,12331.622,67485.18,65872.1,66973.26,65776.47,68830.06,68338.0,2083.33,2063.52,1984.99,2054.8,2090.0,2041.48,1975.35,1887.0,1835.36,1907.41,1920.0,1929.56,439783.3566,428687.234,461680.9835,529196.8464,577406.3749,509329.8534,7142316,5213158,6186042,6616298,9343785,8311355,224781.9099,214287.6264,229978.4238,254547.6476,299199.2494,254251.3309,2027.68,1929.84,1964.51,1939.71,2027.35,1982.8
2026-03-04T00:00:00,68216.8,67760.0,68199.99,70096.0,69258.08,74050.0,64914.46,63030.0,65056.0,65259.21,66158.0,67400.0,21228.58424,22548.71649,23201.85859,32010.38431,24972.2418,44919.0761,3856064,5268514,5312013,8397526,7648119,8618302,10107.20917,11531.10802,11209.77201,15335.91369,12331.622,23641.35243,65872.1,66973.26,65776.47,68830.06,68338.0,72666.77,2063.52,1984.99,2054.8,2090.0,2041.48,2199.0,1887.0,1835.36,1907.41,1920.0,1929.56,1945.08,428687.234,461680.9835,529196.8464,577406.3749,509329.8534,737644.8152,5213158,6186042,6616298,9343785,8311355,9527323,214287.6264,229978.4238,254547.6476,299199.2494,254251.3309,368171.8559,1929.84,1964.51,1939.71,2027.35,1982.8,2127.28
2026-03-05T00:00:00,67760.0,68199.99,70096.0,69258.08,74050.0,73558.15,63030.0,65056.0,65259.21,66158.0,67400.0,70645.47,22548.71649,23201.85859,32010.38431,24972.2418,44919.0761,26590.51253,5268514,5312013,8397526,7648119,8618302,6709160,11531.10802,11209.77201,15335.91369,12331.622,23641.35243,12299.51467,66973.26,65776.47,68830.06,68338.0,72666.77,70890.72,1984.99,2054.8,2090.0,2041.48,2199.0,2163.66,1835.36,1907.41,1920.0,1929.56,1945.08,2054.75,461680.9835,529196.8464,577406.3749,509329.8534,737644.8152,432157.8126,6186042,6616298,9343785,8311355,9527323,6753565,229978.4238,254547.6476,299199.2494,254251.3309,368171.8559,205453.4958,1964.51,1939.71,2027.35,1982.8,2127.28,2072.86
2026-03-06T00:00:00,68199.99,70096.0,69258.08,74050.0,73558.15,71419.98,65056.0,65259.21,66158.0,67400.0,70645.47,67744.78,23201.85859,32010.38431,24972.2418,44919.0761,26590.51253,22629.88722,5312013,8397526,7648119,8618302,6709160,5302899,11209.77201,15335.91369,12331.622,23641.35243,12299.51467,10464.09351,65776.47,68830.06,68338.0,72666.77,70890.72,68114.02,2054.8,2090.0,2041.48,2199.0,2163.66,2093.33,1907.41,1920.0,1929.56,1945.08,2054.75,1955.95,529196.8464,577406.3749,509329.8534,737644.8152,432157.8126,411597.7569,6616298,9343785,8311355,9527323,6753565,5601424,254547.6476,299199.2494,254251.3309,368171.8559,205453.4958,197603.9435,1939.71,2027.35,1982.8,2127.28,2072.86,1978.68
2026-03-07T00:00:00,70096.0,69258.08,74050.0,73558.15,71419.98,68551.04,65259.21,66158.0,67400.0,70645.47,67744.78,66915.26,32010.38431,24972.2418,44919.0761,26590.51253,22629.88722,12719.54315,8397526,7648119,8618302,6709160,5302899,2067476,15335.91369,12331.622,23641.35243,12299.51467,10464.09351,5910.76849,68830.06,68338.0,72666.77,70890.72,68114.02,67262.91,2090.0,2041.48,2199.0,2163.66,2093.33,1996.04,1920.0,1929.56,1945.08,2054.75,1955.95,1948.09,577406.3749,509329.8534,737644.8152,432157.8126,411597.7569,184459.82,9343785,8311355,9527323,6753565,5601424,2029543,299199.2494,254251.3309,368171.8559,205453.4958,197603.9435,89270.3932,2027.35,1982.8,2127.28,2072.86,1978.68,1969.59
2026-03-08T00:00:00,69258.08,74050.0,73558.15,71419.98,68551.04,68200.0,66158.0,67400.0,70645.47,67744.78,66915.26,65618.49,24972.2418,44919.0761,26590.51253,22629.88722,12719.54315,21593.63901,7648119,8618302,6709160,5302899,2067476,3028392,12331.622,23641.35243,12299.51467,10464.09351,5910.76849,11268.64926,68338.0,72666.77,70890.72,68114.02,67262.91,65971.2,2041.48,2199.0,2163.66,2093.33,1996.04,1979.8,1929.56,1945.08,2054.75,1955.95,1948.09,1916.14,509329.8534,737644.8152,432157.8126,411597.7569,184459.82,391189.7317,8311355,9527323,6753565,5601424,2029543,4044585,254251.3309,368171.8559,205453.4958,197603.9435,89270.3932,190729.8992,1982.8,2127.28,2072.86,1978.68,1969.59,1937.1
2026-03-09T00:00:00,74050.0,73558.15,71419.98,68551.04,68200.0,69516.65,67400.0,70645.47,67744.78,66915.26,65618.49,65821.97,44919.0761,26590.51253,22629.88722,12719.54315,21593.63901,28896.7213,8618302,6709160,5302899,2067476,3028392,5093667,23641.35243,12299.51467,10464.09351,5910.76849,11268.64926,14101.45378,72666.77,70890.72,68114.02,67262.91,65971.2,68432.16,2199.0,2163.66,2093.33,1996.04,1979.8,2053.52,1945.08,2054.75,1955.95,1948.09,1916.14,1929.65,737644.8152,432157.8126,411597.7569,184459.82,391189.7317,550825.4883,9527323,6753565,5601424,2029543,4044585,6360581,368171.8559,205453.4958,197603.9435,89270.3932,190729.8992,282877.29,2127.28,2072.86,1978.68,1969.59,1937.1,1992.98
2026-03-10T00:00:00,73558.15,71419.98,68551.04,68200.0,69516.65,71777.0,70645.47,67744.78,66915.26,65618.49,65821.97,68391.41,26590.51253,22629.88722,12719.54315,21593.63901,28896.7213,32602.57726,6709160,5302899,2067476,3028392,5093667,5176064,12299.51467,10464.09351,5910.76849,11268.64926,14101.45378,16453.82839,70890.72,68114.02,67262.91,65971.2,68432.16,69948.63,2163.66,2093.33,1996.04,1979.8,2053.52,2088.19,2054.75,1955.95,1948.09,1916.14,1929.65,1991.0,432157.8126,411597.7569,184459.82,391189.7317,550825.4883,463411.8739,6753565,5601424,2029543,4044585,6360581,5226998,205453.4958,197603.9435,89270.3932,190729.8992,282877.29,240013.7173,2072.86,1978.68,1969.59,1937.1,1992.98,2036.51
2026-03-11T00:00:00,71419.98,68551.04,68200.0,69516.65,71777.0,71321.0,67744.78,66915.26,65618.49,65821.97,68391.41,68977.91,22629.88722,12719.54315,21593.63901,28896.7213,32602.57726,27249.27542,5302899,2067476,3028392,5093667,5176064,4759855,10464.09351,5910.76849,11268.64926,14101.45378,16453.82839,14015.31615,68114.02,67262.91,65971.2,68432.16,69948.63,70191.86,2093.33,1996.04,1979.8,2053.52,2088.19,2085.58,1955.95,1948.09,1916.14,1929.65,1991.0,2007.17,411597.7569,184459.82,391189.7317,550825.4883,463411.8739,350061.256,5601424,2029543,4044585,6360581,5226998,4730286,197603.9435,89270.3932,190729.8992,282877.29,240013.7173,172446.7326,1978.68,1969.59,1937.1,1992.98,2036.51,2051.97
2026-03-12T00:00:00,68551.04,68200.0,69516.65,71777.0,71321.0,70800.0,66915.26,65618.49,65821.97,68391.41,68977.91,69205.91,12719.54315,21593.63901,28896.7213,32602.57726,27249.27542,21997.1605,2067476,3028392,5093667,5176064,4759855,4344059,5910.76849,11268.64926,14101.45378,16453.82839,14015.31615,10545.03396,67262.91,65971.2,68432.16,69948.63,70191.86,70541.34,1996.04,1979.8,2053.52,2088.19,2085.58,2095.0,1948.09,1916.14,1929.65,1991.0,2007.17,2017.59,184459.82,391189.7317,550825.4883,463411.8739,350061.256,400507.8132,2029543,4044585,6360581,5226998,4730286,4757775,89270.3932,190729.8992,282877.29,240013.7173,172446.7326,196694.8334,1969.59,1937.1,1992.98,2036.51,2051.97,2073.52
2026-03-13T00:00:00,68200.0,69516.65,71777.0,71321.0,70800.0,73913.74,65618.49,65821.97,68391.41,68977.91,69205.91,70386.01,21593.63901,28896.7213,32602.57726,27249.27542,21997.1605,35996.61678,3028392,5093667,5176064,4759855,4344059,5312490,11268.64926,14101.45378,16453.82839,14015.31615,10545.03396,18310.3426,65971.2,68432.16,69948.63,70191.86,70541.34,70930.0,1979.8,2053.52,2088.19,2085.58,2095.0,2209.03,1916.14,1929.65,1991.0,2007.17,2017.59,2070.12,391189.7317,550825.4883,463411.8739,350061.256,400507.8132,599657.0399,4044585,6360581,5226998,4730286,4757775,6138489,190729.8992,282877.29,240013.7173,172446.7326,196694.8334,300361.2151,1937.1,1992.98,2036.51,2051.97,2073.52,2092.22
2026-03-14T00:00:00,69516.65,71777.0,71321.0,70800.0,73913.74,71307.92,65821.97,68391.41,68977.91,69205.91,70386.01,70317.0,28896.7213,32602.57726,27249.27542,21997.1605,35996.61678,13017.24737,5093667,5176064,4759855,4344059,5312490,1661739,14101.45378,16453.82839,14015.31615,10545.03396,18310.3426,6242.10104,68432.16,69948.63,70191.86,70541.34,70930.0,71211.95,2053.52,2088.19,2085.58,2095.0,2209.03,2106.09,1929.65,1991.0,2007.17,2017.59,2070.12,2061.6,550825.4883,463411.8739,350061.256,400507.8132,599657.0399,152500.5822,6360581,5226998,4730286,4757775,6138489,1584458,282877.29,240013.7173,172446.7326,196694.8334,300361.2151,73409.361,1992.98,2036.51,2051.97,2073.52,2092.22,2096.16
2026-03-15T00:00:00,71777.0,71321.0,70800.0,73913.74,71307.92,73199.0,68391.41,68977.91,69205.91,70386.01,70317.0,70858.82,32602.57726,27249.27542,21997.1605,35996.61678,13017.24737,14037.30704,5176064,4759855,4344059,5312490,1661739,2509013,16453.82839,14015.31615,10545.03396,18310.3426,6242.10104,7307.01776,69948.63,70191.86,70541.34,70930.0,71211.95,72815.24,2088.19,2085.58,2095.0,2209.03,2106.09,2202.87,1991.0,2007.17,2017.59,2070.12,2061.6,2083.35,463411.8739,350061.256,400507.8132,599657.0399,152500.5822,280825.9377,5226998,4730286,4757775,6138489,1584458,3001730,240013.7173,172446.7326,196694.8334,300361.2151,73409.361,146142.3746,2036.51,2051.97,2073.52,2092.22,2096.16,2178.3
2026-03-16T00:00:00,71321.0,70800.0,73913.74,71307.92,73199.0,74909.08,68977.91,69205.91,70386.01,70317.0,70858.82,72270.41,27249.27542,21997.1605,35996.61678,13017.24737,14037.30704,28409.53019,4759855,4344059,5312490,1661739,2509013,5396482,14015.31615,10545.03396,18310.3426,6242.10104,7307.01776,15204.22255,70191.86,70541.34,70930.0,71211.95,72815.24,74884.67,2085.58,2095.0,2209.03,2106.09,2202.87,2386.02,2007.17,2017.59,2070.12,2061.6,2083.35,2164.73,350061.256,400507.8132,599657.0399,152500.5822,280825.9377,845892.7756,4730286,4757775,6138489,1584458,3001730,7409311,172446.7326,196694.8334,300361.2151,73409.361,146142.3746,445819.396,2051.97,2073.52,2092.22,2096.16,2178.3,2352.97
2026-03-17T00:00:00,70800.0,73913.74,71307.92,73199.0,74909.08,76000.0,69205.91,70386.01,70317.0,70858.82,72270.41,73399.19,21997.1605,35996.61678,13017.24737,14037.30704,28409.53019,24521.26636,4344059,5312490,1661739,2509013,5396482,4863187,10545.03396,18310.3426,6242.10104,7307.01776,15204.22255,11791.2523,70541.34,70930.0,71211.95,72815.24,74884.67,73909.36,2095.0,2209.03,2106.09,2202.87,2386.02,2376.66,2017.59,2070.12,2061.6,2083.35,2164.73,2294.15,400507.8132,599657.0399,152500.5822,280825.9377,845892.7756,493831.1016,4757775,6138489,1584458,3001730,7409311,5596636,196694.8334,300361.2151,73409.361,146142.3746,445819.396,240136.5065,2073.52,2092.22,2096.16,2178.3,2352.97,2317.39
2026-03-18T00:00:00,73913.74,71307.92,73199.0,74909.08,76000.0,74672.34,70386.01,70317.0,70858.82,72270.41,73399.19,70500.0,35996.61678,13017.24737,14037.30704,28409.53019,24521.26636,23392.88093,5312490,1661739,2509013,5396482,4863187,4733897,18310.3426,6242.10104,7307.01776,15204.22255,11791.2523,11709.17057,70930.0,71211.95,72815.24,74884.67,73909.36,71246.54,2209.03,2106.09,2202.87,2386.02,2376.66,2350.0,2070.12,2061.6,2083.35,2164.73,2294.15,2153.21,599657.0399,152500.5822,280825.9377,845892.7756,493831.1016,488040.8887,6138489,1584458,3001730,7409311,5596636,5684937,300361.2151,73409.361,146142.3746,445819.396,240136.5065,232364.5906,2092.22,2096.16,2178.3,2352.97,2317.39,2203.39
2026-03-19T00:00:00,71307.92,73199.0,74909.08,76000.0,74672.34,71613.79,70317.0,70858.82,72270.41,73399.19,70500.0,68793.35,13017.24737,14037.30704,28409.53019,24521.26636,23392.88093,22364.81819,1661739,2509013,5396482,4863187,4733897,4972526,6242.10104,7307.01776,15204.22255,11791.2523,11709.17057,10489.13676,71211.95,72815.24,74884.67,73909.36,71246.54,69930.0,2106.09,2202.87,2386.02,2376.66,2350.0,2233.72,2061.6,2083.35,2164.73,2294.15,2153.21,2099.38,152500.5822,280825.9377,845892.7756,493831.1016,488040.8887,490791.679,1584458,3001730,7409311,5596636,5684937,6142160,73409.361,146142.3746,445819.396,240136.5065,232364.5906,235483.1788,2096.16,2178.3,2352.97,2317.39,2203.39,2137.81
2026-03-20T00:00:00,73199.0,74909.08,76000.0,74672.34,71613.79,71367.0,70858.82,72270.41,73399.19,70500.0,68793.35,69388.0,14037.30704,28409.53019,24521.26636,23392.88093,22364.81819,18121.16745,2509013,5396482,4863187,4733897,4972526,4369971,7307.01776,15204.22255,11791.2523,11709.17057,10489.13676,8801.41211,72815.24,74884.67,73909.36,71246.54,69930.0,70510.73,2202.87,2386.02,2376.66,2350.0,2233.72,2176.84,2083.35,2164.73,2294.15,2153.21,2099.38,2116.88,280825.9377,845892.7756,493831.1016,488040.8887,490791.679,300156.1778,3001730,7409311,5596636,5684937,6142160,4595372,146142.3746,445819.396,240136.5065,232364.5906,235483.1788,162200.144,2178.3,2352.97,2317.39,2203.39,2137.81,2146.22
2026-03-21T00:00:00,74909.08,76000.0,74672.34,71613.79,71367.0,71100.94,72270.41,73399.19,70500.0,68793.35,69388.0,68571.42,28409.53019,24521.26636,23392.88093,22364.81819,18121.16745,13397.1675,5396482,4863187,4733897,4972526,4369971,1640086,15204.22255,11791.2523,11709.17057,10489.13676,8801.41211,6379.69313,74884.67,73909.36,71246.54,69930.0,70510.73,68918.12,2386.02,2376.66,2350.0,2233.72,2176.84,2168.27,2164.73,2294.15,2153.21,2099.38,2116.88,2070.78,845892.7756,493831.1016,488040.8887,490791.679,300156.1778,132559.4646,7409311,5596636,5684937,6142160,4595372,1375463,445819.396,240136.5065,232364.5906,235483.1788,162200.144,63249.5812,2352.97,2317.39,2203.39,2137.81,2146.22,2084.87
2026-03-22T00:00:00,76000.0,74672.34,71613.79,71367.0,71100.94,69588.79,73399.19,70500.0,68793.35,69388.0,68571.42,67360.66,24521.26636,23392.88093,22364.81819,18121.16745,13397.1675,14843.78682,4863187,4733897,4972526,4369971,1640086,3269152,11791.2523,11709.17057,10489.13676,8801.41211,6379.69313,7292.32333,73909.36,71246.54,69930.0,70510.73,68918.12,67859.0,2376.66,2350.0,2233.72,2176.84,2168.27,2127.21,2294.15,2153.21,2099.38,2116.88,2070.78,2026.0,493831.1016,488040.8887,490791.679,300156.1778,132559.4646,313070.5572,5596636,5684937,6142160,4595372,1375463,3577857,240136.5065,232364.5906,235483.1788,162200.144,63249.5812,154345.7056,2317.39,2203.39,2137.81,2146.22,2084.87,2053.89
2026-03-23T00:00:00,74672.34,71613.79,71367.0,71100.94,69588.79,71817.09,70500.0,68793.35,69388.0,68571.42,67360.66,67445.18,23392.88093,22364.81819,18121.16745,13397.1675,14843.78682,28335.09119,4733897,4972526,4369971,1640086,3269152,6509730,11709.17057,10489.13676,8801.41211,6379.69313,7292.32333,14640.9723,71246.54,69930.0,70510.73,68918.12,67859.0,70906.45,2350.0,2233.72,2176.84,2168.27,2127.21,2198.57,2153.21,2099.38,2116.88,2070.78,2026.0,2023.04,488040.8887,490791.679,300156.1778,132559.4646,313070.5572,614508.4369,5684937,6142160,4595372,1375463,3577857,7349668,232364.5906,235483.1788,162200.144,63249.5812,154345.7056,310239.9864,2203.39,2137.81,2146.22,2084.87,2053.89,2152.03
2026-03-24T00:00:00,71613.79,71367.0,71100.94,69588.79,71817.09,71400.0,68793.35,69388.0,68571.42,67360.66,67445.18,68923.07,22364.81819,18121.16745,13397.1675,14843.78682,28335.09119,20702.42244,4972526,4369971,1640086,3269152,6509730,4191328,10489.13676,8801.41211,6379.69313,7292.32333,14640.9723,9731.85043,69930.0,70510.73,68918.12,67859.0,70906.45,70556.74,2233.72,2176.84,2168.27,2127.21,2198.57,2175.16,2099.38,2116.88,2070.78,2026.0,2023.04,2103.02,490791.679,300156.1778,132559.4646,313070.5572,614508.4369,316703.4728,6142160,4595372,1375463,3577857,7349668,4633093,235483.1788,162200.144,63249.5812,154345.7056,310239.9864,152304.1675,2137.81,2146.22,2084.87,2053.89,2152.03,2156.23
2026-03-25T00:00:00,71367.0,71100.94,69588.79,71817.09,71400.0,72026.09,69388.0,68571.42,67360.66,67445.18,68923.07,70408.0,18121.16745,13397.1675,14843.78682,28335.09119,20702.42244,17719.50066,4369971,1640086,3269152,6509730,4191328,3298902,8801.41211,6379.69313,7292.32333,14640.9723,9731.85043,8819.77787,70510.73,68918.12,67859.0,70906.45,70556.74,71336.53,2176.84,2168.27,2127.21,2198.57,2175.16,2199.02,2116.88,2070.78,2026.0,2023.04,2103.02,2146.35,300156.1778,132559.4646,313070.5572,614508.4369,316703.4728,275641.5255,4595372,1375463,3577857,7349668,4633093,3492121,162200.144,63249.5812,154345.7056,310239.9864,152304.1675,139003.4847,2146.22,2084.87,2053.89,2152.03,2156.23,2169.02
2026-03-26T00:00:00,71100.94,69588.79,71817.09,71400.0,72026.09,71436.82,68571.42,67360.66,67445.18,68923.07,70408.0,68153.0,13397.1675,14843.78682,28335.09119,20702.42244,17719.50066,20820.45768,1640086,3269152,6509730,4191328,3298902,3597702,6379.69313,7292.32333,14640.9723,9731.85043,8819.77787,10116.39467,68918.12,67859.0,70906.45,70556.74,71336.53,68820.31,2168.27,2127.21,2198.57,2175.16,2199.02,2172.19,2070.78,2026.0,2023.04,2103.02,2146.35,2034.54,132559.4646,313070.5572,614508.4369,316703.4728,275641.5255,338010.6238,1375463,3577857,7349668,4633093,3492121,3890747,63249.5812,154345.7056,310239.9864,152304.1675,139003.4847,171588.2134,2084.87,2053.89,2152.03,2156.23,2169.02,2060.43
2026-03-27T00:00:00,69588.79,71817.09,71400.0,72026.09,71436.82,69179.05,67360.66,67445.18,68923.07,70408.0,68153.0,65548.25,14843.78682,28335.09119,20702.42244,17719.50066,20820.45768,28603.69557,3269152,6509730,4191328,3298902,3597702,4159306,7292.32333,14640.9723,9731.85043,8819.77787,10116.39467,14568.62853,67859.0,70906.45,70556.74,71336.53,68820.31,66407.28,2127.21,2198.57,2175.16,2199.02,2172.19,2077.19,2026.0,2023.04,2103.02,2146.35,2034.54,1970.93,313070.5572,614508.4369,316703.4728,275641.5255,338010.6238,394873.5248,3577857,7349668,4633093,3492121,3890747,3909237,154345.7056,310239.9864,152304.1675,139003.4847,171588.2134,206051.2798,2053.89,2152.03,2156.23,2169.02,2060.43,1992.75
2026-03-28T00:00:00,71817.09,71400.0,72026.09,71436.82,69179.05,67288.94,67445.18,68923.07,70408.0,68153.0,65548.25,65932.09,28335.09119,20702.42244,17719.50066,20820.45768,28603.69557,11462.39847,6509730,4191328,3298902,3597702,4159306,1687368,14640.9723,9731.85043,8819.77787,10116.39467,14568.62853,5753.04124,70906.45,70556.74,71336.53,68820.31,66407.28,66377.03,2198.57,2175.16,2199.02,2172.19,2077.19,2047.45,2023.04,2103.02,2146.35,2034.54,1970.93,1983.17,614508.4369,316703.4728,275641.5255,338010.6238,394873.5248,154831.8055,7349668,4633093,3492121,3890747,3909237,1569810,310239.9864,152304.1675,139003.4847,171588.2134,206051.2798,86378.919,2152.03,2156.23,2169.02,2060.43,1992.75,1994.74
2026-03-29T00:00:00,71400.0,72026.09,71436.82,69179.05,67288.94,67130.5,68923.07,70408.0,68153.0,65548.25,65932.09,65000.0,20702.42244,17719.50066,20820.45768,28603.69557,11462.39847,10052.85584,4191328,3298902,3597702,4159306,1687368,2146177,9731.85043,8819.77787,10116.39467,14568.62853,5753.04124,4769.42832,70556.74,71336.53,68820.31,66407.28,66377.03,66010.93,2175.16,2199.02,2172.19,2077.19,2047.45,2019.65,2103.02,2146.35,2034.54,1970.93,1983.17,1938.82,316703.4728,275641.5255,338010.6238,394873.5248,154831.8055,166726.7382,4633093,3492121,3890747,3909237,1569810,2049808,152304.1675,139003.4847,171588.2134,206051.2798,86378.919,87697.2438,2156.23,2169.02,2060.43,1992.75,1994.74,1984.64
2026-03-30T00:00:00,72026.09,71436.82,69179.05,67288.94,67130.5,68169.65,70408.0,68153.0,65548.25,65932.09,65000.0,65800.59,17719.50066,20820.45768,28603.69557,11462.39847,10052.85584,18353.38975,3298902,3597702,4159306,1687368,2146177,3902849,8819.77787,10116.39467,14568.62853,5753.04124,4769.42832,9155.91893,71336.53,68820.31,66407.28,66377.03,66010.93,66797.37,2199.02,2172.19,2077.19,2047.45,2019.65,2085.0,2146.35,2034.54,1970.93,1983.17,1938.82,1980.28,275641.5255,338010.6238,394873.5248,154831.8055,166726.7382,338304.4344,3492121,3890747,3909237,1569810,2049808,3886546,139003.4847,171588.2134,206051.2798,86378.919,87697.2438,174062.2111,2169.02,2060.43,1992.75,1994.74,1984.64,2026.48
2026-03-31T00:00:00,71436.82,69179.05,67288.94,67130.5,68169.65,68589.49,68153.0,65548.25,65932.09,65000.0,65800.59,65998.05,20820.45768,28603.69557,11462.39847,10052.85584,18353.38975,22105.40662,3597702,4159306,1687368,2146177,3902849,4846820,10116.39467,14568.62853,5753.04124,4769.42832,9155.91893,10726.18262,68820.31,66407.28,66377.03,66010.93,66797.37,68284.48,2172.19,2077.19,2047.45,2019.65,2085.0,2124.03,2034.54,1970.93,1983.17,1938.82,1980.28,2012.64,338010.6238,394873.5248,154831.8055,166726.7382,338304.4344,421897.9023,3890747,3909237,1569810,2049808,3886546,5013796,171588.2134,206051.2798,86378.919,87697.2438,174062.2111,218379.1286,2060.43,1992.75,1994.74,1984.64,2026.48,2105.43
2026-04-01T00:00:00,69179.05,67288.94,67130.5,68169.65,68589.49,69310.0,65548.25,65932.09,65000.0,65800.59,65998.05,67578.75,28603.69557,11462.39847,10052.85584,18353.38975,22105.40662,19020.1899,4159306,1687368,2146177,3902849,4846820,3741910,14568.62853,5753.04124,4769.42832,9155.91893,10726.18262,9702.49844,66407.28,66377.03,66010.93,66797.37,68284.48,68113.92,2077.19,2047.45,2019.65,2085.0,2124.03,2167.85,1970.93,1983.17,1938.82,1980.28,2012.64,2082.08,394873.5248,154831.8055,166726.7382,338304.4344,421897.9023,399227.3779,3909237,1569810,2049808,3886546,5013796,4211533,206051.2798,86378.919,87697.2438,174062.2111,218379.1286,203721.1114,1992.75,1994.74,1984.64,2026.48,2105.43,2140.35
2026-04-02T00:00:00,67288.94,67130.5,68169.65,68589.49,69310.0,68653.38,65932.09,65000.0,65800.59,65998.05,67578.75,65712.12,11462.39847,10052.85584,18353.38975,22105.40662,19020.1899,20203.47916,1687368,2146177,3902849,4846820,3741910,4189133,5753.04124,4769.42832,9155.91893,10726.18262,9702.49844,10090.6562,66377.03,66010.93,66797.37,68284.48,68113.92,66901.99,2047.45,2019.65,2085.0,2124.03,2167.85,2159.37,1983.17,1938.82,1980.28,2012.64,2082.08,2017.04,154831.8055,166726.7382,338304.4344,421897.9023,399227.3779,346872.8323,1569810,2049808,3886546,5013796,4211533,4462923,86378.919,87697.2438,174062.2111,218379.1286,203721.1114,161146.8702,1994.74,1984.64,2026.48,2105.43,2140.35,2057.17
2026-04-03T00:00:00,67130.5,68169.65,68589.49,69310.0,68653.38,67370.42,65000.0,65800.59,65998.05,67578.75,65712.12,66282.0,10052.85584,18353.38975,22105.40662,19020.1899,20203.47916,11429.13131,2146177,3902849,4846820,3741910,4189133,2023104,4769.42832,9155.91893,10726.18262,9702.49844,10090.6562,5535.26988,66010.93,66797.37,68284.48,68113.92,66901.99,66964.3,2019.65,2085.0,2124.03,2167.85,2159.37,2081.76,1938.82,1980.28,2012.64,2082.08,2017.04,2040.66,166726.7382,338304.4344,421897.9023,399227.3779,346872.8323,136266.6393,2049808,3886546,5013796,4211533,4462923,1741595,87697.2438,174062.2111,218379.1286,203721.1114,161146.8702,64849.8016,1984.64,2026.48,2105.43,2140.35,2057.17,2053.83
2026-04-04T00:00:00,68169.65,68589.49,69310.0,68653.38,67370.42,67562.93,65800.59,65998.05,67578.75,65712.12,66282.0,66775.91,18353.38975,22105.40662,19020.1899,20203.47916,11429.13131,7373.51613,3902849,4846820,3741910,4189133,2023104,1356179,9155.91893,10726.18262,9702.49844,10090.6562,5535.26988,3701.32932,66797.37,68284.48,68113.92,66901.99,66964.3,67300.42,2085.0,2124.03,2167.85,2159.37,2081.76,2084.0,1980.28,2012.64,2082.08,2017.04,2040.66,2044.63,338304.4344,421897.9023,399227.3779,346872.8323,136266.6393,86504.4406,3886546,5013796,4211533,4462923,1741595,1246022,174062.2111,218379.1286,203721.1114,161146.8702,64849.8016,42789.6573,2026.48,2105.43,2140.35,2057.17,2053.83,2065.52
2026-04-05T00:00:00,68589.49,69310.0,68653.38,67370.42,67562.93,69136.2,65998.05,67578.75,65712.12,66282.0,66775.91,66611.66,22105.40662,19020.1899,20203.47916,11429.13131,7373.51613,11733.46752,4846820,3741910,4189133,2023104,1356179,2106257,10726.18262,9702.49844,10090.6562,5535.26988,3701.32932,5791.55692,68284.48,68113.92,66901.99,66964.3,67300.42,69034.18,2124.03,2167.85,2159.37,2081.76,2084.0,2123.49,2012.64,2082.08,2017.04,2040.66,2044.63,2021.5,421897.9023,399227.3779,346872.8323,136266.6393,86504.4406,157353.3199,5013796,4211533,4462923,1741595,1246022,2504865,218379.1286,203721.1114,161146.8702,64849.8016,42789.6573,78363.4974,2105.43,2140.35,2057.17,2053.83,2065.52,2110.17
2026-04-06T00:00:00,69310.0,68653.38,67370.42,67562.93,69136.2,70351.46,67578.75,65712.12,66282.0,66775.91,66611.66,68300.0,19020.1899,20203.47916,11429.13131,7373.51613,11733.46752,20281.61044,3741910,4189133,2023104,1356179,2106257,4695523,9702.49844,10090.6562,5535.26988,3701.32932,5791.55692,10149.79257,68113.92,66901.99,66964.3,67300.42,69034.18,68853.66,2167.85,2159.37,2081.76,2084.0,2123.49,2174.79,2082.08,2017.04,2040.66,2044.63,2021.5,2087.5,399227.3779,346872.8323,136266.6393,86504.4406,157353.3199,356054.2894,4211533,4462923,1741595,1246022,2504865,5330366,203721.1114,161146.8702,64849.8016,42789.6573,78363.4974,180414.5093,2140.35,2057.17,2053.83,2065.52,2110.17,2107.16
2026-04-07T00:00:00,68653.38,67370.42,67562.93,69136.2,70351.46,72761.0,65712.12,66282.0,66775.91,66611.66,68300.0,67732.01,20203.47916,11429.13131,7373.51613,11733.46752,20281.61044,23750.49661,4189133,2023104,1356179,2106257,4695523,4871706,10090.6562,5535.26988,3701.32932,5791.55692,10149.79257,12465.18271,66901.99,66964.3,67300.42,69034.18,68853.66,71924.22,2159.37,2081.76,2084.0,2123.49,2174.79,2273.87,2017.04,2040.66,2044.63,2021.5,2087.5,2060.24,346872.8323,136266.6393,86504.4406,157353.3199,356054.2894,460094.8093,4462923,1741595,1246022,2504865,5330366,5189711,161146.8702,64849.8016,42789.6573,78363.4974,180414.5093,239252.9777,2057.17,2053.83,2065.52,2110.17,2107.16,2240.01
2026-04-08T00:00:00,67370.42,67562.93,69136.2,70351.46,72761.0,72857.0,66282.0,66775.91,66611.66,68300.0,67732.01,70707.23,11429.13131,7373.51613,11733.46752,20281.61044,23750.49661,19802.68627,2023104,1356179,2106257,4695523,4871706,3843988,5535.26988,3701.32932,5791.55692,10149.79257,12465.18271,9570.20189,66964.3,67300.42,69034.18,68853.66,71924.22,71069.93,2081.76,2084.0,2123.49,2174.79,2273.87,2270.55,2040.66,2044.63,2021.5,2087.5,2060.24,2179.78,136266.6393,86504.4406,157353.3199,356054.2894,460094.8093,404717.6321,1741595,1246022,2504865,5330366,5189711,4339985,64849.8016,42789.6573,78363.4974,180414.5093,239252.9777,190983.3243,2053.83,2065.52,2110.17,2107.16,2240.01,2190.0
2026-04-09T00:00:00,67562.93,69136.2,70351.46,72761.0,72857.0,73145.0,66775.91,66611.66,68300.0,67732.01,70707.23,70466.0,7373.51613,11733.46752,20281.61044,23750.49661,19802.68627,18158.42159,1356179,2106257,4695523,4871706,3843988,3773025,3701.32932,5791.55692,10149.79257,12465.18271,9570.20189,9604.31771,67300.42,69034.18,68853.66,71924.22,71069.93,71787.97,2084.0,2123.49,2174.79,2273.87,2270.55,2246.0,2044.63,2021.5,2087.5,2060.24,2179.78,2157.31,86504.4406,157353.3199,356054.2894,460094.8093,404717.6321,275317.9503,1246022,2504865,5330366,5189711,4339985,3756386,42789.6573,78363.4974,180414.5093,239252.9777,190983.3243,135540.5413,2065.52,2110.17,2107.16,2240.01,2190.0,2190.2
2026-04-10T00:00:00,69136.2,70351.46,72761.0,72857.0,73145.0,73434.0,66611.66,68300.0,67732.01,70707.23,70466.0,71426.15,11733.46752,20281.61044,23750.49661,19802.68627,18158.42159,17372.63288,2106257,4695523,4871706,3843988,3773025,3176308,5791.55692,10149.79257,12465.18271,9570.20189,9604.31771,8819.74841,69034.18,68853.66,71924.22,71069.93,71787.97,72962.7,2123.49,2174.79,2273.87,2270.55,2246.0,2257.99,2021.5,2087.5,2060.24,2179.78,2157.31,2176.1,157353.3199,356054.2894,460094.8093,404717.6321,275317.9503,272899.0858,2504865,5330366,5189711,4339985,3756386,2929213,78363.4974,180414.5093,239252.9777,190983.3243,135540.5413,132077.3122,2110.17,2107.16,2240.01,2190.0,2190.2,2245.05
2026-04-11T00:00:00,70351.46,72761.0,72857.0,73145.0,73434.0,73790.0,68300.0,67732.01,70707.23,70466.0,71426.15,72513.09,20281.61044,23750.49661,19802.68627,18158.42159,17372.63288,9070.94374,4695523,4871706,3843988,3773025,3176308,1472041,10149.79257,12465.18271,9570.20189,9604.31771,8819.74841,4673.47605,68853.66,71924.22,71069.93,71787.97,72962.7,73043.16,2174.79,2273.87,2270.55,2246.0,2257.99,2329.93,2087.5,2060.24,2179.78,2157.31,2176.1,2229.0,356054.2894,460094.8093,404717.6321,275317.9503,272899.0858,214785.4039,5330366,5189711,4339985,3756386,2929213,1929651,180414.5093,239252.9777,190983.3243,135540.5413,132077.3122,107238.9877,2107.16,2240.01,2190.0,2190.2,2245.05,2284.99
2026-04-12T00:00:00,72761.0,72857.0,73145.0,73434.0,73790.0,73137.24,67732.01,70707.23,70466.0,71426.15,72513.09,70505.88,23750.49661,19802.68627,18158.42159,17372.63288,9070.94374,13472.46801,4871706,3843988,3773025,3176308,1472041,2068779,12465.18271,9570.20189,9604.31771,8819.74841,4673.47605,6326.31289,71924.22,71069.93,71787.97,72962.7,73043.16,70740.98,2273.87,2270.55,2246.0,2257.99,2329.93,2288.57,2060.24,2179.78,2157.31,2176.1,2229.0,2175.0,460094.8093,404717.6321,275317.9503,272899.0858,214785.4039,258156.8821,5189711,4339985,3756386,2929213,1929651,2575808,239252.9777,190983.3243,135540.5413,132077.3122,107238.9877,125658.2437,2240.01,2190.0,2190.2,2245.05,2284.99,2191.65
2026-04-13T00:00:00,72857.0,73145.0,73434.0,73790.0,73137.24,74900.0,70707.23,70466.0,71426.15,72513.09,70505.88,70566.99,19802.68627,18158.42159,17372.63288,9070.94374,13472.46801,24230.21625,3843988,3773025,3176308,1472041,2068779,3673539,9570.20189,9604.31771,8819.74841,4673.47605,6326.31289,12639.79905,71069.93,71787.97,72962.7,73043.16,70740.98,74417.99,2270.55,2246.0,2257.99,2329.93,2288.57,2394.71,2179.78,2157.31,2176.1,2229.0,2175.0,2175.68,404717.6321,275317.9503,272899.0858,214785.4039,258156.8821,453870.8292,4339985,3756386,2929213,1929651,2575808,4527557,190983.3243,135540.5413,132077.3122,107238.9877,125658.2437,234599.9045,2190.0,2190.2,2245.05,2284.99,2191.65,2369.46
2026-04-14T00:00:00,73145.0,73434.0,73790.0,73137.24,74900.0,76038.0,70466.0,71426.15,72513.09,70505.88,70566.99,73795.47,18158.42159,17372.63288,9070.94374,13472.46801,24230.21625,26532.94456,3773025,3176308,1472041,2068779,3673539,4033448,9604.31771,8819.74841,4673.47605,6326.31289,12639.79905,13313.88956,71787.97,72962.7,73043.16,70740.98,74417.99,74131.55,2246.0,2257.99,2329.93,2288.57,2394.71,2415.5,2157.31,2176.1,2229.0,2175.0,2175.68,2302.9,275317.9503,272899.0858,214785.4039,258156.8821,453870.8292,460107.3841,3756386,2929213,1929651,2575808,4527557,3689565,135540.5413,132077.3122,107238.9877,125658.2437,234599.9045,226148.4763,2190.2,2245.05,2284.99,2191.65,2369.46,2322.44
2026-04-15T00:00:00,73434.0,73790.0,73137.24,74900.0,76038.0,75425.0,71426.15,72513.09,70505.88,70566.99,73795.47,73514.0,17372.63288,9070.94374,13472.46801,24230.21625,26532.94456,14425.04167,3176308,1472041,2068779,3673539,4033448,3187792,8819.74841,4673.47605,6326.31289,12639.79905,13313.88956,7014.01981,72962.7,73043.16,70740.98,74417.99,74131.55,74809.99,2257.99,2329.93,2288.57,2394.71,2415.5,2385.61,2176.1,2229.0,2175.0,2175.68,2302.9,2308.5,272899.0858,214785.4039,258156.8821,453870.8292,460107.3841,268190.6377,2929213,1929651,2575808,4527557,3689565,3232871,132077.3122,107238.9877,125658.2437,234599.9045,226148.4763,126442.7153,2245.05,2284.99,2191.65,2369.46,2322.44,2359.95
2026-04-16T00:00:00,73790.0,73137.24,74900.0,76038.0,75425.0,75534.76,72513.09,70505.88,70566.99,73795.47,73514.0,73309.85,9070.94374,13472.46801,24230.21625,26532.94456,14425.04167,17088.68777,1472041,2068779,3673539,4033448,3187792,3581890,4673.47605,6326.31289,12639.79905,13313.88956,7014.01981,8601.69794,73043.16,70740.98,74417.99,74131.55,74809.99,75154.29,2329.93,2288.57,2394.71,2415.5,2385.61,2369.59,2229.0,2175.0,2175.68,2302.9,2308.5,2285.1,214785.4039,258156.8821,453870.8292,460107.3841,268190.6377,328960.9377,1929651,2575808,4527557,3689565,3232871,3793210,107238.9877,125658.2437,234599.9045,226148.4763,126442.7153,155922.2439,2284.99,2191.65,2369.46,2322.44,2359.95,2348.17
2026-04-17T00:00:00,73137.24,74900.0,76038.0,75425.0,75534.76,78333.0,70505.88,70566.99,73795.47,73514.0,73309.85,74529.4,13472.46801,24230.21625,26532.94456,14425.04167,17088.68777,25941.36694,2068779,3673539,4033448,3187792,3581890,4931167,6326.31289,12639.79905,13313.88956,7014.01981,8601.69794,14435.4773,70740.98,74417.99,74131.55,74809.99,75154.29,77072.0,2288.57,2394.71,2415.5,2385.61,2369.59,2464.91,2175.0,2175.68,2302.9,2308.5,2285.1,2317.43,258156.8821,453870.8292,460107.3841,268190.6377,328960.9377,491731.3615,2575808,4527557,3689565,3232871,3793210,4541654,125658.2437,234599.9045,226148.4763,126442.7153,155922.2439,252564.9694,2191.65,2369.46,2322.44,2359.95,2348.17,2419.0
2026-04-18T00:00:00,74900.0,76038.0,75425.0,75534.76,78333.0,77420.08,70566.99,73795.47,73514.0,73309.85,74529.4,75445.16,24230.21625,26532.94456,14425.04167,17088.68777,25941.36694,9141.84456,3673539,4033448,3187792,3581890,4931167,1941112,12639.79905,13313.88956,7014.01981,8601.69794,14435.4773,4333.78362,74417.99,74131.55,74809.99,75154.29,77072.0,75691.76,2394.71,2415.5,2385.61,2369.59,2464.91,2427.64,2175.68,2302.9,2308.5,2285.1,2317.43,2339.92,453870.8292,460107.3841,268190.6377,328960.9377,491731.3615,221741.3888,4527557,3689565,3232871,3793210,4541654,2045925,234599.9045,226148.4763,126442.7153,155922.2439,252564.9694,98727.0694,2369.46,2322.44,2359.95,2348.17,2419.0,2350.32
2026-04-19T00:00:00,76038.0,75425.0,75534.76,78333.0,77420.08,76240.66,73795.47,73514.0,73309.85,74529.4,75445.16,73762.9,26532.94456,14425.04167,17088.68777,25941.36694,9141.84456,11369.82232,4033448,3187792,3581890,4931167,1941112,2739751,13313.88956,7014.01981,8601.69794,14435.4773,4333.78362,5458.61875,74131.55,74809.99,75154.29,77072.0,75691.76,73801.79,2415.5,2385.61,2369.59,2464.91,2427.64,2355.3,2302.9,2308.5,2285.1,2317.43,2339.92,2252.72,460107.3841,268190.6377,328960.9377,491731.3615,221741.3888,256086.8276,3689565,3232871,3793210,4541654,2045925,2728260,226148.4763,126442.7153,155922.2439,252564.9694,98727.0694,119800.9019,2322.44,2359.95,2348.17,2419.0,2350.32,2263.27
2026-04-20T00:00:00,75425.0,75534.76,78333.0,77420.08,76240.66,76558.62,73514.0,73309.85,74529.4,75445.16,73762.9,73724.31,14425.04167,17088.68777,25941.36694,9141.84456,11369.82232,16993.41034,3187792,3581890,4931167,1941112,2739751,3563591,7014.01981,8601.69794,14435.4773,4333.78362,5458.61875,8812.70109,74809.99,75154.29,77072.0,75691.76,73801.79,75840.97,2385.61,2369.59,2464.91,2427.64,2355.3,2346.78,2308.5,2285.1,2317.43,2339.92,2252.72,2259.67,268190.6377,328960.9377,491731.3615,221741.3888,256086.8276,301000.0659,3232871,3793210,4541654,2045925,2728260,3751621,126442.7153,155922.2439,252564.9694,98727.0694,119800.9019,149027.6285,2359.95,2348.17,2419.0,2350.32,2263.27,2313.85
2026-04-21T00:00:00,75534.76,78333.0,77420.08,76240.66,76558.62,76927.57,73309.85,74529.4,75445.16,73762.9,73724.31,74821.57,17088.68777,25941.36694,9141.84456,11369.82232,16993.41034,14912.57132,3581890,4931167,1941112,2739751,3563591,3616213,8601.69794,14435.4773,4333.78362,5458.61875,8812.70109,7672.96288,75154.29,77072.0,75691.76,73801.79,75840.97,76336.15,2369.59,2464.91,2427.64,2355.3,2346.78,2338.75,2285.1,2317.43,2339.92,2252.72,2259.67,2284.19,328960.9377,491731.3615,221741.3888,256086.8276,301000.0659,226645.977,3793210,4541654,2045925,2728260,3751621,3398934,155922.2439,252564.9694,98727.0694,119800.9019,149027.6285,108621.4578,2348.17,2419.0,2350.32,2263.27,2313.85,2327.14
2026-04-22T00:00:00,78333.0,77420.08,76240.66,76558.62,76927.57,79472.82,74529.4,75445.16,73762.9,73724.31,74821.57,76132.95,25941.36694,9141.84456,11369.82232,16993.41034,14912.57132,19737.51225,4931167,1941112,2739751,3563591,3616213,3757077,14435.4773,4333.78362,5458.61875,8812.70109,7672.96288,10376.12434,77072.0,75691.76,73801.79,75840.97,76336.15,78178.23,2464.91,2427.64,2355.3,2346.78,2338.75,2423.75,2317.43,2339.92,2252.72,2259.67,2284.19,2312.95,491731.3615,221741.3888,256086.8276,301000.0659,226645.977,379707.1259,4541654,2045925,2728260,3751621,3398934,4230243,252564.9694,98727.0694,119800.9019,149027.6285,108621.4578,191758.2678,2419.0,2350.32,2263.27,2313.85,2327.14,2374.07
2026-04-23T00:00:00,77420.08,76240.66,76558.62,76927.57,79472.82,78662.5,75445.16,73762.9,73724.31,74821.57,76132.95,76960.0,9141.84456,11369.82232,16993.41034,14912.57132,19737.51225,16970.79501,1941112,2739751,3563591,3616213,3757077,3571796,4333.78362,5458.61875,8812.70109,7672.96288,10376.12434,7760.75572,75691.76,73801.79,75840.97,76336.15,78178.23,78257.48,2427.64,2355.3,2346.78,2338.75,2423.75,2382.0,2339.92,2252.72,2259.67,2284.19,2312.95,2285.42,221741.3888,256086.8276,301000.0659,226645.977,379707.1259,356645.6923,2045925,2728260,3751621,3398934,4230243,4079579,98727.0694,119800.9019,149027.6285,108621.4578,191758.2678,169637.8993,2350.32,2263.27,2313.85,2327.14,2374.07,2330.26
2026-04-24T00:00:00,76240.66,76558.62,76927.57,79472.82,78662.5,78581.93,73762.9,73724.31,74821.57,76132.95,76960.0,77264.08,11369.82232,16993.41034,14912.57132,19737.51225,16970.79501,12675.14315,2739751,3563591,3616213,3757077,3571796,2581973,5458.61875,8812.70109,7672.96288,10376.12434,7760.75572,6148.06393,73801.79,75840.97,76336.15,78178.23,78257.48,77437.13,2355.3,2346.78,2338.75,2423.75,2382.0,2337.5,2252.72,2259.67,2284.19,2312.95,2285.42,2300.22,256086.8276,301000.0659,226645.977,379707.1259,356645.6923,183887.6181,2728260,3751621,3398934,4230243,4079579,2413824,119800.9019,149027.6285,108621.4578,191758.2678,169637.8993,88184.8381,2263.27,2313.85,2327.14,2374.07,2330.26,2314.99
2026-04-25T00:00:00,76558.62,76927.57,79472.82,78662.5,78581.93,77885.35,73724.31,74821.57,76132.95,76960.0,77264.08,77140.23,16993.41034,14912.57132,19737.51225,16970.79501,12675.14315,5685.1142,3563591,3616213,3757077,3571796,2581973,806542,8812.70109,7672.96288,10376.12434,7760.75572,6148.06393,2999.85355,75840.97,76336.15,78178.23,78257.48,77437.13,77625.0,2346.78,2338.75,2423.75,2382.0,2337.5,2323.21,2259.67,2284.19,2312.95,2285.42,2300.22,2300.55,301000.0659,226645.977,379707.1259,356645.6923,183887.6181,68139.2191,3751621,3398934,4230243,4079579,2413824,658757,149027.6285,108621.4578,191758.2678,169637.8993,88184.8381,33589.8529,2313.85,2327.14,2374.07,2330.26,2314.99,2319.5
2026-04-26T00:00:00,76927.57,79472.82,78662.5,78581.93,77885.35,78961.0,74821.57,76132.95,76960.0,77264.08,77140.23,77326.51,14912.57132,19737.51225,16970.79501,12675.14315,5685.1142,7963.56162,3616213,3757077,3571796,2581973,806542,1476971,7672.96288,10376.12434,7760.75572,6148.06393,2999.85355,3981.86566,76336.15,78178.23,78257.48,77437.13,77625.0,78657.55,2338.75,2423.75,2382.0,2337.5,2323.21,2380.0,2284.19,2312.95,2285.42,2300.22,2300.55,2306.72,226645.977,379707.1259,356645.6923,183887.6181,68139.2191,154591.6219,3398934,4230243,4079579,2413824,658757,1508570,108621.4578,191758.2678,169637.8993,88184.8381,33589.8529,76876.1717,2327.14,2374.07,2330.26,2314.99,2319.5,2369.44
2026-04-27T00:00:00,79472.82,78662.5,78581.93,77885.35,78961.0,79485.66,76132.95,76960.0,77264.08,77140.23,77326.51,76459.64,19737.51225,16970.79501,12675.14315,5685.1142,7963.56162,16046.92418,3757077,3571796,2581973,806542,1476971,2982889,10376.12434,7760.75572,6148.06393,2999.85355,3981.86566,7712.53219,78178.23,78257.48,77437.13,77625.0,78657.55,77371.32,2423.75,2382.0,2337.5,2323.21,2380.0,2404.37,2312.95,2285.42,2300.22,2300.55,2306.72,2266.09,379707.1259,356645.6923,183887.6181,68139.2191,154591.6219,300363.8586,4230243,4079579,2413824,658757,1508570,3192282,191758.2678,169637.8993,88184.8381,33589.8529,76876.1717,143798.2975,2374.07,2330.26,2314.99,2319.5,2369.44,2303.67
2026-04-28T00:00:00,78662.5,78581.93,77885.35,78961.0,79485.66,77478.0,76960.0,77264.08,77140.23,77326.51,76459.64,75666.6,16970.79501,12675.14315,5685.1142,7963.56162,16046.92418,13210.72383,3571796,2581973,806542,1476971,2982889,2352446,7760.75572,6148.06393,2999.85355,3981.86566,7712.53219,6518.95469,78257.48,77437.13,77625.0,78657.55,77371.32,76342.77,2382.0,2337.5,2323.21,2380.0,2404.37,2310.88,2285.42,2300.22,2300.55,2306.72,2266.09,2258.24,356645.6923,183887.6181,68139.2191,154591.6219,300363.8586,187932.2201,4079579,2413824,658757,1508570,3192282,2346992,169637.8993,88184.8381,33589.8529,76876.1717,143798.2975,94578.0797,2330.26,2314.99,2319.5,2369.44,2303.67,2289.42
2026-04-29T00:00:00,78581.93,77885.35,78961.0,79485.66,77478.0,77904.93,77264.08,77140.23,77326.51,76459.64,75666.6,74937.52,12675.14315,5685.1142,7963.56162,16046.92418,13210.72383,18279.93022,2581973,806542,1476971,2982889,2352446,3032890,6148.06393,2999.85355,3981.86566,7712.53219,6518.95469,9680.02112,77437.13,77625.0,78657.55,77371.32,76342.77,75780.0,2337.5,2323.21,2380.0,2404.37,2310.88,2346.95,2300.22,2300.55,2306.72,2266.09,2258.24,2220.36,183887.6181,68139.2191,154591.6219,300363.8586,187932.2201,355078.1015,2413824,658757,1508570,3192282,2346992,3588292,88184.8381,33589.8529,76876.1717,143798.2975,94578.0797,178999.8027,2314.99,2319.5,2369.44,2303.67,2289.42,2252.9
2026-04-30T00:00:00,77885.35,78961.0,79485.66,77478.0,77904.93,76669.14,77140.23,77326.51,76459.64,75666.6,74937.52,75323.65,5685.1142,7963.56162,16046.92418,13210.72383,18279.93022,10381.81607,806542,1476971,2982889,2352446,3032890,2569480,2999.85355,3981.86566,7712.53219,6518.95469,9680.02112,5585.19124,77625.0,78657.55,77371.32,76342.77,75780.0,76346.57,2323.21,2380.0,2404.37,2310.88,2346.95,2279.0,2300.55,2306.72,2266.09,2258.24,2220.36,2231.64,68139.2191,154591.6219,300363.8586,187932.2201,355078.1015,167194.2776,658757,1508570,3192282,2346992,3588292,2649837,33589.8529,76876.1717,143798.2975,94578.0797,178999.8027,83993.1124,2319.5,2369.44,2303.67,2289.42,2252.9,2257.51
2026-05-01T00:00:00,78961.0,79485.66,77478.0,77904.93,76669.14,78914.12,77326.51,76459.64,75666.6,74937.52,75323.65,76320.42,7963.56162,16046.92418,13210.72383,18279.93022,10381.81607,17315.46502,1476971,2982889,2352446,3032890,2569480,2388458,3981.86566,7712.53219,6518.95469,9680.02112,5585.19124,8322.98012,78657.55,77371.32,76342.77,75780.0,76346.57,78231.13,2380.0,2404.37,2310.88,2346.95,2279.0,2325.28,2306.72,2266.09,2258.24,2220.36,2231.64,2257.21,154591.6219,300363.8586,187932.2201,355078.1015,167194.2776,191082.555,1508570,3192282,2346992,3588292,2649837,1805481,76876.1717,143798.2975,94578.0797,178999.8027,83993.1124,89533.7329,2369.44,2303.67,2289.42,2252.9,2257.51,2295.63
2026-05-02T00:00:00,79485.66,77478.0,77904.93,76669.14,78914.12,79199.48,76459.64,75666.6,74937.52,75323.65,76320.42,78040.0,16046.92418,13210.72383,18279.93022,10381.81607,17315.46502,6150.87642,2982889,2352446,3032890,2569480,2388458,936143,7712.53219,6518.95469,9680.02112,5585.19124,8322.98012,3297.03958,77371.32,76342.77,75780.0,76346.57,78231.13,78686.85,2404.37,2310.88,2346.95,2279.0,2325.28,2343.6,2266.09,2258.24,2220.36,2231.64,2257.21,2292.91,300363.8586,187932.2201,355078.1015,167194.2776,191082.555,85588.4724,3192282,2346992,3588292,2649837,1805481,870699,143798.2975,94578.0797,178999.8027,83993.1124,89533.7329,45662.7959,2303.67,2289.42,2252.9,2257.51,2295.63,2316.97
2026-05-03T00:00:00,77478.0,77904.93,76669.14,78914.12,79199.48,79447.0,75666.6,74937.52,75323.65,76320.42,78040.0,78084.08,13210.72383,18279.93022,10381.81607,17315.46502,6150.87642,7425.7929,2352446,3032890,2569480,2388458,936143,1352474,6518.95469,9680.02112,5585.19124,8322.98012,3297.03958,3464.91412,76342.77,75780.0,76346.57,78231.13,78686.85,78568.57,2310.88,2346.95,2279.0,2325.28,2343.6,2356.92,2258.24,2220.36,2231.64,2257.21,2292.91,2297.59,187932.2201,355078.1015,167194.2776,191082.555,85588.4724,151074.4342,2346992,3588292,2649837,1805481,870699,1374290,94578.0797,178999.8027,83993.1124,89533.7329,45662.7959,74492.1738,2289.42,2252.9,2257.51,2295.63,2316.97,2322.65
2026-05-04T00:00:00,77904.93,76669.14,78914.12,79199.48,79447.0,80776.99,74937.52,75323.65,76320.42,78040.0,78084.08,78202.0,18279.93022,10381.81607,17315.46502,6150.87642,7425.7929,26042.96135,3032890,2569480,2388458,936143,1352474,3734604,9680.02112,5585.19124,8322.98012,3297.03958,3464.91412,13351.64548,75780.0,76346.57,78231.13,78686.85,78568.57,79861.01,2346.95,2279.0,2325.28,2343.6,2356.92,2398.93,2220.36,2231.64,2257.21,2292.91,2297.59,2309.24,355078.1015,167194.2776,191082.555,85588.4724,151074.4342,453020.7985,3588292,2649837,1805481,870699,1374290,4137093,178999.8027,83993.1124,89533.7329,45662.7959,74492.1738,220556.484,2252.9,2257.51,2295.63,2316.97,2322.65,2347.16
2026-05-05T00:00:00,76669.14,78914.12,79199.48,79447.0,80776.99,81791.48,75323.65,76320.42,78040.0,78084.08,78202.0,79808.72,10381.81607,17315.46502,6150.87642,7425.7929,26042.96135,16947.17995,2569480,2388458,936143,1352474,3734604,2490930,5585.19124,8322.98012,3297.03958,3464.91412,13351.64548,8628.14977,76346.57,78231.13,78686.85,78568.57,79861.01,80905.52,2279.0,2325.28,2343.6,2356.92,2398.93,2399.5,2231.64,2257.21,2292.91,2297.59,2309.24,2344.93,167194.2776,191082.555,85588.4724,151074.4342,453020.7985,286636.7312,2649837,1805481,870699,1374290,4137093,2512190,83993.1124,89533.7329,45662.7959,74492.1738,220556.484,139328.0697,2257.51,2295.63,2316.97,2322.65,2347.16,2360.77
2026-05-06T00:00:00,78914.12,79199.48,79447.0,80776.99,81791.48,82850.0,76320.42,78040.0,78084.08,78202.0,79808.72,80731.14,17315.46502,6150.87642,7425.7929,26042.96135,16947.17995,18798.77396,2388458,936143,1352474,3734604,2490930,2794707,8322.98012,3297.03958,3464.91412,13351.64548,8628.14977,9976.68805,78231.13,78686.85,78568.57,79861.01,80905.52,81447.01,2325.28,2343.6,2356.92,2398.93,2399.5,2423.74,2257.21,2292.91,2297.59,2309.24,2344.93,2338.0,191082.555,85588.4724,151074.4342,453020.7985,286636.7312,420667.3161,1805481,870699,1374290,4137093,2512190,3062625,89533.7329,45662.7959,74492.1738,220556.484,139328.0697,193007.5534,2295.63,2316.97,2322.65,2347.16,2360.77,2350.84
2026-05-07T00:00:00,79199.48,79447.0,80776.99,81791.48,82850.0,81708.32,78040.0,78084.08,78202.0,79808.72,80731.14,79500.0,6150.87642,7425.7929,26042.96135,16947.17995,18798.77396,16154.80338,936143,1352474,3734604,2490930,2794707,2540329,3297.03958,3464.91412,13351.64548,8628.14977,9976.68805,7625.14879,78686.85,78568.57,79861.01,80905.52,81447.01,80006.0,2343.6,2356.92,2398.93,2399.5,2423.74,2352.3,2292.91,2297.59,2309.24,2344.93,2338.0,2280.1,85588.4724,151074.4342,453020.7985,286636.7312,420667.3161,469521.9378,870699,1374290,4137093,2512190,3062625,3191083,45662.7959,74492.1738,220556.484,139328.0697,193007.5534,177521.5123,2316.97,2322.65,2347.16,2360.77,2350.84,2291.06
2026-05-08T00:00:00,79447.0,80776.99,81791.48,82850.0,81708.32,80500.0,78084.08,78202.0,79808.72,80731.14,79500.0,79181.48,7425.7929,26042.96135,16947.17995,18798.77396,16154.80338,16001.31009,1352474,3734604,2490930,2794707,2540329,2265372,3464.91412,13351.64548,8628.14977,9976.68805,7625.14879,8328.38654,78568.57,79861.01,80905.52,81447.01,80006.0,80193.17,2356.92,2398.93,2399.5,2423.74,2352.3,2321.22,2297.59,2309.24,2344.93,2338.0,2280.1,2265.61,151074.4342,453020.7985,286636.7312,420667.3161,469521.9378,421035.1582,1374290,4137093,2512190,3062625,3191083,2568056,74492.1738,220556.484,139328.0697,193007.5534,177521.5123,164773.9995,2322.65,2347.16,2360.77,2350.84,2291.06,2307.06
2026-05-09T00:00:00,80776.99,81791.48,82850.0,81708.32,80500.0,81080.0,78202.0,79808.72,80731.14,79500.0,79181.48,80129.85,26042.96135,16947.17995,18798.77396,16154.80338,16001.31009,7548.42177,3734604,2490930,2794707,2540329,2265372,1002373,13351.64548,8628.14977,9976.68805,7625.14879,8328.38654,4032.72566,79861.01,80905.52,81447.01,80006.0,80193.17,80678.4,2398.93,2399.5,2423.74,2352.3,2321.22,2338.37,2309.24,2344.93,2338.0,2280.1,2265.61,2300.0,453020.7985,286636.7312,420667.3161,469521.9378,421035.1582,230431.157,4137093,2512190,3062625,3191083,2568056,1248625,220556.484,139328.0697,193007.5534,177521.5123,164773.9995,90960.5803,2347.16,2360.77,2350.84,2291.06,2307.06,2326.44
2026-05-10T00:00:00,81791.48,82850.0,81708.32,80500.0,81080.0,82479.32,79808.72,80731.14,79500.0,79181.48,80129.85,80279.77,16947.17995,18798.77396,16154.80338,16001.31009,7548.42177,12034.31882,2490930,2794707,2540329,2265372,1002373,1801608,8628.14977,9976.68805,7625.14879,8328.38654,4032.72566,6395.8966,80905.52,81447.01,80006.0,80193.17,80678.4,82210.07,2399.5,2423.74,2352.3,2321.22,2338.37,2382.53,2344.93,2338.0,2280.1,2265.61,2300.0,2311.83,286636.7312,420667.3161,469521.9378,421035.1582,230431.157,398122.8623,2512190,3062625,3191083,2568056,1248625,2272749,139328.0697,193007.5534,177521.5123,164773.9995,90960.5803,219121.332,2360.77,2350.84,2291.06,2307.06,2326.44,2371.27
2026-05-11T00:00:00,82850.0,81708.32,80500.0,81080.0,82479.32,82380.0,80731.14,79500.0,79181.48,80129.85,80279.77,80462.97,18798.77396,16154.80338,16001.31009,7548.42177,12034.31882,12951.76056,2794707,2540329,2265372,1002373,1801608,2576396,9976.68805,7625.14879,8328.38654,4032.72566,6395.8966,6132.37349,81447.01,80006.0,80193.17,80678.4,82210.07,81745.65,2423.74,2352.3,2321.22,2338.37,2382.53,2374.92,2338.0,2280.1,2265.61,2300.0,2311.83,2304.0,420667.3161,469521.9378,421035.1582,230431.157,398122.8623,236962.0552,3062625,3191083,2568056,1248625,2272749,2594593,193007.5534,177521.5123,164773.9995,90960.5803,219121.332,103490.2032,2350.84,2291.06,2307.06,2326.44,2371.27,2339.87
2026-05-12T00:00:00,81708.32,80500.0,81080.0,82479.32,82380.0,81788.0,79500.0,79181.48,80129.85,80279.77,80462.97,79843.59,16154.80338,16001.31009,7548.42177,12034.31882,12951.76056,12386.25676,2540329,2265372,1002373,1801608,2576396,2345137,7625.14879,8328.38654,4032.72566,6395.8966,6132.37349,5716.20385,80006.0,80193.17,80678.4,82210.07,81745.65,80504.47,2352.3,2321.22,2338.37,2382.53,2374.92,2340.85,2280.1,2265.61,2300.0,2311.83,2304.0,2256.27,469521.9378,421035.1582,230431.157,398122.8623,236962.0552,252981.1082,3191083,2568056,1248625,2272749,2594593,2520381,177521.5123,164773.9995,90960.5803,219121.332,103490.2032,112560.2947,2291.06,2307.06,2326.44,2371.27,2339.87,2274.96
2026-05-13T00:00:00,80500.0,81080.0,82479.32,82380.0,81788.0,81324.64,79181.48,80129.85,80279.77,80462.97,79843.59,78754.65,16001.31009,7548.42177,12034.31882,12951.76056,12386.25676,14810.05643,2265372,1002373,1801608,2576396,2345137,2350570,8328.38654,4032.72566,6395.8966,6132.37349,5716.20385,7161.64182,80193.17,80678.4,82210.07,81745.65,80504.47,79313.61,2321.22,2338.37,2382.53,2374.92,2340.85,2323.36,2265.61,2300.0,2311.83,2304.0,2256.27,2234.13,421035.1582,230431.157,398122.8623,236962.0552,252981.1082,258455.7299,2568056,1248625,2272749,2594593,2520381,2145600,164773.9995,90960.5803,219121.332,103490.2032,112560.2947,124180.3611,2307.06,2326.44,2371.27,2339.87,2274.96,2258.65
2026-05-14T00:00:00,81080.0,82479.32,82380.0,81788.0,81324.64,82048.13,80129.85,80279.77,80462.97,79843.59,78754.65,78922.0,7548.42177,12034.31882,12951.76056,12386.25676,14810.05643,19727.86807,1002373,1801608,2576396,2345137,2350570,3101046,4032.72566,6395.8966,6132.37349,5716.20385,7161.64182,10750.20775,80678.4,82210.07,81745.65,80504.47,79313.61,81089.99,2338.37,2382.53,2374.92,2340.85,2323.36,2319.33,2300.0,2311.83,2304.0,2256.27,2234.13,2238.64,230431.157,398122.8623,236962.0552,252981.1082,258455.7299,256680.8359,1248625,2272749,2594593,2520381,2145600,2730407,90960.5803,219121.332,103490.2032,112560.2947,124180.3611,127752.3579,2326.44,2371.27,2339.87,2274.96,2258.65,2283.25
2026-05-15T00:00:00,82479.32,82380.0,81788.0,81324.64,82048.13,81664.45,80279.77,80462.97,79843.59,78754.65,78922.0,78659.0,12034.31882,12951.76056,12386.25676,14810.05643,19727.86807,17351.27079,1801608,2576396,2345137,2350570,3101046,3184114,6395.8966,6132.37349,5716.20385,7161.64182,10750.20775,8333.17845,82210.07,81745.65,80504.47,79313.61,81089.99,79113.21,2382.53,2374.92,2340.85,2323.36,2319.33,2300.29,2311.83,2304.0,2256.27,2234.13,2238.64,2205.11,398122.8623,236962.0552,252981.1082,258455.7299,256680.8359,288536.5507,2272749,2594593,2520381,2145600,2730407,2977308,219121.332,103490.2032,112560.2947,124180.3611,127752.3579,123184.0319,2371.27,2339.87,2274.96,2258.65,2283.25,2224.66
2026-05-16T00:00:00,82380.0,81788.0,81324.64,82048.13,81664.45,79227.77,80462.97,79843.59,78754.65,78922.0,78659.0,77640.0,12951.76056,12386.25676,14810.05643,19727.86807,17351.27079,12132.86192,2576396,2345137,2350570,3101046,3184114,1597661,6132.37349,5716.20385,7161.64182,10750.20775,8333.17845,5776.31138,81745.65,80504.47,79313.61,81089.99,79113.21,78148.05,2374.92,2340.85,2323.36,2319.33,2300.29,2231.51,2304.0,2256.27,2234.13,2238.64,2205.11,2162.55,236962.0552,252981.1082,258455.7299,256680.8359,288536.5507,199288.5761,2594593,2520381,2145600,2730407,2977308,1541883,103490.2032,112560.2947,124180.3611,127752.3579,123184.0319,91742.2991,2339.87,2274.96,2258.65,2283.25,2224.66,2180.77
2026-05-17T00:00:00,81788.0,81324.64,82048.13,81664.45,79227.77,78599.99,79843.59,78754.65,78922.0,78659.0,77640.0,76735.16,12386.25676,14810.05643,19727.86807,17351.27079,12132.86192,8442.7022,2345137,2350570,3101046,3184114,1597661,1570433,5716.20385,7161.64182,10750.20775,8333.17845,5776.31138,3897.8677,80504.47,79313.61,81089.99,79113.21,78148.05,77457.67,2340.85,2323.36,2319.33,2300.29,2231.51,2198.14,2256.27,2234.13,2238.64,2205.11,2162.55,2091.48,252981.1082,258455.7299,256680.8359,288536.5507,199288.5761,175116.8149,2520381,2145600,2730407,2977308,1541883,1638605,112560.2947,124180.3611,127752.3579,123184.0319,91742.2991,83798.741,2274.96,2258.65,2283.25,2224.66,2180.77,2131.0
2026-05-18T00:00:00,81324.64,82048.13,81664.45,79227.77,78599.99,77800.0,78754.65,78922.0,78659.0,77640.0,76735.16,76051.0,14810.05643,19727.86807,17351.27079,12132.86192,8442.7022,18745.51678,2350570,3101046,3184114,1597661,1570433,3529328,7161.64182,10750.20775,8333.17845,5776.31138,3897.8677,8916.45791,79313.61,81089.99,79113.21,78148.05,77457.67,77001.87,2323.36,2319.33,2300.29,2231.51,2198.14,2157.24,2234.13,2238.64,2205.11,2162.55,2091.48,2077.23,258455.7299,256680.8359,288536.5507,199288.5761,175116.8149,381878.3932,2145600,2730407,2977308,1541883,1638605,3981985,124180.3611,127752.3579,123184.0319,91742.2991,83798.741,183892.1637,2258.65,2283.25,2224.66,2180.77,2131.0,2130.08
2026-05-19T00:00:00,82048.13,81664.45,79227.77,78599.99,77800.0,77414.62,78922.0,78659.0,77640.0,76735.16,76051.0,76144.71,19727.86807,17351.27079,12132.86192,8442.7022,18745.51678,11024.85978,3101046,3184114,1597661,1570433,3529328,2315121,10750.20775,8333.17845,5776.31138,3897.8677,8916.45791,5680.77448,81089.99,79113.21,78148.05,77457.67,77001.87,76834.36,2319.33,2300.29,2231.51,2198.14,2157.24,2146.95,2238.64,2205.11,2162.55,2091.48,2077.23,2094.47,256680.8359,288536.5507,199288.5761,175116.8149,381878.3932,186945.075,2730407,2977308,1541883,1638605,3981985,2356965,127752.3579,123184.0319,91742.2991,83798.741,183892.1637,86073.6731,2283.25,2224.66,2180.77,2131.0,2130.08,2111.93
2026-05-20T00:00:00,81664.45,79227.77,78599.99,77800.0,77414.62,77853.04,78659.0,77640.0,76735.16,76051.0,76144.71,76516.74,17351.27079,12132.86192,8442.7022,18745.51678,11024.85978,11296.26307,3184114,1597661,1570433,3529328,2315121,2437754,8333.17845,5776.31138,3897.8677,8916.45791,5680.77448,5606.16242,79113.21,78148.05,77457.67,77001.87,76834.36,77552.23,2300.29,2231.51,2198.14,2157.24,2146.95,2149.0,2205.11,2162.55,2091.48,2077.23,2094.47,2103.29,288536.5507,199288.5761,175116.8149,381878.3932,186945.075,189088.294,2977308,1541883,1638605,3981985,2356965,2256505,123184.0319,91742.2991,83798.741,183892.1637,86073.6731,93912.9824,2224.66,2180.77,2131.0,2130.08,2111.93,2129.44
2026-05-21T00:00:00,79227.77,78599.99,77800.0,77414.62,77853.04,78200.0,77640.0,76735.16,76051.0,76144.71,76516.74,76719.47,12132.86192,8442.7022,18745.51678,11024.85978,11296.26307,11318.25841,1597661,1570433,3529328,2315121,2437754,2473146,5776.31138,3897.8677,8916.45791,5680.77448,5606.16242,5765.00854,78148.05,77457.67,77001.87,76834.36,77552.23,77615.52,2231.51,2198.14,2157.24,2146.95,2149.0,2157.5,2162.55,2091.48,2077.23,2094.47,2103.29,2105.15,199288.5761,175116.8149,381878.3932,186945.075,189088.294,232889.1117,1541883,1638605,3981985,2356965,2256505,2526150,91742.2991,83798.741,183892.1637,86073.6731,93912.9824,118956.068,2180.77,2131.0,2130.08,2111.93,2129.44,2133.76
2026-05-22T00:00:00,78599.99,77800.0,77414.62,77853.04,78200.0,77900.0,76735.16,76051.0,76144.71,76516.74,76719.47,75359.18,8442.7022,18745.51678,11024.85978,11296.26307,11318.25841,11272.36134,1570433,3529328,2315121,2437754,2473146,2370783,3897.8677,8916.45791,5680.77448,5606.16242,5765.00854,5204.99076,77457.67,77001.87,76834.36,77552.23,77615.52,75539.5,2198.14,2157.24,2146.95,2149.0,2157.5,2141.39,2091.48,2077.23,2094.47,2103.29,2105.15,2057.79,175116.8149,381878.3932,186945.075,189088.294,232889.1117,221783.2548,1638605,3981985,2356965,2256505,2526150,2344218,83798.741,183892.1637,86073.6731,93912.9824,118956.068,109989.3764,2131.0,2130.08,2111.93,2129.44,2133.76,2065.85
2026-05-23T00:00:00,77800.0,77414.62,77853.04,78200.0,77900.0,77404.18,76051.0,76144.71,76516.74,76719.47,75359.18,74289.6,18745.51678,11024.85978,11296.26307,11318.25841,11272.36134,15086.88814,3529328,2315121,2437754,2473146,2370783,2103536,8916.45791,5680.77448,5606.16242,5765.00854,5204.99076,7738.58719,77001.87,76834.36,77552.23,77615.52,75539.5,76752.01,2157.24,2146.95,2149.0,2157.5,2141.39,2149.95,2077.23,2094.47,2103.29,2105.15,2057.79,2009.3,381878.3932,186945.075,189088.294,232889.1117,221783.2548,350546.2289,3981985,2356965,2256505,2526150,2344218,2641732,183892.1637,86073.6731,93912.9824,118956.068,109989.3764,186016.0823,2130.08,2111.93,2129.44,2133.76,2065.85,2117.68
2026-05-24T00:00:00,77414.62,77853.04,78200.0,77900.0,77404.18,77543.15,76144.71,76516.74,76719.47,75359.18,74289.6,76108.0,11024.85978,11296.26307,11318.25841,11272.36134,15086.88814,8398.00156,2315121,2437754,2473146,2370783,2103536,1612969,5680.77448,5606.16242,5765.00854,5204.99076,7738.58719,4513.13276,76834.36,77552.23,77615.52,75539.5,76752.01,77064.96,2146.95,2149.0,2157.5,2141.39,2149.95,2132.14,2094.47,2103.29,2105.15,2057.79,2009.3,2063.0,186945.075,189088.294,232889.1117,221783.2548,350546.2289,197748.7605,2356965,2256505,2526150,2344218,2641732,1928016,86073.6731,93912.9824,118956.068,109989.3764,186016.0823,95960.6284,2111.93,2129.44,2133.76,2065.85,2117.68,2099.85
2026-05-25T00:00:00,77853.04,78200.0,77900.0,77404.18,77543.15,77905.52,76516.74,76719.47,75359.18,74289.6,76108.0,76914.25,11296.26307,11318.25841,11272.36134,15086.88814,8398.00156,7672.32197,2437754,2473146,2370783,2103536,1612969,1778509,5606.16242,5765.00854,5204.99076,7738.58719,4513.13276,3644.38154,77552.23,77615.52,75539.5,76752.01,77064.96,77322.01,2149.0,2157.5,2141.39,2149.95,2132.14,2141.98,2103.29,2105.15,2057.79,2009.3,2063.0,2092.26,189088.294,232889.1117,221783.2548,350546.2289,197748.7605,166428.5979,2256505,2526150,2344218,2641732,1928016,1786621,93912.9824,118956.068,109989.3764,186016.0823,95960.6284,86258.1599,2129.44,2133.76,2065.85,2117.68,2099.85,2113.01
2026-05-26T00:00:00,78200.0,77900.0,77404.18,77543.15,77905.52,78080.0,76719.47,75359.18,74289.6,76108.0,76914.25,75677.97,11318.25841,11272.36134,15086.88814,8398.00156,7672.32197,16953.47629,2473146,2370783,2103536,1612969,1778509,3360745,5765.00854,5204.99076,7738.58719,4513.13276,3644.38154,7867.0405,77615.52,75539.5,76752.01,77064.96,77322.01,75930.01,2157.5,2141.39,2149.95,2132.14,2141.98,2140.49,2105.15,2057.79,2009.3,2063.0,2092.26,2055.06,232889.1117,221783.2548,350546.2289,197748.7605,166428.5979,282553.3096,2526150,2344218,2641732,1928016,1786621,2963706,118956.068,109989.3764,186016.0823,95960.6284,86258.1599,125284.8456,2133.76,2065.85,2117.68,2099.85,2113.01,2073.77
2026-05-27T00:00:00,77900.0,77404.18,77543.15,77905.52,78080.0,76174.15,75359.18,74289.6,76108.0,76914.25,75677.97,74243.99,11272.36134,15086.88814,8398.00156,7672.32197,16953.47629,16877.77483,2370783,2103536,1612969,1778509,3360745,3367068,5204.99076,7738.58719,4513.13276,3644.38154,7867.0405,7990.81792,75539.5,76752.01,77064.96,77322.01,75930.01,74449.3,2141.39,2149.95,2132.14,2141.98,2140.49,2097.4,2057.79,2009.3,2063.0,2092.26,2055.06,2016.0,221783.2548,350546.2289,197748.7605,166428.5979,282553.3096,267963.1573,2344218,2641732,1928016,1786621,2963706,3056962,109989.3764,186016.0823,95960.6284,86258.1599,125284.8456,121588.1389,2065.85,2117.68,2099.85,2113.01,2073.77,2024.84
2026-05-28T00:00:00,77404.18,77543.15,77905.52,78080.0,76174.15,74590.77,74289.6,76108.0,76914.25,75677.97,74243.99,72582.82,15086.88814,8398.00156,7672.32197,16953.47629,16877.77483,21274.02026,2103536,1612969,1778509,3360745,3367068,3799713,7738.58719,4513.13276,3644.38154,7867.0405,7990.81792,11285.37807,76752.01,77064.96,77322.01,75930.01,74449.3,73617.51,2149.95,2132.14,2141.98,2140.49,2097.4,2030.0,2009.3,2063.0,2092.26,2055.06,2016.0,1967.0,350546.2289,197748.7605,166428.5979,282553.3096,267963.1573,363834.9211,2641732,1928016,1786621,2963706,3056962,3609031,186016.0823,95960.6284,86258.1599,125284.8456,121588.1389,176081.0293,2117.68,2099.85,2113.01,2073.77,2024.84,2009.9
2026-05-29T00:00:00,77543.15,77905.52,78080.0,76174.15,74590.77,74514.1,76108.0,76914.25,75677.97,74243.99,72582.82,72512.49,8398.00156,7672.32197,16953.47629,16877.77483,21274.02026,18686.74141,1612969,1778509,3360745,3367068,3799713,2897318,4513.13276,3644.38154,7867.0405,7990.81792,11285.37807,10668.37212,77064.96,77322.01,75930.01,74449.3,73617.51,73460.78,2132.14,2141.98,2140.49,2097.4,2030.0,2046.59,2063.0,2092.26,2055.06,2016.0,1967.0,1976.48,197748.7605,166428.5979,282553.3096,267963.1573,363834.9211,283145.695,1928016,1786621,2963706,3056962,3609031,2925370,95960.6284,86258.1599,125284.8456,121588.1389,176081.0293,142075.6321,2099.85,2113.01,2073.77,2024.84,2009.9,2014.54
2026-05-30T00:00:00,77905.52,78080.0,76174.15,74590.77,74514.1,74143.76,76914.25,75677.97,74243.99,72582.82,72512.49,73216.0,7672.32197,16953.47629,16877.77483,21274.02026,18686.74141,7515.40909,1778509,3360745,3367068,3799713,2897318,1124406,3644.38154,7867.0405,7990.81792,11285.37807,10668.37212,4118.11087,77322.01,75930.01,74449.3,73617.51,73460.78,73884.38,2141.98,2140.49,2097.4,2030.0,2046.59,2032.0,2092.26,2055.06,2016.0,1967.0,1976.48,2002.0,166428.5979,282553.3096,267963.1573,363834.9211,283145.695,97977.5349,1786621,2963706,3056962,3609031,2925370,969371,86258.1599,125284.8456,121588.1389,176081.0293,142075.6321,51565.2626,2113.01,2073.77,2024.84,2009.9,2014.54,2022.44
2026-05-31T00:00:00,78080.0,76174.15,74590.77,74514.1,74143.76,74275.66,75677.97,74243.99,72582.82,72512.49,73216.0,73400.0,16953.47629,16877.77483,21274.02026,18686.74141,7515.40909,6986.45707,3360745,3367068,3799713,2897318,1124406,1363437,7867.0405,7990.81792,11285.37807,10668.37212,4118.11087,3407.47243,75930.01,74449.3,73617.51,73460.78,73884.38,73674.39,2140.49,2097.4,2030.0,2046.59,2032.0,2038.0,2055.06,2016.0,1967.0,1976.48,2002.0,1993.75,282553.3096,267963.1573,363834.9211,283145.695,97977.5349,163735.4958,2963706,3056962,3609031,2925370,969371,1454319,125284.8456,121588.1389,176081.0293,142075.6321,51565.2626,69842.5033,2073.77,2024.84,2009.9,2014.54,2022.44,2007.01
2026-06-01T00:00:00,76174.15,74590.77,74514.1,74143.76,74275.66,74092.0,74243.99,72582.82,72512.49,73216.0,73400.0,70686.68,16877.77483,21274.02026,18686.74141,7515.40909,6986.45707,23921.09184,3367068,3799713,2897318,1124406,1363437,4237773,7990.81792,11285.37807,10668.37212,4118.11087,3407.47243,11600.30396,74449.3,73617.51,73460.78,73884.38,73674.39,71408.9,2097.4,2030.0,2046.59,2032.0,2038.0,2021.5,2016.0,1967.0,1976.48,2002.0,1993.75,1956.04,267963.1573,363834.9211,283145.695,97977.5349,163735.4958,374428.2839,3056962,3609031,2925370,969371,1454319,3806222,121588.1389,176081.0293,142075.6321,51565.2626,69842.5033,189965.6217,2024.84,2009.9,2014.54,2022.44,2007.01,2006.73
2026-06-02T00:00:00,74590.77,74514.1,74143.76,74275.66,74092.0,71408.9,72582.82,72512.49,73216.0,73400.0,70686.68,66193.0,21274.02026,18686.74141,7515.40909,6986.45707,23921.09184,32858.19586,3799713,2897318,1124406,1363437,4237773,6250677,11285.37807,10668.37212,4118.11087,3407.47243,11600.30396,15675.4915,73617.51,73460.78,73884.38,73674.39,71408.9,66760.83,2030.0,2046.59,2032.0,2038.0,2021.5,2006.78,1967.0,1976.48,2002.0,1993.75,1956.04,1839.02,363834.9211,283145.695,97977.5349,163735.4958,374428.2839,556885.5418,3609031,2925370,969371,1454319,3806222,5759311,176081.0293,142075.6321,51565.2626,69842.5033,189965.6217,262471.3967,2009.9,2014.54,2022.44,2007.01,2006.73,1859.84
2026-06-03T00:00:00,74514.1,74143.76,74275.66,74092.0,71408.9,67516.0,72512.49,73216.0,73400.0,70686.68,66193.0,64092.49,18686.74141,7515.40909,6986.45707,23921.09184,32858.19586,30138.3065,2897318,1124406,1363437,4237773,6250677,6676358,10668.37212,4118.11087,3407.47243,11600.30396,15675.4915,14567.29572,73460.78,73884.38,73674.39,71408.9,66760.83,64142.75,2046.59,2032.0,2038.0,2021.5,2006.78,1893.07,1976.48,2002.0,1993.75,1956.04,1839.02,1769.62,283145.695,97977.5349,163735.4958,374428.2839,556885.5418,584760.4818,2925370,969371,1454319,3806222,5759311,6496256,142075.6321,51565.2626,69842.5033,189965.6217,262471.3967,291410.2577,2014.54,2022.44,2007.01,2006.73,1859.84,1813.05
2026-06-04T00:00:00,74143.76,74275.66,74092.0,71408.9,67516.0,64764.32,73216.0,73400.0,70686.68,66193.0,64092.49,61383.56,7515.40909,6986.45707,23921.09184,32858.19586,30138.3065,43577.17571,1124406,1363437,4237773,6250677,6676358,9057976,4118.11087,3407.47243,11600.30396,15675.4915,14567.29572,20172.82504,73884.38,73674.39,71408.9,66760.83,64142.75,63885.99,2032.0,2038.0,2021.5,2006.78,1893.07,1820.5,2002.0,1993.75,1956.04,1839.02,1769.62,1717.28,97977.5349,163735.4958,374428.2839,556885.5418,584760.4818,648306.1051,969371,1454319,3806222,5759311,6496256,8222751,51565.2626,69842.5033,189965.6217,262471.3967,291410.2577,313120.6405,2022.44,2007.01,2006.73,1859.84,1813.05,1770.77
2026-06-05T00:00:00,74275.66,74092.0,71408.9,67516.0,64764.32,63978.0,73400.0,70686.68,66193.0,64092.49,61383.56,59130.91,6986.45707,23921.09184,32858.19586,30138.3065,43577.17571,55027.28807,1363437,4237773,6250677,6676358,9057976,11658856,3407.47243,11600.30396,15675.4915,14567.29572,20172.82504,24879.51775,73674.39,71408.9,66760.83,64142.75,63885.99,61056.47,2038.0,2021.5,2006.78,1893.07,1820.5,1774.99,1993.75,1956.04,1839.02,1769.62,1717.28,1540.19,163735.4958,374428.2839,556885.5418,584760.4818,648306.1051,1257013.1608,1454319,3806222,5759311,6496256,8222751,13017779,69842.5033,189965.6217,262471.3967,291410.2577,313120.6405,605408.4543,2007.01,2006.73,1859.84,1813.05,1770.77,1583.4
2026-06-06T00:00:00,74092.0,71408.9,67516.0,64764.32,63978.0,61530.05,70686.68,66193.0,64092.49,61383.56,59130.91,59500.0,23921.09184,32858.19586,30138.3065,43577.17571,55027.28807,19795.58877,4237773,6250677,6676358,9057976,11658856,5000874,11600.30396,15675.4915,14567.29572,20172.82504,24879.51775,9473.55921,71408.9,66760.83,64142.75,63885.99,61056.47,60884.62,2021.5,2006.78,1893.07,1820.5,1774.99,1601.22,1956.04,1839.02,1769.62,1717.28,1540.19,1505.68,374428.2839,556885.5418,584760.4818,648306.1051,1257013.1608,558458.3672,3806222,5759311,6496256,8222751,13017779,6254953,189965.6217,262471.3967,291410.2577,313120.6405,605408.4543,267600.8258,2006.73,1859.84,1813.05,1770.77,1583.4,1569.69
2026-06-07T00:00:00,71408.9,67516.0,64764.32,63978.0,61530.05,64234.68,66193.0,64092.49,61383.56,59130.91,59500.0,60746.0,32858.19586,30138.3065,43577.17571,55027.28807,19795.58877,26612.10443,6250677,6676358,9057976,11658856,5000874,4752461,15675.4915,14567.29572,20172.82504,24879.51775,9473.55921,14156.31067,66760.83,64142.75,63885.99,61056.47,60884.62,63332.01,2006.78,1893.07,1820.5,1774.99,1601.22,1721.93,1839.02,1769.62,1717.28,1540.19,1505.68,1564.1,556885.5418,584760.4818,648306.1051,1257013.1608,558458.3672,458280.5909,5759311,6496256,8222751,13017779,6254953,5095675,262471.3967,291410.2577,313120.6405,605408.4543,267600.8258,228933.854,1859.84,1813.05,1770.77,1583.4,1569.69,1690.51
2026-06-08T00:00:00,67516.0,64764.32,63978.0,61530.05,64234.68,64200.0,64092.49,61383.56,59130.91,59500.0,60746.0,62408.0,30138.3065,43577.17571,55027.28807,19795.58877,26612.10443,23053.38624,6676358,9057976,11658856,5000874,4752461,4887564,14567.29572,20172.82504,24879.51775,9473.55921,14156.31067,11227.99606,64142.75,63885.99,61056.47,60884.62,63332.01,63085.99,1893.07,1820.5,1774.99,1601.22,1721.93,1714.5,1769.62,1717.28,1540.19,1505.68,1564.1,1645.0,584760.4818,648306.1051,1257013.1608,558458.3672,458280.5909,480027.3121,6496256,8222751,13017779,6254953,5095675,5759621,291410.2577,313120.6405,605408.4543,267600.8258,228933.854,245621.2272,1813.05,1770.77,1583.4,1569.69,1690.51,1690.49
2026-06-09T00:00:00,64764.32,63978.0,61530.05,64234.68,64200.0,63526.01,61383.56,59130.91,59500.0,60746.0,62408.0,60780.0,43577.17571,55027.28807,19795.58877,26612.10443,23053.38624,21636.21959,9057976,11658856,5000874,4752461,4887564,4347332,20172.82504,24879.51775,9473.55921,14156.31067,11227.99606,10357.23644,63885.99,61056.47,60884.62,63332.01,63085.99,61730.0,1820.5,1774.99,1601.22,1721.93,1714.5,1696.88,1717.28,1540.19,1505.68,1564.1,1645.0,1614.02,648306.1051,1257013.1608,558458.3672,458280.5909,480027.3121,384147.2349,8222751,13017779,6254953,5095675,5759621,4501516,313120.6405,605408.4543,267600.8258,228933.854,245621.2272,174461.5449,1770.77,1583.4,1569.69,1690.51,1690.49,1639.52
2026-06-10T00:00:00,63978.0,61530.05,64234.68,64200.0,63526.01,62857.99,59130.91,59500.0,60746.0,62408.0,60780.0,60755.0,55027.28807,19795.58877,26612.10443,23053.38624,21636.21959,15998.71652,11658856,5000874,4752461,4887564,4347332,4655686,24879.51775,9473.55921,14156.31067,11227.99606,10357.23644,7714.59491,61056.47,60884.62,63332.01,63085.99,61730.0,61510.99,1774.99,1601.22,1721.93,1714.5,1696.88,1667.96,1540.19,1505.68,1564.1,1645.0,1614.02,1603.44,1257013.1608,558458.3672,458280.5909,480027.3121,384147.2349,290791.2819,13017779,6254953,5095675,5759621,4501516,4680030,605408.4543,267600.8258,228933.854,245621.2272,174461.5449,144480.8587,1583.4,1569.69,1690.51,1690.49,1639.52,1621.59
2026-06-11T00:00:00,61530.05,64234.68,64200.0,63526.01,62857.99,63933.02,59500.0,60746.0,62408.0,60780.0,60755.0,61510.99,19795.58877,26612.10443,23053.38624,21636.21959,15998.71652,17380.94642,5000874,4752461,4887564,4347332,4655686,3446803,9473.55921,14156.31067,11227.99606,10357.23644,7714.59491,8975.49366,60884.62,63332.01,63085.99,61730.0,61510.99,63625.99,1601.22,1721.93,1714.5,1696.88,1667.96,1693.59,1505.68,1564.1,1645.0,1614.02,1603.44,1621.6,558458.3672,458280.5909,480027.3121,384147.2349,290791.2819,278507.7204,6254953,5095675,5759621,4501516,4680030,3410263,267600.8258,228933.854,245621.2272,174461.5449,144480.8587,146755.8289,1569.69,1690.51,1690.49,1639.52,1621.59,1673.46
2026-06-12T00:00:00,64234.68,64200.0,63526.01,62857.99,63933.02,64394.44,60746.0,62408.0,60780.0,60755.0,61510.99,62829.81,26612.10443,23053.38624,21636.21959,15998.71652,17380.94642,16397.0524,4752461,4887564,4347332,4655686,3446803,3154052,14156.31067,11227.99606,10357.23644,7714.59491,8975.49366,8373.87233,63332.01,63085.99,61730.0,61510.99,63625.99,63580.01,1721.93,1714.5,1696.88,1667.96,1693.59,1691.07,1564.1,1645.0,1614.02,1603.44,1621.6,1652.09,458280.5909,480027.3121,384147.2349,290791.2819,278507.7204,201888.0102,5095675,5759621,4501516,4680030,3410263,2888517,228933.854,245621.2272,174461.5449,144480.8587,146755.8289,103835.6453,1690.51,1690.49,1639.52,1621.59,1673.46,1666.41
2026-06-13T00:00:00,64200.0,63526.01,62857.99,63933.02,64394.44,64762.77,62408.0,60780.0,60755.0,61510.99,62829.81,63418.66,23053.38624,21636.21959,15998.71652,17380.94642,16397.0524,9960.74163,4887564,4347332,4655686,3446803,3154052,1489009,11227.99606,10357.23644,7714.59491,8975.49366,8373.87233,5326.34918,63085.99,61730.0,61510.99,63625.99,63580.01,64458.01,1714.5,1696.88,1667.96,1693.59,1691.07,1697.28,1645.0,1614.02,1603.44,1621.6,1652.09,1662.2,480027.3121,384147.2349,290791.2819,278507.7204,201888.0102,106751.6077,5759621,4501516,4680030,3410263,2888517,1222979,245621.2272,174461.5449,144480.8587,146755.8289,103835.6453,57726.9957,1690.49,1639.52,1621.59,1673.46,1666.41,1681.18
2026-06-14T00:00:00,63526.01,62857.99,63933.02,64394.44,64762.77,65800.0,60780.0,60755.0,61510.99,62829.81,63418.66,63678.83,21636.21959,15998.71652,17380.94642,16397.0524,9960.74163,13203.03375,4347332,4655686,3446803,3154052,1489009,2060901,10357.23644,7714.59491,8975.49366,8373.87233,5326.34918,6966.04602,61730.0,61510.99,63625.99,63580.01,64458.01,65746.45,1696.88,1667.96,1693.59,1691.07,1697.28,1732.28,1614.02,1603.44,1621.6,1652.09,1662.2,1654.9,384147.2349,290791.2819,278507.7204,201888.0102,106751.6077,178009.9541,4501516,4680030,3410263,2888517,1222979,1935991,174461.5449,144480.8587,146755.8289,103835.6453,57726.9957,90922.7855,1639.52,1621.59,1673.46,1666.41,1681.18,1725.62
2026-06-15T00:00:00,62857.99,63933.02,64394.44,64762.77,65800.0,67292.15,60755.0,61510.99,62829.81,63418.66,63678.83,65354.0,15998.71652,17380.94642,16397.0524,9960.74163,13203.03375,18559.80102,4655686,3446803,3154052,1489009,2060901,3140494,7714.59491,8975.49366,8373.87233,5326.34918,6966.04602,8827.32403,61510.99,63625.99,63580.01,64458.01,65746.45,66328.74,1667.96,1693.59,1691.07,1697.28,1732.28,1849.54,1603.44,1621.6,1652.09,1662.2,1654.9,1709.66,290791.2819,278507.7204,201888.0102,106751.6077,178009.9541,464135.2553,4680030,3410263,2888517,1222979,1935991,3136116,144480.8587,146755.8289,103835.6453,57726.9957,90922.7855,226908.449,1621.59,1673.46,1666.41,1681.18,1725.62,1796.13
2026-06-16T00:00:00,63933.02,64394.44,64762.77,65800.0,67292.15,66992.0,61510.99,62829.81,63418.66,63678.83,65354.0,65360.92,17380.94642,16397.0524,9960.74163,13203.03375,18559.80102,14302.05801,3446803,3154052,1489009,2060901,3140494,2964629,8975.49366,8373.87233,5326.34918,6966.04602,8827.32403,6709.60119,63625.99,63580.01,64458.01,65746.45,66328.74,65675.01,1693.59,1691.07,1697.28,1732.28,1849.54,1839.77,1621.6,1652.09,1662.2,1654.9,1709.66,1758.0,278507.7204,201888.0102,106751.6077,178009.9541,464135.2553,353577.549,3410263,2888517,1222979,1935991,3136116,3651200,146755.8289,103835.6453,57726.9957,90922.7855,226908.449,175935.254,1673.46,1666.41,1681.18,1725.62,1796.13,1792.99
2026-06-17T00:00:00,64394.44,64762.77,65800.0,67292.15,66992.0,66445.93,62829.81,63418.66,63678.83,65354.0,65360.92,63915.77,16397.0524,9960.74163,13203.03375,18559.80102,14302.05801,19048.65409,3154052,1489009,2060901,3140494,2964629,3933123,8373.87233,5326.34918,6966.04602,8827.32403,6709.60119,9344.30808,63580.01,64458.01,65746.45,66328.74,65675.01,64509.4,1691.07,1697.28,1732.28,1849.54,1839.77,1810.21,1652.09,1662.2,1654.9,1709.66,1758.0,1725.34,201888.0102,106751.6077,178009.9541,464135.2553,353577.549,334498.0575,2888517,1222979,1935991,3136116,3651200,4175463,103835.6453,57726.9957,90922.7855,226908.449,175935.254,156023.0739,1666.41,1681.18,1725.62,1796.13,1792.99,1750.6
2026-06-18T00:00:00,64762.77,65800.0,67292.15,66992.0,66445.93,64806.0,63418.66,63678.83,65354.0,65360.92,63915.77,62272.07,9960.74163,13203.03375,18559.80102,14302.05801,19048.65409,16935.59661,1489009,2060901,3140494,2964629,3933123,3573931,5326.34918,6966.04602,8827.32403,6709.60119,9344.30808,8148.66252,64458.01,65746.45,66328.74,65675.01,64509.4,62958.01,1697.28,1732.28,1849.54,1839.77,1810.21,1762.99,1662.2,1654.9,1709.66,1758.0,1725.34,1671.79,106751.6077,178009.9541,464135.2553,353577.549,334498.0575,312480.9656,1222979,1935991,3136116,3651200,4175463,3404966,57726.9957,90922.7855,226908.449,175935.254,156023.0739,150925.452,1681.18,1725.62,1796.13,1792.99,1750.6,1711.11
2026-06-19T00:00:00,65800.0,67292.15,66992.0,66445.93,64806.0,63666.0,63678.83,65354.0,65360.92,63915.77,62272.07,62316.44,13203.03375,18559.80102,14302.05801,19048.65409,16935.59661,14247.424,2060901,3140494,2964629,3933123,3573931,2671918,6966.04602,8827.32403,6709.60119,9344.30808,8148.66252,6709.20964,65746.45,66328.74,65675.01,64509.4,62958.01,63543.91,1732.28,1849.54,1839.77,1810.21,1762.99,1719.51,1654.9,1709.66,1758.0,1725.34,1671.79,1679.11,178009.9541,464135.2553,353577.549,334498.0575,312480.9656,165078.1984,1935991,3136116,3651200,4175463,3404966,2339768,90922.7855,226908.449,175935.254,156023.0739,150925.452,86541.467,1725.62,1796.13,1792.99,1750.6,1711.11,1711.19
2026-06-20T00:00:00,67292.15,66992.0,66445.93,64806.0,63666.0,64388.0,65354.0,65360.92,63915.77,62272.07,62316.44,63184.21,18559.80102,14302.05801,19048.65409,16935.59661,14247.424,9522.10324,3140494,2964629,3933123,3573931,2671918,1970081,8827.32403,6709.60119,9344.30808,8148.66252,6709.20964,4669.85879,66328.74,65675.01,64509.4,62958.01,63543.91,64298.01,1849.54,1839.77,1810.21,1762.99,1719.51,1749.55,1709.66,1758.0,1725.34,1671.79,1679.11,1704.06,464135.2553,353577.549,334498.0575,312480.9656,165078.1984,159791.8211,3136116,3651200,4175463,3404966,2339768,1842588,226908.449,175935.254,156023.0739,150925.452,86541.467,85441.3878,1796.13,1792.99,1750.6,1711.11,1711.19,1741.08
2026-06-21T00:00:00,66992.0,66445.93,64806.0,63666.0,64388.0,64588.0,65360.92,63915.77,62272.07,62316.44,63184.21,63270.0,14302.05801,19048.65409,16935.59661,14247.424,9522.10324,8034.66333,2964629,3933123,3573931,2671918,1970081,1768294,6709.60119,9344.30808,8148.66252,6709.20964,4669.85879,3833.13382,65675.01,64509.4,62958.01,63543.91,64298.01,63311.99,1839.77,1810.21,1762.99,1719.51,1749.55,1741.45,1758.0,1725.34,1671.79,1679.11,1704.06,1702.0,353577.549,334498.0575,312480.9656,165078.1984,159791.8211,123762.4689,3651200,4175463,3404966,2339768,1842588,1658599,175935.254,156023.0739,150925.452,86541.467,85441.3878,60145.8081,1792.99,1750.6,1711.11,1711.19,1741.08,1706.94
2026-06-22T00:00:00,66445.93,64806.0,63666.0,64388.0,64588.0,65622.83,63915.77,62272.07,62316.44,63184.21,63270.0,63312.0,19048.65409,16935.59661,14247.424,9522.10324,8034.66333,15423.10851,3933123,3573931,2671918,1970081,1768294,3521337,9344.30808,8148.66252,6709.20964,4669.85879,3833.13382,7677.53285,64509.4,62958.01,63543.91,64298.01,63311.99,64020.01,1810.21,1762.99,1719.51,1749.55,1741.45,1779.9,1725.34,1671.79,1679.11,1704.06,1702.0,1706.94,334498.0575,312480.9656,165078.1984,159791.8211,123762.4689,262657.182,4175463,3404966,2339768,1842588,1658599,3303043,156023.0739,150925.452,86541.467,85441.3878,60145.8081,132053.0362,1750.6,1711.11,1711.19,1741.08,1706.94,1728.19
2026-06-23T00:00:00,64806.0,63666.0,64388.0,64588.0,65622.83,64275.38,62272.07,62316.44,63184.21,63270.0,63312.0,61938.0,16935.59661,14247.424,9522.10324,8034.66333,15423.10851,20222.99292,3573931,2671918,1970081,1768294,3521337,3626190,8148.66252,6709.20964,4669.85879,3833.13382,7677.53285,9113.2674,62958.01,63543.91,64298.01,63311.99,64020.01,62734.57,1762.99,1719.51,1749.55,1741.45,1779.9,1736.25,1671.79,1679.11,1704.06,1702.0,1706.94,1635.65,312480.9656,165078.1984,159791.8211,123762.4689,262657.182,248262.012,3404966,2339768,1842588,1658599,3303043,3415279,150925.452,86541.467,85441.3878,60145.8081,132053.0362,120633.5298,1711.11,1711.19,1741.08,1706.94,1728.19,1667.13
2026-06-24T00:00:00,63666.0,64388.0,64588.0,65622.83,64275.38,63239.06,62316.44,63184.21,63270.0,63312.0,61938.0,59102.7,14247.424,9522.10324,8034.66333,15423.10851,20222.99292,30678.28543,2671918,1970081,1768294,3521337,3626190,5367531,6709.20964,4669.85879,3833.13382,7677.53285,9113.2674,14451.4544,63543.91,64298.01,63311.99,64020.01,62734.57,61077.99,1719.51,1749.55,1741.45,1779.9,1736.25,1693.67,1679.11,1704.06,1702.0,1706.94,1635.65,1552.95,165078.1984,159791.8211,123762.4689,262657.182,248262.012,355728.3403,2339768,1842588,1658599,3303043,3415279,5254099,86541.467,85441.3878,60145.8081,132053.0362,120633.5298,177192.2396,1711.19,1741.08,1706.94,1728.19,1667.13,1622.17
2026-06-25T00:00:00,64388.0,64588.0,65622.83,64275.38,63239.06,61962.4,63184.21,63270.0,63312.0,61938.0,59102.7,58115.01,9522.10324,8034.66333,15423.10851,20222.99292,30678.28543,30386.00694,1970081,1768294,3521337,3626190,5367531,5683275,4669.85879,3833.13382,7677.53285,9113.2674,14451.4544,14406.15352,64298.01,63311.99,64020.01,62734.57,61077.99,59794.0,1749.55,1741.45,1779.9,1736.25,1693.67,1660.54,1704.06,1702.0,1706.94,1635.65,1552.95,1532.9,159791.8211,123762.4689,262657.182,248262.012,355728.3403,440671.005,1842588,1658599,3303043,3415279,5254099,4454580,85441.3878,60145.8081,132053.0362,120633.5298,177192.2396,236247.0286,1741.08,1706.94,1728.19,1667.13,1622.17,1567.84
2026-06-26T00:00:00,64588.0,65622.83,64275.38,63239.06,61962.4,60759.99,63270.0,63312.0,61938.0,59102.7,58115.01,58337.0,8034.66333,15423.10851,20222.99292,30678.28543,30386.00694,27403.55723,1768294,3521337,3626190,5367531,5683275,6019134,3833.13382,7677.53285,9113.2674,14451.4544,14406.15352,13907.49037,63311.99,64020.01,62734.57,61077.99,59794.0,60097.27,1741.45,1779.9,1736.25,1693.67,1660.54,1594.7,1702.0,1706.94,1635.65,1552.95,1532.9,1512.0,123762.4689,262657.182,248262.012,355728.3403,440671.005,423691.4393,1658599,3303043,3415279,5254099,4454580,4010582,60145.8081,132053.0362,120633.5298,177192.2396,236247.0286,219134.2695,1706.94,1728.19,1667.13,1622.17,1567.84,1578.68
2026-06-27T00:00:00,65622.83,64275.38,63239.06,61962.4,60759.99,60941.17,63312.0,61938.0,59102.7,58115.01,58337.0,59855.16,15423.10851,20222.99292,30678.28543,30386.00694,27403.55723,9587.22916,3521337,3626190,5367531,5683275,6019134,1763416,7677.53285,9113.2674,14451.4544,14406.15352,13907.49037,5067.9265,64020.01,62734.57,61077.99,59794.0,60097.27,60029.0,1779.9,1736.25,1693.67,1660.54,1594.7,1611.02,1706.94,1635.65,1552.95,1532.9,1512.0,1562.86,262657.182,248262.012,355728.3403,440671.005,423691.4393,131592.3598,3303043,3415279,5254099,4454580,4010582,1281824,132053.0362,120633.5298,177192.2396,236247.0286,219134.2695,67386.1857,1728.19,1667.13,1622.17,1567.84,1578.68,1573.99
2026-06-28T00:00:00,64275.38,63239.06,61962.4,60759.99,60941.17,60545.01,61938.0,59102.7,58115.01,58337.0,59855.16,58905.0,20222.99292,30678.28543,30386.00694,27403.55723,9587.22916,8907.13796,3626190,5367531,5683275,6019134,1763416,2299232,9113.2674,14451.4544,14406.15352,13907.49037,5067.9265,4290.64588,62734.57,61077.99,59794.0,60097.27,60029.0,59577.01,1736.25,1693.67,1660.54,1594.7,1611.02,1588.82,1635.65,1552.95,1532.9,1512.0,1562.86,1548.37,248262.012,355728.3403,440671.005,423691.4393,131592.3598,140181.1417,3415279,5254099,4454580,4010582,1281824,1506628,120633.5298,177192.2396,236247.0286,219134.2695,67386.1857,70060.9956,1667.13,1622.17,1567.84,1578.68,1573.99,1571.96
2026-06-29T00:00:00,63239.06,61962.4,60759.99,60941.17,60545.01,60780.57,59102.7,58115.01,58337.0,59855.16,58905.0,58900.01,30678.28543,30386.00694,27403.55723,9587.22916,8907.13796,20203.14178,5367531,5683275,6019134,1763416,2299232,4884336,14451.4544,14406.15352,13907.49037,5067.9265,4290.64588,10334.16227,61077.99,59794.0,60097.27,60029.0,59577.01,60260.21,1693.67,1660.54,1594.7,1611.02,1588.82,1637.58,1552.95,1532.9,1512.0,1562.86,1548.37,1550.43,355728.3403,440671.005,423691.4393,131592.3598,140181.1417,309968.9748,5254099,4454580,4010582,1281824,1506628,2959728,177192.2396,236247.0286,219134.2695,67386.1857,70060.9956,155013.503,1622.17,1567.84,1578.68,1573.99,1571.96,1613.07
2026-06-30T00:00:00,61962.4,60759.99,60941.17,60545.01,60780.57,60276.54,58115.01,58337.0,59855.16,58905.0,58900.01,58201.0,30386.00694,27403.55723,9587.22916,8907.13796,20203.14178,19639.82787,5683275,6019134,1763416,2299232,4884336,3804809,14406.15352,13907.49037,5067.9265,4290.64588,10334.16227,8879.55126,59794.0,60097.27,60029.0,59577.01,60260.21,58624.71,1660.54,1594.7,1611.02,1588.82,1637.58,1614.41,1532.9,1512.0,1562.86,1548.37,1550.43,1550.2,440671.005,423691.4393,131592.3598,140181.1417,309968.9748,222057.2042,4454580,4010582,1281824,1506628,2959728,2013738,236247.0286,219134.2695,67386.1857,70060.9956,155013.503,104379.84,1567.84,1578.68,1573.99,1571.96,1613.07,1572.01
2026-07-01T00:00:00,60759.99,60941.17,60545.01,60780.57,60276.54,61334.0,58337.0,59855.16,58905.0,58900.01,58201.0,57800.19,27403.55723,9587.22916,8907.13796,20203.14178,19639.82787,25093.44662,6019134,1763416,2299232,4884336,3804809,4166849,13907.49037,5067.9265,4290.64588,10334.16227,8879.55126,12936.11295,60097.27,60029.0,59577.01,60260.21,58624.71,60024.0,1594.7,1611.02,1588.82,1637.58,1614.41,1646.26,1512.0,1562.86,1548.37,1550.43,1550.2,1552.92,423691.4393,131592.3598,140181.1417,309968.9748,222057.2042,306536.311,4010582,1281824,1506628,2959728,2013738,2678598,219134.2695,67386.1857,70060.9956,155013.503,104379.84,156369.5022,1578.68,1573.99,1571.96,1613.07,1572.01,1609.58
2026-07-02T00:00:00,60941.17,60545.01,60780.57,60276.54,61334.0,62200.0,59855.16,58905.0,58900.01,58201.0,57800.19,59588.0,9587.22916,8907.13796,20203.14178,19639.82787,25093.44662,21382.14163,1763416,2299232,4884336,3804809,4166849,3883096,5067.9265,4290.64588,10334.16227,8879.55126,12936.11295,11394.85517,60029.0,59577.01,60260.21,58624.71,60024.0,61560.0,1611.02,1588.82,1637.58,1614.41,1646.26,1725.0,1562.86,1548.37,1550.43,1550.2,1552.92,1597.22,131592.3598,140181.1417,309968.9748,222057.2042,306536.311,373453.5082,1281824,1506628,2959728,2013738,2678598,2999563,67386.1857,70060.9956,155013.503,104379.84,156369.5022,199786.5508,1573.99,1571.96,1613.07,1572.01,1609.58,1700.57
2026-07-03T00:00:00,60545.01,60780.57,60276.54,61334.0,62200.0,62979.86,58905.0,58900.01,58201.0,57800.19,59588.0,61248.86,8907.13796,20203.14178,19639.82787,25093.44662,21382.14163,14048.98627,2299232,4884336,3804809,4166849,3883096,2571531,4290.64588,10334.16227,8879.55126,12936.11295,11394.85517,7249.98683,59577.01,60260.21,58624.71,60024.0,61560.0,62583.26,1588.82,1637.58,1614.41,1646.26,1725.0,1775.78,1548.37,1550.43,1550.2,1552.92,1597.22,1694.72,140181.1417,309968.9748,222057.2042,306536.311,373453.5082,244416.868,1506628,2959728,2013738,2678598,2999563,2558467,70060.9956,155013.503,104379.84,156369.5022,199786.5508,129829.1354,1571.96,1613.07,1572.01,1609.58,1700.57,1758.21
2026-07-04T00:00:00,60780.57,60276.54,61334.0,62200.0,62979.86,63461.99,58900.01,58201.0,57800.19,59588.0,61248.86,62328.24,20203.14178,19639.82787,25093.44662,21382.14163,14048.98627,9139.8274,4884336,3804809,4166849,3883096,2571531,1643288,10334.16227,8879.55126,12936.11295,11394.85517,7249.98683,4753.53597,60260.21,58624.71,60024.0,61560.0,62583.26,63144.01,1637.58,1614.41,1646.26,1725.0,1775.78,1807.65,1550.43,1550.2,1552.92,1597.22,1694.72,1744.09,309968.9748,222057.2042,306536.311,373453.5082,244416.868,190880.1497,2959728,2013738,2678598,2999563,2558467,1984105,155013.503,104379.84,156369.5022,199786.5508,129829.1354,98915.7658,1613.07,1572.01,1609.58,1700.57,1758.21,1780.64
2026-07-05T00:00:00,60276.54,61334.0,62200.0,62979.86,63461.99,63999.0,58201.0,57800.19,59588.0,61248.86,62328.24,62436.59,19639.82787,25093.44662,21382.14163,14048.98627,9139.8274,9172.07758,3804809,4166849,3883096,2571531,1643288,1790183,8879.55126,12936.11295,11394.85517,7249.98683,4753.53597,4565.93641,58624.71,60024.0,61560.0,62583.26,63144.01,63650.0,1614.41,1646.26,1725.0,1775.78,1807.65,1808.0,1550.2,1552.92,1597.22,1694.72,1744.09,1748.79,222057.2042,306536.311,373453.5082,244416.868,190880.1497,389673.4191,2013738,2678598,2999563,2558467,1984105,2710301,104379.84,156369.5022,199786.5508,129829.1354,98915.7658,186115.1562,1572.01,1609.58,1700.57,1758.21,1780.64,1785.65
2026-07-06T00:00:00,61334.0,62200.0,62979.86,63461.99,63999.0,64700.0,57800.19,59588.0,61248.86,62328.24,62436.59,61306.84,25093.44662,21382.14163,14048.98627,9139.8274,9172.07758,21435.28437,4166849,3883096,2571531,1643288,1790183,3777895,12936.11295,11394.85517,7249.98683,4753.53597,4565.93641,11556.55192,60024.0,61560.0,62583.26,63144.01,63650.0,64042.02,1646.26,1725.0,1775.78,1807.65,1808.0,1833.4,1552.92,1597.22,1694.72,1744.09,1748.79,1728.95,306536.311,373453.5082,244416.868,190880.1497,389673.4191,305879.3304,2678598,2999563,2558467,1984105,2710301,2770665,156369.5022,199786.5508,129829.1354,98915.7658,186115.1562,156283.9234,1609.58,1700.57,1758.21,1780.64,1785.65,1799.56
2026-07-07T00:00:00,62200.0,62979.86,63461.99,63999.0,64700.0,64314.0,59588.0,61248.86,62328.24,62436.59,61306.84,62671.39,21382.14163,14048.98627,9139.8274,9172.07758,21435.28437,16834.20823,3883096,2571531,1643288,1790183,3777895,3282102,11394.85517,7249.98683,4753.53597,4565.93641,11556.55192,8128.20476,61560.0,62583.26,63144.01,63650.0,64042.02,63363.99,1725.0,1775.78,1807.65,1808.0,1833.4,1813.16,1597.22,1694.72,1744.09,1748.79,1728.95,1757.57,373453.5082,244416.868,190880.1497,389673.4191,305879.3304,241536.7253,2999563,2558467,1984105,2710301,2770665,2520272,199786.5508,129829.1354,98915.7658,186115.1562,156283.9234,117218.5185,1700.57,1758.21,1780.64,1785.65,1799.56,1771.45
2026-07-08T00:00:00,62979.86,63461.99,63999.0,64700.0,64314.0,63761.99,61248.86,62328.24,62436.59,61306.84,62671.39,61544.56,14048.98627,9139.8274,9172.07758,21435.28437,16834.20823,18620.09796,2571531,1643288,1790183,3777895,3282102,3598487,7249.98683,4753.53597,4565.93641,11556.55192,8128.20476,8338.57026,62583.26,63144.01,63650.0,64042.02,63363.99,62290.0,1775.78,1807.65,1808.0,1833.4,1813.16,1785.0,1694.72,1744.09,1748.79,1728.95,1757.57,1713.44,244416.868,190880.1497,389673.4191,305879.3304,241536.7253,225231.2254,2558467,1984105,2710301,2770665,2520272,2459826,129829.1354,98915.7658,186115.1562,156283.9234,117218.5185,107440.578,1758.21,1780.64,1785.65,1799.56,1771.45,1743.54
2026-07-09T00:00:00,63461.99,63999.0,64700.0,64314.0,63761.99,63500.0,62328.24,62436.59,61306.84,62671.39,61544.56,61705.29,9139.8274,9172.07758,21435.28437,16834.20823,18620.09796,16742.80672,1643288,1790183,3777895,3282102,3598487,3176050,4753.53597,4565.93641,11556.55192,8128.20476,8338.57026,7922.48357,63144.01,63650.0,64042.02,63363.99,62290.0,63230.0,1807.65,1808.0,1833.4,1813.16,1785.0,1762.36,1744.09,1748.79,1728.95,1757.57,1713.44,1721.93,190880.1497,389673.4191,305879.3304,241536.7253,225231.2254,173705.2572,1984105,2710301,2770665,2520272,2459826,1852063,98915.7658,186115.1562,156283.9234,117218.5185,107440.578,87235.1274,1780.64,1785.65,1799.56,1771.45,1743.54,1745.16
2026-07-10T00:00:00,63999.0,64700.0,64314.0,63761.99,63500.0,64692.83,62436.59,61306.84,62671.39,61544.56,61705.29,62926.01,9172.07758,21435.28437,16834.20823,18620.09796,16742.80672,17589.00122,1790183,3777895,3282102,3598487,3176050,2927425,4565.93641,11556.55192,8128.20476,8338.57026,7922.48357,8727.5029,63650.0,64042.02,63363.99,62290.0,63230.0,64161.72,1808.0,1833.4,1813.16,1785.0,1762.36,1812.0,1748.79,1728.95,1757.57,1713.44,1721.93,1737.68,389673.4191,305879.3304,241536.7253,225231.2254,173705.2572,215605.8045,2710301,2770665,2520272,2459826,1852063,1885371,186115.1562,156283.9234,117218.5185,107440.578,87235.1274,111540.9027,1785.65,1799.56,1771.45,1743.54,1745.16,1796.85
2026-07-11T00:00:00,64700.0,64314.0,63761.99,63500.0,64692.83,64504.11,61306.84,62671.39,61544.56,61705.29,62926.01,63819.0,21435.28437,16834.20823,18620.09796,16742.80672,17589.00122,9151.97432,3777895,3282102,3598487,3176050,2927425,1406178,11556.55192,8128.20476,8338.57026,7922.48357,8727.5029,3908.28562,64042.02,63363.99,62290.0,63230.0,64161.72,63819.0,1833.4,1813.16,1785.0,1762.36,1812.0,1830.0,1728.95,1757.57,1713.44,1721.93,1737.68,1786.58,305879.3304,241536.7253,225231.2254,173705.2572,215605.8045,178703.4183,2770665,2520272,2459826,1852063,1885371,1196630,156283.9234,117218.5185,107440.578,87235.1274,111540.9027,82847.9976,1799.56,1771.45,1743.54,1745.16,1796.85,1787.76
2026-07-12T00:00:00,64314.0,63761.99,63500.0,64692.83,64504.11,64290.11,62671.39,61544.56,61705.29,62926.01,63819.0,63640.83,16834.20823,18620.09796,16742.80672,17589.00122,9151.97432,13914.83703,3282102,3598487,3176050,2927425,1406178,1919605,8128.20476,8338.57026,7922.48357,8727.5029,3908.28562,6757.00737,63363.99,62290.0,63230.0,64161.72,63819.0,63780.0,1813.16,1785.0,1762.36,1812.0,1830.0,1826.92,1757.57,1713.44,1721.93,1737.68,1786.58,1779.46,241536.7253,225231.2254,173705.2572,215605.8045,178703.4183,141072.9835,2520272,2459826,1852063,1885371,1196630,1163165,117218.5185,107440.578,87235.1274,111540.9027,82847.9976,67542.1325,1771.45,1743.54,1745.16,1796.85,1787.76,1806.8
2026-07-13T00:00:00,63761.99,63500.0,64692.83,64504.11,64290.11,64425.0,61544.56,61705.29,62926.01,63819.0,63640.83,61824.97,18620.09796,16742.80672,17589.00122,9151.97432,13914.83703,21682.50204,3598487,3176050,2927425,1406178,1919605,3349712,8338.57026,7922.48357,8727.5029,3908.28562,6757.00737,9861.43724,62290.0,63230.0,64161.72,63819.0,63780.0,62334.52,1785.0,1762.36,1812.0,1830.0,1826.92,1846.0,1713.44,1721.93,1737.68,1786.58,1779.46,1750.2,225231.2254,173705.2572,215605.8045,178703.4183,141072.9835,295031.6198,2459826,1852063,1885371,1196630,1163165,2649302,107440.578,87235.1274,111540.9027,82847.9976,67542.1325,139033.3963,1743.54,1745.16,1796.85,1787.76,1806.8,1776.72
2026-07-14T00:00:00,63500.0,64692.83,64504.11,64290.11,64425.0,65100.0,61705.29,62926.01,63819.0,63640.83,61824.97,62272.2,16742.80672,17589.00122,9151.97432,13914.83703,21682.50204,20552.41384,3176050,2927425,1406178,1919605,3349712,3080945,7922.48357,8727.5029,3908.28562,6757.00737,9861.43724,10847.48978,63230.0,64161.72,63819.0,63780.0,62334.52,65043.98,1762.36,1812.0,1830.0,1826.92,1846.0,1896.14,1721.93,1737.68,1786.58,1779.46,1750.2,1773.41,173705.2572,215605.8045,178703.4183,141072.9835,295031.6198,368913.772,1852063,1885371,1196630,1163165,2649302,3283907,87235.1274,111540.9027,82847.9976,67542.1325,139033.3963,202166.4648,1745.16,1796.85,1787.76,1806.8,1776.72,1891.87
2026-07-15T00:00:00,64692.83,64504.11,64290.11,64425.0,65100.0,65600.0,62926.01,63819.0,63640.83,61824.97,62272.2,64485.0,17589.00122,9151.97432,13914.83703,21682.50204,20552.41384,18401.89741,2927425,1406178,1919605,3349712,3080945,2668919,8727.5029,3908.28562,6757.00737,9861.43724,10847.48978,9009.48362,64161.72,63819.0,63780.0,62334.52,65043.98,64756.28,1812.0,1830.0,1826.92,1846.0,1896.14,1946.52,1737.68,1786.58,1779.46,1750.2,1773.41,1864.38,215605.8045,178703.4183,141072.9835,295031.6198,368913.772,319800.9693,1885371,1196630,1163165,2649302,3283907,2766157,111540.9027,82847.9976,67542.1325,139033.3963,202166.4648,164441.1035,1796.85,1787.76,1806.8,1776.72,1891.87,1917.86
2026-07-16T00:00:00,64504.11,64290.11,64425.0,65100.0,65600.0,64997.52,63819.0,63640.83,61824.97,62272.2,64485.0,63748.74,9151.97432,13914.83703,21682.50204,20552.41384,18401.89741,18764.52679,1406178,1919605,3349712,3080945,2668919,2813481,3908.28562,6757.00737,9861.43724,10847.48978,9009.48362,9007.30607,63819.0,63780.0,62334.52,65043.98,64756.28,63830.2,1830.0,1826.92,1846.0,1896.14,1946.52,1929.48,1786.58,1779.46,1750.2,1773.41,1864.38,1857.54,178703.4183,141072.9835,295031.6198,368913.772,319800.9693,271689.0863,1196630,1163165,2649302,3283907,2766157,2577028,82847.9976,67542.1325,139033.3963,202166.4648,164441.1035,124124.427,1787.76,1806.8,1776.72,1891.87,1917.86,1864.71
2026-07-17T00:00:00,64290.11,64425.0,65100.0,65600.0,64997.52,64387.99,63640.83,61824.97,62272.2,64485.0,63748.74,62537.56,13914.83703,21682.50204,20552.41384,18401.89741,18764.52679,18189.89389,1919605,3349712,3080945,2668919,2813481,3239296,6757.00737,9861.43724,10847.48978,9009.48362,9007.30607,8618.43801,63780.0,62334.52,65043.98,64756.28,63830.2,63931.67,1826.92,1846.0,1896.14,1946.52,1929.48,1871.08,1779.46,1750.2,1773.41,1864.38,1857.54,1803.05,141072.9835,295031.6198,368913.772,319800.9693,271689.0863,253027.7556,1163165,2649302,3283907,2766157,2577028,2654101,67542.1325,139033.3963,202166.4648,164441.1035,124124.427,127019.9006,1806.8,1776.72,1891.87,1917.86,1864.71,1841.93
2026-07-18T00:00:00,64425.0,65100.0,65600.0,64997.52,64387.99,64865.0,61824.97,62272.2,64485.0,63748.74,62537.56,63886.65,21682.50204,20552.41384,18401.89741,18764.52679,18189.89389,8031.18012,3349712,3080945,2668919,2813481,3239296,1088701,9861.43724,10847.48978,9009.48362,9007.30607,8618.43801,4100.21428,62334.52,65043.98,64756.28,63830.2,63931.67,64834.22,1846.0,1896.14,1946.52,1929.48,1871.08,1867.58,1750.2,1773.41,1864.38,1857.54,1803.05,1837.58,295031.6198,368913.772,319800.9693,271689.0863,253027.7556,92597.9232,2649302,3283907,2766157,2577028,2654101,898148,139033.3963,202166.4648,164441.1035,124124.427,127019.9006,49679.7706,1776.72,1891.87,1917.86,1864.71,1841.93,1862.61
2026-07-19T00:00:00,65100.0,65600.0,64997.52,64387.99,64865.0,64967.25,62272.2,64485.0,63748.74,62537.56,63886.65,64280.0,20552.41384,18401.89741,18764.52679,18189.89389,8031.18012,8379.91474,3080945,2668919,2813481,3239296,1088701,1464337,10847.48978,9009.48362,9007.30607,8618.43801,4100.21428,4281.97001,65043.98,64756.28,63830.2,63931.67,64834.22,64722.54,1896.14,1946.52,1929.48,1871.08,1867.58,1879.38,1773.41,1864.38,1857.54,1803.05,1837.58,1851.71,368913.772,319800.9693,271689.0863,253027.7556,92597.9232,143922.6662,3283907,2766157,2577028,2654101,898148,1375145,202166.4648,164441.1035,124124.427,127019.9006,49679.7706,72477.4109,1891.87,1917.86,1864.71,1841.93,1862.61,1872.23
2026-07-20T00:00:00,65600.0,64997.52,64387.99,64865.0,64967.25,65799.0,64485.0,63748.74,62537.56,63886.65,64280.0,63100.0,18401.89741,18764.52679,18189.89389,8031.18012,8379.91474,21323.48702,2668919,2813481,3239296,1088701,1464337,3606847,9009.48362,9007.30607,8618.43801,4100.21428,4281.97001,10104.82668,64756.28,63830.2,63931.67,64834.22,64722.54,65255.51,1946.52,1929.48,1871.08,1867.58,1879.38,1918.16,1864.38,1857.54,1803.05,1837.58,1851.71,1843.14,319800.9693,271689.0863,253027.7556,92597.9232,143922.6662,271195.633,2766157,2577028,2654101,898148,1375145,2898762,164441.1035,124124.427,127019.9006,49679.7706,72477.4109,139935.4434,1917.86,1864.71,1841.93,1862.61,1872.23,1904.77
2026-07-21T00:00:00,64997.52,64387.99,64865.0,64967.25,65799.0,66956.15,63748.74,62537.56,63886.65,64280.0,63100.0,65148.75,18764.52679,18189.89389,8031.18012,8379.91474,21323.48702,18618.28087,2813481,3239296,1088701,1464337,3606847,3005241,9007.30607,8618.43801,4100.21428,4281.97001,10104.82668,9545.80868,63830.2,63931.67,64834.22,64722.54,65255.51,66556.16,1929.48,1871.08,1867.58,1879.38,1918.16,1953.0,1857.54,1803.05,1837.58,1851.71,1843.14,1900.74,271689.0863,253027.7556,92597.9232,143922.6662,271195.633,326965.6779,2577028,2654101,898148,1375145,2898762,2430342,124124.427,127019.9006,49679.7706,72477.4109,139935.4434,178850.1688,1864.71,1841.93,1862.61,1872.23,1904.77,1930.09
2026-07-22T00:00:00,64387.99,64865.0,64967.25,65799.0,66956.15,66739.89,62537.56,63886.65,64280.0,63100.0,65148.75,65553.67,18189.89389,8031.18012,8379.91474,21323.48702,18618.28087,18074.86602,3239296,1088701,1464337,3606847,3005241,3381825,8618.43801,4100.21428,4281.97001,10104.82668,9545.80868,8854.46937,63931.67,64834.22,64722.54,65255.51,66556.16,66114.49,1871.08,1867.58,1879.38,1918.16,1953.0,1956.45,1803.05,1837.58,1851.71,1843.14,1900.74,1910.68,253027.7556,92597.9232,143922.6662,271195.633,326965.6779,251140.8253,2654101,898148,1375145,2898762,2430342,2535468,127019.9006,49679.7706,72477.4109,139935.4434,178850.1688,123958.4642,1841.93,1862.61,1872.23,1904.77,1930.09,1934.25
2026-07-23T00:00:00,64865.0,64967.25,65799.0,66956.15,66739.89,66313.14,63886.65,64280.0,63100.0,65148.75,65553.67,64650.0,8031.18012,8379.91474,21323.48702,18618.28087,18074.86602,14698.22673,1088701,1464337,3606847,3005241,3381825,2557299,4100.21428,4281.97001,10104.82668,9545.80868,8854.46937,7036.32429,64834.22,64722.54,65255.51,66556.16,66114.49,65098.97,1867.58,1879.38,1918.16,1953.0,1956.45,1941.5,1837.58,1851.71,1843.14,1900.74,1910.68,1869.44,92597.9232,143922.6662,271195.633,326965.6779,251140.8253,219789.0733,898148,1375145,2898762,2430342,2535468,2040809,49679.7706,72477.4109,139935.4434,178850.1688,123958.4642,99799.0967,1862.61,1872.23,1904.77,1930.09,1934.25,1878.38
2026-07-24T00:00:00,64967.25,65799.0,66956.15,66739.89,66313.14,65808.59,64280.0,63100.0,65148.75,65553.67,64650.0,63739.75,8379.91474,21323.48702,18618.28087,18074.86602,14698.22673,16821.2718,1464337,3606847,3005241,3381825,2557299,2467691,4281.97001,10104.82668,9545.80868,8854.46937,7036.32429,8133.22286,64722.54,65255.51,66556.16,66114.49,65098.97,64139.99,1879.38,1918.16,1953.0,1956.45,1941.5,1909.8,1851.71,1843.14,1900.74,1910.68,1869.44,1848.09,143922.6662,271195.633,326965.6779,251140.8253,219789.0733,200795.4361,1375145,2898762,2430342,2535468,2040809,2134534,72477.4109,139935.4434,178850.1688,123958.4642,99799.0967,102087.8997,1872.23,1904.77,1930.09,1934.25,1878.38,1861.44
2026-07-25T00:00:00,65799.0,66956.15,66739.89,66313.14,65808.59,64475.28,63100.0,65148.75,65553.67,64650.0,63739.75,63810.0,21323.48702,18618.28087,18074.86602,14698.22673,16821.2718,8863.0503,3606847,3005241,3381825,2557299,2467691,1005338,10104.82668,9545.80868,8854.46937,7036.32429,8133.22286,4621.49495,65255.51,66556.16,66114.49,65098.97,64139.99,64375.0,1918.16,1953.0,1956.45,1941.5,1909.8,1877.07,1843.14,1900.74,1910.68,1869.44,1848.09,1851.22,271195.633,326965.6779,251140.8253,219789.0733,200795.4361,88434.488,2898762,2430342,2535468,2040809,2134534,763113,139935.4434,178850.1688,123958.4642,99799.0967,102087.8997,45312.7075,1904.77,1930.09,1934.25,1878.38,1861.44,1874.89
2026-07-26T00:00:00,66956.15,66739.89,66313.14,65808.59,64475.28,65577.0,65148.75,65553.67,64650.0,63739.75,63810.0,64293.81,18618.28087,18074.86602,14698.22673,16821.2718,8863.0503,7933.06089,3005241,3381825,2557299,2467691,1005338,1138023,9545.80868,8854.46937,7036.32429,8133.22286,4621.49495,4091.47971,66556.16,66114.49,65098.97,64139.99,64375.0,65399.99,1953.0,1956.45,1941.5,1909.8,1877.07,1967.36,1900.74,1910.68,1869.44,1848.09,1851.22,1873.85,326965.6779,251140.8253,219789.0733,200795.4361,88434.488,153233.6949,2430342,2535468,2040809,2134534,763113,1515963,178850.1688,123958.4642,99799.0967,102087.8997,45312.7075,80698.9915,1930.09,1934.25,1878.38,1861.44,1874.89,1954.72
2026-07-27T00:00:00,66739.89,66313.14,65808.59,64475.28,65577.0,65744.6,65553.67,64650.0,63739.75,63810.0,64293.81,63605.56,18074.86602,14698.22673,16821.2718,8863.0503,7933.06089,14791.90543,3381825,2557299,2467691,1005338,1138023,2921636,8854.46937,7036.32429,8133.22286,4621.49495,4091.47971,6694.82928,66114.49,65098.97,64139.99,64375.0,65399.99,63755.86,1956.45,1941.5,1909.8,1877.07,1967.36,1981.24,1910.68,1869.44,1848.09,1851.22,1873.85,1882.49,251140.8253,219789.0733,200795.4361,88434.488,153233.6949,342451.48,2535468,2040809,2134534,763113,1515963,3195743,123958.4642,99799.0967,102087.8997,45312.7075,80698.9915,162403.1192,1934.25,1878.38,1861.44,1874.89,1954.72,1892.53
2026-07-28T00:00:00,66313.14,65808.59,64475.28,65577.0,65744.6,64100.0,64650.0,63739.75,63810.0,64293.81,63605.56,62742.47,14698.22673,16821.2718,8863.0503,7933.06089,14791.90543,13889.82996,2557299,2467691,1005338,1138023,2921636,2679943,7036.32429,8133.22286,4621.49495,4091.47971,6694.82928,7070.0283,65098.97,64139.99,64375.0,65399.99,63755.86,63915.0,1941.5,1909.8,1877.07,1967.36,1981.24,1929.67,1869.44,1848.09,1851.22,1873.85,1882.49,1856.88,219789.0733,200795.4361,88434.488,153233.6949,342451.48,289225.1629,2040809,2134534,763113,1515963,3195743,2505196,99799.0967,102087.8997,45312.7075,80698.9915,162403.1192,142104.8161,1878.38,1861.44,1874.89,1954.72,1892.53,1922.23
2026-07-29T00:00:00,65808.59,64475.28,65577.0,65744.6,64100.0,64744.81,63739.75,63810.0,64293.81,63605.56,62742.47,63267.34,16821.2718,8863.0503,7933.06089,14791.90543,13889.82996,16780.11912,2467691,1005338,1138023,2921636,2679943,3615294,8133.22286,4621.49495,4091.47971,6694.82928,7070.0283,8931.61763,64139.99,64375.0,65399.99,63755.86,63915.0,63984.28,1909.8,1877.07,1967.36,1981.24,1929.67,1935.68,1848.09,1851.22,1873.85,1882.49,1856.88,1872.0,200795.4361,88434.488,153233.6949,342451.48,289225.1629,298562.344,2134534,763113,1515963,3195743,2505196,3050869,102087.8997,45312.7075,80698.9915,162403.1192,142104.8161,146699.4645,1861.44,1874.89,1954.72,1892.53,1922.23,1910.72
2026-07-30T00:00:00,64475.28,65577.0,65744.6,64100.0,64744.81,65176.6,63810.0,64293.81,63605.56,62742.47,63267.34,63603.92,8863.0503,7933.06089,14791.90543,13889.82996,16780.11912,17131.58486,1005338,1138023,2921636,2679943,3615294,3246691,4621.49495,4091.47971,6694.82928,7070.0283,8931.61763,8996.1922,64375.0,65399.99,63755.86,63915.0,63984.28,64780.02,1877.07,1967.36,1981.24,1929.67,1935.68,1936.99,1851.22,1873.85,1882.49,1856.88,1872.0,1893.99,88434.488,153233.6949,342451.48,289225.1629,298562.344,176531.6818,763113,1515963,3195743,2505196,3050869,1937149,45312.7075,80698.9915,162403.1192,142104.8161,146699.4645,88629.7538,1874.89,1954.72,1892.53,1922.23,1910.72,1918.31
2026-07-31T00:00:00,65577.0,65744.6,64100.0,64744.81,65176.6,65409.56,64293.81,63605.56,62742.47,63267.34,63603.92,62466.0,7933.06089,14791.90543,13889.82996,16780.11912,17131.58486,20475.60686,1138023,2921636,2679943,3615294,3246691,2740238,4091.47971,6694.82928,7070.0283,8931.61763,8996.1922,9659.56143,65399.99,63755.86,63915.0,63984.28,64780.02,62887.88,1967.36,1981.24,1929.67,1935.68,1936.99,1936.15,1873.85,1882.49,1856.88,1872.0,1893.99,1848.7,153233.6949,342451.48,289225.1629,298562.344,176531.6818,242904.7865,1515963,3195743,2505196,3050869,1937149,2209134,80698.9915,162403.1192,142104.8161,146699.4645,88629.7538,105152.1456,1954.72,1892.53,1922.23,1910.72,1918.31,1862.6
2026-08-01T00:00:00,65744.6,64100.0,64744.81,65176.6,65409.56,63150.0,63605.56,62742.47,63267.34,63603.92,62466.0,62275.0,14791.90543,13889.82996,16780.11912,17131.58486,20475.60686,7563.08904,2921636,2679943,3615294,3246691,2740238,831983,6694.82928,7070.0283,8931.61763,8996.1922,9659.56143,3772.23898,63755.86,63915.0,63984.28,64780.02,62887.88,62823.64,1981.24,1929.67,1935.68,1936.99,1936.15,1875.45,1882.49,1856.88,1872.0,1893.99,1848.7,1822.06,342451.48,289225.1629,298562.344,176531.6818,242904.7865,108886.9878,3195743,2505196,3050869,1937149,2209134,880600,162403.1192,142104.8161,146699.4645,88629.7538,105152.1456,48007.9114,1892.53,1922.23,1910.72,1918.31,1862.6,1844.94
2026-08-02T00:00:00,64100.0,64744.81,65176.6,65409.56,63150.0,63796.33,62742.47,63267.34,63603.92,62466.0,62275.0,62806.58,13889.82996,16780.11912,17131.58486,20475.60686,7563.08904,8387.01154,2679943,3615294,3246691,2740238,831983,1286064,7070.0283,8931.61763,8996.1922,9659.56143,3772.23898,4566.33112,63915.0,63984.28,64780.02,62887.88,62823.64,63570.0,1929.67,1935.68,1936.99,1936.15,1875.45,1898.5,1856.88,1872.0,1893.99,1848.7,1822.06,1843.67,289225.1629,298562.344,176531.6818,242904.7865,108886.9878,123655.0632,2505196,3050869,1937149,2209134,880600,1129827,142104.8161,146699.4645,88629.7538,105152.1456,48007.9114,64503.1281,1922.23,1910.72,1918.31,1862.6,1844.94,1885.36
2026-08-03T00:00:00,64744.81,65176.6,65409.56,63150.0,63796.33,64080.0,63267.34,63603.92,62466.0,62275.0,62806.58,62300.0,16780.11912,17131.58486,20475.60686,7563.08904,8387.01154,15543.29743,3615294,3246691,2740238,831983,1286064,2494364,8931.61763,8996.1922,9659.56143,3772.23898,4566.33112,7987.90387,63984.28,64780.02,62887.88,62823.64,63570.0,63520.0,1935.68,1936.99,1936.15,1875.45,1898.5,1885.95,1872.0,1893.99,1848.7,1822.06,1843.67,1828.62,298562.344,176531.6818,242904.7865,108886.9878,123655.0632,175607.0099,3050869,1937149,2209134,880600,1129827,1775363,146699.4645,88629.7538,105152.1456,48007.9114,64503.1281,84775.068,1910.72,1918.31,1862.6,1844.94,1885.36,1860.5
2026-08-04T00:00:00,65176.6,65409.56,63150.0,63796.33,64080.0,64549.16,63603.92,62466.0,62275.0,62806.58,62300.0,63322.01,17131.58486,20475.60686,7563.08904,8387.01154,15543.29743,13690.47909,3246691,2740238,831983,1286064,2494364,2388039,8996.1922,9659.56143,3772.23898,4566.33112,7987.90387,7360.46366,64780.02,62887.88,62823.64,63570.0,63520.0,64106.56,1936.99,1936.15,1875.45,1898.5,1885.95,1882.44,1893.99,1848.7,1822.06,1843.67,1828.62,1848.38,176531.6818,242904.7865,108886.9878,123655.0632,175607.0099,185254.5452,1937149,2209134,880600,1129827,1775363,1809806,88629.7538,105152.1456,48007.9114,64503.1281,84775.068,93966.2161,1918.31,1862.6,1844.94,1885.36,1860.5,1869.75
2026-08-05T00:00:00,65409.56,63150.0,63796.33,64080.0,64549.16,65025.22,62466.0,62275.0,62806.58,62300.0,63322.01,63880.0,20475.60686,7563.08904,8387.01154,15543.29743,13690.47909,12742.85528,2740238,831983,1286064,2494364,2388039,2402227,9659.56143,3772.23898,4566.33112,7987.90387,7360.46366,6522.4825,62887.88,62823.64,63570.0,63520.0,64106.56,64665.23,1936.15,1875.45,1898.5,1885.95,1882.44,1928.0,1848.7,1822.06,1843.67,1828.62,1848.38,1855.5,242904.7865,108886.9878,123655.0632,175607.0099,185254.5452,238330.3269,2209134,880600,1129827,1775363,1809806,2270605,105152.1456,48007.9114,64503.1281,84775.068,93966.2161,124423.2562,1862.6,1844.94,1885.36,1860.5,1869.75,1908.9
2026-08-06T00:00:00,63150.0,63796.33,64080.0,64549.16,65025.22,64999.0,62275.0,62806.58,62300.0,63322.01,63880.0,64172.0,7563.08904,8387.01154,15543.29743,13690.47909,12742.85528,9864.43284,831983,1286064,2494364,2388039,2402227,2087951,3772.23898,4566.33112,7987.90387,7360.46366,6522.4825,4666.15261,62823.64,63570.0,63520.0,64106.56,64665.23,64323.61,1875.45,1898.5,1885.95,1882.44,1928.0,1920.51,1822.06,1843.67,1828.62,1848.38,1855.5,1892.04,108886.9878,123655.0632,175607.0099,185254.5452,238330.3269,177529.7135,880600,1129827,1775363,1809806,2270605,1782371,48007.9114,64503.1281,84775.068,93966.2161,124423.2562,81160.1351,1844.94,1885.36,1860.5,1869.75,1908.9,1904.1
2026-08-07T00:00:00,63796.33,64080.0,64549.16,65025.22,64999.0,65390.99,62806.58,62300.0,63322.01,63880.0,64172.0,64166.0,8387.01154,15543.29743,13690.47909,12742.85528,9864.43284,11807.40403,1286064,2494364,2388039,2402227,2087951,2283383,4566.33112,7987.90387,7360.46366,6522.4825,4666.15261,5639.26621,63570.0,63520.0,64106.56,64665.23,64323.61,64923.19,1898.5,1885.95,1882.44,1928.0,1920.51,1943.02,1843.67,1828.62,1848.38,1855.5,1892.04,1894.35,123655.0632,175607.0099,185254.5452,238330.3269,177529.7135,210276.529,1129827,1775363,1809806,2270605,1782371,1579936,64503.1281,84775.068,93966.2161,124423.2562,81160.1351,95029.1101,1885.36,1860.5,1869.75,1908.9,1904.1,1914.18
2026-08-08T00:00:00,64080.0,64549.16,65025.22,64999.0,65390.99,65192.54,62300.0,63322.01,63880.0,64172.0,64166.0,64784.19,15543.29743,13690.47909,12742.85528,9864.43284,11807.40403,5760.14298,2494364,2388039,2402227,2087951,2283383,540447,7987.90387,7360.46366,6522.4825,4666.15261,5639.26621,2810.00611,63520.0,64106.56,64665.23,64323.61,64923.19,64962.6,1885.95,1882.44,1928.0,1920.51,1943.02,1926.72,1828.62,1848.38,1855.5,1892.04,1894.35,1912.27,175607.0099,185254.5452,238330.3269,177529.7135,210276.529,56872.3931,1775363,1809806,2270605,1782371,1579936,433955,84775.068,93966.2161,124423.2562,81160.1351,95029.1101,27552.6004,1860.5,1869.75,1908.9,1904.1,1914.18,1916.74
2026-08-09T00:00:00,64549.16,65025.22,64999.0,65390.99,65192.54,65474.46,63322.01,63880.0,64172.0,64166.0,64784.19,64730.08,13690.47909,12742.85528,9864.43284,11807.40403,5760.14298,7031.23606,2388039,2402227,2087951,2283383,540447,803981,7360.46366,6522.4825,4666.15261,5639.26621,2810.00611,3207.32922,64106.56,64665.23,64323.61,64923.19,64962.6,64901.59,1882.44,1928.0,1920.51,1943.02,1926.72,1938.22,1848.38,1855.5,1892.04,1894.35,1912.27,1907.56,185254.5452,238330.3269,177529.7135,210276.529,56872.3931,87855.3253,1809806,2270605,1782371,1579936,433955,681191,93966.2161,124423.2562,81160.1351,95029.1101,27552.6004,42718.9753,1869.75,1908.9,1904.1,1914.18,1916.74,1910.65
2026-08-10T00:00:00,65025.22,64999.0,65390.99,65192.54,65474.46,65391.14,63880.0,64172.0,64166.0,64784.19,64730.08,63806.27,12742.85528,9864.43284,11807.40403,5760.14298,7031.23606,13638.40877,2402227,2087951,2283383,540447,803981,2054347,6522.4825,4666.15261,5639.26621,2810.00611,3207.32922,6946.62767,64665.23,64323.61,64923.19,64962.6,64901.59,63970.01,1928.0,1920.51,1943.02,1926.72,1938.22,1931.57,1855.5,1892.04,1894.35,1912.27,1907.56,1867.96,238330.3269,177529.7135,210276.529,56872.3931,87855.3253,209809.0221,2270605,1782371,1579936,433955,681191,1866587,124423.2562,81160.1351,95029.1101,27552.6004,42718.9753,92868.0329,1908.9,1904.1,1914.18,1916.74,1910.65,1873.16
2026-08-11T00:00:00,64999.0,65390.99,65192.54,65474.46,65391.14,64515.43,64172.0,64166.0,64784.19,64730.08,63806.27,63238.0,9864.43284,11807.40403,5760.14298,7031.23606,13638.40877,12891.63248,2087951,2283383,540447,803981,2054347,1660517,4666.15261,5639.26621,2810.00611,3207.32922,6946.62767,6363.01318,64323.61,64923.19,64962.6,64901.59,63970.01,63600.0,1920.51,1943.02,1926.72,1938.22,1931.57,1897.8,1892.04,1894.35,1912.27,1907.56,1867.96,1853.62,177529.7135,210276.529,56872.3931,87855.3253,209809.0221,193300.5166,1782371,1579936,433955,681191,1866587,1441139,81160.1351,95029.1101,27552.6004,42718.9753,92868.0329,89434.2115,1904.1,1914.18,1916.74,1910.65,1873.16,1882.59
2026-08-12T00:00:00,65390.99,65192.54,65474.46,65391.14,64515.43,64500.0,64166.0,64784.19,64730.08,63806.27,63238.0,63310.34,11807.40403,5760.14298,7031.23606,13638.40877,12891.63248,13627.06822,2283383,540447,803981,2054347,1660517,1990499,5639.26621,2810.00611,3207.32922,6946.62767,6363.01318,6993.82626,64923.19,64962.6,64901.59,63970.01,63600.0,63479.99,1943.02,1926.72,1938.22,1931.57,1897.8,1925.0,1894.35,1912.27,1907.56,1867.96,1853.62,1873.29,210276.529,56872.3931,87855.3253,209809.0221,193300.5166,171255.9975,1579936,433955,681191,1866587,1441139,1564544,95029.1101,27552.6004,42718.9753,92868.0329,89434.2115,84089.6358,1914.18,1916.74,1910.65,1873.16,1882.59,1879.81
2026-08-13T00:00:00,65192.54,65474.46,65391.14,64515.43,64500.0,64010.0,64784.19,64730.08,63806.27,63238.0,63310.34,62802.27,5760.14298,7031.23606,13638.40877,12891.63248,13627.06822,10793.85853,540447,803981,2054347,1660517,1990499,2078777,2810.00611,3207.32922,6946.62767,6363.01318,6993.82626,5588.30192,64962.6,64901.59,63970.01,63600.0,63479.99,63490.86,1926.72,1938.22,1931.57,1897.8,1925.0,1900.0,1912.27,1907.56,1867.96,1853.62,1873.29,1863.67,56872.3931,87855.3253,209809.0221,193300.5166,171255.9975,154140.6308,433955,681191,1866587,1441139,1564544,1514857,27552.6004,42718.9753,92868.0329,89434.2115,84089.6358,79343.6238,1916.74,1910.65,1873.16,1882.59,1879.81,1886.15
2026-08-14T00:00:00,65474.46,65391.14,64515.43,64500.0,64010.0,63617.45,64730.08,63806.27,63238.0,63310.34,62802.27,62535.24,7031.23606,13638.40877,12891.63248,13627.06822,10793.85853,12340.82899,803981,2054347,1660517,1990499,2078777,2184530,3207.32922,6946.62767,6363.01318,6993.82626,5588.30192,6678.27723,64901.59,63970.01,63600.0,63479.99,63490.86,63043.56,1938.22,1931.57,1897.8,1925.0,1900.0,1891.3,1907.56,1867.96,1853.62,1873.29,1863.67,1864.28,87855.3253,209809.0221,193300.5166,171255.9975,154140.6308,108123.7734,681191,1866587,1441139,1564544,1514857,1319228,42718.9753,92868.0329,89434.2115,84089.6358,79343.6238,53799.6172,1910.65,1873.16,1882.59,1879.81,1886.15,1882.2
2026-08-15T00:00:00,65391.14,64515.43,64500.0,64010.0,63617.45,63187.98,63806.27,63238.0,63310.34,62802.27,62535.24,62920.0,13638.40877,12891.63248,13627.06822,10793.85853,12340.82899,5405.16038,2054347,1660517,1990499,2078777,2184530,540313,6946.62767,6363.01318,6993.82626,5588.30192,6678.27723,3110.52011,63970.01,63600.0,63479.99,63490.86,63043.56,63086.01,1931.57,1897.8,1925.0,1900.0,1891.3,1886.59,1867.96,1853.62,1873.29,1863.67,1864.28,1876.01,209809.0221,193300.5166,171255.9975,154140.6308,108123.7734,48197.0909,1866587,1441139,1564544,1514857,1319228,409630,92868.0329,89434.2115,84089.6358,79343.6238,53799.6172,23013.4799,1873.16,1882.59,1879.81,1886.15,1882.2,1882.64
2026-08-16T00:00:00,64515.43,64500.0,64010.0,63617.45,63187.98,63390.0,63238.0,63310.34,62802.27,62535.24,62920.0,62716.0,12891.63248,13627.06822,10793.85853,12340.82899,5405.16038,4737.23135,1660517,1990499,2078777,2184530,540313,640294,6363.01318,6993.82626,5588.30192,6678.27723,3110.52011,2498.03555,63600.0,63479.99,63490.86,63043.56,63086.01,62900.0,1897.8,1925.0,1900.0,1891.3,1886.59,1892.31,1853.62,1873.29,1863.67,1864.28,1876.01,1869.17,193300.5166,171255.9975,154140.6308,108123.7734,48197.0909,68574.4231,1441139,1564544,1514857,1319228,409630,573492,89434.2115,84089.6358,79343.6238,53799.6172,23013.4799,34107.2041,1882.59,1879.81,1886.15,1882.2,1882.64,1876.0
2026-08-17T00:00:00,64500.0,64010.0,63617.45,63187.98,63390.0,64610.01,63310.34,62802.27,62535.24,62920.0,62716.0,62751.1,13627.06822,10793.85853,12340.82899,5405.16038,4737.23135,14255.64713,1990499,2078777,2184530,540313,640294,2111256,6993.82626,5588.30192,6678.27723,3110.52011,2498.03555,7186.91098,63479.99,63490.86,63043.56,63086.01,62900.0,64532.1,1925.0,1900.0,1891.3,1886.59,1892.31,1918.71,1873.29,1863.67,1864.28,1876.01,1869.17,1872.46,171255.9975,154140.6308,108123.7734,48197.0909,68574.4231,175727.2871,1564544,1514857,1319228,409630,573492,1441485,84089.6358,79343.6238,53799.6172,23013.4799,34107.2041,88860.7417,1879.81,1886.15,1882.2,1882.64,1876.0,1913.6
2026-08-18T00:00:00,64010.0,63617.45,63187.98,63390.0,64610.01,65058.81,62802.27,62535.24,62920.0,62716.0,62751.1,64027.85,10793.85853,12340.82899,5405.16038,4737.23135,14255.64713,11789.91312,2078777,2184530,540313,640294,2111256,1608019,5588.30192,6678.27723,3110.52011,2498.03555,7186.91098,5759.24912,63490.86,63043.56,63086.01,62900.0,64532.1,64725.42,1900.0,1891.3,1886.59,1892.31,1918.71,1923.27,1863.67,1864.28,1876.01,1869.17,1872.46,1885.78,154140.6308,108123.7734,48197.0909,68574.4231,175727.2871,144436.9084,1514857,1319228,409630,573492,1441485,1229278,79343.6238,53799.6172,23013.4799,34107.2041,88860.7417,67921.8767,1886.15,1882.2,1882.64,1876.0,1913.6,1917.85
2026-08-19T00:00:00,63617.45,63187.98,63390.0,64610.01,65058.81,70000.0,62535.24,62920.0,62716.0,62751.1,64027.85,64166.0,12340.82899,5405.16038,4737.23135,14255.64713,11789.91312,29054.29976,2184530,540313,640294,2111256,1608019,4160596,6678.27723,3110.52011,2498.03555,7186.91098,5759.24912,15646.86527,63043.56,63086.01,62900.0,64532.1,64725.42,69334.79,1891.3,1886.59,1892.31,1918.71,1923.27,2333.65,1864.28,1876.01,1869.17,1872.46,1885.78,1906.0,108123.7734,48197.0909,68574.4231,175727.2871,144436.9084,799553.3447,1319228,409630,573492,1441485,1229278,5279678,53799.6172,23013.4799,34107.2041,88860.7417,67921.8767,417055.9435,1882.2,1882.64,1876.0,1913.6,1917.85,2252.8
2026-08-20T00:00:00,63187.98,63390.0,64610.01,65058.81,70000.0,73400.0,62920.0,62716.0,62751.1,64027.85,64166.0,68902.22,5405.16038,4737.23135,14255.64713,11789.91312,29054.29976,35904.79287,540313,640294,2111256,1608019,4160596,6249114,3110.52011,2498.03555,7186.91098,5759.24912,15646.86527,18144.94133,63086.01,62900.0,64532.1,64725.42,69334.79,73025.15,1886.59,1892.31,1918.71,1923.27,2333.65,2360.0,1876.01,1869.17,1872.46,1885.78,1906.0,2221.54,48197.0909,68574.4231,175727.2871,144436.9084,799553.3447,648620.7228,409630,573492,1441485,1229278,5279678,5641127,23013.4799,34107.2041,88860.7417,67921.8767,417055.9435,338052.5415,1882.64,1876.0,1913.6,1917.85,2252.8,2326.82
2026-08-21T00:00:00,63390.0,64610.01,65058.81,70000.0,73400.0,79500.0,62716.0,62751.1,64027.85,64166.0,68902.22,73027.02,4737.23135,14255.64713,11789.91312,29054.29976,35904.79287,44339.56568,640294,2111256,1608019,4160596,6249114,8928944,2498.03555,7186.91098,5759.24912,15646.86527,18144.94133,23033.87661,62900.0,64532.1,64725.42,69334.79,73025.15,78338.03,1892.31,1918.71,1923.27,2333.65,2360.0,2546.78,1869.17,1872.46,1885.78,1906.0,2221.54,2324.99,68574.4231,175727.2871,144436.9084,799553.3447,648620.7228,740662.9146,573492,1441485,1229278,5279678,5641127,7242698,34107.2041,88860.7417,67921.8767,417055.9435,338052.5415,402068.9383,1876.0,1913.6,1917.85,2252.8,2326.82,2516.3
2026-08-22T00:00:00,64610.01,65058.81,70000.0,73400.0,79500.0,78828.15,62751.1,64027.85,64166.0,68902.22,73027.02,76500.0,14255.64713,11789.91312,29054.29976,35904.79287,44339.56568,18524.50847,2111256,1608019,4160596,6249114,8928944,3950045,7186.91098,5759.24912,15646.86527,18144.94133,23033.87661,9413.19226,64532.1,64725.42,69334.79,73025.15,78338.03,77074.93,1918.71,1923.27,2333.65,2360.0,2546.78,2529.99,1872.46,1885.78,1906.0,2221.54,2324.99,2385.0,175727.2871,144436.9084,799553.3447,648620.7228,740662.9146,485164.8901,1441485,1229278,5279678,5641127,7242698,4481778,88860.7417,67921.8767,417055.9435,338052.5415,402068.9383,244219.4254,1913.6,1917.85,2252.8,2326.82,2516.3,2422.6
2026-08-23T00:00:00,65058.81,70000.0,73400.0,79500.0,78828.15,78052.85,64027.85,64166.0,68902.22,73027.02,76500.0,75545.67,11789.91312,29054.29976,35904.79287,44339.56568,18524.50847,15367.23185,1608019,4160596,6249114,8928944,3950045,3627829,5759.24912,15646.86527,18144.94133,23033.87661,9413.19226,8207.35031,64725.42,69334.79,73025.15,78338.03,77074.93,77734.0,1923.27,2333.65,2360.0,2546.78,2529.99,2484.62,1885.78,1906.0,2221.54,2324.99,2385.0,2355.71,144436.9084,799553.3447,648620.7228,740662.9146,485164.8901,378847.2022,1229278,5279678,5641127,7242698,4481778,3810702,67921.8767,417055.9435,338052.5415,402068.9383,244219.4254,204739.2032,1917.85,2252.8,2326.82,2516.3,2422.6,2463.41
2026-08-24T00:00:00,70000.0,73400.0,79500.0,78828.15,78052.85,80000.0,64166.0,68902.22,73027.02,76500.0,75545.67,76670.01,29054.29976,35904.79287,44339.56568,18524.50847,15367.23185,30179.29391,4160596,6249114,8928944,3950045,3627829,6334409,15646.86527,18144.94133,23033.87661,9413.19226,8207.35031,15033.99548,69334.79,73025.15,78338.03,77074.93,77734.0,78992.75,2333.65,2360.0,2546.78,2529.99,2484.62,2532.95,1906.0,2221.54,2324.99,2385.0,2355.71,2424.73,799553.3447,648620.7228,740662.9146,485164.8901,378847.2022,467435.1868,5279678,5641127,7242698,4481778,3810702,4314361,417055.9435,338052.5415,402068.9383,244219.4254,204739.2032,239011.3165,2252.8,2326.82,2516.3,2422.6,2463.41,2482.31
2026-08-25T00:00:00,73400.0,79500.0,78828.15,78052.85,80000.0,81272.62,68902.22,73027.02,76500.0,75545.67,76670.01,77851.0,35904.79287,44339.56568,18524.50847,15367.23185,30179.29391,24772.51394,6249114,8928944,3950045,3627829,6334409,6360202,18144.94133,23033.87661,9413.19226,8207.35031,15033.99548,12633.43254,73025.15,78338.03,77074.93,77734.0,78992.75,78539.14,2360.0,2546.78,2529.99,2484.62,2532.95,2532.5,2221.54,2324.99,2385.0,2355.71,2424.73,2414.64,648620.7228,740662.9146,485164.8901,378847.2022,467435.1868,341388.961,5641127,7242698,4481778,3810702,4314361,3492228,338052.5415,402068.9383,244219.4254,204739.2032,239011.3165,156179.9493,2326.82,2516.3,2422.6,2463.41,2482.31,2442.64
2026-08-26T00:00:00,79500.0,78828.15,78052.85,80000.0,81272.62,79251.6,73027.02,76500.0,75545.67,76670.01,77851.0,77632.58,44339.56568,18524.50847,15367.23185,30179.29391,24772.51394,14613.75887,8928944,3950045,3627829,6334409,6360202,4284527,23033.87661,9413.19226,8207.35031,15033.99548,12633.43254,7299.27224,78338.03,77074.93,77734.0,78992.75,78539.14,79023.75,2546.78,2529.99,2484.62,2532.95,2532.5,2515.38,2324.99,2385.0,2355.71,2424.73,2414.64,2432.32,740662.9146,485164.8901,378847.2022,467435.1868,341388.961,250583.2707,7242698,4481778,3810702,4314361,3492228,2687659,402068.9383,244219.4254,204739.2032,239011.3165,156179.9493,128221.3698,2516.3,2422.6,2463.41,2482.31,2442.64,2506.78
2026-08-27T00:00:00,78828.15,78052.85,80000.0,81272.62,79251.6,80848.74,76500.0,75545.67,76670.01,77851.0,77632.58,78546.13,18524.50847,15367.23185,30179.29391,24772.51394,14613.75887,16265.53695,3950045,3627829,6334409,6360202,4284527,4932285,9413.19226,8207.35031,15033.99548,12633.43254,7299.27224,7358.50047,77074.93,77734.0,78992.75,78539.14,79023.75,80249.58,2529.99,2484.62,2532.95,2532.5,2515.38,2566.53,2385.0,2355.71,2424.73,2414.64,2432.32,2481.74,485164.8901,378847.2022,467435.1868,341388.961,250583.2707,336914.06,4481778,3810702,4314361,3492228,2687659,3426529,244219.4254,204739.2032,239011.3165,156179.9493,128221.3698,163836.3225,2422.6,2463.41,2482.31,2442.64,2506.78,2510.94
2026-08-28T00:00:00,78052.85,80000.0,81272.62,79251.6,80848.74,81478.87,75545.67,76670.01,77851.0,77632.58,78546.13,76888.0,15367.23185,30179.29391,24772.51394,14613.75887,16265.53695,19756.43646,3627829,6334409,6360202,4284527,4932285,4822157,8207.35031,15033.99548,12633.43254,7299.27224,7358.50047,9300.40971,77734.0,78992.75,78539.14,79023.75,80249.58,77845.87,2484.62,2532.95,2532.5,2515.38,2566.53,2535.05,2355.71,2424.73,2414.64,2432.32,2481.74,2405.97,378847.2022,467435.1868,341388.961,250583.2707,336914.06,361082.4672,3810702,4314361,3492228,2687659,3426529,3449843,204739.2032,239011.3165,156179.9493,128221.3698,163836.3225,167131.5356,2463.41,2482.31,2442.64,2506.78,2510.94,2442.8
2026-08-29T00:00:00,80000.0,81272.62,79251.6,80848.74,81478.87,78330.0,76670.01,77851.0,77632.58,78546.13,76888.0,77382.37,30179.29391,24772.51394,14613.75887,16265.53695,19756.43646,7016.30257,6334409,6360202,4284527,4932285,4822157,1519886,15033.99548,12633.43254,7299.27224,7358.50047,9300.40971,3594.89663,78992.75,78539.14,79023.75,80249.58,77845.87,78230.0,2532.95,2532.5,2515.38,2566.53,2535.05,2459.76,2424.73,2414.64,2432.32,2481.74,2405.97,2430.45,467435.1868,341388.961,250583.2707,336914.06,361082.4672,103523.9255,4314361,3492228,2687659,3426529,3449843,828389,239011.3165,156179.9493,128221.3698,163836.3225,167131.5356,54147.5103,2482.31,2442.64,2506.78,2510.94,2442.8,2457.67
2026-08-30T00:00:00,81272.62,79251.6,80848.74,81478.87,78330.0,79400.0,77851.0,77632.58,78546.13,76888.0,77382.37,77000.0,24772.51394,14613.75887,16265.53695,19756.43646,7016.30257,9085.42405,6360202,4284527,4932285,4822157,1519886,2404922,12633.43254,7299.27224,7358.50047,9300.40971,3594.89663,4314.34369,78539.14,79023.75,80249.58,77845.87,78230.0,77682.0,2532.5,2515.38,2566.53,2535.05,2459.76,2534.98,2414.64,2432.32,2481.74,2405.97,2430.45,2387.28,341388.961,250583.2707,336914.06,361082.4672,103523.9255,268297.9503,3492228,2687659,3426529,3449843,828389,2396145,156179.9493,128221.3698,163836.3225,167131.5356,54147.5103,126372.702,2442.64,2506.78,2510.94,2442.8,2457.67,2416.88
2026-08-31T00:00:00,79251.6,80848.74,81478.87,78330.0,79400.0,79250.0,77632.58,78546.13,76888.0,77382.37,77000.0,77392.0,14613.75887,16265.53695,19756.43646,7016.30257,9085.42405,15303.90602,4284527,4932285,4822157,1519886,2404922,4354737,7299.27224,7358.50047,9300.40971,3594.89663,4314.34369,8150.6351,79023.75,80249.58,77845.87,78230.0,77682.0,78581.29,2515.38,2566.53,2535.05,2459.76,2534.98,2489.95,2432.32,2481.74,2405.97,2430.45,2387.28,2401.35,250583.2707,336914.06,361082.4672,103523.9255,268297.9503,265221.8545,2687659,3426529,3449843,828389,2396145,2904113,128221.3698,163836.3225,167131.5356,54147.5103,126372.702,132003.0417,2506.78,2510.94,2442.8,2457.67,2416.88,2467.65
2026-09-01T00:00:00,80848.74,81478.87,78330.0,79400.0,79250.0,79220.61,78546.13,76888.0,77382.37,77000.0,77392.0,76420.0,16265.53695,19756.43646,7016.30257,9085.42405,15303.90602,14130.63949,4932285,4822157,1519886,2404922,4354737,3662805,7358.50047,9300.40971,3594.89663,4314.34369,8150.6351,7128.14511,80249.58,77845.87,78230.0,77682.0,78581.29,77439.0,2566.53,2535.05,2459.76,2534.98,2489.95,2485.5,2481.74,2405.97,2430.45,2387.28,2401.35,2383.34,336914.06,361082.4672,103523.9255,268297.9503,265221.8545,276587.6824,3426529,3449843,828389,2396145,2904113,2474291,163836.3225,167131.5356,54147.5103,126372.702,132003.0417,134387.9163,2510.94,2442.8,2457.67,2416.88,2467.65,2418.57
