date,BTC.high_5,BTC.high_4,BTC.high_3,BTC.high_2,BTC.high_1,BTC.high,BTC.low_5,BTC.low_4,BTC.low_3,BTC.low_2,BTC.low_1,BTC.low,BTC.volume_5,BTC.volume_4,BTC.volume_3,BTC.volume_2,BTC.volume_1,BTC.volume,BTC.numberOfTrades_5,BTC.numberOfTrades_4,BTC.numberOfTrades_3,BTC.numberOfTrades_2,BTC.numberOfTrades_1,BTC.numberOfTrades,BTC.takerBuyBaseAssetVolume_5,BTC.takerBuyBaseAssetVolume_4,BTC.takerBuyBaseAssetVolume_3,BTC.takerBuyBaseAssetVolume_2,BTC.takerBuyBaseAssetVolume_1,BTC.takerBuyBaseAssetVolume,BTC.close_5,BTC.close_4,BTC.close_3,BTC.close_2,BTC.close_1,BTC.close,LTC.high_5,LTC.high_4,LTC.high_3,LTC.high_2,LTC.high_1,LTC.high,LTC.low_5,LTC.low_4,LTC.low_3,LTC.low_2,LTC.low_1,LTC.low,LTC.volume_5,LTC.volume_4,LTC.volume_3,LTC.volume_2,LTC.volume_1,LTC.volume,LTC.numberOfTrades_5,LTC.numberOfTrades_4,LTC.numberOfTrades_3,LTC.numberOfTrades_2,LTC.numberOfTrades_1,LTC.numberOfTrades,LTC.takerBuyBaseAssetVolume_5,LTC.takerBuyBaseAssetVolume_4,LTC.takerBuyBaseAssetVolume_3,LTC.takerBuyBaseAssetVolume_2,LTC.takerBuyBaseAssetVolume_1,LTC.takerBuyBaseAssetVolume,LTC.close_5,LTC.close_4,LTC.close_3,LTC.close_2,LTC.close_1,LTC.close,ETH.high_5,ETH.high_4,ETH.high_3,ETH.high_2,ETH.high_1,ETH.high,ETH.low_5,ETH.low_4,ETH.low_3,ETH.low_2,ETH.low_1,ETH.low,ETH.volume_5,ETH.volume_4,ETH.volume_3,ETH.volume_2,ETH.volume_1,ETH.volume,ETH.numberOfTrades_5,ETH.numberOfTrades_4,ETH.numberOfTrades_3,ETH.numberOfTrades_2,ETH.numberOfTrades_1,ETH.numberOfTrades,ETH.takerBuyBaseAssetVolume_5,ETH.takerBuyBaseAssetVolume_4,ETH.takerBuyBaseAssetVolume_3,ETH.takerBuyBaseAssetVolume_2,ETH.takerBuyBaseAssetVolume_1,ETH.takerBuyBaseAssetVolume,ETH.close_5,ETH.close_4,ETH.close_3,ETH.close_2,ETH.close_1,ETH.close
2026-01-01T00:00:00,87984.0,88088.75,90406.08,89400.0,89200.0,88919.45,87253.05,87435.0,86806.5,86845.66,87250.0,87550.43,4469.55156,4446.29285,19894.98575,13105.91001,11558.62047,6279.57133,957536,1241426,4793589,3542176,2897396,1449281,2065.72405,2230.75216,10079.10102,6561.56089,5432.03408,3123.64536,87877.01,87952.71,87237.13,88485.49,87648.22,88839.04,80.58,80.58,80.25,79.03,78.89,80.03,76.76,77.87,76.92,77.62,76.08,76.7,211258.146,219808.346,309985.174,238627.692,233120.006,194402.742,147647,144305,221638,160915,165163,140629,107790.958,107349.162,159701.329,109738.146,119277.527,102285.941,80.33,78.73,78.32,78.89,76.85,79.97,2960.89,2961.23,3057.78,3009.8,3028.08,3010.0,2917.13,2924.54,2910.25,2919.44,2958.91,2971.15,95040.3956,128834.139,485959.1824,286583.2879,233729.5887,136088.5207,1004396,1484510,5162535,3959890,2935432,1338212,43285.9713,65373.9915,233555.1583,146128.2348,116217.5263,66477.086,2949.05,2950.91,2937.9,2973.69,2971.64,3125.45
2026-01-02T00:00:00,88088.75,90406.08,89400.0,89200.0,88919.45,90961.81,87435.0,86806.5,86845.66,87250.0,87550.43,88379.88,4446.29285,19894.98575,13105.91001,11558.62047,6279.57133,17396.97301,1241426,4793589,3542176,2897396,1449281,5010211,2230.75216,10079.10102,6561.56089,5432.03408,3123.64536,8929.35447,87952.71,87237.13,88485.49,87648.22,88839.04,89995.13,80.58,80.25,79.03,78.89,80.03,82.25,77.87,76.92,77.62,76.08,76.7,79.04,219808.346,309985.174,238627.692,233120.006,194402.742,285255.308,144305,221638,160915,165163,140629,228137,107349.162,159701.329,109738.146,119277.527,102285.941,142079.285,78.73,78.32,78.89,76.85,79.97,81.93,2961.23,3057.78,3009.8,3028.08,3010.0,3150.01,2924.54,2910.25,2919.44,2958.91,2971.15,2992.49,128834.139,485959.1824,286583.2879,233729.5887,136088.5207,369891.2449,1484510,5162535,3959890,2935432,1338212,5276480,65373.9915,233555.1583,146128.2348,116217.5263,66477.086,195057.0391,2950.91,2937.9,2973.69,2971.64,3004.19,3127.11
2026-01-03T00:00:00,90406.08,89400.0,89200.0,88919.45,90961.81,90741.16,86806.5,86845.66,87250.0,87550.43,88379.88,89314.01,19894.98575,13105.91001,11558.62047,6279.57133,17396.97301,7057.46716,4793589,3542176,2897396,1449281,5010211,1684214,10079.10102,6561.56089,5432.03408,3123.64536,8929.35447,3791.72083,87237.13,88485.49,87648.22,88839.04,89995.13,90628.01,80.25,79.03,78.89,80.03,82.25,82.82,76.92,77.62,76.08,76.7,79.04,80.77,309985.174,238627.692,233120.006,194402.742,285255.308,249457.667,221638,160915,165163,140629,228137,188669,159701.329,109738.146,119277.527,102285.941,142079.285,120857.422,78.32,78.89,76.85,79.97,81.93,82.08,3057.78,3009.8,3028.08,3010.0,3150.01,3136.71,2910.25,2919.44,2958.91,2971.15,2992.49,3076.0,485959.1824,286583.2879,233729.5887,136088.5207,369891.2449,134405.2258,5162535,3959890,2935432,1338212,5276480,1823251,233555.1583,146128.2348,116217.5263,66477.086,195057.0391,66789.8067,2937.9,2973.69,2971.64,3004.19,3125.45,3144.7
2026-01-04T00:00:00,89400.0,89200.0,88919.45,90961.81,90741.16,91810.0,86845.66,87250.0,87550.43,88379.88,89314.01,90628.0,13105.91001,11558.62047,6279.57133,17396.97301,7057.46716,10426.5297,3542176,2897396,1449281,5010211,1684214,2207037,6561.56089,5432.03408,3123.64536,8929.35447,3791.72083,5320.99389,88485.49,87648.22,88839.04,89995.13,90628.01,91529.73,79.03,78.89,80.03,82.25,82.82,83.17,77.62,76.08,76.7,79.04,80.77,81.65,238627.692,233120.006,194402.742,285255.308,249457.667,254059.572,160915,165163,140629,228137,188669,198257,109738.146,119277.527,102285.941,142079.285,120857.422,120576.145,78.89,76.85,79.97,81.93,82.08,82.26,3009.8,3028.08,3010.0,3150.01,3136.71,3167.22,2919.44,2958.91,2971.15,2992.49,3076.0,3118.75,286583.2879,233729.5887,136088.5207,369891.2449,134405.2258,181576.0686,3959890,2935432,1338212,5276480,1823251,2261499,146128.2348,116217.5263,66477.086,195057.0391,66789.8067,94783.8698,2973.69,2971.64,3004.19,3125.45,3127.11,3224.99
2026-01-05T00:00:00,89200.0,88919.45,90961.81,90741.16,91810.0,94789.08,87250.0,87550.43,88379.88,89314.01,90628.0,91514.81,11558.62047,6279.57133,17396.97301,7057.46716,10426.5297,20673.59584,2897396,1449281,5010211,1684214,2207037,5485489,5432.03408,3123.64536,8929.35447,3791.72083,5320.99389,10892.9695,87648.22,88839.04,89995.13,90628.01,91529.73,93859.71,78.89,80.03,82.25,82.82,83.17,84.57,76.08,76.7,79.04,80.77,81.65,81.44,233120.006,194402.742,285255.308,249457.667,254059.572,427913.448,165163,140629,228137,188669,198257,292614,119277.527,102285.941,142079.285,120857.422,120576.145,227631.212,76.85,79.97,81.93,82.08,82.26,83.46,3028.08,3010.0,3150.01,3136.71,3167.22,3265.66,2958.91,2971.15,2992.49,3076.0,3118.75,3135.02,233729.5887,136088.5207,369891.2449,134405.2258,181576.0686,382446.6618,2935432,1338212,5276480,1823251,2261499,5401982,116217.5263,66477.086,195057.0391,66789.8067,94783.8698,188956.4336,2971.64,3004.19,3125.45,3127.11,3144.7,3296.84
2026-01-06T00:00:00,88919.45,90961.81,90741.16,91810.0,94789.08,94444.44,87550.43,88379.88,89314.01,90628.0,91514.81,91262.94,6279.57133,17396.97301,7057.46716,10426.5297,20673.59584,18546.41829,1449281,5010211,1684214,2207037,5485489,5018686,3123.64536,8929.35447,3791.72083,5320.99389,10892.9695,8108.82157,88839.04,89995.13,90628.01,91529.73,93859.71,93747.97,80.03,82.25,82.82,83.17,84.57,84.89,76.7,79.04,80.77,81.65,81.44,81.16,194402.742,285255.308,249457.667,254059.572,427913.448,356122.443,140629,228137,188669,198257,292614,267979,102285.941,142079.285,120857.422,120576.145,227631.212,186215.642,79.97,81.93,82.08,82.26,83.46,83.96,3010.0,3150.01,3136.71,3167.22,3265.66,3308.86,2971.15,2992.49,3076.0,3118.75,3135.02,3183.27,136088.5207,369891.2449,134405.2258,181576.0686,382446.6618,412503.5066,1338212,5276480,1823251,2261499,5401982,5310071,66477.086,195057.0391,66789.8067,94783.8698,188956.4336,204316.7995,3004.19,3125.45,3127.11,3144.7,3224.99,3168.72
2026-01-07T00:00:00,90961.81,90741.16,91810.0,94789.08,94444.44,93747.97,88379.88,89314.01,90628.0,91514.81,91262.94,90675.52,17396.97301,7057.46716,10426.5297,20673.59584,18546.41829,14276.49025,5010211,1684214,2207037,5485489,5018686,4340252,8929.35447,3791.72083,5320.99389,10892.9695,8108.82157,6714.86954,89995.13,90628.01,91529.73,93859.71,93747.97,91364.16,82.25,82.82,83.17,84.57,84.89,83.97,79.04,80.77,81.65,81.44,81.16,81.0,285255.308,249457.667,254059.572,427913.448,356122.443,276546.003,228137,188669,198257,292614,267979,215839,142079.285,120857.422,120576.145,227631.212,186215.642,138647.052,81.93,82.08,82.26,83.46,83.96,81.71,3150.01,3136.71,3167.22,3265.66,3308.86,3296.84,2992.49,3076.0,3118.75,3135.02,3183.27,3125.42,369891.2449,134405.2258,181576.0686,382446.6618,412503.5066,321350.1225,5276480,1823251,2261499,5401982,5310071,4839276,195057.0391,66789.8067,94783.8698,188956.4336,204316.7995,154644.9184,3125.45,3127.11,3144.7,3224.99,3296.84,3106.65
2026-01-08T00:00:00,90741.16,91810.0,94789.08,94444.44,93747.97,91687.99,89314.01,90628.0,91514.81,91262.94,90675.52,89311.0,7057.46716,10426.5297,20673.59584,18546.41829,14276.49025,16132.79117,1684214,2207037,5485489,5018686,4340252,4923472,3791.72083,5320.99389,10892.9695,8108.82157,6714.86954,8192.07574,90628.01,91529.73,93859.71,93747.97,91364.16,91099.99,82.82,83.17,84.57,84.89,83.97,82.3,80.77,81.65,81.44,81.16,81.0,80.0,249457.667,254059.572,427913.448,356122.443,276546.003,252290.561,188669,198257,292614,267979,215839,201660,120857.422,120576.145,227631.212,186215.642,138647.052,134595.953,82.08,82.26,83.46,83.96,81.71,81.31,3136.71,3167.22,3265.66,3308.86,3296.84,3184.39,3076.0,3118.75,3135.02,3183.27,3125.42,3054.65,134405.2258,181576.0686,382446.6618,412503.5066,321350.1225,343616.1005,1823251,2261499,5401982,5310071,4839276,4982423,66789.8067,94783.8698,188956.4336,204316.7995,154644.9184,167834.9366,3127.11,3144.7,3224.99,3296.84,3168.72,3088.4
2026-01-09T00:00:00,91810.0,94789.08,94444.44,93747.97,91687.99,92082.55,90628.0,91514.81,91262.94,90675.52,89311.0,89694.66,10426.5297,20673.59584,18546.41829,14276.49025,16132.79117,15590.27939,2207037,5485489,5018686,4340252,4923472,4155703,5320.99389,10892.9695,8108.82157,6714.86954,8192.07574,8512.4327,91529.73,93859.71,93747.97,91364.16,91099.99,90641.28,83.17,84.57,84.89,83.97,82.3,82.12,81.65,81.44,81.16,81.0,80.0,79.91,254059.572,427913.448,356122.443,276546.003,252290.561,251572.162,198257,292614,267979,215839,201660,212437,120576.145,227631.212,186215.642,138647.052,134595.953,122840.378,82.26,83.46,83.96,81.71,81.31,81.49,3167.22,3265.66,3308.86,3296.84,3184.39,3148.41,3118.75,3135.02,3183.27,3125.42,3054.65,3058.69,181576.0686,382446.6618,412503.5066,321350.1225,343616.1005,274587.4533,2261499,5401982,5310071,4839276,4982423,4182570,94783.8698,188956.4336,204316.7995,154644.9184,167834.9366,137269.6714,3144.7,3224.99,3296.84,3168.72,3106.65,3086.72
2026-01-10T00:00:00,94789.08,94444.44,93747.97,91687.99,92082.55,90832.0,91514.81,91262.94,90675.52,89311.0,89694.66,90404.0,20673.59584,18546.41829,14276.49025,16132.79117,15590.27939,3104.11722,5485489,5018686,4340252,4923472,4155703,766357,10892.9695,8108.82157,6714.86954,8192.07574,8512.4327,1551.97383,93859.71,93747.97,91364.16,91099.99,90641.28,90504.7,84.57,84.89,83.97,82.3,82.12,82.42,81.44,81.16,81.0,80.0,79.91,80.8,427913.448,356122.443,276546.003,252290.561,251572.162,149346.699,292614,267979,215839,201660,212437,114583,227631.212,186215.642,138647.052,134595.953,122840.378,75483.876,83.46,83.96,81.71,81.31,81.49,81.19,3265.66,3308.86,3296.84,3184.39,3148.41,3104.12,3135.02,3183.27,3125.42,3054.65,3058.69,3077.99,382446.6618,412503.5066,321350.1225,343616.1005,274587.4533,82341.0546,5401982,5310071,4839276,4982423,4182570,881069,188956.4336,204316.7995,154644.9184,167834.9366,137269.6714,44689.1628,3224.99,3296.84,3168.72,3106.65,3088.4,3123.45
2026-01-11T00:00:00,94444.44,93747.97,91687.99,92082.55,90832.0,91283.89,91262.94,90675.52,89311.0,89694.66,90404.0,90236.0,18546.41829,14276.49025,16132.79117,15590.27939,3104.11722,5477.13594,5018686,4340252,4923472,4155703,766357,1282029,8108.82157,6714.86954,8192.07574,8512.4327,1551.97383,2868.36168,93747.97,91364.16,91099.99,90641.28,90504.7,91013.65,84.89,83.97,82.3,82.12,82.42,81.78,81.16,81.0,80.0,79.91,80.8,78.53,356122.443,276546.003,252290.561,251572.162,149346.699,323460.486,267979,215839,201660,212437,114583,185897,186215.642,138647.052,134595.953,122840.378,75483.876,147616.204,83.96,81.71,81.31,81.49,81.19,78.79,3308.86,3296.84,3184.39,3148.41,3104.12,3147.27,3183.27,3125.42,3054.65,3058.69,3077.99,3084.46,412503.5066,321350.1225,343616.1005,274587.4533,82341.0546,149381.2965,5310071,4839276,4982423,4182570,881069,1522502,204316.7995,154644.9184,167834.9366,137269.6714,44689.1628,77521.2191,3296.84,3168.72,3106.65,3088.4,3086.72,3095.75
2026-01-12T00:00:00,93747.97,91687.99,92082.55,90832.0,91283.89,92519.95,90675.52,89311.0,89694.66,90404.0,90236.0,90128.44,14276.49025,16132.79117,15590.27939,3104.11722,5477.13594,16188.08268,4340252,4923472,4155703,766357,1282029,4099509,6714.86954,8192.07574,8512.4327,1551.97383,2868.36168,8092.5428,91364.16,91099.99,90641.28,90504.7,91013.65,91296.2,83.97,82.3,82.12,82.42,81.78,80.75,81.0,80.0,79.91,80.8,78.53,75.6,276546.003,252290.561,251572.162,149346.699,323460.486,766104.643,215839,201660,212437,114583,185897,412265,138647.052,134595.953,122840.378,75483.876,147616.204,321481.898,81.71,81.31,81.49,81.19,78.79,76.12,3296.84,3184.39,3148.41,3104.12,3147.27,3171.49,3125.42,3054.65,3058.69,3077.99,3084.46,3065.55,321350.1225,343616.1005,274587.4533,82341.0546,149381.2965,297373.4681,4839276,4982423,4182570,881069,1522502,4303605,154644.9184,167834.9366,137269.6714,44689.1628,77521.2191,145169.9489,3168.72,3106.65,3088.4,3086.72,3123.45,3325.82
2026-01-13T00:00:00,91687.99,92082.55,90832.0,91283.89,92519.95,96495.0,89311.0,89694.66,90404.0,90236.0,90128.44,91042.66,16132.79117,15590.27939,3104.11722,5477.13594,16188.08268,23021.51482,4923472,4155703,766357,1282029,4099509,5025071,8192.07574,8512.4327,1551.97383,2868.36168,8092.5428,12405.23056,91099.99,90641.28,90504.7,91013.65,91296.2,95414.0,82.3,82.12,82.42,81.78,80.75,78.95,80.0,79.91,80.8,78.53,75.6,75.26,252290.561,251572.162,149346.699,323460.486,766104.643,1092209.996,201660,212437,114583,185897,412265,584044,134595.953,122840.378,75483.876,147616.204,321481.898,463017.883,81.31,81.49,81.19,78.79,76.12,78.18,3184.39,3148.41,3104.12,3147.27,3171.49,3367.79,3054.65,3058.69,3077.99,3084.46,3065.55,3091.96,343616.1005,274587.4533,82341.0546,149381.2965,297373.4681,457782.2816,4982423,4182570,881069,1522502,4303605,4876916,167834.9366,137269.6714,44689.1628,77521.2191,145169.9489,239733.9448,3106.65,3088.4,3086.72,3123.45,3095.75,3354.92
2026-01-14T00:00:00,92082.55,90832.0,91283.89,92519.95,96495.0,97924.49,89694.66,90404.0,90236.0,90128.44,91042.66,94559.28,15590.27939,3104.11722,5477.13594,16188.08268,23021.51482,22851.89428,4155703,766357,1282029,4099509,5025071,5346212,8512.4327,1551.97383,2868.36168,8092.5428,12405.23056,11974.98829,90641.28,90504.7,91013.65,91296.2,95414.0,96951.78,82.12,82.42,81.78,80.75,78.95,80.97,79.91,80.8,78.53,75.6,75.26,75.8,251572.162,149346.699,323460.486,766104.643,1092209.996,1728520.677,212437,114583,185897,412265,584044,668483,122840.378,75483.876,147616.204,321481.898,463017.883,779366.213,81.49,81.19,78.79,76.12,78.18,76.67,3148.41,3104.12,3147.27,3171.49,3367.79,3402.89,3058.69,3077.99,3084.46,3065.55,3091.96,3280.48,274587.4533,82341.0546,149381.2965,297373.4681,457782.2816,503440.0759,4182570,881069,1522502,4303605,4876916,5351410,137269.6714,44689.1628,77521.2191,145169.9489,239733.9448,242601.2111,3088.4,3086.72,3123.45,3095.75,3325.82,3318.69
2026-01-15T00:00:00,90832.0,91283.89,92519.95,96495.0,97924.49,97193.34,90404.0,90236.0,90128.44,91042.66,94559.28,95134.48,3104.11722,5477.13594,16188.08268,23021.51482,22851.89428,21725.81369,766357,1282029,4099509,5025071,5346212,4493095,1551.97383,2868.36168,8092.5428,12405.23056,11974.98829,10841.32767,90504.7,91013.65,91296.2,95414.0,96951.78,95604.8,82.42,81.78,80.75,78.95,80.97,76.92,80.8,78.53,75.6,75.26,75.8,69.46,149346.699,323460.486,766104.643,1092209.996,1728520.677,1503254.414,114583,185897,412265,584044,668483,621073,75483.876,147616.204,321481.898,463017.883,779366.213,697641.406,81.19,78.79,76.12,78.18,76.67,72.21,3104.12,3147.27,3171.49,3367.79,3402.89,3384.19,3077.99,3084.46,3065.55,3091.96,3280.48,3273.72,82341.0546,149381.2965,297373.4681,457782.2816,503440.0759,389993.836,881069,1522502,4303605,4876916,5351410,4766390,44689.1628,77521.2191,145169.9489,239733.9448,242601.2111,182106.0811,3086.72,3123.45,3095.75,3325.82,3354.92,3296.28
2026-01-16T00:00:00,91283.89,92519.95,96495.0,97924.49,97193.34,95871.47,90236.0,90128.44,91042.66,94559.28,95134.48,94293.46,5477.13594,16188.08268,23021.51482,22851.89428,21725.81369,11167.7146,1282029,4099509,5025071,5346212,4493095,2971559,2868.36168,8092.5428,12405.23056,11974.98829,10841.32767,5055.06952,91013.65,91296.2,95414.0,96951.78,95604.8,95550.94,81.78,80.75,78.95,80.97,76.92,76.07,78.53,75.6,75.26,75.8,69.46,70.92,323460.486,766104.643,1092209.996,1728520.677,1503254.414,846767.044,185897,412265,584044,668483,621073,387288,147616.204,321481.898,463017.883,779366.213,697641.406,416278.641,78.79,76.12,78.18,76.67,72.21,75.22,3147.27,3171.49,3367.79,3402.89,3384.19,3326.79,3084.46,3065.55,3091.96,3280.48,3273.72,3253.01,149381.2965,297373.4681,457782.2816,503440.0759,389993.836,223921.7876,1522502,4303605,4876916,5351410,4766390,3528248,77521.2191,145169.9489,239733.9448,242601.2111,182106.0811,109159.1615,3123.45,3095.75,3325.82,3354.92,3318.69,3310.56
2026-01-17T00:00:00,92519.95,96495.0,97924.49,97193.34,95871.47,95639.45,90128.44,91042.66,94559.28,95134.48,94293.46,95021.67,16188.08268,23021.51482,22851.89428,21725.81369,11167.7146,4280.80137,4099509,5025071,5346212,4493095,2971559,1020527,8092.5428,12405.23056,11974.98829,10841.32767,5055.06952,2059.85283,91296.2,95414.0,96951.78,95604.8,95550.94,95147.77,80.75,78.95,80.97,76.92,76.07,75.99,75.6,75.26,75.8,69.46,70.92,73.84,766104.643,1092209.996,1728520.677,1503254.414,846767.044,327149.181,412265,584044,668483,621073,387288,186780,321481.898,463017.883,779366.213,697641.406,416278.641,164597.182,76.12,78.18,76.67,72.21,75.22,74.92,3171.49,3367.79,3402.89,3384.19,3326.79,3330.26,3065.55,3091.96,3280.48,3273.72,3253.01,3283.96,297373.4681,457782.2816,503440.0759,389993.836,223921.7876,124325.0303,4303605,4876916,5351410,4766390,3528248,1229614,145169.9489,239733.9448,242601.2111,182106.0811,109159.1615,68643.5852,3095.75,3325.82,3354.92,3318.69,3296.28,3284.03
2026-01-18T00:00:00,96495.0,97924.49,97193.34,95871.47,95639.45,95531.12,91042.66,94559.28,95134.48,94293.46,95021.67,93615.4,23021.51482,22851.89428,21725.81369,11167.7146,4280.80137,6895.17819,5025071,5346212,4493095,2971559,1020527,1488785,12405.23056,11974.98829,10841.32767,5055.06952,2059.85283,3107.35604,95414.0,96951.78,95604.8,95550.94,95147.77,93673.14,78.95,80.97,76.92,76.07,75.99,75.9,75.26,75.8,69.46,70.92,73.84,72.1,1092209.996,1728520.677,1503254.414,846767.044,327149.181,377184.548,584044,668483,621073,387288,186780,239459,463017.883,779366.213,697641.406,416278.641,164597.182,196115.06,78.18,76.67,72.21,75.22,74.92,72.29,3367.79,3402.89,3384.19,3326.79,3330.26,3368.82,3091.96,3280.48,3273.72,3253.01,3283.96,3278.86,457782.2816,503440.0759,389993.836,223921.7876,124325.0303,173354.3026,4876916,5351410,4766390,3528248,1229614,2227452,239733.9448,242601.2111,182106.0811,109159.1615,68643.5852,93056.7992,3325.82,3354.92,3318.69,3296.28,3310.56,3189.55
2026-01-19T00:00:00,97924.49,97193.34,95871.47,95639.45,95531.12,93673.14,94559.28,95134.48,94293.46,95021.67,93615.4,91910.2,22851.89428,21725.81369,11167.7146,4280.80137,6895.17819,14295.52747,5346212,4493095,2971559,1020527,1488785,3359066,11974.98829,10841.32767,5055.06952,2059.85283,3107.35604,6906.84245,96951.78,95604.8,95550.94,95147.77,93673.14,92631.0,80.97,76.92,76.07,75.99,75.9,72.28,75.8,69.46,70.92,73.84,72.1,65.58,1728520.677,1503254.414,846767.044,327149.181,377184.548,993480.913,668483,621073,387288,186780,239459,463491,779366.213,697641.406,416278.641,164597.182,196115.06,484909.33,76.67,72.21,75.22,74.92,72.29,70.8,3402.89,3384.19,3326.79,3330.26,3368.82,3284.58,3280.48,3273.72,3253.01,3283.96,3278.86,3165.38,503440.0759,389993.836,223921.7876,124325.0303,173354.3026,442540.5596,5351410,4766390,3528248,1229614,2227452,4406164,242601.2111,182106.0811,109159.1615,68643.5852,93056.7992,225707.6739,3354.92,3318.69,3296.28,3310.56,3284.03,2939.88
2026-01-20T00:00:00,97193.34,95871.47,95639.45,95531.12,93673.14,92870.0,95134.48,94293.46,95021.67,93615.4,91910.2,87895.98,21725.81369,11167.7146,4280.80137,6895.17819,14295.52747,22007.3261,4493095,2971559,1020527,1488785,3359066,6064031,10841.32767,5055.06952,2059.85283,3107.35604,6906.84245,9629.19624,95604.8,95550.94,95147.77,93673.14,92631.0,88427.66,76.92,76.07,75.99,75.9,72.28,71.05,69.46,70.92,73.84,72.1,65.58,65.9,1503254.414,846767.044,327149.181,377184.548,993480.913,699879.344,621073,387288,186780,239459,463491,412612,697641.406,416278.641,164597.182,196115.06,484909.33,330248.217,72.21,75.22,74.92,72.29,70.8,67.12,3384.19,3326.79,3330.26,3368.82,3284.58,3200.5,3273.72,3253.01,3283.96,3278.86,3165.38,2920.0,389993.836,223921.7876,124325.0303,173354.3026,442540.5596,518166.4787,4766390,3528248,1229614,2227452,4406164,7228638,182106.0811,109159.1615,68643.5852,93056.7992,225707.6739,251605.1302,3318.69,3296.28,3310.56,3284.03,3189.55,2982.27
2026-01-21T00:00:00,95871.47,95639.45,95531.12,93673.14,92870.0,90574.0,94293.46,95021.67,93615.4,91910.2,87895.98,87263.53,11167.7146,4280.80137,6895.17819,14295.52747,22007.3261,20617.50372,2971559,1020527,1488785,3359066,6064031,6419053,5055.06952,2059.85283,3107.35604,6906.84245,9629.19624,10265.21302,95550.94,95147.77,93673.14,92631.0,88427.66,89454.73,76.07,75.99,75.9,72.28,71.05,69.71,70.92,73.84,72.1,65.58,65.9,66.03,846767.044,327149.181,377184.548,993480.913,699879.344,677970.362,387288,186780,239459,463491,412612,350685,416278.641,164597.182,196115.06,484909.33,330248.217,351262.332,75.22,74.92,72.29,70.8,67.12,68.48,3326.79,3330.26,3368.82,3284.58,3200.5,3069.07,3253.01,3283.96,3278.86,3165.38,2920.0,2866.11,223921.7876,124325.0303,173354.3026,442540.5596,518166.4787,577800.2481,3528248,1229614,2227452,4406164,7228638,8064316,109159.1615,68643.5852,93056.7992,225707.6739,251605.1302,296961.807,3296.28,3310.56,3284.03,3189.55,2939.88,2952.69
2026-01-22T00:00:00,95639.45,95531.12,93673.14,92870.0,90574.0,90359.99,95021.67,93615.4,91910.2,87895.98,87263.53,88515.37,4280.80137,6895.17819,14295.52747,22007.3261,20617.50372,10825.50492,1020527,1488785,3359066,6064031,6419053,3743412,2059.85283,3107.35604,6906.84245,9629.19624,10265.21302,5529.54766,95147.77,93673.14,92631.0,88427.66,89454.73,89559.67,75.99,75.9,72.28,71.05,69.71,69.65,73.84,72.1,65.58,65.9,66.03,67.06,327149.181,377184.548,993480.913,699879.344,677970.362,400973.972,186780,239459,463491,412612,350685,213870,164597.182,196115.06,484909.33,330248.217,351262.332,200806.924,74.92,72.29,70.8,67.12,68.48,68.19,3330.26,3368.82,3284.58,3200.5,3069.07,3038.33,3283.96,3278.86,3165.38,2920.0,2866.11,2906.02,124325.0303,173354.3026,442540.5596,518166.4787,577800.2481,291660.7349,1229614,2227452,4406164,7228638,8064316,4696521,68643.5852,93056.7992,225707.6739,251605.1302,296961.807,144410.7947,3310.56,3284.03,3189.55,2939.88,2982.27,2956.41
2026-01-23T00:00:00,95531.12,93673.14,92870.0,90574.0,90359.99,91224.99,93615.4,91910.2,87895.98,87263.53,88515.37,88578.36,6895.17819,14295.52747,22007.3261,20617.50372,10825.50492,13918.48919,1488785,3359066,6064031,6419053,3743412,4619907,3107.35604,6906.84245,9629.19624,10265.21302,5529.54766,6911.17668,93673.14,92631.0,88427.66,89454.73,89559.67,89600.26,75.9,72.28,71.05,69.71,69.65,69.6,72.1,65.58,65.9,66.03,67.06,66.98,377184.548,993480.913,699879.344,677970.362,400973.972,391555.321,239459,463491,412612,350685,213870,225325,196115.06,484909.33,330248.217,351262.332,200806.924,202035.793,72.29,70.8,67.12,68.48,68.19,68.07,3368.82,3284.58,3200.5,3069.07,3038.33,3019.26,3278.86,3165.38,2920.0,2866.11,2906.02,2892.4,173354.3026,442540.5596,518166.4787,577800.2481,291660.7349,318415.3317,2227452,4406164,7228638,8064316,4696521,5479038,93056.7992,225707.6739,251605.1302,296961.807,144410.7947,159251.2529,3284.03,3189.55,2939.88,2982.27,2952.69,2953.22
2026-01-24T00:00:00,93673.14,92870.0,90574.0,90359.99,91224.99,89957.39,91910.2,87895.98,87263.53,88515.37,88578.36,89162.08,14295.52747,22007.3261,20617.50372,10825.50492,13918.48919,4226.56737,3359066,6064031,6419053,3743412,4619907,959854,6906.84245,9629.19624,10265.21302,5529.54766,6911.17668,1835.96939,92631.0,88427.66,89454.73,89559.67,89600.26,89225.34,72.28,71.05,69.71,69.65,69.6,68.98,65.58,65.9,66.03,67.06,66.98,67.75,993480.913,699879.344,677970.362,400973.972,391555.321,180394.712,463491,412612,350685,213870,225325,107362,484909.33,330248.217,351262.332,200806.924,202035.793,90881.014,70.8,67.12,68.48,68.19,68.07,68.19,3284.58,3200.5,3069.07,3038.33,3019.26,2970.41,3165.38,2920.0,2866.11,2906.02,2892.4,2943.84,442540.5596,518166.4787,577800.2481,291660.7349,318415.3317,92082.9039,4406164,7228638,8064316,4696521,5479038,1185149,225707.6739,251605.1302,296961.807,144410.7947,159251.2529,41483.2107,3189.55,2939.88,2982.27,2952.69,2956.41,2816.89
2026-01-25T00:00:00,92870.0,90574.0,90359.99,91224.99,89957.39,89319.13,87895.98,87263.53,88515.37,88578.36,89162.08,86074.72,22007.3261,20617.50372,10825.50492,13918.48919,4226.56737,14426.22019,6064031,6419053,3743412,4619907,959854,3720178,9629.19624,10265.21302,5529.54766,6911.17668,1835.96939,6269.27657,88427.66,89454.73,89559.67,89600.26,89225.34,86670.36,71.05,69.71,69.65,69.6,68.98,70.36,65.9,66.03,67.06,66.98,67.75,65.23,699879.344,677970.362,400973.972,391555.321,180394.712,627760.546,412612,350685,213870,225325,107362,359726,330248.217,351262.332,200806.924,202035.793,90881.014,297380.743,67.12,68.48,68.19,68.07,68.19,67.3,3200.5,3069.07,3038.33,3019.26,2970.41,2960.29,2920.0,2866.11,2906.02,2892.4,2943.84,2787.0,518166.4787,577800.2481,291660.7349,318415.3317,92082.9039,380186.5326,7228638,8064316,4696521,5479038,1185149,4637787,251605.1302,296961.807,144410.7947,159251.2529,41483.2107,165133.7717,2939.88,2982.27,2952.69,2956.41,2953.22,2930.35
2026-01-26T00:00:00,90574.0,90359.99,91224.99,89957.39,89319.13,88860.0,87263.53,88515.37,88578.36,89162.08,86074.72,86509.63,20617.50372,10825.50492,13918.48919,4226.56737,14426.22019,17766.51453,6419053,3743412,4619907,959854,3720178,4798083,10265.21302,5529.54766,6911.17668,1835.96939,6269.27657,9428.94206,89454.73,89559.67,89600.26,89225.34,86670.36,88347.08,69.71,69.65,69.6,68.98,70.36,70.11,66.03,67.06,66.98,67.75,65.23,66.97,677970.362,400973.972,391555.321,180394.712,627760.546,427828.099,350685,213870,225325,107362,359726,255346,351262.332,200806.924,202035.793,90881.014,297380.743,224179.071,68.48,68.19,68.07,68.19,67.3,69.72,3069.07,3038.33,3019.26,2970.41,2960.29,2951.21,2866.11,2906.02,2892.4,2943.84,2787.0,2812.37,577800.2481,291660.7349,318415.3317,92082.9039,380186.5326,485169.3372,8064316,4696521,5479038,1185149,4637787,5933570,296961.807,144410.7947,159251.2529,41483.2107,165133.7717,239396.1448,2982.27,2952.69,2956.41,2953.22,2816.89,3026.77
2026-01-27T00:00:00,90359.99,91224.99,89957.39,89319.13,88860.0,89523.16,88515.37,88578.36,89162.08,86074.72,86509.63,87304.33,10825.50492,13918.48919,4226.56737,14426.22019,17766.51453,13125.40425,3743412,4619907,959854,3720178,4798083,3787336,5529.54766,6911.17668,1835.96939,6269.27657,9428.94206,6722.86937,89559.67,89600.26,89225.34,86670.36,88347.08,89250.0,69.65,69.6,68.98,70.36,70.11,70.49,67.06,66.98,67.75,65.23,66.97,68.64,400973.972,391555.321,180394.712,627760.546,427828.099,325716.599,213870,225325,107362,359726,255346,203658,200806.924,202035.793,90881.014,297380.743,224179.071,164010.615,68.19,68.07,68.19,67.3,69.72,70.03,3038.33,3019.26,2970.41,2960.29,2951.21,3035.08,2906.02,2892.4,2943.84,2787.0,2812.37,2899.77,291660.7349,318415.3317,92082.9039,380186.5326,485169.3372,478792.3988,4696521,5479038,1185149,4637787,5933570,5278439,144410.7947,159251.2529,41483.2107,165133.7717,239396.1448,229630.1728,2952.69,2956.41,2953.22,2816.89,2930.35,3010.78
2026-01-28T00:00:00,91224.99,89957.39,89319.13,88860.0,89523.16,90600.0,88578.36,89162.08,86074.72,86509.63,87304.33,88833.65,13918.48919,4226.56737,14426.22019,17766.51453,13125.40425,14332.18502,4619907,959854,3720178,4798083,3787336,4385791,6911.17668,1835.96939,6269.27657,9428.94206,6722.86937,7015.44336,89600.26,89225.34,86670.36,88347.08,89250.0,89299.99,69.6,68.98,70.36,70.11,70.49,70.31,66.98,67.75,65.23,66.97,68.64,68.42,391555.321,180394.712,627760.546,427828.099,325716.599,301017.18,225325,107362,359726,255346,203658,204313,202035.793,90881.014,297380.743,224179.071,164010.615,149375.398,68.07,68.19,67.3,69.72,70.03,69.42,3019.26,2970.41,2960.29,2951.21,3035.08,3045.78,2892.4,2943.84,2787.0,2812.37,2899.77,2983.67,318415.3317,92082.9039,380186.5326,485169.3372,478792.3988,296607.6549,5479038,1185149,4637787,5933570,5278439,5061029,159251.2529,41483.2107,165133.7717,239396.1448,229630.1728,154557.6064,2956.41,2953.22,2816.89,2930.35,3026.77,2822.59
2026-01-29T00:00:00,89957.39,89319.13,88860.0,89523.16,90600.0,89348.0,89162.08,86074.72,86509.63,87304.33,88833.65,83383.33,4226.56737,14426.22019,17766.51453,13125.40425,14332.18502,30431.38201,959854,3720178,4798083,3787336,4385791,5598749,1835.96939,6269.27657,9428.94206,6722.86937,7015.44336,12385.58906,89225.34,86670.36,88347.08,89250.0,89299.99,84650.16,68.98,70.36,70.11,70.49,70.31,69.55,67.75,65.23,66.97,68.64,68.42,64.43,180394.712,627760.546,427828.099,325716.599,301017.18,474641.116,107362,359726,255346,203658,204313,310607,90881.014,297380.743,224179.071,164010.615,149375.398,234873.613,68.19,67.3,69.72,70.03,69.42,66.24,2970.41,2960.29,2951.21,3035.08,3045.78,3013.5,2943.84,2787.0,2812.37,2899.77,2983.67,2754.53,92082.9039,380186.5326,485169.3372,478792.3988,296607.6549,561288.5979,1185149,4637787,5933570,5278439,5061029,6779608,41483.2107,165133.7717,239396.1448,229630.1728,154557.6064,270939.8171,2953.22,2816.89,2930.35,3026.77,3010.78,2707.38
2026-01-30T00:00:00,89319.13,88860.0,89523.16,90600.0,89348.0,84735.75,86074.72,86509.63,87304.33,88833.65,83383.33,81118.0,14426.22019,17766.51453,13125.40425,14332.18502,30431.38201,35195.84793,3720178,4798083,3787336,4385791,5598749,8998829,6269.27657,9428.94206,6722.86937,7015.44336,12385.58906,16749.59784,86670.36,88347.08,89250.0,89299.99,84650.16,84260.49,70.36,70.11,70.49,70.31,69.55,66.47,65.23,66.97,68.64,68.42,64.43,62.71,627760.546,427828.099,325716.599,301017.18,474641.116,686027.282,359726,255346,203658,204313,310607,462166,297380.743,224179.071,164010.615,149375.398,234873.613,331480.413,67.3,69.72,70.03,69.42,66.24,65.47,2960.29,2951.21,3035.08,3045.78,3013.5,2828.65,2787.0,2812.37,2899.77,2983.67,2754.53,2636.01,380186.5326,485169.3372,478792.3988,296607.6549,561288.5979,793279.6252,4637787,5933570,5278439,5061029,6779608,10661631,165133.7717,239396.1448,229630.1728,154557.6064,270939.8171,388766.163,2816.89,2930.35,3026.77,3010.78,2822.59,2451.95
2026-01-31T00:00:00,88860.0,89523.16,90600.0,89348.0,84735.75,84270.02,86509.63,87304.33,88833.65,83383.33,81118.0,75719.9,17766.51453,13125.40425,14332.18502,30431.38201,35195.84793,39491.89133,4798083,3787336,4385791,5598749,8998829,7384976,9428.94206,6722.86937,7015.44336,12385.58906,16749.59784,17959.61358,88347.08,89250.0,89299.99,84650.16,84260.49,78741.09,70.11,70.49,70.31,69.55,66.47,65.5,66.97,68.64,68.42,64.43,62.71,55.0,427828.099,325716.599,301017.18,474641.116,686027.282,1322363.304,255346,203658,204313,310607,462166,621529,224179.071,164010.615,149375.398,234873.613,331480.413,648434.176,69.72,70.03,69.42,66.24,65.47,59.53,2951.21,3035.08,3045.78,3013.5,2828.65,2714.64,2812.37,2899.77,2983.67,2754.53,2636.01,2250.0,485169.3372,478792.3988,296607.6549,561288.5979,793279.6252,1113097.7132,5933570,5278439,5061029,6779608,10661631,9305297,239396.1448,229630.1728,154557.6064,270939.8171,388766.163,520430.2055,2930.35,3026.77,3010.78,2822.59,2707.38,2270.15
2026-02-01T00:00:00,89523.16,90600.0,89348.0,84735.75,84270.02,79424.0,87304.33,88833.65,83383.33,81118.0,75719.9,75700.0,13125.40425,14332.18502,30431.38201,35195.84793,39491.89133,25395.48168,3787336,4385791,5598749,8998829,7384976,8001906,6722.86937,7015.44336,12385.58906,16749.59784,17959.61358,12031.74392,89250.0,89299.99,84650.16,84260.49,78741.09,76968.21,70.49,70.31,69.55,66.47,65.5,59.92,68.64,68.42,64.43,62.71,55.0,57.16,325716.599,301017.18,474641.116,686027.282,1322363.304,614483.462,203658,204313,310607,462166,621529,400538,164010.615,149375.398,234873.613,331480.413,648434.176,299807.269,70.03,69.42,66.24,65.47,59.53,58.49,3035.08,3045.78,3013.5,2828.65,2714.64,2475.98,2899.77,2983.67,2754.53,2636.01,2250.0,2222.0,478792.3988,296607.6549,561288.5979,793279.6252,1113097.7132,1026573.9466,5278439,5061029,6779608,10661631,9305297,11038637,229630.1728,154557.6064,270939.8171,388766.163,520430.2055,455879.6449,3026.77,3010.78,2822.59,2707.38,2451.95,2347.02
2026-02-02T00:00:00,90600.0,89348.0,84735.75,84270.02,79424.0,79360.0,88833.65,83383.33,81118.0,75719.9,75700.0,74604.0,14332.18502,30431.38201,35195.84793,39491.89133,25395.48168,42273.59016,4385791,5598749,8998829,7384976,8001906,10085578,7015.44336,12385.58906,16749.59784,17959.61358,12031.74392,21480.45115,89299.99,84650.16,84260.49,78741.09,76968.21,78738.61,70.31,69.55,66.47,65.5,59.92,61.17,68.42,64.43,62.71,55.0,57.16,56.51,301017.18,474641.116,686027.282,1322363.304,614483.462,649668.505,204313,310607,462166,621529,400538,431721,149375.398,234873.613,331480.413,648434.176,299807.269,314511.934,69.42,66.24,65.47,59.53,58.49,60.02,3045.78,3013.5,2828.65,2714.64,2475.98,2396.62,2983.67,2754.53,2636.01,2250.0,2222.0,2157.14,296607.6549,561288.5979,793279.6252,1113097.7132,1026573.9466,1248535.2114,5061029,6779608,10661631,9305297,11038637,11149156,154557.6064,270939.8171,388766.163,520430.2055,455879.6449,614416.942,3010.78,2822.59,2707.38,2451.95,2270.15,2233.72
2026-02-03T00:00:00,89348.0,84735.75,84270.02,79424.0,79360.0,79186.81,83383.33,81118.0,75719.9,75700.0,74604.0,72945.5,30431.38201,35195.84793,39491.89133,25395.48168,42273.59016,39120.10889,5598749,8998829,7384976,8001906,10085578,9199445,12385.58906,16749.59784,17959.61358,12031.74392,21480.45115,17304.88253,84650.16,84260.49,78741.09,76968.21,78738.61,75770.21,69.55,66.47,65.5,59.92,61.17,61.38,64.43,62.71,55.0,57.16,56.51,56.87,474641.116,686027.282,1322363.304,614483.462,649668.505,607480.409,310607,462166,621529,400538,431721,394246,234873.613,331480.413,648434.176,299807.269,314511.934,302061.837,66.24,65.47,59.53,58.49,60.02,59.48,3013.5,2828.65,2714.64,2475.98,2396.62,2359.88,2754.53,2636.01,2250.0,2222.0,2157.14,2110.0,561288.5979,793279.6252,1113097.7132,1026573.9466,1248535.2114,1321099.3867,6779608,10661631,9305297,11038637,11149156,11643770,270939.8171,388766.163,520430.2055,455879.6449,614416.942,666418.2157,2822.59,2707.38,2451.95,2270.15,2347.02,2148.26
2026-02-04T00:00:00,84735.75,84270.02,79424.0,79360.0,79186.81,76971.52,81118.0,75719.9,75700.0,74604.0,72945.5,71888.0,35195.84793,39491.89133,25395.48168,42273.59016,39120.10889,38375.36,8998829,7384976,8001906,10085578,9199445,10724002,16749.59784,17959.61358,12031.74392,21480.45115,17304.88253,17274.35569,84260.49,78741.09,76968.21,78738.61,75770.21,73165.83,66.47,65.5,59.92,61.17,61.38,60.99,62.71,55.0,57.16,56.51,56.87,57.07,686027.282,1322363.304,614483.462,649668.505,607480.409,610711.727,462166,621529,400538,431721,394246,410884,331480.413,648434.176,299807.269,314511.934,302061.837,309305.507,65.47,59.53,58.49,60.02,59.48,58.89,2828.65,2714.64,2475.98,2396.62,2359.88,2295.74,2636.01,2250.0,2222.0,2157.14,2110.0,2076.68,793279.6252,1113097.7132,1026573.9466,1248535.2114,1321099.3867,1264743.43,10661631,9305297,11038637,11149156,11643770,10912540,388766.163,520430.2055,455879.6449,614416.942,666418.2157,609896.0952,2707.38,2451.95,2270.15,2347.02,2233.72,1826.83
2026-02-05T00:00:00,84270.02,79424.0,79360.0,79186.81,76971.52,73341.18,75719.9,75700.0,74604.0,72945.5,71888.0,62345.0,39491.89133,25395.48168,42273.59016,39120.10889,38375.36,106298.82899,7384976,8001906,10085578,9199445,10724002,15364010,17959.61358,12031.74392,21480.45115,17304.88253,17274.35569,49042.65006,78741.09,76968.21,78738.61,75770.21,73165.83,62909.86,65.5,59.92,61.17,61.38,60.99,59.49,55.0,57.16,56.51,56.87,57.07,50.18,1322363.304,614483.462,649668.505,607480.409,610711.727,1590945.035,621529,400538,431721,394246,410884,966022,648434.176,299807.269,314511.934,302061.837,309305.507,762889.225,59.53,58.49,60.02,59.48,58.89,50.79,2714.64,2475.98,2396.62,2359.88,2295.74,2173.77,2250.0,2222.0,2157.14,2110.0,2076.68,1818.18,1113097.7132,1026573.9466,1248535.2114,1321099.3867,1264743.43,1952286.6951,9305297,11038637,11149156,11643770,10912540,13667587,520430.2055,455879.6449,614416.942,666418.2157,609896.0952,967965.2824,2451.95,2270.15,2347.02,2233.72,2148.26,2063.38
2026-02-06T00:00:00,79424.0,79360.0,79186.81,76971.52,73341.18,71751.33,75700.0,74604.0,72945.5,71888.0,62345.0,60000.0,25395.48168,42273.59016,39120.10889,38375.36,106298.82899,92539.21531,8001906,10085578,9199445,10724002,15364010,13228528,12031.74392,21480.45115,17304.88253,17274.35569,49042.65006,49477.51198,76968.21,78738.61,75770.21,73165.83,62909.86,70580.26,59.92,61.17,61.38,60.99,59.49,56.47,57.16,56.51,56.87,57.07,50.18,45.07,614483.462,649668.505,607480.409,610711.727,1590945.035,1678612.362,400538,431721,394246,410884,966022,787483,299807.269,314511.934,302061.837,309305.507,762889.225,845363.186,58.49,60.02,59.48,58.89,50.79,55.02,2475.98,2396.62,2359.88,2295.74,2173.77,2093.94,2222.0,2157.14,2110.0,2076.68,1818.18,1747.8,1026573.9466,1248535.2114,1321099.3867,1264743.43,1952286.6951,2102311.5573,11038637,11149156,11643770,10912540,13667587,12362731,455879.6449,614416.942,666418.2157,609896.0952,967965.2824,1189792.5763,2270.15,2347.02,2233.72,2148.26,1826.83,2087.08
2026-02-07T00:00:00,79360.0,79186.81,76971.52,73341.18,71751.33,71690.07,74604.0,72945.5,71888.0,62345.0,60000.0,67300.0,42273.59016,39120.10889,38375.36,106298.82899,92539.21531,44255.48036,10085578,9199445,10724002,15364010,13228528,7167427,21480.45115,17304.88253,17274.35569,49042.65006,49477.51198,18766.22233,78738.61,75770.21,73165.83,62909.86,70580.26,69289.38,61.17,61.38,60.99,59.49,56.47,56.0,56.51,56.87,57.07,50.18,45.07,52.86,649668.505,607480.409,610711.727,1590945.035,1678612.362,807072.496,431721,394246,410884,966022,787483,370872,314511.934,302061.837,309305.507,762889.225,845363.186,397549.15,60.02,59.48,58.89,50.79,55.02,55.19,2396.62,2359.88,2295.74,2173.77,2093.94,2121.7,2157.14,2110.0,2076.68,1818.18,1747.8,1994.57,1248535.2114,1321099.3867,1264743.43,1952286.6951,2102311.5573,1142616.4487,11149156,11643770,10912540,13667587,12362731,7938360,614416.942,666418.2157,609896.0952,967965.2824,1189792.5763,548585.9421,2347.02,2233.72,2148.26,1826.83,2063.38,2089.74
2026-02-08T00:00:00,79186.81,76971.52,73341.18,71751.33,71690.07,72271.41,72945.5,71888.0,62345.0,60000.0,67300.0,68888.0,39120.10889,38375.36,106298.82899,92539.21531,44255.48036,21420.53168,9199445,10724002,15364010,13228528,7167427,4870449,17304.88253,17274.35569,49042.65006,49477.51198,18766.22233,11435.75238,75770.21,73165.83,62909.86,70580.26,69289.38,70330.38,61.38,60.99,59.49,56.47,56.0,55.88,56.87,57.07,50.18,45.07,52.86,53.65,607480.409,610711.727,1590945.035,1678612.362,807072.496,374171.837,394246,410884,966022,787483,370872,186034,302061.837,309305.507,762889.225,845363.186,397549.15,186118.409,59.48,58.89,50.79,55.02,55.19,54.53,2359.88,2295.74,2173.77,2093.94,2121.7,2152.03,2110.0,2076.68,1818.18,1747.8,1994.57,2064.1,1321099.3867,1264743.43,1952286.6951,2102311.5573,1142616.4487,482837.2515,11643770,10912540,13667587,12362731,7938360,4379045,666418.2157,609896.0952,967965.2824,1189792.5763,548585.9421,228020.7596,2233.72,2148.26,1826.83,2063.38,2087.08,2105.02
2026-02-09T00:00:00,76971.52,73341.18,71751.33,71690.07,72271.41,71453.53,71888.0,62345.0,60000.0,67300.0,68888.0,68308.0,38375.36,106298.82899,92539.21531,44255.48036,21420.53168,29152.72842,10724002,15364010,13228528,7167427,4870449,6644769,17274.35569,49042.65006,49477.51198,18766.22233,11435.75238,13854.63486,73165.83,62909.86,70580.26,69289.38,70330.38,70138.0,60.99,59.49,56.47,56.0,55.88,55.13,57.07,50.18,45.07,52.86,53.65,52.36,610711.727,1590945.035,1678612.362,807072.496,374171.837,393768.113,410884,966022,787483,370872,186034,221153,309305.507,762889.225,845363.186,397549.15,186118.409,199565.246,58.89,50.79,55.02,55.19,54.53,54.45,2295.74,2173.77,2093.94,2121.7,2152.03,2147.73,2076.68,1818.18,1747.8,1994.57,2064.1,2008.62,1264743.43,1952286.6951,2102311.5573,1142616.4487,482837.2515,625378.5569,10912540,13667587,12362731,7938360,4379045,6331904,609896.0952,967965.2824,1189792.5763,548585.9421,228020.7596,315446.5313,2148.26,1826.83,2063.38,2087.08,2089.74,2022.67
2026-02-10T00:00:00,73341.18,71751.33,71690.07,72271.41,71453.53,70527.59,62345.0,60000.0,67300.0,68888.0,68308.0,67800.0,106298.82899,92539.21531,44255.48036,21420.53168,29152.72842,20373.77072,15364010,13228528,7167427,4870449,6644769,4558658,49042.65006,49477.51198,18766.22233,11435.75238,13854.63486,9237.21056,62909.86,70580.26,69289.38,70330.38,70138.0,68841.29,59.49,56.47,56.0,55.88,55.13,54.68,50.18,45.07,52.86,53.65,52.36,52.84,1590945.035,1678612.362,807072.496,374171.837,393768.113,289989.059,966022,787483,370872,186034,221153,185560,762889.225,845363.186,397549.15,186118.409,199565.246,132344.439,50.79,55.02,55.19,54.53,54.45,53.38,2173.77,2093.94,2121.7,2152.03,2147.73,2124.71,1818.18,1747.8,1994.57,2064.1,2008.62,1989.38,1952286.6951,2102311.5573,1142616.4487,482837.2515,625378.5569,574321.6908,13667587,12362731,7938360,4379045,6331904,5159394,967965.2824,1189792.5763,548585.9421,228020.7596,315446.5313,276990.265,1826.83,2063.38,2087.08,2089.74,2105.02,1941.18
2026-02-11T00:00:00,71751.33,71690.07,72271.41,71453.53,70527.59,69292.88,60000.0,67300.0,68888.0,68308.0,67800.0,65756.0,92539.21531,44255.48036,21420.53168,29152.72842,20373.77072,28718.24602,13228528,7167427,4870449,6644769,4558658,6956577,49477.51198,18766.22233,11435.75238,13854.63486,9237.21056,14335.50997,70580.26,69289.38,70330.38,70138.0,68841.29,67082.52,56.47,56.0,55.88,55.13,54.68,53.71,45.07,52.86,53.65,52.36,52.84,51.0,1678612.362,807072.496,374171.837,393768.113,289989.059,428953.94,787483,370872,186034,221153,185560,231264,845363.186,397549.15,186118.409,199565.246,132344.439,207632.745,55.02,55.19,54.53,54.45,53.38,52.32,2093.94,2121.7,2152.03,2147.73,2124.71,2032.31,1747.8,1994.57,2064.1,2008.62,1989.38,1903.19,2102311.5573,1142616.4487,482837.2515,625378.5569,574321.6908,529655.8177,12362731,7938360,4379045,6331904,5159394,6450810,1189792.5763,548585.9421,228020.7596,315446.5313,276990.265,259017.7416,2063.38,2087.08,2089.74,2105.02,2022.67,1947.85
2026-02-12T00:00:00,71690.07,72271.41,71453.53,70527.59,69292.88,68410.52,67300.0,68888.0,68308.0,67800.0,65756.0,65118.0,44255.48036,21420.53168,29152.72842,20373.77072,28718.24602,24271.74283,7167427,4870449,6644769,4558658,6956577,6778280,18766.22233,11435.75238,13854.63486,9237.21056,14335.50997,12101.72511,69289.38,70330.38,70138.0,68841.29,67082.52,66272.17,56.0,55.88,55.13,54.68,53.71,53.81,52.86,53.65,52.36,52.84,51.0,51.51,807072.496,374171.837,393768.113,289989.059,428953.94,340264.81,370872,186034,221153,185560,231264,178539,397549.15,186118.409,199565.246,132344.439,207632.745,172328.959,55.19,54.53,54.45,53.38,52.32,53.15,2121.7,2152.03,2147.73,2124.71,2032.31,2001.42,1994.57,2064.1,2008.62,1989.38,1903.19,1897.24,1142616.4487,482837.2515,625378.5569,574321.6908,529655.8177,427567.1469,7938360,4379045,6331904,5159394,6450810,5262808,548585.9421,228020.7596,315446.5313,276990.265,259017.7416,212467.499,2087.08,2089.74,2105.02,2022.67,1941.18,2048.72
2026-02-13T00:00:00,72271.41,71453.53,70527.59,69292.88,68410.52,69482.97,68888.0,68308.0,67800.0,65756.0,65118.0,65872.46,21420.53168,29152.72842,20373.77072,28718.24602,24271.74283,20244.54955,4870449,6644769,4558658,6956577,6778280,6450842,11435.75238,13854.63486,9237.21056,14335.50997,12101.72511,10425.24887,70330.38,70138.0,68841.29,67082.52,66272.17,68853.96,55.88,55.13,54.68,53.71,53.81,55.7,53.65,52.36,52.84,51.0,51.51,52.36,374171.837,393768.113,289989.059,428953.94,340264.81,376571.893,186034,221153,185560,231264,178539,205807,186118.409,199565.246,132344.439,207632.745,172328.959,194229.802,54.53,54.45,53.38,52.32,53.15,55.03,2152.03,2147.73,2124.71,2032.31,2001.42,2073.68,2064.1,2008.62,1989.38,1903.19,1897.24,1924.72,482837.2515,625378.5569,574321.6908,529655.8177,427567.1469,425649.7698,4379045,6331904,5159394,6450810,5262808,4695571,228020.7596,315446.5313,276990.265,259017.7416,212467.499,215643.6192,2089.74,2105.02,2022.67,1941.18,1947.85,2086.59
2026-02-14T00:00:00,71453.53,70527.59,69292.88,68410.52,69482.97,70560.01,68308.0,67800.0,65756.0,65118.0,65872.46,68730.13,29152.72842,20373.77072,28718.24602,24271.74283,20244.54955,18114.78393,6644769,4558658,6956577,6778280,6450842,3803163,13854.63486,9237.21056,14335.50997,12101.72511,10425.24887,7857.93423,70138.0,68841.29,67082.52,66272.17,68853.96,69822.95,55.13,54.68,53.71,53.81,55.7,56.66,52.36,52.84,51.0,51.51,52.36,54.88,393768.113,289989.059,428953.94,340264.81,376571.893,322012.369,221153,185560,231264,178539,205807,177149,199565.246,132344.439,207632.745,172328.959,194229.802,169987.471,54.45,53.38,52.32,53.15,55.03,55.99,2147.73,2124.71,2032.31,2001.42,2073.68,2107.67,2008.62,1989.38,1903.19,1897.24,1924.72,2042.37,625378.5569,574321.6908,529655.8177,427567.1469,425649.7698,220677.2355,6331904,5159394,6450810,5262808,4695571,2720271,315446.5313,276990.265,259017.7416,212467.499,215643.6192,110065.542,2105.02,2022.67,1941.18,1947.85,2048.72,1966.58
2026-02-15T00:00:00,70527.59,69292.88,68410.52,69482.97,70560.01,70983.0,67800.0,65756.0,65118.0,65872.46,68730.13,68000.0,20373.77072,28718.24602,24271.74283,20244.54955,18114.78393,22290.05208,4558658,6956577,6778280,6450842,3803163,4598633,9237.21056,14335.50997,12101.72511,10425.24887,7857.93423,8861.59262,68841.29,67082.52,66272.17,68853.96,69822.95,68832.58,54.68,53.71,53.81,55.7,56.66,56.68,52.84,51.0,51.51,52.36,54.88,54.18,289989.059,428953.94,340264.81,376571.893,322012.369,375205.526,185560,231264,178539,205807,177149,233014,132344.439,207632.745,172328.959,194229.802,169987.471,183831.788,53.38,52.32,53.15,55.03,55.99,55.08,2124.71,2032.31,2001.42,2073.68,2107.67,2103.32,1989.38,1903.19,1897.24,1924.72,2042.37,1928.88,574321.6908,529655.8177,427567.1469,425649.7698,220677.2355,834778.0952,5159394,6450810,5262808,4695571,2720271,5864311,276990.265,259017.7416,212467.499,215643.6192,110065.542,323503.2298,2022.67,1941.18,1947.85,2048.72,2086.59,1998.33
2026-02-16T00:00:00,69292.88,68410.52,69482.97,70560.01,70983.0,70126.67,65756.0,65118.0,65872.46,68730.13,68000.0,67294.11,28718.24602,24271.74283,20244.54955,18114.78393,22290.05208,15515.76534,6956577,6778280,6450842,3803163,4598633,5233849,14335.50997,12101.72511,10425.24887,7857.93423,8861.59262,8153.4314,67082.52,66272.17,68853.96,69822.95,68832.58,68892.43,53.71,53.81,55.7,56.66,56.68,55.65,51.0,51.51,52.36,54.88,54.18,53.33,428953.94,340264.81,376571.893,322012.369,375205.526,393363.556,231264,178539,205807,177149,233014,209803,207632.745,172328.959,194229.802,169987.471,183831.788,202826.262,52.32,53.15,55.03,55.99,55.08,55.13,2032.31,2001.42,2073.68,2107.67,2103.32,2023.51,1903.19,1897.24,1924.72,2042.37,1928.88,1937.24,529655.8177,427567.1469,425649.7698,220677.2355,834778.0952,351347.9433,6450810,5262808,4695571,2720271,5864311,4476026,259017.7416,212467.499,215643.6192,110065.542,323503.2298,178158.7858,1941.18,1947.85,2048.72,2086.59,1966.58,1991.66
2026-02-17T00:00:00,68410.52,69482.97,70560.01,70983.0,70126.67,69241.5,65118.0,65872.46,68730.13,68000.0,67294.11,66621.06,24271.74283,20244.54955,18114.78393,22290.05208,15515.76534,16489.06921,6778280,6450842,3803163,4598633,5233849,5994853,12101.72511,10425.24887,7857.93423,8861.59262,8153.4314,7538.45107,66272.17,68853.96,69822.95,68832.58,68892.43,67503.52,53.81,55.7,56.66,56.68,55.65,55.85,51.51,52.36,54.88,54.18,53.33,53.17,340264.81,376571.893,322012.369,375205.526,393363.556,357538.905,178539,205807,177149,233014,209803,225155,172328.959,194229.802,169987.471,183831.788,202826.262,180520.162,53.15,55.03,55.99,55.08,55.13,53.96,2001.42,2073.68,2107.67,2103.32,2023.51,2015.33,1897.24,1924.72,2042.37,1928.88,1937.24,1941.66,427567.1469,425649.7698,220677.2355,834778.0952,351347.9433,406246.9427,5262808,4695571,2720271,5864311,4476026,6420841,212467.499,215643.6192,110065.542,323503.2298,178158.7858,196947.7031,1947.85,2048.72,2086.59,1966.58,1998.33,1955.91
2026-02-18T00:00:00,69482.97,70560.01,70983.0,70126.67,69241.5,68476.22,65872.46,68730.13,68000.0,67294.11,66621.06,65870.0,20244.54955,18114.78393,22290.05208,15515.76534,16489.06921,15492.43839,6450842,3803163,4598633,5233849,5994853,4548997,10425.24887,7857.93423,8861.59262,8153.4314,7538.45107,7895.05707,68853.96,69822.95,68832.58,68892.43,67503.52,66461.0,55.7,56.66,56.68,55.65,55.85,54.93,52.36,54.88,54.18,53.33,53.17,52.95,376571.893,322012.369,375205.526,393363.556,357538.905,260302.801,205807,177149,233014,209803,225155,182060,194229.802,169987.471,183831.788,202826.262,180520.162,131921.071,55.03,55.99,55.08,55.13,53.96,53.32,2073.68,2107.67,2103.32,2023.51,2015.33,2039.05,1924.72,2042.37,1928.88,1937.24,1941.66,1923.78,425649.7698,220677.2355,834778.0952,351347.9433,406246.9427,393639.0086,4695571,2720271,5864311,4476026,6420841,5176537,215643.6192,110065.542,323503.2298,178158.7858,196947.7031,191523.6119,2048.72,2086.59,1966.58,1998.33,1991.66,1949.08
2026-02-19T00:00:00,70560.01,70983.0,70126.67,69241.5,68476.22,67320.0,68730.13,68000.0,67294.11,66621.06,65870.0,65631.83,18114.78393,22290.05208,15515.76534,16489.06921,15492.43839,14542.26988,3803163,4598633,5233849,5994853,4548997,4679351,7857.93423,8861.59262,8153.4314,7538.45107,7895.05707,7106.70741,69822.95,68832.58,68892.43,67503.52,66461.0,67003.73,56.66,56.68,55.65,55.85,54.93,53.73,54.88,54.18,53.33,53.17,52.95,51.42,322012.369,375205.526,393363.556,357538.905,260302.801,266659.855,177149,233014,209803,225155,182060,177298,169987.471,183831.788,202826.262,180520.162,131921.071,131754.862,55.99,55.08,55.13,53.96,53.32,52.7,2107.67,2103.32,2023.51,2015.33,2039.05,1987.55,2042.37,1928.88,1937.24,1941.66,1923.78,1907.0,220677.2355,834778.0952,351347.9433,406246.9427,393639.0086,300257.0733,2720271,5864311,4476026,6420841,5176537,3793608,110065.542,323503.2298,178158.7858,196947.7031,191523.6119,142030.3122,2086.59,1966.58,1998.33,1991.66,1955.91,1968.88
2026-02-20T00:00:00,70983.0,70126.67,69241.5,68476.22,67320.0,68318.39,68000.0,67294.11,66621.06,65870.0,65631.83,66280.2,22290.05208,15515.76534,16489.06921,15492.43839,14542.26988,35351.87091,4598633,5233849,5994853,4548997,4679351,5044912,8861.59262,8153.4314,7538.45107,7895.05707,7106.70741,15001.46034,68832.58,68892.43,67503.52,66461.0,67003.73,68020.01,56.68,55.65,55.85,54.93,53.73,55.47,54.18,53.33,53.17,52.95,51.42,52.66,375205.526,393363.556,357538.905,260302.801,266659.855,463361.849,233014,209803,225155,182060,177298,247994,183831.788,202826.262,180520.162,131921.071,131754.862,238052.659,55.08,55.13,53.96,53.32,52.7,55.19,2103.32,2023.51,2015.33,2039.05,1987.55,1981.18,1928.88,1937.24,1941.66,1923.78,1907.0,1922.97,834778.0952,351347.9433,406246.9427,393639.0086,300257.0733,386253.5557,5864311,4476026,6420841,5176537,3793608,3948261,323503.2298,178158.7858,196947.7031,191523.6119,142030.3122,186424.2257,1966.58,1998.33,1991.66,1955.91,1949.08,1973.35
2026-02-21T00:00:00,70126.67,69241.5,68476.22,67320.0,68318.39,68698.7,67294.11,66621.06,65870.0,65631.83,66280.2,67534.69,15515.76534,16489.06921,15492.43839,14542.26988,35351.87091,8032.84131,5233849,5994853,4548997,4679351,5044912,1593539,8153.4314,7538.45107,7895.05707,7106.70741,15001.46034,4003.46206,68892.43,67503.52,66461.0,67003.73,68020.01,67975.93,55.65,55.85,54.93,53.73,55.47,56.01,53.33,53.17,52.95,51.42,52.66,54.82,393363.556,357538.905,260302.801,266659.855,463361.849,242511.391,209803,225155,182060,177298,247994,129022,202826.262,180520.162,131921.071,131754.862,238052.659,131023.911,55.13,53.96,53.32,52.7,55.19,54.9,2023.51,2015.33,2039.05,1987.55,1981.18,1995.56,1937.24,1941.66,1923.78,1907.0,1922.97,1955.62,351347.9433,406246.9427,393639.0086,300257.0733,386253.5557,179173.8456,4476026,6420841,5176537,3793608,3948261,1362230,178158.7858,196947.7031,191523.6119,142030.3122,186424.2257,91535.9107,1998.33,1991.66,1955.91,1949.08,1968.88,1957.82
2026-02-22T00:00:00,69241.5,68476.22,67320.0,68318.39,68698.7,68245.0,66621.06,65870.0,65631.83,66280.2,67534.69,67190.0,16489.06921,15492.43839,14542.26988,35351.87091,8032.84131,8175.13484,5994853,4548997,4679351,5044912,1593539,2160900,7538.45107,7895.05707,7106.70741,15001.46034,4003.46206,3974.29287,67503.52,66461.0,67003.73,68020.01,67975.93,67643.4,55.85,54.93,53.73,55.47,56.01,54.92,53.17,52.95,51.42,52.66,54.82,52.94,357538.905,260302.801,266659.855,463361.849,242511.391,231209.383,225155,182060,177298,247994,129022,111289,180520.162,131921.071,131754.862,238052.659,131023.911,112032.994,53.96,53.32,52.7,55.19,54.9,53.48,2015.33,2039.05,1987.55,1981.18,1995.56,1983.13,1941.66,1923.78,1907.0,1922.97,1955.62,1935.0,406246.9427,393639.0086,300257.0733,386253.5557,179173.8456,155325.6482,6420841,5176537,3793608,3948261,1362230,1850073,196947.7031,191523.6119,142030.3122,186424.2257,91535.9107,77240.1124,1991.66,1955.91,1949.08,1968.88,1973.35,1856.3
2026-02-23T00:00:00,68476.22,67320.0,68318.39,68698.7,68245.0,67684.86,65870.0,65631.83,66280.2,67534.69,67190.0,63888.79,15492.43839,14542.26988,35351.87091,8032.84131,8175.13484,33075.90923,4548997,4679351,5044912,1593539,2160900,8268695,7895.05707,7106.70741,15001.46034,4003.46206,3974.29287,16388.63858,66461.0,67003.73,68020.01,67975.93,67643.4,64656.02,54.93,53.73,55.47,56.01,54.92,53.55,52.95,51.42,52.66,54.82,52.94,50.72,260302.801,266659.855,463361.849,242511.391,231209.383,349970.204,182060,177298,247994,129022,111289,227901,131921.071,131754.862,238052.659,131023.911,112032.994,163764.655,53.32,52.7,55.19,54.9,53.48,51.35,2039.05,1987.55,1981.18,1995.56,1983.13,1958.33,1923.78,1907.0,1922.97,1955.62,1935.0,1837.13,393639.0086,300257.0733,386253.5557,179173.8456,155325.6482,547359.4869,5176537,3793608,3948261,1362230,1850073,6684753,191523.6119,142030.3122,186424.2257,91535.9107,77240.1124,266498.7851,1955.91,1949.08,1968.88,1973.35,1957.82,1851.94
2026-02-24T00:00:00,67320.0,68318.39,68698.7,68245.0,67684.86,65026.75,65631.83,66280.2,67534.69,67190.0,63888.79,62510.28,14542.26988,35351.87091,8032.84131,8175.13484,33075.90923,23102.83622,4679351,5044912,1593539,2160900,8268695,7553629,7106.70741,15001.46034,4003.46206,3974.29287,16388.63858,11150.61026,67003.73,68020.01,67975.93,67643.4,64656.02,64058.15,53.73,55.47,56.01,54.92,53.55,51.9,51.42,52.66,54.82,52.94,50.72,50.18,266659.855,463361.849,242511.391,231209.383,349970.204,376143.687,177298,247994,129022,111289,227901,206302,131754.862,238052.659,131023.911,112032.994,163764.655,171815.79,52.7,55.19,54.9,53.48,51.35,51.15,1987.55,1981.18,1995.56,1983.13,1958.33,1869.58,1907.0,1922.97,1955.62,1935.0,1837.13,1800.0,300257.0733,386253.5557,179173.8456,155325.6482,547359.4869,438064.0284,3793608,3948261,1362230,1850073,6684753,6607359,142030.3122,186424.2257,91535.9107,77240.1124,266498.7851,205850.4101,1949.08,1968.88,1973.35,1957.82,1856.3,2057.48
2026-02-25T00:00:00,68318.39,68698.7,68245.0,67684.86,65026.75,69988.83,66280.2,67534.69,67190.0,63888.79,62510.28,63913.27,35351.87091,8032.84131,8175.13484,33075.90923,23102.83622,30749.99259,5044912,1593539,2160900,8268695,7553629,7096715,15001.46034,4003.46206,3974.29287,16388.63858,11150.61026,16382.91985,68020.01,67975.93,67643.4,64656.02,64058.15,67988.04,55.47,56.01,54.92,53.55,51.9,59.0,52.66,54.82,52.94,50.72,50.18,51.03,463361.849,242511.391,231209.383,349970.204,376143.687,683585.789,247994,129022,111289,227901,206302,338588,238052.659,131023.911,112032.994,163764.655,171815.79,335310.525,55.19,54.9,53.48,51.35,51.15,56.76,1981.18,1995.56,1983.13,1958.33,1869.58,2148.39,1922.97,1955.62,1935.0,1837.13,1800.0,1846.74,386253.5557,179173.8456,155325.6482,547359.4869,438064.0284,682979.4378,3948261,1362230,1850073,6684753,6607359,9024746,186424.2257,91535.9107,77240.1124,266498.7851,205850.4101,343230.549,1968.88,1973.35,1957.82,1856.3,1851.94,2027.68
2026-02-26T00:00:00,68698.7,68245.0,67684.86,65026.75,69988.83,68860.0,67534.69,67190.0,63888.79,62510.28,63913.27,66500.0,8032.84131,8175.13484,33075.90923,23102.83622,30749.99259,20737.77792,1593539,2160900,8268695,7553629,7096715,5426137,4003.46206,3974.29287,16388.63858,11150.61026,16382.91985,10172.50047,67975.93,67643.4,64656.02,64058.15,67988.04,67485.18,56.01,54.92,53.55,51.9,59.0,57.09,54.82,52.94,50.72,50.18,51.03,54.42,242511.391,231209.383,349970.204,376143.687,683585.789,339639.683,129022,111289,227901,206302,338588,231245,131023.911,112032.994,163764.655,171815.79,335310.525,168752.736,54.9,53.48,51.35,51.15,56.76,55.62,1995.56,1983.13,1958.33,1869.58,2148.39,2083.33,1955.62,1935.0,1837.13,1800.0,1846.74,1975.35,179173.8456,155325.6482,547359.4869,438064.0284,682979.4378,439783.3566,1362230,1850073,6684753,6607359,9024746,7142316,91535.9107,77240.1124,266498.7851,205850.4101,343230.549,224781.9099,1973.35,1957.82,1856.3,1851.94,2057.48,1929.84
2026-02-27T00:00:00,68245.0,67684.86,65026.75,69988.83,68860.0,68216.8,67190.0,63888.79,62510.28,63913.27,66500.0,64914.46,8175.13484,33075.90923,23102.83622,30749.99259,20737.77792,21228.58424,2160900,8268695,7553629,7096715,5426137,3856064,3974.29287,16388.63858,11150.61026,16382.91985,10172.50047,10107.20917,67643.4,64656.02,64058.15,67988.04,67485.18,65872.1,54.92,53.55,51.9,59.0,57.09,56.39,52.94,50.72,50.18,51.03,54.42,53.42,231209.383,349970.204,376143.687,683585.789,339639.683,305470.267,111289,227901,206302,338588,231245,201256,112032.994,163764.655,171815.79,335310.525,168752.736,157289.285,53.48,51.35,51.15,56.76,55.62,54.56,1983.13,1958.33,1869.58,2148.39,2083.33,2063.52,1935.0,1837.13,1800.0,1846.74,1975.35,1887.0,155325.6482,547359.4869,438064.0284,682979.4378,439783.3566,428687.234,1850073,6684753,6607359,9024746,7142316,5213158,77240.1124,266498.7851,205850.4101,343230.549,224781.9099,214287.6264,1957.82,1856.3,1851.94,2057.48,2027.68,1964.51
2026-02-28T00:00:00,67684.86,65026.75,69988.83,68860.0,68216.8,67760.0,63888.79,62510.28,63913.27,66500.0,64914.46,63030.0,33075.90923,23102.83622,30749.99259,20737.77792,21228.58424,22548.71649,8268695,7553629,7096715,5426137,3856064,5268514,16388.63858,11150.61026,16382.91985,10172.50047,10107.20917,11531.10802,64656.02,64058.15,67988.04,67485.18,65872.1,66973.26,53.55,51.9,59.0,57.09,56.39,54.96,50.72,50.18,51.03,54.42,53.42,51.47,349970.204,376143.687,683585.789,339639.683,305470.267,383397.838,227901,206302,338588,231245,201256,270111,163764.655,171815.79,335310.525,168752.736,157289.285,201159.463,51.35,51.15,56.76,55.62,54.56,54.4,1958.33,1869.58,2148.39,2083.33,2063.52,1984.99,1837.13,1800.0,1846.74,1975.35,1887.0,1835.36,547359.4869,438064.0284,682979.4378,439783.3566,428687.234,461680.9835,6684753,6607359,9024746,7142316,5213158,6186042,266498.7851,205850.4101,343230.549,224781.9099,214287.6264,229978.4238,1856.3,1851.94,2057.48,2027.68,1929.84,1939.71
2026-03-01T00:00:00,65026.75,69988.83,68860.0,68216.8,67760.0,68199.99,62510.28,63913.27,66500.0,64914.46,63030.0,65056.0,23102.83622,30749.99259,20737.77792,21228.58424,22548.71649,23201.85859,7553629,7096715,5426137,3856064,5268514,5312013,11150.61026,16382.91985,10172.50047,10107.20917,11531.10802,11209.77201,64058.15,67988.04,67485.18,65872.1,66973.26,65776.47,51.9,59.0,57.09,56.39,54.96,55.53,50.18,51.03,54.42,53.42,51.47,52.47,376143.687,683585.789,339639.683,305470.267,383397.838,299256.409,206302,338588,231245,201256,270111,243982,171815.79,335310.525,168752.736,157289.285,201159.463,145672.439,51.15,56.76,55.62,54.56,54.4,53.24,1869.58,2148.39,2083.33,2063.52,1984.99,2054.8,1800.0,1846.74,1975.35,1887.0,1835.36,1907.41,438064.0284,682979.4378,439783.3566,428687.234,461680.9835,529196.8464,6607359,9024746,7142316,5213158,6186042,6616298,205850.4101,343230.549,224781.9099,214287.6264,229978.4238,254547.6476,1851.94,2057.48,2027.68,1929.84,1964.51,2027.35
2026-03-02T00:00:00,69988.83,68860.0,68216.8,67760.0,68199.99,70096.0,63913.27,66500.0,64914.46,63030.0,65056.0,65259.21,30749.99259,20737.77792,21228.58424,22548.71649,23201.85859,32010.38431,7096715,5426137,3856064,5268514,5312013,8397526,16382.91985,10172.50047,10107.20917,11531.10802,11209.77201,15335.91369,67988.04,67485.18,65872.1,66973.26,65776.47,68830.06,59.0,57.09,56.39,54.96,55.53,55.72,51.03,54.42,53.42,51.47,52.47,52.95,683585.789,339639.683,305470.267,383397.838,299256.409,462228.194,338588,231245,201256,270111,243982,285473,335310.525,168752.736,157289.285,201159.463,145672.439,244467.986,56.76,55.62,54.56,54.4,53.24,54.61,2148.39,2083.33,2063.52,1984.99,2054.8,2090.0,1846.74,1975.35,1887.0,1835.36,1907.41,1920.0,682979.4378,439783.3566,428687.234,461680.9835,529196.8464,577406.3749,9024746,7142316,5213158,6186042,6616298,9343785,343230.549,224781.9099,214287.6264,229978.4238,254547.6476,299199.2494,2057.48,2027.68,1929.84,1964.51,1939.71,1982.8
2026-03-03T00:00:00,68860.0,68216.8,67760.0,68199.99,70096.0,69258.08,66500.0,64914.46,63030.0,65056.0,65259.21,66158.0,20737.77792,21228.58424,22548.71649,23201.85859,32010.38431,24972.2418,5426137,3856064,5268514,5312013,8397526,7648119,10172.50047,10107.20917,11531.10802,11209.77201,15335.91369,12331.622,67485.18,65872.1,66973.26,65776.47,68830.06,68338.0,57.09,56.39,54.96,55.53,55.72,55.26,54.42,53.42,51.47,52.47,52.95,53.02,339639.683,305470.267,383397.838,299256.409,462228.194,439975.97,231245,201256,270111,243982,285473,267831,168752.736,157289.285,201159.463,145672.439,244467.986,198693.023,55.62,54.56,54.4,53.24,54.61,54.76,2083.33,2063.52,1984.99,2054.8,2090.0,2041.48,1975.35,1887.0,1835.36,1907.41,1920.0,1929.56,439783.3566,428687.234,461680.9835,529196.8464,577406.3749,509329.8534,7142316,5213158,6186042,6616298,9343785,8311355,224781.9099,214287.6264,229978.4238,254547.6476,299199.2494,254251.3309,2027.68,1929.84,1964.51,1939.71,2027.35,2127.28
2026-03-04T00:00:00,68216.8,67760.0,68199.99,70096.0,69258.08,74050.0,64914.46,63030.0,65056.0,65259.21,66158.0,67400.0,21228.58424,22548.71649,23201.85859,32010.38431,24972.2418,44919.0761,3856064,5268514,5312013,8397526,7648119,8618302,10107.20917,11531.10802,11209.77201,15335.91369,12331.622,23641.35243,65872.1,66973.26,65776.47,68830.06,68338.0,72666.77,56.39,54.96,55.53,55.72,55.26,57.66,53.42,51.47,52.47,52.95,53.02,54.3,305470.267,383397.838,299256.409,462228.194,439975.97,528737.562,201256,270111,243982,285473,267831,321571,157289.285,201159.463,145672.439,244467.986,198693.023,263955.17,54.56,54.4,53.24,54.61,54.76,56.77,2063.52,1984.99,2054.8,2090.0,2041.48,2199.0,1887.0,1835.36,1907.41,1920.0,1929.56,1945.08,428687.234,461680.9835,529196.8464,577406.3749,509329.8534,737644.8152,5213158,6186042,6616298,9343785,8311355,9527323,214287.6264,229978.4238,254547.6476,299199.2494,254251.3309,368171.8559,1929.84,1964.51,1939.71,2027.35,1982.8,2072.86
2026-03-05T00:00:00,67760.0,68199.99,70096.0,69258.08,74050.0,73558.15,63030.0,65056.0,65259.21,66158.0,67400.0,70645.47,22548.71649,23201.85859,32010.38431,24972.2418,44919.0761,26590.51253,5268514,5312013,8397526,7648119,8618302,6709160,11531.10802,11209.77201,15335.91369,12331.622,23641.35243,12299.51467,66973.26,65776.47,68830.06,68338.0,72666.77,70890.72,54.96,55.53,55.72,55.26,57.66,57.27,51.47,52.47,52.95,53.02,54.3,55.03,383397.838,299256.409,462228.194,439975.97,528737.562,390267.224,270111,243982,285473,267831,321571,252251,201159.463,145672.439,244467.986,198693.023,263955.17,177143.763,54.4,53.24,54.61,54.76,56.77,55.46,1984.99,2054.8,2090.0,2041.48,2199.0,2163.66,1835.36,1907.41,1920.0,1929.56,1945.08,2054.75,461680.9835,529196.8464,577406.3749,509329.8534,737644.8152,432157.8126,6186042,6616298,9343785,8311355,9527323,6753565,229978.4238,254547.6476,299199.2494,254251.3309,368171.8559,205453.4958,1964.51,1939.71,2027.35,1982.8,2127.28,1978.68
2026-03-06T00:00:00,68199.99,70096.0,69258.08,74050.0,73558.15,71419.98,65056.0,65259.21,66158.0,67400.0,70645.47,67744.78,23201.85859,32010.38431,24972.2418,44919.0761,26590.51253,22629.88722,5312013,8397526,7648119,8618302,6709160,5302899,11209.77201,15335.91369,12331.622,23641.35243,12299.51467,10464.09351,65776.47,68830.06,68338.0,72666.77,70890.72,68114.02,55.53,55.72,55.26,57.66,57.27,55.89,52.47,52.95,53.02,54.3,55.03,53.12,299256.409,462228.194,439975.97,528737.562,390267.224,299754.686,243982,285473,267831,321571,252251,184265,145672.439,244467.986,198693.023,263955.17,177143.763,151170.728,53.24,54.61,54.76,56.77,55.46,53.81,2054.8,2090.0,2041.48,2199.0,2163.66,2093.33,1907.41,1920.0,1929.56,1945.08,2054.75,1955.95,529196.8464,577406.3749,509329.8534,737644.8152,432157.8126,411597.7569,6616298,9343785,8311355,9527323,6753565,5601424,254547.6476,299199.2494,254251.3309,368171.8559,205453.4958,197603.9435,1939.71,2027.35,1982.8,2127.28,2072.86,1969.59
2026-03-07T00:00:00,70096.0,69258.08,74050.0,73558.15,71419.98,68551.04,65259.21,66158.0,67400.0,70645.47,67744.78,66915.26,32010.38431,24972.2418,44919.0761,26590.51253,22629.88722,12719.54315,8397526,7648119,8618302,6709160,5302899,2067476,15335.91369,12331.622,23641.35243,12299.51467,10464.09351,5910.76849,68830.06,68338.0,72666.77,70890.72,68114.02,67262.91,55.72,55.26,57.66,57.27,55.89,54.29,52.95,53.02,54.3,55.03,53.12,53.21,462228.194,439975.97,528737.562,390267.224,299754.686,262288.031,285473,267831,321571,252251,184265,112232,244467.986,198693.023,263955.17,177143.763,151170.728,142423.528,54.61,54.76,56.77,55.46,53.81,53.58,2090.0,2041.48,2199.0,2163.66,2093.33,1996.04,1920.0,1929.56,1945.08,2054.75,1955.95,1948.09,577406.3749,509329.8534,737644.8152,432157.8126,411597.7569,184459.82,9343785,8311355,9527323,6753565,5601424,2029543,299199.2494,254251.3309,368171.8559,205453.4958,197603.9435,89270.3932,2027.35,1982.8,2127.28,2072.86,1978.68,1937.1
2026-03-08T00:00:00,69258.08,74050.0,73558.15,71419.98,68551.04,68200.0,66158.0,67400.0,70645.47,67744.78,66915.26,65618.49,24972.2418,44919.0761,26590.51253,22629.88722,12719.54315,21593.63901,7648119,8618302,6709160,5302899,2067476,3028392,12331.622,23641.35243,12299.51467,10464.09351,5910.76849,11268.64926,68338.0,72666.77,70890.72,68114.02,67262.91,65971.2,55.26,57.66,57.27,55.89,54.29,53.94,53.02,54.3,55.03,53.12,53.21,51.88,439975.97,528737.562,390267.224,299754.686,262288.031,398559.551,267831,321571,252251,184265,112232,179938,198693.023,263955.17,177143.763,151170.728,142423.528,187345.094,54.76,56.77,55.46,53.81,53.58,52.59,2041.48,2199.0,2163.66,2093.33,1996.04,1979.8,1929.56,1945.08,2054.75,1955.95,1948.09,1916.14,509329.8534,737644.8152,432157.8126,411597.7569,184459.82,391189.7317,8311355,9527323,6753565,5601424,2029543,4044585,254251.3309,368171.8559,205453.4958,197603.9435,89270.3932,190729.8992,1982.8,2127.28,2072.86,1978.68,1969.59,1992.98
2026-03-09T00:00:00,74050.0,73558.15,71419.98,68551.04,68200.0,69516.65,67400.0,70645.47,67744.78,66915.26,65618.49,65821.97,44919.0761,26590.51253,22629.88722,12719.54315,21593.63901,28896.7213,8618302,6709160,5302899,2067476,3028392,5093667,23641.35243,12299.51467,10464.09351,5910.76849,11268.64926,14101.45378,72666.77,70890.72,68114.02,67262.91,65971.2,68432.16,57.66,57.27,55.89,54.29,53.94,54.75,54.3,55.03,53.12,53.21,51.88,52.5,528737.562,390267.224,299754.686,262288.031,398559.551,327230.42,321571,252251,184265,112232,179938,204901,263955.17,177143.763,151170.728,142423.528,187345.094,169272.091,56.77,55.46,53.81,53.58,52.59,53.77,2199.0,2163.66,2093.33,1996.04,1979.8,2053.52,1945.08,2054.75,1955.95,1948.09,1916.14,1929.65,737644.8152,432157.8126,411597.7569,184459.82,391189.7317,550825.4883,9527323,6753565,5601424,2029543,4044585,6360581,368171.8559,205453.4958,197603.9435,89270.3932,190729.8992,282877.29,2127.28,2072.86,1978.68,1969.59,1937.1,2036.51
2026-03-10T00:00:00,73558.15,71419.98,68551.04,68200.0,69516.65,71777.0,70645.47,67744.78,66915.26,65618.49,65821.97,68391.41,26590.51253,22629.88722,12719.54315,21593.63901,28896.7213,32602.57726,6709160,5302899,2067476,3028392,5093667,5176064,12299.51467,10464.09351,5910.76849,11268.64926,14101.45378,16453.82839,70890.72,68114.02,67262.91,65971.2,68432.16,69948.63,57.27,55.89,54.29,53.94,54.75,55.0,55.03,53.12,53.21,51.88,52.5,53.43,390267.224,299754.686,262288.031,398559.551,327230.42,348345.87,252251,184265,112232,179938,204901,207079,177143.763,151170.728,142423.528,187345.094,169272.091,180614.737,55.46,53.81,53.58,52.59,53.77,53.87,2163.66,2093.33,1996.04,1979.8,2053.52,2088.19,2054.75,1955.95,1948.09,1916.14,1929.65,1991.0,432157.8126,411597.7569,184459.82,391189.7317,550825.4883,463411.8739,6753565,5601424,2029543,4044585,6360581,5226998,205453.4958,197603.9435,89270.3932,190729.8992,282877.29,240013.7173,2072.86,1978.68,1969.59,1937.1,1992.98,2051.97
2026-03-11T00:00:00,71419.98,68551.04,68200.0,69516.65,71777.0,71321.0,67744.78,66915.26,65618.49,65821.97,68391.41,68977.91,22629.88722,12719.54315,21593.63901,28896.7213,32602.57726,27249.27542,5302899,2067476,3028392,5093667,5176064,4759855,10464.09351,5910.76849,11268.64926,14101.45378,16453.82839,14015.31615,68114.02,67262.91,65971.2,68432.16,69948.63,70191.86,55.89,54.29,53.94,54.75,55.0,55.28,53.12,53.21,51.88,52.5,53.43,53.54,299754.686,262288.031,398559.551,327230.42,348345.87,272644.402,184265,112232,179938,204901,207079,158910,151170.728,142423.528,187345.094,169272.091,180614.737,127442.237,53.81,53.58,52.59,53.77,53.87,54.8,2093.33,1996.04,1979.8,2053.52,2088.19,2085.58,1955.95,1948.09,1916.14,1929.65,1991.0,2007.17,411597.7569,184459.82,391189.7317,550825.4883,463411.8739,350061.256,5601424,2029543,4044585,6360581,5226998,4730286,197603.9435,89270.3932,190729.8992,282877.29,240013.7173,172446.7326,1978.68,1969.59,1937.1,1992.98,2036.51,2073.52
2026-03-12T00:00:00,68551.04,68200.0,69516.65,71777.0,71321.0,70800.0,66915.26,65618.49,65821.97,68391.41,68977.91,69205.91,12719.54315,21593.63901,28896.7213,32602.57726,27249.27542,21997.1605,2067476,3028392,5093667,5176064,4759855,4344059,5910.76849,11268.64926,14101.45378,16453.82839,14015.31615,10545.03396,67262.91,65971.2,68432.16,69948.63,70191.86,70541.34,54.29,53.94,54.75,55.0,55.28,55.0,53.21,51.88,52.5,53.43,53.54,53.8,262288.031,398559.551,327230.42,348345.87,272644.402,271228.185,112232,179938,204901,207079,158910,149964,142423.528,187345.094,169272.091,180614.737,127442.237,145028.3,53.58,52.59,53.77,53.87,54.8,54.56,1996.04,1979.8,2053.52,2088.19,2085.58,2095.0,1948.09,1916.14,1929.65,1991.0,2007.17,2017.59,184459.82,391189.7317,550825.4883,463411.8739,350061.256,400507.8132,2029543,4044585,6360581,5226998,4730286,4757775,89270.3932,190729.8992,282877.29,240013.7173,172446.7326,196694.8334,1969.59,1937.1,1992.98,2036.51,2051.97,2092.22
2026-03-13T00:00:00,68200.0,69516.65,71777.0,71321.0,70800.0,73913.74,65618.49,65821.97,68391.41,68977.91,69205.91,70386.01,21593.63901,28896.7213,32602.57726,27249.27542,21997.1605,35996.61678,3028392,5093667,5176064,4759855,4344059,5312490,11268.64926,14101.45378,16453.82839,14015.31615,10545.03396,18310.3426,65971.2,68432.16,69948.63,70191.86,70541.34,70930.0,53.94,54.75,55.0,55.28,55.0,56.71,51.88,52.5,53.43,53.54,53.8,54.47,398559.551,327230.42,348345.87,272644.402,271228.185,337868.652,179938,204901,207079,158910,149964,215260,187345.094,169272.091,180614.737,127442.237,145028.3,167321.985,52.59,53.77,53.87,54.8,54.56,55.3,1979.8,2053.52,2088.19,2085.58,2095.0,2209.03,1916.14,1929.65,1991.0,2007.17,2017.59,2070.12,391189.7317,550825.4883,463411.8739,350061.256,400507.8132,599657.0399,4044585,6360581,5226998,4730286,4757775,6138489,190729.8992,282877.29,240013.7173,172446.7326,196694.8334,300361.2151,1937.1,1992.98,2036.51,2051.97,2073.52,2096.16
2026-03-14T00:00:00,69516.65,71777.0,71321.0,70800.0,73913.74,71307.92,65821.97,68391.41,68977.91,69205.91,70386.01,70317.0,28896.7213,32602.57726,27249.27542,21997.1605,35996.61678,13017.24737,5093667,5176064,4759855,4344059,5312490,1661739,14101.45378,16453.82839,14015.31615,10545.03396,18310.3426,6242.10104,68432.16,69948.63,70191.86,70541.34,70930.0,71211.95,54.75,55.0,55.28,55.0,56.71,55.84,52.5,53.43,53.54,53.8,54.47,54.37,327230.42,348345.87,272644.402,271228.185,337868.652,225515.431,204901,207079,158910,149964,215260,106784,169272.091,180614.737,127442.237,145028.3,167321.985,106081.929,53.77,53.87,54.8,54.56,55.3,54.98,2053.52,2088.19,2085.58,2095.0,2209.03,2106.09,1929.65,1991.0,2007.17,2017.59,2070.12,2061.6,550825.4883,463411.8739,350061.256,400507.8132,599657.0399,152500.5822,6360581,5226998,4730286,4757775,6138489,1584458,282877.29,240013.7173,172446.7326,196694.8334,300361.2151,73409.361,1992.98,2036.51,2051.97,2073.52,2092.22,2178.3
2026-03-15T00:00:00,71777.0,71321.0,70800.0,73913.74,71307.92,73199.0,68391.41,68977.91,69205.91,70386.01,70317.0,70858.82,32602.57726,27249.27542,21997.1605,35996.61678,13017.24737,14037.30704,5176064,4759855,4344059,5312490,1661739,2509013,16453.82839,14015.31615,10545.03396,18310.3426,6242.10104,7307.01776,69948.63,70191.86,70541.34,70930.0,71211.95,72815.24,55.0,55.28,55.0,56.71,55.84,56.41,53.43,53.54,53.8,54.47,54.37,54.69,348345.87,272644.402,271228.185,337868.652,225515.431,247015.19,207079,158910,149964,215260,106784,128184,180614.737,127442.237,145028.3,167321.985,106081.929,115518.4,53.87,54.8,54.56,55.3,54.98,56.27,2088.19,2085.58,2095.0,2209.03,2106.09,2202.87,1991.0,2007.17,2017.59,2070.12,2061.6,2083.35,463411.8739,350061.256,400507.8132,599657.0399,152500.5822,280825.9377,5226998,4730286,4757775,6138489,1584458,3001730,240013.7173,172446.7326,196694.8334,300361.2151,73409.361,146142.3746,2036.51,2051.97,2073.52,2092.22,2096.16,2352.97
2026-03-16T00:00:00,71321.0,70800.0,73913.74,71307.92,73199.0,74909.08,68977.91,69205.91,70386.01,70317.0,70858.82,72270.41,27249.27542,21997.1605,35996.61678,13017.24737,14037.30704,28409.53019,4759855,4344059,5312490,1661739,2509013,5396482,14015.31615,10545.03396,18310.3426,6242.10104,7307.01776,15204.22255,70191.86,70541.34,70930.0,71211.95,72815.24,74884.67,55.28,55.0,56.71,55.84,56.41,59.23,53.54,53.8,54.47,54.37,54.69,55.82,272644.402,271228.185,337868.652,225515.431,247015.19,587196.808,158910,149964,215260,106784,128184,269948,127442.237,145028.3,167321.985,106081.929,115518.4,285016.798,54.8,54.56,55.3,54.98,56.27,58.7,2085.58,2095.0,2209.03,2106.09,2202.87,2386.02,2007.17,2017.59,2070.12,2061.6,2083.35,2164.73,350061.256,400507.8132,599657.0399,152500.5822,280825.9377,845892.7756,4730286,4757775,6138489,1584458,3001730,7409311,172446.7326,196694.8334,300361.2151,73409.361,146142.3746,445819.396,2051.97,2073.52,2092.22,2096.16,2178.3,2317.39
2026-03-17T00:00:00,70800.0,73913.74,71307.92,73199.0,74909.08,76000.0,69205.91,70386.01,70317.0,70858.82,72270.41,73399.19,21997.1605,35996.61678,13017.24737,14037.30704,28409.53019,24521.26636,4344059,5312490,1661739,2509013,5396482,4863187,10545.03396,18310.3426,6242.10104,7307.01776,15204.22255,11791.2523,70541.34,70930.0,71211.95,72815.24,74884.67,73909.36,55.0,56.71,55.84,56.41,59.23,59.26,53.8,54.47,54.37,54.69,55.82,57.31,271228.185,337868.652,225515.431,247015.19,587196.808,402802.673,149964,215260,106784,128184,269948,214662,145028.3,167321.985,106081.929,115518.4,285016.798,206304.377,54.56,55.3,54.98,56.27,58.7,58.09,2095.0,2209.03,2106.09,2202.87,2386.02,2376.66,2017.59,2070.12,2061.6,2083.35,2164.73,2294.15,400507.8132,599657.0399,152500.5822,280825.9377,845892.7756,493831.1016,4757775,6138489,1584458,3001730,7409311,5596636,196694.8334,300361.2151,73409.361,146142.3746,445819.396,240136.5065,2073.52,2092.22,2096.16,2178.3,2352.97,2203.39
2026-03-18T00:00:00,73913.74,71307.92,73199.0,74909.08,76000.0,74672.34,70386.01,70317.0,70858.82,72270.41,73399.19,70500.0,35996.61678,13017.24737,14037.30704,28409.53019,24521.26636,23392.88093,5312490,1661739,2509013,5396482,4863187,4733897,18310.3426,6242.10104,7307.01776,15204.22255,11791.2523,11709.17057,70930.0,71211.95,72815.24,74884.67,73909.36,71246.54,56.71,55.84,56.41,59.23,59.26,58.56,54.47,54.37,54.69,55.82,57.31,55.3,337868.652,225515.431,247015.19,587196.808,402802.673,355225.613,215260,106784,128184,269948,214662,198224,167321.985,106081.929,115518.4,285016.798,206304.377,160825.572,55.3,54.98,56.27,58.7,58.09,56.08,2209.03,2106.09,2202.87,2386.02,2376.66,2350.0,2070.12,2061.6,2083.35,2164.73,2294.15,2153.21,599657.0399,152500.5822,280825.9377,845892.7756,493831.1016,488040.8887,6138489,1584458,3001730,7409311,5596636,5684937,300361.2151,73409.361,146142.3746,445819.396,240136.5065,232364.5906,2092.22,2096.16,2178.3,2352.97,2317.39,2137.81
2026-03-19T00:00:00,71307.92,73199.0,74909.08,76000.0,74672.34,71613.79,70317.0,70858.82,72270.41,73399.19,70500.0,68793.35,13017.24737,14037.30704,28409.53019,24521.26636,23392.88093,22364.81819,1661739,2509013,5396482,4863187,4733897,4972526,6242.10104,7307.01776,15204.22255,11791.2523,11709.17057,10489.13676,71211.95,72815.24,74884.67,73909.36,71246.54,69930.0,55.84,56.41,59.23,59.26,58.56,56.35,54.37,54.69,55.82,57.31,55.3,54.59,225515.431,247015.19,587196.808,402802.673,355225.613,266053.615,106784,128184,269948,214662,198224,174237,106081.929,115518.4,285016.798,206304.377,160825.572,130828.917,54.98,56.27,58.7,58.09,56.08,55.54,2106.09,2202.87,2386.02,2376.66,2350.0,2233.72,2061.6,2083.35,2164.73,2294.15,2153.21,2099.38,152500.5822,280825.9377,845892.7756,493831.1016,488040.8887,490791.679,1584458,3001730,7409311,5596636,5684937,6142160,73409.361,146142.3746,445819.396,240136.5065,232364.5906,235483.1788,2096.16,2178.3,2352.97,2317.39,2203.39,2146.22
2026-03-20T00:00:00,73199.0,74909.08,76000.0,74672.34,71613.79,71367.0,70858.82,72270.41,73399.19,70500.0,68793.35,69388.0,14037.30704,28409.53019,24521.26636,23392.88093,22364.81819,18121.16745,2509013,5396482,4863187,4733897,4972526,4369971,7307.01776,15204.22255,11791.2523,11709.17057,10489.13676,8801.41211,72815.24,74884.67,73909.36,71246.54,69930.0,70510.73,56.41,59.23,59.26,58.56,56.35,56.47,54.69,55.82,57.31,55.3,54.59,55.17,247015.19,587196.808,402802.673,355225.613,266053.615,221084.585,128184,269948,214662,198224,174237,144094,115518.4,285016.798,206304.377,160825.572,130828.917,109524.558,56.27,58.7,58.09,56.08,55.54,56.17,2202.87,2386.02,2376.66,2350.0,2233.72,2176.84,2083.35,2164.73,2294.15,2153.21,2099.38,2116.88,280825.9377,845892.7756,493831.1016,488040.8887,490791.679,300156.1778,3001730,7409311,5596636,5684937,6142160,4595372,146142.3746,445819.396,240136.5065,232364.5906,235483.1788,162200.144,2178.3,2352.97,2317.39,2203.39,2137.81,2084.87
2026-03-21T00:00:00,74909.08,76000.0,74672.34,71613.79,71367.0,71100.94,72270.41,73399.19,70500.0,68793.35,69388.0,68571.42,28409.53019,24521.26636,23392.88093,22364.81819,18121.16745,13397.1675,5396482,4863187,4733897,4972526,4369971,1640086,15204.22255,11791.2523,11709.17057,10489.13676,8801.41211,6379.69313,74884.67,73909.36,71246.54,69930.0,70510.73,68918.12,59.23,59.26,58.56,56.35,56.47,56.59,55.82,57.31,55.3,54.59,55.17,54.42,587196.808,402802.673,355225.613,266053.615,221084.585,194699.709,269948,214662,198224,174237,144094,103200,285016.798,206304.377,160825.572,130828.917,109524.558,95771.379,58.7,58.09,56.08,55.54,56.17,54.81,2386.02,2376.66,2350.0,2233.72,2176.84,2168.27,2164.73,2294.15,2153.21,2099.38,2116.88,2070.78,845892.7756,493831.1016,488040.8887,490791.679,300156.1778,132559.4646,7409311,5596636,5684937,6142160,4595372,1375463,445819.396,240136.5065,232364.5906,235483.1788,162200.144,63249.5812,2352.97,2317.39,2203.39,2137.81,2146.22,2053.89
2026-03-22T00:00:00,76000.0,74672.34,71613.79,71367.0,71100.94,69588.79,73399.19,70500.0,68793.35,69388.0,68571.42,67360.66,24521.26636,23392.88093,22364.81819,18121.16745,13397.1675,14843.78682,4863187,4733897,4972526,4369971,1640086,3269152,11791.2523,11709.17057,10489.13676,8801.41211,6379.69313,7292.32333,73909.36,71246.54,69930.0,70510.73,68918.12,67859.0,59.26,58.56,56.35,56.47,56.59,55.05,57.31,55.3,54.59,55.17,54.42,53.03,402802.673,355225.613,266053.615,221084.585,194699.709,303410.591,214662,198224,174237,144094,103200,157394,206304.377,160825.572,130828.917,109524.558,95771.379,149806.373,58.09,56.08,55.54,56.17,54.81,53.51,2376.66,2350.0,2233.72,2176.84,2168.27,2127.21,2294.15,2153.21,2099.38,2116.88,2070.78,2026.0,493831.1016,488040.8887,490791.679,300156.1778,132559.4646,313070.5572,5596636,5684937,6142160,4595372,1375463,3577857,240136.5065,232364.5906,235483.1788,162200.144,63249.5812,154345.7056,2317.39,2203.39,2137.81,2146.22,2084.87,2152.03
2026-03-23T00:00:00,74672.34,71613.79,71367.0,71100.94,69588.79,71817.09,70500.0,68793.35,69388.0,68571.42,67360.66,67445.18,23392.88093,22364.81819,18121.16745,13397.1675,14843.78682,28335.09119,4733897,4972526,4369971,1640086,3269152,6509730,11709.17057,10489.13676,8801.41211,6379.69313,7292.32333,14640.9723,71246.54,69930.0,70510.73,68918.12,67859.0,70906.45,58.56,56.35,56.47,56.59,55.05,56.16,55.3,54.59,55.17,54.42,53.03,53.27,355225.613,266053.615,221084.585,194699.709,303410.591,361341.093,198224,174237,144094,103200,157394,236501,160825.572,130828.917,109524.558,95771.379,149806.373,183217.794,56.08,55.54,56.17,54.81,53.51,55.72,2350.0,2233.72,2176.84,2168.27,2127.21,2198.57,2153.21,2099.38,2116.88,2070.78,2026.0,2023.04,488040.8887,490791.679,300156.1778,132559.4646,313070.5572,614508.4369,5684937,6142160,4595372,1375463,3577857,7349668,232364.5906,235483.1788,162200.144,63249.5812,154345.7056,310239.9864,2203.39,2137.81,2146.22,2084.87,2053.89,2156.23
2026-03-24T00:00:00,71613.79,71367.0,71100.94,69588.79,71817.09,71400.0,68793.35,69388.0,68571.42,67360.66,67445.18,68923.07,22364.81819,18121.16745,13397.1675,14843.78682,28335.09119,20702.42244,4972526,4369971,1640086,3269152,6509730,4191328,10489.13676,8801.41211,6379.69313,7292.32333,14640.9723,9731.85043,69930.0,70510.73,68918.12,67859.0,70906.45,70556.74,56.35,56.47,56.59,55.05,56.16,56.5,54.59,55.17,54.42,53.03,53.27,55.05,266053.615,221084.585,194699.709,303410.591,361341.093,251140.031,174237,144094,103200,157394,236501,152634,130828.917,109524.558,95771.379,149806.373,183217.794,123546.971,55.54,56.17,54.81,53.51,55.72,56.38,2233.72,2176.84,2168.27,2127.21,2198.57,2175.16,2099.38,2116.88,2070.78,2026.0,2023.04,2103.02,490791.679,300156.1778,132559.4646,313070.5572,614508.4369,316703.4728,6142160,4595372,1375463,3577857,7349668,4633093,235483.1788,162200.144,63249.5812,154345.7056,310239.9864,152304.1675,2137.81,2146.22,2084.87,2053.89,2152.03,2169.02
2026-03-25T00:00:00,71367.0,71100.94,69588.79,71817.09,71400.0,72026.09,69388.0,68571.42,67360.66,67445.18,68923.07,70408.0,18121.16745,13397.1675,14843.78682,28335.09119,20702.42244,17719.50066,4369971,1640086,3269152,6509730,4191328,3298902,8801.41211,6379.69313,7292.32333,14640.9723,9731.85043,8819.77787,70510.73,68918.12,67859.0,70906.45,70556.74,71336.53,56.47,56.59,55.05,56.16,56.5,56.8,55.17,54.42,53.03,53.27,55.05,55.79,221084.585,194699.709,303410.591,361341.093,251140.031,308934.412,144094,103200,157394,236501,152634,133351,109524.558,95771.379,149806.373,183217.794,123546.971,146028.372,56.17,54.81,53.51,55.72,56.38,56.65,2176.84,2168.27,2127.21,2198.57,2175.16,2199.02,2116.88,2070.78,2026.0,2023.04,2103.02,2146.35,300156.1778,132559.4646,313070.5572,614508.4369,316703.4728,275641.5255,4595372,1375463,3577857,7349668,4633093,3492121,162200.144,63249.5812,154345.7056,310239.9864,152304.1675,139003.4847,2146.22,2084.87,2053.89,2152.03,2156.23,2060.43
2026-03-26T00:00:00,71100.94,69588.79,71817.09,71400.0,72026.09,71436.82,68571.42,67360.66,67445.18,68923.07,70408.0,68153.0,13397.1675,14843.78682,28335.09119,20702.42244,17719.50066,20820.45768,1640086,3269152,6509730,4191328,3298902,3597702,6379.69313,7292.32333,14640.9723,9731.85043,8819.77787,10116.39467,68918.12,67859.0,70906.45,70556.74,71336.53,68820.31,56.59,55.05,56.16,56.5,56.8,56.67,54.42,53.03,53.27,55.05,55.79,54.23,194699.709,303410.591,361341.093,251140.031,308934.412,382513.198,103200,157394,236501,152634,133351,147781,95771.379,149806.373,183217.794,123546.971,146028.372,164299.115,54.81,53.51,55.72,56.38,56.65,54.59,2168.27,2127.21,2198.57,2175.16,2199.02,2172.19,2070.78,2026.0,2023.04,2103.02,2146.35,2034.54,132559.4646,313070.5572,614508.4369,316703.4728,275641.5255,338010.6238,1375463,3577857,7349668,4633093,3492121,3890747,63249.5812,154345.7056,310239.9864,152304.1675,139003.4847,171588.2134,2084.87,2053.89,2152.03,2156.23,2169.02,1992.75
2026-03-27T00:00:00,69588.79,71817.09,71400.0,72026.09,71436.82,69179.05,67360.66,67445.18,68923.07,70408.0,68153.0,65548.25,14843.78682,28335.09119,20702.42244,17719.50066,20820.45768,28603.69557,3269152,6509730,4191328,3298902,3597702,4159306,7292.32333,14640.9723,9731.85043,8819.77787,10116.39467,14568.62853,67859.0,70906.45,70556.74,71336.53,68820.31,66407.28,55.05,56.16,56.5,56.8,56.67,55.18,53.03,53.27,55.05,55.79,54.23,53.29,303410.591,361341.093,251140.031,308934.412,382513.198,262999.776,157394,236501,152634,133351,147781,151570,149806.373,183217.794,123546.971,146028.372,164299.115,120529.037,53.51,55.72,56.38,56.65,54.59,53.72,2127.21,2198.57,2175.16,2199.02,2172.19,2077.19,2026.0,2023.04,2103.02,2146.35,2034.54,1970.93,313070.5572,614508.4369,316703.4728,275641.5255,338010.6238,394873.5248,3577857,7349668,4633093,3492121,3890747,3909237,154345.7056,310239.9864,152304.1675,139003.4847,171588.2134,206051.2798,2053.89,2152.03,2156.23,2169.02,2060.43,1994.74
2026-03-28T00:00:00,71817.09,71400.0,72026.09,71436.82,69179.05,67288.94,67445.18,68923.07,70408.0,68153.0,65548.25,65932.09,28335.09119,20702.42244,17719.50066,20820.45768,28603.69557,11462.39847,6509730,4191328,3298902,3597702,4159306,1687368,14640.9723,9731.85043,8819.77787,10116.39467,14568.62853,5753.04124,70906.45,70556.74,71336.53,68820.31,66407.28,66377.03,56.16,56.5,56.8,56.67,55.18,54.93,53.27,55.05,55.79,54.23,53.29,53.26,361341.093,251140.031,308934.412,382513.198,262999.776,269897.849,236501,152634,133351,147781,151570,116262,183217.794,123546.971,146028.372,164299.115,120529.037,146392.985,55.72,56.38,56.65,54.59,53.72,53.85,2198.57,2175.16,2199.02,2172.19,2077.19,2047.45,2023.04,2103.02,2146.35,2034.54,1970.93,1983.17,614508.4369,316703.4728,275641.5255,338010.6238,394873.5248,154831.8055,7349668,4633093,3492121,3890747,3909237,1569810,310239.9864,152304.1675,139003.4847,171588.2134,206051.2798,86378.919,2152.03,2156.23,2169.02,2060.43,1992.75,1984.64
2026-03-29T00:00:00,71400.0,72026.09,71436.82,69179.05,67288.94,67130.5,68923.07,70408.0,68153.0,65548.25,65932.09,65000.0,20702.42244,17719.50066,20820.45768,28603.69557,11462.39847,10052.85584,4191328,3298902,3597702,4159306,1687368,2146177,9731.85043,8819.77787,10116.39467,14568.62853,5753.04124,4769.42832,70556.74,71336.53,68820.31,66407.28,66377.03,66010.93,56.5,56.8,56.67,55.18,54.93,54.39,55.05,55.79,54.23,53.29,53.26,52.22,251140.031,308934.412,382513.198,262999.776,269897.849,181661.454,152634,133351,147781,151570,116262,119092,123546.971,146028.372,164299.115,120529.037,146392.985,85287.9,56.38,56.65,54.59,53.72,53.85,53.32,2175.16,2199.02,2172.19,2077.19,2047.45,2019.65,2103.02,2146.35,2034.54,1970.93,1983.17,1938.82,316703.4728,275641.5255,338010.6238,394873.5248,154831.8055,166726.7382,4633093,3492121,3890747,3909237,1569810,2049808,152304.1675,139003.4847,171588.2134,206051.2798,86378.919,87697.2438,2156.23,2169.02,2060.43,1992.75,1994.74,2026.48
2026-03-30T00:00:00,72026.09,71436.82,69179.05,67288.94,67130.5,68169.65,70408.0,68153.0,65548.25,65932.09,65000.0,65800.59,17719.50066,20820.45768,28603.69557,11462.39847,10052.85584,18353.38975,3298902,3597702,4159306,1687368,2146177,3902849,8819.77787,10116.39467,14568.62853,5753.04124,4769.42832,9155.91893,71336.53,68820.31,66407.28,66377.03,66010.93,66797.37,56.8,56.67,55.18,54.93,54.39,54.41,55.79,54.23,53.29,53.26,52.22,52.96,308934.412,382513.198,262999.776,269897.849,181661.454,414289.211,133351,147781,151570,116262,119092,171920,146028.372,164299.115,120529.037,146392.985,85287.9,191153.443,56.65,54.59,53.72,53.85,53.32,53.34,2199.02,2172.19,2077.19,2047.45,2019.65,2085.0,2146.35,2034.54,1970.93,1983.17,1938.82,1980.28,275641.5255,338010.6238,394873.5248,154831.8055,166726.7382,338304.4344,3492121,3890747,3909237,1569810,2049808,3886546,139003.4847,171588.2134,206051.2798,86378.919,87697.2438,174062.2111,2169.02,2060.43,1992.75,1994.74,1984.64,2105.43
2026-03-31T00:00:00,71436.82,69179.05,67288.94,67130.5,68169.65,68589.49,68153.0,65548.25,65932.09,65000.0,65800.59,65998.05,20820.45768,28603.69557,11462.39847,10052.85584,18353.38975,22105.40662,3597702,4159306,1687368,2146177,3902849,4846820,10116.39467,14568.62853,5753.04124,4769.42832,9155.91893,10726.18262,68820.31,66407.28,66377.03,66010.93,66797.37,68284.48,56.67,55.18,54.93,54.39,54.41,54.29,54.23,53.29,53.26,52.22,52.96,53.13,382513.198,262999.776,269897.849,181661.454,414289.211,332765.311,147781,151570,116262,119092,171920,161896,164299.115,120529.037,146392.985,85287.9,191153.443,171657.225,54.59,53.72,53.85,53.32,53.34,53.95,2172.19,2077.19,2047.45,2019.65,2085.0,2124.03,2034.54,1970.93,1983.17,1938.82,1980.28,2012.64,338010.6238,394873.5248,154831.8055,166726.7382,338304.4344,421897.9023,3890747,3909237,1569810,2049808,3886546,5013796,171588.2134,206051.2798,86378.919,87697.2438,174062.2111,218379.1286,2060.43,1992.75,1994.74,1984.64,2026.48,2140.35
2026-04-01T00:00:00,69179.05,67288.94,67130.5,68169.65,68589.49,69310.0,65548.25,65932.09,65000.0,65800.59,65998.05,67578.75,28603.69557,11462.39847,10052.85584,18353.38975,22105.40662,19020.1899,4159306,1687368,2146177,3902849,4846820,3741910,14568.62853,5753.04124,4769.42832,9155.91893,10726.18262,9702.49844,66407.28,66377.03,66010.93,66797.37,68284.48,68113.92,55.18,54.93,54.39,54.41,54.29,54.78,53.29,53.26,52.22,52.96,53.13,53.72,262999.776,269897.849,181661.454,414289.211,332765.311,398752.553,151570,116262,119092,171920,161896,147646,120529.037,146392.985,85287.9,191153.443,171657.225,197862.459,53.72,53.85,53.32,53.34,53.95,53.82,2077.19,2047.45,2019.65,2085.0,2124.03,2167.85,1970.93,1983.17,1938.82,1980.28,2012.64,2082.08,394873.5248,154831.8055,166726.7382,338304.4344,421897.9023,399227.3779,3909237,1569810,2049808,3886546,5013796,4211533,206051.2798,86378.919,87697.2438,174062.2111,218379.1286,203721.1114,1992.75,1994.74,1984.64,2026.48,2105.43,2057.17
2026-04-02T00:00:00,67288.94,67130.5,68169.65,68589.49,69310.0,68653.38,65932.09,65000.0,65800.59,65998.05,67578.75,65712.12,11462.39847,10052.85584,18353.38975,22105.40662,19020.1899,20203.47916,1687368,2146177,3902849,4846820,3741910,4189133,5753.04124,4769.42832,9155.91893,10726.18262,9702.49844,10090.6562,66377.03,66010.93,66797.37,68284.48,68113.92,66901.99,54.93,54.39,54.41,54.29,54.78,54.12,53.26,52.22,52.96,53.13,53.72,51.4,269897.849,181661.454,414289.211,332765.311,398752.553,346503.9,116262,119092,171920,161896,147646,172486,146392.985,85287.9,191153.443,171657.225,197862.459,168588.781,53.85,53.32,53.34,53.95,53.82,52.29,2047.45,2019.65,2085.0,2124.03,2167.85,2159.37,1983.17,1938.82,1980.28,2012.64,2082.08,2017.04,154831.8055,166726.7382,338304.4344,421897.9023,399227.3779,346872.8323,1569810,2049808,3886546,5013796,4211533,4462923,86378.919,87697.2438,174062.2111,218379.1286,203721.1114,161146.8702,1994.74,1984.64,2026.48,2105.43,2140.35,2053.83
2026-04-03T00:00:00,67130.5,68169.65,68589.49,69310.0,68653.38,67370.42,65000.0,65800.59,65998.05,67578.75,65712.12,66282.0,10052.85584,18353.38975,22105.40662,19020.1899,20203.47916,11429.13131,2146177,3902849,4846820,3741910,4189133,2023104,4769.42832,9155.91893,10726.18262,9702.49844,10090.6562,5535.26988,66010.93,66797.37,68284.48,68113.92,66901.99,66964.3,54.39,54.41,54.29,54.78,54.12,53.49,52.22,52.96,53.13,53.72,51.4,52.14,181661.454,414289.211,332765.311,398752.553,346503.9,195542.014,119092,171920,161896,147646,172486,99499,85287.9,191153.443,171657.225,197862.459,168588.781,96012.854,53.32,53.34,53.95,53.82,52.29,53.24,2019.65,2085.0,2124.03,2167.85,2159.37,2081.76,1938.82,1980.28,2012.64,2082.08,2017.04,2040.66,166726.7382,338304.4344,421897.9023,399227.3779,346872.8323,136266.6393,2049808,3886546,5013796,4211533,4462923,1741595,87697.2438,174062.2111,218379.1286,203721.1114,161146.8702,64849.8016,1984.64,2026.48,2105.43,2140.35,2057.17,2065.52
2026-04-04T00:00:00,68169.65,68589.49,69310.0,68653.38,67370.42,67562.93,65800.59,65998.05,67578.75,65712.12,66282.0,66775.91,18353.38975,22105.40662,19020.1899,20203.47916,11429.13131,7373.51613,3902849,4846820,3741910,4189133,2023104,1356179,9155.91893,10726.18262,9702.49844,10090.6562,5535.26988,3701.32932,66797.37,68284.48,68113.92,66901.99,66964.3,67300.42,54.41,54.29,54.78,54.12,53.49,53.86,52.96,53.13,53.72,51.4,52.14,52.99,414289.211,332765.311,398752.553,346503.9,195542.014,149737.599,171920,161896,147646,172486,99499,67311,191153.443,171657.225,197862.459,168588.781,96012.854,72054.586,53.34,53.95,53.82,52.29,53.24,53.59,2085.0,2124.03,2167.85,2159.37,2081.76,2084.0,1980.28,2012.64,2082.08,2017.04,2040.66,2044.63,338304.4344,421897.9023,399227.3779,346872.8323,136266.6393,86504.4406,3886546,5013796,4211533,4462923,1741595,1246022,174062.2111,218379.1286,203721.1114,161146.8702,64849.8016,42789.6573,2026.48,2105.43,2140.35,2057.17,2053.83,2110.17
2026-04-05T00:00:00,68589.49,69310.0,68653.38,67370.42,67562.93,69136.2,65998.05,67578.75,65712.12,66282.0,66775.91,66611.66,22105.40662,19020.1899,20203.47916,11429.13131,7373.51613,11733.46752,4846820,3741910,4189133,2023104,1356179,2106257,10726.18262,9702.49844,10090.6562,5535.26988,3701.32932,5791.55692,68284.48,68113.92,66901.99,66964.3,67300.42,69034.18,54.29,54.78,54.12,53.49,53.86,54.21,53.13,53.72,51.4,52.14,52.99,52.59,332765.311,398752.553,346503.9,195542.014,149737.599,154164.553,161896,147646,172486,99499,67311,84781,171657.225,197862.459,168588.781,96012.854,72054.586,74832.935,53.95,53.82,52.29,53.24,53.59,54.11,2124.03,2167.85,2159.37,2081.76,2084.0,2123.49,2012.64,2082.08,2017.04,2040.66,2044.63,2021.5,421897.9023,399227.3779,346872.8323,136266.6393,86504.4406,157353.3199,5013796,4211533,4462923,1741595,1246022,2504865,218379.1286,203721.1114,161146.8702,64849.8016,42789.6573,78363.4974,2105.43,2140.35,2057.17,2053.83,2065.52,2107.16
2026-04-06T00:00:00,69310.0,68653.38,67370.42,67562.93,69136.2,70351.46,67578.75,65712.12,66282.0,66775.91,66611.66,68300.0,19020.1899,20203.47916,11429.13131,7373.51613,11733.46752,20281.61044,3741910,4189133,2023104,1356179,2106257,4695523,9702.49844,10090.6562,5535.26988,3701.32932,5791.55692,10149.79257,68113.92,66901.99,66964.3,67300.42,69034.18,68853.66,54.78,54.12,53.49,53.86,54.21,54.64,53.72,51.4,52.14,52.99,52.59,53.2,398752.553,346503.9,195542.014,149737.599,154164.553,251244.43,147646,172486,99499,67311,84781,116245,197862.459,168588.781,96012.854,72054.586,74832.935,121886.022,53.82,52.29,53.24,53.59,54.11,53.53,2167.85,2159.37,2081.76,2084.0,2123.49,2174.79,2082.08,2017.04,2040.66,2044.63,2021.5,2087.5,399227.3779,346872.8323,136266.6393,86504.4406,157353.3199,356054.2894,4211533,4462923,1741595,1246022,2504865,5330366,203721.1114,161146.8702,64849.8016,42789.6573,78363.4974,180414.5093,2140.35,2057.17,2053.83,2065.52,2110.17,2240.01
2026-04-07T00:00:00,68653.38,67370.42,67562.93,69136.2,70351.46,72761.0,65712.12,66282.0,66775.91,66611.66,68300.0,67732.01,20203.47916,11429.13131,7373.51613,11733.46752,20281.61044,23750.49661,4189133,2023104,1356179,2106257,4695523,4871706,10090.6562,5535.26988,3701.32932,5791.55692,10149.79257,12465.18271,66901.99,66964.3,67300.42,69034.18,68853.66,71924.22,54.12,53.49,53.86,54.21,54.64,55.74,51.4,52.14,52.99,52.59,53.2,52.91,346503.9,195542.014,149737.599,154164.553,251244.43,313030.401,172486,99499,67311,84781,116245,153619,168588.781,96012.854,72054.586,74832.935,121886.022,151630.93,52.29,53.24,53.59,54.11,53.53,55.36,2159.37,2081.76,2084.0,2123.49,2174.79,2273.87,2017.04,2040.66,2044.63,2021.5,2087.5,2060.24,346872.8323,136266.6393,86504.4406,157353.3199,356054.2894,460094.8093,4462923,1741595,1246022,2504865,5330366,5189711,161146.8702,64849.8016,42789.6573,78363.4974,180414.5093,239252.9777,2057.17,2053.83,2065.52,2110.17,2107.16,2190.0
2026-04-08T00:00:00,67370.42,67562.93,69136.2,70351.46,72761.0,72857.0,66282.0,66775.91,66611.66,68300.0,67732.01,70707.23,11429.13131,7373.51613,11733.46752,20281.61044,23750.49661,19802.68627,2023104,1356179,2106257,4695523,4871706,3843988,5535.26988,3701.32932,5791.55692,10149.79257,12465.18271,9570.20189,66964.3,67300.42,69034.18,68853.66,71924.22,71069.93,53.49,53.86,54.21,54.64,55.74,55.59,52.14,52.99,52.59,53.2,52.91,53.89,195542.014,149737.599,154164.553,251244.43,313030.401,262118.262,99499,67311,84781,116245,153619,117516,96012.854,72054.586,74832.935,121886.022,151630.93,127241.579,53.24,53.59,54.11,53.53,55.36,53.95,2081.76,2084.0,2123.49,2174.79,2273.87,2270.55,2040.66,2044.63,2021.5,2087.5,2060.24,2179.78,136266.6393,86504.4406,157353.3199,356054.2894,460094.8093,404717.6321,1741595,1246022,2504865,5330366,5189711,4339985,64849.8016,42789.6573,78363.4974,180414.5093,239252.9777,190983.3243,2053.83,2065.52,2110.17,2107.16,2240.01,2190.2
2026-04-09T00:00:00,67562.93,69136.2,70351.46,72761.0,72857.0,73145.0,66775.91,66611.66,68300.0,67732.01,70707.23,70466.0,7373.51613,11733.46752,20281.61044,23750.49661,19802.68627,18158.42159,1356179,2106257,4695523,4871706,3843988,3773025,3701.32932,5791.55692,10149.79257,12465.18271,9570.20189,9604.31771,67300.42,69034.18,68853.66,71924.22,71069.93,71787.97,53.86,54.21,54.64,55.74,55.59,55.28,52.99,52.59,53.2,52.91,53.89,53.62,149737.599,154164.553,251244.43,313030.401,262118.262,248302.357,67311,84781,116245,153619,117516,118079,72054.586,74832.935,121886.022,151630.93,127241.579,123095.902,53.59,54.11,53.53,55.36,53.95,54.55,2084.0,2123.49,2174.79,2273.87,2270.55,2246.0,2044.63,2021.5,2087.5,2060.24,2179.78,2157.31,86504.4406,157353.3199,356054.2894,460094.8093,404717.6321,275317.9503,1246022,2504865,5330366,5189711,4339985,3756386,42789.6573,78363.4974,180414.5093,239252.9777,190983.3243,135540.5413,2065.52,2110.17,2107.16,2240.01,2190.0,2245.05
2026-04-10T00:00:00,69136.2,70351.46,72761.0,72857.0,73145.0,73434.0,66611.66,68300.0,67732.01,70707.23,70466.0,71426.15,11733.46752,20281.61044,23750.49661,19802.68627,18158.42159,17372.63288,2106257,4695523,4871706,3843988,3773025,3176308,5791.55692,10149.79257,12465.18271,9570.20189,9604.31771,8819.74841,69034.18,68853.66,71924.22,71069.93,71787.97,72962.7,54.21,54.64,55.74,55.59,55.28,55.52,52.59,53.2,52.91,53.89,53.62,54.23,154164.553,251244.43,313030.401,262118.262,248302.357,227586.41,84781,116245,153619,117516,118079,111160,74832.935,121886.022,151630.93,127241.579,123095.902,112640.857,54.11,53.53,55.36,53.95,54.55,54.96,2123.49,2174.79,2273.87,2270.55,2246.0,2257.99,2021.5,2087.5,2060.24,2179.78,2157.31,2176.1,157353.3199,356054.2894,460094.8093,404717.6321,275317.9503,272899.0858,2504865,5330366,5189711,4339985,3756386,2929213,78363.4974,180414.5093,239252.9777,190983.3243,135540.5413,132077.3122,2110.17,2107.16,2240.01,2190.0,2190.2,2284.99
2026-04-11T00:00:00,70351.46,72761.0,72857.0,73145.0,73434.0,73790.0,68300.0,67732.01,70707.23,70466.0,71426.15,72513.09,20281.61044,23750.49661,19802.68627,18158.42159,17372.63288,9070.94374,4695523,4871706,3843988,3773025,3176308,1472041,10149.79257,12465.18271,9570.20189,9604.31771,8819.74841,4673.47605,68853.66,71924.22,71069.93,71787.97,72962.7,73043.16,54.64,55.74,55.59,55.28,55.52,55.71,53.2,52.91,53.89,53.62,54.23,54.35,251244.43,313030.401,262118.262,248302.357,227586.41,181747.445,116245,153619,117516,118079,111160,84794,121886.022,151630.93,127241.579,123095.902,112640.857,87231.945,53.53,55.36,53.95,54.55,54.96,55.06,2174.79,2273.87,2270.55,2246.0,2257.99,2329.93,2087.5,2060.24,2179.78,2157.31,2176.1,2229.0,356054.2894,460094.8093,404717.6321,275317.9503,272899.0858,214785.4039,5330366,5189711,4339985,3756386,2929213,1929651,180414.5093,239252.9777,190983.3243,135540.5413,132077.3122,107238.9877,2107.16,2240.01,2190.0,2190.2,2245.05,2191.65
2026-04-12T00:00:00,72761.0,72857.0,73145.0,73434.0,73790.0,73137.24,67732.01,70707.23,70466.0,71426.15,72513.09,70505.88,23750.49661,19802.68627,18158.42159,17372.63288,9070.94374,13472.46801,4871706,3843988,3773025,3176308,1472041,2068779,12465.18271,9570.20189,9604.31771,8819.74841,4673.47605,6326.31289,71924.22,71069.93,71787.97,72962.7,73043.16,70740.98,55.74,55.59,55.28,55.52,55.71,55.06,52.91,53.89,53.62,54.23,54.35,53.36,313030.401,262118.262,248302.357,227586.41,181747.445,208716.671,153619,117516,118079,111160,84794,103682,151630.93,127241.579,123095.902,112640.857,87231.945,96694.546,55.36,53.95,54.55,54.96,55.06,53.48,2273.87,2270.55,2246.0,2257.99,2329.93,2288.57,2060.24,2179.78,2157.31,2176.1,2229.0,2175.0,460094.8093,404717.6321,275317.9503,272899.0858,214785.4039,258156.8821,5189711,4339985,3756386,2929213,1929651,2575808,239252.9777,190983.3243,135540.5413,132077.3122,107238.9877,125658.2437,2240.01,2190.0,2190.2,2245.05,2284.99,2369.46
2026-04-13T00:00:00,72857.0,73145.0,73434.0,73790.0,73137.24,74900.0,70707.23,70466.0,71426.15,72513.09,70505.88,70566.99,19802.68627,18158.42159,17372.63288,9070.94374,13472.46801,24230.21625,3843988,3773025,3176308,1472041,2068779,3673539,9570.20189,9604.31771,8819.74841,4673.47605,6326.31289,12639.79905,71069.93,71787.97,72962.7,73043.16,70740.98,74417.99,55.59,55.28,55.52,55.71,55.06,54.76,53.89,53.62,54.23,54.35,53.36,52.66,262118.262,248302.357,227586.41,181747.445,208716.671,330733.726,117516,118079,111160,84794,103682,140451,127241.579,123095.902,112640.857,87231.945,96694.546,167332.906,53.95,54.55,54.96,55.06,53.48,54.62,2270.55,2246.0,2257.99,2329.93,2288.57,2394.71,2179.78,2157.31,2176.1,2229.0,2175.0,2175.68,404717.6321,275317.9503,272899.0858,214785.4039,258156.8821,453870.8292,4339985,3756386,2929213,1929651,2575808,4527557,190983.3243,135540.5413,132077.3122,107238.9877,125658.2437,234599.9045,2190.0,2190.2,2245.05,2284.99,2191.65,2322.44
2026-04-14T00:00:00,73145.0,73434.0,73790.0,73137.24,74900.0,76038.0,70466.0,71426.15,72513.09,70505.88,70566.99,73795.47,18158.42159,17372.63288,9070.94374,13472.46801,24230.21625,26532.94456,3773025,3176308,1472041,2068779,3673539,4033448,9604.31771,8819.74841,4673.47605,6326.31289,12639.79905,13313.88956,71787.97,72962.7,73043.16,70740.98,74417.99,74131.55,55.28,55.52,55.71,55.06,54.76,55.27,53.62,54.23,54.35,53.36,52.66,54.01,248302.357,227586.41,181747.445,208716.671,330733.726,323202.379,118079,111160,84794,103682,140451,133440,123095.902,112640.857,87231.945,96694.546,167332.906,152700.859,54.55,54.96,55.06,53.48,54.62,54.28,2246.0,2257.99,2329.93,2288.57,2394.71,2415.5,2157.31,2176.1,2229.0,2175.0,2175.68,2302.9,275317.9503,272899.0858,214785.4039,258156.8821,453870.8292,460107.3841,3756386,2929213,1929651,2575808,4527557,3689565,135540.5413,132077.3122,107238.9877,125658.2437,234599.9045,226148.4763,2190.2,2245.05,2284.99,2191.65,2369.46,2359.95
2026-04-15T00:00:00,73434.0,73790.0,73137.24,74900.0,76038.0,75425.0,71426.15,72513.09,70505.88,70566.99,73795.47,73514.0,17372.63288,9070.94374,13472.46801,24230.21625,26532.94456,14425.04167,3176308,1472041,2068779,3673539,4033448,3187792,8819.74841,4673.47605,6326.31289,12639.79905,13313.88956,7014.01981,72962.7,73043.16,70740.98,74417.99,74131.55,74809.99,55.52,55.71,55.06,54.76,55.27,55.65,54.23,54.35,53.36,52.66,54.01,53.78,227586.41,181747.445,208716.671,330733.726,323202.379,261668.064,111160,84794,103682,140451,133440,121677,112640.857,87231.945,96694.546,167332.906,152700.859,131793.619,54.96,55.06,53.48,54.62,54.28,55.15,2257.99,2329.93,2288.57,2394.71,2415.5,2385.61,2176.1,2229.0,2175.0,2175.68,2302.9,2308.5,272899.0858,214785.4039,258156.8821,453870.8292,460107.3841,268190.6377,2929213,1929651,2575808,4527557,3689565,3232871,132077.3122,107238.9877,125658.2437,234599.9045,226148.4763,126442.7153,2245.05,2284.99,2191.65,2369.46,2322.44,2348.17
2026-04-16T00:00:00,73790.0,73137.24,74900.0,76038.0,75425.0,75534.76,72513.09,70505.88,70566.99,73795.47,73514.0,73309.85,9070.94374,13472.46801,24230.21625,26532.94456,14425.04167,17088.68777,1472041,2068779,3673539,4033448,3187792,3581890,4673.47605,6326.31289,12639.79905,13313.88956,7014.01981,8601.69794,73043.16,70740.98,74417.99,74131.55,74809.99,75154.29,55.71,55.06,54.76,55.27,55.65,56.61,54.35,53.36,52.66,54.01,53.78,54.59,181747.445,208716.671,330733.726,323202.379,261668.064,329669.004,84794,103682,140451,133440,121677,176731,87231.945,96694.546,167332.906,152700.859,131793.619,168825.375,55.06,53.48,54.62,54.28,55.15,56.36,2329.93,2288.57,2394.71,2415.5,2385.61,2369.59,2229.0,2175.0,2175.68,2302.9,2308.5,2285.1,214785.4039,258156.8821,453870.8292,460107.3841,268190.6377,328960.9377,1929651,2575808,4527557,3689565,3232871,3793210,107238.9877,125658.2437,234599.9045,226148.4763,126442.7153,155922.2439,2284.99,2191.65,2369.46,2322.44,2359.95,2419.0
2026-04-17T00:00:00,73137.24,74900.0,76038.0,75425.0,75534.76,78333.0,70505.88,70566.99,73795.47,73514.0,73309.85,74529.4,13472.46801,24230.21625,26532.94456,14425.04167,17088.68777,25941.36694,2068779,3673539,4033448,3187792,3581890,4931167,6326.31289,12639.79905,13313.88956,7014.01981,8601.69794,14435.4773,70740.98,74417.99,74131.55,74809.99,75154.29,77072.0,55.06,54.76,55.27,55.65,56.61,57.42,53.36,52.66,54.01,53.78,54.59,55.34,208716.671,330733.726,323202.379,261668.064,329669.004,340755.368,103682,140451,133440,121677,176731,173098,96694.546,167332.906,152700.859,131793.619,168825.375,175007.746,53.48,54.62,54.28,55.15,56.36,56.39,2288.57,2394.71,2415.5,2385.61,2369.59,2464.91,2175.0,2175.68,2302.9,2308.5,2285.1,2317.43,258156.8821,453870.8292,460107.3841,268190.6377,328960.9377,491731.3615,2575808,4527557,3689565,3232871,3793210,4541654,125658.2437,234599.9045,226148.4763,126442.7153,155922.2439,252564.9694,2191.65,2369.46,2322.44,2359.95,2348.17,2350.32
2026-04-18T00:00:00,74900.0,76038.0,75425.0,75534.76,78333.0,77420.08,70566.99,73795.47,73514.0,73309.85,74529.4,75445.16,24230.21625,26532.94456,14425.04167,17088.68777,25941.36694,9141.84456,3673539,4033448,3187792,3581890,4931167,1941112,12639.79905,13313.88956,7014.01981,8601.69794,14435.4773,4333.78362,74417.99,74131.55,74809.99,75154.29,77072.0,75691.76,54.76,55.27,55.65,56.61,57.42,56.66,52.66,54.01,53.78,54.59,55.34,55.24,330733.726,323202.379,261668.064,329669.004,340755.368,230684.754,140451,133440,121677,176731,173098,123389,167332.906,152700.859,131793.619,168825.375,175007.746,105372.968,54.62,54.28,55.15,56.36,56.39,55.65,2394.71,2415.5,2385.61,2369.59,2464.91,2427.64,2175.68,2302.9,2308.5,2285.1,2317.43,2339.92,453870.8292,460107.3841,268190.6377,328960.9377,491731.3615,221741.3888,4527557,3689565,3232871,3793210,4541654,2045925,234599.9045,226148.4763,126442.7153,155922.2439,252564.9694,98727.0694,2369.46,2322.44,2359.95,2348.17,2419.0,2263.27
2026-04-19T00:00:00,76038.0,75425.0,75534.76,78333.0,77420.08,76240.66,73795.47,73514.0,73309.85,74529.4,75445.16,73762.9,26532.94456,14425.04167,17088.68777,25941.36694,9141.84456,11369.82232,4033448,3187792,3581890,4931167,1941112,2739751,13313.88956,7014.01981,8601.69794,14435.4773,4333.78362,5458.61875,74131.55,74809.99,75154.29,77072.0,75691.76,73801.79,55.27,55.65,56.61,57.42,56.66,55.82,54.01,53.78,54.59,55.34,55.24,53.91,323202.379,261668.064,329669.004,340755.368,230684.754,228336.314,133440,121677,176731,173098,123389,130120,152700.859,131793.619,168825.375,175007.746,105372.968,104072.897,54.28,55.15,56.36,56.39,55.65,54.06,2415.5,2385.61,2369.59,2464.91,2427.64,2355.3,2302.9,2308.5,2285.1,2317.43,2339.92,2252.72,460107.3841,268190.6377,328960.9377,491731.3615,221741.3888,256086.8276,3689565,3232871,3793210,4541654,2045925,2728260,226148.4763,126442.7153,155922.2439,252564.9694,98727.0694,119800.9019,2322.44,2359.95,2348.17,2419.0,2350.32,2313.85
2026-04-20T00:00:00,75425.0,75534.76,78333.0,77420.08,76240.66,76558.62,73514.0,73309.85,74529.4,75445.16,73762.9,73724.31,14425.04167,17088.68777,25941.36694,9141.84456,11369.82232,16993.41034,3187792,3581890,4931167,1941112,2739751,3563591,7014.01981,8601.69794,14435.4773,4333.78362,5458.61875,8812.70109,74809.99,75154.29,77072.0,75691.76,73801.79,75840.97,55.65,56.61,57.42,56.66,55.82,55.44,53.78,54.59,55.34,55.24,53.91,53.99,261668.064,329669.004,340755.368,230684.754,228336.314,265247.0,121677,176731,173098,123389,130120,133272,131793.619,168825.375,175007.746,105372.968,104072.897,138629.401,55.15,56.36,56.39,55.65,54.06,55.03,2385.61,2369.59,2464.91,2427.64,2355.3,2346.78,2308.5,2285.1,2317.43,2339.92,2252.72,2259.67,268190.6377,328960.9377,491731.3615,221741.3888,256086.8276,301000.0659,3232871,3793210,4541654,2045925,2728260,3751621,126442.7153,155922.2439,252564.9694,98727.0694,119800.9019,149027.6285,2359.95,2348.17,2419.0,2350.32,2263.27,2327.14
2026-04-21T00:00:00,75534.76,78333.0,77420.08,76240.66,76558.62,76927.57,73309.85,74529.4,75445.16,73762.9,73724.31,74821.57,17088.68777,25941.36694,9141.84456,11369.82232,16993.41034,14912.57132,3581890,4931167,1941112,2739751,3563591,3616213,8601.69794,14435.4773,4333.78362,5458.61875,8812.70109,7672.96288,75154.29,77072.0,75691.76,73801.79,75840.97,76336.15,56.61,57.42,56.66,55.82,55.44,55.88,54.59,55.34,55.24,53.91,53.99,54.67,329669.004,340755.368,230684.754,228336.314,265247.0,253718.736,176731,173098,123389,130120,133272,127262,168825.375,175007.746,105372.968,104072.897,138629.401,132180.255,56.36,56.39,55.65,54.06,55.03,55.57,2369.59,2464.91,2427.64,2355.3,2346.78,2338.75,2285.1,2317.43,2339.92,2252.72,2259.67,2284.19,328960.9377,491731.3615,221741.3888,256086.8276,301000.0659,226645.977,3793210,4541654,2045925,2728260,3751621,3398934,155922.2439,252564.9694,98727.0694,119800.9019,149027.6285,108621.4578,2348.17,2419.0,2350.32,2263.27,2313.85,2374.07
2026-04-22T00:00:00,78333.0,77420.08,76240.66,76558.62,76927.57,79472.82,74529.4,75445.16,73762.9,73724.31,74821.57,76132.95,25941.36694,9141.84456,11369.82232,16993.41034,14912.57132,19737.51225,4931167,1941112,2739751,3563591,3616213,3757077,14435.4773,4333.78362,5458.61875,8812.70109,7672.96288,10376.12434,77072.0,75691.76,73801.79,75840.97,76336.15,78178.23,57.42,56.66,55.82,55.44,55.88,56.55,55.34,55.24,53.91,53.99,54.67,55.48,340755.368,230684.754,228336.314,265247.0,253718.736,267526.056,173098,123389,130120,133272,127262,126136,175007.746,105372.968,104072.897,138629.401,132180.255,134842.015,56.39,55.65,54.06,55.03,55.57,55.49,2464.91,2427.64,2355.3,2346.78,2338.75,2423.75,2317.43,2339.92,2252.72,2259.67,2284.19,2312.95,491731.3615,221741.3888,256086.8276,301000.0659,226645.977,379707.1259,4541654,2045925,2728260,3751621,3398934,4230243,252564.9694,98727.0694,119800.9019,149027.6285,108621.4578,191758.2678,2419.0,2350.32,2263.27,2313.85,2327.14,2330.26
2026-04-23T00:00:00,77420.08,76240.66,76558.62,76927.57,79472.82,78662.5,75445.16,73762.9,73724.31,74821.57,76132.95,76960.0,9141.84456,11369.82232,16993.41034,14912.57132,19737.51225,16970.79501,1941112,2739751,3563591,3616213,3757077,3571796,4333.78362,5458.61875,8812.70109,7672.96288,10376.12434,7760.75572,75691.76,73801.79,75840.97,76336.15,78178.23,78257.48,56.66,55.82,55.44,55.88,56.55,56.23,55.24,53.91,53.99,54.67,55.48,54.9,230684.754,228336.314,265247.0,253718.736,267526.056,233231.953,123389,130120,133272,127262,126136,139554,105372.968,104072.897,138629.401,132180.255,134842.015,109367.704,55.65,54.06,55.03,55.57,55.49,56.21,2427.64,2355.3,2346.78,2338.75,2423.75,2382.0,2339.92,2252.72,2259.67,2284.19,2312.95,2285.42,221741.3888,256086.8276,301000.0659,226645.977,379707.1259,356645.6923,2045925,2728260,3751621,3398934,4230243,4079579,98727.0694,119800.9019,149027.6285,108621.4578,191758.2678,169637.8993,2350.32,2263.27,2313.85,2327.14,2374.07,2314.99
2026-04-24T00:00:00,76240.66,76558.62,76927.57,79472.82,78662.5,78581.93,73762.9,73724.31,74821.57,76132.95,76960.0,77264.08,11369.82232,16993.41034,14912.57132,19737.51225,16970.79501,12675.14315,2739751,3563591,3616213,3757077,3571796,2581973,5458.61875,8812.70109,7672.96288,10376.12434,7760.75572,6148.06393,73801.79,75840.97,76336.15,78178.23,78257.48,77437.13,55.82,55.44,55.88,56.55,56.23,56.76,53.91,53.99,54.67,55.48,54.9,55.75,228336.314,265247.0,253718.736,267526.056,233231.953,233846.698,130120,133272,127262,126136,139554,102714,104072.897,138629.401,132180.255,134842.015,109367.704,118593.618,54.06,55.03,55.57,55.49,56.21,56.54,2355.3,2346.78,2338.75,2423.75,2382.0,2337.5,2252.72,2259.67,2284.19,2312.95,2285.42,2300.22,256086.8276,301000.0659,226645.977,379707.1259,356645.6923,183887.6181,2728260,3751621,3398934,4230243,4079579,2413824,119800.9019,149027.6285,108621.4578,191758.2678,169637.8993,88184.8381,2263.27,2313.85,2327.14,2374.07,2330.26,2319.5
2026-04-25T00:00:00,76558.62,76927.57,79472.82,78662.5,78581.93,77885.35,73724.31,74821.57,76132.95,76960.0,77264.08,77140.23,16993.41034,14912.57132,19737.51225,16970.79501,12675.14315,5685.1142,3563591,3616213,3757077,3571796,2581973,806542,8812.70109,7672.96288,10376.12434,7760.75572,6148.06393,2999.85355,75840.97,76336.15,78178.23,78257.48,77437.13,77625.0,55.44,55.88,56.55,56.23,56.76,56.72,53.99,54.67,55.48,54.9,55.75,55.91,265247.0,253718.736,267526.056,233231.953,233846.698,141641.823,133272,127262,126136,139554,102714,69859,138629.401,132180.255,134842.015,109367.704,118593.618,69247.774,55.03,55.57,55.49,56.21,56.54,56.05,2346.78,2338.75,2423.75,2382.0,2337.5,2323.21,2259.67,2284.19,2312.95,2285.42,2300.22,2300.55,301000.0659,226645.977,379707.1259,356645.6923,183887.6181,68139.2191,3751621,3398934,4230243,4079579,2413824,658757,149027.6285,108621.4578,191758.2678,169637.8993,88184.8381,33589.8529,2313.85,2327.14,2374.07,2330.26,2314.99,2369.44
2026-04-26T00:00:00,76927.57,79472.82,78662.5,78581.93,77885.35,78961.0,74821.57,76132.95,76960.0,77264.08,77140.23,77326.51,14912.57132,19737.51225,16970.79501,12675.14315,5685.1142,7963.56162,3616213,3757077,3571796,2581973,806542,1476971,7672.96288,10376.12434,7760.75572,6148.06393,2999.85355,3981.86566,76336.15,78178.23,78257.48,77437.13,77625.0,78657.55,55.88,56.55,56.23,56.76,56.72,56.48,54.67,55.48,54.9,55.75,55.91,55.75,253718.736,267526.056,233231.953,233846.698,141641.823,151412.239,127262,126136,139554,102714,69859,74315,132180.255,134842.015,109367.704,118593.618,69247.774,74747.712,55.57,55.49,56.21,56.54,56.05,56.28,2338.75,2423.75,2382.0,2337.5,2323.21,2380.0,2284.19,2312.95,2285.42,2300.22,2300.55,2306.72,226645.977,379707.1259,356645.6923,183887.6181,68139.2191,154591.6219,3398934,4230243,4079579,2413824,658757,1508570,108621.4578,191758.2678,169637.8993,88184.8381,33589.8529,76876.1717,2327.14,2374.07,2330.26,2314.99,2319.5,2303.67
2026-04-27T00:00:00,79472.82,78662.5,78581.93,77885.35,78961.0,79485.66,76132.95,76960.0,77264.08,77140.23,77326.51,76459.64,19737.51225,16970.79501,12675.14315,5685.1142,7963.56162,16046.92418,3757077,3571796,2581973,806542,1476971,2982889,10376.12434,7760.75572,6148.06393,2999.85355,3981.86566,7712.53219,78178.23,78257.48,77437.13,77625.0,78657.55,77371.32,56.55,56.23,56.76,56.72,56.48,56.8,55.48,54.9,55.75,55.91,55.75,54.95,267526.056,233231.953,233846.698,141641.823,151412.239,255326.831,126136,139554,102714,69859,74315,122144,134842.015,109367.704,118593.618,69247.774,74747.712,122908.03,55.49,56.21,56.54,56.05,56.28,55.57,2423.75,2382.0,2337.5,2323.21,2380.0,2404.37,2312.95,2285.42,2300.22,2300.55,2306.72,2266.09,379707.1259,356645.6923,183887.6181,68139.2191,154591.6219,300363.8586,4230243,4079579,2413824,658757,1508570,3192282,191758.2678,169637.8993,88184.8381,33589.8529,76876.1717,143798.2975,2374.07,2330.26,2314.99,2319.5,2369.44,2289.42
2026-04-28T00:00:00,78662.5,78581.93,77885.35,78961.0,79485.66,77478.0,76960.0,77264.08,77140.23,77326.51,76459.64,75666.6,16970.79501,12675.14315,5685.1142,7963.56162,16046.92418,13210.72383,3571796,2581973,806542,1476971,2982889,2352446,7760.75572,6148.06393,2999.85355,3981.86566,7712.53219,6518.95469,78257.48,77437.13,77625.0,78657.55,77371.32,76342.77,56.23,56.76,56.72,56.48,56.8,55.79,54.9,55.75,55.91,55.75,54.95,54.67,233231.953,233846.698,141641.823,151412.239,255326.831,182047.015,139554,102714,69859,74315,122144,84905,109367.704,118593.618,69247.774,74747.712,122908.03,83481.022,56.21,56.54,56.05,56.28,55.57,55.71,2382.0,2337.5,2323.21,2380.0,2404.37,2310.88,2285.42,2300.22,2300.55,2306.72,2266.09,2258.24,356645.6923,183887.6181,68139.2191,154591.6219,300363.8586,187932.2201,4079579,2413824,658757,1508570,3192282,2346992,169637.8993,88184.8381,33589.8529,76876.1717,143798.2975,94578.0797,2330.26,2314.99,2319.5,2369.44,2303.67,2252.9
2026-04-29T00:00:00,78581.93,77885.35,78961.0,79485.66,77478.0,77904.93,77264.08,77140.23,77326.51,76459.64,75666.6,74937.52,12675.14315,5685.1142,7963.56162,16046.92418,13210.72383,18279.93022,2581973,806542,1476971,2982889,2352446,3032890,6148.06393,2999.85355,3981.86566,7712.53219,6518.95469,9680.02112,77437.13,77625.0,78657.55,77371.32,76342.77,75780.0,56.76,56.72,56.48,56.8,55.79,57.71,55.75,55.91,55.75,54.95,54.67,54.35,233846.698,141641.823,151412.239,255326.831,182047.015,407969.758,102714,69859,74315,122144,84905,188804,118593.618,69247.774,74747.712,122908.03,83481.022,191589.136,56.54,56.05,56.28,55.57,55.71,55.32,2337.5,2323.21,2380.0,2404.37,2310.88,2346.95,2300.22,2300.55,2306.72,2266.09,2258.24,2220.36,183887.6181,68139.2191,154591.6219,300363.8586,187932.2201,355078.1015,2413824,658757,1508570,3192282,2346992,3588292,88184.8381,33589.8529,76876.1717,143798.2975,94578.0797,178999.8027,2314.99,2319.5,2369.44,2303.67,2289.42,2257.51
2026-04-30T00:00:00,77885.35,78961.0,79485.66,77478.0,77904.93,76669.14,77140.23,77326.51,76459.64,75666.6,74937.52,75323.65,5685.1142,7963.56162,16046.92418,13210.72383,18279.93022,10381.81607,806542,1476971,2982889,2352446,3032890,2569480,2999.85355,3981.86566,7712.53219,6518.95469,9680.02112,5585.19124,77625.0,78657.55,77371.32,76342.77,75780.0,76346.57,56.72,56.48,56.8,55.79,57.71,55.99,55.91,55.75,54.95,54.67,54.35,54.93,141641.823,151412.239,255326.831,182047.015,407969.758,195777.274,69859,74315,122144,84905,188804,106126,69247.774,74747.712,122908.03,83481.022,191589.136,90877.519,56.05,56.28,55.57,55.71,55.32,55.19,2323.21,2380.0,2404.37,2310.88,2346.95,2279.0,2300.55,2306.72,2266.09,2258.24,2220.36,2231.64,68139.2191,154591.6219,300363.8586,187932.2201,355078.1015,167194.2776,658757,1508570,3192282,2346992,3588292,2649837,33589.8529,76876.1717,143798.2975,94578.0797,178999.8027,83993.1124,2319.5,2369.44,2303.67,2289.42,2252.9,2295.63
2026-05-01T00:00:00,78961.0,79485.66,77478.0,77904.93,76669.14,78914.12,77326.51,76459.64,75666.6,74937.52,75323.65,76320.42,7963.56162,16046.92418,13210.72383,18279.93022,10381.81607,17315.46502,1476971,2982889,2352446,3032890,2569480,2388458,3981.86566,7712.53219,6518.95469,9680.02112,5585.19124,8322.98012,78657.55,77371.32,76342.77,75780.0,76346.57,78231.13,56.48,56.8,55.79,57.71,55.99,56.03,55.75,54.95,54.67,54.35,54.93,54.9,151412.239,255326.831,182047.015,407969.758,195777.274,249857.345,74315,122144,84905,188804,106126,108255,74747.712,122908.03,83481.022,191589.136,90877.519,125614.962,56.28,55.57,55.71,55.32,55.19,55.4,2380.0,2404.37,2310.88,2346.95,2279.0,2325.28,2306.72,2266.09,2258.24,2220.36,2231.64,2257.21,154591.6219,300363.8586,187932.2201,355078.1015,167194.2776,191082.555,1508570,3192282,2346992,3588292,2649837,1805481,76876.1717,143798.2975,94578.0797,178999.8027,83993.1124,89533.7329,2369.44,2303.67,2289.42,2252.9,2257.51,2316.97
2026-05-02T00:00:00,79485.66,77478.0,77904.93,76669.14,78914.12,79199.48,76459.64,75666.6,74937.52,75323.65,76320.42,78040.0,16046.92418,13210.72383,18279.93022,10381.81607,17315.46502,6150.87642,2982889,2352446,3032890,2569480,2388458,936143,7712.53219,6518.95469,9680.02112,5585.19124,8322.98012,3297.03958,77371.32,76342.77,75780.0,76346.57,78231.13,78686.85,56.8,55.79,57.71,55.99,56.03,55.71,54.95,54.67,54.35,54.93,54.9,55.05,255326.831,182047.015,407969.758,195777.274,249857.345,166093.453,122144,84905,188804,106126,108255,72397,122908.03,83481.022,191589.136,90877.519,125614.962,77576.386,55.57,55.71,55.32,55.19,55.4,55.39,2404.37,2310.88,2346.95,2279.0,2325.28,2343.6,2266.09,2258.24,2220.36,2231.64,2257.21,2292.91,300363.8586,187932.2201,355078.1015,167194.2776,191082.555,85588.4724,3192282,2346992,3588292,2649837,1805481,870699,143798.2975,94578.0797,178999.8027,83993.1124,89533.7329,45662.7959,2303.67,2289.42,2252.9,2257.51,2295.63,2322.65
2026-05-03T00:00:00,77478.0,77904.93,76669.14,78914.12,79199.48,79447.0,75666.6,74937.52,75323.65,76320.42,78040.0,78084.08,13210.72383,18279.93022,10381.81607,17315.46502,6150.87642,7425.7929,2352446,3032890,2569480,2388458,936143,1352474,6518.95469,9680.02112,5585.19124,8322.98012,3297.03958,3464.91412,76342.77,75780.0,76346.57,78231.13,78686.85,78568.57,55.79,57.71,55.99,56.03,55.71,55.76,54.67,54.35,54.93,54.9,55.05,54.84,182047.015,407969.758,195777.274,249857.345,166093.453,155415.526,84905,188804,106126,108255,72397,78735,83481.022,191589.136,90877.519,125614.962,77576.386,72037.356,55.71,55.32,55.19,55.4,55.39,55.29,2310.88,2346.95,2279.0,2325.28,2343.6,2356.92,2258.24,2220.36,2231.64,2257.21,2292.91,2297.59,187932.2201,355078.1015,167194.2776,191082.555,85588.4724,151074.4342,2346992,3588292,2649837,1805481,870699,1374290,94578.0797,178999.8027,83993.1124,89533.7329,45662.7959,74492.1738,2289.42,2252.9,2257.51,2295.63,2316.97,2347.16
2026-05-04T00:00:00,77904.93,76669.14,78914.12,79199.48,79447.0,80776.99,74937.52,75323.65,76320.42,78040.0,78084.08,78202.0,18279.93022,10381.81607,17315.46502,6150.87642,7425.7929,26042.96135,3032890,2569480,2388458,936143,1352474,3734604,9680.02112,5585.19124,8322.98012,3297.03958,3464.91412,13351.64548,75780.0,76346.57,78231.13,78686.85,78568.57,79861.01,57.71,55.99,56.03,55.71,55.76,56.43,54.35,54.93,54.9,55.05,54.84,54.9,407969.758,195777.274,249857.345,166093.453,155415.526,427752.647,188804,106126,108255,72397,78735,158136,191589.136,90877.519,125614.962,77576.386,72037.356,205289.652,55.32,55.19,55.4,55.39,55.29,54.96,2346.95,2279.0,2325.28,2343.6,2356.92,2398.93,2220.36,2231.64,2257.21,2292.91,2297.59,2309.24,355078.1015,167194.2776,191082.555,85588.4724,151074.4342,453020.7985,3588292,2649837,1805481,870699,1374290,4137093,178999.8027,83993.1124,89533.7329,45662.7959,74492.1738,220556.484,2252.9,2257.51,2295.63,2316.97,2322.65,2360.77
2026-05-05T00:00:00,76669.14,78914.12,79199.48,79447.0,80776.99,81791.48,75323.65,76320.42,78040.0,78084.08,78202.0,79808.72,10381.81607,17315.46502,6150.87642,7425.7929,26042.96135,16947.17995,2569480,2388458,936143,1352474,3734604,2490930,5585.19124,8322.98012,3297.03958,3464.91412,13351.64548,8628.14977,76346.57,78231.13,78686.85,78568.57,79861.01,80905.52,55.99,56.03,55.71,55.76,56.43,56.61,54.93,54.9,55.05,54.84,54.9,54.76,195777.274,249857.345,166093.453,155415.526,427752.647,348454.566,106126,108255,72397,78735,158136,114282,90877.519,125614.962,77576.386,72037.356,205289.652,168851.227,55.19,55.4,55.39,55.29,54.96,56.34,2279.0,2325.28,2343.6,2356.92,2398.93,2399.5,2231.64,2257.21,2292.91,2297.59,2309.24,2344.93,167194.2776,191082.555,85588.4724,151074.4342,453020.7985,286636.7312,2649837,1805481,870699,1374290,4137093,2512190,83993.1124,89533.7329,45662.7959,74492.1738,220556.484,139328.0697,2257.51,2295.63,2316.97,2322.65,2347.16,2350.84
2026-05-06T00:00:00,78914.12,79199.48,79447.0,80776.99,81791.48,82850.0,76320.42,78040.0,78084.08,78202.0,79808.72,80731.14,17315.46502,6150.87642,7425.7929,26042.96135,16947.17995,18798.77396,2388458,936143,1352474,3734604,2490930,2794707,8322.98012,3297.03958,3464.91412,13351.64548,8628.14977,9976.68805,78231.13,78686.85,78568.57,79861.01,80905.52,81447.01,56.03,55.71,55.76,56.43,56.61,57.93,54.9,55.05,54.84,54.9,54.76,56.08,249857.345,166093.453,155415.526,427752.647,348454.566,382538.839,108255,72397,78735,158136,114282,164697,125614.962,77576.386,72037.356,205289.652,168851.227,180533.283,55.4,55.39,55.29,54.96,56.34,56.73,2325.28,2343.6,2356.92,2398.93,2399.5,2423.74,2257.21,2292.91,2297.59,2309.24,2344.93,2338.0,191082.555,85588.4724,151074.4342,453020.7985,286636.7312,420667.3161,1805481,870699,1374290,4137093,2512190,3062625,89533.7329,45662.7959,74492.1738,220556.484,139328.0697,193007.5534,2295.63,2316.97,2322.65,2347.16,2360.77,2291.06
2026-05-07T00:00:00,79199.48,79447.0,80776.99,81791.48,82850.0,81708.32,78040.0,78084.08,78202.0,79808.72,80731.14,79500.0,6150.87642,7425.7929,26042.96135,16947.17995,18798.77396,16154.80338,936143,1352474,3734604,2490930,2794707,2540329,3297.03958,3464.91412,13351.64548,8628.14977,9976.68805,7625.14879,78686.85,78568.57,79861.01,80905.52,81447.01,80006.0,55.71,55.76,56.43,56.61,57.93,57.4,55.05,54.84,54.9,54.76,56.08,56.05,166093.453,155415.526,427752.647,348454.566,382538.839,307147.728,72397,78735,158136,114282,164697,148023,77576.386,72037.356,205289.652,168851.227,180533.283,129627.414,55.39,55.29,54.96,56.34,56.73,56.42,2343.6,2356.92,2398.93,2399.5,2423.74,2352.3,2292.91,2297.59,2309.24,2344.93,2338.0,2280.1,85588.4724,151074.4342,453020.7985,286636.7312,420667.3161,469521.9378,870699,1374290,4137093,2512190,3062625,3191083,45662.7959,74492.1738,220556.484,139328.0697,193007.5534,177521.5123,2316.97,2322.65,2347.16,2360.77,2350.84,2307.06
2026-05-08T00:00:00,79447.0,80776.99,81791.48,82850.0,81708.32,80500.0,78084.08,78202.0,79808.72,80731.14,79500.0,79181.48,7425.7929,26042.96135,16947.17995,18798.77396,16154.80338,16001.31009,1352474,3734604,2490930,2794707,2540329,2265372,3464.91412,13351.64548,8628.14977,9976.68805,7625.14879,8328.38654,78568.57,79861.01,80905.52,81447.01,80006.0,80193.17,55.76,56.43,56.61,57.93,57.4,58.99,54.84,54.9,54.76,56.08,56.05,56.06,155415.526,427752.647,348454.566,382538.839,307147.728,336466.293,78735,158136,114282,164697,148023,156984,72037.356,205289.652,168851.227,180533.283,129627.414,162958.694,55.29,54.96,56.34,56.73,56.42,58.32,2356.92,2398.93,2399.5,2423.74,2352.3,2321.22,2297.59,2309.24,2344.93,2338.0,2280.1,2265.61,151074.4342,453020.7985,286636.7312,420667.3161,469521.9378,421035.1582,1374290,4137093,2512190,3062625,3191083,2568056,74492.1738,220556.484,139328.0697,193007.5534,177521.5123,164773.9995,2322.65,2347.16,2360.77,2350.84,2291.06,2326.44
2026-05-09T00:00:00,80776.99,81791.48,82850.0,81708.32,80500.0,81080.0,78202.0,79808.72,80731.14,79500.0,79181.48,80129.85,26042.96135,16947.17995,18798.77396,16154.80338,16001.31009,7548.42177,3734604,2490930,2794707,2540329,2265372,1002373,13351.64548,8628.14977,9976.68805,7625.14879,8328.38654,4032.72566,79861.01,80905.52,81447.01,80006.0,80193.17,80678.4,56.43,56.61,57.93,57.4,58.99,59.14,54.9,54.76,56.08,56.05,56.06,57.62,427752.647,348454.566,382538.839,307147.728,336466.293,242074.69,158136,114282,164697,148023,156984,115995,205289.652,168851.227,180533.283,129627.414,162958.694,120797.038,54.96,56.34,56.73,56.42,58.32,58.0,2398.93,2399.5,2423.74,2352.3,2321.22,2338.37,2309.24,2344.93,2338.0,2280.1,2265.61,2300.0,453020.7985,286636.7312,420667.3161,469521.9378,421035.1582,230431.157,4137093,2512190,3062625,3191083,2568056,1248625,220556.484,139328.0697,193007.5534,177521.5123,164773.9995,90960.5803,2347.16,2360.77,2350.84,2291.06,2307.06,2371.27
2026-05-10T00:00:00,81791.48,82850.0,81708.32,80500.0,81080.0,82479.32,79808.72,80731.14,79500.0,79181.48,80129.85,80279.77,16947.17995,18798.77396,16154.80338,16001.31009,7548.42177,12034.31882,2490930,2794707,2540329,2265372,1002373,1801608,8628.14977,9976.68805,7625.14879,8328.38654,4032.72566,6395.8966,80905.52,81447.01,80006.0,80193.17,80678.4,82210.07,56.61,57.93,57.4,58.99,59.14,60.61,54.76,56.08,56.05,56.06,57.62,57.66,348454.566,382538.839,307147.728,336466.293,242074.69,343635.287,114282,164697,148023,156984,115995,182187,168851.227,180533.283,129627.414,162958.694,120797.038,175245.893,56.34,56.73,56.42,58.32,58.0,60.43,2399.5,2423.74,2352.3,2321.22,2338.37,2382.53,2344.93,2338.0,2280.1,2265.61,2300.0,2311.83,286636.7312,420667.3161,469521.9378,421035.1582,230431.157,398122.8623,2512190,3062625,3191083,2568056,1248625,2272749,139328.0697,193007.5534,177521.5123,164773.9995,90960.5803,219121.332,2360.77,2350.84,2291.06,2307.06,2326.44,2339.87
2026-05-11T00:00:00,82850.0,81708.32,80500.0,81080.0,82479.32,82380.0,80731.14,79500.0,79181.48,80129.85,80279.77,80462.97,18798.77396,16154.80338,16001.31009,7548.42177,12034.31882,12951.76056,2794707,2540329,2265372,1002373,1801608,2576396,9976.68805,7625.14879,8328.38654,4032.72566,6395.8966,6132.37349,81447.01,80006.0,80193.17,80678.4,82210.07,81745.65,57.93,57.4,58.99,59.14,60.61,60.59,56.08,56.05,56.06,57.62,57.66,58.06,382538.839,307147.728,336466.293,242074.69,343635.287,329617.12,164697,148023,156984,115995,182187,189558,180533.283,129627.414,162958.694,120797.038,175245.893,161317.661,56.73,56.42,58.32,58.0,60.43,58.52,2423.74,2352.3,2321.22,2338.37,2382.53,2374.92,2338.0,2280.1,2265.61,2300.0,2311.83,2304.0,420667.3161,469521.9378,421035.1582,230431.157,398122.8623,236962.0552,3062625,3191083,2568056,1248625,2272749,2594593,193007.5534,177521.5123,164773.9995,90960.5803,219121.332,103490.2032,2350.84,2291.06,2307.06,2326.44,2371.27,2274.96
2026-05-12T00:00:00,81708.32,80500.0,81080.0,82479.32,82380.0,81788.0,79500.0,79181.48,80129.85,80279.77,80462.97,79843.59,16154.80338,16001.31009,7548.42177,12034.31882,12951.76056,12386.25676,2540329,2265372,1002373,1801608,2576396,2345137,7625.14879,8328.38654,4032.72566,6395.8966,6132.37349,5716.20385,80006.0,80193.17,80678.4,82210.07,81745.65,80504.47,57.4,58.99,59.14,60.61,60.59,58.68,56.05,56.06,57.62,57.66,58.06,57.05,307147.728,336466.293,242074.69,343635.287,329617.12,304201.854,148023,156984,115995,182187,189558,163282,129627.414,162958.694,120797.038,175245.893,161317.661,142986.328,56.42,58.32,58.0,60.43,58.52,58.12,2352.3,2321.22,2338.37,2382.53,2374.92,2340.85,2280.1,2265.61,2300.0,2311.83,2304.0,2256.27,469521.9378,421035.1582,230431.157,398122.8623,236962.0552,252981.1082,3191083,2568056,1248625,2272749,2594593,2520381,177521.5123,164773.9995,90960.5803,219121.332,103490.2032,112560.2947,2291.06,2307.06,2326.44,2371.27,2339.87,2258.65
2026-05-13T00:00:00,80500.0,81080.0,82479.32,82380.0,81788.0,81324.64,79181.48,80129.85,80279.77,80462.97,79843.59,78754.65,16001.31009,7548.42177,12034.31882,12951.76056,12386.25676,14810.05643,2265372,1002373,1801608,2576396,2345137,2350570,8328.38654,4032.72566,6395.8966,6132.37349,5716.20385,7161.64182,80193.17,80678.4,82210.07,81745.65,80504.47,79313.61,58.99,59.14,60.61,60.59,58.68,58.97,56.06,57.62,57.66,58.06,57.05,56.28,336466.293,242074.69,343635.287,329617.12,304201.854,350780.772,156984,115995,182187,189558,163282,157947,162958.694,120797.038,175245.893,161317.661,142986.328,168416.046,58.32,58.0,60.43,58.52,58.12,57.01,2321.22,2338.37,2382.53,2374.92,2340.85,2323.36,2265.61,2300.0,2311.83,2304.0,2256.27,2234.13,421035.1582,230431.157,398122.8623,236962.0552,252981.1082,258455.7299,2568056,1248625,2272749,2594593,2520381,2145600,164773.9995,90960.5803,219121.332,103490.2032,112560.2947,124180.3611,2307.06,2326.44,2371.27,2339.87,2274.96,2283.25
2026-05-14T00:00:00,81080.0,82479.32,82380.0,81788.0,81324.64,82048.13,80129.85,80279.77,80462.97,79843.59,78754.65,78922.0,7548.42177,12034.31882,12951.76056,12386.25676,14810.05643,19727.86807,1002373,1801608,2576396,2345137,2350570,3101046,4032.72566,6395.8966,6132.37349,5716.20385,7161.64182,10750.20775,80678.4,82210.07,81745.65,80504.47,79313.61,81089.99,59.14,60.61,60.59,58.68,58.97,59.56,57.62,57.66,58.06,57.05,56.28,56.63,242074.69,343635.287,329617.12,304201.854,350780.772,352324.525,115995,182187,189558,163282,157947,162318,120797.038,175245.893,161317.661,142986.328,168416.046,176756.433,58.0,60.43,58.52,58.12,57.01,58.21,2338.37,2382.53,2374.92,2340.85,2323.36,2319.33,2300.0,2311.83,2304.0,2256.27,2234.13,2238.64,230431.157,398122.8623,236962.0552,252981.1082,258455.7299,256680.8359,1248625,2272749,2594593,2520381,2145600,2730407,90960.5803,219121.332,103490.2032,112560.2947,124180.3611,127752.3579,2326.44,2371.27,2339.87,2274.96,2258.65,2224.66
2026-05-15T00:00:00,82479.32,82380.0,81788.0,81324.64,82048.13,81664.45,80279.77,80462.97,79843.59,78754.65,78922.0,78659.0,12034.31882,12951.76056,12386.25676,14810.05643,19727.86807,17351.27079,1801608,2576396,2345137,2350570,3101046,3184114,6395.8966,6132.37349,5716.20385,7161.64182,10750.20775,8333.17845,82210.07,81745.65,80504.47,79313.61,81089.99,79113.21,60.61,60.59,58.68,58.97,59.56,58.52,57.66,58.06,57.05,56.28,56.63,56.39,343635.287,329617.12,304201.854,350780.772,352324.525,315362.807,182187,189558,163282,157947,162318,182630,175245.893,161317.661,142986.328,168416.046,176756.433,140511.633,60.43,58.52,58.12,57.01,58.21,57.5,2382.53,2374.92,2340.85,2323.36,2319.33,2300.29,2311.83,2304.0,2256.27,2234.13,2238.64,2205.11,398122.8623,236962.0552,252981.1082,258455.7299,256680.8359,288536.5507,2272749,2594593,2520381,2145600,2730407,2977308,219121.332,103490.2032,112560.2947,124180.3611,127752.3579,123184.0319,2371.27,2339.87,2274.96,2258.65,2283.25,2180.77
2026-05-16T00:00:00,82380.0,81788.0,81324.64,82048.13,81664.45,79227.77,80462.97,79843.59,78754.65,78922.0,78659.0,77640.0,12951.76056,12386.25676,14810.05643,19727.86807,17351.27079,12132.86192,2576396,2345137,2350570,3101046,3184114,1597661,6132.37349,5716.20385,7161.64182,10750.20775,8333.17845,5776.31138,81745.65,80504.47,79313.61,81089.99,79113.21,78148.05,60.59,58.68,58.97,59.56,58.52,57.71,58.06,57.05,56.28,56.63,56.39,55.57,329617.12,304201.854,350780.772,352324.525,315362.807,218120.284,189558,163282,157947,162318,182630,123080,161317.661,142986.328,168416.046,176756.433,140511.633,103450.494,58.52,58.12,57.01,58.21,57.5,56.14,2374.92,2340.85,2323.36,2319.33,2300.29,2231.51,2304.0,2256.27,2234.13,2238.64,2205.11,2162.55,236962.0552,252981.1082,258455.7299,256680.8359,288536.5507,199288.5761,2594593,2520381,2145600,2730407,2977308,1541883,103490.2032,112560.2947,124180.3611,127752.3579,123184.0319,91742.2991,2339.87,2274.96,2258.65,2283.25,2224.66,2131.0
2026-05-17T00:00:00,81788.0,81324.64,82048.13,81664.45,79227.77,78599.99,79843.59,78754.65,78922.0,78659.0,77640.0,76735.16,12386.25676,14810.05643,19727.86807,17351.27079,12132.86192,8442.7022,2345137,2350570,3101046,3184114,1597661,1570433,5716.20385,7161.64182,10750.20775,8333.17845,5776.31138,3897.8677,80504.47,79313.61,81089.99,79113.21,78148.05,77457.67,58.68,58.97,59.56,58.52,57.71,56.52,57.05,56.28,56.63,56.39,55.57,53.72,304201.854,350780.772,352324.525,315362.807,218120.284,274079.963,163282,157947,162318,182630,123080,129779,142986.328,168416.046,176756.433,140511.633,103450.494,135154.76,58.12,57.01,58.21,57.5,56.14,54.57,2340.85,2323.36,2319.33,2300.29,2231.51,2198.14,2256.27,2234.13,2238.64,2205.11,2162.55,2091.48,252981.1082,258455.7299,256680.8359,288536.5507,199288.5761,175116.8149,2520381,2145600,2730407,2977308,1541883,1638605,112560.2947,124180.3611,127752.3579,123184.0319,91742.2991,83798.741,2274.96,2258.65,2283.25,2224.66,2180.77,2130.08
2026-05-18T00:00:00,81324.64,82048.13,81664.45,79227.77,78599.99,77800.0,78754.65,78922.0,78659.0,77640.0,76735.16,76051.0,14810.05643,19727.86807,17351.27079,12132.86192,8442.7022,18745.51678,2350570,3101046,3184114,1597661,1570433,3529328,7161.64182,10750.20775,8333.17845,5776.31138,3897.8677,8916.45791,79313.61,81089.99,79113.21,78148.05,77457.67,77001.87,58.97,59.56,58.52,57.71,56.52,54.58,56.28,56.63,56.39,55.57,53.72,53.16,350780.772,352324.525,315362.807,218120.284,274079.963,385819.159,157947,162318,182630,123080,129779,192991,168416.046,176756.433,140511.633,103450.494,135154.76,176500.549,57.01,58.21,57.5,56.14,54.57,54.37,2323.36,2319.33,2300.29,2231.51,2198.14,2157.24,2234.13,2238.64,2205.11,2162.55,2091.48,2077.23,258455.7299,256680.8359,288536.5507,199288.5761,175116.8149,381878.3932,2145600,2730407,2977308,1541883,1638605,3981985,124180.3611,127752.3579,123184.0319,91742.2991,83798.741,183892.1637,2258.65,2283.25,2224.66,2180.77,2131.0,2111.93
2026-05-19T00:00:00,82048.13,81664.45,79227.77,78599.99,77800.0,77414.62,78922.0,78659.0,77640.0,76735.16,76051.0,76144.71,19727.86807,17351.27079,12132.86192,8442.7022,18745.51678,11024.85978,3101046,3184114,1597661,1570433,3529328,2315121,10750.20775,8333.17845,5776.31138,3897.8677,8916.45791,5680.77448,81089.99,79113.21,78148.05,77457.67,77001.87,76834.36,59.56,58.52,57.71,56.52,54.58,54.59,56.63,56.39,55.57,53.72,53.16,53.5,352324.525,315362.807,218120.284,274079.963,385819.159,239681.253,162318,182630,123080,129779,192991,112667,176756.433,140511.633,103450.494,135154.76,176500.549,116053.368,58.21,57.5,56.14,54.57,54.37,54.5,2319.33,2300.29,2231.51,2198.14,2157.24,2146.95,2238.64,2205.11,2162.55,2091.48,2077.23,2094.47,256680.8359,288536.5507,199288.5761,175116.8149,381878.3932,186945.075,2730407,2977308,1541883,1638605,3981985,2356965,127752.3579,123184.0319,91742.2991,83798.741,183892.1637,86073.6731,2283.25,2224.66,2180.77,2131.0,2130.08,2129.44
2026-05-20T00:00:00,81664.45,79227.77,78599.99,77800.0,77414.62,77853.04,78659.0,77640.0,76735.16,76051.0,76144.71,76516.74,17351.27079,12132.86192,8442.7022,18745.51678,11024.85978,11296.26307,3184114,1597661,1570433,3529328,2315121,2437754,8333.17845,5776.31138,3897.8677,8916.45791,5680.77448,5606.16242,79113.21,78148.05,77457.67,77001.87,76834.36,77552.23,58.52,57.71,56.52,54.58,54.59,54.56,56.39,55.57,53.72,53.16,53.5,53.29,315362.807,218120.284,274079.963,385819.159,239681.253,295176.434,182630,123080,129779,192991,112667,141187,140511.633,103450.494,135154.76,176500.549,116053.368,141375.723,57.5,56.14,54.57,54.37,54.5,53.96,2300.29,2231.51,2198.14,2157.24,2146.95,2149.0,2205.11,2162.55,2091.48,2077.23,2094.47,2103.29,288536.5507,199288.5761,175116.8149,381878.3932,186945.075,189088.294,2977308,1541883,1638605,3981985,2356965,2256505,123184.0319,91742.2991,83798.741,183892.1637,86073.6731,93912.9824,2224.66,2180.77,2131.0,2130.08,2111.93,2133.76
2026-05-21T00:00:00,79227.77,78599.99,77800.0,77414.62,77853.04,78200.0,77640.0,76735.16,76051.0,76144.71,76516.74,76719.47,12132.86192,8442.7022,18745.51678,11024.85978,11296.26307,11318.25841,1597661,1570433,3529328,2315121,2437754,2473146,5776.31138,3897.8677,8916.45791,5680.77448,5606.16242,5765.00854,78148.05,77457.67,77001.87,76834.36,77552.23,77615.52,57.71,56.52,54.58,54.59,54.56,54.7,55.57,53.72,53.16,53.5,53.29,53.3,218120.284,274079.963,385819.159,239681.253,295176.434,307246.246,123080,129779,192991,112667,141187,148158,103450.494,135154.76,176500.549,116053.368,141375.723,150878.73,56.14,54.57,54.37,54.5,53.96,54.18,2231.51,2198.14,2157.24,2146.95,2149.0,2157.5,2162.55,2091.48,2077.23,2094.47,2103.29,2105.15,199288.5761,175116.8149,381878.3932,186945.075,189088.294,232889.1117,1541883,1638605,3981985,2356965,2256505,2526150,91742.2991,83798.741,183892.1637,86073.6731,93912.9824,118956.068,2180.77,2131.0,2130.08,2111.93,2129.44,2065.85
2026-05-22T00:00:00,78599.99,77800.0,77414.62,77853.04,78200.0,77900.0,76735.16,76051.0,76144.71,76516.74,76719.47,75359.18,8442.7022,18745.51678,11024.85978,11296.26307,11318.25841,11272.36134,1570433,3529328,2315121,2437754,2473146,2370783,3897.8677,8916.45791,5680.77448,5606.16242,5765.00854,5204.99076,77457.67,77001.87,76834.36,77552.23,77615.52,75539.5,56.52,54.58,54.59,54.56,54.7,54.58,53.72,53.16,53.5,53.29,53.3,52.26,274079.963,385819.159,239681.253,295176.434,307246.246,346990.759,129779,192991,112667,141187,148158,179452,135154.76,176500.549,116053.368,141375.723,150878.73,162581.14,54.57,54.37,54.5,53.96,54.18,52.65,2198.14,2157.24,2146.95,2149.0,2157.5,2141.39,2091.48,2077.23,2094.47,2103.29,2105.15,2057.79,175116.8149,381878.3932,186945.075,189088.294,232889.1117,221783.2548,1638605,3981985,2356965,2256505,2526150,2344218,83798.741,183892.1637,86073.6731,93912.9824,118956.068,109989.3764,2131.0,2130.08,2111.93,2129.44,2133.76,2117.68
2026-05-23T00:00:00,77800.0,77414.62,77853.04,78200.0,77900.0,77404.18,76051.0,76144.71,76516.74,76719.47,75359.18,74289.6,18745.51678,11024.85978,11296.26307,11318.25841,11272.36134,15086.88814,3529328,2315121,2437754,2473146,2370783,2103536,8916.45791,5680.77448,5606.16242,5765.00854,5204.99076,7738.58719,77001.87,76834.36,77552.23,77615.52,75539.5,76752.01,54.58,54.59,54.56,54.7,54.58,54.24,53.16,53.5,53.29,53.3,52.26,51.47,385819.159,239681.253,295176.434,307246.246,346990.759,280632.087,192991,112667,141187,148158,179452,154705,176500.549,116053.368,141375.723,150878.73,162581.14,141899.086,54.37,54.5,53.96,54.18,52.65,53.49,2157.24,2146.95,2149.0,2157.5,2141.39,2149.95,2077.23,2094.47,2103.29,2105.15,2057.79,2009.3,381878.3932,186945.075,189088.294,232889.1117,221783.2548,350546.2289,3981985,2356965,2256505,2526150,2344218,2641732,183892.1637,86073.6731,93912.9824,118956.068,109989.3764,186016.0823,2130.08,2111.93,2129.44,2133.76,2065.85,2099.85
2026-05-24T00:00:00,77414.62,77853.04,78200.0,77900.0,77404.18,77543.15,76144.71,76516.74,76719.47,75359.18,74289.6,76108.0,11024.85978,11296.26307,11318.25841,11272.36134,15086.88814,8398.00156,2315121,2437754,2473146,2370783,2103536,1612969,5680.77448,5606.16242,5765.00854,5204.99076,7738.58719,4513.13276,76834.36,77552.23,77615.52,75539.5,76752.01,77064.96,54.59,54.56,54.7,54.58,54.24,53.68,53.5,53.29,53.3,52.26,51.47,51.97,239681.253,295176.434,307246.246,346990.759,280632.087,197832.355,112667,141187,148158,179452,154705,103247,116053.368,141375.723,150878.73,162581.14,141899.086,95638.453,54.5,53.96,54.18,52.65,53.49,52.76,2146.95,2149.0,2157.5,2141.39,2149.95,2132.14,2094.47,2103.29,2105.15,2057.79,2009.3,2063.0,186945.075,189088.294,232889.1117,221783.2548,350546.2289,197748.7605,2356965,2256505,2526150,2344218,2641732,1928016,86073.6731,93912.9824,118956.068,109989.3764,186016.0823,95960.6284,2111.93,2129.44,2133.76,2065.85,2117.68,2113.01
2026-05-25T00:00:00,77853.04,78200.0,77900.0,77404.18,77543.15,77905.52,76516.74,76719.47,75359.18,74289.6,76108.0,76914.25,11296.26307,11318.25841,11272.36134,15086.88814,8398.00156,7672.32197,2437754,2473146,2370783,2103536,1612969,1778509,5606.16242,5765.00854,5204.99076,7738.58719,4513.13276,3644.38154,77552.23,77615.52,75539.5,76752.01,77064.96,77322.01,54.56,54.7,54.58,54.24,53.68,53.2,53.29,53.3,52.26,51.47,51.97,52.45,295176.434,307246.246,346990.759,280632.087,197832.355,240420.443,141187,148158,179452,154705,103247,104038,141375.723,150878.73,162581.14,141899.086,95638.453,119533.787,53.96,54.18,52.65,53.49,52.76,52.73,2149.0,2157.5,2141.39,2149.95,2132.14,2141.98,2103.29,2105.15,2057.79,2009.3,2063.0,2092.26,189088.294,232889.1117,221783.2548,350546.2289,197748.7605,166428.5979,2256505,2526150,2344218,2641732,1928016,1786621,93912.9824,118956.068,109989.3764,186016.0823,95960.6284,86258.1599,2129.44,2133.76,2065.85,2117.68,2099.85,2073.77
2026-05-26T00:00:00,78200.0,77900.0,77404.18,77543.15,77905.52,78080.0,76719.47,75359.18,74289.6,76108.0,76914.25,75677.97,11318.25841,11272.36134,15086.88814,8398.00156,7672.32197,16953.47629,2473146,2370783,2103536,1612969,1778509,3360745,5765.00854,5204.99076,7738.58719,4513.13276,3644.38154,7867.0405,77615.52,75539.5,76752.01,77064.96,77322.01,75930.01,54.7,54.58,54.24,53.68,53.2,53.12,53.3,52.26,51.47,51.97,52.45,51.63,307246.246,346990.759,280632.087,197832.355,240420.443,232422.522,148158,179452,154705,103247,104038,129051,150878.73,162581.14,141899.086,95638.453,119533.787,109540.659,54.18,52.65,53.49,52.76,52.73,51.92,2157.5,2141.39,2149.95,2132.14,2141.98,2140.49,2105.15,2057.79,2009.3,2063.0,2092.26,2055.06,232889.1117,221783.2548,350546.2289,197748.7605,166428.5979,282553.3096,2526150,2344218,2641732,1928016,1786621,2963706,118956.068,109989.3764,186016.0823,95960.6284,86258.1599,125284.8456,2133.76,2065.85,2117.68,2099.85,2113.01,2024.84
2026-05-27T00:00:00,77900.0,77404.18,77543.15,77905.52,78080.0,76174.15,75359.18,74289.6,76108.0,76914.25,75677.97,74243.99,11272.36134,15086.88814,8398.00156,7672.32197,16953.47629,16877.77483,2370783,2103536,1612969,1778509,3360745,3367068,5204.99076,7738.58719,4513.13276,3644.38154,7867.0405,7990.81792,75539.5,76752.01,77064.96,77322.01,75930.01,74449.3,54.58,54.24,53.68,53.2,53.12,52.88,52.26,51.47,51.97,52.45,51.63,51.67,346990.759,280632.087,197832.355,240420.443,232422.522,248461.8,179452,154705,103247,104038,129051,130303,162581.14,141899.086,95638.453,119533.787,109540.659,125364.271,52.65,53.49,52.76,52.73,51.92,51.97,2141.39,2149.95,2132.14,2141.98,2140.49,2097.4,2057.79,2009.3,2063.0,2092.26,2055.06,2016.0,221783.2548,350546.2289,197748.7605,166428.5979,282553.3096,267963.1573,2344218,2641732,1928016,1786621,2963706,3056962,109989.3764,186016.0823,95960.6284,86258.1599,125284.8456,121588.1389,2065.85,2117.68,2099.85,2113.01,2073.77,2009.9
2026-05-28T00:00:00,77404.18,77543.15,77905.52,78080.0,76174.15,74590.77,74289.6,76108.0,76914.25,75677.97,74243.99,72582.82,15086.88814,8398.00156,7672.32197,16953.47629,16877.77483,21274.02026,2103536,1612969,1778509,3360745,3367068,3799713,7738.58719,4513.13276,3644.38154,7867.0405,7990.81792,11285.37807,76752.01,77064.96,77322.01,75930.01,74449.3,73617.51,54.24,53.68,53.2,53.12,52.88,52.14,51.47,51.97,52.45,51.63,51.67,50.33,280632.087,197832.355,240420.443,232422.522,248461.8,335369.629,154705,103247,104038,129051,130303,162328,141899.086,95638.453,119533.787,109540.659,125364.271,163692.728,53.49,52.76,52.73,51.92,51.97,51.67,2149.95,2132.14,2141.98,2140.49,2097.4,2030.0,2009.3,2063.0,2092.26,2055.06,2016.0,1967.0,350546.2289,197748.7605,166428.5979,282553.3096,267963.1573,363834.9211,2641732,1928016,1786621,2963706,3056962,3609031,186016.0823,95960.6284,86258.1599,125284.8456,121588.1389,176081.0293,2117.68,2099.85,2113.01,2073.77,2024.84,2014.54
2026-05-29T00:00:00,77543.15,77905.52,78080.0,76174.15,74590.77,74514.1,76108.0,76914.25,75677.97,74243.99,72582.82,72512.49,8398.00156,7672.32197,16953.47629,16877.77483,21274.02026,18686.74141,1612969,1778509,3360745,3367068,3799713,2897318,4513.13276,3644.38154,7867.0405,7990.81792,11285.37807,10668.37212,77064.96,77322.01,75930.01,74449.3,73617.51,73460.78,53.68,53.2,53.12,52.88,52.14,52.34,51.97,52.45,51.63,51.67,50.33,51.16,197832.355,240420.443,232422.522,248461.8,335369.629,239712.267,103247,104038,129051,130303,162328,127074,95638.453,119533.787,109540.659,125364.271,163692.728,118500.732,52.76,52.73,51.92,51.97,51.67,51.89,2132.14,2141.98,2140.49,2097.4,2030.0,2046.59,2063.0,2092.26,2055.06,2016.0,1967.0,1976.48,197748.7605,166428.5979,282553.3096,267963.1573,363834.9211,283145.695,1928016,1786621,2963706,3056962,3609031,2925370,95960.6284,86258.1599,125284.8456,121588.1389,176081.0293,142075.6321,2099.85,2113.01,2073.77,2024.84,2009.9,2022.44
2026-05-30T00:00:00,77905.52,78080.0,76174.15,74590.77,74514.1,74143.76,76914.25,75677.97,74243.99,72582.82,72512.49,73216.0,7672.32197,16953.47629,16877.77483,21274.02026,18686.74141,7515.40909,1778509,3360745,3367068,3799713,2897318,1124406,3644.38154,7867.0405,7990.81792,11285.37807,10668.37212,4118.11087,77322.01,75930.01,74449.3,73617.51,73460.78,73884.38,53.2,53.12,52.88,52.14,52.34,52.78,52.45,51.63,51.67,50.33,51.16,51.83,240420.443,232422.522,248461.8,335369.629,239712.267,202049.623,104038,129051,130303,162328,127074,91594,119533.787,109540.659,125364.271,163692.728,118500.732,112236.588,52.73,51.92,51.97,51.67,51.89,52.45,2141.98,2140.49,2097.4,2030.0,2046.59,2032.0,2092.26,2055.06,2016.0,1967.0,1976.48,2002.0,166428.5979,282553.3096,267963.1573,363834.9211,283145.695,97977.5349,1786621,2963706,3056962,3609031,2925370,969371,86258.1599,125284.8456,121588.1389,176081.0293,142075.6321,51565.2626,2113.01,2073.77,2024.84,2009.9,2014.54,2007.01
2026-05-31T00:00:00,78080.0,76174.15,74590.77,74514.1,74143.76,74275.66,75677.97,74243.99,72582.82,72512.49,73216.0,73400.0,16953.47629,16877.77483,21274.02026,18686.74141,7515.40909,6986.45707,3360745,3367068,3799713,2897318,1124406,1363437,7867.0405,7990.81792,11285.37807,10668.37212,4118.11087,3407.47243,75930.01,74449.3,73617.51,73460.78,73884.38,73674.39,53.12,52.88,52.14,52.34,52.78,52.76,51.63,51.67,50.33,51.16,51.83,51.39,232422.522,248461.8,335369.629,239712.267,202049.623,171100.902,129051,130303,162328,127074,91594,88436,109540.659,125364.271,163692.728,118500.732,112236.588,80181.279,51.92,51.97,51.67,51.89,52.45,52.07,2140.49,2097.4,2030.0,2046.59,2032.0,2038.0,2055.06,2016.0,1967.0,1976.48,2002.0,1993.75,282553.3096,267963.1573,363834.9211,283145.695,97977.5349,163735.4958,2963706,3056962,3609031,2925370,969371,1454319,125284.8456,121588.1389,176081.0293,142075.6321,51565.2626,69842.5033,2073.77,2024.84,2009.9,2014.54,2022.44,2006.73
2026-06-01T00:00:00,76174.15,74590.77,74514.1,74143.76,74275.66,74092.0,74243.99,72582.82,72512.49,73216.0,73400.0,70686.68,16877.77483,21274.02026,18686.74141,7515.40909,6986.45707,23921.09184,3367068,3799713,2897318,1124406,1363437,4237773,7990.81792,11285.37807,10668.37212,4118.11087,3407.47243,11600.30396,74449.3,73617.51,73460.78,73884.38,73674.39,71408.9,52.88,52.14,52.34,52.78,52.76,52.29,51.67,50.33,51.16,51.83,51.39,50.1,248461.8,335369.629,239712.267,202049.623,171100.902,322073.938,130303,162328,127074,91594,88436,165718,125364.271,163692.728,118500.732,112236.588,80181.279,150698.955,51.97,51.67,51.89,52.45,52.07,50.79,2097.4,2030.0,2046.59,2032.0,2038.0,2021.5,2016.0,1967.0,1976.48,2002.0,1993.75,1956.04,267963.1573,363834.9211,283145.695,97977.5349,163735.4958,374428.2839,3056962,3609031,2925370,969371,1454319,3806222,121588.1389,176081.0293,142075.6321,51565.2626,69842.5033,189965.6217,2024.84,2009.9,2014.54,2022.44,2007.01,1859.84
2026-06-02T00:00:00,74590.77,74514.1,74143.76,74275.66,74092.0,71408.9,72582.82,72512.49,73216.0,73400.0,70686.68,66193.0,21274.02026,18686.74141,7515.40909,6986.45707,23921.09184,32858.19586,3799713,2897318,1124406,1363437,4237773,6250677,11285.37807,10668.37212,4118.11087,3407.47243,11600.30396,15675.4915,73617.51,73460.78,73884.38,73674.39,71408.9,66760.83,52.14,52.34,52.78,52.76,52.29,50.84,50.33,51.16,51.83,51.39,50.1,46.3,335369.629,239712.267,202049.623,171100.902,322073.938,518694.045,162328,127074,91594,88436,165718,279956,163692.728,118500.732,112236.588,80181.279,150698.955,242094.807,51.67,51.89,52.45,52.07,50.79,46.91,2030.0,2046.59,2032.0,2038.0,2021.5,2006.78,1967.0,1976.48,2002.0,1993.75,1956.04,1839.02,363834.9211,283145.695,97977.5349,163735.4958,374428.2839,556885.5418,3609031,2925370,969371,1454319,3806222,5759311,176081.0293,142075.6321,51565.2626,69842.5033,189965.6217,262471.3967,2009.9,2014.54,2022.44,2007.01,2006.73,1813.05
2026-06-03T00:00:00,74514.1,74143.76,74275.66,74092.0,71408.9,67516.0,72512.49,73216.0,73400.0,70686.68,66193.0,64092.49,18686.74141,7515.40909,6986.45707,23921.09184,32858.19586,30138.3065,2897318,1124406,1363437,4237773,6250677,6676358,10668.37212,4118.11087,3407.47243,11600.30396,15675.4915,14567.29572,73460.78,73884.38,73674.39,71408.9,66760.83,64142.75,52.34,52.78,52.76,52.29,50.84,48.56,51.16,51.83,51.39,50.1,46.3,46.82,239712.267,202049.623,171100.902,322073.938,518694.045,464091.661,127074,91594,88436,165718,279956,244495,118500.732,112236.588,80181.279,150698.955,242094.807,210391.691,51.89,52.45,52.07,50.79,46.91,47.14,2046.59,2032.0,2038.0,2021.5,2006.78,1893.07,1976.48,2002.0,1993.75,1956.04,1839.02,1769.62,283145.695,97977.5349,163735.4958,374428.2839,556885.5418,584760.4818,2925370,969371,1454319,3806222,5759311,6496256,142075.6321,51565.2626,69842.5033,189965.6217,262471.3967,291410.2577,2014.54,2022.44,2007.01,2006.73,1859.84,1770.77
2026-06-04T00:00:00,74143.76,74275.66,74092.0,71408.9,67516.0,64764.32,73216.0,73400.0,70686.68,66193.0,64092.49,61383.56,7515.40909,6986.45707,23921.09184,32858.19586,30138.3065,43577.17571,1124406,1363437,4237773,6250677,6676358,9057976,4118.11087,3407.47243,11600.30396,15675.4915,14567.29572,20172.82504,73884.38,73674.39,71408.9,66760.83,64142.75,63885.99,52.78,52.76,52.29,50.84,48.56,47.48,51.83,51.39,50.1,46.3,46.82,43.9,202049.623,171100.902,322073.938,518694.045,464091.661,540540.514,91594,88436,165718,279956,244495,360329,112236.588,80181.279,150698.955,242094.807,210391.691,239793.873,52.45,52.07,50.79,46.91,47.14,45.64,2032.0,2038.0,2021.5,2006.78,1893.07,1820.5,2002.0,1993.75,1956.04,1839.02,1769.62,1717.28,97977.5349,163735.4958,374428.2839,556885.5418,584760.4818,648306.1051,969371,1454319,3806222,5759311,6496256,8222751,51565.2626,69842.5033,189965.6217,262471.3967,291410.2577,313120.6405,2022.44,2007.01,2006.73,1859.84,1813.05,1583.4
2026-06-05T00:00:00,74275.66,74092.0,71408.9,67516.0,64764.32,63978.0,73400.0,70686.68,66193.0,64092.49,61383.56,59130.91,6986.45707,23921.09184,32858.19586,30138.3065,43577.17571,55027.28807,1363437,4237773,6250677,6676358,9057976,11658856,3407.47243,11600.30396,15675.4915,14567.29572,20172.82504,24879.51775,73674.39,71408.9,66760.83,64142.75,63885.99,61056.47,52.76,52.29,50.84,48.56,47.48,45.85,51.39,50.1,46.3,46.82,43.9,41.94,171100.902,322073.938,518694.045,464091.661,540540.514,635433.032,88436,165718,279956,244495,360329,444150,80181.279,150698.955,242094.807,210391.691,239793.873,306411.99,52.07,50.79,46.91,47.14,45.64,43.32,2038.0,2021.5,2006.78,1893.07,1820.5,1774.99,1993.75,1956.04,1839.02,1769.62,1717.28,1540.19,163735.4958,374428.2839,556885.5418,584760.4818,648306.1051,1257013.1608,1454319,3806222,5759311,6496256,8222751,13017779,69842.5033,189965.6217,262471.3967,291410.2577,313120.6405,605408.4543,2007.01,2006.73,1859.84,1813.05,1770.77,1569.69
2026-06-06T00:00:00,74092.0,71408.9,67516.0,64764.32,63978.0,61530.05,70686.68,66193.0,64092.49,61383.56,59130.91,59500.0,23921.09184,32858.19586,30138.3065,43577.17571,55027.28807,19795.58877,4237773,6250677,6676358,9057976,11658856,5000874,11600.30396,15675.4915,14567.29572,20172.82504,24879.51775,9473.55921,71408.9,66760.83,64142.75,63885.99,61056.47,60884.62,52.29,50.84,48.56,47.48,45.85,44.03,50.1,46.3,46.82,43.9,41.94,40.52,322073.938,518694.045,464091.661,540540.514,635433.032,445059.153,165718,279956,244495,360329,444150,272577,150698.955,242094.807,210391.691,239793.873,306411.99,223941.563,50.79,46.91,47.14,45.64,43.32,41.39,2021.5,2006.78,1893.07,1820.5,1774.99,1601.22,1956.04,1839.02,1769.62,1717.28,1540.19,1505.68,374428.2839,556885.5418,584760.4818,648306.1051,1257013.1608,558458.3672,3806222,5759311,6496256,8222751,13017779,6254953,189965.6217,262471.3967,291410.2577,313120.6405,605408.4543,267600.8258,2006.73,1859.84,1813.05,1770.77,1583.4,1690.51
2026-06-07T00:00:00,71408.9,67516.0,64764.32,63978.0,61530.05,64234.68,66193.0,64092.49,61383.56,59130.91,59500.0,60746.0,32858.19586,30138.3065,43577.17571,55027.28807,19795.58877,26612.10443,6250677,6676358,9057976,11658856,5000874,4752461,15675.4915,14567.29572,20172.82504,24879.51775,9473.55921,14156.31067,66760.83,64142.75,63885.99,61056.47,60884.62,63332.01,50.84,48.56,47.48,45.85,44.03,43.46,46.3,46.82,43.9,41.94,40.52,41.1,518694.045,464091.661,540540.514,635433.032,445059.153,497116.605,279956,244495,360329,444150,272577,260522,242094.807,210391.691,239793.873,306411.99,223941.563,265822.659,46.91,47.14,45.64,43.32,41.39,42.83,2006.78,1893.07,1820.5,1774.99,1601.22,1721.93,1839.02,1769.62,1717.28,1540.19,1505.68,1564.1,556885.5418,584760.4818,648306.1051,1257013.1608,558458.3672,458280.5909,5759311,6496256,8222751,13017779,6254953,5095675,262471.3967,291410.2577,313120.6405,605408.4543,267600.8258,228933.854,1859.84,1813.05,1770.77,1583.4,1569.69,1690.49
2026-06-08T00:00:00,67516.0,64764.32,63978.0,61530.05,64234.68,64200.0,64092.49,61383.56,59130.91,59500.0,60746.0,62408.0,30138.3065,43577.17571,55027.28807,19795.58877,26612.10443,23053.38624,6676358,9057976,11658856,5000874,4752461,4887564,14567.29572,20172.82504,24879.51775,9473.55921,14156.31067,11227.99606,64142.75,63885.99,61056.47,60884.62,63332.01,63085.99,48.56,47.48,45.85,44.03,43.46,43.82,46.82,43.9,41.94,40.52,41.1,42.04,464091.661,540540.514,635433.032,445059.153,497116.605,380809.35,244495,360329,444150,272577,260522,213677,210391.691,239793.873,306411.99,223941.563,265822.659,195741.376,47.14,45.64,43.32,41.39,42.83,43.03,1893.07,1820.5,1774.99,1601.22,1721.93,1714.5,1769.62,1717.28,1540.19,1505.68,1564.1,1645.0,584760.4818,648306.1051,1257013.1608,558458.3672,458280.5909,480027.3121,6496256,8222751,13017779,6254953,5095675,5759621,291410.2577,313120.6405,605408.4543,267600.8258,228933.854,245621.2272,1813.05,1770.77,1583.4,1569.69,1690.51,1639.52
2026-06-09T00:00:00,64764.32,63978.0,61530.05,64234.68,64200.0,63526.01,61383.56,59130.91,59500.0,60746.0,62408.0,60780.0,43577.17571,55027.28807,19795.58877,26612.10443,23053.38624,21636.21959,9057976,11658856,5000874,4752461,4887564,4347332,20172.82504,24879.51775,9473.55921,14156.31067,11227.99606,10357.23644,63885.99,61056.47,60884.62,63332.01,63085.99,61730.0,47.48,45.85,44.03,43.46,43.82,43.5,43.9,41.94,40.52,41.1,42.04,41.81,540540.514,635433.032,445059.153,497116.605,380809.35,335158.076,360329,444150,272577,260522,213677,209673,239793.873,306411.99,223941.563,265822.659,195741.376,171024.388,45.64,43.32,41.39,42.83,43.03,43.03,1820.5,1774.99,1601.22,1721.93,1714.5,1696.88,1717.28,1540.19,1505.68,1564.1,1645.0,1614.02,648306.1051,1257013.1608,558458.3672,458280.5909,480027.3121,384147.2349,8222751,13017779,6254953,5095675,5759621,4501516,313120.6405,605408.4543,267600.8258,228933.854,245621.2272,174461.5449,1770.77,1583.4,1569.69,1690.51,1690.49,1621.59
2026-06-10T00:00:00,63978.0,61530.05,64234.68,64200.0,63526.01,62857.99,59130.91,59500.0,60746.0,62408.0,60780.0,60755.0,55027.28807,19795.58877,26612.10443,23053.38624,21636.21959,15998.71652,11658856,5000874,4752461,4887564,4347332,4655686,24879.51775,9473.55921,14156.31067,11227.99606,10357.23644,7714.59491,61056.47,60884.62,63332.01,63085.99,61730.0,61510.99,45.85,44.03,43.46,43.82,43.5,43.24,41.94,40.52,41.1,42.04,41.81,41.25,635433.032,445059.153,497116.605,380809.35,335158.076,336886.191,444150,272577,260522,213677,209673,214030,306411.99,223941.563,265822.659,195741.376,171024.388,168533.434,43.32,41.39,42.83,43.03,43.03,41.74,1774.99,1601.22,1721.93,1714.5,1696.88,1667.96,1540.19,1505.68,1564.1,1645.0,1614.02,1603.44,1257013.1608,558458.3672,458280.5909,480027.3121,384147.2349,290791.2819,13017779,6254953,5095675,5759621,4501516,4680030,605408.4543,267600.8258,228933.854,245621.2272,174461.5449,144480.8587,1583.4,1569.69,1690.51,1690.49,1639.52,1673.46
2026-06-11T00:00:00,61530.05,64234.68,64200.0,63526.01,62857.99,63933.02,59500.0,60746.0,62408.0,60780.0,60755.0,61510.99,19795.58877,26612.10443,23053.38624,21636.21959,15998.71652,17380.94642,5000874,4752461,4887564,4347332,4655686,3446803,9473.55921,14156.31067,11227.99606,10357.23644,7714.59491,8975.49366,60884.62,63332.01,63085.99,61730.0,61510.99,63625.99,44.03,43.46,43.82,43.5,43.24,42.95,40.52,41.1,42.04,41.81,41.25,41.72,445059.153,497116.605,380809.35,335158.076,336886.191,265830.529,272577,260522,213677,209673,214030,166724,223941.563,265822.659,195741.376,171024.388,168533.434,137847.84,41.39,42.83,43.03,43.03,41.74,42.47,1601.22,1721.93,1714.5,1696.88,1667.96,1693.59,1505.68,1564.1,1645.0,1614.02,1603.44,1621.6,558458.3672,458280.5909,480027.3121,384147.2349,290791.2819,278507.7204,6254953,5095675,5759621,4501516,4680030,3410263,267600.8258,228933.854,245621.2272,174461.5449,144480.8587,146755.8289,1569.69,1690.51,1690.49,1639.52,1621.59,1666.41
2026-06-12T00:00:00,64234.68,64200.0,63526.01,62857.99,63933.02,64394.44,60746.0,62408.0,60780.0,60755.0,61510.99,62829.81,26612.10443,23053.38624,21636.21959,15998.71652,17380.94642,16397.0524,4752461,4887564,4347332,4655686,3446803,3154052,14156.31067,11227.99606,10357.23644,7714.59491,8975.49366,8373.87233,63332.01,63085.99,61730.0,61510.99,63625.99,63580.01,43.46,43.82,43.5,43.24,42.95,43.54,41.1,42.04,41.81,41.25,41.72,42.19,497116.605,380809.35,335158.076,336886.191,265830.529,301012.215,260522,213677,209673,214030,166724,159330,265822.659,195741.376,171024.388,168533.434,137847.84,149889.735,42.83,43.03,43.03,41.74,42.47,43.07,1721.93,1714.5,1696.88,1667.96,1693.59,1691.07,1564.1,1645.0,1614.02,1603.44,1621.6,1652.09,458280.5909,480027.3121,384147.2349,290791.2819,278507.7204,201888.0102,5095675,5759621,4501516,4680030,3410263,2888517,228933.854,245621.2272,174461.5449,144480.8587,146755.8289,103835.6453,1690.51,1690.49,1639.52,1621.59,1673.46,1681.18
2026-06-13T00:00:00,64200.0,63526.01,62857.99,63933.02,64394.44,64762.77,62408.0,60780.0,60755.0,61510.99,62829.81,63418.66,23053.38624,21636.21959,15998.71652,17380.94642,16397.0524,9960.74163,4887564,4347332,4655686,3446803,3154052,1489009,11227.99606,10357.23644,7714.59491,8975.49366,8373.87233,5326.34918,63085.99,61730.0,61510.99,63625.99,63580.01,64458.01,43.82,43.5,43.24,42.95,43.54,44.4,42.04,41.81,41.25,41.72,42.19,42.95,380809.35,335158.076,336886.191,265830.529,301012.215,222108.536,213677,209673,214030,166724,159330,113634,195741.376,171024.388,168533.434,137847.84,149889.735,127493.795,43.03,43.03,41.74,42.47,43.07,44.33,1714.5,1696.88,1667.96,1693.59,1691.07,1697.28,1645.0,1614.02,1603.44,1621.6,1652.09,1662.2,480027.3121,384147.2349,290791.2819,278507.7204,201888.0102,106751.6077,5759621,4501516,4680030,3410263,2888517,1222979,245621.2272,174461.5449,144480.8587,146755.8289,103835.6453,57726.9957,1690.49,1639.52,1621.59,1673.46,1666.41,1725.62
2026-06-14T00:00:00,63526.01,62857.99,63933.02,64394.44,64762.77,65800.0,60780.0,60755.0,61510.99,62829.81,63418.66,63678.83,21636.21959,15998.71652,17380.94642,16397.0524,9960.74163,13203.03375,4347332,4655686,3446803,3154052,1489009,2060901,10357.23644,7714.59491,8975.49366,8373.87233,5326.34918,6966.04602,61730.0,61510.99,63625.99,63580.01,64458.01,65746.45,43.5,43.24,42.95,43.54,44.4,45.44,41.81,41.25,41.72,42.19,42.95,43.73,335158.076,336886.191,265830.529,301012.215,222108.536,248976.672,209673,214030,166724,159330,113634,123656,171024.388,168533.434,137847.84,149889.735,127493.795,126755.678,43.03,41.74,42.47,43.07,44.33,45.41,1696.88,1667.96,1693.59,1691.07,1697.28,1732.28,1614.02,1603.44,1621.6,1652.09,1662.2,1654.9,384147.2349,290791.2819,278507.7204,201888.0102,106751.6077,178009.9541,4501516,4680030,3410263,2888517,1222979,1935991,174461.5449,144480.8587,146755.8289,103835.6453,57726.9957,90922.7855,1639.52,1621.59,1673.46,1666.41,1681.18,1796.13
2026-06-15T00:00:00,62857.99,63933.02,64394.44,64762.77,65800.0,67292.15,60755.0,61510.99,62829.81,63418.66,63678.83,65354.0,15998.71652,17380.94642,16397.0524,9960.74163,13203.03375,18559.80102,4655686,3446803,3154052,1489009,2060901,3140494,7714.59491,8975.49366,8373.87233,5326.34918,6966.04602,8827.32403,61510.99,63625.99,63580.01,64458.01,65746.45,66328.74,43.24,42.95,43.54,44.4,45.44,46.29,41.25,41.72,42.19,42.95,43.73,44.77,336886.191,265830.529,301012.215,222108.536,248976.672,444466.55,214030,166724,159330,113634,123656,210567,168533.434,137847.84,149889.735,127493.795,126755.678,214279.469,41.74,42.47,43.07,44.33,45.41,45.76,1667.96,1693.59,1691.07,1697.28,1732.28,1849.54,1603.44,1621.6,1652.09,1662.2,1654.9,1709.66,290791.2819,278507.7204,201888.0102,106751.6077,178009.9541,464135.2553,4680030,3410263,2888517,1222979,1935991,3136116,144480.8587,146755.8289,103835.6453,57726.9957,90922.7855,226908.449,1621.59,1673.46,1666.41,1681.18,1725.62,1792.99
2026-06-16T00:00:00,63933.02,64394.44,64762.77,65800.0,67292.15,66992.0,61510.99,62829.81,63418.66,63678.83,65354.0,65360.92,17380.94642,16397.0524,9960.74163,13203.03375,18559.80102,14302.05801,3446803,3154052,1489009,2060901,3140494,2964629,8975.49366,8373.87233,5326.34918,6966.04602,8827.32403,6709.60119,63625.99,63580.01,64458.01,65746.45,66328.74,65675.01,42.95,43.54,44.4,45.44,46.29,46.36,41.72,42.19,42.95,43.73,44.77,44.41,265830.529,301012.215,222108.536,248976.672,444466.55,274832.158,166724,159330,113634,123656,210567,156247,137847.84,149889.735,127493.795,126755.678,214279.469,134035.543,42.47,43.07,44.33,45.41,45.76,45.69,1693.59,1691.07,1697.28,1732.28,1849.54,1839.77,1621.6,1652.09,1662.2,1654.9,1709.66,1758.0,278507.7204,201888.0102,106751.6077,178009.9541,464135.2553,353577.549,3410263,2888517,1222979,1935991,3136116,3651200,146755.8289,103835.6453,57726.9957,90922.7855,226908.449,175935.254,1673.46,1666.41,1681.18,1725.62,1796.13,1750.6
2026-06-17T00:00:00,64394.44,64762.77,65800.0,67292.15,66992.0,66445.93,62829.81,63418.66,63678.83,65354.0,65360.92,63915.77,16397.0524,9960.74163,13203.03375,18559.80102,14302.05801,19048.65409,3154052,1489009,2060901,3140494,2964629,3933123,8373.87233,5326.34918,6966.04602,8827.32403,6709.60119,9344.30808,63580.01,64458.01,65746.45,66328.74,65675.01,64509.4,43.54,44.4,45.44,46.29,46.36,45.98,42.19,42.95,43.73,44.77,44.41,44.38,301012.215,222108.536,248976.672,444466.55,274832.158,230701.228,159330,113634,123656,210567,156247,165971,149889.735,127493.795,126755.678,214279.469,134035.543,108250.538,43.07,44.33,45.41,45.76,45.69,44.92,1691.07,1697.28,1732.28,1849.54,1839.77,1810.21,1652.09,1662.2,1654.9,1709.66,1758.0,1725.34,201888.0102,106751.6077,178009.9541,464135.2553,353577.549,334498.0575,2888517,1222979,1935991,3136116,3651200,4175463,103835.6453,57726.9957,90922.7855,226908.449,175935.254,156023.0739,1666.41,1681.18,1725.62,1796.13,1792.99,1711.11
2026-06-18T00:00:00,64762.77,65800.0,67292.15,66992.0,66445.93,64806.0,63418.66,63678.83,65354.0,65360.92,63915.77,62272.07,9960.74163,13203.03375,18559.80102,14302.05801,19048.65409,16935.59661,1489009,2060901,3140494,2964629,3933123,3573931,5326.34918,6966.04602,8827.32403,6709.60119,9344.30808,8148.66252,64458.01,65746.45,66328.74,65675.01,64509.4,62958.01,44.4,45.44,46.29,46.36,45.98,45.05,42.95,43.73,44.77,44.41,44.38,42.99,222108.536,248976.672,444466.55,274832.158,230701.228,261982.744,113634,123656,210567,156247,165971,144737,127493.795,126755.678,214279.469,134035.543,108250.538,132396.843,44.33,45.41,45.76,45.69,44.92,43.86,1697.28,1732.28,1849.54,1839.77,1810.21,1762.99,1662.2,1654.9,1709.66,1758.0,1725.34,1671.79,106751.6077,178009.9541,464135.2553,353577.549,334498.0575,312480.9656,1222979,1935991,3136116,3651200,4175463,3404966,57726.9957,90922.7855,226908.449,175935.254,156023.0739,150925.452,1681.18,1725.62,1796.13,1792.99,1750.6,1711.19
2026-06-19T00:00:00,65800.0,67292.15,66992.0,66445.93,64806.0,63666.0,63678.83,65354.0,65360.92,63915.77,62272.07,62316.44,13203.03375,18559.80102,14302.05801,19048.65409,16935.59661,14247.424,2060901,3140494,2964629,3933123,3573931,2671918,6966.04602,8827.32403,6709.60119,9344.30808,8148.66252,6709.20964,65746.45,66328.74,65675.01,64509.4,62958.01,63543.91,45.44,46.29,46.36,45.98,45.05,44.59,43.73,44.77,44.41,44.38,42.99,43.19,248976.672,444466.55,274832.158,230701.228,261982.744,197842.738,123656,210567,156247,165971,144737,123150,126755.678,214279.469,134035.543,108250.538,132396.843,95115.527,45.41,45.76,45.69,44.92,43.86,44.07,1732.28,1849.54,1839.77,1810.21,1762.99,1719.51,1654.9,1709.66,1758.0,1725.34,1671.79,1679.11,178009.9541,464135.2553,353577.549,334498.0575,312480.9656,165078.1984,1935991,3136116,3651200,4175463,3404966,2339768,90922.7855,226908.449,175935.254,156023.0739,150925.452,86541.467,1725.62,1796.13,1792.99,1750.6,1711.11,1741.08
2026-06-20T00:00:00,67292.15,66992.0,66445.93,64806.0,63666.0,64388.0,65354.0,65360.92,63915.77,62272.07,62316.44,63184.21,18559.80102,14302.05801,19048.65409,16935.59661,14247.424,9522.10324,3140494,2964629,3933123,3573931,2671918,1970081,8827.32403,6709.60119,9344.30808,8148.66252,6709.20964,4669.85879,66328.74,65675.01,64509.4,62958.01,63543.91,64298.01,46.29,46.36,45.98,45.05,44.59,44.63,44.77,44.41,44.38,42.99,43.19,43.77,444466.55,274832.158,230701.228,261982.744,197842.738,157579.327,210567,156247,165971,144737,123150,98807,214279.469,134035.543,108250.538,132396.843,95115.527,74651.792,45.76,45.69,44.92,43.86,44.07,44.53,1849.54,1839.77,1810.21,1762.99,1719.51,1749.55,1709.66,1758.0,1725.34,1671.79,1679.11,1704.06,464135.2553,353577.549,334498.0575,312480.9656,165078.1984,159791.8211,3136116,3651200,4175463,3404966,2339768,1842588,226908.449,175935.254,156023.0739,150925.452,86541.467,85441.3878,1796.13,1792.99,1750.6,1711.11,1711.19,1706.94
2026-06-21T00:00:00,66992.0,66445.93,64806.0,63666.0,64388.0,64588.0,65360.92,63915.77,62272.07,62316.44,63184.21,63270.0,14302.05801,19048.65409,16935.59661,14247.424,9522.10324,8034.66333,2964629,3933123,3573931,2671918,1970081,1768294,6709.60119,9344.30808,8148.66252,6709.20964,4669.85879,3833.13382,65675.01,64509.4,62958.01,63543.91,64298.01,63311.99,46.36,45.98,45.05,44.59,44.63,46.08,44.41,44.38,42.99,43.19,43.77,44.39,274832.158,230701.228,261982.744,197842.738,157579.327,203222.204,156247,165971,144737,123150,98807,115877,134035.543,108250.538,132396.843,95115.527,74651.792,100548.435,45.69,44.92,43.86,44.07,44.53,44.47,1839.77,1810.21,1762.99,1719.51,1749.55,1741.45,1758.0,1725.34,1671.79,1679.11,1704.06,1702.0,353577.549,334498.0575,312480.9656,165078.1984,159791.8211,123762.4689,3651200,4175463,3404966,2339768,1842588,1658599,175935.254,156023.0739,150925.452,86541.467,85441.3878,60145.8081,1792.99,1750.6,1711.11,1711.19,1741.08,1728.19
2026-06-22T00:00:00,66445.93,64806.0,63666.0,64388.0,64588.0,65622.83,63915.77,62272.07,62316.44,63184.21,63270.0,63312.0,19048.65409,16935.59661,14247.424,9522.10324,8034.66333,15423.10851,3933123,3573931,2671918,1970081,1768294,3521337,9344.30808,8148.66252,6709.20964,4669.85879,3833.13382,7677.53285,64509.4,62958.01,63543.91,64298.01,63311.99,64020.01,45.98,45.05,44.59,44.63,46.08,45.84,44.38,42.99,43.19,43.77,44.39,44.29,230701.228,261982.744,197842.738,157579.327,203222.204,197151.209,165971,144737,123150,98807,115877,134696,108250.538,132396.843,95115.527,74651.792,100548.435,93891.469,44.92,43.86,44.07,44.53,44.47,44.56,1810.21,1762.99,1719.51,1749.55,1741.45,1779.9,1725.34,1671.79,1679.11,1704.06,1702.0,1706.94,334498.0575,312480.9656,165078.1984,159791.8211,123762.4689,262657.182,4175463,3404966,2339768,1842588,1658599,3303043,156023.0739,150925.452,86541.467,85441.3878,60145.8081,132053.0362,1750.6,1711.11,1711.19,1741.08,1706.94,1667.13
2026-06-23T00:00:00,64806.0,63666.0,64388.0,64588.0,65622.83,64275.38,62272.07,62316.44,63184.21,63270.0,63312.0,61938.0,16935.59661,14247.424,9522.10324,8034.66333,15423.10851,20222.99292,3573931,2671918,1970081,1768294,3521337,3626190,8148.66252,6709.20964,4669.85879,3833.13382,7677.53285,9113.2674,62958.01,63543.91,64298.01,63311.99,64020.01,62734.57,45.05,44.59,44.63,46.08,45.84,44.68,42.99,43.19,43.77,44.39,44.29,41.8,261982.744,197842.738,157579.327,203222.204,197151.209,325938.161,144737,123150,98807,115877,134696,160737,132396.843,95115.527,74651.792,100548.435,93891.469,166389.733,43.86,44.07,44.53,44.47,44.56,42.17,1762.99,1719.51,1749.55,1741.45,1779.9,1736.25,1671.79,1679.11,1704.06,1702.0,1706.94,1635.65,312480.9656,165078.1984,159791.8211,123762.4689,262657.182,248262.012,3404966,2339768,1842588,1658599,3303043,3415279,150925.452,86541.467,85441.3878,60145.8081,132053.0362,120633.5298,1711.11,1711.19,1741.08,1706.94,1728.19,1622.17
2026-06-24T00:00:00,63666.0,64388.0,64588.0,65622.83,64275.38,63239.06,62316.44,63184.21,63270.0,63312.0,61938.0,59102.7,14247.424,9522.10324,8034.66333,15423.10851,20222.99292,30678.28543,2671918,1970081,1768294,3521337,3626190,5367531,6709.20964,4669.85879,3833.13382,7677.53285,9113.2674,14451.4544,63543.91,64298.01,63311.99,64020.01,62734.57,61077.99,44.59,44.63,46.08,45.84,44.68,42.42,43.19,43.77,44.39,44.29,41.8,39.32,197842.738,157579.327,203222.204,197151.209,325938.161,379040.036,123150,98807,115877,134696,160737,208795,95115.527,74651.792,100548.435,93891.469,166389.733,179664.776,44.07,44.53,44.47,44.56,42.17,41.19,1719.51,1749.55,1741.45,1779.9,1736.25,1693.67,1679.11,1704.06,1702.0,1706.94,1635.65,1552.95,165078.1984,159791.8211,123762.4689,262657.182,248262.012,355728.3403,2339768,1842588,1658599,3303043,3415279,5254099,86541.467,85441.3878,60145.8081,132053.0362,120633.5298,177192.2396,1711.19,1741.08,1706.94,1728.19,1667.13,1567.84
2026-06-25T00:00:00,64388.0,64588.0,65622.83,64275.38,63239.06,61962.4,63184.21,63270.0,63312.0,61938.0,59102.7,58115.01,9522.10324,8034.66333,15423.10851,20222.99292,30678.28543,30386.00694,1970081,1768294,3521337,3626190,5367531,5683275,4669.85879,3833.13382,7677.53285,9113.2674,14451.4544,14406.15352,64298.01,63311.99,64020.01,62734.57,61077.99,59794.0,44.63,46.08,45.84,44.68,42.42,42.0,43.77,44.39,44.29,41.8,39.32,39.28,157579.327,203222.204,197151.209,325938.161,379040.036,364920.241,98807,115877,134696,160737,208795,213285,74651.792,100548.435,93891.469,166389.733,179664.776,169708.007,44.53,44.47,44.56,42.17,41.19,40.92,1749.55,1741.45,1779.9,1736.25,1693.67,1660.54,1704.06,1702.0,1706.94,1635.65,1552.95,1532.9,159791.8211,123762.4689,262657.182,248262.012,355728.3403,440671.005,1842588,1658599,3303043,3415279,5254099,4454580,85441.3878,60145.8081,132053.0362,120633.5298,177192.2396,236247.0286,1741.08,1706.94,1728.19,1667.13,1622.17,1578.68
2026-06-26T00:00:00,64588.0,65622.83,64275.38,63239.06,61962.4,60759.99,63270.0,63312.0,61938.0,59102.7,58115.01,58337.0,8034.66333,15423.10851,20222.99292,30678.28543,30386.00694,27403.55723,1768294,3521337,3626190,5367531,5683275,6019134,3833.13382,7677.53285,9113.2674,14451.4544,14406.15352,13907.49037,63311.99,64020.01,62734.57,61077.99,59794.0,60097.27,46.08,45.84,44.68,42.42,42.0,42.18,44.39,44.29,41.8,39.32,39.28,40.03,203222.204,197151.209,325938.161,379040.036,364920.241,454853.245,115877,134696,160737,208795,213285,207542,100548.435,93891.469,166389.733,179664.776,169708.007,217461.751,44.47,44.56,42.17,41.19,40.92,41.91,1741.45,1779.9,1736.25,1693.67,1660.54,1594.7,1702.0,1706.94,1635.65,1552.95,1532.9,1512.0,123762.4689,262657.182,248262.012,355728.3403,440671.005,423691.4393,1658599,3303043,3415279,5254099,4454580,4010582,60145.8081,132053.0362,120633.5298,177192.2396,236247.0286,219134.2695,1706.94,1728.19,1667.13,1622.17,1567.84,1573.99
2026-06-27T00:00:00,65622.83,64275.38,63239.06,61962.4,60759.99,60941.17,63312.0,61938.0,59102.7,58115.01,58337.0,59855.16,15423.10851,20222.99292,30678.28543,30386.00694,27403.55723,9587.22916,3521337,3626190,5367531,5683275,6019134,1763416,7677.53285,9113.2674,14451.4544,14406.15352,13907.49037,5067.9265,64020.01,62734.57,61077.99,59794.0,60097.27,60029.0,45.84,44.68,42.42,42.0,42.18,43.3,44.29,41.8,39.32,39.28,40.03,41.71,197151.209,325938.161,379040.036,364920.241,454853.245,329191.931,134696,160737,208795,213285,207542,125800,93891.469,166389.733,179664.776,169708.007,217461.751,150648.717,44.56,42.17,41.19,40.92,41.91,42.17,1779.9,1736.25,1693.67,1660.54,1594.7,1611.02,1706.94,1635.65,1552.95,1532.9,1512.0,1562.86,262657.182,248262.012,355728.3403,440671.005,423691.4393,131592.3598,3303043,3415279,5254099,4454580,4010582,1281824,132053.0362,120633.5298,177192.2396,236247.0286,219134.2695,67386.1857,1728.19,1667.13,1622.17,1567.84,1578.68,1571.96
2026-06-28T00:00:00,64275.38,63239.06,61962.4,60759.99,60941.17,60545.01,61938.0,59102.7,58115.01,58337.0,59855.16,58905.0,20222.99292,30678.28543,30386.00694,27403.55723,9587.22916,8907.13796,3626190,5367531,5683275,6019134,1763416,2299232,9113.2674,14451.4544,14406.15352,13907.49037,5067.9265,4290.64588,62734.57,61077.99,59794.0,60097.27,60029.0,59577.01,44.68,42.42,42.0,42.18,43.3,43.37,41.8,39.32,39.28,40.03,41.71,41.9,325938.161,379040.036,364920.241,454853.245,329191.931,227075.393,160737,208795,213285,207542,125800,132188,166389.733,179664.776,169708.007,217461.751,150648.717,117072.353,42.17,41.19,40.92,41.91,42.17,42.53,1736.25,1693.67,1660.54,1594.7,1611.02,1588.82,1635.65,1552.95,1532.9,1512.0,1562.86,1548.37,248262.012,355728.3403,440671.005,423691.4393,131592.3598,140181.1417,3415279,5254099,4454580,4010582,1281824,1506628,120633.5298,177192.2396,236247.0286,219134.2695,67386.1857,70060.9956,1667.13,1622.17,1567.84,1578.68,1573.99,1613.07
2026-06-29T00:00:00,63239.06,61962.4,60759.99,60941.17,60545.01,60780.57,59102.7,58115.01,58337.0,59855.16,58905.0,58900.01,30678.28543,30386.00694,27403.55723,9587.22916,8907.13796,20203.14178,5367531,5683275,6019134,1763416,2299232,4884336,14451.4544,14406.15352,13907.49037,5067.9265,4290.64588,10334.16227,61077.99,59794.0,60097.27,60029.0,59577.01,60260.21,42.42,42.0,42.18,43.3,43.37,43.44,39.32,39.28,40.03,41.71,41.9,42.12,379040.036,364920.241,454853.245,329191.931,227075.393,306960.233,208795,213285,207542,125800,132188,177745,179664.776,169708.007,217461.751,150648.717,117072.353,144810.827,41.19,40.92,41.91,42.17,42.53,43.2,1693.67,1660.54,1594.7,1611.02,1588.82,1637.58,1552.95,1532.9,1512.0,1562.86,1548.37,1550.43,355728.3403,440671.005,423691.4393,131592.3598,140181.1417,309968.9748,5254099,4454580,4010582,1281824,1506628,2959728,177192.2396,236247.0286,219134.2695,67386.1857,70060.9956,155013.503,1622.17,1567.84,1578.68,1573.99,1571.96,1572.01
2026-06-30T00:00:00,61962.4,60759.99,60941.17,60545.01,60780.57,60276.54,58115.01,58337.0,59855.16,58905.0,58900.01,58201.0,30386.00694,27403.55723,9587.22916,8907.13796,20203.14178,19639.82787,5683275,6019134,1763416,2299232,4884336,3804809,14406.15352,13907.49037,5067.9265,4290.64588,10334.16227,8879.55126,59794.0,60097.27,60029.0,59577.01,60260.21,58624.71,42.0,42.18,43.3,43.37,43.44,43.21,39.28,40.03,41.71,41.9,42.12,41.59,364920.241,454853.245,329191.931,227075.393,306960.233,292275.166,213285,207542,125800,132188,177745,132254,169708.007,217461.751,150648.717,117072.353,144810.827,147793.839,40.92,41.91,42.17,42.53,43.2,41.93,1660.54,1594.7,1611.02,1588.82,1637.58,1614.41,1532.9,1512.0,1562.86,1548.37,1550.43,1550.2,440671.005,423691.4393,131592.3598,140181.1417,309968.9748,222057.2042,4454580,4010582,1281824,1506628,2959728,2013738,236247.0286,219134.2695,67386.1857,70060.9956,155013.503,104379.84,1567.84,1578.68,1573.99,1571.96,1613.07,1609.58
2026-07-01T00:00:00,60759.99,60941.17,60545.01,60780.57,60276.54,61334.0,58337.0,59855.16,58905.0,58900.01,58201.0,57800.19,27403.55723,9587.22916,8907.13796,20203.14178,19639.82787,25093.44662,6019134,1763416,2299232,4884336,3804809,4166849,13907.49037,5067.9265,4290.64588,10334.16227,8879.55126,12936.11295,60097.27,60029.0,59577.01,60260.21,58624.71,60024.0,42.18,43.3,43.37,43.44,43.21,43.7,40.03,41.71,41.9,42.12,41.59,41.14,454853.245,329191.931,227075.393,306960.233,292275.166,344831.479,207542,125800,132188,177745,132254,160104,217461.751,150648.717,117072.353,144810.827,147793.839,171096.794,41.91,42.17,42.53,43.2,41.93,42.71,1594.7,1611.02,1588.82,1637.58,1614.41,1646.26,1512.0,1562.86,1548.37,1550.43,1550.2,1552.92,423691.4393,131592.3598,140181.1417,309968.9748,222057.2042,306536.311,4010582,1281824,1506628,2959728,2013738,2678598,219134.2695,67386.1857,70060.9956,155013.503,104379.84,156369.5022,1578.68,1573.99,1571.96,1613.07,1572.01,1700.57
2026-07-02T00:00:00,60941.17,60545.01,60780.57,60276.54,61334.0,62200.0,59855.16,58905.0,58900.01,58201.0,57800.19,59588.0,9587.22916,8907.13796,20203.14178,19639.82787,25093.44662,21382.14163,1763416,2299232,4884336,3804809,4166849,3883096,5067.9265,4290.64588,10334.16227,8879.55126,12936.11295,11394.85517,60029.0,59577.01,60260.21,58624.71,60024.0,61560.0,43.3,43.37,43.44,43.21,43.7,43.93,41.71,41.9,42.12,41.59,41.14,42.42,329191.931,227075.393,306960.233,292275.166,344831.479,360361.164,125800,132188,177745,132254,160104,151729,150648.717,117072.353,144810.827,147793.839,171096.794,191992.906,42.17,42.53,43.2,41.93,42.71,43.54,1611.02,1588.82,1637.58,1614.41,1646.26,1725.0,1562.86,1548.37,1550.43,1550.2,1552.92,1597.22,131592.3598,140181.1417,309968.9748,222057.2042,306536.311,373453.5082,1281824,1506628,2959728,2013738,2678598,2999563,67386.1857,70060.9956,155013.503,104379.84,156369.5022,199786.5508,1573.99,1571.96,1613.07,1572.01,1609.58,1758.21
2026-07-03T00:00:00,60545.01,60780.57,60276.54,61334.0,62200.0,62979.86,58905.0,58900.01,58201.0,57800.19,59588.0,61248.86,8907.13796,20203.14178,19639.82787,25093.44662,21382.14163,14048.98627,2299232,4884336,3804809,4166849,3883096,2571531,4290.64588,10334.16227,8879.55126,12936.11295,11394.85517,7249.98683,59577.01,60260.21,58624.71,60024.0,61560.0,62583.26,43.37,43.44,43.21,43.7,43.93,45.35,41.9,42.12,41.59,41.14,42.42,43.1,227075.393,306960.233,292275.166,344831.479,360361.164,309381.745,132188,177745,132254,160104,151729,127018,117072.353,144810.827,147793.839,171096.794,191992.906,163703.753,42.53,43.2,41.93,42.71,43.54,44.82,1588.82,1637.58,1614.41,1646.26,1725.0,1775.78,1548.37,1550.43,1550.2,1552.92,1597.22,1694.72,140181.1417,309968.9748,222057.2042,306536.311,373453.5082,244416.868,1506628,2959728,2013738,2678598,2999563,2558467,70060.9956,155013.503,104379.84,156369.5022,199786.5508,129829.1354,1571.96,1613.07,1572.01,1609.58,1700.57,1780.64
2026-07-04T00:00:00,60780.57,60276.54,61334.0,62200.0,62979.86,63461.99,58900.01,58201.0,57800.19,59588.0,61248.86,62328.24,20203.14178,19639.82787,25093.44662,21382.14163,14048.98627,9139.8274,4884336,3804809,4166849,3883096,2571531,1643288,10334.16227,8879.55126,12936.11295,11394.85517,7249.98683,4753.53597,60260.21,58624.71,60024.0,61560.0,62583.26,63144.01,43.44,43.21,43.7,43.93,45.35,45.71,42.12,41.59,41.14,42.42,43.1,43.96,306960.233,292275.166,344831.479,360361.164,309381.745,277720.818,177745,132254,160104,151729,127018,118836,144810.827,147793.839,171096.794,191992.906,163703.753,136015.85,43.2,41.93,42.71,43.54,44.82,44.86,1637.58,1614.41,1646.26,1725.0,1775.78,1807.65,1550.43,1550.2,1552.92,1597.22,1694.72,1744.09,309968.9748,222057.2042,306536.311,373453.5082,244416.868,190880.1497,2959728,2013738,2678598,2999563,2558467,1984105,155013.503,104379.84,156369.5022,199786.5508,129829.1354,98915.7658,1613.07,1572.01,1609.58,1700.57,1758.21,1785.65
2026-07-05T00:00:00,60276.54,61334.0,62200.0,62979.86,63461.99,63999.0,58201.0,57800.19,59588.0,61248.86,62328.24,62436.59,19639.82787,25093.44662,21382.14163,14048.98627,9139.8274,9172.07758,3804809,4166849,3883096,2571531,1643288,1790183,8879.55126,12936.11295,11394.85517,7249.98683,4753.53597,4565.93641,58624.71,60024.0,61560.0,62583.26,63144.01,63650.0,43.21,43.7,43.93,45.35,45.71,46.15,41.59,41.14,42.42,43.1,43.96,44.01,292275.166,344831.479,360361.164,309381.745,277720.818,297125.987,132254,160104,151729,127018,118836,130067,147793.839,171096.794,191992.906,163703.753,136015.85,148462.544,41.93,42.71,43.54,44.82,44.86,45.82,1614.41,1646.26,1725.0,1775.78,1807.65,1808.0,1550.2,1552.92,1597.22,1694.72,1744.09,1748.79,222057.2042,306536.311,373453.5082,244416.868,190880.1497,389673.4191,2013738,2678598,2999563,2558467,1984105,2710301,104379.84,156369.5022,199786.5508,129829.1354,98915.7658,186115.1562,1572.01,1609.58,1700.57,1758.21,1780.64,1799.56
2026-07-06T00:00:00,61334.0,62200.0,62979.86,63461.99,63999.0,64700.0,57800.19,59588.0,61248.86,62328.24,62436.59,61306.84,25093.44662,21382.14163,14048.98627,9139.8274,9172.07758,21435.28437,4166849,3883096,2571531,1643288,1790183,3777895,12936.11295,11394.85517,7249.98683,4753.53597,4565.93641,11556.55192,60024.0,61560.0,62583.26,63144.01,63650.0,64042.02,43.7,43.93,45.35,45.71,46.15,46.03,41.14,42.42,43.1,43.96,44.01,43.76,344831.479,360361.164,309381.745,277720.818,297125.987,339845.051,160104,151729,127018,118836,130067,153820,171096.794,191992.906,163703.753,136015.85,148462.544,156807.928,42.71,43.54,44.82,44.86,45.82,44.84,1646.26,1725.0,1775.78,1807.65,1808.0,1833.4,1552.92,1597.22,1694.72,1744.09,1748.79,1728.95,306536.311,373453.5082,244416.868,190880.1497,389673.4191,305879.3304,2678598,2999563,2558467,1984105,2710301,2770665,156369.5022,199786.5508,129829.1354,98915.7658,186115.1562,156283.9234,1609.58,1700.57,1758.21,1780.64,1785.65,1771.45
2026-07-07T00:00:00,62200.0,62979.86,63461.99,63999.0,64700.0,64314.0,59588.0,61248.86,62328.24,62436.59,61306.84,62671.39,21382.14163,14048.98627,9139.8274,9172.07758,21435.28437,16834.20823,3883096,2571531,1643288,1790183,3777895,3282102,11394.85517,7249.98683,4753.53597,4565.93641,11556.55192,8128.20476,61560.0,62583.26,63144.01,63650.0,64042.02,63363.99,43.93,45.35,45.71,46.15,46.03,45.0,42.42,43.1,43.96,44.01,43.76,43.66,360361.164,309381.745,277720.818,297125.987,339845.051,244017.888,151729,127018,118836,130067,153820,124447,191992.906,163703.753,136015.85,148462.544,156807.928,121106.807,43.54,44.82,44.86,45.82,44.84,43.91,1725.0,1775.78,1807.65,1808.0,1833.4,1813.16,1597.22,1694.72,1744.09,1748.79,1728.95,1757.57,373453.5082,244416.868,190880.1497,389673.4191,305879.3304,241536.7253,2999563,2558467,1984105,2710301,2770665,2520272,199786.5508,129829.1354,98915.7658,186115.1562,156283.9234,117218.5185,1700.57,1758.21,1780.64,1785.65,1799.56,1743.54
2026-07-08T00:00:00,62979.86,63461.99,63999.0,64700.0,64314.0,63761.99,61248.86,62328.24,62436.59,61306.84,62671.39,61544.56,14048.98627,9139.8274,9172.07758,21435.28437,16834.20823,18620.09796,2571531,1643288,1790183,3777895,3282102,3598487,7249.98683,4753.53597,4565.93641,11556.55192,8128.20476,8338.57026,62583.26,63144.01,63650.0,64042.02,63363.99,62290.0,45.35,45.71,46.15,46.03,45.0,44.07,43.1,43.96,44.01,43.76,43.66,43.17,309381.745,277720.818,297125.987,339845.051,244017.888,395441.486,127018,118836,130067,153820,124447,151996,163703.753,136015.85,148462.544,156807.928,121106.807,189302.666,44.82,44.86,45.82,44.84,43.91,43.66,1775.78,1807.65,1808.0,1833.4,1813.16,1785.0,1694.72,1744.09,1748.79,1728.95,1757.57,1713.44,244416.868,190880.1497,389673.4191,305879.3304,241536.7253,225231.2254,2558467,1984105,2710301,2770665,2520272,2459826,129829.1354,98915.7658,186115.1562,156283.9234,117218.5185,107440.578,1758.21,1780.64,1785.65,1799.56,1771.45,1745.16
2026-07-09T00:00:00,63461.99,63999.0,64700.0,64314.0,63761.99,63500.0,62328.24,62436.59,61306.84,62671.39,61544.56,61705.29,9139.8274,9172.07758,21435.28437,16834.20823,18620.09796,16742.80672,1643288,1790183,3777895,3282102,3598487,3176050,4753.53597,4565.93641,11556.55192,8128.20476,8338.57026,7922.48357,63144.01,63650.0,64042.02,63363.99,62290.0,63230.0,45.71,46.15,46.03,45.0,44.07,44.33,43.96,44.01,43.76,43.66,43.17,43.42,277720.818,297125.987,339845.051,244017.888,395441.486,215987.587,118836,130067,153820,124447,151996,102259,136015.85,148462.544,156807.928,121106.807,189302.666,103085.202,44.86,45.82,44.84,43.91,43.66,43.8,1807.65,1808.0,1833.4,1813.16,1785.0,1762.36,1744.09,1748.79,1728.95,1757.57,1713.44,1721.93,190880.1497,389673.4191,305879.3304,241536.7253,225231.2254,173705.2572,1984105,2710301,2770665,2520272,2459826,1852063,98915.7658,186115.1562,156283.9234,117218.5185,107440.578,87235.1274,1780.64,1785.65,1799.56,1771.45,1743.54,1796.85
2026-07-10T00:00:00,63999.0,64700.0,64314.0,63761.99,63500.0,64692.83,62436.59,61306.84,62671.39,61544.56,61705.29,62926.01,9172.07758,21435.28437,16834.20823,18620.09796,16742.80672,17589.00122,1790183,3777895,3282102,3598487,3176050,2927425,4565.93641,11556.55192,8128.20476,8338.57026,7922.48357,8727.5029,63650.0,64042.02,63363.99,62290.0,63230.0,64161.72,46.15,46.03,45.0,44.07,44.33,44.9,44.01,43.76,43.66,43.17,43.42,43.59,297125.987,339845.051,244017.888,395441.486,215987.587,213820.219,130067,153820,124447,151996,102259,100144,148462.544,156807.928,121106.807,189302.666,103085.202,103639.413,45.82,44.84,43.91,43.66,43.8,44.78,1808.0,1833.4,1813.16,1785.0,1762.36,1812.0,1748.79,1728.95,1757.57,1713.44,1721.93,1737.68,389673.4191,305879.3304,241536.7253,225231.2254,173705.2572,215605.8045,2710301,2770665,2520272,2459826,1852063,1885371,186115.1562,156283.9234,117218.5185,107440.578,87235.1274,111540.9027,1785.65,1799.56,1771.45,1743.54,1745.16,1787.76
2026-07-11T00:00:00,64700.0,64314.0,63761.99,63500.0,64692.83,64504.11,61306.84,62671.39,61544.56,61705.29,62926.01,63819.0,21435.28437,16834.20823,18620.09796,16742.80672,17589.00122,9151.97432,3777895,3282102,3598487,3176050,2927425,1406178,11556.55192,8128.20476,8338.57026,7922.48357,8727.5029,3908.28562,64042.02,63363.99,62290.0,63230.0,64161.72,63819.0,46.03,45.0,44.07,44.33,44.9,45.55,43.76,43.66,43.17,43.42,43.59,44.6,339845.051,244017.888,395441.486,215987.587,213820.219,171082.839,153820,124447,151996,102259,100144,78505,156807.928,121106.807,189302.666,103085.202,103639.413,87441.987,44.84,43.91,43.66,43.8,44.78,44.65,1833.4,1813.16,1785.0,1762.36,1812.0,1830.0,1728.95,1757.57,1713.44,1721.93,1737.68,1786.58,305879.3304,241536.7253,225231.2254,173705.2572,215605.8045,178703.4183,2770665,2520272,2459826,1852063,1885371,1196630,156283.9234,117218.5185,107440.578,87235.1274,111540.9027,82847.9976,1799.56,1771.45,1743.54,1745.16,1796.85,1806.8
2026-07-12T00:00:00,64314.0,63761.99,63500.0,64692.83,64504.11,64290.11,62671.39,61544.56,61705.29,62926.01,63819.0,63640.83,16834.20823,18620.09796,16742.80672,17589.00122,9151.97432,13914.83703,3282102,3598487,3176050,2927425,1406178,1919605,8128.20476,8338.57026,7922.48357,8727.5029,3908.28562,6757.00737,63363.99,62290.0,63230.0,64161.72,63819.0,63780.0,45.0,44.07,44.33,44.9,45.55,44.9,43.66,43.17,43.42,43.59,44.6,43.98,244017.888,395441.486,215987.587,213820.219,171082.839,149343.537,124447,151996,102259,100144,78505,77152,121106.807,189302.666,103085.202,103639.413,87441.987,73106.526,43.91,43.66,43.8,44.78,44.65,44.01,1813.16,1785.0,1762.36,1812.0,1830.0,1826.92,1757.57,1713.44,1721.93,1737.68,1786.58,1779.46,241536.7253,225231.2254,173705.2572,215605.8045,178703.4183,141072.9835,2520272,2459826,1852063,1885371,1196630,1163165,117218.5185,107440.578,87235.1274,111540.9027,82847.9976,67542.1325,1771.45,1743.54,1745.16,1796.85,1787.76,1776.72
2026-07-13T00:00:00,63761.99,63500.0,64692.83,64504.11,64290.11,64425.0,61544.56,61705.29,62926.01,63819.0,63640.83,61824.97,18620.09796,16742.80672,17589.00122,9151.97432,13914.83703,21682.50204,3598487,3176050,2927425,1406178,1919605,3349712,8338.57026,7922.48357,8727.5029,3908.28562,6757.00737,9861.43724,62290.0,63230.0,64161.72,63819.0,63780.0,62334.52,44.07,44.33,44.9,45.55,44.9,44.55,43.17,43.42,43.59,44.6,43.98,42.92,395441.486,215987.587,213820.219,171082.839,149343.537,238704.576,151996,102259,100144,78505,77152,118074,189302.666,103085.202,103639.413,87441.987,73106.526,116412.479,43.66,43.8,44.78,44.65,44.01,43.57,1785.0,1762.36,1812.0,1830.0,1826.92,1846.0,1713.44,1721.93,1737.68,1786.58,1779.46,1750.2,225231.2254,173705.2572,215605.8045,178703.4183,141072.9835,295031.6198,2459826,1852063,1885371,1196630,1163165,2649302,107440.578,87235.1274,111540.9027,82847.9976,67542.1325,139033.3963,1743.54,1745.16,1796.85,1787.76,1806.8,1891.87
2026-07-14T00:00:00,63500.0,64692.83,64504.11,64290.11,64425.0,65100.0,61705.29,62926.01,63819.0,63640.83,61824.97,62272.2,16742.80672,17589.00122,9151.97432,13914.83703,21682.50204,20552.41384,3176050,2927425,1406178,1919605,3349712,3080945,7922.48357,8727.5029,3908.28562,6757.00737,9861.43724,10847.48978,63230.0,64161.72,63819.0,63780.0,62334.52,65043.98,44.33,44.9,45.55,44.9,44.55,45.5,43.42,43.59,44.6,43.98,42.92,43.42,215987.587,213820.219,171082.839,149343.537,238704.576,280249.638,102259,100144,78505,77152,118074,120584,103085.202,103639.413,87441.987,73106.526,116412.479,157464.92,43.8,44.78,44.65,44.01,43.57,45.41,1762.36,1812.0,1830.0,1826.92,1846.0,1896.14,1721.93,1737.68,1786.58,1779.46,1750.2,1773.41,173705.2572,215605.8045,178703.4183,141072.9835,295031.6198,368913.772,1852063,1885371,1196630,1163165,2649302,3283907,87235.1274,111540.9027,82847.9976,67542.1325,139033.3963,202166.4648,1745.16,1796.85,1787.76,1806.8,1776.72,1917.86
2026-07-15T00:00:00,64692.83,64504.11,64290.11,64425.0,65100.0,65600.0,62926.01,63819.0,63640.83,61824.97,62272.2,64485.0,17589.00122,9151.97432,13914.83703,21682.50204,20552.41384,18401.89741,2927425,1406178,1919605,3349712,3080945,2668919,8727.5029,3908.28562,6757.00737,9861.43724,10847.48978,9009.48362,64161.72,63819.0,63780.0,62334.52,65043.98,64756.28,44.9,45.55,44.9,44.55,45.5,46.1,43.59,44.6,43.98,42.92,43.42,44.63,213820.219,171082.839,149343.537,238704.576,280249.638,442147.019,100144,78505,77152,118074,120584,166326,103639.413,87441.987,73106.526,116412.479,157464.92,239007.173,44.78,44.65,44.01,43.57,45.41,45.18,1812.0,1830.0,1826.92,1846.0,1896.14,1946.52,1737.68,1786.58,1779.46,1750.2,1773.41,1864.38,215605.8045,178703.4183,141072.9835,295031.6198,368913.772,319800.9693,1885371,1196630,1163165,2649302,3283907,2766157,111540.9027,82847.9976,67542.1325,139033.3963,202166.4648,164441.1035,1796.85,1787.76,1806.8,1776.72,1891.87,1864.71
2026-07-16T00:00:00,64504.11,64290.11,64425.0,65100.0,65600.0,64997.52,63819.0,63640.83,61824.97,62272.2,64485.0,63748.74,9151.97432,13914.83703,21682.50204,20552.41384,18401.89741,18764.52679,1406178,1919605,3349712,3080945,2668919,2813481,3908.28562,6757.00737,9861.43724,10847.48978,9009.48362,9007.30607,63819.0,63780.0,62334.52,65043.98,64756.28,63830.2,45.55,44.9,44.55,45.5,46.1,45.42,44.6,43.98,42.92,43.42,44.63,44.35,171082.839,149343.537,238704.576,280249.638,442147.019,420200.16,78505,77152,118074,120584,166326,122201,87441.987,73106.526,116412.479,157464.92,239007.173,210108.33,44.65,44.01,43.57,45.41,45.18,44.94,1830.0,1826.92,1846.0,1896.14,1946.52,1929.48,1786.58,1779.46,1750.2,1773.41,1864.38,1857.54,178703.4183,141072.9835,295031.6198,368913.772,319800.9693,271689.0863,1196630,1163165,2649302,3283907,2766157,2577028,82847.9976,67542.1325,139033.3963,202166.4648,164441.1035,124124.427,1787.76,1806.8,1776.72,1891.87,1917.86,1841.93
2026-07-17T00:00:00,64290.11,64425.0,65100.0,65600.0,64997.52,64387.99,63640.83,61824.97,62272.2,64485.0,63748.74,62537.56,13914.83703,21682.50204,20552.41384,18401.89741,18764.52679,18189.89389,1919605,3349712,3080945,2668919,2813481,3239296,6757.00737,9861.43724,10847.48978,9009.48362,9007.30607,8618.43801,63780.0,62334.52,65043.98,64756.28,63830.2,63931.67,44.9,44.55,45.5,46.1,45.42,45.91,43.98,42.92,43.42,44.63,44.35,44.09,149343.537,238704.576,280249.638,442147.019,420200.16,375989.13,77152,118074,120584,166326,122201,175164,73106.526,116412.479,157464.92,239007.173,210108.33,175387.537,44.01,43.57,45.41,45.18,44.94,45.17,1826.92,1846.0,1896.14,1946.52,1929.48,1871.08,1779.46,1750.2,1773.41,1864.38,1857.54,1803.05,141072.9835,295031.6198,368913.772,319800.9693,271689.0863,253027.7556,1163165,2649302,3283907,2766157,2577028,2654101,67542.1325,139033.3963,202166.4648,164441.1035,124124.427,127019.9006,1806.8,1776.72,1891.87,1917.86,1864.71,1862.61
2026-07-18T00:00:00,64425.0,65100.0,65600.0,64997.52,64387.99,64865.0,61824.97,62272.2,64485.0,63748.74,62537.56,63886.65,21682.50204,20552.41384,18401.89741,18764.52679,18189.89389,8031.18012,3349712,3080945,2668919,2813481,3239296,1088701,9861.43724,10847.48978,9009.48362,9007.30607,8618.43801,4100.21428,62334.52,65043.98,64756.28,63830.2,63931.67,64834.22,44.55,45.5,46.1,45.42,45.91,47.89,42.92,43.42,44.63,44.35,44.09,45.06,238704.576,280249.638,442147.019,420200.16,375989.13,448144.389,118074,120584,166326,122201,175164,169538,116412.479,157464.92,239007.173,210108.33,175387.537,240751.049,43.57,45.41,45.18,44.94,45.17,47.01,1846.0,1896.14,1946.52,1929.48,1871.08,1867.58,1750.2,1773.41,1864.38,1857.54,1803.05,1837.58,295031.6198,368913.772,319800.9693,271689.0863,253027.7556,92597.9232,2649302,3283907,2766157,2577028,2654101,898148,139033.3963,202166.4648,164441.1035,124124.427,127019.9006,49679.7706,1776.72,1891.87,1917.86,1864.71,1841.93,1872.23
2026-07-19T00:00:00,65100.0,65600.0,64997.52,64387.99,64865.0,64967.25,62272.2,64485.0,63748.74,62537.56,63886.65,64280.0,20552.41384,18401.89741,18764.52679,18189.89389,8031.18012,8379.91474,3080945,2668919,2813481,3239296,1088701,1464337,10847.48978,9009.48362,9007.30607,8618.43801,4100.21428,4281.97001,65043.98,64756.28,63830.2,63931.67,64834.22,64722.54,45.5,46.1,45.42,45.91,47.89,47.9,43.42,44.63,44.35,44.09,45.06,46.7,280249.638,442147.019,420200.16,375989.13,448144.389,260983.155,120584,166326,122201,175164,169538,138192,157464.92,239007.173,210108.33,175387.537,240751.049,129935.729,45.41,45.18,44.94,45.17,47.01,47.07,1896.14,1946.52,1929.48,1871.08,1867.58,1879.38,1773.41,1864.38,1857.54,1803.05,1837.58,1851.71,368913.772,319800.9693,271689.0863,253027.7556,92597.9232,143922.6662,3283907,2766157,2577028,2654101,898148,1375145,202166.4648,164441.1035,124124.427,127019.9006,49679.7706,72477.4109,1891.87,1917.86,1864.71,1841.93,1862.61,1904.77
2026-07-20T00:00:00,65600.0,64997.52,64387.99,64865.0,64967.25,65799.0,64485.0,63748.74,62537.56,63886.65,64280.0,63100.0,18401.89741,18764.52679,18189.89389,8031.18012,8379.91474,21323.48702,2668919,2813481,3239296,1088701,1464337,3606847,9009.48362,9007.30607,8618.43801,4100.21428,4281.97001,10104.82668,64756.28,63830.2,63931.67,64834.22,64722.54,65255.51,46.1,45.42,45.91,47.89,47.9,47.82,44.63,44.35,44.09,45.06,46.7,46.42,442147.019,420200.16,375989.13,448144.389,260983.155,408695.191,166326,122201,175164,169538,138192,219359,239007.173,210108.33,175387.537,240751.049,129935.729,194477.446,45.18,44.94,45.17,47.01,47.07,47.37,1946.52,1929.48,1871.08,1867.58,1879.38,1918.16,1864.38,1857.54,1803.05,1837.58,1851.71,1843.14,319800.9693,271689.0863,253027.7556,92597.9232,143922.6662,271195.633,2766157,2577028,2654101,898148,1375145,2898762,164441.1035,124124.427,127019.9006,49679.7706,72477.4109,139935.4434,1917.86,1864.71,1841.93,1862.61,1872.23,1930.09
2026-07-21T00:00:00,64997.52,64387.99,64865.0,64967.25,65799.0,66956.15,63748.74,62537.56,63886.65,64280.0,63100.0,65148.75,18764.52679,18189.89389,8031.18012,8379.91474,21323.48702,18618.28087,2813481,3239296,1088701,1464337,3606847,3005241,9007.30607,8618.43801,4100.21428,4281.97001,10104.82668,9545.80868,63830.2,63931.67,64834.22,64722.54,65255.51,66556.16,45.42,45.91,47.89,47.9,47.82,48.15,44.35,44.09,45.06,46.7,46.42,46.66,420200.16,375989.13,448144.389,260983.155,408695.191,237478.44,122201,175164,169538,138192,219359,155734,210108.33,175387.537,240751.049,129935.729,194477.446,115173.078,44.94,45.17,47.01,47.07,47.37,46.87,1929.48,1871.08,1867.58,1879.38,1918.16,1953.0,1857.54,1803.05,1837.58,1851.71,1843.14,1900.74,271689.0863,253027.7556,92597.9232,143922.6662,271195.633,326965.6779,2577028,2654101,898148,1375145,2898762,2430342,124124.427,127019.9006,49679.7706,72477.4109,139935.4434,178850.1688,1864.71,1841.93,1862.61,1872.23,1904.77,1934.25
2026-07-22T00:00:00,64387.99,64865.0,64967.25,65799.0,66956.15,66739.89,62537.56,63886.65,64280.0,63100.0,65148.75,65553.67,18189.89389,8031.18012,8379.91474,21323.48702,18618.28087,18074.86602,3239296,1088701,1464337,3606847,3005241,3381825,8618.43801,4100.21428,4281.97001,10104.82668,9545.80868,8854.46937,63931.67,64834.22,64722.54,65255.51,66556.16,66114.49,45.91,47.89,47.9,47.82,48.15,47.63,44.09,45.06,46.7,46.42,46.66,46.33,375989.13,448144.389,260983.155,408695.191,237478.44,201017.757,175164,169538,138192,219359,155734,128437,175387.537,240751.049,129935.729,194477.446,115173.078,97156.769,45.17,47.01,47.07,47.37,46.87,47.14,1871.08,1867.58,1879.38,1918.16,1953.0,1956.45,1803.05,1837.58,1851.71,1843.14,1900.74,1910.68,253027.7556,92597.9232,143922.6662,271195.633,326965.6779,251140.8253,2654101,898148,1375145,2898762,2430342,2535468,127019.9006,49679.7706,72477.4109,139935.4434,178850.1688,123958.4642,1841.93,1862.61,1872.23,1904.77,1930.09,1878.38
2026-07-23T00:00:00,64865.0,64967.25,65799.0,66956.15,66739.89,66313.14,63886.65,64280.0,63100.0,65148.75,65553.67,64650.0,8031.18012,8379.91474,21323.48702,18618.28087,18074.86602,14698.22673,1088701,1464337,3606847,3005241,3381825,2557299,4100.21428,4281.97001,10104.82668,9545.80868,8854.46937,7036.32429,64834.22,64722.54,65255.51,66556.16,66114.49,65098.97,47.89,47.9,47.82,48.15,47.63,47.56,45.06,46.7,46.42,46.66,46.33,46.2,448144.389,260983.155,408695.191,237478.44,201017.757,326928.729,169538,138192,219359,155734,128437,150291,240751.049,129935.729,194477.446,115173.078,97156.769,156097.021,47.01,47.07,47.37,46.87,47.14,46.96,1867.58,1879.38,1918.16,1953.0,1956.45,1941.5,1837.58,1851.71,1843.14,1900.74,1910.68,1869.44,92597.9232,143922.6662,271195.633,326965.6779,251140.8253,219789.0733,898148,1375145,2898762,2430342,2535468,2040809,49679.7706,72477.4109,139935.4434,178850.1688,123958.4642,99799.0967,1862.61,1872.23,1904.77,1930.09,1934.25,1861.44
2026-07-24T00:00:00,64967.25,65799.0,66956.15,66739.89,66313.14,65808.59,64280.0,63100.0,65148.75,65553.67,64650.0,63739.75,8379.91474,21323.48702,18618.28087,18074.86602,14698.22673,16821.2718,1464337,3606847,3005241,3381825,2557299,2467691,4281.97001,10104.82668,9545.80868,8854.46937,7036.32429,8133.22286,64722.54,65255.51,66556.16,66114.49,65098.97,64139.99,47.9,47.82,48.15,47.63,47.56,47.42,46.7,46.42,46.66,46.33,46.2,45.89,260983.155,408695.191,237478.44,201017.757,326928.729,262698.682,138192,219359,155734,128437,150291,117645,129935.729,194477.446,115173.078,97156.769,156097.021,114127.516,47.07,47.37,46.87,47.14,46.96,46.36,1879.38,1918.16,1953.0,1956.45,1941.5,1909.8,1851.71,1843.14,1900.74,1910.68,1869.44,1848.09,143922.6662,271195.633,326965.6779,251140.8253,219789.0733,200795.4361,1375145,2898762,2430342,2535468,2040809,2134534,72477.4109,139935.4434,178850.1688,123958.4642,99799.0967,102087.8997,1872.23,1904.77,1930.09,1934.25,1878.38,1874.89
2026-07-25T00:00:00,65799.0,66956.15,66739.89,66313.14,65808.59,64475.28,63100.0,65148.75,65553.67,64650.0,63739.75,63810.0,21323.48702,18618.28087,18074.86602,14698.22673,16821.2718,8863.0503,3606847,3005241,3381825,2557299,2467691,1005338,10104.82668,9545.80868,8854.46937,7036.32429,8133.22286,4621.49495,65255.51,66556.16,66114.49,65098.97,64139.99,64375.0,47.82,48.15,47.63,47.56,47.42,46.7,46.42,46.66,46.33,46.2,45.89,45.75,408695.191,237478.44,201017.757,326928.729,262698.682,185461.928,219359,155734,128437,150291,117645,72993,194477.446,115173.078,97156.769,156097.021,114127.516,88225.378,47.37,46.87,47.14,46.96,46.36,46.56,1918.16,1953.0,1956.45,1941.5,1909.8,1877.07,1843.14,1900.74,1910.68,1869.44,1848.09,1851.22,271195.633,326965.6779,251140.8253,219789.0733,200795.4361,88434.488,2898762,2430342,2535468,2040809,2134534,763113,139935.4434,178850.1688,123958.4642,99799.0967,102087.8997,45312.7075,1904.77,1930.09,1934.25,1878.38,1861.44,1954.72
2026-07-26T00:00:00,66956.15,66739.89,66313.14,65808.59,64475.28,65577.0,65148.75,65553.67,64650.0,63739.75,63810.0,64293.81,18618.28087,18074.86602,14698.22673,16821.2718,8863.0503,7933.06089,3005241,3381825,2557299,2467691,1005338,1138023,9545.80868,8854.46937,7036.32429,8133.22286,4621.49495,4091.47971,66556.16,66114.49,65098.97,64139.99,64375.0,65399.99,48.15,47.63,47.56,47.42,46.7,48.28,46.66,46.33,46.2,45.89,45.75,46.49,237478.44,201017.757,326928.729,262698.682,185461.928,279376.435,155734,128437,150291,117645,72993,115824,115173.078,97156.769,156097.021,114127.516,88225.378,150035.566,46.87,47.14,46.96,46.36,46.56,47.84,1953.0,1956.45,1941.5,1909.8,1877.07,1967.36,1900.74,1910.68,1869.44,1848.09,1851.22,1873.85,326965.6779,251140.8253,219789.0733,200795.4361,88434.488,153233.6949,2430342,2535468,2040809,2134534,763113,1515963,178850.1688,123958.4642,99799.0967,102087.8997,45312.7075,80698.9915,1930.09,1934.25,1878.38,1861.44,1874.89,1892.53
2026-07-27T00:00:00,66739.89,66313.14,65808.59,64475.28,65577.0,65744.6,65553.67,64650.0,63739.75,63810.0,64293.81,63605.56,18074.86602,14698.22673,16821.2718,8863.0503,7933.06089,14791.90543,3381825,2557299,2467691,1005338,1138023,2921636,8854.46937,7036.32429,8133.22286,4621.49495,4091.47971,6694.82928,66114.49,65098.97,64139.99,64375.0,65399.99,63755.86,47.63,47.56,47.42,46.7,48.28,47.85,46.33,46.2,45.89,45.75,46.49,45.94,201017.757,326928.729,262698.682,185461.928,279376.435,252082.903,128437,150291,117645,72993,115824,133880,97156.769,156097.021,114127.516,88225.378,150035.566,124192.944,47.14,46.96,46.36,46.56,47.84,46.05,1956.45,1941.5,1909.8,1877.07,1967.36,1981.24,1910.68,1869.44,1848.09,1851.22,1873.85,1882.49,251140.8253,219789.0733,200795.4361,88434.488,153233.6949,342451.48,2535468,2040809,2134534,763113,1515963,3195743,123958.4642,99799.0967,102087.8997,45312.7075,80698.9915,162403.1192,1934.25,1878.38,1861.44,1874.89,1954.72,1922.23
2026-07-28T00:00:00,66313.14,65808.59,64475.28,65577.0,65744.6,64100.0,64650.0,63739.75,63810.0,64293.81,63605.56,62742.47,14698.22673,16821.2718,8863.0503,7933.06089,14791.90543,13889.82996,2557299,2467691,1005338,1138023,2921636,2679943,7036.32429,8133.22286,4621.49495,4091.47971,6694.82928,7070.0283,65098.97,64139.99,64375.0,65399.99,63755.86,63915.0,47.56,47.42,46.7,48.28,47.85,46.7,46.2,45.89,45.75,46.49,45.94,45.89,326928.729,262698.682,185461.928,279376.435,252082.903,201004.218,150291,117645,72993,115824,133880,113118,156097.021,114127.516,88225.378,150035.566,124192.944,92786.002,46.96,46.36,46.56,47.84,46.05,46.21,1941.5,1909.8,1877.07,1967.36,1981.24,1929.67,1869.44,1848.09,1851.22,1873.85,1882.49,1856.88,219789.0733,200795.4361,88434.488,153233.6949,342451.48,289225.1629,2040809,2134534,763113,1515963,3195743,2505196,99799.0967,102087.8997,45312.7075,80698.9915,162403.1192,142104.8161,1878.38,1861.44,1874.89,1954.72,1892.53,1910.72
2026-07-29T00:00:00,65808.59,64475.28,65577.0,65744.6,64100.0,64744.81,63739.75,63810.0,64293.81,63605.56,62742.47,63267.34,16821.2718,8863.0503,7933.06089,14791.90543,13889.82996,16780.11912,2467691,1005338,1138023,2921636,2679943,3615294,8133.22286,4621.49495,4091.47971,6694.82928,7070.0283,8931.61763,64139.99,64375.0,65399.99,63755.86,63915.0,63984.28,47.42,46.7,48.28,47.85,46.7,46.4,45.89,45.75,46.49,45.94,45.89,44.33,262698.682,185461.928,279376.435,252082.903,201004.218,324342.523,117645,72993,115824,133880,113118,152307,114127.516,88225.378,150035.566,124192.944,92786.002,145349.835,46.36,46.56,47.84,46.05,46.21,45.45,1909.8,1877.07,1967.36,1981.24,1929.67,1935.68,1848.09,1851.22,1873.85,1882.49,1856.88,1872.0,200795.4361,88434.488,153233.6949,342451.48,289225.1629,298562.344,2134534,763113,1515963,3195743,2505196,3050869,102087.8997,45312.7075,80698.9915,162403.1192,142104.8161,146699.4645,1861.44,1874.89,1954.72,1892.53,1922.23,1918.31
2026-07-30T00:00:00,64475.28,65577.0,65744.6,64100.0,64744.81,65176.6,63810.0,64293.81,63605.56,62742.47,63267.34,63603.92,8863.0503,7933.06089,14791.90543,13889.82996,16780.11912,17131.58486,1005338,1138023,2921636,2679943,3615294,3246691,4621.49495,4091.47971,6694.82928,7070.0283,8931.61763,8996.1922,64375.0,65399.99,63755.86,63915.0,63984.28,64780.02,46.7,48.28,47.85,46.7,46.4,45.84,45.75,46.49,45.94,45.89,44.33,44.88,185461.928,279376.435,252082.903,201004.218,324342.523,218556.384,72993,115824,133880,113118,152307,108369,88225.378,150035.566,124192.944,92786.002,145349.835,116622.632,46.56,47.84,46.05,46.21,45.45,45.58,1877.07,1967.36,1981.24,1929.67,1935.68,1936.99,1851.22,1873.85,1882.49,1856.88,1872.0,1893.99,88434.488,153233.6949,342451.48,289225.1629,298562.344,176531.6818,763113,1515963,3195743,2505196,3050869,1937149,45312.7075,80698.9915,162403.1192,142104.8161,146699.4645,88629.7538,1874.89,1954.72,1892.53,1922.23,1910.72,1862.6
2026-07-31T00:00:00,65577.0,65744.6,64100.0,64744.81,65176.6,65409.56,64293.81,63605.56,62742.47,63267.34,63603.92,62466.0,7933.06089,14791.90543,13889.82996,16780.11912,17131.58486,20475.60686,1138023,2921636,2679943,3615294,3246691,2740238,4091.47971,6694.82928,7070.0283,8931.61763,8996.1922,9659.56143,65399.99,63755.86,63915.0,63984.28,64780.02,62887.88,48.28,47.85,46.7,46.4,45.84,45.91,46.49,45.94,45.89,44.33,44.88,44.18,279376.435,252082.903,201004.218,324342.523,218556.384,189102.384,115824,133880,113118,152307,108369,113293,150035.566,124192.944,92786.002,145349.835,116622.632,95200.192,47.84,46.05,46.21,45.45,45.58,44.31,1967.36,1981.24,1929.67,1935.68,1936.99,1936.15,1873.85,1882.49,1856.88,1872.0,1893.99,1848.7,153233.6949,342451.48,289225.1629,298562.344,176531.6818,242904.7865,1515963,3195743,2505196,3050869,1937149,2209134,80698.9915,162403.1192,142104.8161,146699.4645,88629.7538,105152.1456,1954.72,1892.53,1922.23,1910.72,1918.31,1844.94
