date,SOL.high_5,SOL.high_4,SOL.high_3,SOL.high_2,SOL.high_1,SOL.high,SOL.low_5,SOL.low_4,SOL.low_3,SOL.low_2,SOL.low_1,SOL.low,SOL.volume_5,SOL.volume_4,SOL.volume_3,SOL.volume_2,SOL.volume_1,SOL.volume,SOL.numberOfTrades_5,SOL.numberOfTrades_4,SOL.numberOfTrades_3,SOL.numberOfTrades_2,SOL.numberOfTrades_1,SOL.numberOfTrades,SOL.takerBuyBaseAssetVolume_5,SOL.takerBuyBaseAssetVolume_4,SOL.takerBuyBaseAssetVolume_3,SOL.takerBuyBaseAssetVolume_2,SOL.takerBuyBaseAssetVolume_1,SOL.takerBuyBaseAssetVolume,SOL.close_5,SOL.close_4,SOL.close_3,SOL.close_2,SOL.close_1,SOL.close,ETH.high_5,ETH.high_4,ETH.high_3,ETH.high_2,ETH.high_1,ETH.high,ETH.low_5,ETH.low_4,ETH.low_3,ETH.low_2,ETH.low_1,ETH.low,ETH.volume_5,ETH.volume_4,ETH.volume_3,ETH.volume_2,ETH.volume_1,ETH.volume,ETH.numberOfTrades_5,ETH.numberOfTrades_4,ETH.numberOfTrades_3,ETH.numberOfTrades_2,ETH.numberOfTrades_1,ETH.numberOfTrades,ETH.takerBuyBaseAssetVolume_5,ETH.takerBuyBaseAssetVolume_4,ETH.takerBuyBaseAssetVolume_3,ETH.takerBuyBaseAssetVolume_2,ETH.takerBuyBaseAssetVolume_1,ETH.takerBuyBaseAssetVolume,ETH.close_5,ETH.close_4,ETH.close_3,ETH.close_2,ETH.close_1,ETH.close
2025-12-31T00:00:00,125.14,125.08,125.64,130.16,126.52,132.75,119.24,121.86,123.08,122.36,122.58,122.99,3326516.562,1357802.112,1828960.451,4307595.105,2480631.516,2941643.658,1242795,458614,519293,1525275,955705,966712,1709921.31,705415.06,1001153.634,2170738.716,1282143.241,1511491.268,122.26,124.73,125.27,123.28,125.01,124.65,2994.38,2960.89,2961.23,3057.78,3009.8,3028.08,2894.26,2917.13,2924.54,2910.25,2919.44,2958.91,314830.9989,95040.3956,128834.139,485959.1824,286583.2879,233729.5887,4062164,1004396,1484510,5162535,3959890,2935432,159371.2995,43285.9713,65373.9915,233555.1583,146128.2348,116217.5263,2927.99,2949.05,2950.91,2937.9,2973.69,2971.64
2026-01-01T00:00:00,125.08,125.64,130.16,126.52,132.75,127.25,121.86,123.08,122.36,122.58,122.99,124.15,1357802.112,1828960.451,4307595.105,2480631.516,2941643.658,1733664.978,458614,519293,1525275,955705,966712,515257,705415.06,1001153.634,2170738.716,1282143.241,1511491.268,852972.092,124.73,125.27,123.28,125.01,124.65,126.9,2960.89,2961.23,3057.78,3009.8,3028.08,3010.0,2917.13,2924.54,2910.25,2919.44,2958.91,2971.15,95040.3956,128834.139,485959.1824,286583.2879,233729.5887,136088.5207,1004396,1484510,5162535,3959890,2935432,1338212,43285.9713,65373.9915,233555.1583,146128.2348,116217.5263,66477.086,2949.05,2950.91,2937.9,2973.69,2971.64,3004.19
2026-01-02T00:00:00,125.64,130.16,126.52,132.75,127.25,133.25,123.08,122.36,122.58,122.99,124.15,125.84,1828960.451,4307595.105,2480631.516,2941643.658,1733664.978,2924227.372,519293,1525275,955705,966712,515257,1348954,1001153.634,2170738.716,1282143.241,1511491.268,852972.092,1522741.331,125.27,123.28,125.01,124.65,126.9,132.29,2961.23,3057.78,3009.8,3028.08,3010.0,3150.01,2924.54,2910.25,2919.44,2958.91,2971.15,2992.49,128834.139,485959.1824,286583.2879,233729.5887,136088.5207,369891.2449,1484510,5162535,3959890,2935432,1338212,5276480,65373.9915,233555.1583,146128.2348,116217.5263,66477.086,195057.0391,2950.91,2937.9,2973.69,2971.64,3004.19,3125.45
2026-01-03T00:00:00,130.16,126.52,132.75,127.25,133.25,133.99,122.36,122.58,122.99,124.15,125.84,129.6,4307595.105,2480631.516,2941643.658,1733664.978,2924227.372,1520623.499,1525275,955705,966712,515257,1348954,637040,2170738.716,1282143.241,1511491.268,852972.092,1522741.331,750641.795,123.28,125.01,124.65,126.9,132.29,133.37,3057.78,3009.8,3028.08,3010.0,3150.01,3136.71,2910.25,2919.44,2958.91,2971.15,2992.49,3076.0,485959.1824,286583.2879,233729.5887,136088.5207,369891.2449,134405.2258,5162535,3959890,2935432,1338212,5276480,1823251,233555.1583,146128.2348,116217.5263,66477.086,195057.0391,66789.8067,2937.9,2973.69,2971.64,3004.19,3125.45,3127.11
2026-01-04T00:00:00,126.52,132.75,127.25,133.25,133.99,135.54,122.58,122.99,124.15,125.84,129.6,133.12,2480631.516,2941643.658,1733664.978,2924227.372,1520623.499,1809269.113,955705,966712,515257,1348954,637040,892859,1282143.241,1511491.268,852972.092,1522741.331,750641.795,891018.315,125.01,124.65,126.9,132.29,133.37,134.12,3009.8,3028.08,3010.0,3150.01,3136.71,3167.22,2919.44,2958.91,2971.15,2992.49,3076.0,3118.75,286583.2879,233729.5887,136088.5207,369891.2449,134405.2258,181576.0686,3959890,2935432,1338212,5276480,1823251,2261499,146128.2348,116217.5263,66477.086,195057.0391,66789.8067,94783.8698,2973.69,2971.64,3004.19,3125.45,3127.11,3144.7
2026-01-05T00:00:00,132.75,127.25,133.25,133.99,135.54,139.87,122.99,124.15,125.84,129.6,133.12,133.18,2941643.658,1733664.978,2924227.372,1520623.499,1809269.113,3327567.484,966712,515257,1348954,637040,892859,1633145,1511491.268,852972.092,1522741.331,750641.795,891018.315,1712601.556,124.65,126.9,132.29,133.37,134.12,137.9,3028.08,3010.0,3150.01,3136.71,3167.22,3265.66,2958.91,2971.15,2992.49,3076.0,3118.75,3135.02,233729.5887,136088.5207,369891.2449,134405.2258,181576.0686,382446.6618,2935432,1338212,5276480,1823251,2261499,5401982,116217.5263,66477.086,195057.0391,66789.8067,94783.8698,188956.4336,2971.64,3004.19,3125.45,3127.11,3144.7,3224.99
2026-01-06T00:00:00,127.25,133.25,133.99,135.54,139.87,143.48,124.15,125.84,129.6,133.12,133.18,136.19,1733664.978,2924227.372,1520623.499,1809269.113,3327567.484,3771795.117,515257,1348954,637040,892859,1633145,1877400,852972.092,1522741.331,750641.795,891018.315,1712601.556,1879675.868,126.9,132.29,133.37,134.12,137.9,141.08,3010.0,3150.01,3136.71,3167.22,3265.66,3308.86,2971.15,2992.49,3076.0,3118.75,3135.02,3183.27,136088.5207,369891.2449,134405.2258,181576.0686,382446.6618,412503.5066,1338212,5276480,1823251,2261499,5401982,5310071,66477.086,195057.0391,66789.8067,94783.8698,188956.4336,204316.7995,3004.19,3125.45,3127.11,3144.7,3224.99,3296.84
2026-01-07T00:00:00,133.25,133.99,135.54,139.87,143.48,141.4,125.84,129.6,133.12,133.18,136.19,134.41,2924227.372,1520623.499,1809269.113,3327567.484,3771795.117,2321642.178,1348954,637040,892859,1633145,1877400,1424664,1522741.331,750641.795,891018.315,1712601.556,1879675.868,1134923.82,132.29,133.37,134.12,137.9,141.08,136.39,3150.01,3136.71,3167.22,3265.66,3308.86,3296.84,2992.49,3076.0,3118.75,3135.02,3183.27,3125.42,369891.2449,134405.2258,181576.0686,382446.6618,412503.5066,321350.1225,5276480,1823251,2261499,5401982,5310071,4839276,195057.0391,66789.8067,94783.8698,188956.4336,204316.7995,154644.9184,3125.45,3127.11,3144.7,3224.99,3296.84,3168.72
2026-01-08T00:00:00,133.99,135.54,139.87,143.48,141.4,140.07,129.6,133.12,133.18,136.19,134.41,132.67,1520623.499,1809269.113,3327567.484,3771795.117,2321642.178,3113437.835,637040,892859,1633145,1877400,1424664,1555663,750641.795,891018.315,1712601.556,1879675.868,1134923.82,1570298.608,133.37,134.12,137.9,141.08,136.39,138.37,3136.71,3167.22,3265.66,3308.86,3296.84,3184.39,3076.0,3118.75,3135.02,3183.27,3125.42,3054.65,134405.2258,181576.0686,382446.6618,412503.5066,321350.1225,343616.1005,1823251,2261499,5401982,5310071,4839276,4982423,66789.8067,94783.8698,188956.4336,204316.7995,154644.9184,167834.9366,3127.11,3144.7,3224.99,3296.84,3168.72,3106.65
2026-01-09T00:00:00,135.54,139.87,143.48,141.4,140.07,141.17,133.12,133.18,136.19,134.41,132.67,134.98,1809269.113,3327567.484,3771795.117,2321642.178,3113437.835,3778547.996,892859,1633145,1877400,1424664,1555663,1559427,891018.315,1712601.556,1879675.868,1134923.82,1570298.608,1915953.782,134.12,137.9,141.08,136.39,138.37,135.97,3167.22,3265.66,3308.86,3296.84,3184.39,3148.41,3118.75,3135.02,3183.27,3125.42,3054.65,3058.69,181576.0686,382446.6618,412503.5066,321350.1225,343616.1005,274587.4533,2261499,5401982,5310071,4839276,4982423,4182570,94783.8698,188956.4336,204316.7995,154644.9184,167834.9366,137269.6714,3144.7,3224.99,3296.84,3168.72,3106.65,3088.4
2026-01-10T00:00:00,139.87,143.48,141.4,140.07,141.17,137.05,133.18,136.19,134.41,132.67,134.98,135.37,3327567.484,3771795.117,2321642.178,3113437.835,3778547.996,1000837.004,1633145,1877400,1424664,1555663,1559427,419628,1712601.556,1879675.868,1134923.82,1570298.608,1915953.782,495750.86,137.9,141.08,136.39,138.37,135.97,135.84,3265.66,3308.86,3296.84,3184.39,3148.41,3104.12,3135.02,3183.27,3125.42,3054.65,3058.69,3077.99,382446.6618,412503.5066,321350.1225,343616.1005,274587.4533,82341.0546,5401982,5310071,4839276,4982423,4182570,881069,188956.4336,204316.7995,154644.9184,167834.9366,137269.6714,44689.1628,3224.99,3296.84,3168.72,3106.65,3088.4,3086.72
2026-01-11T00:00:00,143.48,141.4,140.07,141.17,137.05,141.6,136.19,134.41,132.67,134.98,135.37,135.75,3771795.117,2321642.178,3113437.835,3778547.996,1000837.004,2209913.206,1877400,1424664,1555663,1559427,419628,857832,1879675.868,1134923.82,1570298.608,1915953.782,495750.86,1211661.371,141.08,136.39,138.37,135.97,135.84,139.7,3308.86,3296.84,3184.39,3148.41,3104.12,3147.27,3183.27,3125.42,3054.65,3058.69,3077.99,3084.46,412503.5066,321350.1225,343616.1005,274587.4533,82341.0546,149381.2965,5310071,4839276,4982423,4182570,881069,1522502,204316.7995,154644.9184,167834.9366,137269.6714,44689.1628,77521.2191,3296.84,3168.72,3106.65,3088.4,3086.72,3123.45
2026-01-12T00:00:00,141.4,140.07,141.17,137.05,141.6,144.4,134.41,132.67,134.98,135.37,135.75,138.34,2321642.178,3113437.835,3778547.996,1000837.004,2209913.206,4160120.091,1424664,1555663,1559427,419628,857832,1815385,1134923.82,1570298.608,1915953.782,495750.86,1211661.371,2063458.502,136.39,138.37,135.97,135.84,139.7,139.22,3296.84,3184.39,3148.41,3104.12,3147.27,3171.49,3125.42,3054.65,3058.69,3077.99,3084.46,3065.55,321350.1225,343616.1005,274587.4533,82341.0546,149381.2965,297373.4681,4839276,4982423,4182570,881069,1522502,4303605,154644.9184,167834.9366,137269.6714,44689.1628,77521.2191,145169.9489,3168.72,3106.65,3088.4,3086.72,3123.45,3095.75
2026-01-13T00:00:00,140.07,141.17,137.05,141.6,144.4,148.74,132.67,134.98,135.37,135.75,138.34,137.82,3113437.835,3778547.996,1000837.004,2209913.206,4160120.091,4195082.468,1555663,1559427,419628,857832,1815385,1781041,1570298.608,1915953.782,495750.86,1211661.371,2063458.502,2143169.55,138.37,135.97,135.84,139.7,139.22,145.51,3184.39,3148.41,3104.12,3147.27,3171.49,3367.79,3054.65,3058.69,3077.99,3084.46,3065.55,3091.96,343616.1005,274587.4533,82341.0546,149381.2965,297373.4681,457782.2816,4982423,4182570,881069,1522502,4303605,4876916,167834.9366,137269.6714,44689.1628,77521.2191,145169.9489,239733.9448,3106.65,3088.4,3086.72,3123.45,3095.75,3325.82
2026-01-14T00:00:00,141.17,137.05,141.6,144.4,148.74,148.44,134.98,135.37,135.75,138.34,137.82,143.37,3778547.996,1000837.004,2209913.206,4160120.091,4195082.468,3695077.378,1559427,419628,857832,1815385,1781041,1481363,1915953.782,495750.86,1211661.371,2063458.502,2143169.55,1801988.737,135.97,135.84,139.7,139.22,145.51,146.69,3148.41,3104.12,3147.27,3171.49,3367.79,3402.89,3058.69,3077.99,3084.46,3065.55,3091.96,3280.48,274587.4533,82341.0546,149381.2965,297373.4681,457782.2816,503440.0759,4182570,881069,1522502,4303605,4876916,5351410,137269.6714,44689.1628,77521.2191,145169.9489,239733.9448,242601.2111,3088.4,3086.72,3123.45,3095.75,3325.82,3354.92
2026-01-15T00:00:00,137.05,141.6,144.4,148.74,148.44,146.73,135.37,135.75,138.34,137.82,143.37,140.9,1000837.004,2209913.206,4160120.091,4195082.468,3695077.378,2462143.139,419628,857832,1815385,1781041,1481363,1301300,495750.86,1211661.371,2063458.502,2143169.55,1801988.737,1160862.142,135.84,139.7,139.22,145.51,146.69,142.4,3104.12,3147.27,3171.49,3367.79,3402.89,3384.19,3077.99,3084.46,3065.55,3091.96,3280.48,3273.72,82341.0546,149381.2965,297373.4681,457782.2816,503440.0759,389993.836,881069,1522502,4303605,4876916,5351410,4766390,44689.1628,77521.2191,145169.9489,239733.9448,242601.2111,182106.0811,3086.72,3123.45,3095.75,3325.82,3354.92,3318.69
2026-01-16T00:00:00,141.6,144.4,148.74,148.44,146.73,145.55,135.75,138.34,137.82,143.37,140.9,140.26,2209913.206,4160120.091,4195082.468,3695077.378,2462143.139,1900879.026,857832,1815385,1781041,1481363,1301300,1014424,1211661.371,2063458.502,2143169.55,1801988.737,1160862.142,919897.252,139.7,139.22,145.51,146.69,142.4,144.89,3147.27,3171.49,3367.79,3402.89,3384.19,3326.79,3084.46,3065.55,3091.96,3280.48,3273.72,3253.01,149381.2965,297373.4681,457782.2816,503440.0759,389993.836,223921.7876,1522502,4303605,4876916,5351410,4766390,3528248,77521.2191,145169.9489,239733.9448,242601.2111,182106.0811,109159.1615,3123.45,3095.75,3325.82,3354.92,3318.69,3296.28
2026-01-17T00:00:00,144.4,148.74,148.44,146.73,145.55,144.99,138.34,137.82,143.37,140.9,140.26,143.32,4160120.091,4195082.468,3695077.378,2462143.139,1900879.026,835154.761,1815385,1781041,1481363,1301300,1014424,392089,2063458.502,2143169.55,1801988.737,1160862.142,919897.252,412414.642,139.22,145.51,146.69,142.4,144.89,143.72,3171.49,3367.79,3402.89,3384.19,3326.79,3330.26,3065.55,3091.96,3280.48,3273.72,3253.01,3283.96,297373.4681,457782.2816,503440.0759,389993.836,223921.7876,124325.0303,4303605,4876916,5351410,4766390,3528248,1229614,145169.9489,239733.9448,242601.2111,182106.0811,109159.1615,68643.5852,3095.75,3325.82,3354.92,3318.69,3296.28,3310.56
2026-01-18T00:00:00,148.74,148.44,146.73,145.55,144.99,144.0,137.82,143.37,140.9,140.26,143.32,137.74,4195082.468,3695077.378,2462143.139,1900879.026,835154.761,1877438.698,1781041,1481363,1301300,1014424,392089,712971,2143169.55,1801988.737,1160862.142,919897.252,412414.642,837209.507,145.51,146.69,142.4,144.89,143.72,137.87,3367.79,3402.89,3384.19,3326.79,3330.26,3368.82,3091.96,3280.48,3273.72,3253.01,3283.96,3278.86,457782.2816,503440.0759,389993.836,223921.7876,124325.0303,173354.3026,4876916,5351410,4766390,3528248,1229614,2227452,239733.9448,242601.2111,182106.0811,109159.1615,68643.5852,93056.7992,3325.82,3354.92,3318.69,3296.28,3310.56,3284.03
2026-01-19T00:00:00,148.44,146.73,145.55,144.99,144.0,137.87,143.37,140.9,140.26,143.32,137.74,130.0,3695077.378,2462143.139,1900879.026,835154.761,1877438.698,2972524.77,1481363,1301300,1014424,392089,712971,1113535,1801988.737,1160862.142,919897.252,412414.642,837209.507,1483332.486,146.69,142.4,144.89,143.72,137.87,133.44,3402.89,3384.19,3326.79,3330.26,3368.82,3284.58,3280.48,3273.72,3253.01,3283.96,3278.86,3165.38,503440.0759,389993.836,223921.7876,124325.0303,173354.3026,442540.5596,5351410,4766390,3528248,1229614,2227452,4406164,242601.2111,182106.0811,109159.1615,68643.5852,93056.7992,225707.6739,3354.92,3318.69,3296.28,3310.56,3284.03,3189.55
2026-01-20T00:00:00,146.73,145.55,144.99,144.0,137.87,134.63,140.9,140.26,143.32,137.74,130.0,124.68,2462143.139,1900879.026,835154.761,1877438.698,2972524.77,3532423.88,1301300,1014424,392089,712971,1113535,1665250,1160862.142,919897.252,412414.642,837209.507,1483332.486,1594052.788,142.4,144.89,143.72,137.87,133.44,125.8,3384.19,3326.79,3330.26,3368.82,3284.58,3200.5,3273.72,3253.01,3283.96,3278.86,3165.38,2920.0,389993.836,223921.7876,124325.0303,173354.3026,442540.5596,518166.4787,4766390,3528248,1229614,2227452,4406164,7228638,182106.0811,109159.1615,68643.5852,93056.7992,225707.6739,251605.1302,3318.69,3296.28,3310.56,3284.03,3189.55,2939.88
2026-01-21T00:00:00,145.55,144.99,144.0,137.87,134.63,132.17,140.26,143.32,137.74,130.0,124.68,125.26,1900879.026,835154.761,1877438.698,2972524.77,3532423.88,3161736.36,1014424,392089,712971,1113535,1665250,1568002,919897.252,412414.642,837209.507,1483332.486,1594052.788,1657610.92,144.89,143.72,137.87,133.44,125.8,129.54,3326.79,3330.26,3368.82,3284.58,3200.5,3069.07,3253.01,3283.96,3278.86,3165.38,2920.0,2866.11,223921.7876,124325.0303,173354.3026,442540.5596,518166.4787,577800.2481,3528248,1229614,2227452,4406164,7228638,8064316,109159.1615,68643.5852,93056.7992,225707.6739,251605.1302,296961.807,3296.28,3310.56,3284.03,3189.55,2939.88,2982.27
2026-01-22T00:00:00,144.99,144.0,137.87,134.63,132.17,130.94,143.32,137.74,130.0,124.68,125.26,126.73,835154.761,1877438.698,2972524.77,3532423.88,3161736.36,1811586.462,392089,712971,1113535,1665250,1568002,1016749,412414.642,837209.507,1483332.486,1594052.788,1657610.92,905017.042,143.72,137.87,133.44,125.8,129.54,128.47,3330.26,3368.82,3284.58,3200.5,3069.07,3038.33,3283.96,3278.86,3165.38,2920.0,2866.11,2906.02,124325.0303,173354.3026,442540.5596,518166.4787,577800.2481,291660.7349,1229614,2227452,4406164,7228638,8064316,4696521,68643.5852,93056.7992,225707.6739,251605.1302,296961.807,144410.7947,3310.56,3284.03,3189.55,2939.88,2982.27,2952.69
2026-01-23T00:00:00,144.0,137.87,134.63,132.17,130.94,130.2,137.74,130.0,124.68,125.26,126.73,125.28,1877438.698,2972524.77,3532423.88,3161736.36,1811586.462,2044063.077,712971,1113535,1665250,1568002,1016749,1068593,837209.507,1483332.486,1594052.788,1657610.92,905017.042,1074378.357,137.87,133.44,125.8,129.54,128.47,127.43,3368.82,3284.58,3200.5,3069.07,3038.33,3019.26,3278.86,3165.38,2920.0,2866.11,2906.02,2892.4,173354.3026,442540.5596,518166.4787,577800.2481,291660.7349,318415.3317,2227452,4406164,7228638,8064316,4696521,5479038,93056.7992,225707.6739,251605.1302,296961.807,144410.7947,159251.2529,3284.03,3189.55,2939.88,2982.27,2952.69,2956.41
2026-01-24T00:00:00,137.87,134.63,132.17,130.94,130.2,128.12,130.0,124.68,125.26,126.73,125.28,126.64,2972524.77,3532423.88,3161736.36,1811586.462,2044063.077,807419.995,1113535,1665250,1568002,1016749,1068593,331896,1483332.486,1594052.788,1657610.92,905017.042,1074378.357,367986.146,133.44,125.8,129.54,128.47,127.43,127.21,3284.58,3200.5,3069.07,3038.33,3019.26,2970.41,3165.38,2920.0,2866.11,2906.02,2892.4,2943.84,442540.5596,518166.4787,577800.2481,291660.7349,318415.3317,92082.9039,4406164,7228638,8064316,4696521,5479038,1185149,225707.6739,251605.1302,296961.807,144410.7947,159251.2529,41483.2107,3189.55,2939.88,2982.27,2952.69,2956.41,2953.22
2026-01-25T00:00:00,134.63,132.17,130.94,130.2,128.12,127.46,124.68,125.26,126.73,125.28,126.64,117.15,3532423.88,3161736.36,1811586.462,2044063.077,807419.995,4540879.449,1665250,1568002,1016749,1068593,331896,1232391,1594052.788,1657610.92,905017.042,1074378.357,367986.146,2403987.331,125.8,129.54,128.47,127.43,127.21,118.85,3200.5,3069.07,3038.33,3019.26,2970.41,2960.29,2920.0,2866.11,2906.02,2892.4,2943.84,2787.0,518166.4787,577800.2481,291660.7349,318415.3317,92082.9039,380186.5326,7228638,8064316,4696521,5479038,1185149,4637787,251605.1302,296961.807,144410.7947,159251.2529,41483.2107,165133.7717,2939.88,2982.27,2952.69,2956.41,2953.22,2816.89
2026-01-26T00:00:00,132.17,130.94,130.2,128.12,127.46,125.6,125.26,126.73,125.28,126.64,117.15,118.53,3161736.36,1811586.462,2044063.077,807419.995,4540879.449,2355751.363,1568002,1016749,1068593,331896,1232391,1187889,1657610.92,905017.042,1074378.357,367986.146,2403987.331,1159271.555,129.54,128.47,127.43,127.21,118.85,124.24,3069.07,3038.33,3019.26,2970.41,2960.29,2951.21,2866.11,2906.02,2892.4,2943.84,2787.0,2812.37,577800.2481,291660.7349,318415.3317,92082.9039,380186.5326,485169.3372,8064316,4696521,5479038,1185149,4637787,5933570,296961.807,144410.7947,159251.2529,41483.2107,165133.7717,239396.1448,2982.27,2952.69,2956.41,2953.22,2816.89,2930.35
2026-01-27T00:00:00,130.94,130.2,128.12,127.46,125.6,127.84,126.73,125.28,126.64,117.15,118.53,123.12,1811586.462,2044063.077,807419.995,4540879.449,2355751.363,2036509.042,1016749,1068593,331896,1232391,1187889,1006079,905017.042,1074378.357,367986.146,2403987.331,1159271.555,1012080.68,128.47,127.43,127.21,118.85,124.24,127.19,3038.33,3019.26,2970.41,2960.29,2951.21,3035.08,2906.02,2892.4,2943.84,2787.0,2812.37,2899.77,291660.7349,318415.3317,92082.9039,380186.5326,485169.3372,478792.3988,4696521,5479038,1185149,4637787,5933570,5278439,144410.7947,159251.2529,41483.2107,165133.7717,239396.1448,229630.1728,2952.69,2956.41,2953.22,2816.89,2930.35,3026.77
2026-01-28T00:00:00,130.2,128.12,127.46,125.6,127.84,128.34,125.28,126.64,117.15,118.53,123.12,124.78,2044063.077,807419.995,4540879.449,2355751.363,2036509.042,1997863.528,1068593,331896,1232391,1187889,1006079,1065285,1074378.357,367986.146,2403987.331,1159271.555,1012080.68,990296.273,127.43,127.21,118.85,124.24,127.19,125.35,3019.26,2970.41,2960.29,2951.21,3035.08,3045.78,2892.4,2943.84,2787.0,2812.37,2899.77,2983.67,318415.3317,92082.9039,380186.5326,485169.3372,478792.3988,296607.6549,5479038,1185149,4637787,5933570,5278439,5061029,159251.2529,41483.2107,165133.7717,239396.1448,229630.1728,154557.6064,2956.41,2953.22,2816.89,2930.35,3026.77,3010.78
2026-01-29T00:00:00,128.12,127.46,125.6,127.84,128.34,125.51,126.64,117.15,118.53,123.12,124.78,115.39,807419.995,4540879.449,2355751.363,2036509.042,1997863.528,3730613.473,331896,1232391,1187889,1006079,1065285,1444201,367986.146,2403987.331,1159271.555,1012080.68,990296.273,1863128.834,127.21,118.85,124.24,127.19,125.35,117.82,2970.41,2960.29,2951.21,3035.08,3045.78,3013.5,2943.84,2787.0,2812.37,2899.77,2983.67,2754.53,92082.9039,380186.5326,485169.3372,478792.3988,296607.6549,561288.5979,1185149,4637787,5933570,5278439,5061029,6779608,41483.2107,165133.7717,239396.1448,229630.1728,154557.6064,270939.8171,2953.22,2816.89,2930.35,3026.77,3010.78,2822.59
2026-01-30T00:00:00,127.46,125.6,127.84,128.34,125.51,119.12,117.15,118.53,123.12,124.78,115.39,112.14,4540879.449,2355751.363,2036509.042,1997863.528,3730613.473,4761006.742,1232391,1187889,1006079,1065285,1444201,1991218,2403987.331,1159271.555,1012080.68,990296.273,1863128.834,2428166.266,118.85,124.24,127.19,125.35,117.82,117.59,2960.29,2951.21,3035.08,3045.78,3013.5,2828.65,2787.0,2812.37,2899.77,2983.67,2754.53,2636.01,380186.5326,485169.3372,478792.3988,296607.6549,561288.5979,793279.6252,4637787,5933570,5278439,5061029,6779608,10661631,165133.7717,239396.1448,229630.1728,154557.6064,270939.8171,388766.163,2816.89,2930.35,3026.77,3010.78,2822.59,2707.38
2026-01-31T00:00:00,125.6,127.84,128.34,125.51,119.12,118.85,118.53,123.12,124.78,115.39,112.14,96.4,2355751.363,2036509.042,1997863.528,3730613.473,4761006.742,8567398.326,1187889,1006079,1065285,1444201,1991218,3248600,1159271.555,1012080.68,990296.273,1863128.834,2428166.266,4092929.327,124.24,127.19,125.35,117.82,117.59,105.58,2951.21,3035.08,3045.78,3013.5,2828.65,2714.64,2812.37,2899.77,2983.67,2754.53,2636.01,2250.0,485169.3372,478792.3988,296607.6549,561288.5979,793279.6252,1113097.7132,5933570,5278439,5061029,6779608,10661631,9305297,239396.1448,229630.1728,154557.6064,270939.8171,388766.163,520430.2055,2930.35,3026.77,3010.78,2822.59,2707.38,2451.95
2026-02-01T00:00:00,127.84,128.34,125.51,119.12,118.85,106.69,123.12,124.78,115.39,112.14,96.4,98.02,2036509.042,1997863.528,3730613.473,4761006.742,8567398.326,4204256.051,1006079,1065285,1444201,1991218,3248600,2202213,1012080.68,990296.273,1863128.834,2428166.266,4092929.327,2052275.136,127.19,125.35,117.82,117.59,105.58,100.79,3035.08,3045.78,3013.5,2828.65,2714.64,2475.98,2899.77,2983.67,2754.53,2636.01,2250.0,2222.0,478792.3988,296607.6549,561288.5979,793279.6252,1113097.7132,1026573.9466,5278439,5061029,6779608,10661631,9305297,11038637,229630.1728,154557.6064,270939.8171,388766.163,520430.2055,455879.6449,3026.77,3010.78,2822.59,2707.38,2451.95,2270.15
2026-02-02T00:00:00,128.34,125.51,119.12,118.85,106.69,106.12,124.78,115.39,112.14,96.4,98.02,95.95,1997863.528,3730613.473,4761006.742,8567398.326,4204256.051,5574032.681,1065285,1444201,1991218,3248600,2202213,2856979,990296.273,1863128.834,2428166.266,4092929.327,2052275.136,2663023.902,125.35,117.82,117.59,105.58,100.79,104.55,3045.78,3013.5,2828.65,2714.64,2475.98,2396.62,2983.67,2754.53,2636.01,2250.0,2222.0,2157.14,296607.6549,561288.5979,793279.6252,1113097.7132,1026573.9466,1248535.2114,5061029,6779608,10661631,9305297,11038637,11149156,154557.6064,270939.8171,388766.163,520430.2055,455879.6449,614416.942,3010.78,2822.59,2707.38,2451.95,2270.15,2347.02
2026-02-03T00:00:00,125.51,119.12,118.85,106.69,106.12,105.1,115.39,112.14,96.4,98.02,95.95,96.64,3730613.473,4761006.742,8567398.326,4204256.051,5574032.681,4514018.115,1444201,1991218,3248600,2202213,2856979,2135637,1863128.834,2428166.266,4092929.327,2052275.136,2663023.902,2227613.325,117.82,117.59,105.58,100.79,104.55,97.89,3013.5,2828.65,2714.64,2475.98,2396.62,2359.88,2754.53,2636.01,2250.0,2222.0,2157.14,2110.0,561288.5979,793279.6252,1113097.7132,1026573.9466,1248535.2114,1321099.3867,6779608,10661631,9305297,11038637,11149156,11643770,270939.8171,388766.163,520430.2055,455879.6449,614416.942,666418.2157,2822.59,2707.38,2451.95,2270.15,2347.02,2233.72
2026-02-04T00:00:00,119.12,118.85,106.69,106.12,105.1,99.67,112.14,96.4,98.02,95.95,96.64,89.3,4761006.742,8567398.326,4204256.051,5574032.681,4514018.115,6251459.371,1991218,3248600,2202213,2856979,2135637,2940009,2428166.266,4092929.327,2052275.136,2663023.902,2227613.325,3095939.216,117.59,105.58,100.79,104.55,97.89,92.12,2828.65,2714.64,2475.98,2396.62,2359.88,2295.74,2636.01,2250.0,2222.0,2157.14,2110.0,2076.68,793279.6252,1113097.7132,1026573.9466,1248535.2114,1321099.3867,1264743.43,10661631,9305297,11038637,11149156,11643770,10912540,388766.163,520430.2055,455879.6449,614416.942,666418.2157,609896.0952,2707.38,2451.95,2270.15,2347.02,2233.72,2148.26
2026-02-05T00:00:00,118.85,106.69,106.12,105.1,99.67,93.43,96.4,98.02,95.95,96.64,89.3,77.6,8567398.326,4204256.051,5574032.681,4514018.115,6251459.371,1.024335548E7,3248600,2202213,2856979,2135637,2940009,4871571,4092929.327,2052275.136,2663023.902,2227613.325,3095939.216,4836738.921,105.58,100.79,104.55,97.89,92.12,78.35,2714.64,2475.98,2396.62,2359.88,2295.74,2173.77,2250.0,2222.0,2157.14,2110.0,2076.68,1818.18,1113097.7132,1026573.9466,1248535.2114,1321099.3867,1264743.43,1952286.6951,9305297,11038637,11149156,11643770,10912540,13667587,520430.2055,455879.6449,614416.942,666418.2157,609896.0952,967965.2824,2451.95,2270.15,2347.02,2233.72,2148.26,1826.83
2026-02-06T00:00:00,106.69,106.12,105.1,99.67,93.43,89.84,98.02,95.95,96.64,89.3,77.6,67.5,4204256.051,5574032.681,4514018.115,6251459.371,1.024335548E7,1.1811095766E7,2202213,2856979,2135637,2940009,4871571,3980604,2052275.136,2663023.902,2227613.325,3095939.216,4836738.921,5773154.785,100.79,104.55,97.89,92.12,78.35,87.46,2475.98,2396.62,2359.88,2295.74,2173.77,2093.94,2222.0,2157.14,2110.0,2076.68,1818.18,1747.8,1026573.9466,1248535.2114,1321099.3867,1264743.43,1952286.6951,2102311.5573,11038637,11149156,11643770,10912540,13667587,12362731,455879.6449,614416.942,666418.2157,609896.0952,967965.2824,1189792.5763,2270.15,2347.02,2233.72,2148.26,1826.83,2063.38
2026-02-07T00:00:00,106.12,105.1,99.67,93.43,89.84,89.2,95.95,96.64,89.3,77.6,67.5,84.16,5574032.681,4514018.115,6251459.371,1.024335548E7,1.1811095766E7,4486649.48,2856979,2135637,2940009,4871571,3980604,1746041,2663023.902,2227613.325,3095939.216,4836738.921,5773154.785,2188177.051,104.55,97.89,92.12,78.35,87.46,87.59,2396.62,2359.88,2295.74,2173.77,2093.94,2121.7,2157.14,2110.0,2076.68,1818.18,1747.8,1994.57,1248535.2114,1321099.3867,1264743.43,1952286.6951,2102311.5573,1142616.4487,11149156,11643770,10912540,13667587,12362731,7938360,614416.942,666418.2157,609896.0952,967965.2824,1189792.5763,548585.9421,2347.02,2233.72,2148.26,1826.83,2063.38,2087.08
2026-02-08T00:00:00,105.1,99.67,93.43,89.84,89.2,89.08,96.64,89.3,77.6,67.5,84.16,85.77,4514018.115,6251459.371,1.024335548E7,1.1811095766E7,4486649.48,2534998.683,2135637,2940009,4871571,3980604,1746041,1040850,2227613.325,3095939.216,4836738.921,5773154.785,2188177.051,1312312.593,97.89,92.12,78.35,87.46,87.59,86.99,2359.88,2295.74,2173.77,2093.94,2121.7,2152.03,2110.0,2076.68,1818.18,1747.8,1994.57,2064.1,1321099.3867,1264743.43,1952286.6951,2102311.5573,1142616.4487,482837.2515,11643770,10912540,13667587,12362731,7938360,4379045,666418.2157,609896.0952,967965.2824,1189792.5763,548585.9421,228020.7596,2233.72,2148.26,1826.83,2063.38,2087.08,2089.74
2026-02-09T00:00:00,99.67,93.43,89.84,89.2,89.08,88.69,89.3,77.6,67.5,84.16,85.77,82.86,6251459.371,1.024335548E7,1.1811095766E7,4486649.48,2534998.683,3667652.416,2940009,4871571,3980604,1746041,1040850,1641253,3095939.216,4836738.921,5773154.785,2188177.051,1312312.593,1730490.081,92.12,78.35,87.46,87.59,86.99,86.77,2295.74,2173.77,2093.94,2121.7,2152.03,2147.73,2076.68,1818.18,1747.8,1994.57,2064.1,2008.62,1264743.43,1952286.6951,2102311.5573,1142616.4487,482837.2515,625378.5569,10912540,13667587,12362731,7938360,4379045,6331904,609896.0952,967965.2824,1189792.5763,548585.9421,228020.7596,315446.5313,2148.26,1826.83,2063.38,2087.08,2089.74,2105.02
2026-02-10T00:00:00,93.43,89.84,89.2,89.08,88.69,87.49,77.6,67.5,84.16,85.77,82.86,81.91,1.024335548E7,1.1811095766E7,4486649.48,2534998.683,3667652.416,2975212.105,4871571,3980604,1746041,1040850,1641253,1118002,4836738.921,5773154.785,2188177.051,1312312.593,1730490.081,1398749.372,78.35,87.46,87.59,86.99,86.77,82.99,2173.77,2093.94,2121.7,2152.03,2147.73,2124.71,1818.18,1747.8,1994.57,2064.1,2008.62,1989.38,1952286.6951,2102311.5573,1142616.4487,482837.2515,625378.5569,574321.6908,13667587,12362731,7938360,4379045,6331904,5159394,967965.2824,1189792.5763,548585.9421,228020.7596,315446.5313,276990.265,1826.83,2063.38,2087.08,2089.74,2105.02,2022.67
2026-02-11T00:00:00,89.84,89.2,89.08,88.69,87.49,84.39,67.5,84.16,85.77,82.86,81.91,78.04,1.1811095766E7,4486649.48,2534998.683,3667652.416,2975212.105,3814913.32,3980604,1746041,1040850,1641253,1118002,1519961,5773154.785,2188177.051,1312312.593,1730490.081,1398749.372,1909861.395,87.46,87.59,86.99,86.77,82.99,79.3,2093.94,2121.7,2152.03,2147.73,2124.71,2032.31,1747.8,1994.57,2064.1,2008.62,1989.38,1903.19,2102311.5573,1142616.4487,482837.2515,625378.5569,574321.6908,529655.8177,12362731,7938360,4379045,6331904,5159394,6450810,1189792.5763,548585.9421,228020.7596,315446.5313,276990.265,259017.7416,2063.38,2087.08,2089.74,2105.02,2022.67,1941.18
2026-02-12T00:00:00,89.2,89.08,88.69,87.49,84.39,82.25,84.16,85.77,82.86,81.91,78.04,76.6,4486649.48,2534998.683,3667652.416,2975212.105,3814913.32,3196230.117,1746041,1040850,1641253,1118002,1519961,1324436,2188177.051,1312312.593,1730490.081,1398749.372,1909861.395,1622269.948,87.59,86.99,86.77,82.99,79.3,78.4,2121.7,2152.03,2147.73,2124.71,2032.31,2001.42,1994.57,2064.1,2008.62,1989.38,1903.19,1897.24,1142616.4487,482837.2515,625378.5569,574321.6908,529655.8177,427567.1469,7938360,4379045,6331904,5159394,6450810,5262808,548585.9421,228020.7596,315446.5313,276990.265,259017.7416,212467.499,2087.08,2089.74,2105.02,2022.67,1941.18,1947.85
2026-02-13T00:00:00,89.08,88.69,87.49,84.39,82.25,85.63,85.77,82.86,81.91,78.04,76.6,77.53,2534998.683,3667652.416,2975212.105,3814913.32,3196230.117,3370390.272,1040850,1641253,1118002,1519961,1324436,1245544,1312312.593,1730490.081,1398749.372,1909861.395,1622269.948,1651859.713,86.99,86.77,82.99,79.3,78.4,84.33,2152.03,2147.73,2124.71,2032.31,2001.42,2073.68,2064.1,2008.62,1989.38,1903.19,1897.24,1924.72,482837.2515,625378.5569,574321.6908,529655.8177,427567.1469,425649.7698,4379045,6331904,5159394,6450810,5262808,4695571,228020.7596,315446.5313,276990.265,259017.7416,212467.499,215643.6192,2089.74,2105.02,2022.67,1941.18,1947.85,2048.72
2026-02-14T00:00:00,88.69,87.49,84.39,82.25,85.63,88.9,82.86,81.91,78.04,76.6,77.53,84.21,3667652.416,2975212.105,3814913.32,3196230.117,3370390.272,2698607.215,1641253,1118002,1519961,1324436,1245544,771870,1730490.081,1398749.372,1909861.395,1622269.948,1651859.713,1378612.079,86.77,82.99,79.3,78.4,84.33,88.06,2147.73,2124.71,2032.31,2001.42,2073.68,2107.67,2008.62,1989.38,1903.19,1897.24,1924.72,2042.37,625378.5569,574321.6908,529655.8177,427567.1469,425649.7698,220677.2355,6331904,5159394,6450810,5262808,4695571,2720271,315446.5313,276990.265,259017.7416,212467.499,215643.6192,110065.542,2105.02,2022.67,1941.18,1947.85,2048.72,2086.59
2026-02-15T00:00:00,87.49,84.39,82.25,85.63,88.9,91.26,81.91,78.04,76.6,77.53,84.21,84.89,2975212.105,3814913.32,3196230.117,3370390.272,2698607.215,3929085.4,1118002,1519961,1324436,1245544,771870,1210120,1398749.372,1909861.395,1622269.948,1651859.713,1378612.079,1880755.574,82.99,79.3,78.4,84.33,88.06,86.16,2124.71,2032.31,2001.42,2073.68,2107.67,2103.32,1989.38,1903.19,1897.24,1924.72,2042.37,1928.88,574321.6908,529655.8177,427567.1469,425649.7698,220677.2355,834778.0952,5159394,6450810,5262808,4695571,2720271,5864311,276990.265,259017.7416,212467.499,215643.6192,110065.542,323503.2298,2022.67,1941.18,1947.85,2048.72,2086.59,1966.58
2026-02-16T00:00:00,84.39,82.25,85.63,88.9,91.26,86.93,78.04,76.6,77.53,84.21,84.89,82.55,3814913.32,3196230.117,3370390.272,2698607.215,3929085.4,3559751.811,1519961,1324436,1245544,771870,1210120,1097748,1909861.395,1622269.948,1651859.713,1378612.079,1880755.574,1807368.413,79.3,78.4,84.33,88.06,86.16,86.45,2032.31,2001.42,2073.68,2107.67,2103.32,2023.51,1903.19,1897.24,1924.72,2042.37,1928.88,1937.24,529655.8177,427567.1469,425649.7698,220677.2355,834778.0952,351347.9433,6450810,5262808,4695571,2720271,5864311,4476026,259017.7416,212467.499,215643.6192,110065.542,323503.2298,178158.7858,1941.18,1947.85,2048.72,2086.59,1966.58,1998.33
2026-02-17T00:00:00,82.25,85.63,88.9,91.26,86.93,87.69,76.6,77.53,84.21,84.89,82.55,82.92,3196230.117,3370390.272,2698607.215,3929085.4,3559751.811,2774655.865,1324436,1245544,771870,1210120,1097748,1064339,1622269.948,1651859.713,1378612.079,1880755.574,1807368.413,1385557.165,78.4,84.33,88.06,86.16,86.45,85.08,2001.42,2073.68,2107.67,2103.32,2023.51,2015.33,1897.24,1924.72,2042.37,1928.88,1937.24,1941.66,427567.1469,425649.7698,220677.2355,834778.0952,351347.9433,406246.9427,5262808,4695571,2720271,5864311,4476026,6420841,212467.499,215643.6192,110065.542,323503.2298,178158.7858,196947.7031,1947.85,2048.72,2086.59,1966.58,1998.33,1991.66
2026-02-18T00:00:00,85.63,88.9,91.26,86.93,87.69,86.09,77.53,84.21,84.89,82.55,82.92,80.48,3370390.272,2698607.215,3929085.4,3559751.811,2774655.865,3137603.97,1245544,771870,1210120,1097748,1064339,1026899,1651859.713,1378612.079,1880755.574,1807368.413,1385557.165,1549834.071,84.33,88.06,86.16,86.45,85.08,81.61,2073.68,2107.67,2103.32,2023.51,2015.33,2039.05,1924.72,2042.37,1928.88,1937.24,1941.66,1923.78,425649.7698,220677.2355,834778.0952,351347.9433,406246.9427,393639.0086,4695571,2720271,5864311,4476026,6420841,5176537,215643.6192,110065.542,323503.2298,178158.7858,196947.7031,191523.6119,2048.72,2086.59,1966.58,1998.33,1991.66,1955.91
2026-02-19T00:00:00,88.9,91.26,86.93,87.69,86.09,82.67,84.21,84.89,82.55,82.92,80.48,79.61,2698607.215,3929085.4,3559751.811,2774655.865,3137603.97,2848277.49,771870,1210120,1097748,1064339,1026899,946105,1378612.079,1880755.574,1807368.413,1385557.165,1549834.071,1441047.461,88.06,86.16,86.45,85.08,81.61,82.5,2107.67,2103.32,2023.51,2015.33,2039.05,1987.55,2042.37,1928.88,1937.24,1941.66,1923.78,1907.0,220677.2355,834778.0952,351347.9433,406246.9427,393639.0086,300257.0733,2720271,5864311,4476026,6420841,5176537,3793608,110065.542,323503.2298,178158.7858,196947.7031,191523.6119,142030.3122,2086.59,1966.58,1998.33,1991.66,1955.91,1949.08
2026-02-20T00:00:00,91.26,86.93,87.69,86.09,82.67,85.49,84.89,82.55,82.92,80.48,79.61,81.77,3929085.4,3559751.811,2774655.865,3137603.97,2848277.49,3754556.759,1210120,1097748,1064339,1026899,946105,1184887,1880755.574,1807368.413,1385557.165,1549834.071,1441047.461,1792745.473,86.16,86.45,85.08,81.61,82.5,84.67,2103.32,2023.51,2015.33,2039.05,1987.55,1981.18,1928.88,1937.24,1941.66,1923.78,1907.0,1922.97,834778.0952,351347.9433,406246.9427,393639.0086,300257.0733,386253.5557,5864311,4476026,6420841,5176537,3793608,3948261,323503.2298,178158.7858,196947.7031,191523.6119,142030.3122,186424.2257,1966.58,1998.33,1991.66,1955.91,1949.08,1968.88
2026-02-21T00:00:00,86.93,87.69,86.09,82.67,85.49,86.72,82.55,82.92,80.48,79.61,81.77,83.97,3559751.811,2774655.865,3137603.97,2848277.49,3754556.759,1780748.862,1097748,1064339,1026899,946105,1184887,501200,1807368.413,1385557.165,1549834.071,1441047.461,1792745.473,853621.901,86.45,85.08,81.61,82.5,84.67,85.17,2023.51,2015.33,2039.05,1987.55,1981.18,1995.56,1937.24,1941.66,1923.78,1907.0,1922.97,1955.62,351347.9433,406246.9427,393639.0086,300257.0733,386253.5557,179173.8456,4476026,6420841,5176537,3793608,3948261,1362230,178158.7858,196947.7031,191523.6119,142030.3122,186424.2257,91535.9107,1998.33,1991.66,1955.91,1949.08,1968.88,1973.35
2026-02-22T00:00:00,87.69,86.09,82.67,85.49,86.72,85.6,82.92,80.48,79.61,81.77,83.97,82.48,2774655.865,3137603.97,2848277.49,3754556.759,1780748.862,1798852.596,1064339,1026899,946105,1184887,501200,478017,1385557.165,1549834.071,1441047.461,1792745.473,853621.901,884360.629,85.08,81.61,82.5,84.67,85.17,82.79,2015.33,2039.05,1987.55,1981.18,1995.56,1983.13,1941.66,1923.78,1907.0,1922.97,1955.62,1935.0,406246.9427,393639.0086,300257.0733,386253.5557,179173.8456,155325.6482,6420841,5176537,3793608,3948261,1362230,1850073,196947.7031,191523.6119,142030.3122,186424.2257,91535.9107,77240.1124,1991.66,1955.91,1949.08,1968.88,1973.35,1957.82
2026-02-23T00:00:00,86.09,82.67,85.49,86.72,85.6,82.85,80.48,79.61,81.77,83.97,82.48,77.15,3137603.97,2848277.49,3754556.759,1780748.862,1798852.596,5163373.383,1026899,946105,1184887,501200,478017,1508435,1549834.071,1441047.461,1792745.473,853621.901,884360.629,2566537.654,81.61,82.5,84.67,85.17,82.79,77.9,2039.05,1987.55,1981.18,1995.56,1983.13,1958.33,1923.78,1907.0,1922.97,1955.62,1935.0,1837.13,393639.0086,300257.0733,386253.5557,179173.8456,155325.6482,547359.4869,5176537,3793608,3948261,1362230,1850073,6684753,191523.6119,142030.3122,186424.2257,91535.9107,77240.1124,266498.7851,1955.91,1949.08,1968.88,1973.35,1957.82,1856.3
2026-02-24T00:00:00,82.67,85.49,86.72,85.6,82.85,79.62,79.61,81.77,83.97,82.48,77.15,75.63,2848277.49,3754556.759,1780748.862,1798852.596,5163373.383,3592828.376,946105,1184887,501200,478017,1508435,1232135,1441047.461,1792745.473,853621.901,884360.629,2566537.654,1792005.524,82.5,84.67,85.17,82.79,77.9,78.99,1987.55,1981.18,1995.56,1983.13,1958.33,1869.58,1907.0,1922.97,1955.62,1935.0,1837.13,1800.0,300257.0733,386253.5557,179173.8456,155325.6482,547359.4869,438064.0284,3793608,3948261,1362230,1850073,6684753,6607359,142030.3122,186424.2257,91535.9107,77240.1124,266498.7851,205850.4101,1949.08,1968.88,1973.35,1957.82,1856.3,1851.94
2026-02-25T00:00:00,85.49,86.72,85.6,82.85,79.62,92.1,81.77,83.97,82.48,77.15,75.63,78.73,3754556.759,1780748.862,1798852.596,5163373.383,3592828.376,5632749.415,1184887,501200,478017,1508435,1232135,2076213,1792745.473,853621.901,884360.629,2566537.654,1792005.524,2958342.232,84.67,85.17,82.79,77.9,78.99,88.06,1981.18,1995.56,1983.13,1958.33,1869.58,2148.39,1922.97,1955.62,1935.0,1837.13,1800.0,1846.74,386253.5557,179173.8456,155325.6482,547359.4869,438064.0284,682979.4378,3948261,1362230,1850073,6684753,6607359,9024746,186424.2257,91535.9107,77240.1124,266498.7851,205850.4101,343230.549,1968.88,1973.35,1957.82,1856.3,1851.94,2057.48
2026-02-26T00:00:00,86.72,85.6,82.85,79.62,92.1,89.27,83.97,82.48,77.15,75.63,78.73,84.34,1780748.862,1798852.596,5163373.383,3592828.376,5632749.415,3356890.979,501200,478017,1508435,1232135,2076213,1381041,853621.901,884360.629,2566537.654,1792005.524,2958342.232,1672944.871,85.17,82.79,77.9,78.99,88.06,85.91,1995.56,1983.13,1958.33,1869.58,2148.39,2083.33,1955.62,1935.0,1837.13,1800.0,1846.74,1975.35,179173.8456,155325.6482,547359.4869,438064.0284,682979.4378,439783.3566,1362230,1850073,6684753,6607359,9024746,7142316,91535.9107,77240.1124,266498.7851,205850.4101,343230.549,224781.9099,1973.35,1957.82,1856.3,1851.94,2057.48,2027.68
2026-02-27T00:00:00,85.6,82.85,79.62,92.1,89.27,88.29,82.48,77.15,75.63,78.73,84.34,80.32,1798852.596,5163373.383,3592828.376,5632749.415,3356890.979,3370499.359,478017,1508435,1232135,2076213,1381041,1290836,884360.629,2566537.654,1792005.524,2958342.232,1672944.871,1608089.537,82.79,77.9,78.99,88.06,85.91,81.85,1983.13,1958.33,1869.58,2148.39,2083.33,2063.52,1935.0,1837.13,1800.0,1846.74,1975.35,1887.0,155325.6482,547359.4869,438064.0284,682979.4378,439783.3566,428687.234,1850073,6684753,6607359,9024746,7142316,5213158,77240.1124,266498.7851,205850.4101,343230.549,224781.9099,214287.6264,1957.82,1856.3,1851.94,2057.48,2027.68,1929.84
2026-02-28T00:00:00,82.85,79.62,92.1,89.27,88.29,85.65,77.15,75.63,78.73,84.34,80.32,77.12,5163373.383,3592828.376,5632749.415,3356890.979,3370499.359,4737699.879,1508435,1232135,2076213,1381041,1290836,1652423,2566537.654,1792005.524,2958342.232,1672944.871,1608089.537,2316943.669,77.9,78.99,88.06,85.91,81.85,84.35,1958.33,1869.58,2148.39,2083.33,2063.52,1984.99,1837.13,1800.0,1846.74,1975.35,1887.0,1835.36,547359.4869,438064.0284,682979.4378,439783.3566,428687.234,461680.9835,6684753,6607359,9024746,7142316,5213158,6186042,266498.7851,205850.4101,343230.549,224781.9099,214287.6264,229978.4238,1856.3,1851.94,2057.48,2027.68,1929.84,1964.51
2026-03-01T00:00:00,79.62,92.1,89.27,88.29,85.65,88.9,75.63,78.73,84.34,80.32,77.12,81.69,3592828.376,5632749.415,3356890.979,3370499.359,4737699.879,4435194.222,1232135,2076213,1381041,1290836,1652423,1639105,1792005.524,2958342.232,1672944.871,1608089.537,2316943.669,2143442.217,78.99,88.06,85.91,81.85,84.35,83.6,1869.58,2148.39,2083.33,2063.52,1984.99,2054.8,1800.0,1846.74,1975.35,1887.0,1835.36,1907.41,438064.0284,682979.4378,439783.3566,428687.234,461680.9835,529196.8464,6607359,9024746,7142316,5213158,6186042,6616298,205850.4101,343230.549,224781.9099,214287.6264,229978.4238,254547.6476,1851.94,2057.48,2027.68,1929.84,1964.51,1939.71
2026-03-02T00:00:00,92.1,89.27,88.29,85.65,88.9,90.29,78.73,84.34,80.32,77.12,81.69,82.37,5632749.415,3356890.979,3370499.359,4737699.879,4435194.222,5123433.26,2076213,1381041,1290836,1652423,1639105,2012450,2958342.232,1672944.871,1608089.537,2316943.669,2143442.217,2558006.604,88.06,85.91,81.85,84.35,83.6,86.64,2148.39,2083.33,2063.52,1984.99,2054.8,2090.0,1846.74,1975.35,1887.0,1835.36,1907.41,1920.0,682979.4378,439783.3566,428687.234,461680.9835,529196.8464,577406.3749,9024746,7142316,5213158,6186042,6616298,9343785,343230.549,224781.9099,214287.6264,229978.4238,254547.6476,299199.2494,2057.48,2027.68,1929.84,1964.51,1939.71,2027.35
2026-03-03T00:00:00,89.27,88.29,85.65,88.9,90.29,87.46,84.34,80.32,77.12,81.69,82.37,82.5,3356890.979,3370499.359,4737699.879,4435194.222,5123433.26,4136742.745,1381041,1290836,1652423,1639105,2012450,1899723,1672944.871,1608089.537,2316943.669,2143442.217,2558006.604,2088429.65,85.91,81.85,84.35,83.6,86.64,86.97,2083.33,2063.52,1984.99,2054.8,2090.0,2041.48,1975.35,1887.0,1835.36,1907.41,1920.0,1929.56,439783.3566,428687.234,461680.9835,529196.8464,577406.3749,509329.8534,7142316,5213158,6186042,6616298,9343785,8311355,224781.9099,214287.6264,229978.4238,254547.6476,299199.2494,254251.3309,2027.68,1929.84,1964.51,1939.71,2027.35,1982.8
2026-03-04T00:00:00,88.29,85.65,88.9,90.29,87.46,94.05,80.32,77.12,81.69,82.37,82.5,84.78,3370499.359,4737699.879,4435194.222,5123433.26,4136742.745,6329931.383,1290836,1652423,1639105,2012450,1899723,2311936,1608089.537,2316943.669,2143442.217,2558006.604,2088429.65,3204724.318,81.85,84.35,83.6,86.64,86.97,90.85,2063.52,1984.99,2054.8,2090.0,2041.48,2199.0,1887.0,1835.36,1907.41,1920.0,1929.56,1945.08,428687.234,461680.9835,529196.8464,577406.3749,509329.8534,737644.8152,5213158,6186042,6616298,9343785,8311355,9527323,214287.6264,229978.4238,254547.6476,299199.2494,254251.3309,368171.8559,1929.84,1964.51,1939.71,2027.35,1982.8,2127.28
2026-03-05T00:00:00,85.65,88.9,90.29,87.46,94.05,92.96,77.12,81.69,82.37,82.5,84.78,87.91,4737699.879,4435194.222,5123433.26,4136742.745,6329931.383,3753710.608,1652423,1639105,2012450,1899723,2311936,1560359,2316943.669,2143442.217,2558006.604,2088429.65,3204724.318,1826589.831,84.35,83.6,86.64,86.97,90.85,88.77,1984.99,2054.8,2090.0,2041.48,2199.0,2163.66,1835.36,1907.41,1920.0,1929.56,1945.08,2054.75,461680.9835,529196.8464,577406.3749,509329.8534,737644.8152,432157.8126,6186042,6616298,9343785,8311355,9527323,6753565,229978.4238,254547.6476,299199.2494,254251.3309,368171.8559,205453.4958,1964.51,1939.71,2027.35,1982.8,2127.28,2072.86
2026-03-06T00:00:00,88.9,90.29,87.46,94.05,92.96,89.31,81.69,82.37,82.5,84.78,87.91,83.64,4435194.222,5123433.26,4136742.745,6329931.383,3753710.608,3135324.642,1639105,2012450,1899723,2311936,1560359,1074615,2143442.217,2558006.604,2088429.65,3204724.318,1826589.831,1431065.025,83.6,86.64,86.97,90.85,88.77,84.7,2054.8,2090.0,2041.48,2199.0,2163.66,2093.33,1907.41,1920.0,1929.56,1945.08,2054.75,1955.95,529196.8464,577406.3749,509329.8534,737644.8152,432157.8126,411597.7569,6616298,9343785,8311355,9527323,6753565,5601424,254547.6476,299199.2494,254251.3309,368171.8559,205453.4958,197603.9435,1939.71,2027.35,1982.8,2127.28,2072.86,1978.68
2026-03-07T00:00:00,90.29,87.46,94.05,92.96,89.31,85.07,82.37,82.5,84.78,87.91,83.64,82.28,5123433.26,4136742.745,6329931.383,3753710.608,3135324.642,1465281.721,2012450,1899723,2311936,1560359,1074615,449215,2558006.604,2088429.65,3204724.318,1826589.831,1431065.025,717082.462,86.64,86.97,90.85,88.77,84.7,83.22,2090.0,2041.48,2199.0,2163.66,2093.33,1996.04,1920.0,1929.56,1945.08,2054.75,1955.95,1948.09,577406.3749,509329.8534,737644.8152,432157.8126,411597.7569,184459.82,9343785,8311355,9527323,6753565,5601424,2029543,299199.2494,254251.3309,368171.8559,205453.4958,197603.9435,89270.3932,2027.35,1982.8,2127.28,2072.86,1978.68,1969.59
2026-03-08T00:00:00,87.46,94.05,92.96,89.31,85.07,84.13,82.5,84.78,87.91,83.64,82.28,80.26,4136742.745,6329931.383,3753710.608,3135324.642,1465281.721,2102965.687,1899723,2311936,1560359,1074615,449215,874561,2088429.65,3204724.318,1826589.831,1431065.025,717082.462,1060648.598,86.97,90.85,88.77,84.7,83.22,81.59,2041.48,2199.0,2163.66,2093.33,1996.04,1979.8,1929.56,1945.08,2054.75,1955.95,1948.09,1916.14,509329.8534,737644.8152,432157.8126,411597.7569,184459.82,391189.7317,8311355,9527323,6753565,5601424,2029543,4044585,254251.3309,368171.8559,205453.4958,197603.9435,89270.3932,190729.8992,1982.8,2127.28,2072.86,1978.68,1969.59,1937.1
2026-03-09T00:00:00,94.05,92.96,89.31,85.07,84.13,87.06,84.78,87.91,83.64,82.28,80.26,81.54,6329931.383,3753710.608,3135324.642,1465281.721,2102965.687,3594057.289,2311936,1560359,1074615,449215,874561,1435938,3204724.318,1826589.831,1431065.025,717082.462,1060648.598,1842761.96,90.85,88.77,84.7,83.22,81.59,84.96,2199.0,2163.66,2093.33,1996.04,1979.8,2053.52,1945.08,2054.75,1955.95,1948.09,1916.14,1929.65,737644.8152,432157.8126,411597.7569,184459.82,391189.7317,550825.4883,9527323,6753565,5601424,2029543,4044585,6360581,368171.8559,205453.4958,197603.9435,89270.3932,190729.8992,282877.29,2127.28,2072.86,1978.68,1969.59,1937.1,1992.98
2026-03-10T00:00:00,92.96,89.31,85.07,84.13,87.06,88.8,87.91,83.64,82.28,80.26,81.54,84.83,3753710.608,3135324.642,1465281.721,2102965.687,3594057.289,3643895.134,1560359,1074615,449215,874561,1435938,1345421,1826589.831,1431065.025,717082.462,1060648.598,1842761.96,1804358.795,88.77,84.7,83.22,81.59,84.96,85.88,2163.66,2093.33,1996.04,1979.8,2053.52,2088.19,2054.75,1955.95,1948.09,1916.14,1929.65,1991.0,432157.8126,411597.7569,184459.82,391189.7317,550825.4883,463411.8739,6753565,5601424,2029543,4044585,6360581,5226998,205453.4958,197603.9435,89270.3932,190729.8992,282877.29,240013.7173,2072.86,1978.68,1969.59,1937.1,1992.98,2036.51
2026-03-11T00:00:00,89.31,85.07,84.13,87.06,88.8,88.09,83.64,82.28,80.26,81.54,84.83,84.36,3135324.642,1465281.721,2102965.687,3594057.289,3643895.134,3182175.739,1074615,449215,874561,1435938,1345421,1160083,1431065.025,717082.462,1060648.598,1842761.96,1804358.795,1642729.604,84.7,83.22,81.59,84.96,85.88,86.58,2093.33,1996.04,1979.8,2053.52,2088.19,2085.58,1955.95,1948.09,1916.14,1929.65,1991.0,2007.17,411597.7569,184459.82,391189.7317,550825.4883,463411.8739,350061.256,5601424,2029543,4044585,6360581,5226998,4730286,197603.9435,89270.3932,190729.8992,282877.29,240013.7173,172446.7326,1978.68,1969.59,1937.1,1992.98,2036.51,2051.97
2026-03-12T00:00:00,85.07,84.13,87.06,88.8,88.09,87.69,82.28,80.26,81.54,84.83,84.36,84.72,1465281.721,2102965.687,3594057.289,3643895.134,3182175.739,2913681.148,449215,874561,1435938,1345421,1160083,1011244,717082.462,1060648.598,1842761.96,1804358.795,1642729.604,1514674.762,83.22,81.59,84.96,85.88,86.58,86.84,1996.04,1979.8,2053.52,2088.19,2085.58,2095.0,1948.09,1916.14,1929.65,1991.0,2007.17,2017.59,184459.82,391189.7317,550825.4883,463411.8739,350061.256,400507.8132,2029543,4044585,6360581,5226998,4730286,4757775,89270.3932,190729.8992,282877.29,240013.7173,172446.7326,196694.8334,1969.59,1937.1,1992.98,2036.51,2051.97,2073.52
2026-03-13T00:00:00,84.13,87.06,88.8,88.09,87.69,92.98,80.26,81.54,84.83,84.36,84.72,86.71,2102965.687,3594057.289,3643895.134,3182175.739,2913681.148,4940378.617,874561,1435938,1345421,1160083,1011244,1573489,1060648.598,1842761.96,1804358.795,1642729.604,1514674.762,2461290.957,81.59,84.96,85.88,86.58,86.84,88.18,1979.8,2053.52,2088.19,2085.58,2095.0,2209.03,1916.14,1929.65,1991.0,2007.17,2017.59,2070.12,391189.7317,550825.4883,463411.8739,350061.256,400507.8132,599657.0399,4044585,6360581,5226998,4730286,4757775,6138489,190729.8992,282877.29,240013.7173,172446.7326,196694.8334,300361.2151,1937.1,1992.98,2036.51,2051.97,2073.52,2092.22
2026-03-14T00:00:00,87.06,88.8,88.09,87.69,92.98,88.71,81.54,84.83,84.36,84.72,86.71,86.51,3594057.289,3643895.134,3182175.739,2913681.148,4940378.617,1498143.039,1435938,1345421,1160083,1011244,1573489,452790,1842761.96,1804358.795,1642729.604,1514674.762,2461290.957,752963.058,84.96,85.88,86.58,86.84,88.18,88.03,2053.52,2088.19,2085.58,2095.0,2209.03,2106.09,1929.65,1991.0,2007.17,2017.59,2070.12,2061.6,550825.4883,463411.8739,350061.256,400507.8132,599657.0399,152500.5822,6360581,5226998,4730286,4757775,6138489,1584458,282877.29,240013.7173,172446.7326,196694.8334,300361.2151,73409.361,1992.98,2036.51,2051.97,2073.52,2092.22,2096.16
2026-03-15T00:00:00,88.8,88.09,87.69,92.98,88.71,93.23,84.83,84.36,84.72,86.71,86.51,87.36,3643895.134,3182175.739,2913681.148,4940378.617,1498143.039,2614547.105,1345421,1160083,1011244,1573489,452790,884525,1804358.795,1642729.604,1514674.762,2461290.957,752963.058,1425868.524,85.88,86.58,86.84,88.18,88.03,92.3,2088.19,2085.58,2095.0,2209.03,2106.09,2202.87,1991.0,2007.17,2017.59,2070.12,2061.6,2083.35,463411.8739,350061.256,400507.8132,599657.0399,152500.5822,280825.9377,5226998,4730286,4757775,6138489,1584458,3001730,240013.7173,172446.7326,196694.8334,300361.2151,73409.361,146142.3746,2036.51,2051.97,2073.52,2092.22,2096.16,2178.3
2026-03-16T00:00:00,88.09,87.69,92.98,88.71,93.23,97.68,84.36,84.72,86.71,86.51,87.36,91.18,3182175.739,2913681.148,4940378.617,1498143.039,2614547.105,5621650.621,1160083,1011244,1573489,452790,884525,1713091,1642729.604,1514674.762,2461290.957,752963.058,1425868.524,2939860.344,86.58,86.84,88.18,88.03,92.3,96.2,2085.58,2095.0,2209.03,2106.09,2202.87,2386.02,2007.17,2017.59,2070.12,2061.6,2083.35,2164.73,350061.256,400507.8132,599657.0399,152500.5822,280825.9377,845892.7756,4730286,4757775,6138489,1584458,3001730,7409311,172446.7326,196694.8334,300361.2151,73409.361,146142.3746,445819.396,2051.97,2073.52,2092.22,2096.16,2178.3,2352.97
2026-03-17T00:00:00,87.69,92.98,88.71,93.23,97.68,96.95,84.72,86.71,86.51,87.36,91.18,93.15,2913681.148,4940378.617,1498143.039,2614547.105,5621650.621,2833557.586,1011244,1573489,452790,884525,1713091,1112613,1514674.762,2461290.957,752963.058,1425868.524,2939860.344,1375922.322,86.84,88.18,88.03,92.3,96.2,94.62,2095.0,2209.03,2106.09,2202.87,2386.02,2376.66,2017.59,2070.12,2061.6,2083.35,2164.73,2294.15,400507.8132,599657.0399,152500.5822,280825.9377,845892.7756,493831.1016,4757775,6138489,1584458,3001730,7409311,5596636,196694.8334,300361.2151,73409.361,146142.3746,445819.396,240136.5065,2073.52,2092.22,2096.16,2178.3,2352.97,2317.39
2026-03-18T00:00:00,92.98,88.71,93.23,97.68,96.95,95.65,86.71,86.51,87.36,91.18,93.15,88.55,4940378.617,1498143.039,2614547.105,5621650.621,2833557.586,3293861.558,1573489,452790,884525,1713091,1112613,1252844,2461290.957,752963.058,1425868.524,2939860.344,1375922.322,1605377.893,88.18,88.03,92.3,96.2,94.62,90.08,2209.03,2106.09,2202.87,2386.02,2376.66,2350.0,2070.12,2061.6,2083.35,2164.73,2294.15,2153.21,599657.0399,152500.5822,280825.9377,845892.7756,493831.1016,488040.8887,6138489,1584458,3001730,7409311,5596636,5684937,300361.2151,73409.361,146142.3746,445819.396,240136.5065,232364.5906,2092.22,2096.16,2178.3,2352.97,2317.39,2203.39
2026-03-19T00:00:00,88.71,93.23,97.68,96.95,95.65,91.41,86.51,87.36,91.18,93.15,88.55,87.0,1498143.039,2614547.105,5621650.621,2833557.586,3293861.558,2609542.924,452790,884525,1713091,1112613,1252844,969701,752963.058,1425868.524,2939860.344,1375922.322,1605377.893,1320188.037,88.03,92.3,96.2,94.62,90.08,88.89,2106.09,2202.87,2386.02,2376.66,2350.0,2233.72,2061.6,2083.35,2164.73,2294.15,2153.21,2099.38,152500.5822,280825.9377,845892.7756,493831.1016,488040.8887,490791.679,1584458,3001730,7409311,5596636,5684937,6142160,73409.361,146142.3746,445819.396,240136.5065,232364.5906,235483.1788,2096.16,2178.3,2352.97,2317.39,2203.39,2137.81
2026-03-20T00:00:00,93.23,97.68,96.95,95.65,91.41,90.45,87.36,91.18,93.15,88.55,87.0,88.13,2614547.105,5621650.621,2833557.586,3293861.558,2609542.924,2201411.538,884525,1713091,1112613,1252844,969701,829967,1425868.524,2939860.344,1375922.322,1605377.893,1320188.037,1141148.706,92.3,96.2,94.62,90.08,88.89,89.84,2202.87,2386.02,2376.66,2350.0,2233.72,2176.84,2083.35,2164.73,2294.15,2153.21,2099.38,2116.88,280825.9377,845892.7756,493831.1016,488040.8887,490791.679,300156.1778,3001730,7409311,5596636,5684937,6142160,4595372,146142.3746,445819.396,240136.5065,232364.5906,235483.1788,162200.144,2178.3,2352.97,2317.39,2203.39,2137.81,2146.22
2026-03-21T00:00:00,97.68,96.95,95.65,91.41,90.45,90.81,91.18,93.15,88.55,87.0,88.13,87.14,5621650.621,2833557.586,3293861.558,2609542.924,2201411.538,1241845.225,1713091,1112613,1252844,969701,829967,430506,2939860.344,1375922.322,1605377.893,1320188.037,1141148.706,589404.904,96.2,94.62,90.08,88.89,89.84,87.56,2386.02,2376.66,2350.0,2233.72,2176.84,2168.27,2164.73,2294.15,2153.21,2099.38,2116.88,2070.78,845892.7756,493831.1016,488040.8887,490791.679,300156.1778,132559.4646,7409311,5596636,5684937,6142160,4595372,1375463,445819.396,240136.5065,232364.5906,235483.1788,162200.144,63249.5812,2352.97,2317.39,2203.39,2137.81,2146.22,2084.87
2026-03-22T00:00:00,96.95,95.65,91.41,90.45,90.81,89.2,93.15,88.55,87.0,88.13,87.14,85.14,2833557.586,3293861.558,2609542.924,2201411.538,1241845.225,2138087.131,1112613,1252844,969701,829967,430506,792987,1375922.322,1605377.893,1320188.037,1141148.706,589404.904,1065007.562,94.62,90.08,88.89,89.84,87.56,86.2,2376.66,2350.0,2233.72,2176.84,2168.27,2127.21,2294.15,2153.21,2099.38,2116.88,2070.78,2026.0,493831.1016,488040.8887,490791.679,300156.1778,132559.4646,313070.5572,5596636,5684937,6142160,4595372,1375463,3577857,240136.5065,232364.5906,235483.1788,162200.144,63249.5812,154345.7056,2317.39,2203.39,2137.81,2146.22,2084.87,2053.89
2026-03-23T00:00:00,95.65,91.41,90.45,90.81,89.2,92.26,88.55,87.0,88.13,87.14,85.14,85.11,3293861.558,2609542.924,2201411.538,1241845.225,2138087.131,4561706.388,1252844,969701,829967,430506,792987,1666603,1605377.893,1320188.037,1141148.706,589404.904,1065007.562,2388137.442,90.08,88.89,89.84,87.56,86.2,91.43,2350.0,2233.72,2176.84,2168.27,2127.21,2198.57,2153.21,2099.38,2116.88,2070.78,2026.0,2023.04,488040.8887,490791.679,300156.1778,132559.4646,313070.5572,614508.4369,5684937,6142160,4595372,1375463,3577857,7349668,232364.5906,235483.1788,162200.144,63249.5812,154345.7056,310239.9864,2203.39,2137.81,2146.22,2084.87,2053.89,2152.03
2026-03-24T00:00:00,91.41,90.45,90.81,89.2,92.26,92.22,87.0,88.13,87.14,85.14,85.11,88.42,2609542.924,2201411.538,1241845.225,2138087.131,4561706.388,3086042.526,969701,829967,430506,792987,1666603,1020843,1320188.037,1141148.706,589404.904,1065007.562,2388137.442,1573214.538,88.89,89.84,87.56,86.2,91.43,90.8,2233.72,2176.84,2168.27,2127.21,2198.57,2175.16,2099.38,2116.88,2070.78,2026.0,2023.04,2103.02,490791.679,300156.1778,132559.4646,313070.5572,614508.4369,316703.4728,6142160,4595372,1375463,3577857,7349668,4633093,235483.1788,162200.144,63249.5812,154345.7056,310239.9864,152304.1675,2137.81,2146.22,2084.87,2053.89,2152.03,2156.23
2026-03-25T00:00:00,90.45,90.81,89.2,92.26,92.22,93.47,88.13,87.14,85.14,85.11,88.42,90.71,2201411.538,1241845.225,2138087.131,4561706.388,3086042.526,2652534.798,829967,430506,792987,1666603,1020843,844728,1141148.706,589404.904,1065007.562,2388137.442,1573214.538,1385531.891,89.84,87.56,86.2,91.43,90.8,91.7,2176.84,2168.27,2127.21,2198.57,2175.16,2199.02,2116.88,2070.78,2026.0,2023.04,2103.02,2146.35,300156.1778,132559.4646,313070.5572,614508.4369,316703.4728,275641.5255,4595372,1375463,3577857,7349668,4633093,3492121,162200.144,63249.5812,154345.7056,310239.9864,152304.1675,139003.4847,2146.22,2084.87,2053.89,2152.03,2156.23,2169.02
2026-03-26T00:00:00,90.81,89.2,92.26,92.22,93.47,91.98,87.14,85.14,85.11,88.42,90.71,85.45,1241845.225,2138087.131,4561706.388,3086042.526,2652534.798,3566192.736,430506,792987,1666603,1020843,844728,864864,589404.904,1065007.562,2388137.442,1573214.538,1385531.891,1628293.113,87.56,86.2,91.43,90.8,91.7,86.53,2168.27,2127.21,2198.57,2175.16,2199.02,2172.19,2070.78,2026.0,2023.04,2103.02,2146.35,2034.54,132559.4646,313070.5572,614508.4369,316703.4728,275641.5255,338010.6238,1375463,3577857,7349668,4633093,3492121,3890747,63249.5812,154345.7056,310239.9864,152304.1675,139003.4847,171588.2134,2084.87,2053.89,2152.03,2156.23,2169.02,2060.43
2026-03-27T00:00:00,89.2,92.26,92.22,93.47,91.98,87.04,85.14,85.11,88.42,90.71,85.45,81.86,2138087.131,4561706.388,3086042.526,2652534.798,3566192.736,2840562.07,792987,1666603,1020843,844728,864864,817296,1065007.562,2388137.442,1573214.538,1385531.891,1628293.113,1374893.666,86.2,91.43,90.8,91.7,86.53,83.11,2127.21,2198.57,2175.16,2199.02,2172.19,2077.19,2026.0,2023.04,2103.02,2146.35,2034.54,1970.93,313070.5572,614508.4369,316703.4728,275641.5255,338010.6238,394873.5248,3577857,7349668,4633093,3492121,3890747,3909237,154345.7056,310239.9864,152304.1675,139003.4847,171588.2134,206051.2798,2053.89,2152.03,2156.23,2169.02,2060.43,1992.75
2026-03-28T00:00:00,92.26,92.22,93.47,91.98,87.04,84.29,85.11,88.42,90.71,85.45,81.86,81.69,4561706.388,3086042.526,2652534.798,3566192.736,2840562.07,1667010.099,1666603,1020843,844728,864864,817296,451858,2388137.442,1573214.538,1385531.891,1628293.113,1374893.666,839405.538,91.43,90.8,91.7,86.53,83.11,82.09,2198.57,2175.16,2199.02,2172.19,2077.19,2047.45,2023.04,2103.02,2146.35,2034.54,1970.93,1983.17,614508.4369,316703.4728,275641.5255,338010.6238,394873.5248,154831.8055,7349668,4633093,3492121,3890747,3909237,1569810,310239.9864,152304.1675,139003.4847,171588.2134,206051.2798,86378.919,2152.03,2156.23,2169.02,2060.43,1992.75,1994.74
2026-03-29T00:00:00,92.22,93.47,91.98,87.04,84.29,83.24,88.42,90.71,85.45,81.86,81.69,78.96,3086042.526,2652534.798,3566192.736,2840562.07,1667010.099,1624673.475,1020843,844728,864864,817296,451858,523110,1573214.538,1385531.891,1628293.113,1374893.666,839405.538,775501.505,90.8,91.7,86.53,83.11,82.09,81.44,2175.16,2199.02,2172.19,2077.19,2047.45,2019.65,2103.02,2146.35,2034.54,1970.93,1983.17,1938.82,316703.4728,275641.5255,338010.6238,394873.5248,154831.8055,166726.7382,4633093,3492121,3890747,3909237,1569810,2049808,152304.1675,139003.4847,171588.2134,206051.2798,86378.919,87697.2438,2156.23,2169.02,2060.43,1992.75,1994.74,1984.64
2026-03-30T00:00:00,93.47,91.98,87.04,84.29,83.24,84.99,90.71,85.45,81.86,81.69,78.96,81.15,2652534.798,3566192.736,2840562.07,1667010.099,1624673.475,3025854.687,844728,864864,817296,451858,523110,887139,1385531.891,1628293.113,1374893.666,839405.538,775501.505,1564663.742,91.7,86.53,83.11,82.09,81.44,82.54,2199.02,2172.19,2077.19,2047.45,2019.65,2085.0,2146.35,2034.54,1970.93,1983.17,1938.82,1980.28,275641.5255,338010.6238,394873.5248,154831.8055,166726.7382,338304.4344,3492121,3890747,3909237,1569810,2049808,3886546,139003.4847,171588.2134,206051.2798,86378.919,87697.2438,174062.2111,2169.02,2060.43,1992.75,1994.74,1984.64,2026.48
2026-03-31T00:00:00,91.98,87.04,84.29,83.24,84.99,84.62,85.45,81.86,81.69,78.96,81.15,80.08,3566192.736,2840562.07,1667010.099,1624673.475,3025854.687,4272567.426,864864,817296,451858,523110,887139,1157793,1628293.113,1374893.666,839405.538,775501.505,1564663.742,2164590.908,86.53,83.11,82.09,81.44,82.54,83.2,2172.19,2077.19,2047.45,2019.65,2085.0,2124.03,2034.54,1970.93,1983.17,1938.82,1980.28,2012.64,338010.6238,394873.5248,154831.8055,166726.7382,338304.4344,421897.9023,3890747,3909237,1569810,2049808,3886546,5013796,171588.2134,206051.2798,86378.919,87697.2438,174062.2111,218379.1286,2060.43,1992.75,1994.74,1984.64,2026.48,2105.43
2026-04-01T00:00:00,87.04,84.29,83.24,84.99,84.62,86.65,81.86,81.69,78.96,81.15,80.08,80.77,2840562.07,1667010.099,1624673.475,3025854.687,4272567.426,4676736.12,817296,451858,523110,887139,1157793,1221698,1374893.666,839405.538,775501.505,1564663.742,2164590.908,2333531.443,83.11,82.09,81.44,82.54,83.2,81.18,2077.19,2047.45,2019.65,2085.0,2124.03,2167.85,1970.93,1983.17,1938.82,1980.28,2012.64,2082.08,394873.5248,154831.8055,166726.7382,338304.4344,421897.9023,399227.3779,3909237,1569810,2049808,3886546,5013796,4211533,206051.2798,86378.919,87697.2438,174062.2111,218379.1286,203721.1114,1992.75,1994.74,1984.64,2026.48,2105.43,2140.35
2026-04-02T00:00:00,84.29,83.24,84.99,84.62,86.65,81.77,81.69,78.96,81.15,80.08,80.77,76.7,1667010.099,1624673.475,3025854.687,4272567.426,4676736.12,4210024.263,451858,523110,887139,1157793,1221698,1149760,839405.538,775501.505,1564663.742,2164590.908,2333531.443,2218883.41,82.09,81.44,82.54,83.2,81.18,78.94,2047.45,2019.65,2085.0,2124.03,2167.85,2159.37,1983.17,1938.82,1980.28,2012.64,2082.08,2017.04,154831.8055,166726.7382,338304.4344,421897.9023,399227.3779,346872.8323,1569810,2049808,3886546,5013796,4211533,4462923,86378.919,87697.2438,174062.2111,218379.1286,203721.1114,161146.8702,1994.74,1984.64,2026.48,2105.43,2140.35,2057.17
2026-04-03T00:00:00,83.24,84.99,84.62,86.65,81.77,80.91,78.96,81.15,80.08,80.77,76.7,78.85,1624673.475,3025854.687,4272567.426,4676736.12,4210024.263,2230839.74,523110,887139,1157793,1221698,1149760,585265,775501.505,1564663.742,2164590.908,2333531.443,2218883.41,1241609.842,81.44,82.54,83.2,81.18,78.94,80.4,2019.65,2085.0,2124.03,2167.85,2159.37,2081.76,1938.82,1980.28,2012.64,2082.08,2017.04,2040.66,166726.7382,338304.4344,421897.9023,399227.3779,346872.8323,136266.6393,2049808,3886546,5013796,4211533,4462923,1741595,87697.2438,174062.2111,218379.1286,203721.1114,161146.8702,64849.8016,1984.64,2026.48,2105.43,2140.35,2057.17,2053.83
2026-04-04T00:00:00,84.99,84.62,86.65,81.77,80.91,81.61,81.15,80.08,80.77,76.7,78.85,79.57,3025854.687,4272567.426,4676736.12,4210024.263,2230839.74,1562930.767,887139,1157793,1221698,1149760,585265,339581,1564663.742,2164590.908,2333531.443,2218883.41,1241609.842,778904.625,82.54,83.2,81.18,78.94,80.4,80.83,2085.0,2124.03,2167.85,2159.37,2081.76,2084.0,1980.28,2012.64,2082.08,2017.04,2040.66,2044.63,338304.4344,421897.9023,399227.3779,346872.8323,136266.6393,86504.4406,3886546,5013796,4211533,4462923,1741595,1246022,174062.2111,218379.1286,203721.1114,161146.8702,64849.8016,42789.6573,2026.48,2105.43,2140.35,2057.17,2053.83,2065.52
2026-04-05T00:00:00,84.62,86.65,81.77,80.91,81.61,82.13,80.08,80.77,76.7,78.85,79.57,78.52,4272567.426,4676736.12,4210024.263,2230839.74,1562930.767,1732438.558,1157793,1221698,1149760,585265,339581,530668,2164590.908,2333531.443,2218883.41,1241609.842,778904.625,857730.959,83.2,81.18,78.94,80.4,80.83,81.89,2124.03,2167.85,2159.37,2081.76,2084.0,2123.49,2012.64,2082.08,2017.04,2040.66,2044.63,2021.5,421897.9023,399227.3779,346872.8323,136266.6393,86504.4406,157353.3199,5013796,4211533,4462923,1741595,1246022,2504865,218379.1286,203721.1114,161146.8702,64849.8016,42789.6573,78363.4974,2105.43,2140.35,2057.17,2053.83,2065.52,2110.17
2026-04-06T00:00:00,86.65,81.77,80.91,81.61,82.13,83.2,80.77,76.7,78.85,79.57,78.52,79.6,4676736.12,4210024.263,2230839.74,1562930.767,1732438.558,2730370.564,1221698,1149760,585265,339581,530668,836312,2333531.443,2218883.41,1241609.842,778904.625,857730.959,1352929.853,81.18,78.94,80.4,80.83,81.89,80.03,2167.85,2159.37,2081.76,2084.0,2123.49,2174.79,2082.08,2017.04,2040.66,2044.63,2021.5,2087.5,399227.3779,346872.8323,136266.6393,86504.4406,157353.3199,356054.2894,4211533,4462923,1741595,1246022,2504865,5330366,203721.1114,161146.8702,64849.8016,42789.6573,78363.4974,180414.5093,2140.35,2057.17,2053.83,2065.52,2110.17,2107.16
2026-04-07T00:00:00,81.77,80.91,81.61,82.13,83.2,87.02,76.7,78.85,79.57,78.52,79.6,78.38,4210024.263,2230839.74,1562930.767,1732438.558,2730370.564,4312598.52,1149760,585265,339581,530668,836312,1320957,2218883.41,1241609.842,778904.625,857730.959,1352929.853,2196613.788,78.94,80.4,80.83,81.89,80.03,85.56,2159.37,2081.76,2084.0,2123.49,2174.79,2273.87,2017.04,2040.66,2044.63,2021.5,2087.5,2060.24,346872.8323,136266.6393,86504.4406,157353.3199,356054.2894,460094.8093,4462923,1741595,1246022,2504865,5330366,5189711,161146.8702,64849.8016,42789.6573,78363.4974,180414.5093,239252.9777,2057.17,2053.83,2065.52,2110.17,2107.16,2240.01
2026-04-08T00:00:00,80.91,81.61,82.13,83.2,87.02,85.9,78.85,79.57,78.52,79.6,78.38,82.24,2230839.74,1562930.767,1732438.558,2730370.564,4312598.52,2952758.548,585265,339581,530668,836312,1320957,910454,1241609.842,778904.625,857730.959,1352929.853,2196613.788,1433720.963,80.4,80.83,81.89,80.03,85.56,82.57,2081.76,2084.0,2123.49,2174.79,2273.87,2270.55,2040.66,2044.63,2021.5,2087.5,2060.24,2179.78,136266.6393,86504.4406,157353.3199,356054.2894,460094.8093,404717.6321,1741595,1246022,2504865,5330366,5189711,4339985,64849.8016,42789.6573,78363.4974,180414.5093,239252.9777,190983.3243,2053.83,2065.52,2110.17,2107.16,2240.01,2190.0
2026-04-09T00:00:00,81.61,82.13,83.2,87.02,85.9,85.95,79.57,78.52,79.6,78.38,82.24,81.4,1562930.767,1732438.558,2730370.564,4312598.52,2952758.548,2775927.629,339581,530668,836312,1320957,910454,900238,778904.625,857730.959,1352929.853,2196613.788,1433720.963,1450802.075,80.83,81.89,80.03,85.56,82.57,83.33,2084.0,2123.49,2174.79,2273.87,2270.55,2246.0,2044.63,2021.5,2087.5,2060.24,2179.78,2157.31,86504.4406,157353.3199,356054.2894,460094.8093,404717.6321,275317.9503,1246022,2504865,5330366,5189711,4339985,3756386,42789.6573,78363.4974,180414.5093,239252.9777,190983.3243,135540.5413,2065.52,2110.17,2107.16,2240.01,2190.0,2190.2
2026-04-10T00:00:00,82.13,83.2,87.02,85.9,85.95,85.67,78.52,79.6,78.38,82.24,81.4,82.62,1732438.558,2730370.564,4312598.52,2952758.548,2775927.629,2186078.343,530668,836312,1320957,910454,900238,684681,857730.959,1352929.853,2196613.788,1433720.963,1450802.075,1137103.618,81.89,80.03,85.56,82.57,83.33,84.83,2123.49,2174.79,2273.87,2270.55,2246.0,2257.99,2021.5,2087.5,2060.24,2179.78,2157.31,2176.1,157353.3199,356054.2894,460094.8093,404717.6321,275317.9503,272899.0858,2504865,5330366,5189711,4339985,3756386,2929213,78363.4974,180414.5093,239252.9777,190983.3243,135540.5413,132077.3122,2110.17,2107.16,2240.01,2190.0,2190.2,2245.05
2026-04-11T00:00:00,83.2,87.02,85.9,85.95,85.67,86.26,79.6,78.38,82.24,81.4,82.62,83.8,2730370.564,4312598.52,2952758.548,2775927.629,2186078.343,1570901.883,836312,1320957,910454,900238,684681,479797,1352929.853,2196613.788,1433720.963,1450802.075,1137103.618,811280.276,80.03,85.56,82.57,83.33,84.83,84.93,2174.79,2273.87,2270.55,2246.0,2257.99,2329.93,2087.5,2060.24,2179.78,2157.31,2176.1,2229.0,356054.2894,460094.8093,404717.6321,275317.9503,272899.0858,214785.4039,5330366,5189711,4339985,3756386,2929213,1929651,180414.5093,239252.9777,190983.3243,135540.5413,132077.3122,107238.9877,2107.16,2240.01,2190.0,2190.2,2245.05,2284.99
2026-04-12T00:00:00,87.02,85.9,85.95,85.67,86.26,85.0,78.38,82.24,81.4,82.62,83.8,81.27,4312598.52,2952758.548,2775927.629,2186078.343,1570901.883,2174791.866,1320957,910454,900238,684681,479797,639807,2196613.788,1433720.963,1450802.075,1137103.618,811280.276,1035637.218,85.56,82.57,83.33,84.83,84.93,81.53,2273.87,2270.55,2246.0,2257.99,2329.93,2288.57,2060.24,2179.78,2157.31,2176.1,2229.0,2175.0,460094.8093,404717.6321,275317.9503,272899.0858,214785.4039,258156.8821,5189711,4339985,3756386,2929213,1929651,2575808,239252.9777,190983.3243,135540.5413,132077.3122,107238.9877,125658.2437,2240.01,2190.0,2190.2,2245.05,2284.99,2191.65
2026-04-13T00:00:00,85.9,85.95,85.67,86.26,85.0,86.81,82.24,81.4,82.62,83.8,81.27,81.4,2952758.548,2775927.629,2186078.343,1570901.883,2174791.866,2950390.415,910454,900238,684681,479797,639807,1038169,1433720.963,1450802.075,1137103.618,811280.276,1035637.218,1566990.352,82.57,83.33,84.83,84.93,81.53,86.51,2270.55,2246.0,2257.99,2329.93,2288.57,2394.71,2179.78,2157.31,2176.1,2229.0,2175.0,2175.68,404717.6321,275317.9503,272899.0858,214785.4039,258156.8821,453870.8292,4339985,3756386,2929213,1929651,2575808,4527557,190983.3243,135540.5413,132077.3122,107238.9877,125658.2437,234599.9045,2190.0,2190.2,2245.05,2284.99,2191.65,2369.46
2026-04-14T00:00:00,85.95,85.67,86.26,85.0,86.81,87.67,81.4,82.62,83.8,81.27,81.4,83.3,2775927.629,2186078.343,1570901.883,2174791.866,2950390.415,3532984.692,900238,684681,479797,639807,1038169,949683,1450802.075,1137103.618,811280.276,1035637.218,1566990.352,1751000.134,83.33,84.83,84.93,81.53,86.51,83.72,2246.0,2257.99,2329.93,2288.57,2394.71,2415.5,2157.31,2176.1,2229.0,2175.0,2175.68,2302.9,275317.9503,272899.0858,214785.4039,258156.8821,453870.8292,460107.3841,3756386,2929213,1929651,2575808,4527557,3689565,135540.5413,132077.3122,107238.9877,125658.2437,234599.9045,226148.4763,2190.2,2245.05,2284.99,2191.65,2369.46,2322.44
2026-04-15T00:00:00,85.67,86.26,85.0,86.81,87.67,85.83,82.62,83.8,81.27,81.4,83.3,82.65,2186078.343,1570901.883,2174791.866,2950390.415,3532984.692,2602448.593,684681,479797,639807,1038169,949683,866567,1137103.618,811280.276,1035637.218,1566990.352,1751000.134,1313551.259,84.83,84.93,81.53,86.51,83.72,84.9,2257.99,2329.93,2288.57,2394.71,2415.5,2385.61,2176.1,2229.0,2175.0,2175.68,2302.9,2308.5,272899.0858,214785.4039,258156.8821,453870.8292,460107.3841,268190.6377,2929213,1929651,2575808,4527557,3689565,3232871,132077.3122,107238.9877,125658.2437,234599.9045,226148.4763,126442.7153,2245.05,2284.99,2191.65,2369.46,2322.44,2359.95
2026-04-16T00:00:00,86.26,85.0,86.81,87.67,85.83,90.53,83.8,81.27,81.4,83.3,82.65,83.8,1570901.883,2174791.866,2950390.415,3532984.692,2602448.593,3940291.341,479797,639807,1038169,949683,866567,1188495,811280.276,1035637.218,1566990.352,1751000.134,1313551.259,2104470.318,84.93,81.53,86.51,83.72,84.9,89.05,2329.93,2288.57,2394.71,2415.5,2385.61,2369.59,2229.0,2175.0,2175.68,2302.9,2308.5,2285.1,214785.4039,258156.8821,453870.8292,460107.3841,268190.6377,328960.9377,1929651,2575808,4527557,3689565,3232871,3793210,107238.9877,125658.2437,234599.9045,226148.4763,126442.7153,155922.2439,2284.99,2191.65,2369.46,2322.44,2359.95,2348.17
2026-04-17T00:00:00,85.0,86.81,87.67,85.83,90.53,90.73,81.27,81.4,83.3,82.65,83.8,87.34,2174791.866,2950390.415,3532984.692,2602448.593,3940291.341,4237208.388,639807,1038169,949683,866567,1188495,1177055,1035637.218,1566990.352,1751000.134,1313551.259,2104470.318,2275080.6,81.53,86.51,83.72,84.9,89.05,88.76,2288.57,2394.71,2415.5,2385.61,2369.59,2464.91,2175.0,2175.68,2302.9,2308.5,2285.1,2317.43,258156.8821,453870.8292,460107.3841,268190.6377,328960.9377,491731.3615,2575808,4527557,3689565,3232871,3793210,4541654,125658.2437,234599.9045,226148.4763,126442.7153,155922.2439,252564.9694,2191.65,2369.46,2322.44,2359.95,2348.17,2419.0
2026-04-18T00:00:00,86.81,87.67,85.83,90.53,90.73,89.16,81.4,83.3,82.65,83.8,87.34,85.78,2950390.415,3532984.692,2602448.593,3940291.341,4237208.388,1893190.543,1038169,949683,866567,1188495,1177055,560071,1566990.352,1751000.134,1313551.259,2104470.318,2275080.6,863736.099,86.51,83.72,84.9,89.05,88.76,86.16,2394.71,2415.5,2385.61,2369.59,2464.91,2427.64,2175.68,2302.9,2308.5,2285.1,2317.43,2339.92,453870.8292,460107.3841,268190.6377,328960.9377,491731.3615,221741.3888,4527557,3689565,3232871,3793210,4541654,2045925,234599.9045,226148.4763,126442.7153,155922.2439,252564.9694,98727.0694,2369.46,2322.44,2359.95,2348.17,2419.0,2350.32
2026-04-19T00:00:00,87.67,85.83,90.53,90.73,89.16,87.12,83.3,82.65,83.8,87.34,85.78,82.94,3532984.692,2602448.593,3940291.341,4237208.388,1893190.543,2594849.065,949683,866567,1188495,1177055,560071,769677,1751000.134,1313551.259,2104470.318,2275080.6,863736.099,1270518.854,83.72,84.9,89.05,88.76,86.16,83.47,2415.5,2385.61,2369.59,2464.91,2427.64,2355.3,2302.9,2308.5,2285.1,2317.43,2339.92,2252.72,460107.3841,268190.6377,328960.9377,491731.3615,221741.3888,256086.8276,3689565,3232871,3793210,4541654,2045925,2728260,226148.4763,126442.7153,155922.2439,252564.9694,98727.0694,119800.9019,2322.44,2359.95,2348.17,2419.0,2350.32,2263.27
2026-04-20T00:00:00,85.83,90.53,90.73,89.16,87.12,86.22,82.65,83.8,87.34,85.78,82.94,83.34,2602448.593,3940291.341,4237208.388,1893190.543,2594849.065,2300346.75,866567,1188495,1177055,560071,769677,755776,1313551.259,2104470.318,2275080.6,863736.099,1270518.854,1199663.506,84.9,89.05,88.76,86.16,83.47,85.28,2385.61,2369.59,2464.91,2427.64,2355.3,2346.78,2308.5,2285.1,2317.43,2339.92,2252.72,2259.67,268190.6377,328960.9377,491731.3615,221741.3888,256086.8276,301000.0659,3232871,3793210,4541654,2045925,2728260,3751621,126442.7153,155922.2439,252564.9694,98727.0694,119800.9019,149027.6285,2359.95,2348.17,2419.0,2350.32,2263.27,2313.85
2026-04-21T00:00:00,90.53,90.73,89.16,87.12,86.22,86.89,83.8,87.34,85.78,82.94,83.34,84.31,3940291.341,4237208.388,1893190.543,2594849.065,2300346.75,2111587.269,1188495,1177055,560071,769677,755776,789037,2104470.318,2275080.6,863736.099,1270518.854,1199663.506,1094282.274,89.05,88.76,86.16,83.47,85.28,86.03,2369.59,2464.91,2427.64,2355.3,2346.78,2338.75,2285.1,2317.43,2339.92,2252.72,2259.67,2284.19,328960.9377,491731.3615,221741.3888,256086.8276,301000.0659,226645.977,3793210,4541654,2045925,2728260,3751621,3398934,155922.2439,252564.9694,98727.0694,119800.9019,149027.6285,108621.4578,2348.17,2419.0,2350.32,2263.27,2313.85,2327.14
2026-04-22T00:00:00,90.73,89.16,87.12,86.22,86.89,89.32,87.34,85.78,82.94,83.34,84.31,86.01,4237208.388,1893190.543,2594849.065,2300346.75,2111587.269,3154871.835,1177055,560071,769677,755776,789037,814469,2275080.6,863736.099,1270518.854,1199663.506,1094282.274,1730943.426,88.76,86.16,83.47,85.28,86.03,86.87,2464.91,2427.64,2355.3,2346.78,2338.75,2423.75,2317.43,2339.92,2252.72,2259.67,2284.19,2312.95,491731.3615,221741.3888,256086.8276,301000.0659,226645.977,379707.1259,4541654,2045925,2728260,3751621,3398934,4230243,252564.9694,98727.0694,119800.9019,149027.6285,108621.4578,191758.2678,2419.0,2350.32,2263.27,2313.85,2327.14,2374.07
2026-04-23T00:00:00,89.16,87.12,86.22,86.89,89.32,87.18,85.78,82.94,83.34,84.31,86.01,84.48,1893190.543,2594849.065,2300346.75,2111587.269,3154871.835,2894663.239,560071,769677,755776,789037,814469,789600,863736.099,1270518.854,1199663.506,1094282.274,1730943.426,1551557.114,86.16,83.47,85.28,86.03,86.87,86.12,2427.64,2355.3,2346.78,2338.75,2423.75,2382.0,2339.92,2252.72,2259.67,2284.19,2312.95,2285.42,221741.3888,256086.8276,301000.0659,226645.977,379707.1259,356645.6923,2045925,2728260,3751621,3398934,4230243,4079579,98727.0694,119800.9019,149027.6285,108621.4578,191758.2678,169637.8993,2350.32,2263.27,2313.85,2327.14,2374.07,2330.26
2026-04-24T00:00:00,87.12,86.22,86.89,89.32,87.18,86.94,82.94,83.34,84.31,86.01,84.48,84.92,2594849.065,2300346.75,2111587.269,3154871.835,2894663.239,1818574.663,769677,755776,789037,814469,789600,545936,1270518.854,1199663.506,1094282.274,1730943.426,1551557.114,918892.981,83.47,85.28,86.03,86.87,86.12,86.18,2355.3,2346.78,2338.75,2423.75,2382.0,2337.5,2252.72,2259.67,2284.19,2312.95,2285.42,2300.22,256086.8276,301000.0659,226645.977,379707.1259,356645.6923,183887.6181,2728260,3751621,3398934,4230243,4079579,2413824,119800.9019,149027.6285,108621.4578,191758.2678,169637.8993,88184.8381,2263.27,2313.85,2327.14,2374.07,2330.26,2314.99
2026-04-25T00:00:00,86.22,86.89,89.32,87.18,86.94,86.8,83.34,84.31,86.01,84.48,84.92,85.53,2300346.75,2111587.269,3154871.835,2894663.239,1818574.663,1033932.436,755776,789037,814469,789600,545936,300075,1199663.506,1094282.274,1730943.426,1551557.114,918892.981,513711.595,85.28,86.03,86.87,86.12,86.18,86.18,2346.78,2338.75,2423.75,2382.0,2337.5,2323.21,2259.67,2284.19,2312.95,2285.42,2300.22,2300.55,301000.0659,226645.977,379707.1259,356645.6923,183887.6181,68139.2191,3751621,3398934,4230243,4079579,2413824,658757,149027.6285,108621.4578,191758.2678,169637.8993,88184.8381,33589.8529,2313.85,2327.14,2374.07,2330.26,2314.99,2319.5
2026-04-26T00:00:00,86.89,89.32,87.18,86.94,86.8,87.32,84.31,86.01,84.48,84.92,85.53,85.84,2111587.269,3154871.835,2894663.239,1818574.663,1033932.436,1453501.452,789037,814469,789600,545936,300075,380657,1094282.274,1730943.426,1551557.114,918892.981,513711.595,735165.507,86.03,86.87,86.12,86.18,86.18,86.93,2338.75,2423.75,2382.0,2337.5,2323.21,2380.0,2284.19,2312.95,2285.42,2300.22,2300.55,2306.72,226645.977,379707.1259,356645.6923,183887.6181,68139.2191,154591.6219,3398934,4230243,4079579,2413824,658757,1508570,108621.4578,191758.2678,169637.8993,88184.8381,33589.8529,76876.1717,2327.14,2374.07,2330.26,2314.99,2319.5,2369.44
2026-04-27T00:00:00,89.32,87.18,86.94,86.8,87.32,88.08,86.01,84.48,84.92,85.53,85.84,83.63,3154871.835,2894663.239,1818574.663,1033932.436,1453501.452,3009101.691,814469,789600,545936,300075,380657,737519,1730943.426,1551557.114,918892.981,513711.595,735165.507,1583431.358,86.87,86.12,86.18,86.18,86.93,84.82,2423.75,2382.0,2337.5,2323.21,2380.0,2404.37,2312.95,2285.42,2300.22,2300.55,2306.72,2266.09,379707.1259,356645.6923,183887.6181,68139.2191,154591.6219,300363.8586,4230243,4079579,2413824,658757,1508570,3192282,191758.2678,169637.8993,88184.8381,33589.8529,76876.1717,143798.2975,2374.07,2330.26,2314.99,2319.5,2369.44,2303.67
2026-04-28T00:00:00,87.18,86.94,86.8,87.32,88.08,84.93,84.48,84.92,85.53,85.84,83.63,82.98,2894663.239,1818574.663,1033932.436,1453501.452,3009101.691,1664394.443,789600,545936,300075,380657,737519,397883,1551557.114,918892.981,513711.595,735165.507,1583431.358,903890.968,86.12,86.18,86.18,86.93,84.82,84.06,2382.0,2337.5,2323.21,2380.0,2404.37,2310.88,2285.42,2300.22,2300.55,2306.72,2266.09,2258.24,356645.6923,183887.6181,68139.2191,154591.6219,300363.8586,187932.2201,4079579,2413824,658757,1508570,3192282,2346992,169637.8993,88184.8381,33589.8529,76876.1717,143798.2975,94578.0797,2330.26,2314.99,2319.5,2369.44,2303.67,2289.42
2026-04-29T00:00:00,86.94,86.8,87.32,88.08,84.93,85.56,84.92,85.53,85.84,83.63,82.98,81.4,1818574.663,1033932.436,1453501.452,3009101.691,1664394.443,2576063.596,545936,300075,380657,737519,397883,581305,918892.981,513711.595,735165.507,1583431.358,903890.968,1182001.869,86.18,86.18,86.93,84.82,84.06,83.04,2337.5,2323.21,2380.0,2404.37,2310.88,2346.95,2300.22,2300.55,2306.72,2266.09,2258.24,2220.36,183887.6181,68139.2191,154591.6219,300363.8586,187932.2201,355078.1015,2413824,658757,1508570,3192282,2346992,3588292,88184.8381,33589.8529,76876.1717,143798.2975,94578.0797,178999.8027,2314.99,2319.5,2369.44,2303.67,2289.42,2252.9
2026-04-30T00:00:00,86.8,87.32,88.08,84.93,85.56,84.01,85.53,85.84,83.63,82.98,81.4,82.16,1033932.436,1453501.452,3009101.691,1664394.443,2576063.596,1372591.611,300075,380657,737519,397883,581305,481530,513711.595,735165.507,1583431.358,903890.968,1182001.869,735437.679,86.18,86.93,84.82,84.06,83.04,83.09,2323.21,2380.0,2404.37,2310.88,2346.95,2279.0,2300.55,2306.72,2266.09,2258.24,2220.36,2231.64,68139.2191,154591.6219,300363.8586,187932.2201,355078.1015,167194.2776,658757,1508570,3192282,2346992,3588292,2649837,33589.8529,76876.1717,143798.2975,94578.0797,178999.8027,83993.1124,2319.5,2369.44,2303.67,2289.42,2252.9,2257.51
2026-05-01T00:00:00,87.32,88.08,84.93,85.56,84.01,84.86,85.84,83.63,82.98,81.4,82.16,83.08,1453501.452,3009101.691,1664394.443,2576063.596,1372591.611,1798067.959,380657,737519,397883,581305,481530,432422,735165.507,1583431.358,903890.968,1182001.869,735437.679,922837.681,86.93,84.82,84.06,83.04,83.09,83.76,2380.0,2404.37,2310.88,2346.95,2279.0,2325.28,2306.72,2266.09,2258.24,2220.36,2231.64,2257.21,154591.6219,300363.8586,187932.2201,355078.1015,167194.2776,191082.555,1508570,3192282,2346992,3588292,2649837,1805481,76876.1717,143798.2975,94578.0797,178999.8027,83993.1124,89533.7329,2369.44,2303.67,2289.42,2252.9,2257.51,2295.63
2026-05-02T00:00:00,88.08,84.93,85.56,84.01,84.86,84.97,83.63,82.98,81.4,82.16,83.08,83.44,3009101.691,1664394.443,2576063.596,1372591.611,1798067.959,1027759.499,737519,397883,581305,481530,432422,283023,1583431.358,903890.968,1182001.869,735437.679,922837.681,522602.118,84.82,84.06,83.04,83.09,83.76,84.26,2404.37,2310.88,2346.95,2279.0,2325.28,2343.6,2266.09,2258.24,2220.36,2231.64,2257.21,2292.91,300363.8586,187932.2201,355078.1015,167194.2776,191082.555,85588.4724,3192282,2346992,3588292,2649837,1805481,870699,143798.2975,94578.0797,178999.8027,83993.1124,89533.7329,45662.7959,2303.67,2289.42,2252.9,2257.51,2295.63,2316.97
2026-05-03T00:00:00,84.93,85.56,84.01,84.86,84.97,84.97,82.98,81.4,82.16,83.08,83.44,83.58,1664394.443,2576063.596,1372591.611,1798067.959,1027759.499,1268647.522,397883,581305,481530,432422,283023,341393,903890.968,1182001.869,735437.679,922837.681,522602.118,646891.275,84.06,83.04,83.09,83.76,84.26,83.91,2310.88,2346.95,2279.0,2325.28,2343.6,2356.92,2258.24,2220.36,2231.64,2257.21,2292.91,2297.59,187932.2201,355078.1015,167194.2776,191082.555,85588.4724,151074.4342,2346992,3588292,2649837,1805481,870699,1374290,94578.0797,178999.8027,83993.1124,89533.7329,45662.7959,74492.1738,2289.42,2252.9,2257.51,2295.63,2316.97,2322.65
2026-05-04T00:00:00,85.56,84.01,84.86,84.97,84.97,85.9,81.4,82.16,83.08,83.44,83.58,83.23,2576063.596,1372591.611,1798067.959,1027759.499,1268647.522,3469307.218,581305,481530,432422,283023,341393,757940,1182001.869,735437.679,922837.681,522602.118,646891.275,1688378.768,83.04,83.09,83.76,84.26,83.91,84.1,2346.95,2279.0,2325.28,2343.6,2356.92,2398.93,2220.36,2231.64,2257.21,2292.91,2297.59,2309.24,355078.1015,167194.2776,191082.555,85588.4724,151074.4342,453020.7985,3588292,2649837,1805481,870699,1374290,4137093,178999.8027,83993.1124,89533.7329,45662.7959,74492.1738,220556.484,2252.9,2257.51,2295.63,2316.97,2322.65,2347.16
2026-05-05T00:00:00,84.01,84.86,84.97,84.97,85.9,86.98,82.16,83.08,83.44,83.58,83.23,84.04,1372591.611,1798067.959,1027759.499,1268647.522,3469307.218,2478888.126,481530,432422,283023,341393,757940,520564,735437.679,922837.681,522602.118,646891.275,1688378.768,1301281.257,83.09,83.76,84.26,83.91,84.1,86.29,2279.0,2325.28,2343.6,2356.92,2398.93,2399.5,2231.64,2257.21,2292.91,2297.59,2309.24,2344.93,167194.2776,191082.555,85588.4724,151074.4342,453020.7985,286636.7312,2649837,1805481,870699,1374290,4137093,2512190,83993.1124,89533.7329,45662.7959,74492.1738,220556.484,139328.0697,2257.51,2295.63,2316.97,2322.65,2347.16,2360.77
2026-05-06T00:00:00,84.86,84.97,84.97,85.9,86.98,90.03,83.08,83.44,83.58,83.23,84.04,86.1,1798067.959,1027759.499,1268647.522,3469307.218,2478888.126,3483256.03,432422,283023,341393,757940,520564,799669,922837.681,522602.118,646891.275,1688378.768,1301281.257,1830232.233,83.76,84.26,83.91,84.1,86.29,89.16,2325.28,2343.6,2356.92,2398.93,2399.5,2423.74,2257.21,2292.91,2297.59,2309.24,2344.93,2338.0,191082.555,85588.4724,151074.4342,453020.7985,286636.7312,420667.3161,1805481,870699,1374290,4137093,2512190,3062625,89533.7329,45662.7959,74492.1738,220556.484,139328.0697,193007.5534,2295.63,2316.97,2322.65,2347.16,2360.77,2350.84
2026-05-07T00:00:00,84.97,84.97,85.9,86.98,90.03,90.44,83.44,83.58,83.23,84.04,86.1,87.63,1027759.499,1268647.522,3469307.218,2478888.126,3483256.03,2892180.501,283023,341393,757940,520564,799669,829550,522602.118,646891.275,1688378.768,1301281.257,1830232.233,1461747.651,84.26,83.91,84.1,86.29,89.16,88.42,2343.6,2356.92,2398.93,2399.5,2423.74,2352.3,2292.91,2297.59,2309.24,2344.93,2338.0,2280.1,85588.4724,151074.4342,453020.7985,286636.7312,420667.3161,469521.9378,870699,1374290,4137093,2512190,3062625,3191083,45662.7959,74492.1738,220556.484,139328.0697,193007.5534,177521.5123,2316.97,2322.65,2347.16,2360.77,2350.84,2291.06
2026-05-08T00:00:00,84.97,85.9,86.98,90.03,90.44,92.8,83.58,83.23,84.04,86.1,87.63,87.6,1268647.522,3469307.218,2478888.126,3483256.03,2892180.501,2644434.859,341393,757940,520564,799669,829550,780119,646891.275,1688378.768,1301281.257,1830232.233,1461747.651,1419124.709,83.91,84.1,86.29,89.16,88.42,92.01,2356.92,2398.93,2399.5,2423.74,2352.3,2321.22,2297.59,2309.24,2344.93,2338.0,2280.1,2265.61,151074.4342,453020.7985,286636.7312,420667.3161,469521.9378,421035.1582,1374290,4137093,2512190,3062625,3191083,2568056,74492.1738,220556.484,139328.0697,193007.5534,177521.5123,164773.9995,2322.65,2347.16,2360.77,2350.84,2291.06,2307.06
2026-05-09T00:00:00,85.9,86.98,90.03,90.44,92.8,94.17,83.23,84.04,86.1,87.63,87.6,91.85,3469307.218,2478888.126,3483256.03,2892180.501,2644434.859,1974272.696,757940,520564,799669,829550,780119,591555,1688378.768,1301281.257,1830232.233,1461747.651,1419124.709,1057722.996,84.1,86.29,89.16,88.42,92.01,93.13,2398.93,2399.5,2423.74,2352.3,2321.22,2338.37,2309.24,2344.93,2338.0,2280.1,2265.61,2300.0,453020.7985,286636.7312,420667.3161,469521.9378,421035.1582,230431.157,4137093,2512190,3062625,3191083,2568056,1248625,220556.484,139328.0697,193007.5534,177521.5123,164773.9995,90960.5803,2347.16,2360.77,2350.84,2291.06,2307.06,2326.44
2026-05-10T00:00:00,86.98,90.03,90.44,92.8,94.17,97.0,84.04,86.1,87.63,87.6,91.85,92.6,2478888.126,3483256.03,2892180.501,2644434.859,1974272.696,2559168.995,520564,799669,829550,780119,591555,795120,1301281.257,1830232.233,1461747.651,1419124.709,1057722.996,1379810.128,86.29,89.16,88.42,92.01,93.13,96.47,2399.5,2423.74,2352.3,2321.22,2338.37,2382.53,2344.93,2338.0,2280.1,2265.61,2300.0,2311.83,286636.7312,420667.3161,469521.9378,421035.1582,230431.157,398122.8623,2512190,3062625,3191083,2568056,1248625,2272749,139328.0697,193007.5534,177521.5123,164773.9995,90960.5803,219121.332,2360.77,2350.84,2291.06,2307.06,2326.44,2371.27
2026-05-11T00:00:00,90.03,90.44,92.8,94.17,97.0,98.41,86.1,87.63,87.6,91.85,92.6,94.3,3483256.03,2892180.501,2644434.859,1974272.696,2559168.995,3078049.965,799669,829550,780119,591555,795120,1005178,1830232.233,1461747.651,1419124.709,1057722.996,1379810.128,1578859.571,89.16,88.42,92.01,93.13,96.47,97.37,2423.74,2352.3,2321.22,2338.37,2382.53,2374.92,2338.0,2280.1,2265.61,2300.0,2311.83,2304.0,420667.3161,469521.9378,421035.1582,230431.157,398122.8623,236962.0552,3062625,3191083,2568056,1248625,2272749,2594593,193007.5534,177521.5123,164773.9995,90960.5803,219121.332,103490.2032,2350.84,2291.06,2307.06,2326.44,2371.27,2339.87
2026-05-12T00:00:00,90.44,92.8,94.17,97.0,98.41,97.68,87.63,87.6,91.85,92.6,94.3,93.55,2892180.501,2644434.859,1974272.696,2559168.995,3078049.965,2810037.359,829550,780119,591555,795120,1005178,755594,1461747.651,1419124.709,1057722.996,1379810.128,1578859.571,1361994.023,88.42,92.01,93.13,96.47,97.37,94.28,2352.3,2321.22,2338.37,2382.53,2374.92,2340.85,2280.1,2265.61,2300.0,2311.83,2304.0,2256.27,469521.9378,421035.1582,230431.157,398122.8623,236962.0552,252981.1082,3191083,2568056,1248625,2272749,2594593,2520381,177521.5123,164773.9995,90960.5803,219121.332,103490.2032,112560.2947,2291.06,2307.06,2326.44,2371.27,2339.87,2274.96
2026-05-13T00:00:00,92.8,94.17,97.0,98.41,97.68,95.99,87.6,91.85,92.6,94.3,93.55,90.27,2644434.859,1974272.696,2559168.995,3078049.965,2810037.359,3192571.802,780119,591555,795120,1005178,755594,846316,1419124.709,1057722.996,1379810.128,1578859.571,1361994.023,1571829.141,92.01,93.13,96.47,97.37,94.28,91.17,2321.22,2338.37,2382.53,2374.92,2340.85,2323.36,2265.61,2300.0,2311.83,2304.0,2256.27,2234.13,421035.1582,230431.157,398122.8623,236962.0552,252981.1082,258455.7299,2568056,1248625,2272749,2594593,2520381,2145600,164773.9995,90960.5803,219121.332,103490.2032,112560.2947,124180.3611,2307.06,2326.44,2371.27,2339.87,2274.96,2258.65
2026-05-14T00:00:00,94.17,97.0,98.41,97.68,95.99,93.68,91.85,92.6,94.3,93.55,90.27,89.82,1974272.696,2559168.995,3078049.965,2810037.359,3192571.802,2709125.808,591555,795120,1005178,755594,846316,747394,1057722.996,1379810.128,1578859.571,1361994.023,1571829.141,1306187.892,93.13,96.47,97.37,94.28,91.17,92.15,2338.37,2382.53,2374.92,2340.85,2323.36,2319.33,2300.0,2311.83,2304.0,2256.27,2234.13,2238.64,230431.157,398122.8623,236962.0552,252981.1082,258455.7299,256680.8359,1248625,2272749,2594593,2520381,2145600,2730407,90960.5803,219121.332,103490.2032,112560.2947,124180.3611,127752.3579,2326.44,2371.27,2339.87,2274.96,2258.65,2283.25
2026-05-15T00:00:00,97.0,98.41,97.68,95.99,93.68,92.66,92.6,94.3,93.55,90.27,89.82,88.55,2559168.995,3078049.965,2810037.359,3192571.802,2709125.808,2675843.631,795120,1005178,755594,846316,747394,692037,1379810.128,1578859.571,1361994.023,1571829.141,1306187.892,1306859.075,96.47,97.37,94.28,91.17,92.15,89.24,2382.53,2374.92,2340.85,2323.36,2319.33,2300.29,2311.83,2304.0,2256.27,2234.13,2238.64,2205.11,398122.8623,236962.0552,252981.1082,258455.7299,256680.8359,288536.5507,2272749,2594593,2520381,2145600,2730407,2977308,219121.332,103490.2032,112560.2947,124180.3611,127752.3579,123184.0319,2371.27,2339.87,2274.96,2258.65,2283.25,2224.66
2026-05-16T00:00:00,98.41,97.68,95.99,93.68,92.66,89.44,94.3,93.55,90.27,89.82,88.55,85.52,3078049.965,2810037.359,3192571.802,2709125.808,2675843.631,1963021.594,1005178,755594,846316,747394,692037,478209,1578859.571,1361994.023,1571829.141,1306187.892,1306859.075,928917.876,97.37,94.28,91.17,92.15,89.24,86.54,2374.92,2340.85,2323.36,2319.33,2300.29,2231.51,2304.0,2256.27,2234.13,2238.64,2205.11,2162.55,236962.0552,252981.1082,258455.7299,256680.8359,288536.5507,199288.5761,2594593,2520381,2145600,2730407,2977308,1541883,103490.2032,112560.2947,124180.3611,127752.3579,123184.0319,91742.2991,2339.87,2274.96,2258.65,2283.25,2224.66,2180.77
2026-05-17T00:00:00,97.68,95.99,93.68,92.66,89.44,87.29,93.55,90.27,89.82,88.55,85.52,83.5,2810037.359,3192571.802,2709125.808,2675843.631,1963021.594,1914165.244,755594,846316,747394,692037,478209,480098,1361994.023,1571829.141,1306187.892,1306859.075,928917.876,926315.189,94.28,91.17,92.15,89.24,86.54,85.24,2340.85,2323.36,2319.33,2300.29,2231.51,2198.14,2256.27,2234.13,2238.64,2205.11,2162.55,2091.48,252981.1082,258455.7299,256680.8359,288536.5507,199288.5761,175116.8149,2520381,2145600,2730407,2977308,1541883,1638605,112560.2947,124180.3611,127752.3579,123184.0319,91742.2991,83798.741,2274.96,2258.65,2283.25,2224.66,2180.77,2131.0
2026-05-18T00:00:00,95.99,93.68,92.66,89.44,87.29,85.8,90.27,89.82,88.55,85.52,83.5,83.5,3192571.802,2709125.808,2675843.631,1963021.594,1914165.244,2771861.344,846316,747394,692037,478209,480098,781366,1571829.141,1306187.892,1306859.075,928917.876,926315.189,1370804.304,91.17,92.15,89.24,86.54,85.24,85.38,2323.36,2319.33,2300.29,2231.51,2198.14,2157.24,2234.13,2238.64,2205.11,2162.55,2091.48,2077.23,258455.7299,256680.8359,288536.5507,199288.5761,175116.8149,381878.3932,2145600,2730407,2977308,1541883,1638605,3981985,124180.3611,127752.3579,123184.0319,91742.2991,83798.741,183892.1637,2258.65,2283.25,2224.66,2180.77,2131.0,2130.08
2026-05-19T00:00:00,93.68,92.66,89.44,87.29,85.8,85.97,89.82,88.55,85.52,83.5,83.5,83.7,2709125.808,2675843.631,1963021.594,1914165.244,2771861.344,1662986.216,747394,692037,478209,480098,781366,488954,1306187.892,1306859.075,928917.876,926315.189,1370804.304,828894.601,92.15,89.24,86.54,85.24,85.38,84.29,2319.33,2300.29,2231.51,2198.14,2157.24,2146.95,2238.64,2205.11,2162.55,2091.48,2077.23,2094.47,256680.8359,288536.5507,199288.5761,175116.8149,381878.3932,186945.075,2730407,2977308,1541883,1638605,3981985,2356965,127752.3579,123184.0319,91742.2991,83798.741,183892.1637,86073.6731,2283.25,2224.66,2180.77,2131.0,2130.08,2111.93
2026-05-20T00:00:00,92.66,89.44,87.29,85.8,85.97,87.09,88.55,85.52,83.5,83.5,83.7,83.85,2675843.631,1963021.594,1914165.244,2771861.344,1662986.216,2365152.438,692037,478209,480098,781366,488954,584791,1306859.075,928917.876,926315.189,1370804.304,828894.601,1201658.084,89.24,86.54,85.24,85.38,84.29,86.17,2300.29,2231.51,2198.14,2157.24,2146.95,2149.0,2205.11,2162.55,2091.48,2077.23,2094.47,2103.29,288536.5507,199288.5761,175116.8149,381878.3932,186945.075,189088.294,2977308,1541883,1638605,3981985,2356965,2256505,123184.0319,91742.2991,83798.741,183892.1637,86073.6731,93912.9824,2224.66,2180.77,2131.0,2130.08,2111.93,2129.44
2026-05-21T00:00:00,89.44,87.29,85.8,85.97,87.09,88.0,85.52,83.5,83.5,83.7,83.85,85.32,1963021.594,1914165.244,2771861.344,1662986.216,2365152.438,2654321.9,478209,480098,781366,488954,584791,565249,928917.876,926315.189,1370804.304,828894.601,1201658.084,1428670.997,86.54,85.24,85.38,84.29,86.17,87.36,2231.51,2198.14,2157.24,2146.95,2149.0,2157.5,2162.55,2091.48,2077.23,2094.47,2103.29,2105.15,199288.5761,175116.8149,381878.3932,186945.075,189088.294,232889.1117,1541883,1638605,3981985,2356965,2256505,2526150,91742.2991,83798.741,183892.1637,86073.6731,93912.9824,118956.068,2180.77,2131.0,2130.08,2111.93,2129.44,2133.76
2026-05-22T00:00:00,87.29,85.8,85.97,87.09,88.0,87.85,83.5,83.5,83.7,83.85,85.32,84.0,1914165.244,2771861.344,1662986.216,2365152.438,2654321.9,2208484.663,480098,781366,488954,584791,565249,540819,926315.189,1370804.304,828894.601,1201658.084,1428670.997,1043204.207,85.24,85.38,84.29,86.17,87.36,84.4,2198.14,2157.24,2146.95,2149.0,2157.5,2141.39,2091.48,2077.23,2094.47,2103.29,2105.15,2057.79,175116.8149,381878.3932,186945.075,189088.294,232889.1117,221783.2548,1638605,3981985,2356965,2256505,2526150,2344218,83798.741,183892.1637,86073.6731,93912.9824,118956.068,109989.3764,2131.0,2130.08,2111.93,2129.44,2133.76,2065.85
2026-05-23T00:00:00,85.8,85.97,87.09,88.0,87.85,87.5,83.5,83.7,83.85,85.32,84.0,81.5,2771861.344,1662986.216,2365152.438,2654321.9,2208484.663,2973101.711,781366,488954,584791,565249,540819,602178,1370804.304,828894.601,1201658.084,1428670.997,1043204.207,1505552.334,85.38,84.29,86.17,87.36,84.4,85.75,2157.24,2146.95,2149.0,2157.5,2141.39,2149.95,2077.23,2094.47,2103.29,2105.15,2057.79,2009.3,381878.3932,186945.075,189088.294,232889.1117,221783.2548,350546.2289,3981985,2356965,2256505,2526150,2344218,2641732,183892.1637,86073.6731,93912.9824,118956.068,109989.3764,186016.0823,2130.08,2111.93,2129.44,2133.76,2065.85,2117.68
2026-05-24T00:00:00,85.97,87.09,88.0,87.85,87.5,87.0,83.7,83.85,85.32,84.0,81.5,83.7,1662986.216,2365152.438,2654321.9,2208484.663,2973101.711,2086657.403,488954,584791,565249,540819,602178,442697,828894.601,1201658.084,1428670.997,1043204.207,1505552.334,1063657.611,84.29,86.17,87.36,84.4,85.75,85.27,2146.95,2149.0,2157.5,2141.39,2149.95,2132.14,2094.47,2103.29,2105.15,2057.79,2009.3,2063.0,186945.075,189088.294,232889.1117,221783.2548,350546.2289,197748.7605,2356965,2256505,2526150,2344218,2641732,1928016,86073.6731,93912.9824,118956.068,109989.3764,186016.0823,95960.6284,2111.93,2129.44,2133.76,2065.85,2117.68,2099.85
2026-05-25T00:00:00,87.09,88.0,87.85,87.5,87.0,86.52,83.85,85.32,84.0,81.5,83.7,84.71,2365152.438,2654321.9,2208484.663,2973101.711,2086657.403,1562235.465,584791,565249,540819,602178,442697,395894,1201658.084,1428670.997,1043204.207,1505552.334,1063657.611,807290.021,86.17,87.36,84.4,85.75,85.27,85.06,2149.0,2157.5,2141.39,2149.95,2132.14,2141.98,2103.29,2105.15,2057.79,2009.3,2063.0,2092.26,189088.294,232889.1117,221783.2548,350546.2289,197748.7605,166428.5979,2256505,2526150,2344218,2641732,1928016,1786621,93912.9824,118956.068,109989.3764,186016.0823,95960.6284,86258.1599,2129.44,2133.76,2065.85,2117.68,2099.85,2113.01
2026-05-26T00:00:00,88.0,87.85,87.5,87.0,86.52,86.13,85.32,84.0,81.5,83.7,84.71,83.15,2654321.9,2208484.663,2973101.711,2086657.403,1562235.465,2358777.43,565249,540819,602178,442697,395894,578993,1428670.997,1043204.207,1505552.334,1063657.611,807290.021,1189574.779,87.36,84.4,85.75,85.27,85.06,83.72,2157.5,2141.39,2149.95,2132.14,2141.98,2140.49,2105.15,2057.79,2009.3,2063.0,2092.26,2055.06,232889.1117,221783.2548,350546.2289,197748.7605,166428.5979,282553.3096,2526150,2344218,2641732,1928016,1786621,2963706,118956.068,109989.3764,186016.0823,95960.6284,86258.1599,125284.8456,2133.76,2065.85,2117.68,2099.85,2113.01,2073.77
2026-05-27T00:00:00,87.85,87.5,87.0,86.52,86.13,84.84,84.0,81.5,83.7,84.71,83.15,82.1,2208484.663,2973101.711,2086657.403,1562235.465,2358777.43,2119456.363,540819,602178,442697,395894,578993,691460,1043204.207,1505552.334,1063657.611,807290.021,1189574.779,1076867.315,84.4,85.75,85.27,85.06,83.72,82.44,2141.39,2149.95,2132.14,2141.98,2140.49,2097.4,2057.79,2009.3,2063.0,2092.26,2055.06,2016.0,221783.2548,350546.2289,197748.7605,166428.5979,282553.3096,267963.1573,2344218,2641732,1928016,1786621,2963706,3056962,109989.3764,186016.0823,95960.6284,86258.1599,125284.8456,121588.1389,2065.85,2117.68,2099.85,2113.01,2073.77,2024.84
2026-05-28T00:00:00,87.5,87.0,86.52,86.13,84.84,83.01,81.5,83.7,84.71,83.15,82.1,80.0,2973101.711,2086657.403,1562235.465,2358777.43,2119456.363,2306915.48,602178,442697,395894,578993,691460,853185,1505552.334,1063657.611,807290.021,1189574.779,1076867.315,1134240.047,85.75,85.27,85.06,83.72,82.44,82.11,2149.95,2132.14,2141.98,2140.49,2097.4,2030.0,2009.3,2063.0,2092.26,2055.06,2016.0,1967.0,350546.2289,197748.7605,166428.5979,282553.3096,267963.1573,363834.9211,2641732,1928016,1786621,2963706,3056962,3609031,186016.0823,95960.6284,86258.1599,125284.8456,121588.1389,176081.0293,2117.68,2099.85,2113.01,2073.77,2024.84,2009.9
2026-05-29T00:00:00,87.0,86.52,86.13,84.84,83.01,83.24,83.7,84.71,83.15,82.1,80.0,80.35,2086657.403,1562235.465,2358777.43,2119456.363,2306915.48,2064277.646,442697,395894,578993,691460,853185,674991,1063657.611,807290.021,1189574.779,1076867.315,1134240.047,1115487.851,85.27,85.06,83.72,82.44,82.11,82.04,2132.14,2141.98,2140.49,2097.4,2030.0,2046.59,2063.0,2092.26,2055.06,2016.0,1967.0,1976.48,197748.7605,166428.5979,282553.3096,267963.1573,363834.9211,283145.695,1928016,1786621,2963706,3056962,3609031,2925370,95960.6284,86258.1599,125284.8456,121588.1389,176081.0293,142075.6321,2099.85,2113.01,2073.77,2024.84,2009.9,2014.54
2026-05-30T00:00:00,86.52,86.13,84.84,83.01,83.24,83.17,84.71,83.15,82.1,80.0,80.35,81.86,1562235.465,2358777.43,2119456.363,2306915.48,2064277.646,1018490.244,395894,578993,691460,853185,674991,268631,807290.021,1189574.779,1076867.315,1134240.047,1115487.851,531962.5,85.06,83.72,82.44,82.11,82.04,82.73,2141.98,2140.49,2097.4,2030.0,2046.59,2032.0,2092.26,2055.06,2016.0,1967.0,1976.48,2002.0,166428.5979,282553.3096,267963.1573,363834.9211,283145.695,97977.5349,1786621,2963706,3056962,3609031,2925370,969371,86258.1599,125284.8456,121588.1389,176081.0293,142075.6321,51565.2626,2113.01,2073.77,2024.84,2009.9,2014.54,2022.44
2026-05-31T00:00:00,86.13,84.84,83.01,83.24,83.17,83.42,83.15,82.1,80.0,80.35,81.86,81.33,2358777.43,2119456.363,2306915.48,2064277.646,1018490.244,993880.666,578993,691460,853185,674991,268631,317381,1189574.779,1076867.315,1134240.047,1115487.851,531962.5,498068.426,83.72,82.44,82.11,82.04,82.73,82.44,2140.49,2097.4,2030.0,2046.59,2032.0,2038.0,2055.06,2016.0,1967.0,1976.48,2002.0,1993.75,282553.3096,267963.1573,363834.9211,283145.695,97977.5349,163735.4958,2963706,3056962,3609031,2925370,969371,1454319,125284.8456,121588.1389,176081.0293,142075.6321,51565.2626,69842.5033,2073.77,2024.84,2009.9,2014.54,2022.44,2007.01
2026-06-01T00:00:00,84.84,83.01,83.24,83.17,83.42,83.1,82.1,80.0,80.35,81.86,81.33,79.11,2119456.363,2306915.48,2064277.646,1018490.244,993880.666,2309147.396,691460,853185,674991,268631,317381,701707,1076867.315,1134240.047,1115487.851,531962.5,498068.426,1112623.793,82.44,82.11,82.04,82.73,82.44,81.28,2097.4,2030.0,2046.59,2032.0,2038.0,2021.5,2016.0,1967.0,1976.48,2002.0,1993.75,1956.04,267963.1573,363834.9211,283145.695,97977.5349,163735.4958,374428.2839,3056962,3609031,2925370,969371,1454319,3806222,121588.1389,176081.0293,142075.6321,51565.2626,69842.5033,189965.6217,2024.84,2009.9,2014.54,2022.44,2007.01,2006.73
2026-06-02T00:00:00,83.01,83.24,83.17,83.42,83.1,81.3,80.0,80.35,81.86,81.33,79.11,72.73,2306915.48,2064277.646,1018490.244,993880.666,2309147.396,3642536.917,853185,674991,268631,317381,701707,1150607,1134240.047,1115487.851,531962.5,498068.426,1112623.793,1658096.08,82.11,82.04,82.73,82.44,81.28,74.23,2030.0,2046.59,2032.0,2038.0,2021.5,2006.78,1967.0,1976.48,2002.0,1993.75,1956.04,1839.02,363834.9211,283145.695,97977.5349,163735.4958,374428.2839,556885.5418,3609031,2925370,969371,1454319,3806222,5759311,176081.0293,142075.6321,51565.2626,69842.5033,189965.6217,262471.3967,2009.9,2014.54,2022.44,2007.01,2006.73,1859.84
2026-06-03T00:00:00,83.24,83.17,83.42,83.1,81.3,75.71,80.35,81.86,81.33,79.11,72.73,70.93,2064277.646,1018490.244,993880.666,2309147.396,3642536.917,3655245.68,674991,268631,317381,701707,1150607,1261571,1115487.851,531962.5,498068.426,1112623.793,1658096.08,1752207.265,82.04,82.73,82.44,81.28,74.23,71.61,2046.59,2032.0,2038.0,2021.5,2006.78,1893.07,1976.48,2002.0,1993.75,1956.04,1839.02,1769.62,283145.695,97977.5349,163735.4958,374428.2839,556885.5418,584760.4818,2925370,969371,1454319,3806222,5759311,6496256,142075.6321,51565.2626,69842.5033,189965.6217,262471.3967,291410.2577,2014.54,2022.44,2007.01,2006.73,1859.84,1813.05
2026-06-04T00:00:00,83.17,83.42,83.1,81.3,75.71,72.09,81.86,81.33,79.11,72.73,70.93,66.8,1018490.244,993880.666,2309147.396,3642536.917,3655245.68,4928249.49,268631,317381,701707,1150607,1261571,1899749,531962.5,498068.426,1112623.793,1658096.08,1752207.265,2404945.117,82.73,82.44,81.28,74.23,71.61,68.88,2032.0,2038.0,2021.5,2006.78,1893.07,1820.5,2002.0,1993.75,1956.04,1839.02,1769.62,1717.28,97977.5349,163735.4958,374428.2839,556885.5418,584760.4818,648306.1051,969371,1454319,3806222,5759311,6496256,8222751,51565.2626,69842.5033,189965.6217,262471.3967,291410.2577,313120.6405,2022.44,2007.01,2006.73,1859.84,1813.05,1770.77
2026-06-05T00:00:00,83.42,83.1,81.3,75.71,72.09,69.1,81.33,79.11,72.73,70.93,66.8,61.48,993880.666,2309147.396,3642536.917,3655245.68,4928249.49,7041593.488,317381,701707,1150607,1261571,1899749,2696738,498068.426,1112623.793,1658096.08,1752207.265,2404945.117,3300321.514,82.44,81.28,74.23,71.61,68.88,63.64,2038.0,2021.5,2006.78,1893.07,1820.5,1774.99,1993.75,1956.04,1839.02,1769.62,1717.28,1540.19,163735.4958,374428.2839,556885.5418,584760.4818,648306.1051,1257013.1608,1454319,3806222,5759311,6496256,8222751,13017779,69842.5033,189965.6217,262471.3967,291410.2577,313120.6405,605408.4543,2007.01,2006.73,1859.84,1813.05,1770.77,1583.4
2026-06-06T00:00:00,83.1,81.3,75.71,72.09,69.1,64.86,79.11,72.73,70.93,66.8,61.48,60.13,2309147.396,3642536.917,3655245.68,4928249.49,7041593.488,3570841.056,701707,1150607,1261571,1899749,2696738,1364694,1112623.793,1658096.08,1752207.265,2404945.117,3300321.514,1725804.76,81.28,74.23,71.61,68.88,63.64,62.2,2021.5,2006.78,1893.07,1820.5,1774.99,1601.22,1956.04,1839.02,1769.62,1717.28,1540.19,1505.68,374428.2839,556885.5418,584760.4818,648306.1051,1257013.1608,558458.3672,3806222,5759311,6496256,8222751,13017779,6254953,189965.6217,262471.3967,291410.2577,313120.6405,605408.4543,267600.8258,2006.73,1859.84,1813.05,1770.77,1583.4,1569.69
2026-06-07T00:00:00,81.3,75.71,72.09,69.1,64.86,67.92,72.73,70.93,66.8,61.48,60.13,61.96,3642536.917,3655245.68,4928249.49,7041593.488,3570841.056,2941571.373,1150607,1261571,1899749,2696738,1364694,1086945,1658096.08,1752207.265,2404945.117,3300321.514,1725804.76,1528146.32,74.23,71.61,68.88,63.64,62.2,66.5,2006.78,1893.07,1820.5,1774.99,1601.22,1721.93,1839.02,1769.62,1717.28,1540.19,1505.68,1564.1,556885.5418,584760.4818,648306.1051,1257013.1608,558458.3672,458280.5909,5759311,6496256,8222751,13017779,6254953,5095675,262471.3967,291410.2577,313120.6405,605408.4543,267600.8258,228933.854,1859.84,1813.05,1770.77,1583.4,1569.69,1690.51
2026-06-08T00:00:00,75.71,72.09,69.1,64.86,67.92,68.17,70.93,66.8,61.48,60.13,61.96,64.98,3655245.68,4928249.49,7041593.488,3570841.056,2941571.373,3058995.367,1261571,1899749,2696738,1364694,1086945,987258,1752207.265,2404945.117,3300321.514,1725804.76,1528146.32,1538394.081,71.61,68.88,63.64,62.2,66.5,66.82,1893.07,1820.5,1774.99,1601.22,1721.93,1714.5,1769.62,1717.28,1540.19,1505.68,1564.1,1645.0,584760.4818,648306.1051,1257013.1608,558458.3672,458280.5909,480027.3121,6496256,8222751,13017779,6254953,5095675,5759621,291410.2577,313120.6405,605408.4543,267600.8258,228933.854,245621.2272,1813.05,1770.77,1583.4,1569.69,1690.51,1690.49
2026-06-09T00:00:00,72.09,69.1,64.86,67.92,68.17,67.47,66.8,61.48,60.13,61.96,64.98,63.54,4928249.49,7041593.488,3570841.056,2941571.373,3058995.367,3082150.311,1899749,2696738,1364694,1086945,987258,1032126,2404945.117,3300321.514,1725804.76,1528146.32,1538394.081,1508017.25,68.88,63.64,62.2,66.5,66.82,64.96,1820.5,1774.99,1601.22,1721.93,1714.5,1696.88,1717.28,1540.19,1505.68,1564.1,1645.0,1614.02,648306.1051,1257013.1608,558458.3672,458280.5909,480027.3121,384147.2349,8222751,13017779,6254953,5095675,5759621,4501516,313120.6405,605408.4543,267600.8258,228933.854,245621.2272,174461.5449,1770.77,1583.4,1569.69,1690.51,1690.49,1639.52
2026-06-10T00:00:00,69.1,64.86,67.92,68.17,67.47,65.77,61.48,60.13,61.96,64.98,63.54,62.34,7041593.488,3570841.056,2941571.373,3058995.367,3082150.311,2937917.561,2696738,1364694,1086945,987258,1032126,1207455,3300321.514,1725804.76,1528146.32,1538394.081,1508017.25,1468968.254,63.64,62.2,66.5,66.82,64.96,63.19,1774.99,1601.22,1721.93,1714.5,1696.88,1667.96,1540.19,1505.68,1564.1,1645.0,1614.02,1603.44,1257013.1608,558458.3672,458280.5909,480027.3121,384147.2349,290791.2819,13017779,6254953,5095675,5759621,4501516,4680030,605408.4543,267600.8258,228933.854,245621.2272,174461.5449,144480.8587,1583.4,1569.69,1690.51,1690.49,1639.52,1621.59
2026-06-11T00:00:00,64.86,67.92,68.17,67.47,65.77,67.42,60.13,61.96,64.98,63.54,62.34,63.19,3570841.056,2941571.373,3058995.367,3082150.311,2937917.561,2881561.031,1364694,1086945,987258,1032126,1207455,819698,1725804.76,1528146.32,1538394.081,1508017.25,1468968.254,1572432.939,62.2,66.5,66.82,64.96,63.19,66.93,1601.22,1721.93,1714.5,1696.88,1667.96,1693.59,1505.68,1564.1,1645.0,1614.02,1603.44,1621.6,558458.3672,458280.5909,480027.3121,384147.2349,290791.2819,278507.7204,6254953,5095675,5759621,4501516,4680030,3410263,267600.8258,228933.854,245621.2272,174461.5449,144480.8587,146755.8289,1569.69,1690.51,1690.49,1639.52,1621.59,1673.46
2026-06-12T00:00:00,67.92,68.17,67.47,65.77,67.42,68.82,61.96,64.98,63.54,62.34,63.19,65.95,2941571.373,3058995.367,3082150.311,2937917.561,2881561.031,2839586.683,1086945,987258,1032126,1207455,819698,637487,1528146.32,1538394.081,1508017.25,1468968.254,1572432.939,1349256.928,66.5,66.82,64.96,63.19,66.93,66.82,1721.93,1714.5,1696.88,1667.96,1693.59,1691.07,1564.1,1645.0,1614.02,1603.44,1621.6,1652.09,458280.5909,480027.3121,384147.2349,290791.2819,278507.7204,201888.0102,5095675,5759621,4501516,4680030,3410263,2888517,228933.854,245621.2272,174461.5449,144480.8587,146755.8289,103835.6453,1690.51,1690.49,1639.52,1621.59,1673.46,1666.41
2026-06-13T00:00:00,68.17,67.47,65.77,67.42,68.82,69.59,64.98,63.54,62.34,63.19,65.95,66.59,3058995.367,3082150.311,2937917.561,2881561.031,2839586.683,1525014.5,987258,1032126,1207455,819698,637487,434658,1538394.081,1508017.25,1468968.254,1572432.939,1349256.928,831058.622,66.82,64.96,63.19,66.93,66.82,68.94,1714.5,1696.88,1667.96,1693.59,1691.07,1697.28,1645.0,1614.02,1603.44,1621.6,1652.09,1662.2,480027.3121,384147.2349,290791.2819,278507.7204,201888.0102,106751.6077,5759621,4501516,4680030,3410263,2888517,1222979,245621.2272,174461.5449,144480.8587,146755.8289,103835.6453,57726.9957,1690.49,1639.52,1621.59,1673.46,1666.41,1681.18
2026-06-14T00:00:00,67.47,65.77,67.42,68.82,69.59,71.29,63.54,62.34,63.19,65.95,66.59,66.94,3082150.311,2937917.561,2881561.031,2839586.683,1525014.5,1851821.931,1032126,1207455,819698,637487,434658,576477,1508017.25,1468968.254,1572432.939,1349256.928,831058.622,934961.611,64.96,63.19,66.93,66.82,68.94,71.28,1696.88,1667.96,1693.59,1691.07,1697.28,1732.28,1614.02,1603.44,1621.6,1652.09,1662.2,1654.9,384147.2349,290791.2819,278507.7204,201888.0102,106751.6077,178009.9541,4501516,4680030,3410263,2888517,1222979,1935991,174461.5449,144480.8587,146755.8289,103835.6453,57726.9957,90922.7855,1639.52,1621.59,1673.46,1666.41,1681.18,1725.62
2026-06-15T00:00:00,65.77,67.42,68.82,69.59,71.29,76.09,62.34,63.19,65.95,66.59,66.94,70.66,2937917.561,2881561.031,2839586.683,1525014.5,1851821.931,3102777.468,1207455,819698,637487,434658,576477,1041029,1468968.254,1572432.939,1349256.928,831058.622,934961.611,1581197.801,63.19,66.93,66.82,68.94,71.28,73.98,1667.96,1693.59,1691.07,1697.28,1732.28,1849.54,1603.44,1621.6,1652.09,1662.2,1654.9,1709.66,290791.2819,278507.7204,201888.0102,106751.6077,178009.9541,464135.2553,4680030,3410263,2888517,1222979,1935991,3136116,144480.8587,146755.8289,103835.6453,57726.9957,90922.7855,226908.449,1621.59,1673.46,1666.41,1681.18,1725.62,1796.13
2026-06-16T00:00:00,67.42,68.82,69.59,71.29,76.09,75.65,63.19,65.95,66.59,66.94,70.66,72.29,2881561.031,2839586.683,1525014.5,1851821.931,3102777.468,2185905.595,819698,637487,434658,576477,1041029,844497,1572432.939,1349256.928,831058.622,934961.611,1581197.801,1144090.921,66.93,66.82,68.94,71.28,73.98,73.52,1693.59,1691.07,1697.28,1732.28,1849.54,1839.77,1621.6,1652.09,1662.2,1654.9,1709.66,1758.0,278507.7204,201888.0102,106751.6077,178009.9541,464135.2553,353577.549,3410263,2888517,1222979,1935991,3136116,3651200,146755.8289,103835.6453,57726.9957,90922.7855,226908.449,175935.254,1673.46,1666.41,1681.18,1725.62,1796.13,1792.99
2026-06-17T00:00:00,68.82,69.59,71.29,76.09,75.65,74.69,65.95,66.59,66.94,70.66,72.29,70.83,2839586.683,1525014.5,1851821.931,3102777.468,2185905.595,2443239.391,637487,434658,576477,1041029,844497,1139773,1349256.928,831058.622,934961.611,1581197.801,1144090.921,1242356.068,66.82,68.94,71.28,73.98,73.52,72.05,1691.07,1697.28,1732.28,1849.54,1839.77,1810.21,1652.09,1662.2,1654.9,1709.66,1758.0,1725.34,201888.0102,106751.6077,178009.9541,464135.2553,353577.549,334498.0575,2888517,1222979,1935991,3136116,3651200,4175463,103835.6453,57726.9957,90922.7855,226908.449,175935.254,156023.0739,1666.41,1681.18,1725.62,1796.13,1792.99,1750.6
2026-06-18T00:00:00,69.59,71.29,76.09,75.65,74.69,72.68,66.59,66.94,70.66,72.29,70.83,68.23,1525014.5,1851821.931,3102777.468,2185905.595,2443239.391,2263712.329,434658,576477,1041029,844497,1139773,944431,831058.622,934961.611,1581197.801,1144090.921,1242356.068,1141927.399,68.94,71.28,73.98,73.52,72.05,69.71,1697.28,1732.28,1849.54,1839.77,1810.21,1762.99,1662.2,1654.9,1709.66,1758.0,1725.34,1671.79,106751.6077,178009.9541,464135.2553,353577.549,334498.0575,312480.9656,1222979,1935991,3136116,3651200,4175463,3404966,57726.9957,90922.7855,226908.449,175935.254,156023.0739,150925.452,1681.18,1725.62,1796.13,1792.99,1750.6,1711.11
2026-06-19T00:00:00,71.29,76.09,75.65,74.69,72.68,70.09,66.94,70.66,72.29,70.83,68.23,67.92,1851821.931,3102777.468,2185905.595,2443239.391,2263712.329,1884570.868,576477,1041029,844497,1139773,944431,714964,934961.611,1581197.801,1144090.921,1242356.068,1141927.399,843732.312,71.28,73.98,73.52,72.05,69.71,69.74,1732.28,1849.54,1839.77,1810.21,1762.99,1719.51,1654.9,1709.66,1758.0,1725.34,1671.79,1679.11,178009.9541,464135.2553,353577.549,334498.0575,312480.9656,165078.1984,1935991,3136116,3651200,4175463,3404966,2339768,90922.7855,226908.449,175935.254,156023.0739,150925.452,86541.467,1725.62,1796.13,1792.99,1750.6,1711.11,1711.19
2026-06-20T00:00:00,76.09,75.65,74.69,72.68,70.09,74.3,70.66,72.29,70.83,68.23,67.92,69.48,3102777.468,2185905.595,2443239.391,2263712.329,1884570.868,2267614.627,1041029,844497,1139773,944431,714964,740168,1581197.801,1144090.921,1242356.068,1141927.399,843732.312,1240150.106,73.98,73.52,72.05,69.71,69.74,73.22,1849.54,1839.77,1810.21,1762.99,1719.51,1749.55,1709.66,1758.0,1725.34,1671.79,1679.11,1704.06,464135.2553,353577.549,334498.0575,312480.9656,165078.1984,159791.8211,3136116,3651200,4175463,3404966,2339768,1842588,226908.449,175935.254,156023.0739,150925.452,86541.467,85441.3878,1796.13,1792.99,1750.6,1711.11,1711.19,1741.08
2026-06-21T00:00:00,75.65,74.69,72.68,70.09,74.3,74.68,72.29,70.83,68.23,67.92,69.48,72.31,2185905.595,2443239.391,2263712.329,1884570.868,2267614.627,2122685.618,844497,1139773,944431,714964,740168,680563,1144090.921,1242356.068,1141927.399,843732.312,1240150.106,1047429.3,73.52,72.05,69.71,69.74,73.22,72.46,1839.77,1810.21,1762.99,1719.51,1749.55,1741.45,1758.0,1725.34,1671.79,1679.11,1704.06,1702.0,353577.549,334498.0575,312480.9656,165078.1984,159791.8211,123762.4689,3651200,4175463,3404966,2339768,1842588,1658599,175935.254,156023.0739,150925.452,86541.467,85441.3878,60145.8081,1792.99,1750.6,1711.11,1711.19,1741.08,1706.94
2026-06-22T00:00:00,74.69,72.68,70.09,74.3,74.68,75.0,70.83,68.23,67.92,69.48,72.31,71.37,2443239.391,2263712.329,1884570.868,2267614.627,2122685.618,2567224.067,1139773,944431,714964,740168,680563,912146,1242356.068,1141927.399,843732.312,1240150.106,1047429.3,1238528.844,72.05,69.71,69.74,73.22,72.46,71.95,1810.21,1762.99,1719.51,1749.55,1741.45,1779.9,1725.34,1671.79,1679.11,1704.06,1702.0,1706.94,334498.0575,312480.9656,165078.1984,159791.8211,123762.4689,262657.182,4175463,3404966,2339768,1842588,1658599,3303043,156023.0739,150925.452,86541.467,85441.3878,60145.8081,132053.0362,1750.6,1711.11,1711.19,1741.08,1706.94,1728.19
2026-06-23T00:00:00,72.68,70.09,74.3,74.68,75.0,72.06,68.23,67.92,69.48,72.31,71.37,68.16,2263712.329,1884570.868,2267614.627,2122685.618,2567224.067,2202519.285,944431,714964,740168,680563,912146,876300,1141927.399,843732.312,1240150.106,1047429.3,1238528.844,1082219.359,69.71,69.74,73.22,72.46,71.95,69.71,1762.99,1719.51,1749.55,1741.45,1779.9,1736.25,1671.79,1679.11,1704.06,1702.0,1706.94,1635.65,312480.9656,165078.1984,159791.8211,123762.4689,262657.182,248262.012,3404966,2339768,1842588,1658599,3303043,3415279,150925.452,86541.467,85441.3878,60145.8081,132053.0362,120633.5298,1711.11,1711.19,1741.08,1706.94,1728.19,1667.13
2026-06-24T00:00:00,70.09,74.3,74.68,75.0,72.06,70.44,67.92,69.48,72.31,71.37,68.16,64.71,1884570.868,2267614.627,2122685.618,2567224.067,2202519.285,3368667.529,714964,740168,680563,912146,876300,1267052,843732.312,1240150.106,1047429.3,1238528.844,1082219.359,1567362.143,69.74,73.22,72.46,71.95,69.71,68.11,1719.51,1749.55,1741.45,1779.9,1736.25,1693.67,1679.11,1704.06,1702.0,1706.94,1635.65,1552.95,165078.1984,159791.8211,123762.4689,262657.182,248262.012,355728.3403,2339768,1842588,1658599,3303043,3415279,5254099,86541.467,85441.3878,60145.8081,132053.0362,120633.5298,177192.2396,1711.19,1741.08,1706.94,1728.19,1667.13,1622.17
2026-06-25T00:00:00,74.3,74.68,75.0,72.06,70.44,69.66,69.48,72.31,71.37,68.16,64.71,64.04,2267614.627,2122685.618,2567224.067,2202519.285,3368667.529,3716901.281,740168,680563,912146,876300,1267052,1391124,1240150.106,1047429.3,1238528.844,1082219.359,1567362.143,1893526.736,73.22,72.46,71.95,69.71,68.11,67.72,1749.55,1741.45,1779.9,1736.25,1693.67,1660.54,1704.06,1702.0,1706.94,1635.65,1552.95,1532.9,159791.8211,123762.4689,262657.182,248262.012,355728.3403,440671.005,1842588,1658599,3303043,3415279,5254099,4454580,85441.3878,60145.8081,132053.0362,120633.5298,177192.2396,236247.0286,1741.08,1706.94,1728.19,1667.13,1622.17,1567.84
2026-06-26T00:00:00,74.68,75.0,72.06,70.44,69.66,73.93,72.31,71.37,68.16,64.71,64.04,65.91,2122685.618,2567224.067,2202519.285,3368667.529,3716901.281,4422868.716,680563,912146,876300,1267052,1391124,1842812,1047429.3,1238528.844,1082219.359,1567362.143,1893526.736,2273937.538,72.46,71.95,69.71,68.11,67.72,71.9,1741.45,1779.9,1736.25,1693.67,1660.54,1594.7,1702.0,1706.94,1635.65,1552.95,1532.9,1512.0,123762.4689,262657.182,248262.012,355728.3403,440671.005,423691.4393,1658599,3303043,3415279,5254099,4454580,4010582,60145.8081,132053.0362,120633.5298,177192.2396,236247.0286,219134.2695,1706.94,1728.19,1667.13,1622.17,1567.84,1578.68
2026-06-27T00:00:00,75.0,72.06,70.44,69.66,73.93,73.19,71.37,68.16,64.71,64.04,65.91,70.25,2567224.067,2202519.285,3368667.529,3716901.281,4422868.716,1921832.56,912146,876300,1267052,1391124,1842812,634959,1238528.844,1082219.359,1567362.143,1893526.736,2273937.538,929668.891,71.95,69.71,68.11,67.72,71.9,70.5,1779.9,1736.25,1693.67,1660.54,1594.7,1611.02,1706.94,1635.65,1552.95,1532.9,1512.0,1562.86,262657.182,248262.012,355728.3403,440671.005,423691.4393,131592.3598,3303043,3415279,5254099,4454580,4010582,1281824,132053.0362,120633.5298,177192.2396,236247.0286,219134.2695,67386.1857,1728.19,1667.13,1622.17,1567.84,1578.68,1573.99
2026-06-28T00:00:00,72.06,70.44,69.66,73.93,73.19,72.41,68.16,64.71,64.04,65.91,70.25,69.74,2202519.285,3368667.529,3716901.281,4422868.716,1921832.56,1709274.918,876300,1267052,1391124,1842812,634959,776562,1082219.359,1567362.143,1893526.736,2273937.538,929668.891,853256.727,69.71,68.11,67.72,71.9,70.5,71.38,1736.25,1693.67,1660.54,1594.7,1611.02,1588.82,1635.65,1552.95,1532.9,1512.0,1562.86,1548.37,248262.012,355728.3403,440671.005,423691.4393,131592.3598,140181.1417,3415279,5254099,4454580,4010582,1281824,1506628,120633.5298,177192.2396,236247.0286,219134.2695,67386.1857,70060.9956,1667.13,1622.17,1567.84,1578.68,1573.99,1571.96
2026-06-29T00:00:00,70.44,69.66,73.93,73.19,72.41,76.49,64.71,64.04,65.91,70.25,69.74,70.35,3368667.529,3716901.281,4422868.716,1921832.56,1709274.918,3861722.1,1267052,1391124,1842812,634959,776562,1751231,1567362.143,1893526.736,2273937.538,929668.891,853256.727,1942959.592,68.11,67.72,71.9,70.5,71.38,75.16,1693.67,1660.54,1594.7,1611.02,1588.82,1637.58,1552.95,1532.9,1512.0,1562.86,1548.37,1550.43,355728.3403,440671.005,423691.4393,131592.3598,140181.1417,309968.9748,5254099,4454580,4010582,1281824,1506628,2959728,177192.2396,236247.0286,219134.2695,67386.1857,70060.9956,155013.503,1622.17,1567.84,1578.68,1573.99,1571.96,1613.07
2026-06-30T00:00:00,69.66,73.93,73.19,72.41,76.49,75.8,64.04,65.91,70.25,69.74,70.35,71.9,3716901.281,4422868.716,1921832.56,1709274.918,3861722.1,2668784.103,1391124,1842812,634959,776562,1751231,989235,1893526.736,2273937.538,929668.891,853256.727,1942959.592,1381855.491,67.72,71.9,70.5,71.38,75.16,73.67,1660.54,1594.7,1611.02,1588.82,1637.58,1614.41,1532.9,1512.0,1562.86,1548.37,1550.43,1550.2,440671.005,423691.4393,131592.3598,140181.1417,309968.9748,222057.2042,4454580,4010582,1281824,1506628,2959728,2013738,236247.0286,219134.2695,67386.1857,70060.9956,155013.503,104379.84,1567.84,1578.68,1573.99,1571.96,1613.07,1572.01
2026-07-01T00:00:00,73.93,73.19,72.41,76.49,75.8,78.96,65.91,70.25,69.74,70.35,71.9,72.25,4422868.716,1921832.56,1709274.918,3861722.1,2668784.103,3613325.296,1842812,634959,776562,1751231,989235,1293054,2273937.538,929668.891,853256.727,1942959.592,1381855.491,1856247.269,71.9,70.5,71.38,75.16,73.67,77.46,1594.7,1611.02,1588.82,1637.58,1614.41,1646.26,1512.0,1562.86,1548.37,1550.43,1550.2,1552.92,423691.4393,131592.3598,140181.1417,309968.9748,222057.2042,306536.311,4010582,1281824,1506628,2959728,2013738,2678598,219134.2695,67386.1857,70060.9956,155013.503,104379.84,156369.5022,1578.68,1573.99,1571.96,1613.07,1572.01,1609.58
2026-07-02T00:00:00,73.19,72.41,76.49,75.8,78.96,82.78,70.25,69.74,70.35,71.9,72.25,76.9,1921832.56,1709274.918,3861722.1,2668784.103,3613325.296,3740503.81,634959,776562,1751231,989235,1293054,1323576,929668.891,853256.727,1942959.592,1381855.491,1856247.269,1935430.422,70.5,71.38,75.16,73.67,77.46,80.73,1611.02,1588.82,1637.58,1614.41,1646.26,1725.0,1562.86,1548.37,1550.43,1550.2,1552.92,1597.22,131592.3598,140181.1417,309968.9748,222057.2042,306536.311,373453.5082,1281824,1506628,2959728,2013738,2678598,2999563,67386.1857,70060.9956,155013.503,104379.84,156369.5022,199786.5508,1573.99,1571.96,1613.07,1572.01,1609.58,1700.57
2026-07-03T00:00:00,72.41,76.49,75.8,78.96,82.78,83.22,69.74,70.35,71.9,72.25,76.9,80.34,1709274.918,3861722.1,2668784.103,3613325.296,3740503.81,1769217.383,776562,1751231,989235,1293054,1323576,747224,853256.727,1942959.592,1381855.491,1856247.269,1935430.422,884135.599,71.38,75.16,73.67,77.46,80.73,82.34,1588.82,1637.58,1614.41,1646.26,1725.0,1775.78,1548.37,1550.43,1550.2,1552.92,1597.22,1694.72,140181.1417,309968.9748,222057.2042,306536.311,373453.5082,244416.868,1506628,2959728,2013738,2678598,2999563,2558467,70060.9956,155013.503,104379.84,156369.5022,199786.5508,129829.1354,1571.96,1613.07,1572.01,1609.58,1700.57,1758.21
2026-07-04T00:00:00,76.49,75.8,78.96,82.78,83.22,83.98,70.35,71.9,72.25,76.9,80.34,81.36,3861722.1,2668784.103,3613325.296,3740503.81,1769217.383,1853790.462,1751231,989235,1293054,1323576,747224,623191,1942959.592,1381855.491,1856247.269,1935430.422,884135.599,882867.569,75.16,73.67,77.46,80.73,82.34,81.8,1637.58,1614.41,1646.26,1725.0,1775.78,1807.65,1550.43,1550.2,1552.92,1597.22,1694.72,1744.09,309968.9748,222057.2042,306536.311,373453.5082,244416.868,190880.1497,2959728,2013738,2678598,2999563,2558467,1984105,155013.503,104379.84,156369.5022,199786.5508,129829.1354,98915.7658,1613.07,1572.01,1609.58,1700.57,1758.21,1780.64
2026-07-05T00:00:00,75.8,78.96,82.78,83.22,83.98,82.43,71.9,72.25,76.9,80.34,81.36,79.68,2668784.103,3613325.296,3740503.81,1769217.383,1853790.462,1405482.139,989235,1293054,1323576,747224,623191,531552,1381855.491,1856247.269,1935430.422,884135.599,882867.569,694830.758,73.67,77.46,80.73,82.34,81.8,81.59,1614.41,1646.26,1725.0,1775.78,1807.65,1808.0,1550.2,1552.92,1597.22,1694.72,1744.09,1748.79,222057.2042,306536.311,373453.5082,244416.868,190880.1497,389673.4191,2013738,2678598,2999563,2558467,1984105,2710301,104379.84,156369.5022,199786.5508,129829.1354,98915.7658,186115.1562,1572.01,1609.58,1700.57,1758.21,1780.64,1785.65
2026-07-06T00:00:00,78.96,82.78,83.22,83.98,82.43,83.74,72.25,76.9,80.34,81.36,79.68,79.23,3613325.296,3740503.81,1769217.383,1853790.462,1405482.139,2393607.64,1293054,1323576,747224,623191,531552,1012792,1856247.269,1935430.422,884135.599,882867.569,694830.758,1295746.385,77.46,80.73,82.34,81.8,81.59,81.94,1646.26,1725.0,1775.78,1807.65,1808.0,1833.4,1552.92,1597.22,1694.72,1744.09,1748.79,1728.95,306536.311,373453.5082,244416.868,190880.1497,389673.4191,305879.3304,2678598,2999563,2558467,1984105,2710301,2770665,156369.5022,199786.5508,129829.1354,98915.7658,186115.1562,156283.9234,1609.58,1700.57,1758.21,1780.64,1785.65,1799.56
2026-07-07T00:00:00,82.78,83.22,83.98,82.43,83.74,82.79,76.9,80.34,81.36,79.68,79.23,80.34,3740503.81,1769217.383,1853790.462,1405482.139,2393607.64,1858989.517,1323576,747224,623191,531552,1012792,835044,1935430.422,884135.599,882867.569,694830.758,1295746.385,937684.733,80.73,82.34,81.8,81.59,81.94,80.58,1725.0,1775.78,1807.65,1808.0,1833.4,1813.16,1597.22,1694.72,1744.09,1748.79,1728.95,1757.57,373453.5082,244416.868,190880.1497,389673.4191,305879.3304,241536.7253,2999563,2558467,1984105,2710301,2770665,2520272,199786.5508,129829.1354,98915.7658,186115.1562,156283.9234,117218.5185,1700.57,1758.21,1780.64,1785.65,1799.56,1771.45
2026-07-08T00:00:00,83.22,83.98,82.43,83.74,82.79,80.78,80.34,81.36,79.68,79.23,80.34,76.29,1769217.383,1853790.462,1405482.139,2393607.64,1858989.517,2171403.36,747224,623191,531552,1012792,835044,786423,884135.599,882867.569,694830.758,1295746.385,937684.733,1049041.575,82.34,81.8,81.59,81.94,80.58,77.83,1775.78,1807.65,1808.0,1833.4,1813.16,1785.0,1694.72,1744.09,1748.79,1728.95,1757.57,1713.44,244416.868,190880.1497,389673.4191,305879.3304,241536.7253,225231.2254,2558467,1984105,2710301,2770665,2520272,2459826,129829.1354,98915.7658,186115.1562,156283.9234,117218.5185,107440.578,1758.21,1780.64,1785.65,1799.56,1771.45,1743.54
2026-07-09T00:00:00,83.98,82.43,83.74,82.79,80.78,78.83,81.36,79.68,79.23,80.34,76.29,76.71,1853790.462,1405482.139,2393607.64,1858989.517,2171403.36,1458437.834,623191,531552,1012792,835044,786423,628012,882867.569,694830.758,1295746.385,937684.733,1049041.575,713779.583,81.8,81.59,81.94,80.58,77.83,78.04,1807.65,1808.0,1833.4,1813.16,1785.0,1762.36,1744.09,1748.79,1728.95,1757.57,1713.44,1721.93,190880.1497,389673.4191,305879.3304,241536.7253,225231.2254,173705.2572,1984105,2710301,2770665,2520272,2459826,1852063,98915.7658,186115.1562,156283.9234,117218.5185,107440.578,87235.1274,1780.64,1785.65,1799.56,1771.45,1743.54,1745.16
2026-07-10T00:00:00,82.43,83.74,82.79,80.78,78.83,79.68,79.68,79.23,80.34,76.29,76.71,77.07,1405482.139,2393607.64,1858989.517,2171403.36,1458437.834,1853732.075,531552,1012792,835044,786423,628012,600906,694830.758,1295746.385,937684.733,1049041.575,713779.583,970031.561,81.59,81.94,80.58,77.83,78.04,78.13,1808.0,1833.4,1813.16,1785.0,1762.36,1812.0,1748.79,1728.95,1757.57,1713.44,1721.93,1737.68,389673.4191,305879.3304,241536.7253,225231.2254,173705.2572,215605.8045,2710301,2770665,2520272,2459826,1852063,1885371,186115.1562,156283.9234,117218.5185,107440.578,87235.1274,111540.9027,1785.65,1799.56,1771.45,1743.54,1745.16,1796.85
2026-07-11T00:00:00,83.74,82.79,80.78,78.83,79.68,78.88,79.23,80.34,76.29,76.71,77.07,76.77,2393607.64,1858989.517,2171403.36,1458437.834,1853732.075,1341468.467,1012792,835044,786423,628012,600906,427167,1295746.385,937684.733,1049041.575,713779.583,970031.561,713912.331,81.94,80.58,77.83,78.04,78.13,76.79,1833.4,1813.16,1785.0,1762.36,1812.0,1830.0,1728.95,1757.57,1713.44,1721.93,1737.68,1786.58,305879.3304,241536.7253,225231.2254,173705.2572,215605.8045,178703.4183,2770665,2520272,2459826,1852063,1885371,1196630,156283.9234,117218.5185,107440.578,87235.1274,111540.9027,82847.9976,1799.56,1771.45,1743.54,1745.16,1796.85,1787.76
2026-07-12T00:00:00,82.79,80.78,78.83,79.68,78.88,77.78,80.34,76.29,76.71,77.07,76.77,75.65,1858989.517,2171403.36,1458437.834,1853732.075,1341468.467,1107014.96,835044,786423,628012,600906,427167,428321,937684.733,1049041.575,713779.583,970031.561,713912.331,545740.927,80.58,77.83,78.04,78.13,76.79,76.92,1813.16,1785.0,1762.36,1812.0,1830.0,1826.92,1757.57,1713.44,1721.93,1737.68,1786.58,1779.46,241536.7253,225231.2254,173705.2572,215605.8045,178703.4183,141072.9835,2520272,2459826,1852063,1885371,1196630,1163165,117218.5185,107440.578,87235.1274,111540.9027,82847.9976,67542.1325,1771.45,1743.54,1745.16,1796.85,1787.76,1806.8
2026-07-13T00:00:00,80.78,78.83,79.68,78.88,77.78,78.2,76.29,76.71,77.07,76.77,75.65,74.1,2171403.36,1458437.834,1853732.075,1341468.467,1107014.96,1598648.362,786423,628012,600906,427167,428321,711539,1049041.575,713779.583,970031.561,713912.331,545740.927,794658.438,77.83,78.04,78.13,76.79,76.92,75.01,1785.0,1762.36,1812.0,1830.0,1826.92,1846.0,1713.44,1721.93,1737.68,1786.58,1779.46,1750.2,225231.2254,173705.2572,215605.8045,178703.4183,141072.9835,295031.6198,2459826,1852063,1885371,1196630,1163165,2649302,107440.578,87235.1274,111540.9027,82847.9976,67542.1325,139033.3963,1743.54,1745.16,1796.85,1787.76,1806.8,1776.72
2026-07-14T00:00:00,78.83,79.68,78.88,77.78,78.2,77.95,76.71,77.07,76.77,75.65,74.1,74.56,1458437.834,1853732.075,1341468.467,1107014.96,1598648.362,1797979.602,628012,600906,427167,428321,711539,654450,713779.583,970031.561,713912.331,545740.927,794658.438,962065.861,78.04,78.13,76.79,76.92,75.01,77.87,1762.36,1812.0,1830.0,1826.92,1846.0,1896.14,1721.93,1737.68,1786.58,1779.46,1750.2,1773.41,173705.2572,215605.8045,178703.4183,141072.9835,295031.6198,368913.772,1852063,1885371,1196630,1163165,2649302,3283907,87235.1274,111540.9027,82847.9976,67542.1325,139033.3963,202166.4648,1745.16,1796.85,1787.76,1806.8,1776.72,1891.87
2026-07-15T00:00:00,79.68,78.88,77.78,78.2,77.95,79.04,77.07,76.77,75.65,74.1,74.56,76.94,1853732.075,1341468.467,1107014.96,1598648.362,1797979.602,1789391.588,600906,427167,428321,711539,654450,661584,970031.561,713912.331,545740.927,794658.438,962065.861,966699.175,78.13,76.79,76.92,75.01,77.87,77.29,1812.0,1830.0,1826.92,1846.0,1896.14,1946.52,1737.68,1786.58,1779.46,1750.2,1773.41,1864.38,215605.8045,178703.4183,141072.9835,295031.6198,368913.772,319800.9693,1885371,1196630,1163165,2649302,3283907,2766157,111540.9027,82847.9976,67542.1325,139033.3963,202166.4648,164441.1035,1796.85,1787.76,1806.8,1776.72,1891.87,1917.86
2026-07-16T00:00:00,78.88,77.78,78.2,77.95,79.04,77.64,76.77,75.65,74.1,74.56,76.94,75.01,1341468.467,1107014.96,1598648.362,1797979.602,1789391.588,1525454.678,427167,428321,711539,654450,661584,525461,713912.331,545740.927,794658.438,962065.861,966699.175,738665.543,76.79,76.92,75.01,77.87,77.29,75.32,1830.0,1826.92,1846.0,1896.14,1946.52,1929.48,1786.58,1779.46,1750.2,1773.41,1864.38,1857.54,178703.4183,141072.9835,295031.6198,368913.772,319800.9693,271689.0863,1196630,1163165,2649302,3283907,2766157,2577028,82847.9976,67542.1325,139033.3963,202166.4648,164441.1035,124124.427,1787.76,1806.8,1776.72,1891.87,1917.86,1864.71
2026-07-17T00:00:00,77.78,78.2,77.95,79.04,77.64,75.75,75.65,74.1,74.56,76.94,75.01,73.39,1107014.96,1598648.362,1797979.602,1789391.588,1525454.678,1361493.075,428321,711539,654450,661584,525461,553564,545740.927,794658.438,962065.861,966699.175,738665.543,676963.057,76.92,75.01,77.87,77.29,75.32,75.04,1826.92,1846.0,1896.14,1946.52,1929.48,1871.08,1779.46,1750.2,1773.41,1864.38,1857.54,1803.05,141072.9835,295031.6198,368913.772,319800.9693,271689.0863,253027.7556,1163165,2649302,3283907,2766157,2577028,2654101,67542.1325,139033.3963,202166.4648,164441.1035,124124.427,127019.9006,1806.8,1776.72,1891.87,1917.86,1864.71,1841.93
2026-07-18T00:00:00,78.2,77.95,79.04,77.64,75.75,75.67,74.1,74.56,76.94,75.01,73.39,74.5,1598648.362,1797979.602,1789391.588,1525454.678,1361493.075,651011.695,711539,654450,661584,525461,553564,249534,794658.438,962065.861,966699.175,738665.543,676963.057,344864.757,75.01,77.87,77.29,75.32,75.04,75.52,1846.0,1896.14,1946.52,1929.48,1871.08,1867.58,1750.2,1773.41,1864.38,1857.54,1803.05,1837.58,295031.6198,368913.772,319800.9693,271689.0863,253027.7556,92597.9232,2649302,3283907,2766157,2577028,2654101,898148,139033.3963,202166.4648,164441.1035,124124.427,127019.9006,49679.7706,1776.72,1891.87,1917.86,1864.71,1841.93,1862.61
2026-07-19T00:00:00,77.95,79.04,77.64,75.75,75.67,76.7,74.56,76.94,75.01,73.39,74.5,75.37,1797979.602,1789391.588,1525454.678,1361493.075,651011.695,1176910.446,654450,661584,525461,553564,249534,322166,962065.861,966699.175,738665.543,676963.057,344864.757,595745.728,77.87,77.29,75.32,75.04,75.52,76.38,1896.14,1946.52,1929.48,1871.08,1867.58,1879.38,1773.41,1864.38,1857.54,1803.05,1837.58,1851.71,368913.772,319800.9693,271689.0863,253027.7556,92597.9232,143922.6662,3283907,2766157,2577028,2654101,898148,1375145,202166.4648,164441.1035,124124.427,127019.9006,49679.7706,72477.4109,1891.87,1917.86,1864.71,1841.93,1862.61,1872.23
2026-07-20T00:00:00,79.04,77.64,75.75,75.67,76.7,78.38,76.94,75.01,73.39,74.5,75.37,75.5,1789391.588,1525454.678,1361493.075,651011.695,1176910.446,1867200.851,661584,525461,553564,249534,322166,674507,966699.175,738665.543,676963.057,344864.757,595745.728,934799.933,77.29,75.32,75.04,75.52,76.38,77.85,1946.52,1929.48,1871.08,1867.58,1879.38,1918.16,1864.38,1857.54,1803.05,1837.58,1851.71,1843.14,319800.9693,271689.0863,253027.7556,92597.9232,143922.6662,271195.633,2766157,2577028,2654101,898148,1375145,2898762,164441.1035,124124.427,127019.9006,49679.7706,72477.4109,139935.4434,1917.86,1864.71,1841.93,1862.61,1872.23,1904.77
2026-07-21T00:00:00,77.64,75.75,75.67,76.7,78.38,78.88,75.01,73.39,74.5,75.37,75.5,77.42,1525454.678,1361493.075,651011.695,1176910.446,1867200.851,1283561.32,525461,553564,249534,322166,674507,395822,738665.543,676963.057,344864.757,595745.728,934799.933,641601.404,75.32,75.04,75.52,76.38,77.85,78.12,1929.48,1871.08,1867.58,1879.38,1918.16,1953.0,1857.54,1803.05,1837.58,1851.71,1843.14,1900.74,271689.0863,253027.7556,92597.9232,143922.6662,271195.633,326965.6779,2577028,2654101,898148,1375145,2898762,2430342,124124.427,127019.9006,49679.7706,72477.4109,139935.4434,178850.1688,1864.71,1841.93,1862.61,1872.23,1904.77,1930.09
2026-07-22T00:00:00,75.75,75.67,76.7,78.38,78.88,78.85,73.39,74.5,75.37,75.5,77.42,77.0,1361493.075,651011.695,1176910.446,1867200.851,1283561.32,1424652.173,553564,249534,322166,674507,395822,497292,676963.057,344864.757,595745.728,934799.933,641601.404,714496.328,75.04,75.52,76.38,77.85,78.12,77.97,1871.08,1867.58,1879.38,1918.16,1953.0,1956.45,1803.05,1837.58,1851.71,1843.14,1900.74,1910.68,253027.7556,92597.9232,143922.6662,271195.633,326965.6779,251140.8253,2654101,898148,1375145,2898762,2430342,2535468,127019.9006,49679.7706,72477.4109,139935.4434,178850.1688,123958.4642,1841.93,1862.61,1872.23,1904.77,1930.09,1934.25
2026-07-23T00:00:00,75.67,76.7,78.38,78.88,78.85,78.54,74.5,75.37,75.5,77.42,77.0,75.43,651011.695,1176910.446,1867200.851,1283561.32,1424652.173,1346651.926,249534,322166,674507,395822,497292,474224,344864.757,595745.728,934799.933,641601.404,714496.328,641821.374,75.52,76.38,77.85,78.12,77.97,75.88,1867.58,1879.38,1918.16,1953.0,1956.45,1941.5,1837.58,1851.71,1843.14,1900.74,1910.68,1869.44,92597.9232,143922.6662,271195.633,326965.6779,251140.8253,219789.0733,898148,1375145,2898762,2430342,2535468,2040809,49679.7706,72477.4109,139935.4434,178850.1688,123958.4642,99799.0967,1862.61,1872.23,1904.77,1930.09,1934.25,1878.38
2026-07-24T00:00:00,76.7,78.38,78.88,78.85,78.54,76.45,75.37,75.5,77.42,77.0,75.43,73.44,1176910.446,1867200.851,1283561.32,1424652.173,1346651.926,1450088.265,322166,674507,395822,497292,474224,405521,595745.728,934799.933,641601.404,714496.328,641821.374,700473.944,76.38,77.85,78.12,77.97,75.88,73.96,1879.38,1918.16,1953.0,1956.45,1941.5,1909.8,1851.71,1843.14,1900.74,1910.68,1869.44,1848.09,143922.6662,271195.633,326965.6779,251140.8253,219789.0733,200795.4361,1375145,2898762,2430342,2535468,2040809,2134534,72477.4109,139935.4434,178850.1688,123958.4642,99799.0967,102087.8997,1872.23,1904.77,1930.09,1934.25,1878.38,1861.44
2026-07-25T00:00:00,78.38,78.88,78.85,78.54,76.45,74.73,75.5,77.42,77.0,75.43,73.44,73.56,1867200.851,1283561.32,1424652.173,1346651.926,1450088.265,726815.749,674507,395822,497292,474224,405521,174339,934799.933,641601.404,714496.328,641821.374,700473.944,367039.441,77.85,78.12,77.97,75.88,73.96,74.52,1918.16,1953.0,1956.45,1941.5,1909.8,1877.07,1843.14,1900.74,1910.68,1869.44,1848.09,1851.22,271195.633,326965.6779,251140.8253,219789.0733,200795.4361,88434.488,2898762,2430342,2535468,2040809,2134534,763113,139935.4434,178850.1688,123958.4642,99799.0967,102087.8997,45312.7075,1904.77,1930.09,1934.25,1878.38,1861.44,1874.89
2026-07-26T00:00:00,78.88,78.85,78.54,76.45,74.73,77.1,77.42,77.0,75.43,73.44,73.56,74.47,1283561.32,1424652.173,1346651.926,1450088.265,726815.749,892413.373,395822,497292,474224,405521,174339,289185,641601.404,714496.328,641821.374,700473.944,367039.441,478055.812,78.12,77.97,75.88,73.96,74.52,76.76,1953.0,1956.45,1941.5,1909.8,1877.07,1967.36,1900.74,1910.68,1869.44,1848.09,1851.22,1873.85,326965.6779,251140.8253,219789.0733,200795.4361,88434.488,153233.6949,2430342,2535468,2040809,2134534,763113,1515963,178850.1688,123958.4642,99799.0967,102087.8997,45312.7075,80698.9915,1930.09,1934.25,1878.38,1861.44,1874.89,1954.72
2026-07-27T00:00:00,78.85,78.54,76.45,74.73,77.1,77.5,77.0,75.43,73.44,73.56,74.47,73.74,1424652.173,1346651.926,1450088.265,726815.749,892413.373,1608273.931,497292,474224,405521,174339,289185,583673,714496.328,641821.374,700473.944,367039.441,478055.812,796943.514,77.97,75.88,73.96,74.52,76.76,74.2,1956.45,1941.5,1909.8,1877.07,1967.36,1981.24,1910.68,1869.44,1848.09,1851.22,1873.85,1882.49,251140.8253,219789.0733,200795.4361,88434.488,153233.6949,342451.48,2535468,2040809,2134534,763113,1515963,3195743,123958.4642,99799.0967,102087.8997,45312.7075,80698.9915,162403.1192,1934.25,1878.38,1861.44,1874.89,1954.72,1892.53
2026-07-28T00:00:00,78.54,76.45,74.73,77.1,77.5,74.59,75.43,73.44,73.56,74.47,73.74,72.36,1346651.926,1450088.265,726815.749,892413.373,1608273.931,1697225.448,474224,405521,174339,289185,583673,525294,641821.374,700473.944,367039.441,478055.812,796943.514,797539.173,75.88,73.96,74.52,76.76,74.2,73.83,1941.5,1909.8,1877.07,1967.36,1981.24,1929.67,1869.44,1848.09,1851.22,1873.85,1882.49,1856.88,219789.0733,200795.4361,88434.488,153233.6949,342451.48,289225.1629,2040809,2134534,763113,1515963,3195743,2505196,99799.0967,102087.8997,45312.7075,80698.9915,162403.1192,142104.8161,1878.38,1861.44,1874.89,1954.72,1892.53,1922.23
2026-07-29T00:00:00,76.45,74.73,77.1,77.5,74.59,74.53,73.44,73.56,74.47,73.74,72.36,72.32,1450088.265,726815.749,892413.373,1608273.931,1697225.448,1597653.875,405521,174339,289185,583673,525294,597407,700473.944,367039.441,478055.812,796943.514,797539.173,820832.531,73.96,74.52,76.76,74.2,73.83,73.68,1909.8,1877.07,1967.36,1981.24,1929.67,1935.68,1848.09,1851.22,1873.85,1882.49,1856.88,1872.0,200795.4361,88434.488,153233.6949,342451.48,289225.1629,298562.344,2134534,763113,1515963,3195743,2505196,3050869,102087.8997,45312.7075,80698.9915,162403.1192,142104.8161,146699.4645,1861.44,1874.89,1954.72,1892.53,1922.23,1910.72
2026-07-30T00:00:00,74.73,77.1,77.5,74.59,74.53,74.99,73.56,74.47,73.74,72.36,72.32,73.14,726815.749,892413.373,1608273.931,1697225.448,1597653.875,1218863.451,174339,289185,583673,525294,597407,404129,367039.441,478055.812,796943.514,797539.173,820832.531,583483.932,74.52,76.76,74.2,73.83,73.68,74.51,1877.07,1967.36,1981.24,1929.67,1935.68,1936.99,1851.22,1873.85,1882.49,1856.88,1872.0,1893.99,88434.488,153233.6949,342451.48,289225.1629,298562.344,176531.6818,763113,1515963,3195743,2505196,3050869,1937149,45312.7075,80698.9915,162403.1192,142104.8161,146699.4645,88629.7538,1874.89,1954.72,1892.53,1922.23,1910.72,1918.31
2026-07-31T00:00:00,77.1,77.5,74.59,74.53,74.99,75.29,74.47,73.74,72.36,72.32,73.14,72.56,892413.373,1608273.931,1697225.448,1597653.875,1218863.451,1337998.051,289185,583673,525294,597407,404129,448362,478055.812,796943.514,797539.173,820832.531,583483.932,608554.026,76.76,74.2,73.83,73.68,74.51,72.87,1967.36,1981.24,1929.67,1935.68,1936.99,1936.15,1873.85,1882.49,1856.88,1872.0,1893.99,1848.7,153233.6949,342451.48,289225.1629,298562.344,176531.6818,242904.7865,1515963,3195743,2505196,3050869,1937149,2209134,80698.9915,162403.1192,142104.8161,146699.4645,88629.7538,105152.1456,1954.72,1892.53,1922.23,1910.72,1918.31,1862.6
2026-08-01T00:00:00,77.5,74.59,74.53,74.99,75.29,73.21,73.74,72.36,72.32,73.14,72.56,70.58,1608273.931,1697225.448,1597653.875,1218863.451,1337998.051,1111519.095,583673,525294,597407,404129,448362,270094,796943.514,797539.173,820832.531,583483.932,608554.026,477321.735,74.2,73.83,73.68,74.51,72.87,71.95,1981.24,1929.67,1935.68,1936.99,1936.15,1875.45,1882.49,1856.88,1872.0,1893.99,1848.7,1822.06,342451.48,289225.1629,298562.344,176531.6818,242904.7865,108886.9878,3195743,2505196,3050869,1937149,2209134,880600,162403.1192,142104.8161,146699.4645,88629.7538,105152.1456,48007.9114,1892.53,1922.23,1910.72,1918.31,1862.6,1844.94
2026-08-02T00:00:00,74.59,74.53,74.99,75.29,73.21,74.33,72.36,72.32,73.14,72.56,70.58,71.93,1697225.448,1597653.875,1218863.451,1337998.051,1111519.095,845346.938,525294,597407,404129,448362,270094,251642,797539.173,820832.531,583483.932,608554.026,477321.735,407698.354,73.83,73.68,74.51,72.87,71.95,73.63,1929.67,1935.68,1936.99,1936.15,1875.45,1898.5,1856.88,1872.0,1893.99,1848.7,1822.06,1843.67,289225.1629,298562.344,176531.6818,242904.7865,108886.9878,123655.0632,2505196,3050869,1937149,2209134,880600,1129827,142104.8161,146699.4645,88629.7538,105152.1456,48007.9114,64503.1281,1922.23,1910.72,1918.31,1862.6,1844.94,1885.36
2026-08-03T00:00:00,74.53,74.99,75.29,73.21,74.33,74.28,72.32,73.14,72.56,70.58,71.93,71.98,1597653.875,1218863.451,1337998.051,1111519.095,845346.938,1227842.329,597407,404129,448362,270094,251642,370920,820832.531,583483.932,608554.026,477321.735,407698.354,608136.616,73.68,74.51,72.87,71.95,73.63,73.56,1935.68,1936.99,1936.15,1875.45,1898.5,1885.95,1872.0,1893.99,1848.7,1822.06,1843.67,1828.62,298562.344,176531.6818,242904.7865,108886.9878,123655.0632,175607.0099,3050869,1937149,2209134,880600,1129827,1775363,146699.4645,88629.7538,105152.1456,48007.9114,64503.1281,84775.068,1910.72,1918.31,1862.6,1844.94,1885.36,1860.5
2026-08-04T00:00:00,74.99,75.29,73.21,74.33,74.28,74.45,73.14,72.56,70.58,71.93,71.98,73.04,1218863.451,1337998.051,1111519.095,845346.938,1227842.329,1198568.943,404129,448362,270094,251642,370920,454998,583483.932,608554.026,477321.735,407698.354,608136.616,599119.489,74.51,72.87,71.95,73.63,73.56,73.75,1936.99,1936.15,1875.45,1898.5,1885.95,1882.44,1893.99,1848.7,1822.06,1843.67,1828.62,1848.38,176531.6818,242904.7865,108886.9878,123655.0632,175607.0099,185254.5452,1937149,2209134,880600,1129827,1775363,1809806,88629.7538,105152.1456,48007.9114,64503.1281,84775.068,93966.2161,1918.31,1862.6,1844.94,1885.36,1860.5,1869.75
2026-08-05T00:00:00,75.29,73.21,74.33,74.28,74.45,74.83,72.56,70.58,71.93,71.98,73.04,73.27,1337998.051,1111519.095,845346.938,1227842.329,1198568.943,1549828.637,448362,270094,251642,370920,454998,475409,608554.026,477321.735,407698.354,608136.616,599119.489,780032.481,72.87,71.95,73.63,73.56,73.75,74.04,1936.15,1875.45,1898.5,1885.95,1882.44,1928.0,1848.7,1822.06,1843.67,1828.62,1848.38,1855.5,242904.7865,108886.9878,123655.0632,175607.0099,185254.5452,238330.3269,2209134,880600,1129827,1775363,1809806,2270605,105152.1456,48007.9114,64503.1281,84775.068,93966.2161,124423.2562,1862.6,1844.94,1885.36,1860.5,1869.75,1908.9
2026-08-06T00:00:00,73.21,74.33,74.28,74.45,74.83,74.35,70.58,71.93,71.98,73.04,73.27,72.34,1111519.095,845346.938,1227842.329,1198568.943,1549828.637,1276204.923,270094,251642,370920,454998,475409,386001,477321.735,407698.354,608136.616,599119.489,780032.481,633793.227,71.95,73.63,73.56,73.75,74.04,72.7,1875.45,1898.5,1885.95,1882.44,1928.0,1920.51,1822.06,1843.67,1828.62,1848.38,1855.5,1892.04,108886.9878,123655.0632,175607.0099,185254.5452,238330.3269,177529.7135,880600,1129827,1775363,1809806,2270605,1782371,48007.9114,64503.1281,84775.068,93966.2161,124423.2562,81160.1351,1844.94,1885.36,1860.5,1869.75,1908.9,1904.1
2026-08-07T00:00:00,74.33,74.28,74.45,74.83,74.35,74.35,71.93,71.98,73.04,73.27,72.34,72.43,845346.938,1227842.329,1198568.943,1549828.637,1276204.923,1552676.887,251642,370920,454998,475409,386001,384085,407698.354,608136.616,599119.489,780032.481,633793.227,773306.966,73.63,73.56,73.75,74.04,72.7,73.66,1898.5,1885.95,1882.44,1928.0,1920.51,1943.02,1843.67,1828.62,1848.38,1855.5,1892.04,1894.35,123655.0632,175607.0099,185254.5452,238330.3269,177529.7135,210276.529,1129827,1775363,1809806,2270605,1782371,1579936,64503.1281,84775.068,93966.2161,124423.2562,81160.1351,95029.1101,1885.36,1860.5,1869.75,1908.9,1904.1,1914.18
2026-08-08T00:00:00,74.28,74.45,74.83,74.35,74.35,76.81,71.98,73.04,73.27,72.34,72.43,73.57,1227842.329,1198568.943,1549828.637,1276204.923,1552676.887,1383412.487,370920,454998,475409,386001,384085,320650,608136.616,599119.489,780032.481,633793.227,773306.966,750690.778,73.56,73.75,74.04,72.7,73.66,76.01,1885.95,1882.44,1928.0,1920.51,1943.02,1926.72,1828.62,1848.38,1855.5,1892.04,1894.35,1912.27,175607.0099,185254.5452,238330.3269,177529.7135,210276.529,56872.3931,1775363,1809806,2270605,1782371,1579936,433955,84775.068,93966.2161,124423.2562,81160.1351,95029.1101,27552.6004,1860.5,1869.75,1908.9,1904.1,1914.18,1916.74
2026-08-09T00:00:00,74.45,74.83,74.35,74.35,76.81,77.84,73.04,73.27,72.34,72.43,73.57,75.73,1198568.943,1549828.637,1276204.923,1552676.887,1383412.487,980767.674,454998,475409,386001,384085,320650,266929,599119.489,780032.481,633793.227,773306.966,750690.778,505532.884,73.75,74.04,72.7,73.66,76.01,76.27,1882.44,1928.0,1920.51,1943.02,1926.72,1938.22,1848.38,1855.5,1892.04,1894.35,1912.27,1907.56,185254.5452,238330.3269,177529.7135,210276.529,56872.3931,87855.3253,1809806,2270605,1782371,1579936,433955,681191,93966.2161,124423.2562,81160.1351,95029.1101,27552.6004,42718.9753,1869.75,1908.9,1904.1,1914.18,1916.74,1910.65
2026-08-10T00:00:00,74.83,74.35,74.35,76.81,77.84,77.17,73.27,72.34,72.43,73.57,75.73,75.58,1549828.637,1276204.923,1552676.887,1383412.487,980767.674,1278238.355,475409,386001,384085,320650,266929,394958,780032.481,633793.227,773306.966,750690.778,505532.884,629768.561,74.04,72.7,73.66,76.01,76.27,75.99,1928.0,1920.51,1943.02,1926.72,1938.22,1931.57,1855.5,1892.04,1894.35,1912.27,1907.56,1867.96,238330.3269,177529.7135,210276.529,56872.3931,87855.3253,209809.0221,2270605,1782371,1579936,433955,681191,1866587,124423.2562,81160.1351,95029.1101,27552.6004,42718.9753,92868.0329,1908.9,1904.1,1914.18,1916.74,1910.65,1873.16
2026-08-11T00:00:00,74.35,74.35,76.81,77.84,77.17,76.67,72.34,72.43,73.57,75.73,75.58,74.63,1276204.923,1552676.887,1383412.487,980767.674,1278238.355,1315794.682,386001,384085,320650,266929,394958,397860,633793.227,773306.966,750690.778,505532.884,629768.561,651636.486,72.7,73.66,76.01,76.27,75.99,76.3,1920.51,1943.02,1926.72,1938.22,1931.57,1897.8,1892.04,1894.35,1912.27,1907.56,1867.96,1853.62,177529.7135,210276.529,56872.3931,87855.3253,209809.0221,193300.5166,1782371,1579936,433955,681191,1866587,1441139,81160.1351,95029.1101,27552.6004,42718.9753,92868.0329,89434.2115,1904.1,1914.18,1916.74,1910.65,1873.16,1882.59
2026-08-12T00:00:00,74.35,76.81,77.84,77.17,76.67,77.33,72.43,73.57,75.73,75.58,74.63,75.35,1552676.887,1383412.487,980767.674,1278238.355,1315794.682,1154149.214,384085,320650,266929,394958,397860,374325,773306.966,750690.778,505532.884,629768.561,651636.486,590925.514,73.66,76.01,76.27,75.99,76.3,75.63,1943.02,1926.72,1938.22,1931.57,1897.8,1925.0,1894.35,1912.27,1907.56,1867.96,1853.62,1873.29,210276.529,56872.3931,87855.3253,209809.0221,193300.5166,171255.9975,1579936,433955,681191,1866587,1441139,1564544,95029.1101,27552.6004,42718.9753,92868.0329,89434.2115,84089.6358,1914.18,1916.74,1910.65,1873.16,1882.59,1879.81
2026-08-13T00:00:00,76.81,77.84,77.17,76.67,77.33,76.62,73.57,75.73,75.58,74.63,75.35,75.1,1383412.487,980767.674,1278238.355,1315794.682,1154149.214,1093508.557,320650,266929,394958,397860,374325,348474,750690.778,505532.884,629768.561,651636.486,590925.514,527817.319,76.01,76.27,75.99,76.3,75.63,76.28,1926.72,1938.22,1931.57,1897.8,1925.0,1900.0,1912.27,1907.56,1867.96,1853.62,1873.29,1863.67,56872.3931,87855.3253,209809.0221,193300.5166,171255.9975,154140.6308,433955,681191,1866587,1441139,1564544,1514857,27552.6004,42718.9753,92868.0329,89434.2115,84089.6358,79343.6238,1916.74,1910.65,1873.16,1882.59,1879.81,1886.15
2026-08-14T00:00:00,77.84,77.17,76.67,77.33,76.62,76.33,75.73,75.58,74.63,75.35,75.1,74.69,980767.674,1278238.355,1315794.682,1154149.214,1093508.557,1063864.906,266929,394958,397860,374325,348474,290010,505532.884,629768.561,651636.486,590925.514,527817.319,471882.622,76.27,75.99,76.3,75.63,76.28,75.4,1938.22,1931.57,1897.8,1925.0,1900.0,1891.3,1907.56,1867.96,1853.62,1873.29,1863.67,1864.28,87855.3253,209809.0221,193300.5166,171255.9975,154140.6308,108123.7734,681191,1866587,1441139,1564544,1514857,1319228,42718.9753,92868.0329,89434.2115,84089.6358,79343.6238,53799.6172,1910.65,1873.16,1882.59,1879.81,1886.15,1882.2
2026-08-15T00:00:00,77.17,76.67,77.33,76.62,76.33,75.74,75.58,74.63,75.35,75.1,74.69,75.05,1278238.355,1315794.682,1154149.214,1093508.557,1063864.906,602113.822,394958,397860,374325,348474,290010,139474,629768.561,651636.486,590925.514,527817.319,471882.622,264340.566,75.99,76.3,75.63,76.28,75.4,75.35,1931.57,1897.8,1925.0,1900.0,1891.3,1886.59,1867.96,1853.62,1873.29,1863.67,1864.28,1876.01,209809.0221,193300.5166,171255.9975,154140.6308,108123.7734,48197.0909,1866587,1441139,1564544,1514857,1319228,409630,92868.0329,89434.2115,84089.6358,79343.6238,53799.6172,23013.4799,1873.16,1882.59,1879.81,1886.15,1882.2,1882.64
2026-08-16T00:00:00,76.67,77.33,76.62,76.33,75.74,75.71,74.63,75.35,75.1,74.69,75.05,74.1,1315794.682,1154149.214,1093508.557,1063864.906,602113.822,681414.225,397860,374325,348474,290010,139474,174852,651636.486,590925.514,527817.319,471882.622,264340.566,341184.851,76.3,75.63,76.28,75.4,75.35,74.61,1897.8,1925.0,1900.0,1891.3,1886.59,1892.31,1853.62,1873.29,1863.67,1864.28,1876.01,1869.17,193300.5166,171255.9975,154140.6308,108123.7734,48197.0909,68574.4231,1441139,1564544,1514857,1319228,409630,573492,89434.2115,84089.6358,79343.6238,53799.6172,23013.4799,34107.2041,1882.59,1879.81,1886.15,1882.2,1882.64,1876.0
2026-08-17T00:00:00,77.33,76.62,76.33,75.74,75.71,76.22,75.35,75.1,74.69,75.05,74.1,74.43,1154149.214,1093508.557,1063864.906,602113.822,681414.225,1269854.354,374325,348474,290010,139474,174852,374664,590925.514,527817.319,471882.622,264340.566,341184.851,622102.484,75.63,76.28,75.4,75.35,74.61,76.02,1925.0,1900.0,1891.3,1886.59,1892.31,1918.71,1873.29,1863.67,1864.28,1876.01,1869.17,1872.46,171255.9975,154140.6308,108123.7734,48197.0909,68574.4231,175727.2871,1564544,1514857,1319228,409630,573492,1441485,84089.6358,79343.6238,53799.6172,23013.4799,34107.2041,88860.7417,1879.81,1886.15,1882.2,1882.64,1876.0,1913.6
2026-08-18T00:00:00,76.62,76.33,75.74,75.71,76.22,77.41,75.1,74.69,75.05,74.1,74.43,75.2,1093508.557,1063864.906,602113.822,681414.225,1269854.354,1454862.952,348474,290010,139474,174852,374664,371906,527817.319,471882.622,264340.566,341184.851,622102.484,736555.85,76.28,75.4,75.35,74.61,76.02,77.05,1900.0,1891.3,1886.59,1892.31,1918.71,1923.27,1863.67,1864.28,1876.01,1869.17,1872.46,1885.78,154140.6308,108123.7734,48197.0909,68574.4231,175727.2871,144436.9084,1514857,1319228,409630,573492,1441485,1229278,79343.6238,53799.6172,23013.4799,34107.2041,88860.7417,67921.8767,1886.15,1882.2,1882.64,1876.0,1913.6,1917.85
2026-08-19T00:00:00,76.33,75.74,75.71,76.22,77.41,87.21,74.69,75.05,74.1,74.43,75.2,76.63,1063864.906,602113.822,681414.225,1269854.354,1454862.952,4041510.276,290010,139474,174852,374664,371906,1184929,471882.622,264340.566,341184.851,622102.484,736555.85,2159749.946,75.4,75.35,74.61,76.02,77.05,85.38,1891.3,1886.59,1892.31,1918.71,1923.27,2333.65,1864.28,1876.01,1869.17,1872.46,1885.78,1906.0,108123.7734,48197.0909,68574.4231,175727.2871,144436.9084,799553.3447,1319228,409630,573492,1441485,1229278,5279678,53799.6172,23013.4799,34107.2041,88860.7417,67921.8767,417055.9435,1882.2,1882.64,1876.0,1913.6,1917.85,2252.8
2026-08-20T00:00:00,75.74,75.71,76.22,77.41,87.21,88.1,75.05,74.1,74.43,75.2,76.63,84.01,602113.822,681414.225,1269854.354,1454862.952,4041510.276,3689410.426,139474,174852,374664,371906,1184929,1005508,264340.566,341184.851,622102.484,736555.85,2159749.946,1889079.049,75.35,74.61,76.02,77.05,85.38,87.66,1886.59,1892.31,1918.71,1923.27,2333.65,2360.0,1876.01,1869.17,1872.46,1885.78,1906.0,2221.54,48197.0909,68574.4231,175727.2871,144436.9084,799553.3447,648620.7228,409630,573492,1441485,1229278,5279678,5641127,23013.4799,34107.2041,88860.7417,67921.8767,417055.9435,338052.5415,1882.64,1876.0,1913.6,1917.85,2252.8,2326.82
2026-08-21T00:00:00,75.71,76.22,77.41,87.21,88.1,94.99,74.1,74.43,75.2,76.63,84.01,87.57,681414.225,1269854.354,1454862.952,4041510.276,3689410.426,5840669.108,174852,374664,371906,1184929,1005508,2071985,341184.851,622102.484,736555.85,2159749.946,1889079.049,3144979.555,74.61,76.02,77.05,85.38,87.66,93.72,1892.31,1918.71,1923.27,2333.65,2360.0,2546.78,1869.17,1872.46,1885.78,1906.0,2221.54,2324.99,68574.4231,175727.2871,144436.9084,799553.3447,648620.7228,740662.9146,573492,1441485,1229278,5279678,5641127,7242698,34107.2041,88860.7417,67921.8767,417055.9435,338052.5415,402068.9383,1876.0,1913.6,1917.85,2252.8,2326.82,2516.3
2026-08-22T00:00:00,76.22,77.41,87.21,88.1,94.99,102.74,74.43,75.2,76.63,84.01,87.57,87.72,1269854.354,1454862.952,4041510.276,3689410.426,5840669.108,7094617.466,374664,371906,1184929,1005508,2071985,2695492,622102.484,736555.85,2159749.946,1889079.049,3144979.555,3649539.627,76.02,77.05,85.38,87.66,93.72,93.82,1918.71,1923.27,2333.65,2360.0,2546.78,2529.99,1872.46,1885.78,1906.0,2221.54,2324.99,2385.0,175727.2871,144436.9084,799553.3447,648620.7228,740662.9146,485164.8901,1441485,1229278,5279678,5641127,7242698,4481778,88860.7417,67921.8767,417055.9435,338052.5415,402068.9383,244219.4254,1913.6,1917.85,2252.8,2326.82,2516.3,2422.6
2026-08-23T00:00:00,77.41,87.21,88.1,94.99,102.74,97.21,75.2,76.63,84.01,87.57,87.72,91.58,1454862.952,4041510.276,3689410.426,5840669.108,7094617.466,3782856.806,371906,1184929,1005508,2071985,2695492,1675306,736555.85,2159749.946,1889079.049,3144979.555,3649539.627,2003661.321,77.05,85.38,87.66,93.72,93.82,95.43,1923.27,2333.65,2360.0,2546.78,2529.99,2484.62,1885.78,1906.0,2221.54,2324.99,2385.0,2355.71,144436.9084,799553.3447,648620.7228,740662.9146,485164.8901,378847.2022,1229278,5279678,5641127,7242698,4481778,3810702,67921.8767,417055.9435,338052.5415,402068.9383,244219.4254,204739.2032,1917.85,2252.8,2326.82,2516.3,2422.6,2463.41
2026-08-24T00:00:00,87.21,88.1,94.99,102.74,97.21,98.99,76.63,84.01,87.57,87.72,91.58,93.26,4041510.276,3689410.426,5840669.108,7094617.466,3782856.806,4605794.101,1184929,1005508,2071985,2695492,1675306,2016011,2159749.946,1889079.049,3144979.555,3649539.627,2003661.321,2330403.457,85.38,87.66,93.72,93.82,95.43,98.97,2333.65,2360.0,2546.78,2529.99,2484.62,2532.95,1906.0,2221.54,2324.99,2385.0,2355.71,2424.73,799553.3447,648620.7228,740662.9146,485164.8901,378847.2022,467435.1868,5279678,5641127,7242698,4481778,3810702,4314361,417055.9435,338052.5415,402068.9383,244219.4254,204739.2032,239011.3165,2252.8,2326.82,2516.3,2422.6,2463.41,2482.31
2026-08-25T00:00:00,88.1,94.99,102.74,97.21,98.99,103.08,84.01,87.57,87.72,91.58,93.26,95.32,3689410.426,5840669.108,7094617.466,3782856.806,4605794.101,4972932.43,1005508,2071985,2695492,1675306,2016011,2278101,1889079.049,3144979.555,3649539.627,2003661.321,2330403.457,2675120.005,87.66,93.72,93.82,95.43,98.97,96.6,2360.0,2546.78,2529.99,2484.62,2532.95,2532.5,2221.54,2324.99,2385.0,2355.71,2424.73,2414.64,648620.7228,740662.9146,485164.8901,378847.2022,467435.1868,341388.961,5641127,7242698,4481778,3810702,4314361,3492228,338052.5415,402068.9383,244219.4254,204739.2032,239011.3165,156179.9493,2326.82,2516.3,2422.6,2463.41,2482.31,2442.64
2026-08-26T00:00:00,94.99,102.74,97.21,98.99,103.08,102.46,87.57,87.72,91.58,93.26,95.32,94.95,5840669.108,7094617.466,3782856.806,4605794.101,4972932.43,2636923.175,2071985,2695492,1675306,2016011,2278101,1263515,3144979.555,3649539.627,2003661.321,2330403.457,2675120.005,1414849.404,93.72,93.82,95.43,98.97,96.6,102.07,2546.78,2529.99,2484.62,2532.95,2532.5,2515.38,2324.99,2385.0,2355.71,2424.73,2414.64,2432.32,740662.9146,485164.8901,378847.2022,467435.1868,341388.961,250583.2707,7242698,4481778,3810702,4314361,3492228,2687659,402068.9383,244219.4254,204739.2032,239011.3165,156179.9493,128221.3698,2516.3,2422.6,2463.41,2482.31,2442.64,2506.78
2026-08-27T00:00:00,102.74,97.21,98.99,103.08,102.46,110.6,87.72,91.58,93.26,95.32,94.95,100.52,7094617.466,3782856.806,4605794.101,4972932.43,2636923.175,5165991.59,2695492,1675306,2016011,2278101,1263515,2268943,3649539.627,2003661.321,2330403.457,2675120.005,1414849.404,2775708.789,93.82,95.43,98.97,96.6,102.07,109.14,2529.99,2484.62,2532.95,2532.5,2515.38,2566.53,2385.0,2355.71,2424.73,2414.64,2432.32,2481.74,485164.8901,378847.2022,467435.1868,341388.961,250583.2707,336914.06,4481778,3810702,4314361,3492228,2687659,3426529,244219.4254,204739.2032,239011.3165,156179.9493,128221.3698,163836.3225,2422.6,2463.41,2482.31,2442.64,2506.78,2510.94
2026-08-28T00:00:00,97.21,98.99,103.08,102.46,110.6,110.0,91.58,93.26,95.32,94.95,100.52,102.28,3782856.806,4605794.101,4972932.43,2636923.175,5165991.59,4462058.441,1675306,2016011,2278101,1263515,2268943,1912888,2003661.321,2330403.457,2675120.005,1414849.404,2775708.789,2117137.658,95.43,98.97,96.6,102.07,109.14,104.15,2484.62,2532.95,2532.5,2515.38,2566.53,2535.05,2355.71,2424.73,2414.64,2432.32,2481.74,2405.97,378847.2022,467435.1868,341388.961,250583.2707,336914.06,361082.4672,3810702,4314361,3492228,2687659,3426529,3449843,204739.2032,239011.3165,156179.9493,128221.3698,163836.3225,167131.5356,2463.41,2482.31,2442.64,2506.78,2510.94,2442.8
2026-08-29T00:00:00,98.99,103.08,102.46,110.6,110.0,105.88,93.26,95.32,94.95,100.52,102.28,103.03,4605794.101,4972932.43,2636923.175,5165991.59,4462058.441,1438492.498,2016011,2278101,1263515,2268943,1912888,532121,2330403.457,2675120.005,1414849.404,2775708.789,2117137.658,781981.063,98.97,96.6,102.07,109.14,104.15,105.61,2532.95,2532.5,2515.38,2566.53,2535.05,2459.76,2424.73,2414.64,2432.32,2481.74,2405.97,2430.45,467435.1868,341388.961,250583.2707,336914.06,361082.4672,103523.9255,4314361,3492228,2687659,3426529,3449843,828389,239011.3165,156179.9493,128221.3698,163836.3225,167131.5356,54147.5103,2482.31,2442.64,2506.78,2510.94,2442.8,2457.67
2026-08-30T00:00:00,103.08,102.46,110.6,110.0,105.88,107.48,95.32,94.95,100.52,102.28,103.03,100.31,4972932.43,2636923.175,5165991.59,4462058.441,1438492.498,2069486.493,2278101,1263515,2268943,1912888,532121,879686,2675120.005,1414849.404,2775708.789,2117137.658,781981.063,989675.459,96.6,102.07,109.14,104.15,105.61,101.75,2532.5,2515.38,2566.53,2535.05,2459.76,2534.98,2414.64,2432.32,2481.74,2405.97,2430.45,2387.28,341388.961,250583.2707,336914.06,361082.4672,103523.9255,268297.9503,3492228,2687659,3426529,3449843,828389,2396145,156179.9493,128221.3698,163836.3225,167131.5356,54147.5103,126372.702,2442.64,2506.78,2510.94,2442.8,2457.67,2416.88
2026-08-31T00:00:00,102.46,110.6,110.0,105.88,107.48,105.0,94.95,100.52,102.28,103.03,100.31,100.9,2636923.175,5165991.59,4462058.441,1438492.498,2069486.493,2161872.059,1263515,2268943,1912888,532121,879686,1049007,1414849.404,2775708.789,2117137.658,781981.063,989675.459,1067661.511,102.07,109.14,104.15,105.61,101.75,103.06,2515.38,2566.53,2535.05,2459.76,2534.98,2489.95,2432.32,2481.74,2405.97,2430.45,2387.28,2401.35,250583.2707,336914.06,361082.4672,103523.9255,268297.9503,265221.8545,2687659,3426529,3449843,828389,2396145,2904113,128221.3698,163836.3225,167131.5356,54147.5103,126372.702,132003.0417,2506.78,2510.94,2442.8,2457.67,2416.88,2467.65
2026-09-01T00:00:00,110.6,110.0,105.88,107.48,105.0,104.38,100.52,102.28,103.03,100.31,100.9,98.33,5165991.59,4462058.441,1438492.498,2069486.493,2161872.059,2492674.341,2268943,1912888,532121,879686,1049007,1004311,2775708.789,2117137.658,781981.063,989675.459,1067661.511,1155193.116,109.14,104.15,105.61,101.75,103.06,100.0,2566.53,2535.05,2459.76,2534.98,2489.95,2485.5,2481.74,2405.97,2430.45,2387.28,2401.35,2383.34,336914.06,361082.4672,103523.9255,268297.9503,265221.8545,276587.6824,3426529,3449843,828389,2396145,2904113,2474291,163836.3225,167131.5356,54147.5103,126372.702,132003.0417,134387.9163,2510.94,2442.8,2457.67,2416.88,2467.65,2418.57
