date,BTC.open_5,BTC.open_4,BTC.open_3,BTC.open_2,BTC.open_1,BTC.open,BTC.high_5,BTC.high_4,BTC.high_3,BTC.high_2,BTC.high_1,BTC.high,BTC.low_5,BTC.low_4,BTC.low_3,BTC.low_2,BTC.low_1,BTC.low,BTC.volume_5,BTC.volume_4,BTC.volume_3,BTC.volume_2,BTC.volume_1,BTC.quoteAssetVolume_5,BTC.quoteAssetVolume_4,BTC.quoteAssetVolume_3,BTC.quoteAssetVolume_2,BTC.quoteAssetVolume_1,BTC.numberOfTrades_5,BTC.numberOfTrades_4,BTC.numberOfTrades_3,BTC.numberOfTrades_2,BTC.numberOfTrades_1,BTC.takerBuyBaseAssetVolume_5,BTC.takerBuyBaseAssetVolume_4,BTC.takerBuyBaseAssetVolume_3,BTC.takerBuyBaseAssetVolume_2,BTC.takerBuyBaseAssetVolume_1,BTC.takerBuyQuoteAssetVolume_5,BTC.takerBuyQuoteAssetVolume_4,BTC.takerBuyQuoteAssetVolume_3,BTC.takerBuyQuoteAssetVolume_2,BTC.takerBuyQuoteAssetVolume_1,BTC.return_5,BTC.return_4,BTC.return_3,BTC.return_2,BTC.return_1,BTC.close_5,BTC.close_4,BTC.close_3,BTC.close_2,BTC.close_1,XRP.open_5,XRP.open_4,XRP.open_3,XRP.open_2,XRP.open_1,XRP.open,XRP.high_5,XRP.high_4,XRP.high_3,XRP.high_2,XRP.high_1,XRP.high,XRP.low_5,XRP.low_4,XRP.low_3,XRP.low_2,XRP.low_1,XRP.low,XRP.volume_5,XRP.volume_4,XRP.volume_3,XRP.volume_2,XRP.volume_1,XRP.quoteAssetVolume_5,XRP.quoteAssetVolume_4,XRP.quoteAssetVolume_3,XRP.quoteAssetVolume_2,XRP.quoteAssetVolume_1,XRP.numberOfTrades_5,XRP.numberOfTrades_4,XRP.numberOfTrades_3,XRP.numberOfTrades_2,XRP.numberOfTrades_1,XRP.takerBuyBaseAssetVolume_5,XRP.takerBuyBaseAssetVolume_4,XRP.takerBuyBaseAssetVolume_3,XRP.takerBuyBaseAssetVolume_2,XRP.takerBuyBaseAssetVolume_1,XRP.takerBuyQuoteAssetVolume_5,XRP.takerBuyQuoteAssetVolume_4,XRP.takerBuyQuoteAssetVolume_3,XRP.takerBuyQuoteAssetVolume_2,XRP.takerBuyQuoteAssetVolume_1,XRP.return_5,XRP.return_4,XRP.return_3,XRP.return_2,XRP.return_1,XRP.close_5,XRP.close_4,XRP.close_3,XRP.close_2,XRP.close_1,SOL.open_5,SOL.open_4,SOL.open_3,SOL.open_2,SOL.open_1,SOL.open,SOL.high_5,SOL.high_4,SOL.high_3,SOL.high_2,SOL.high_1,SOL.high,SOL.low_5,SOL.low_4,SOL.low_3,SOL.low_2,SOL.low_1,SOL.low,SOL.volume_5,SOL.volume_4,SOL.volume_3,SOL.volume_2,SOL.volume_1,SOL.quoteAssetVolume_5,SOL.quoteAssetVolume_4,SOL.quoteAssetVolume_3,SOL.quoteAssetVolume_2,SOL.quoteAssetVolume_1,SOL.numberOfTrades_5,SOL.numberOfTrades_4,SOL.numberOfTrades_3,SOL.numberOfTrades_2,SOL.numberOfTrades_1,SOL.takerBuyBaseAssetVolume_5,SOL.takerBuyBaseAssetVolume_4,SOL.takerBuyBaseAssetVolume_3,SOL.takerBuyBaseAssetVolume_2,SOL.takerBuyBaseAssetVolume_1,SOL.takerBuyQuoteAssetVolume_5,SOL.takerBuyQuoteAssetVolume_4,SOL.takerBuyQuoteAssetVolume_3,SOL.takerBuyQuoteAssetVolume_2,SOL.takerBuyQuoteAssetVolume_1,SOL.return_5,SOL.return_4,SOL.return_3,SOL.return_2,SOL.return_1,SOL.close_5,SOL.close_4,SOL.close_3,SOL.close_2,SOL.close_1,LTC.open_5,LTC.open_4,LTC.open_3,LTC.open_2,LTC.open_1,LTC.open,LTC.high_5,LTC.high_4,LTC.high_3,LTC.high_2,LTC.high_1,LTC.high,LTC.low_5,LTC.low_4,LTC.low_3,LTC.low_2,LTC.low_1,LTC.low,LTC.volume_5,LTC.volume_4,LTC.volume_3,LTC.volume_2,LTC.volume_1,LTC.quoteAssetVolume_5,LTC.quoteAssetVolume_4,LTC.quoteAssetVolume_3,LTC.quoteAssetVolume_2,LTC.quoteAssetVolume_1,LTC.numberOfTrades_5,LTC.numberOfTrades_4,LTC.numberOfTrades_3,LTC.numberOfTrades_2,LTC.numberOfTrades_1,LTC.takerBuyBaseAssetVolume_5,LTC.takerBuyBaseAssetVolume_4,LTC.takerBuyBaseAssetVolume_3,LTC.takerBuyBaseAssetVolume_2,LTC.takerBuyBaseAssetVolume_1,LTC.takerBuyQuoteAssetVolume_5,LTC.takerBuyQuoteAssetVolume_4,LTC.takerBuyQuoteAssetVolume_3,LTC.takerBuyQuoteAssetVolume_2,LTC.takerBuyQuoteAssetVolume_1,LTC.return_5,LTC.return_4,LTC.return_3,LTC.return_2,LTC.return_1,LTC.close_5,LTC.close_4,LTC.close_3,LTC.close_2,LTC.close_1,ETH.open_5,ETH.open_4,ETH.open_3,ETH.open_2,ETH.open_1,ETH.open,ETH.high_5,ETH.high_4,ETH.high_3,ETH.high_2,ETH.high_1,ETH.high,ETH.low_5,ETH.low_4,ETH.low_3,ETH.low_2,ETH.low_1,ETH.low,ETH.volume_5,ETH.volume_4,ETH.volume_3,ETH.volume_2,ETH.volume_1,ETH.quoteAssetVolume_5,ETH.quoteAssetVolume_4,ETH.quoteAssetVolume_3,ETH.quoteAssetVolume_2,ETH.quoteAssetVolume_1,ETH.numberOfTrades_5,ETH.numberOfTrades_4,ETH.numberOfTrades_3,ETH.numberOfTrades_2,ETH.numberOfTrades_1,ETH.takerBuyBaseAssetVolume_5,ETH.takerBuyBaseAssetVolume_4,ETH.takerBuyBaseAssetVolume_3,ETH.takerBuyBaseAssetVolume_2,ETH.takerBuyBaseAssetVolume_1,ETH.takerBuyQuoteAssetVolume_5,ETH.takerBuyQuoteAssetVolume_4,ETH.takerBuyQuoteAssetVolume_3,ETH.takerBuyQuoteAssetVolume_2,ETH.takerBuyQuoteAssetVolume_1,ETH.return_5,ETH.return_4,ETH.return_3,ETH.return_2,ETH.return_1,ETH.close_5,ETH.close_4,ETH.close_3,ETH.close_2,ETH.close_1,ETH.close
2026-01-01T00:00:00,87369.56,87877,87952.71,87237.13,88485.5,87648.21,87984,88088.75,90406.08,89400,89200,88919.45,87253.05,87435,86806.5,86845.66,87250,87550.43,4469.55156,4446.29285,19894.98575,13105.91001,11558.62047,3.91274205274436E8,3.903272991502763E8,1.7620119930377953E9,1.1550164044786754E9,1.0197468352795268E9,957536,1241426,4793589,3542176,2897396,2065.72405,2230.75216,10079.10102,6561.56089,5432.03408,1.808604812392424E8,1.958421281874143E8,8.92298235375502E8,5.783033874025434E8,4.791049769645489E8,0.005808087,8.614312207483123E-4,-0.008135963,0.014309961824741375,-0.009462229,87877.01,87952.71,87237.13,88485.49,87648.22,1.8437,1.8734,1.8655,1.8508,1.8776,1.8424,1.8788,1.8796,1.918,1.8864,1.8839,1.8811,1.8417,1.8539,1.845,1.8439,1.8123,1.8261,3.12444713E7,2.65972383E7,7.02657085E7,4.83377356E7,5.83348938E7,5.787247163674E7,4.968312809448E7,1.3214910678247E8,9.028778752763E7,1.081186891138E8,254408,272306,713307,418695,440483,1.34267871E7,1.19303935E7,3.25492739E7,2.22833005E7,2.91775214E7,2.487194744292E7,2.228262700367E7,6.116295330353E7,4.163433059681E7,5.407498483962E7,0.016163150187123745,-0.004323459,-0.00782674,0.014480225,-0.018800597,1.8735,1.8654,1.8508,1.8776,1.8423,122.27,124.74,125.27,123.28,125.02,124.64,125.08,125.64,130.16,126.52,132.75,127.25,121.86,123.08,122.36,122.58,122.99,124.15,1357802.112,1828960.451,4307595.105,2480631.516,2941643.658,1.6742763564651E8,2.2704972092228E8,5.4372330450905E8,3.0873077748262E8,3.6849359469384E8,458614,519293,1525275,955705,966712,705415.06,1001153.634,2170738.716,1282143.241,1511491.268,8.693006387465E7,1.2425028318544E8,2.7397955100564E8,1.5951027029718E8,1.8964236875779E8,0.020202846392933082,0.004329351,-0.015885687,0.014033095392602238,-0.00287977,124.73,125.27,123.28,125.01,124.65,76.87,80.33,78.73,78.33,78.88,76.86,80.58,80.58,80.25,79.03,78.89,80.03,76.76,77.87,76.92,77.62,76.08,76.7,211258.146,219808.346,309985.174,238627.692,233120.006,1.653916637659E7,1.738710887098E7,2.433618254246E7,1.866618105467E7,1.808427019747E7,147647,144305,221638,160915,165163,107790.958,107349.162,159701.329,109738.146,119277.527,8441859.784,8488345.946,1.254180424963E7,8586141.454,9258018.011,0.045011057629764456,-0.019917839,-0.005207672,0.007277835,-0.025858791,80.33,78.73,78.32,78.89,76.85,2928,2949.05,2950.91,2937.91,2973.69,2971.65,2960.89,2961.23,3057.78,3009.8,3028.08,3010,2917.13,2924.54,2910.25,2919.44,2958.91,2971.15,95040.3956,128834.139,485959.1824,286583.2879,233729.5887,2.78706096334518E8,3.79078145432578E8,1.447180217933539E9,8.51498558489608E8,6.97600045700212E8,1004396,1484510,5162535,3959890,2935432,43285.9713,65373.9915,233555.1583,146128.2348,116217.5263,1.26936744905573E8,1.92352556018686E8,6.94845447761885E8,4.34231190136072E8,3.46891301180933E8,0.007192648,6.307115850866118E-4,-0.004408809,0.012182170938425394,-6.89E-04,2949.05,2950.91,2937.9,2973.69,2971.64,3004.19
2026-01-02T00:00:00,87877,87952.71,87237.13,88485.5,87648.21,88839.05,88088.75,90406.08,89400,89200,88919.45,90961.81,87435,86806.5,86845.66,87250,87550.43,88379.88,4446.29285,19894.98575,13105.91001,11558.62047,6279.57133,3.903272991502763E8,1.7620119930377953E9,1.1550164044786754E9,1.0197468352795268E9,5.529916352911001E8,1241426,4793589,3542176,2897396,1449281,2230.75216,10079.10102,6561.56089,5432.03408,3123.64536,1.958421281874143E8,8.92298235375502E8,5.783033874025434E8,4.791049769645489E8,2.750900772883817E8,8.614312207483123E-4,-0.008135963,0.014309961824741375,-0.009462229,0.013586357,87952.71,87237.13,88485.49,87648.22,88839.04,1.8734,1.8655,1.8508,1.8776,1.8424,1.8799,1.8796,1.918,1.8864,1.8839,1.8811,2.0315,1.8539,1.845,1.8439,1.8123,1.8261,1.8689,2.65972383E7,7.02657085E7,4.83377356E7,5.83348938E7,4.10825891E7,4.968312809448E7,1.3214910678247E8,9.028778752763E7,1.081186891138E8,7.62139648482E7,272306,713307,418695,440483,299761,1.19303935E7,3.25492739E7,2.22833005E7,2.91775214E7,2.0405073E7,2.228262700367E7,6.116295330353E7,4.163433059681E7,5.407498483962E7,3.785946444496E7,-0.004323459,-0.00782674,0.014480225,-0.018800597,0.020409271019920672,1.8654,1.8508,1.8776,1.8423,1.8799,124.74,125.27,123.28,125.02,124.64,126.91,125.64,130.16,126.52,132.75,127.25,133.25,123.08,122.36,122.58,122.99,124.15,125.84,1828960.451,4307595.105,2480631.516,2941643.658,1733664.978,2.2704972092228E8,5.4372330450905E8,3.0873077748262E8,3.6849359469384E8,2.1706894815615E8,519293,1525275,955705,966712,515257,1001153.634,2170738.716,1282143.241,1511491.268,852972.092,1.2425028318544E8,2.7397955100564E8,1.5951027029718E8,1.8964236875779E8,1.0676228653978E8,0.004329351,-0.015885687,0.014033095392602238,-0.00287977,0.018050541516245487,125.27,123.28,125.01,124.65,126.9,80.33,78.73,78.33,78.88,76.86,79.97,80.58,80.25,79.03,78.89,80.03,82.25,77.87,76.92,77.62,76.08,76.7,79.04,219808.346,309985.174,238627.692,233120.006,194402.742,1.738710887098E7,2.433618254246E7,1.866618105467E7,1.808427019747E7,1.524632131297E7,144305,221638,160915,165163,140629,107349.162,159701.329,109738.146,119277.527,102285.941,8488345.946,1.254180424963E7,8586141.454,9258018.011,8023819.937,-0.019917839,-0.005207672,0.007277835,-0.025858791,0.040598569,78.73,78.32,78.89,76.85,79.97,2949.05,2950.91,2937.91,2973.69,2971.65,3004.19,2961.23,3057.78,3009.8,3028.08,3010,3150.01,2924.54,2910.25,2919.44,2958.91,2971.15,2992.49,128834.139,485959.1824,286583.2879,233729.5887,136088.5207,3.79078145432578E8,1.447180217933539E9,8.51498558489608E8,6.97600045700212E8,4.06547667098154E8,1484510,5162535,3959890,2935432,1338212,65373.9915,233555.1583,146128.2348,116217.5263,66477.086,1.92352556018686E8,6.94845447761885E8,4.34231190136072E8,3.46891301180933E8,1.98558579194668E8,6.307115850866118E-4,-0.004408809,0.012182170938425394,-6.89E-04,0.010953547536040767,2950.91,2937.9,2973.69,2971.64,3004.19,3125.45
2026-01-03T00:00:00,87952.71,87237.13,88485.5,87648.21,88839.05,89995.14,90406.08,89400,89200,88919.45,90961.81,90741.16,86806.5,86845.66,87250,87550.43,88379.88,89314.01,19894.98575,13105.91001,11558.62047,6279.57133,17396.97301,1.7620119930377953E9,1.1550164044786754E9,1.0197468352795268E9,5.529916352911001E8,1.5589588608870876E9,4793589,3542176,2897396,1449281,5010211,10079.10102,6561.56089,5432.03408,3123.64536,8929.35447,8.92298235375502E8,5.783033874025434E8,4.791049769645489E8,2.750900772883817E8,8.003802739640186E8,-0.008135963,0.014309961824741375,-0.009462229,0.013586357,0.01301331,87237.13,88485.49,87648.22,88839.04,89995.13,1.8655,1.8508,1.8776,1.8424,1.8799,2.0068,1.918,1.8864,1.8839,1.8811,2.0315,2.0561,1.845,1.8439,1.8123,1.8261,1.8689,1.9844,7.02657085E7,4.83377356E7,5.83348938E7,4.10825891E7,1.273479072E8,1.3214910678247E8,9.028778752763E7,1.081186891138E8,7.62139648482E7,2.4773447267035E8,713307,418695,440483,299761,1017519,3.25492739E7,2.22833005E7,2.91775214E7,2.0405073E7,5.76478506E7,6.116295330353E7,4.163433059681E7,5.407498483962E7,3.785946444496E7,1.1207842053494E8,-0.00782674,0.014480225,-0.018800597,0.020409271019920672,0.067556785,1.8508,1.8776,1.8423,1.8799,2.0069,125.27,123.28,125.02,124.64,126.91,132.28,130.16,126.52,132.75,127.25,133.25,133.99,122.36,122.58,122.99,124.15,125.84,129.6,4307595.105,2480631.516,2941643.658,1733664.978,2924227.372,5.4372330450905E8,3.0873077748262E8,3.6849359469384E8,2.1706894815615E8,3.7821318758117E8,1525275,955705,966712,515257,1348954,2170738.716,1282143.241,1511491.268,852972.092,1522741.331,2.7397955100564E8,1.5951027029718E8,1.8964236875779E8,1.0676228653978E8,1.9701125476109E8,-0.015885687,0.014033095392602238,-0.00287977,0.018050541516245487,0.042474389,123.28,125.01,124.65,126.9,132.29,78.73,78.33,78.88,76.86,79.97,81.94,80.25,79.03,78.89,80.03,82.25,82.82,76.92,77.62,76.08,76.7,79.04,80.77,309985.174,238627.692,233120.006,194402.742,285255.308,2.433618254246E7,1.866618105467E7,1.808427019747E7,1.524632131297E7,2.294033691614E7,221638,160915,165163,140629,228137,159701.329,109738.146,119277.527,102285.941,142079.285,1.254180424963E7,8586141.454,9258018.011,8023819.937,1.142660350296E7,-0.005207672,0.007277835,-0.025858791,0.040598569,0.024509190946605076,78.32,78.89,76.85,79.97,81.93,2950.91,2937.91,2973.69,2971.65,3004.19,3125.46,3057.78,3009.8,3028.08,3010,3150.01,3136.71,2910.25,2919.44,2958.91,2971.15,2992.49,3076,485959.1824,286583.2879,233729.5887,136088.5207,369891.2449,1.447180217933539E9,8.51498558489608E8,6.97600045700212E8,4.06547667098154E8,1.137619077204739E9,5162535,3959890,2935432,1338212,5276480,233555.1583,146128.2348,116217.5263,66477.086,195057.0391,6.94845447761885E8,4.34231190136072E8,3.46891301180933E8,1.98558579194668E8,5.99510476371968E8,-0.004408809,0.012182170938425394,-6.89E-04,0.010953547536040767,0.040363625,2937.9,2973.69,2971.64,3004.19,3125.45,3127.11
2026-01-04T00:00:00,87237.13,88485.5,87648.21,88839.05,89995.14,90628.01,89400,89200,88919.45,90961.81,90741.16,91810,86845.66,87250,87550.43,88379.88,89314.01,90628,13105.91001,11558.62047,6279.57133,17396.97301,7057.46716,1.1550164044786754E9,1.0197468352795268E9,5.529916352911001E8,1.5589588608870876E9,6.355147736093655E8,3542176,2897396,1449281,5010211,1684214,6561.56089,5432.03408,3123.64536,8929.35447,3791.72083,5.783033874025434E8,4.791049769645489E8,2.750900772883817E8,8.003802739640186E8,3.414795533015828E8,0.014309961824741375,-0.009462229,0.013586357,0.01301331,0.007032381,88485.49,87648.22,88839.04,89995.13,90628.01,1.8508,1.8776,1.8424,1.8799,2.0068,2.0182,1.8864,1.8839,1.8811,2.0315,2.0561,2.1204,1.8439,1.8123,1.8261,1.8689,1.9844,2.0163,4.83377356E7,5.83348938E7,4.10825891E7,1.273479072E8,7.43865221E7,9.028778752763E7,1.081186891138E8,7.62139648482E7,2.4773447267035E8,1.5007764184672E8,418695,440483,299761,1017519,656247,2.22833005E7,2.91775214E7,2.0405073E7,5.76478506E7,3.44027435E7,4.163433059681E7,5.407498483962E7,3.785946444496E7,1.1207842053494E8,6.937111938399E7,0.014480225,-0.018800597,0.020409271019920672,0.067556785,0.005630575,1.8776,1.8423,1.8799,2.0069,2.0182,123.28,125.02,124.64,126.91,132.28,133.37,126.52,132.75,127.25,133.25,133.99,135.54,122.58,122.99,124.15,125.84,129.6,133.12,2480631.516,2941643.658,1733664.978,2924227.372,1520623.499,3.0873077748262E8,3.6849359469384E8,2.1706894815615E8,3.7821318758117E8,2.0029592155764E8,955705,966712,515257,1348954,637040,1282143.241,1511491.268,852972.092,1522741.331,750641.795,1.5951027029718E8,1.8964236875779E8,1.0676228653978E8,1.9701125476109E8,9.888545669177E7,0.014033095392602238,-0.00287977,0.018050541516245487,0.042474389,0.008163882,125.01,124.65,126.9,132.29,133.37,78.33,78.88,76.86,79.97,81.94,82.09,79.03,78.89,80.03,82.25,82.82,83.17,77.62,76.08,76.7,79.04,80.77,81.65,238627.692,233120.006,194402.742,285255.308,249457.667,1.866618105467E7,1.808427019747E7,1.524632131297E7,2.294033691614E7,2.042319693075E7,160915,165163,140629,228137,188669,109738.146,119277.527,102285.941,142079.285,120857.422,8586141.454,9258018.011,8023819.937,1.142660350296E7,9901753.379,0.007277835,-0.025858791,0.040598569,0.024509190946605076,0.001830831,78.89,76.85,79.97,81.93,82.08,2937.91,2973.69,2971.65,3004.19,3125.46,3127.11,3009.8,3028.08,3010,3150.01,3136.71,3167.22,2919.44,2958.91,2971.15,2992.49,3076,3118.75,286583.2879,233729.5887,136088.5207,369891.2449,134405.2258,8.51498558489608E8,6.97600045700212E8,4.06547667098154E8,1.137619077204739E9,4.17746796512137E8,3959890,2935432,1338212,5276480,1823251,146128.2348,116217.5263,66477.086,195057.0391,66789.8067,4.34231190136072E8,3.46891301180933E8,1.98558579194668E8,5.99510476371968E8,2.07586674464872E8,0.012182170938425394,-6.89E-04,0.010953547536040767,0.040363625,5.311235182134762E-4,2973.69,2971.64,3004.19,3125.45,3127.11,3144.7
2026-01-05T00:00:00,88485.5,87648.21,88839.05,89995.14,90628.01,91529.74,89200,88919.45,90961.81,90741.16,91810,94789.08,87250,87550.43,88379.88,89314.01,90628,91514.81,11558.62047,6279.57133,17396.97301,7057.46716,10426.5297,1.0197468352795268E9,5.529916352911001E8,1.5589588608870876E9,6.355147736093655E8,9.521609805212084E8,2897396,1449281,5010211,1684214,2207037,5432.03408,3123.64536,8929.35447,3791.72083,5320.99389,4.791049769645489E8,2.750900772883817E8,8.003802739640186E8,3.414795533015828E8,4.859186715920199E8,-0.009462229,0.013586357,0.01301331,0.007032381,0.009949683,87648.22,88839.04,89995.13,90628.01,91529.73,1.8776,1.8424,1.8799,2.0068,2.0182,2.0908,1.8839,1.8811,2.0315,2.0561,2.1204,2.3695,1.8123,1.8261,1.8689,1.9844,2.0163,2.0877,5.83348938E7,4.10825891E7,1.273479072E8,7.43865221E7,1.137570863E8,1.081186891138E8,7.62139648482E7,2.4773447267035E8,1.5007764184672E8,2.3592340178094E8,440483,299761,1017519,656247,980782,2.91775214E7,2.0405073E7,5.76478506E7,3.44027435E7,5.63252857E7,5.407498483962E7,3.785946444496E7,1.1207842053494E8,6.937111938399E7,1.1682752079926E8,-0.018800597,0.020409271019920672,0.067556785,0.005630575,0.036022198,1.8423,1.8799,2.0069,2.0182,2.0909,125.02,124.64,126.91,132.28,133.37,134.12,132.75,127.25,133.25,133.99,135.54,139.87,122.99,124.15,125.84,129.6,133.12,133.18,2941643.658,1733664.978,2924227.372,1520623.499,1809269.113,3.6849359469384E8,2.1706894815615E8,3.7821318758117E8,2.0029592155764E8,2.4298516955108E8,966712,515257,1348954,637040,892859,1511491.268,852972.092,1522741.331,750641.795,891018.315,1.8964236875779E8,1.0676228653978E8,1.9701125476109E8,9.888545669177E7,1.1967826992305E8,-0.00287977,0.018050541516245487,0.042474389,0.008163882,0.005623454,124.65,126.9,132.29,133.37,134.12,78.88,76.86,79.97,81.94,82.09,82.26,78.89,80.03,82.25,82.82,83.17,84.57,76.08,76.7,79.04,80.77,81.65,81.44,233120.006,194402.742,285255.308,249457.667,254059.572,1.808427019747E7,1.524632131297E7,2.294033691614E7,2.042319693075E7,2.094262934106E7,165163,140629,228137,188669,198257,119277.527,102285.941,142079.285,120857.422,120576.145,9258018.011,8023819.937,1.142660350296E7,9901753.379,9941344.782,-0.025858791,0.040598569,0.024509190946605076,0.001830831,0.002192982,76.85,79.97,81.93,82.08,82.26,2973.69,2971.65,3004.19,3125.46,3127.11,3144.71,3028.08,3010,3150.01,3136.71,3167.22,3265.66,2958.91,2971.15,2992.49,3076,3118.75,3135.02,233729.5887,136088.5207,369891.2449,134405.2258,181576.0686,6.97600045700212E8,4.06547667098154E8,1.137619077204739E9,4.17746796512137E8,5.70517585648554E8,2935432,1338212,5276480,1823251,2261499,116217.5263,66477.086,195057.0391,66789.8067,94783.8698,3.46891301180933E8,1.98558579194668E8,5.99510476371968E8,2.07586674464872E8,2.97836974892677E8,-6.89E-04,0.010953547536040767,0.040363625,5.311235182134762E-4,0.005625002,2971.64,3004.19,3125.45,3127.11,3144.7,3224.99
2026-01-06T00:00:00,87648.21,88839.05,89995.14,90628.01,91529.74,93859.71,88919.45,90961.81,90741.16,91810,94789.08,94444.44,87550.43,88379.88,89314.01,90628,91514.81,91262.94,6279.57133,17396.97301,7057.46716,10426.5297,20673.59584,5.529916352911001E8,1.5589588608870876E9,6.355147736093655E8,9.521609805212084E8,1.927455243548076E9,1449281,5010211,1684214,2207037,5485489,3123.64536,8929.35447,3791.72083,5320.99389,10892.9695,2.750900772883817E8,8.003802739640186E8,3.414795533015828E8,4.859186715920199E8,1.0158587519317029E9,0.013586357,0.01301331,0.007032381,0.009949683,0.025455991184503774,88839.04,89995.13,90628.01,91529.73,93859.71,1.8424,1.8799,2.0068,2.0182,2.0908,2.3479,1.8811,2.0315,2.0561,2.1204,2.3695,2.4172,1.8261,1.8689,1.9844,2.0163,2.0877,2.2046,4.10825891E7,1.273479072E8,7.43865221E7,1.137570863E8,2.103180253E8,7.62139648482E7,2.4773447267035E8,1.5007764184672E8,2.3592340178094E8,4.6770799715885E8,299761,1017519,656247,980782,1982421,2.0405073E7,5.76478506E7,3.44027435E7,5.63252857E7,1.029855705E8,3.785946444496E7,1.1207842053494E8,6.937111938399E7,1.1682752079926E8,2.2898249606502E8,0.020409271019920672,0.067556785,0.005630575,0.036022198,0.12286575159022427,1.8799,2.0069,2.0182,2.0909,2.3478,124.64,126.91,132.28,133.37,134.12,137.91,127.25,133.25,133.99,135.54,139.87,143.48,124.15,125.84,129.6,133.12,133.18,136.19,1733664.978,2924227.372,1520623.499,1809269.113,3327567.484,2.1706894815615E8,3.7821318758117E8,2.0029592155764E8,2.4298516955108E8,4.5291108426412E8,515257,1348954,637040,892859,1633145,852972.092,1522741.331,750641.795,891018.315,1712601.556,1.0676228653978E8,1.9701125476109E8,9.888545669177E7,1.1967826992305E8,2.331868655719E8,0.018050541516245487,0.042474389,0.008163882,0.005623454,0.028183716075156583,126.9,132.29,133.37,134.12,137.9,76.86,79.97,81.94,82.09,82.26,83.46,80.03,82.25,82.82,83.17,84.57,84.89,76.7,79.04,80.77,81.65,81.44,81.16,194402.742,285255.308,249457.667,254059.572,427913.448,1.524632131297E7,2.294033691614E7,2.042319693075E7,2.094262934106E7,3.54281841277E7,140629,228137,188669,198257,292614,102285.941,142079.285,120857.422,120576.145,227631.212,8023819.937,1.142660350296E7,9901753.379,9941344.782,1.885171817835E7,0.040598569,0.024509190946605076,0.001830831,0.002192982,0.014587892049598693,79.97,81.93,82.08,82.26,83.46,2971.65,3004.19,3125.46,3127.11,3144.71,3224.99,3010,3150.01,3136.71,3167.22,3265.66,3308.86,2971.15,2992.49,3076,3118.75,3135.02,3183.27,136088.5207,369891.2449,134405.2258,181576.0686,382446.6618,4.06547667098154E8,1.137619077204739E9,4.17746796512137E8,5.70517585648554E8,1.219648843481487E9,1338212,5276480,1823251,2261499,5401982,66477.086,195057.0391,66789.8067,94783.8698,188956.4336,1.98558579194668E8,5.99510476371968E8,2.07586674464872E8,2.97836974892677E8,6.02755810620799E8,0.010953547536040767,0.040363625,5.311235182134762E-4,0.005625002,0.025531847,3004.19,3125.45,3127.11,3144.7,3224.99,3296.84
2026-01-07T00:00:00,88839.05,89995.14,90628.01,91529.74,93859.71,93747.97,90961.81,90741.16,91810,94789.08,94444.44,93747.97,88379.88,89314.01,90628,91514.81,91262.94,90675.52,17396.97301,7057.46716,10426.5297,20673.59584,18546.41829,1.5589588608870876E9,6.355147736093655E8,9.521609805212084E8,1.927455243548076E9,1.728045542298375E9,5010211,1684214,2207037,5485489,5018686,8929.35447,3791.72083,5320.99389,10892.9695,8108.82157,8.003802739640186E8,3.414795533015828E8,4.859186715920199E8,1.0158587519317029E9,7.559981933969632E8,0.01301331,0.007032381,0.009949683,0.025455991184503774,-0.0011905,89995.13,90628.01,91529.73,93859.71,93747.97,1.8799,2.0068,2.0182,2.0908,2.3479,2.3042,2.0315,2.0561,2.1204,2.3695,2.4172,2.3205,1.8689,1.9844,2.0163,2.0877,2.2046,2.1517,1.273479072E8,7.43865221E7,1.137570863E8,2.103180253E8,2.703721081E8,2.4773447267035E8,1.5007764184672E8,2.3592340178094E8,4.6770799715885E8,6.2915417010637E8,1017519,656247,980782,1982421,2585653,5.76478506E7,3.44027435E7,5.63252857E7,1.029855705E8,1.311875857E8,1.1207842053494E8,6.937111938399E7,1.1682752079926E8,2.2898249606502E8,3.0510704568603E8,0.067556785,0.005630575,0.036022198,0.12286575159022427,-0.018570577,2.0069,2.0182,2.0909,2.3478,2.3042,126.91,132.28,133.37,134.12,137.91,141.08,133.25,133.99,135.54,139.87,143.48,141.4,125.84,129.6,133.12,133.18,136.19,134.41,2924227.372,1520623.499,1809269.113,3327567.484,3771795.117,3.7821318758117E8,2.0029592155764E8,2.4298516955108E8,4.5291108426412E8,5.264912319802E8,1348954,637040,892859,1633145,1877400,1522741.331,750641.795,891018.315,1712601.556,1879675.868,1.9701125476109E8,9.888545669177E7,1.1967826992305E8,2.331868655719E8,2.6246313966856E8,0.042474389,0.008163882,0.005623454,0.028183716075156583,0.023060188542422092,132.29,133.37,134.12,137.9,141.08,79.97,81.94,82.09,82.26,83.46,83.95,82.25,82.82,83.17,84.57,84.89,83.97,79.04,80.77,81.65,81.44,81.16,81,285255.308,249457.667,254059.572,427913.448,356122.443,2.294033691614E7,2.042319693075E7,2.094262934106E7,3.54281841277E7,2.971456625205E7,228137,188669,198257,292614,267979,142079.285,120857.422,120576.145,227631.212,186215.642,1.142660350296E7,9901753.379,9941344.782,1.885171817835E7,1.555233141801E7,0.024509190946605076,0.001830831,0.002192982,0.014587892049598693,0.005990894,81.93,82.08,82.26,83.46,83.96,3004.19,3125.46,3127.11,3144.71,3224.99,3296.83,3150.01,3136.71,3167.22,3265.66,3308.86,3296.84,2992.49,3076,3118.75,3135.02,3183.27,3125.42,369891.2449,134405.2258,181576.0686,382446.6618,412503.5066,1.137619077204739E9,4.17746796512137E8,5.70517585648554E8,1.219648843481487E9,1.340863819954255E9,5276480,1823251,2261499,5401982,5310071,195057.0391,66789.8067,94783.8698,188956.4336,204316.7995,5.99510476371968E8,2.07586674464872E8,2.97836974892677E8,6.02755810620799E8,6.64312441651169E8,0.040363625,5.311235182134762E-4,0.005625002,0.025531847,0.022279139,3125.45,3127.11,3144.7,3224.99,3296.84,3168.72
2026-01-08T00:00:00,89995.14,90628.01,91529.74,93859.71,93747.97,91364.16,90741.16,91810,94789.08,94444.44,93747.97,91687.99,89314.01,90628,91514.81,91262.94,90675.52,89311,7057.46716,10426.5297,20673.59584,18546.41829,14276.49025,6.355147736093655E8,9.521609805212084E8,1.927455243548076E9,1.728045542298375E9,1.3119069529749737E9,1684214,2207037,5485489,5018686,4340252,3791.72083,5320.99389,10892.9695,8108.82157,6714.86954,3.414795533015828E8,4.859186715920199E8,1.0158587519317029E9,7.559981933969632E8,6.168894661481977E8,0.007032381,0.009949683,0.025455991184503774,-0.0011905,-0.025427857,90628.01,91529.73,93859.71,93747.97,91364.16,2.0068,2.0182,2.0908,2.3479,2.3042,2.1658,2.0561,2.1204,2.3695,2.4172,2.3205,2.1925,1.9844,2.0163,2.0877,2.2046,2.1517,2.0649,7.43865221E7,1.137570863E8,2.103180253E8,2.703721081E8,1.156032777E8,1.5007764184672E8,2.3592340178094E8,4.6770799715885E8,6.2915417010637E8,2.576268866184E8,656247,980782,1982421,2585653,1456273,3.44027435E7,5.63252857E7,1.029855705E8,1.311875857E8,5.54927341E7,6.937111938399E7,1.1682752079926E8,2.2898249606502E8,3.0510704568603E8,1.23612092295E8,0.005630575,0.036022198,0.12286575159022427,-0.018570577,-0.06010763,2.0182,2.0909,2.3478,2.3042,2.1657,132.28,133.37,134.12,137.91,141.08,136.39,133.99,135.54,139.87,143.48,141.4,140.07,129.6,133.12,133.18,136.19,134.41,132.67,1520623.499,1809269.113,3327567.484,3771795.117,2321642.178,2.0029592155764E8,2.4298516955108E8,4.5291108426412E8,5.264912319802E8,3.1914044980578E8,637040,892859,1633145,1877400,1424664,750641.795,891018.315,1712601.556,1879675.868,1134923.82,9.888545669177E7,1.1967826992305E8,2.331868655719E8,2.6246313966856E8,1.5599477950557E8,0.008163882,0.005623454,0.028183716075156583,0.023060188542422092,-0.03324355,133.37,134.12,137.9,141.08,136.39,81.94,82.09,82.26,83.46,83.95,81.71,82.82,83.17,84.57,84.89,83.97,82.3,80.77,81.65,81.44,81.16,81,80,249457.667,254059.572,427913.448,356122.443,276546.003,2.042319693075E7,2.094262934106E7,3.54281841277E7,2.971456625205E7,2.276467176159E7,188669,198257,292614,267979,215839,120857.422,120576.145,227631.212,186215.642,138647.052,9901753.379,9941344.782,1.885171817835E7,1.555233141801E7,1.141797252911E7,0.001830831,0.002192982,0.014587892049598693,0.005990894,-0.026798475,82.08,82.26,83.46,83.96,81.71,3125.46,3127.11,3144.71,3224.99,3296.83,3168.72,3136.71,3167.22,3265.66,3308.86,3296.84,3184.39,3076,3118.75,3135.02,3183.27,3125.42,3054.65,134405.2258,181576.0686,382446.6618,412503.5066,321350.1225,4.17746796512137E8,5.70517585648554E8,1.219648843481487E9,1.340863819954255E9,1.027448724687839E9,1823251,2261499,5401982,5310071,4839276,66789.8067,94783.8698,188956.4336,204316.7995,154644.9184,2.07586674464872E8,2.97836974892677E8,6.02755810620799E8,6.64312441651169E8,4.94179925689907E8,5.311235182134762E-4,0.005625002,0.025531847,0.022279139,-0.038861455,3127.11,3144.7,3224.99,3296.84,3168.72,3106.65
2026-01-09T00:00:00,90628.01,91529.74,93859.71,93747.97,91364.16,91100,91810,94789.08,94444.44,93747.97,91687.99,92082.55,90628,91514.81,91262.94,90675.52,89311,89694.66,10426.5297,20673.59584,18546.41829,14276.49025,16132.79117,9.521609805212084E8,1.927455243548076E9,1.728045542298375E9,1.3119069529749737E9,1.4606225012073882E9,2207037,5485489,5018686,4340252,4923472,5320.99389,10892.9695,8108.82157,6714.86954,8192.07574,4.859186715920199E8,1.0158587519317029E9,7.559981933969632E8,6.168894661481977E8,7.417686769751914E8,0.009949683,0.025455991184503774,-0.0011905,-0.025427857,-0.002891396,91529.73,93859.71,93747.97,91364.16,91099.99,2.0182,2.0908,2.3479,2.3042,2.1658,2.1232,2.1204,2.3695,2.4172,2.3205,2.1925,2.1622,2.0163,2.0877,2.2046,2.1517,2.0649,2.0727,1.137570863E8,2.103180253E8,2.703721081E8,1.156032777E8,1.565360805E8,2.3592340178094E8,4.6770799715885E8,6.2915417010637E8,2.576268866184E8,3.3190887948803E8,980782,1982421,2585653,1456273,1614939,5.63252857E7,1.029855705E8,1.311875857E8,5.54927341E7,7.39523255E7,1.1682752079926E8,2.2898249606502E8,3.0510704568603E8,1.23612092295E8,1.5705196518221E8,0.036022198,0.12286575159022427,-0.018570577,-0.06010763,-0.01962414,2.0909,2.3478,2.3042,2.1657,2.1232,133.37,134.12,137.91,141.08,136.39,138.37,135.54,139.87,143.48,141.4,140.07,141.17,133.12,133.18,136.19,134.41,132.67,134.98,1809269.113,3327567.484,3771795.117,2321642.178,3113437.835,2.4298516955108E8,4.5291108426412E8,5.264912319802E8,3.1914044980578E8,4.2521187306351E8,892859,1633145,1877400,1424664,1555663,891018.315,1712601.556,1879675.868,1134923.82,1570298.608,1.1967826992305E8,2.331868655719E8,2.6246313966856E8,1.5599477950557E8,2.1466699943402E8,0.005623454,0.028183716075156583,0.023060188542422092,-0.03324355,0.014517193342620562,134.12,137.9,141.08,136.39,138.37,82.09,82.26,83.46,83.95,81.71,81.31,83.17,84.57,84.89,83.97,82.3,82.12,81.65,81.44,81.16,81,80,79.91,254059.572,427913.448,356122.443,276546.003,252290.561,2.094262934106E7,3.54281841277E7,2.971456625205E7,2.276467176159E7,2.045915881014E7,198257,292614,267979,215839,201660,120576.145,227631.212,186215.642,138647.052,134595.953,9941344.782,1.885171817835E7,1.555233141801E7,1.141797252911E7,1.091608628297E7,0.002192982,0.014587892049598693,0.005990894,-0.026798475,-0.004895362,82.26,83.46,83.96,81.71,81.31,3127.11,3144.71,3224.99,3296.83,3168.72,3106.66,3167.22,3265.66,3308.86,3296.84,3184.39,3148.41,3118.75,3135.02,3183.27,3125.42,3054.65,3058.69,181576.0686,382446.6618,412503.5066,321350.1225,343616.1005,5.70517585648554E8,1.219648843481487E9,1.340863819954255E9,1.027448724687839E9,1.069846020042703E9,2261499,5401982,5310071,4839276,4982423,94783.8698,188956.4336,204316.7995,154644.9184,167834.9366,2.97836974892677E8,6.02755810620799E8,6.64312441651169E8,4.94179925689907E8,5.2245048402997E8,0.005625002,0.025531847,0.022279139,-0.038861455,-0.019588351,3144.7,3224.99,3296.84,3168.72,3106.65,3088.4
2026-01-10T00:00:00,91529.74,93859.71,93747.97,91364.16,91100,90641.27,94789.08,94444.44,93747.97,91687.99,92082.55,90832,91514.81,91262.94,90675.52,89311,89694.66,90404,20673.59584,18546.41829,14276.49025,16132.79117,15590.27939,1.927455243548076E9,1.728045542298375E9,1.3119069529749737E9,1.4606225012073882E9,1.4169071801870482E9,5485489,5018686,4340252,4923472,4155703,10892.9695,8108.82157,6714.86954,8192.07574,8512.4327,1.0158587519317029E9,7.559981933969632E8,6.168894661481977E8,7.417686769751914E8,7.739997392375336E8,0.025455991184503774,-0.0011905,-0.025427857,-0.002891396,-0.005035237,93859.71,93747.97,91364.16,91099.99,90641.28,2.0908,2.3479,2.3042,2.1658,2.1232,2.0958,2.3695,2.4172,2.3205,2.1925,2.1622,2.1106,2.0877,2.2046,2.1517,2.0649,2.0727,2.0806,2.103180253E8,2.703721081E8,1.156032777E8,1.565360805E8,1.17777092E8,4.6770799715885E8,6.2915417010637E8,2.576268866184E8,3.3190887948803E8,2.4879567465699E8,1982421,2585653,1456273,1614939,1257235,1.029855705E8,1.311875857E8,5.54927341E7,7.39523255E7,6.28194228E7,2.2898249606502E8,3.0510704568603E8,1.23612092295E8,1.5705196518221E8,1.3273346814568E8,0.12286575159022427,-0.018570577,-0.06010763,-0.01962414,-0.012905049,2.3478,2.3042,2.1657,2.1232,2.0958,134.12,137.91,141.08,136.39,138.37,135.96,139.87,143.48,141.4,140.07,141.17,137.05,133.18,136.19,134.41,132.67,134.98,135.37,3327567.484,3771795.117,2321642.178,3113437.835,3778547.996,4.5291108426412E8,5.264912319802E8,3.1914044980578E8,4.2521187306351E8,5.2267016273951E8,1633145,1877400,1424664,1555663,1559427,1712601.556,1879675.868,1134923.82,1570298.608,1915953.782,2.331868655719E8,2.6246313966856E8,1.5599477950557E8,2.1466699943402E8,2.6515536455501E8,0.028183716075156583,0.023060188542422092,-0.03324355,0.014517193342620562,-0.0173448,137.9,141.08,136.39,138.37,135.97,82.26,83.46,83.95,81.71,81.31,81.48,84.57,84.89,83.97,82.3,82.12,82.42,81.44,81.16,81,80,79.91,80.8,427913.448,356122.443,276546.003,252290.561,251572.162,3.54281841277E7,2.971456625205E7,2.276467176159E7,2.045915881014E7,2.042625169079E7,292614,267979,215839,201660,212437,227631.212,186215.642,138647.052,134595.953,122840.378,1.885171817835E7,1.555233141801E7,1.141797252911E7,1.091608628297E7,9977726.248,0.014587892049598693,0.005990894,-0.026798475,-0.004895362,0.00221375,83.46,83.96,81.71,81.31,81.49,3144.71,3224.99,3296.83,3168.72,3106.66,3088.4,3265.66,3308.86,3296.84,3184.39,3148.41,3104.12,3135.02,3183.27,3125.42,3054.65,3058.69,3077.99,382446.6618,412503.5066,321350.1225,343616.1005,274587.4533,1.219648843481487E9,1.340863819954255E9,1.027448724687839E9,1.069846020042703E9,8.51846982925553E8,5401982,5310071,4839276,4982423,4182570,188956.4336,204316.7995,154644.9184,167834.9366,137269.6714,6.02755810620799E8,6.64312441651169E8,4.94179925689907E8,5.2245048402997E8,4.2601119868438E8,0.025531847,0.022279139,-0.038861455,-0.019588351,-0.005874495,3224.99,3296.84,3168.72,3106.65,3088.4,3086.72
2026-01-11T00:00:00,93859.71,93747.97,91364.16,91100,90641.27,90504.7,94444.44,93747.97,91687.99,92082.55,90832,91283.89,91262.94,90675.52,89311,89694.66,90404,90236,18546.41829,14276.49025,16132.79117,15590.27939,3104.11722,1.728045542298375E9,1.3119069529749737E9,1.4606225012073882E9,1.4169071801870482E9,2.813213754802981E8,5018686,4340252,4923472,4155703,766357,8108.82157,6714.86954,8192.07574,8512.4327,1551.97383,7.559981933969632E8,6.168894661481977E8,7.417686769751914E8,7.739997392375336E8,1.406647594095869E8,-0.0011905,-0.025427857,-0.002891396,-0.005035237,-0.001506819,93747.97,91364.16,91099.99,90641.28,90504.7,2.3479,2.3042,2.1658,2.1232,2.0958,2.0907,2.4172,2.3205,2.1925,2.1622,2.1106,2.11,2.2046,2.1517,2.0649,2.0727,2.0806,2.045,2.703721081E8,1.156032777E8,1.565360805E8,1.17777092E8,3.15899813E7,6.2915417010637E8,2.576268866184E8,3.3190887948803E8,2.4879567465699E8,6.61599548428E7,2585653,1456273,1614939,1257235,342381,1.311875857E8,5.54927341E7,7.39523255E7,6.28194228E7,1.64267838E7,3.0510704568603E8,1.23612092295E8,1.5705196518221E8,1.3273346814568E8,3.440532603078E7,-0.018570577,-0.06010763,-0.01962414,-0.012905049,-0.002433438,2.3042,2.1657,2.1232,2.0958,2.0907,137.91,141.08,136.39,138.37,135.96,135.85,143.48,141.4,140.07,141.17,137.05,141.6,136.19,134.41,132.67,134.98,135.37,135.75,3771795.117,2321642.178,3113437.835,3778547.996,1000837.004,5.264912319802E8,3.1914044980578E8,4.2521187306351E8,5.2267016273951E8,1.3634633079801E8,1877400,1424664,1555663,1559427,419628,1879675.868,1134923.82,1570298.608,1915953.782,495750.86,2.6246313966856E8,1.5599477950557E8,2.1466699943402E8,2.6515536455501E8,6.755549287677E7,0.023060188542422092,-0.03324355,0.014517193342620562,-0.0173448,-9.56E-04,141.08,136.39,138.37,135.97,135.84,83.46,83.95,81.71,81.31,81.48,81.19,84.89,83.97,82.3,82.12,82.42,81.78,81.16,81,80,79.91,80.8,78.53,356122.443,276546.003,252290.561,251572.162,149346.699,2.971456625205E7,2.276467176159E7,2.045915881014E7,2.042625169079E7,1.217168464394E7,267979,215839,201660,212437,114583,186215.642,138647.052,134595.953,122840.378,75483.876,1.555233141801E7,1.141797252911E7,1.091608628297E7,9977726.248,6151851.54,0.005990894,-0.026798475,-0.004895362,0.00221375,-0.003681433,83.96,81.71,81.31,81.49,81.19,3224.99,3296.83,3168.72,3106.66,3088.4,3086.72,3308.86,3296.84,3184.39,3148.41,3104.12,3147.27,3183.27,3125.42,3054.65,3058.69,3077.99,3084.46,412503.5066,321350.1225,343616.1005,274587.4533,82341.0546,1.340863819954255E9,1.027448724687839E9,1.069846020042703E9,8.51846982925553E8,2.54495724002643E8,5310071,4839276,4982423,4182570,881069,204316.7995,154644.9184,167834.9366,137269.6714,44689.1628,6.64312441651169E8,4.94179925689907E8,5.2245048402997E8,4.2601119868438E8,1.38130908825049E8,0.022279139,-0.038861455,-0.019588351,-0.005874495,-5.44E-04,3296.84,3168.72,3106.65,3088.4,3086.72,3123.45
2026-01-12T00:00:00,93747.97,91364.16,91100,90641.27,90504.7,91013.66,93747.97,91687.99,92082.55,90832,91283.89,92519.95,90675.52,89311,89694.66,90404,90236,90128.44,14276.49025,16132.79117,15590.27939,3104.11722,5477.13594,1.3119069529749737E9,1.4606225012073882E9,1.4169071801870482E9,2.813213754802981E8,4.972458639319499E8,4340252,4923472,4155703,766357,1282029,6714.86954,8192.07574,8512.4327,1551.97383,2868.36168,6.168894661481977E8,7.417686769751914E8,7.739997392375336E8,1.406647594095869E8,2.604477068088716E8,-0.025427857,-0.002891396,-0.005035237,-0.001506819,0.005623465,91364.16,91099.99,90641.28,90504.7,91013.65,2.3042,2.1658,2.1232,2.0958,2.0907,2.0745,2.3205,2.1925,2.1622,2.1106,2.11,2.1086,2.1517,2.0649,2.0727,2.0806,2.045,2.035,1.156032777E8,1.565360805E8,1.17777092E8,3.15899813E7,5.05455782E7,2.576268866184E8,3.3190887948803E8,2.4879567465699E8,6.61599548428E7,1.0526858116162E8,1456273,1614939,1257235,342381,497144,5.54927341E7,7.39523255E7,6.28194228E7,1.64267838E7,2.62870992E7,1.23612092295E8,1.5705196518221E8,1.3273346814568E8,3.440532603078E7,5.476164019158E7,-0.06010763,-0.01962414,-0.012905049,-0.002433438,-0.007748601,2.1657,2.1232,2.0958,2.0907,2.0745,141.08,136.39,138.37,135.96,135.85,139.69,141.4,140.07,141.17,137.05,141.6,144.4,134.41,132.67,134.98,135.37,135.75,138.34,2321642.178,3113437.835,3778547.996,1000837.004,2209913.206,3.1914044980578E8,4.2521187306351E8,5.2267016273951E8,1.3634633079801E8,3.0618540675845E8,1424664,1555663,1559427,419628,857832,1134923.82,1570298.608,1915953.782,495750.86,1211661.371,1.5599477950557E8,2.1466699943402E8,2.6515536455501E8,6.755549287677E7,1.678431830615E8,-0.03324355,0.014517193342620562,-0.0173448,-9.56E-04,0.028415783274440408,136.39,138.37,135.97,135.84,139.7,83.95,81.71,81.31,81.48,81.19,78.79,83.97,82.3,82.12,82.42,81.78,80.75,81,80,79.91,80.8,78.53,75.6,276546.003,252290.561,251572.162,149346.699,323460.486,2.276467176159E7,2.045915881014E7,2.042625169079E7,1.217168464394E7,2.604273085723E7,215839,201660,212437,114583,185897,138647.052,134595.953,122840.378,75483.876,147616.204,1.141797252911E7,1.091608628297E7,9977726.248,6151851.54,1.189533902071E7,-0.026798475,-0.004895362,0.00221375,-0.003681433,-0.029560291,81.71,81.31,81.49,81.19,78.79,3296.83,3168.72,3106.66,3088.4,3086.72,3123.46,3296.84,3184.39,3148.41,3104.12,3147.27,3171.49,3125.42,3054.65,3058.69,3077.99,3084.46,3065.55,321350.1225,343616.1005,274587.4533,82341.0546,149381.2965,1.027448724687839E9,1.069846020042703E9,8.51846982925553E8,2.54495724002643E8,4.65227647583002E8,4839276,4982423,4182570,881069,1522502,154644.9184,167834.9366,137269.6714,44689.1628,77521.2191,4.94179925689907E8,5.2245048402997E8,4.2601119868438E8,1.38130908825049E8,2.41470651783173E8,-0.038861455,-0.019588351,-0.005874495,-5.44E-04,0.011899362430022814,3168.72,3106.65,3088.4,3086.72,3123.45,3095.75
2026-01-13T00:00:00,91364.16,91100,90641.27,90504.7,91013.66,91296.2,91687.99,92082.55,90832,91283.89,92519.95,96495,89311,89694.66,90404,90236,90128.44,91042.66,16132.79117,15590.27939,3104.11722,5477.13594,16188.08268,1.4606225012073882E9,1.4169071801870482E9,2.813213754802981E8,4.972458639319499E8,1.4799648622693064E9,4923472,4155703,766357,1282029,4099509,8192.07574,8512.4327,1551.97383,2868.36168,8092.5428,7.417686769751914E8,7.739997392375336E8,1.406647594095869E8,2.604477068088716E8,7.400048001807222E8,-0.002891396,-0.005035237,-0.001506819,0.005623465,0.003104479,91099.99,90641.28,90504.7,91013.65,91296.2,2.1658,2.1232,2.0958,2.0907,2.0745,2.0541,2.1925,2.1622,2.1106,2.11,2.1086,2.185,2.0649,2.0727,2.0806,2.045,2.035,2.0474,1.565360805E8,1.17777092E8,3.15899813E7,5.05455782E7,1.101400383E8,3.3190887948803E8,2.4879567465699E8,6.61599548428E7,1.0526858116162E8,2.2789478465359E8,1614939,1257235,342381,497144,1077404,7.39523255E7,6.28194228E7,1.64267838E7,2.62870992E7,4.90226195E7,1.5705196518221E8,1.3273346814568E8,3.440532603078E7,5.476164019158E7,1.0143548666429E8,-0.01962414,-0.012905049,-0.002433438,-0.007748601,-0.009881899,2.1232,2.0958,2.0907,2.0745,2.054,136.39,138.37,135.96,135.85,139.69,139.21,140.07,141.17,137.05,141.6,144.4,148.74,132.67,134.98,135.37,135.75,138.34,137.82,3113437.835,3778547.996,1000837.004,2209913.206,4160120.091,4.2521187306351E8,5.2267016273951E8,1.3634633079801E8,3.0618540675845E8,5.875597100406E8,1555663,1559427,419628,857832,1815385,1570298.608,1915953.782,495750.86,1211661.371,2063458.502,2.1466699943402E8,2.6515536455501E8,6.755549287677E7,1.678431830615E8,2.9142640576436E8,0.014517193342620562,-0.0173448,-9.56E-04,0.028415783274440408,-0.003435934,138.37,135.97,135.84,139.7,139.22,81.71,81.31,81.48,81.19,78.79,76.11,82.3,82.12,82.42,81.78,80.75,78.95,80,79.91,80.8,78.53,75.6,75.26,252290.561,251572.162,149346.699,323460.486,766104.643,2.045915881014E7,2.042625169079E7,1.217168464394E7,2.604273085723E7,5.936726401696E7,201660,212437,114583,185897,412265,134595.953,122840.378,75483.876,147616.204,321481.898,1.091608628297E7,9977726.248,6151851.54,1.189533902071E7,2.492940311918E7,-0.004895362,0.00221375,-0.003681433,-0.029560291,-0.033887549,81.31,81.49,81.19,78.79,76.12,3168.72,3106.66,3088.4,3086.72,3123.46,3095.75,3184.39,3148.41,3104.12,3147.27,3171.49,3367.79,3054.65,3058.69,3077.99,3084.46,3065.55,3091.96,343616.1005,274587.4533,82341.0546,149381.2965,297373.4681,1.069846020042703E9,8.51846982925553E8,2.54495724002643E8,4.65227647583002E8,9.28024542296001E8,4982423,4182570,881069,1522502,4303605,167834.9366,137269.6714,44689.1628,77521.2191,145169.9489,5.2245048402997E8,4.2601119868438E8,1.38130908825049E8,2.41470651783173E8,4.53140052754557E8,-0.019588351,-0.005874495,-5.44E-04,0.011899362430022814,-0.008868399,3106.65,3088.4,3086.72,3123.45,3095.75,3325.82
2026-01-14T00:00:00,91100,90641.27,90504.7,91013.66,91296.2,95413.99,92082.55,90832,91283.89,92519.95,96495,97924.49,89694.66,90404,90236,90128.44,91042.66,94559.28,15590.27939,3104.11722,5477.13594,16188.08268,23021.51482,1.4169071801870482E9,2.813213754802981E8,4.972458639319499E8,1.4799648622693064E9,2.149770801117704E9,4155703,766357,1282029,4099509,5025071,8512.4327,1551.97383,2868.36168,8092.5428,12405.23056,7.739997392375336E8,1.406647594095869E8,2.604477068088716E8,7.400048001807222E8,1.159067162248983E9,-0.005035237,-0.001506819,0.005623465,0.003104479,0.045103739,90641.28,90504.7,91013.65,91296.2,95414,2.1232,2.0958,2.0907,2.0745,2.0541,2.1656,2.1622,2.1106,2.11,2.1086,2.185,2.1924,2.0727,2.0806,2.045,2.035,2.0474,2.1116,1.17777092E8,3.15899813E7,5.05455782E7,1.101400383E8,1.133740063E8,2.4879567465699E8,6.61599548428E7,1.0526858116162E8,2.2789478465359E8,2.3879313174914E8,1257235,342381,497144,1077404,1132317,6.28194228E7,1.64267838E7,2.62870992E7,4.90226195E7,5.37605548E7,1.3273346814568E8,3.440532603078E7,5.476164019158E7,1.0143548666429E8,1.1331111058111E8,-0.012905049,-0.002433438,-0.007748601,-0.009881899,0.054284323271665234,2.0958,2.0907,2.0745,2.054,2.1655,138.37,135.96,135.85,139.69,139.21,145.52,141.17,137.05,141.6,144.4,148.74,148.44,134.98,135.37,135.75,138.34,137.82,143.37,3778547.996,1000837.004,2209913.206,4160120.091,4195082.468,5.2267016273951E8,1.3634633079801E8,3.0618540675845E8,5.875597100406E8,5.9871314938546E8,1559427,419628,857832,1815385,1781041,1915953.782,495750.86,1211661.371,2063458.502,2143169.55,2.6515536455501E8,6.755549287677E7,1.678431830615E8,2.9142640576436E8,3.060189055112E8,-0.0173448,-9.56E-04,0.028415783274440408,-0.003435934,0.045180290188191294,135.97,135.84,139.7,139.22,145.51,81.31,81.48,81.19,78.79,76.11,78.17,82.12,82.42,81.78,80.75,78.95,80.97,79.91,80.8,78.53,75.6,75.26,75.8,251572.162,149346.699,323460.486,766104.643,1092209.996,2.042625169079E7,1.217168464394E7,2.604273085723E7,5.936726401696E7,8.387936901916E7,212437,114583,185897,412265,584044,122840.378,75483.876,147616.204,321481.898,463017.883,9977726.248,6151851.54,1.189533902071E7,2.492940311918E7,3.559331796549E7,0.00221375,-0.003681433,-0.029560291,-0.033887549,0.027062532842879693,81.49,81.19,78.79,76.12,78.18,3106.66,3088.4,3086.72,3123.46,3095.75,3325.83,3148.41,3104.12,3147.27,3171.49,3367.79,3402.89,3058.69,3077.99,3084.46,3065.55,3091.96,3280.48,274587.4533,82341.0546,149381.2965,297373.4681,457782.2816,8.51846982925553E8,2.54495724002643E8,4.65227647583002E8,9.28024542296001E8,1.470983302124877E9,4182570,881069,1522502,4303605,4876916,137269.6714,44689.1628,77521.2191,145169.9489,239733.9448,4.2601119868438E8,1.38130908825049E8,2.41470651783173E8,4.53140052754557E8,7.69970312592286E8,-0.005874495,-5.44E-04,0.011899362430022814,-0.008868399,0.074318017,3088.4,3086.72,3123.45,3095.75,3325.82,3354.92
2026-01-15T00:00:00,90641.27,90504.7,91013.66,91296.2,95413.99,96951.78,90832,91283.89,92519.95,96495,97924.49,97193.34,90404,90236,90128.44,91042.66,94559.28,95134.48,3104.11722,5477.13594,16188.08268,23021.51482,22851.89428,2.813213754802981E8,4.972458639319499E8,1.4799648622693064E9,2.149770801117704E9,2.201535821648615E9,766357,1282029,4099509,5025071,5346212,1551.97383,2868.36168,8092.5428,12405.23056,11974.98829,1.406647594095869E8,2.604477068088716E8,7.400048001807222E8,1.159067162248983E9,1.154415462597303E9,-0.001506819,0.005623465,0.003104479,0.045103739,0.016116922044982905,90504.7,91013.65,91296.2,95414,96951.78,2.0958,2.0907,2.0745,2.0541,2.1656,2.1393,2.1106,2.11,2.1086,2.185,2.1924,2.1434,2.0806,2.045,2.035,2.0474,2.1116,2.0532,3.15899813E7,5.05455782E7,1.101400383E8,1.133740063E8,1.350016035E8,6.61599548428E7,1.0526858116162E8,2.2789478465359E8,2.3879313174914E8,2.9054164835856E8,342381,497144,1077404,1132317,1229087,1.64267838E7,2.62870992E7,4.90226195E7,5.37605548E7,6.35054748E7,3.440532603078E7,5.476164019158E7,1.0143548666429E8,1.1331111058111E8,1.3672499888321E8,-0.002433438,-0.007748601,-0.009881899,0.054284323271665234,-0.012052644,2.0907,2.0745,2.054,2.1655,2.1394,135.96,135.85,139.69,139.21,145.52,146.7,137.05,141.6,144.4,148.74,148.44,146.73,135.37,135.75,138.34,137.82,143.37,140.9,1000837.004,2209913.206,4160120.091,4195082.468,3695077.378,1.3634633079801E8,3.0618540675845E8,5.875597100406E8,5.9871314938546E8,5.3908819785762E8,419628,857832,1815385,1781041,1481363,495750.86,1211661.371,2063458.502,2143169.55,1801988.737,6.755549287677E7,1.678431830615E8,2.9142640576436E8,3.060189055112E8,2.6289975478901E8,-9.56E-04,0.028415783274440408,-0.003435934,0.045180290188191294,0.008109408,135.84,139.7,139.22,145.51,146.69,81.48,81.19,78.79,76.11,78.17,76.66,82.42,81.78,80.75,78.95,80.97,76.92,80.8,78.53,75.6,75.26,75.8,69.46,149346.699,323460.486,766104.643,1092209.996,1728520.677,1.217168464394E7,2.604273085723E7,5.936726401696E7,8.387936901916E7,1.3563344562117E8,114583,185897,412265,584044,668483,75483.876,147616.204,321481.898,463017.883,779366.213,6151851.54,1.189533902071E7,2.492940311918E7,3.559331796549E7,6.125928433288E7,-0.003681433,-0.029560291,-0.033887549,0.027062532842879693,-0.019314403,81.19,78.79,76.12,78.18,76.67,3088.4,3086.72,3123.46,3095.75,3325.83,3354.92,3104.12,3147.27,3171.49,3367.79,3402.89,3384.19,3077.99,3084.46,3065.55,3091.96,3280.48,3273.72,82341.0546,149381.2965,297373.4681,457782.2816,503440.0759,2.54495724002643E8,4.65227647583002E8,9.28024542296001E8,1.470983302124877E9,1.682648500339798E9,881069,1522502,4303605,4876916,5351410,44689.1628,77521.2191,145169.9489,239733.9448,242601.2111,1.38130908825049E8,2.41470651783173E8,4.53140052754557E8,7.69970312592286E8,8.11091133793289E8,-5.44E-04,0.011899362430022814,-0.008868399,0.074318017,0.008749722,3086.72,3123.45,3095.75,3325.82,3354.92,3318.69
2026-01-16T00:00:00,90504.7,91013.66,91296.2,95413.99,96951.78,95604.81,91283.89,92519.95,96495,97924.49,97193.34,95871.47,90236,90128.44,91042.66,94559.28,95134.48,94293.46,5477.13594,16188.08268,23021.51482,22851.89428,21725.81369,4.972458639319499E8,1.4799648622693064E9,2.149770801117704E9,2.201535821648615E9,2.0930081828437335E9,1282029,4099509,5025071,5346212,4493095,2868.36168,8092.5428,12405.23056,11974.98829,10841.32767,2.604477068088716E8,7.400048001807222E8,1.159067162248983E9,1.154415462597303E9,1.0451030631114848E9,0.005623465,0.003104479,0.045103739,0.016116922044982905,-0.013893298,91013.65,91296.2,95414,96951.78,95604.8,2.0907,2.0745,2.0541,2.1656,2.1393,2.0789,2.11,2.1086,2.185,2.1924,2.1434,2.0866,2.045,2.035,2.0474,2.1116,2.0532,2.0263,5.05455782E7,1.101400383E8,1.133740063E8,1.350016035E8,8.96396837E7,1.0526858116162E8,2.2789478465359E8,2.3879313174914E8,2.9054164835856E8,1.8794504068501E8,497144,1077404,1132317,1229087,904219,2.62870992E7,4.90226195E7,5.37605548E7,6.35054748E7,4.64601369E7,5.476164019158E7,1.0143548666429E8,1.1331111058111E8,1.3672499888321E8,9.738890672337E7,-0.007748601,-0.009881899,0.054284323271665234,-0.012052644,-0.028278957,2.0745,2.054,2.1655,2.1394,2.0789,135.85,139.69,139.21,145.52,146.7,142.41,141.6,144.4,148.74,148.44,146.73,145.55,135.75,138.34,137.82,143.37,140.9,140.26,2209913.206,4160120.091,4195082.468,3695077.378,2462143.139,3.0618540675845E8,5.875597100406E8,5.9871314938546E8,5.3908819785762E8,3.5414972574563E8,857832,1815385,1781041,1481363,1301300,1211661.371,2063458.502,2143169.55,1801988.737,1160862.142,1.678431830615E8,2.9142640576436E8,3.060189055112E8,2.6289975478901E8,1.6700068509015E8,0.028415783274440408,-0.003435934,0.045180290188191294,0.008109408,-0.029245347,139.7,139.22,145.51,146.69,142.4,81.19,78.79,76.11,78.17,76.66,72.21,81.78,80.75,78.95,80.97,76.92,76.07,78.53,75.6,75.26,75.8,69.46,70.92,323460.486,766104.643,1092209.996,1728520.677,1503254.414,2.604273085723E7,5.936726401696E7,8.387936901916E7,1.3563344562117E8,1.112144913774E8,185897,412265,584044,668483,621073,147616.204,321481.898,463017.883,779366.213,697641.406,1.189533902071E7,2.492940311918E7,3.559331796549E7,6.125928433288E7,5.1594861454E7,-0.029560291,-0.033887549,0.027062532842879693,-0.019314403,-0.058171384,78.79,76.12,78.18,76.67,72.21,3086.72,3123.46,3095.75,3325.83,3354.92,3318.7,3147.27,3171.49,3367.79,3402.89,3384.19,3326.79,3084.46,3065.55,3091.96,3280.48,3273.72,3253.01,149381.2965,297373.4681,457782.2816,503440.0759,389993.836,4.65227647583002E8,9.28024542296001E8,1.470983302124877E9,1.682648500339798E9,1.29662825056622E9,1522502,4303605,4876916,5351410,4766390,77521.2191,145169.9489,239733.9448,242601.2111,182106.0811,2.41470651783173E8,4.53140052754557E8,7.69970312592286E8,8.11091133793289E8,6.05761505416469E8,0.011899362430022814,-0.008868399,0.074318017,0.008749722,-0.010799065,3123.45,3095.75,3325.82,3354.92,3318.69,3296.28
2026-01-17T00:00:00,91013.66,91296.2,95413.99,96951.78,95604.81,95550.94,92519.95,96495,97924.49,97193.34,95871.47,95639.45,90128.44,91042.66,94559.28,95134.48,94293.46,95021.67,16188.08268,23021.51482,22851.89428,21725.81369,11167.7146,1.4799648622693064E9,2.149770801117704E9,2.201535821648615E9,2.0930081828437335E9,1.0640194080772514E9,4099509,5025071,5346212,4493095,2971559,8092.5428,12405.23056,11974.98829,10841.32767,5055.06952,7.400048001807222E8,1.159067162248983E9,1.154415462597303E9,1.0451030631114848E9,4.817231780814679E8,0.003104479,0.045103739,0.016116922044982905,-0.013893298,-5.63E-04,91296.2,95414,96951.78,95604.8,95550.94,2.0745,2.0541,2.1656,2.1393,2.0789,2.0678,2.1086,2.185,2.1924,2.1434,2.0866,2.0834,2.035,2.0474,2.1116,2.0532,2.0263,2.0536,1.101400383E8,1.133740063E8,1.350016035E8,8.96396837E7,6.08946195E7,2.2789478465359E8,2.3879313174914E8,2.9054164835856E8,1.8794504068501E8,1.2541235552278E8,1077404,1132317,1229087,904219,627484,4.90226195E7,5.37605548E7,6.35054748E7,4.64601369E7,2.80317239E7,1.0143548666429E8,1.1331111058111E8,1.3672499888321E8,9.738890672337E7,5.772845137623E7,-0.009881899,0.054284323271665234,-0.012052644,-0.028278957,-0.005339362,2.054,2.1655,2.1394,2.0789,2.0678,139.69,139.21,145.52,146.7,142.41,144.9,144.4,148.74,148.44,146.73,145.55,144.99,138.34,137.82,143.37,140.9,140.26,143.32,4160120.091,4195082.468,3695077.378,2462143.139,1900879.026,5.875597100406E8,5.9871314938546E8,5.3908819785762E8,3.5414972574563E8,2.7175894958215E8,1815385,1781041,1481363,1301300,1014424,2063458.502,2143169.55,1801988.737,1160862.142,919897.252,2.9142640576436E8,3.060189055112E8,2.6289975478901E8,1.6700068509015E8,1.3158612751626E8,-0.003435934,0.045180290188191294,0.008109408,-0.029245347,0.017485955,139.22,145.51,146.69,142.4,144.89,78.79,76.11,78.17,76.66,72.21,75.21,80.75,78.95,80.97,76.92,76.07,75.99,75.6,75.26,75.8,69.46,70.92,73.84,766104.643,1092209.996,1728520.677,1503254.414,846767.044,5.936726401696E7,8.387936901916E7,1.3563344562117E8,1.112144913774E8,6.177478763465E7,412265,584044,668483,621073,387288,321481.898,463017.883,779366.213,697641.406,416278.641,2.492940311918E7,3.559331796549E7,6.125928433288E7,5.1594861454E7,3.040645559418E7,-0.033887549,0.027062532842879693,-0.019314403,-0.058171384,0.041683977,76.12,78.18,76.67,72.21,75.22,3123.46,3095.75,3325.83,3354.92,3318.7,3296.28,3171.49,3367.79,3402.89,3384.19,3326.79,3330.26,3065.55,3091.96,3280.48,3273.72,3253.01,3283.96,297373.4681,457782.2816,503440.0759,389993.836,223921.7876,9.28024542296001E8,1.470983302124877E9,1.682648500339798E9,1.29662825056622E9,7.37278508749833E8,4303605,4876916,5351410,4766390,3528248,145169.9489,239733.9448,242601.2111,182106.0811,109159.1615,4.53140052754557E8,7.69970312592286E8,8.11091133793289E8,6.05761505416469E8,3.59334304757938E8,-0.008868399,0.074318017,0.008749722,-0.010799065,-0.006752664,3095.75,3325.82,3354.92,3318.69,3296.28,3310.56
2026-01-18T00:00:00,91296.2,95413.99,96951.78,95604.81,95550.94,95147.77,96495,97924.49,97193.34,95871.47,95639.45,95531.12,91042.66,94559.28,95134.48,94293.46,95021.67,93615.4,23021.51482,22851.89428,21725.81369,11167.7146,4280.80137,2.149770801117704E9,2.201535821648615E9,2.0930081828437335E9,1.0640194080772514E9,4.081619416719079E8,5025071,5346212,4493095,2971559,1020527,12405.23056,11974.98829,10841.32767,5055.06952,2059.85283,1.159067162248983E9,1.154415462597303E9,1.0451030631114848E9,4.817231780814679E8,1.963990759709701E8,0.045103739,0.016116922044982905,-0.013893298,-5.63E-04,-0.004219425,95414,96951.78,95604.8,95550.94,95147.77,2.0541,2.1656,2.1393,2.0789,2.0678,2.0632,2.185,2.1924,2.1434,2.0866,2.0834,2.0679,2.0474,2.1116,2.0532,2.0263,2.0536,1.9861,1.133740063E8,1.350016035E8,8.96396837E7,6.08946195E7,3.11384549E7,2.3879313174914E8,2.9054164835856E8,1.8794504068501E8,1.2541235552278E8,6.439468522584E7,1132317,1229087,904219,627484,315864,5.37605548E7,6.35054748E7,4.64601369E7,2.80317239E7,1.5393704E7,1.1331111058111E8,1.3672499888321E8,9.738890672337E7,5.772845137623E7,3.183894079232E7,0.054284323271665234,-0.012052644,-0.028278957,-0.005339362,-0.002272947,2.1655,2.1394,2.0789,2.0678,2.0631,139.21,145.52,146.7,142.41,144.9,143.73,148.74,148.44,146.73,145.55,144.99,144,137.82,143.37,140.9,140.26,143.32,137.74,4195082.468,3695077.378,2462143.139,1900879.026,835154.761,5.9871314938546E8,5.3908819785762E8,3.5414972574563E8,2.7175894958215E8,1.2039044512905E8,1781041,1481363,1301300,1014424,392089,2143169.55,1801988.737,1160862.142,919897.252,412414.642,3.060189055112E8,2.6289975478901E8,1.6700068509015E8,1.3158612751626E8,5.943611422214E7,0.045180290188191294,0.008109408,-0.029245347,0.017485955,-0.008075091,145.51,146.69,142.4,144.89,143.72,76.11,78.17,76.66,72.21,75.21,74.92,78.95,80.97,76.92,76.07,75.99,75.9,75.26,75.8,69.46,70.92,73.84,72.1,1092209.996,1728520.677,1503254.414,846767.044,327149.181,8.387936901916E7,1.3563344562117E8,1.112144913774E8,6.177478763465E7,2.44623847155E7,584044,668483,621073,387288,186780,463017.883,779366.213,697641.406,416278.641,164597.182,3.559331796549E7,6.125928433288E7,5.1594861454E7,3.040645559418E7,1.231064736398E7,0.027062532842879693,-0.019314403,-0.058171384,0.041683977,-0.003988301,78.18,76.67,72.21,75.22,74.92,3095.75,3325.83,3354.92,3318.7,3296.28,3310.56,3367.79,3402.89,3384.19,3326.79,3330.26,3368.82,3091.96,3280.48,3273.72,3253.01,3283.96,3278.86,457782.2816,503440.0759,389993.836,223921.7876,124325.0303,1.470983302124877E9,1.682648500339798E9,1.29662825056622E9,7.37278508749833E8,4.1150886839151E8,4876916,5351410,4766390,3528248,1229614,239733.9448,242601.2111,182106.0811,109159.1615,68643.5852,7.69970312592286E8,8.11091133793289E8,6.05761505416469E8,3.59334304757938E8,2.27299910454937E8,0.074318017,0.008749722,-0.010799065,-0.006752664,0.004332156,3325.82,3354.92,3318.69,3296.28,3310.56,3284.03
2026-01-19T00:00:00,95413.99,96951.78,95604.81,95550.94,95147.77,93673.14,97924.49,97193.34,95871.47,95639.45,95531.12,93673.14,94559.28,95134.48,94293.46,95021.67,93615.4,91910.2,22851.89428,21725.81369,11167.7146,4280.80137,6895.17819,2.201535821648615E9,2.0930081828437335E9,1.0640194080772514E9,4.081619416719079E8,6.547737432677118E8,5346212,4493095,2971559,1020527,1488785,11974.98829,10841.32767,5055.06952,2059.85283,3107.35604,1.154415462597303E9,1.0451030631114848E9,4.817231780814679E8,1.963990759709701E8,2.952177628212793E8,0.016116922044982905,-0.013893298,-5.63E-04,-0.004219425,-0.015498314,96951.78,95604.8,95550.94,95147.77,93673.14,2.1656,2.1393,2.0789,2.0678,2.0632,1.9914,2.1924,2.1434,2.0866,2.0834,2.0679,2.0299,2.1116,2.0532,2.0263,2.0536,1.9861,1.847,1.350016035E8,8.96396837E7,6.08946195E7,3.11384549E7,4.65066977E7,2.9054164835856E8,1.8794504068501E8,1.2541235552278E8,6.439468522584E7,9.479874369225E7,1229087,904219,627484,315864,474109,6.35054748E7,4.64601369E7,2.80317239E7,1.5393704E7,2.21074542E7,1.3672499888321E8,9.738890672337E7,5.772845137623E7,3.183894079232E7,4.505505602994E7,-0.012052644,-0.028278957,-0.005339362,-0.002272947,-0.034753526,2.1394,2.0789,2.0678,2.0631,1.9914,145.52,146.7,142.41,144.9,143.73,137.87,148.44,146.73,145.55,144.99,144,137.87,143.37,140.9,140.26,143.32,137.74,130,3695077.378,2462143.139,1900879.026,835154.761,1877438.698,5.3908819785762E8,3.5414972574563E8,2.7175894958215E8,1.2039044512905E8,2.6641701122107E8,1481363,1301300,1014424,392089,712971,1801988.737,1160862.142,919897.252,412414.642,837209.507,2.6289975478901E8,1.6700068509015E8,1.3158612751626E8,5.943611422214E7,1.1886573774182E8,0.008109408,-0.029245347,0.017485955,-0.008075091,-0.040704147,146.69,142.4,144.89,143.72,137.87,78.17,76.66,72.21,75.21,74.92,72.28,80.97,76.92,76.07,75.99,75.9,72.28,75.8,69.46,70.92,73.84,72.1,65.58,1728520.677,1503254.414,846767.044,327149.181,377184.548,1.3563344562117E8,1.112144913774E8,6.177478763465E7,2.44623847155E7,2.817082905366E7,668483,621073,387288,186780,239459,779366.213,697641.406,416278.641,164597.182,196115.06,6.125928433288E7,5.1594861454E7,3.040645559418E7,1.231064736398E7,1.466021646181E7,-0.019314403,-0.058171384,0.041683977,-0.003988301,-0.035104111,76.67,72.21,75.22,74.92,72.29,3325.83,3354.92,3318.7,3296.28,3310.56,3284.04,3402.89,3384.19,3326.79,3330.26,3368.82,3284.58,3280.48,3273.72,3253.01,3283.96,3278.86,3165.38,503440.0759,389993.836,223921.7876,124325.0303,173354.3026,1.682648500339798E9,1.29662825056622E9,7.37278508749833E8,4.1150886839151E8,5.76301516530256E8,5351410,4766390,3528248,1229614,2227452,242601.2111,182106.0811,109159.1615,68643.5852,93056.7992,8.11091133793289E8,6.05761505416469E8,3.59334304757938E8,2.27299910454937E8,3.09424972081588E8,0.008749722,-0.010799065,-0.006752664,0.004332156,-0.00801375,3354.92,3318.69,3296.28,3310.56,3284.03,3189.55
2026-01-20T00:00:00,96951.78,95604.81,95550.94,95147.77,93673.14,92630.99,97193.34,95871.47,95639.45,95531.12,93673.14,92870,95134.48,94293.46,95021.67,93615.4,91910.2,87895.98,21725.81369,11167.7146,4280.80137,6895.17819,14295.52747,2.0930081828437335E9,1.0640194080772514E9,4.081619416719079E8,6.547737432677118E8,1.326770336049047E9,4493095,2971559,1020527,1488785,3359066,10841.32767,5055.06952,2059.85283,3107.35604,6906.84245,1.0451030631114848E9,4.817231780814679E8,1.963990759709701E8,2.952177628212793E8,6.409810048958122E8,-0.013893298,-5.63E-04,-0.004219425,-0.015498314,-0.011125281,95604.8,95550.94,95147.77,93673.14,92631,2.1393,2.0789,2.0678,2.0632,1.9914,1.9861,2.1434,2.0866,2.0834,2.0679,2.0299,1.9909,2.0532,2.0263,2.0536,1.9861,1.847,1.87,8.96396837E7,6.08946195E7,3.11384549E7,4.65066977E7,1.593499007E8,1.8794504068501E8,1.2541235552278E8,6.439468522584E7,9.479874369225E7,3.1242798103306E8,904219,627484,315864,474109,1183988,4.64601369E7,2.80317239E7,1.5393704E7,2.21074542E7,7.90856444E7,9.738890672337E7,5.772845137623E7,3.183894079232E7,4.505505602994E7,1.5508268404275E8,-0.028278957,-0.005339362,-0.002272947,-0.034753526,-0.00271166,2.0789,2.0678,2.0631,1.9914,1.986,146.7,142.41,144.9,143.73,137.87,133.44,146.73,145.55,144.99,144,137.87,134.63,140.9,140.26,143.32,137.74,130,124.68,2462143.139,1900879.026,835154.761,1877438.698,2972524.77,3.5414972574563E8,2.7175894958215E8,1.2039044512905E8,2.6641701122107E8,3.9776601410622E8,1301300,1014424,392089,712971,1113535,1160862.142,919897.252,412414.642,837209.507,1483332.486,1.6700068509015E8,1.3158612751626E8,5.943611422214E7,1.1886573774182E8,1.9847914456028E8,-0.029245347,0.017485955,-0.008075091,-0.040704147,-0.032131718,142.4,144.89,143.72,137.87,133.44,76.66,72.21,75.21,74.92,72.28,70.79,76.92,76.07,75.99,75.9,72.28,71.05,69.46,70.92,73.84,72.1,65.58,65.9,1503254.414,846767.044,327149.181,377184.548,993480.913,1.112144913774E8,6.177478763465E7,2.44623847155E7,2.817082905366E7,6.941575432641E7,621073,387288,186780,239459,463491,697641.406,416278.641,164597.182,196115.06,484909.33,5.1594861454E7,3.040645559418E7,1.231064736398E7,1.466021646181E7,3.387400379684E7,-0.058171384,0.041683977,-0.003988301,-0.035104111,-0.020611426,72.21,75.22,74.92,72.29,70.8,3354.92,3318.7,3296.28,3310.56,3284.04,3189.56,3384.19,3326.79,3330.26,3368.82,3284.58,3200.5,3273.72,3253.01,3283.96,3278.86,3165.38,2920,389993.836,223921.7876,124325.0303,173354.3026,442540.5596,1.29662825056622E9,7.37278508749833E8,4.1150886839151E8,5.76301516530256E8,1.421588263898261E9,4766390,3528248,1229614,2227452,4406164,182106.0811,109159.1615,68643.5852,93056.7992,225707.6739,6.05761505416469E8,3.59334304757938E8,2.27299910454937E8,3.09424972081588E8,7.25130247584568E8,-0.010799065,-0.006752664,0.004332156,-0.00801375,-0.02876953,3318.69,3296.28,3310.56,3284.03,3189.55,2939.88
2026-01-21T00:00:00,95604.81,95550.94,95147.77,93673.14,92630.99,88427.66,95871.47,95639.45,95531.12,93673.14,92870,90574,94293.46,95021.67,93615.4,91910.2,87895.98,87263.53,11167.7146,4280.80137,6895.17819,14295.52747,22007.3261,1.0640194080772514E9,4.081619416719079E8,6.547737432677118E8,1.326770336049047E9,1.9896766685941782E9,2971559,1020527,1488785,3359066,6064031,5055.06952,2059.85283,3107.35604,6906.84245,9629.19624,4.817231780814679E8,1.963990759709701E8,2.952177628212793E8,6.409810048958122E8,8.709364241390942E8,-5.63E-04,-0.004219425,-0.015498314,-0.011125281,-0.04537725,95550.94,95147.77,93673.14,92631,88427.66,2.0789,2.0678,2.0632,1.9914,1.9861,1.89,2.0866,2.0834,2.0679,2.0299,1.9909,1.9907,2.0263,2.0536,1.9861,1.847,1.87,1.8712,6.08946195E7,3.11384549E7,4.65066977E7,1.593499007E8,1.27376122E8,1.2541235552278E8,6.439468522584E7,9.479874369225E7,3.1242798103306E8,2.4562544778919E8,627484,315864,474109,1183988,1219786,2.80317239E7,1.5393704E7,2.21074542E7,7.90856444E7,6.84579919E7,5.772845137623E7,3.183894079232E7,4.505505602994E7,1.5508268404275E8,1.3197194045728E8,-0.005339362,-0.002272947,-0.034753526,-0.00271166,-0.048338369,2.0678,2.0631,1.9914,1.986,1.89,142.41,144.9,143.73,137.87,133.44,125.81,145.55,144.99,144,137.87,134.63,132.17,140.26,143.32,137.74,130,124.68,125.26,1900879.026,835154.761,1877438.698,2972524.77,3532423.88,2.7175894958215E8,1.2039044512905E8,2.6641701122107E8,3.9776601410622E8,4.5620036019412E8,1014424,392089,712971,1113535,1665250,919897.252,412414.642,837209.507,1483332.486,1594052.788,1.3158612751626E8,5.943611422214E7,1.1886573774182E8,1.9847914456028E8,2.0596608347806E8,0.017485955,-0.008075091,-0.040704147,-0.032131718,-0.057254197,144.89,143.72,137.87,133.44,125.8,72.21,75.21,74.92,72.28,70.79,67.12,76.07,75.99,75.9,72.28,71.05,69.71,70.92,73.84,72.1,65.58,65.9,66.03,846767.044,327149.181,377184.548,993480.913,699879.344,6.177478763465E7,2.44623847155E7,2.817082905366E7,6.941575432641E7,4.803441897831E7,387288,186780,239459,463491,412612,416278.641,164597.182,196115.06,484909.33,330248.217,3.040645559418E7,1.231064736398E7,1.466021646181E7,3.387400379684E7,2.266874151377E7,0.041683977,-0.003988301,-0.035104111,-0.020611426,-0.051977401,75.22,74.92,72.29,70.8,67.12,3318.7,3296.28,3310.56,3284.04,3189.56,2939.88,3326.79,3330.26,3368.82,3284.58,3200.5,3069.07,3253.01,3283.96,3278.86,3165.38,2920,2866.11,223921.7876,124325.0303,173354.3026,442540.5596,518166.4787,7.37278508749833E8,4.1150886839151E8,5.76301516530256E8,1.421588263898261E9,1.58697302680606E9,3528248,1229614,2227452,4406164,7228638,109159.1615,68643.5852,93056.7992,225707.6739,251605.1302,3.59334304757938E8,2.27299910454937E8,3.09424972081588E8,7.25130247584568E8,7.70975910793193E8,-0.006752664,0.004332156,-0.00801375,-0.02876953,-0.0782775,3296.28,3310.56,3284.03,3189.55,2939.88,2982.27
2026-01-22T00:00:00,95550.94,95147.77,93673.14,92630.99,88427.66,89454.73,95639.45,95531.12,93673.14,92870,90574,90359.99,95021.67,93615.4,91910.2,87895.98,87263.53,88515.37,4280.80137,6895.17819,14295.52747,22007.3261,20617.50372,4.081619416719079E8,6.547737432677118E8,1.326770336049047E9,1.9896766685941782E9,1.8377081153597033E9,1020527,1488785,3359066,6064031,6419053,2059.85283,3107.35604,6906.84245,9629.19624,10265.21302,1.963990759709701E8,2.952177628212793E8,6.409810048958122E8,8.709364241390942E8,9.155317510822006E8,-0.004219425,-0.015498314,-0.011125281,-0.04537725,0.011614804688940003,95147.77,93673.14,92631,88427.66,89454.73,2.0678,2.0632,1.9914,1.9861,1.89,1.9475,2.0834,2.0679,2.0299,1.9909,1.9907,1.9679,2.0536,1.9861,1.847,1.87,1.8712,1.9016,3.11384549E7,4.65066977E7,1.593499007E8,1.27376122E8,1.478421355E8,6.439468522584E7,9.479874369225E7,3.1242798103306E8,2.4562544778919E8,2.8411149909742E8,315864,474109,1183988,1219786,1442942,1.5393704E7,2.21074542E7,7.90856444E7,6.84579919E7,7.18482828E7,3.183894079232E7,4.505505602994E7,1.5508268404275E8,1.3197194045728E8,1.3809009663842E8,-0.002272947,-0.034753526,-0.00271166,-0.048338369,0.030476190476190528,2.0631,1.9914,1.986,1.89,1.9476,144.9,143.73,137.87,133.44,125.81,129.53,144.99,144,137.87,134.63,132.17,130.94,143.32,137.74,130,124.68,125.26,126.73,835154.761,1877438.698,2972524.77,3532423.88,3161736.36,1.2039044512905E8,2.6641701122107E8,3.9776601410622E8,4.5620036019412E8,4.0672765632141E8,392089,712971,1113535,1665250,1568002,412414.642,837209.507,1483332.486,1594052.788,1657610.92,5.943611422214E7,1.1886573774182E8,1.9847914456028E8,2.0596608347806E8,2.1333253925012E8,-0.008075091,-0.040704147,-0.032131718,-0.057254197,0.02972973,143.72,137.87,133.44,125.8,129.54,75.21,74.92,72.28,70.79,67.12,68.48,75.99,75.9,72.28,71.05,69.71,69.65,73.84,72.1,65.58,65.9,66.03,67.06,327149.181,377184.548,993480.913,699879.344,677970.362,2.44623847155E7,2.817082905366E7,6.941575432641E7,4.803441897831E7,4.61364038906E7,186780,239459,463491,412612,350685,164597.182,196115.06,484909.33,330248.217,351262.332,1.231064736398E7,1.466021646181E7,3.387400379684E7,2.266874151377E7,2.389224398426E7,-0.003988301,-0.035104111,-0.020611426,-0.051977401,0.020262217,74.92,72.29,70.8,67.12,68.48,3296.28,3310.56,3284.04,3189.56,2939.88,2982.28,3330.26,3368.82,3284.58,3200.5,3069.07,3038.33,3283.96,3278.86,3165.38,2920,2866.11,2906.02,124325.0303,173354.3026,442540.5596,518166.4787,577800.2481,4.1150886839151E8,5.76301516530256E8,1.421588263898261E9,1.58697302680606E9,1.712903183812053E9,1229614,2227452,4406164,7228638,8064316,68643.5852,93056.7992,225707.6739,251605.1302,296961.807,2.27299910454937E8,3.09424972081588E8,7.25130247584568E8,7.70975910793193E8,8.80621251790689E8,0.004332156,-0.00801375,-0.02876953,-0.0782775,0.014418955875749987,3310.56,3284.03,3189.55,2939.88,2982.27,2952.69
2026-01-23T00:00:00,95147.77,93673.14,92630.99,88427.66,89454.73,89559.68,95531.12,93673.14,92870,90574,90359.99,91224.99,93615.4,91910.2,87895.98,87263.53,88515.37,88578.36,6895.17819,14295.52747,22007.3261,20617.50372,10825.50492,6.547737432677118E8,1.326770336049047E9,1.9896766685941782E9,1.8377081153597033E9,9.699106233559886E8,1488785,3359066,6064031,6419053,3743412,3107.35604,6906.84245,9629.19624,10265.21302,5529.54766,2.952177628212793E8,6.409810048958122E8,8.709364241390942E8,9.155317510822006E8,4.955984905227897E8,-0.015498314,-0.011125281,-0.04537725,0.011614804688940003,0.001173107,93673.14,92631,88427.66,89454.73,89559.67,2.0632,1.9914,1.9861,1.89,1.9475,1.9237,2.0679,2.0299,1.9909,1.9907,1.9679,1.9656,1.9861,1.847,1.87,1.8712,1.9016,1.8873,4.65066977E7,1.593499007E8,1.27376122E8,1.478421355E8,6.16274449E7,9.479874369225E7,3.1242798103306E8,2.4562544778919E8,2.8411149909742E8,1.193940590727E8,474109,1183988,1219786,1442942,660686,2.21074542E7,7.90856444E7,6.84579919E7,7.18482828E7,3.0128653E7,4.505505602994E7,1.5508268404275E8,1.3197194045728E8,1.3809009663842E8,5.836088905984E7,-0.034753526,-0.00271166,-0.048338369,0.030476190476190528,-0.012322859,1.9914,1.986,1.89,1.9476,1.9236,143.73,137.87,133.44,125.81,129.53,128.47,144,137.87,134.63,132.17,130.94,130.2,137.74,130,124.68,125.26,126.73,125.28,1877438.698,2972524.77,3532423.88,3161736.36,1811586.462,2.6641701122107E8,3.9776601410622E8,4.5620036019412E8,4.0672765632141E8,2.3357068782335E8,712971,1113535,1665250,1568002,1016749,837209.507,1483332.486,1594052.788,1657610.92,905017.042,1.1886573774182E8,1.9847914456028E8,2.0596608347806E8,2.1333253925012E8,1.1676137693617E8,-0.040704147,-0.032131718,-0.057254197,0.02972973,-0.008259997,137.87,133.44,125.8,129.54,128.47,74.92,72.28,70.79,67.12,68.48,68.2,75.9,72.28,71.05,69.71,69.65,69.6,72.1,65.58,65.9,66.03,67.06,66.98,377184.548,993480.913,699879.344,677970.362,400973.972,2.817082905366E7,6.941575432641E7,4.803441897831E7,4.61364038906E7,2.742080486786E7,239459,463491,412612,350685,213870,196115.06,484909.33,330248.217,351262.332,200806.924,1.466021646181E7,3.387400379684E7,2.266874151377E7,2.389224398426E7,1.373431433463E7,-0.035104111,-0.020611426,-0.051977401,0.020262217,-0.004234813,72.29,70.8,67.12,68.48,68.19,3310.56,3284.04,3189.56,2939.88,2982.28,2952.7,3368.82,3284.58,3200.5,3069.07,3038.33,3019.26,3278.86,3165.38,2920,2866.11,2906.02,2892.4,173354.3026,442540.5596,518166.4787,577800.2481,291660.7349,5.76301516530256E8,1.421588263898261E9,1.58697302680606E9,1.712903183812053E9,8.67206892239138E8,2227452,4406164,7228638,8064316,4696521,93056.7992,225707.6739,251605.1302,296961.807,144410.7947,3.09424972081588E8,7.25130247584568E8,7.70975910793193E8,8.80621251790689E8,4.29371629050317E8,-0.00801375,-0.02876953,-0.0782775,0.014418955875749987,-0.009918619,3284.03,3189.55,2939.88,2982.27,2952.69,2956.41
2026-01-24T00:00:00,93673.14,92630.99,88427.66,89454.73,89559.68,89600.26,93673.14,92870,90574,90359.99,91224.99,89957.39,91910.2,87895.98,87263.53,88515.37,88578.36,89162.08,14295.52747,22007.3261,20617.50372,10825.50492,13918.48919,1.326770336049047E9,1.9896766685941782E9,1.8377081153597033E9,9.699106233559886E8,1.248772265678843E9,3359066,6064031,6419053,3743412,4619907,6906.84245,9629.19624,10265.21302,5529.54766,6911.17668,6.409810048958122E8,8.709364241390942E8,9.155317510822006E8,4.955984905227897E8,6.20204414132354E8,-0.011125281,-0.04537725,0.011614804688940003,0.001173107,4.532173912654715E-4,92631,88427.66,89454.73,89559.67,89600.26,1.9914,1.9861,1.89,1.9475,1.9237,1.9197,2.0299,1.9909,1.9907,1.9679,1.9656,1.9276,1.847,1.87,1.8712,1.9016,1.8873,1.91,1.593499007E8,1.27376122E8,1.478421355E8,6.16274449E7,7.60767069E7,3.1242798103306E8,2.4562544778919E8,2.8411149909742E8,1.193940590727E8,1.4621301514371E8,1183988,1219786,1442942,660686,774360,7.90856444E7,6.84579919E7,7.18482828E7,3.0128653E7,3.50627015E7,1.5508268404275E8,1.3197194045728E8,1.3809009663842E8,5.836088905984E7,6.736162022741E7,-0.00271166,-0.048338369,0.030476190476190528,-0.012322859,-0.002079434,1.986,1.89,1.9476,1.9236,1.9196,137.87,133.44,125.81,129.53,128.47,127.43,137.87,134.63,132.17,130.94,130.2,128.12,130,124.68,125.26,126.73,125.28,126.64,2972524.77,3532423.88,3161736.36,1811586.462,2044063.077,3.9776601410622E8,4.5620036019412E8,4.0672765632141E8,2.3357068782335E8,2.6124394398141E8,1113535,1665250,1568002,1016749,1068593,1483332.486,1594052.788,1657610.92,905017.042,1074378.357,1.9847914456028E8,2.0596608347806E8,2.1333253925012E8,1.1676137693617E8,1.3735025013854E8,-0.032131718,-0.057254197,0.02972973,-0.008259997,-0.008095275,133.44,125.8,129.54,128.47,127.43,72.28,70.79,67.12,68.48,68.2,68.07,72.28,71.05,69.71,69.65,69.6,68.98,65.58,65.9,66.03,67.06,66.98,67.75,993480.913,699879.344,677970.362,400973.972,391555.321,6.941575432641E7,4.803441897831E7,4.61364038906E7,2.742080486786E7,2.678312336337E7,463491,412612,350685,213870,225325,484909.33,330248.217,351262.332,200806.924,202035.793,3.387400379684E7,2.266874151377E7,2.389224398426E7,1.373431433463E7,1.382911794474E7,-0.020611426,-0.051977401,0.020262217,-0.004234813,-0.001759789,70.8,67.12,68.48,68.19,68.07,3284.04,3189.56,2939.88,2982.28,2952.7,2956.41,3284.58,3200.5,3069.07,3038.33,3019.26,2970.41,3165.38,2920,2866.11,2906.02,2892.4,2943.84,442540.5596,518166.4787,577800.2481,291660.7349,318415.3317,1.421588263898261E9,1.58697302680606E9,1.712903183812053E9,8.67206892239138E8,9.39757975669515E8,4406164,7228638,8064316,4696521,5479038,225707.6739,251605.1302,296961.807,144410.7947,159251.2529,7.25130247584568E8,7.70975910793193E8,8.80621251790689E8,4.29371629050317E8,4.70264718669184E8,-0.02876953,-0.0782775,0.014418955875749987,-0.009918619,0.001259868,3189.55,2939.88,2982.27,2952.69,2956.41,2953.22
2026-01-25T00:00:00,92630.99,88427.66,89454.73,89559.68,89600.26,89225.34,92870,90574,90359.99,91224.99,89957.39,89319.13,87895.98,87263.53,88515.37,88578.36,89162.08,86074.72,22007.3261,20617.50372,10825.50492,13918.48919,4226.56737,1.9896766685941782E9,1.8377081153597033E9,9.699106233559886E8,1.248772265678843E9,3.784641460918812E8,6064031,6419053,3743412,4619907,959854,9629.19624,10265.21302,5529.54766,6911.17668,1835.96939,8.709364241390942E8,9.155317510822006E8,4.955984905227897E8,6.20204414132354E8,1.644011934396937E8,-0.04537725,0.011614804688940003,0.001173107,4.532173912654715E-4,-0.004184363,88427.66,89454.73,89559.67,89600.26,89225.34,1.9861,1.89,1.9475,1.9237,1.9197,1.9143,1.9909,1.9907,1.9679,1.9656,1.9276,1.9168,1.87,1.8712,1.9016,1.8873,1.91,1.8111,1.27376122E8,1.478421355E8,6.16274449E7,7.60767069E7,2.71599999E7,2.4562544778919E8,2.8411149909742E8,1.193940590727E8,1.4621301514371E8,5.212782862802E7,1219786,1442942,660686,774360,221237,6.84579919E7,7.18482828E7,3.0128653E7,3.50627015E7,1.14368261E7,1.3197194045728E8,1.3809009663842E8,5.836088905984E7,6.736162022741E7,2.194931010698E7,-0.048338369,0.030476190476190528,-0.012322859,-0.002079434,-0.002760992,1.89,1.9476,1.9236,1.9196,1.9143,133.44,125.81,129.53,128.47,127.43,127.22,134.63,132.17,130.94,130.2,128.12,127.46,124.68,125.26,126.73,125.28,126.64,117.15,3532423.88,3161736.36,1811586.462,2044063.077,807419.995,4.5620036019412E8,4.0672765632141E8,2.3357068782335E8,2.6124394398141E8,1.0280490833679E8,1665250,1568002,1016749,1068593,331896,1594052.788,1657610.92,905017.042,1074378.357,367986.146,2.0596608347806E8,2.1333253925012E8,1.1676137693617E8,1.3735025013854E8,4.685811834194E7,-0.057254197,0.02972973,-0.008259997,-0.008095275,-0.001726438,125.8,129.54,128.47,127.43,127.21,70.79,67.12,68.48,68.2,68.07,68.2,71.05,69.71,69.65,69.6,68.98,70.36,65.9,66.03,67.06,66.98,67.75,65.23,699879.344,677970.362,400973.972,391555.321,180394.712,4.803441897831E7,4.61364038906E7,2.742080486786E7,2.678312336337E7,1.233235434648E7,412612,350685,213870,225325,107362,330248.217,351262.332,200806.924,202035.793,90881.014,2.266874151377E7,2.389224398426E7,1.373431433463E7,1.382911794474E7,6213931.278,-0.051977401,0.020262217,-0.004234813,-0.001759789,0.001762891,67.12,68.48,68.19,68.07,68.19,3189.56,2939.88,2982.28,2952.7,2956.41,2953.23,3200.5,3069.07,3038.33,3019.26,2970.41,2960.29,2920,2866.11,2906.02,2892.4,2943.84,2787,518166.4787,577800.2481,291660.7349,318415.3317,92082.9039,1.58697302680606E9,1.712903183812053E9,8.67206892239138E8,9.39757975669515E8,2.72517275860426E8,7228638,8064316,4696521,5479038,1185149,251605.1302,296961.807,144410.7947,159251.2529,41483.2107,7.70975910793193E8,8.80621251790689E8,4.29371629050317E8,4.70264718669184E8,1.22751060758119E8,-0.0782775,0.014418955875749987,-0.009918619,0.001259868,-0.001079011,2939.88,2982.27,2952.69,2956.41,2953.22,2816.89
2026-01-26T00:00:00,88427.66,89454.73,89559.68,89600.26,89225.34,86670.36,90574,90359.99,91224.99,89957.39,89319.13,88860,87263.53,88515.37,88578.36,89162.08,86074.72,86509.63,20617.50372,10825.50492,13918.48919,4226.56737,14426.22019,1.8377081153597033E9,9.699106233559886E8,1.248772265678843E9,3.784641460918812E8,1.264233689841581E9,6419053,3743412,4619907,959854,3720178,10265.21302,5529.54766,6911.17668,1835.96939,6269.27657,9.155317510822006E8,4.955984905227897E8,6.20204414132354E8,1.644011934396937E8,5.493045845673954E8,0.011614804688940003,0.001173107,4.532173912654715E-4,-0.004184363,-0.028635139,89454.73,89559.67,89600.26,89225.34,86670.36,1.89,1.9475,1.9237,1.9197,1.9143,1.8356,1.9907,1.9679,1.9656,1.9276,1.9168,1.946,1.8712,1.9016,1.8873,1.91,1.8111,1.8331,1.478421355E8,6.16274449E7,7.60767069E7,2.71599999E7,9.15331103E7,2.8411149909742E8,1.193940590727E8,1.4621301514371E8,5.212782862802E7,1.6988344784291E8,1442942,660686,774360,221237,818265,7.18482828E7,3.0128653E7,3.50627015E7,1.14368261E7,4.32186369E7,1.3809009663842E8,5.836088905984E7,6.736162022741E7,2.194931010698E7,8.018853236239E7,0.030476190476190528,-0.012322859,-0.002079434,-0.002760992,-0.041111633,1.9476,1.9236,1.9196,1.9143,1.8356,125.81,129.53,128.47,127.43,127.22,118.85,132.17,130.94,130.2,128.12,127.46,125.6,125.26,126.73,125.28,126.64,117.15,118.53,3161736.36,1811586.462,2044063.077,807419.995,4540879.449,4.0672765632141E8,2.3357068782335E8,2.6124394398141E8,1.0280490833679E8,5.4916453009031E8,1568002,1016749,1068593,331896,1232391,1657610.92,905017.042,1074378.357,367986.146,2403987.331,2.1333253925012E8,1.1676137693617E8,1.3735025013854E8,4.685811834194E7,2.8986838606575E8,0.02972973,-0.008259997,-0.008095275,-0.001726438,-0.065718104,129.54,128.47,127.43,127.21,118.85,67.12,68.48,68.2,68.07,68.2,67.29,69.71,69.65,69.6,68.98,70.36,70.11,66.03,67.06,66.98,67.75,65.23,66.97,677970.362,400973.972,391555.321,180394.712,627760.546,4.61364038906E7,2.742080486786E7,2.678312336337E7,1.233235434648E7,4.273008141703E7,350685,213870,225325,107362,359726,351262.332,200806.924,202035.793,90881.014,297380.743,2.389224398426E7,1.373431433463E7,1.382911794474E7,6213931.278,2.025862355439E7,0.020262217,-0.004234813,-0.001759789,0.001762891,-0.013051767,68.48,68.19,68.07,68.19,67.3,2939.88,2982.28,2952.7,2956.41,2953.23,2816.9,3069.07,3038.33,3019.26,2970.41,2960.29,2951.21,2866.11,2906.02,2892.4,2943.84,2787,2812.37,577800.2481,291660.7349,318415.3317,92082.9039,380186.5326,1.712903183812053E9,8.67206892239138E8,9.39757975669515E8,2.72517275860426E8,1.088137895952771E9,8064316,4696521,5479038,1185149,4637787,296961.807,144410.7947,159251.2529,41483.2107,165133.7717,8.80621251790689E8,4.29371629050317E8,4.70264718669184E8,1.22751060758119E8,4.73021399881065E8,0.014418955875749987,-0.009918619,0.001259868,-0.001079011,-0.046163171,2982.27,2952.69,2956.41,2953.22,2816.89,2930.35
2026-01-27T00:00:00,89454.73,89559.68,89600.26,89225.34,86670.36,88347.08,90359.99,91224.99,89957.39,89319.13,88860,89523.16,88515.37,88578.36,89162.08,86074.72,86509.63,87304.33,10825.50492,13918.48919,4226.56737,14426.22019,17766.51453,9.699106233559886E8,1.248772265678843E9,3.784641460918812E8,1.264233689841581E9,1.560135758989215E9,3743412,4619907,959854,3720178,4798083,5529.54766,6911.17668,1835.96939,6269.27657,9428.94206,4.955984905227897E8,6.20204414132354E8,1.644011934396937E8,5.493045845673954E8,8.279143906949898E8,0.001173107,4.532173912654715E-4,-0.004184363,-0.028635139,0.019345945,89559.67,89600.26,89225.34,86670.36,88347.08,1.9475,1.9237,1.9197,1.9143,1.8356,1.9042,1.9679,1.9656,1.9276,1.9168,1.946,1.9295,1.9016,1.8873,1.91,1.8111,1.8331,1.8741,6.16274449E7,7.60767069E7,2.71599999E7,9.15331103E7,1.044811536E8,1.193940590727E8,1.4621301514371E8,5.212782862802E7,1.6988344784291E8,1.9835923249118E8,660686,774360,221237,818265,973413,3.0128653E7,3.50627015E7,1.14368261E7,4.32186369E7,4.75615965E7,5.836088905984E7,6.736162022741E7,2.194931010698E7,8.018853236239E7,9.034692299693E7,-0.012322859,-0.002079434,-0.002760992,-0.041111633,0.037317498,1.9236,1.9196,1.9143,1.8356,1.9041,129.53,128.47,127.43,127.22,118.85,124.24,130.94,130.2,128.12,127.46,125.6,127.84,126.73,125.28,126.64,117.15,118.53,123.12,1811586.462,2044063.077,807419.995,4540879.449,2355751.363,2.3357068782335E8,2.6124394398141E8,1.0280490833679E8,5.4916453009031E8,2.8976765639401E8,1016749,1068593,331896,1232391,1187889,905017.042,1074378.357,367986.146,2403987.331,1159271.555,1.1676137693617E8,1.3735025013854E8,4.685811834194E7,2.8986838606575E8,1.4256489485725E8,-0.008259997,-0.008095275,-0.001726438,-0.065718104,0.045351283,128.47,127.43,127.21,118.85,124.24,68.48,68.2,68.07,68.2,67.29,69.73,69.65,69.6,68.98,70.36,70.11,70.49,67.06,66.98,67.75,65.23,66.97,68.64,400973.972,391555.321,180394.712,627760.546,427828.099,2.742080486786E7,2.678312336337E7,1.233235434648E7,4.273008141703E7,2.940332893255E7,213870,225325,107362,359726,255346,200806.924,202035.793,90881.014,297380.743,224179.071,1.373431433463E7,1.382911794474E7,6213931.278,2.025862355439E7,1.54089468639E7,-0.004234813,-0.001759789,0.001762891,-0.013051767,0.035958395,68.19,68.07,68.19,67.3,69.72,2982.28,2952.7,2956.41,2953.23,2816.9,2930.35,3038.33,3019.26,2970.41,2960.29,2951.21,3035.08,2906.02,2892.4,2943.84,2787,2812.37,2899.77,291660.7349,318415.3317,92082.9039,380186.5326,485169.3372,8.67206892239138E8,9.39757975669515E8,2.72517275860426E8,1.088137895952771E9,1.405058143578595E9,4696521,5479038,1185149,4637787,5933570,144410.7947,159251.2529,41483.2107,165133.7717,239396.1448,4.29371629050317E8,4.70264718669184E8,1.22751060758119E8,4.73021399881065E8,6.93731253124194E8,-0.009918619,0.001259868,-0.001079011,-0.046163171,0.040278463,2952.69,2956.41,2953.22,2816.89,2930.35,3026.77
2026-01-28T00:00:00,89559.68,89600.26,89225.34,86670.36,88347.08,89249.99,91224.99,89957.39,89319.13,88860,89523.16,90600,88578.36,89162.08,86074.72,86509.63,87304.33,88833.65,13918.48919,4226.56737,14426.22019,17766.51453,13125.40425,1.248772265678843E9,3.784641460918812E8,1.264233689841581E9,1.560135758989215E9,1.1600268535895033E9,4619907,959854,3720178,4798083,3787336,6911.17668,1835.96939,6269.27657,9428.94206,6722.86937,6.20204414132354E8,1.644011934396937E8,5.493045845673954E8,8.279143906949898E8,5.943885960572797E8,4.532173912654715E-4,-0.004184363,-0.028635139,0.019345945,0.010220145363038577,89600.26,89225.34,86670.36,88347.08,89250,1.9237,1.9197,1.9143,1.8356,1.9042,1.9157,1.9656,1.9276,1.9168,1.946,1.9295,1.9427,1.8873,1.91,1.8111,1.8331,1.8741,1.8944,7.60767069E7,2.71599999E7,9.15331103E7,1.044811536E8,6.46198271E7,1.4621301514371E8,5.212782862802E7,1.6988344784291E8,1.9835923249118E8,1.2289303708238E8,774360,221237,818265,973413,684052,3.50627015E7,1.14368261E7,4.32186369E7,4.75615965E7,3.25977601E7,6.736162022741E7,2.194931010698E7,8.018853236239E7,9.034692299693E7,6.198296053639E7,-0.002079434,-0.002760992,-0.041111633,0.037317498,0.006144635,1.9196,1.9143,1.8356,1.9041,1.9158,128.47,127.43,127.22,118.85,124.24,127.18,130.2,128.12,127.46,125.6,127.84,128.34,125.28,126.64,117.15,118.53,123.12,124.78,2044063.077,807419.995,4540879.449,2355751.363,2036509.042,2.6124394398141E8,1.0280490833679E8,5.4916453009031E8,2.8976765639401E8,2.5504782637975E8,1068593,331896,1232391,1187889,1006079,1074378.357,367986.146,2403987.331,1159271.555,1012080.68,1.3735025013854E8,4.685811834194E7,2.8986838606575E8,1.4256489485725E8,1.2676980388212E8,-0.008095275,-0.001726438,-0.065718104,0.045351283,0.023744366,127.43,127.21,118.85,124.24,127.19,68.2,68.07,68.2,67.29,69.73,70.03,69.6,68.98,70.36,70.11,70.49,70.31,66.98,67.75,65.23,66.97,68.64,68.42,391555.321,180394.712,627760.546,427828.099,325716.599,2.678312336337E7,1.233235434648E7,4.273008141703E7,2.940332893255E7,2.267927571174E7,225325,107362,359726,255346,203658,202035.793,90881.014,297380.743,224179.071,164010.615,1.382911794474E7,6213931.278,2.025862355439E7,1.54089468639E7,1.142162645922E7,-0.001759789,0.001762891,-0.013051767,0.035958395,0.004446357,68.07,68.19,67.3,69.72,70.03,2952.7,2956.41,2953.23,2816.9,2930.35,3026.77,3019.26,2970.41,2960.29,2951.21,3035.08,3045.78,2892.4,2943.84,2787,2812.37,2899.77,2983.67,318415.3317,92082.9039,380186.5326,485169.3372,478792.3988,9.39757975669515E8,2.72517275860426E8,1.088137895952771E9,1.405058143578595E9,1.416537368433361E9,5479038,1185149,4637787,5933570,5278439,159251.2529,41483.2107,165133.7717,239396.1448,229630.1728,4.70264718669184E8,1.22751060758119E8,4.73021399881065E8,6.93731253124194E8,6.79191460936592E8,0.001259868,-0.001079011,-0.046163171,0.040278463,0.032903919,2956.41,2953.22,2816.89,2930.35,3026.77,3010.78
2026-01-29T00:00:00,89600.26,89225.34,86670.36,88347.08,89249.99,89300,89957.39,89319.13,88860,89523.16,90600,89348,89162.08,86074.72,86509.63,87304.33,88833.65,83383.33,4226.56737,14426.22019,17766.51453,13125.40425,14332.18502,3.784641460918812E8,1.264233689841581E9,1.560135758989215E9,1.1600268535895033E9,1.283919840851472E9,959854,3720178,4798083,3787336,4385791,1835.96939,6269.27657,9428.94206,6722.86937,7015.44336,1.644011934396937E8,5.493045845673954E8,8.279143906949898E8,5.943885960572797E8,6.287610313151364E8,-0.004184363,-0.028635139,0.019345945,0.010220145363038577,5.601120448179859E-4,89225.34,86670.36,88347.08,89250,89299.99,1.9197,1.9143,1.8356,1.9042,1.9157,1.9112,1.9276,1.9168,1.946,1.9295,1.9427,1.9134,1.91,1.8111,1.8331,1.8741,1.8944,1.778,2.71599999E7,9.15331103E7,1.044811536E8,6.46198271E7,6.74258585E7,5.212782862802E7,1.6988344784291E8,1.9835923249118E8,1.2289303708238E8,1.2926798188222E8,221237,818265,973413,684052,726865,1.14368261E7,4.32186369E7,4.75615965E7,3.25977601E7,3.04402803E7,2.194931010698E7,8.018853236239E7,9.034692299693E7,6.198296053639E7,5.835182850214E7,-0.002760992,-0.041111633,0.037317498,0.006144635,-0.002453283,1.9143,1.8356,1.9041,1.9158,1.9111,127.43,127.22,118.85,124.24,127.18,125.34,128.12,127.46,125.6,127.84,128.34,125.51,126.64,117.15,118.53,123.12,124.78,115.39,807419.995,4540879.449,2355751.363,2036509.042,1997863.528,1.0280490833679E8,5.4916453009031E8,2.8976765639401E8,2.5504782637975E8,2.5293365986287E8,331896,1232391,1187889,1006079,1065285,367986.146,2403987.331,1159271.555,1012080.68,990296.273,4.685811834194E7,2.8986838606575E8,1.4256489485725E8,1.2676980388212E8,1.2537115637357E8,-0.001726438,-0.065718104,0.045351283,0.023744366,-0.014466546,127.21,118.85,124.24,127.19,125.35,68.07,68.2,67.29,69.73,70.03,69.41,68.98,70.36,70.11,70.49,70.31,69.55,67.75,65.23,66.97,68.64,68.42,64.43,180394.712,627760.546,427828.099,325716.599,301017.18,1.233235434648E7,4.273008141703E7,2.940332893255E7,2.267927571174E7,2.091544764431E7,107362,359726,255346,203658,204313,90881.014,297380.743,224179.071,164010.615,149375.398,6213931.278,2.025862355439E7,1.54089468639E7,1.142162645922E7,1.038127040277E7,0.001762891,-0.013051767,0.035958395,0.004446357,-0.008710553,68.19,67.3,69.72,70.03,69.42,2956.41,2953.23,2816.9,2930.35,3026.77,3010.78,2970.41,2960.29,2951.21,3035.08,3045.78,3013.5,2943.84,2787,2812.37,2899.77,2983.67,2754.53,92082.9039,380186.5326,485169.3372,478792.3988,296607.6549,2.72517275860426E8,1.088137895952771E9,1.405058143578595E9,1.416537368433361E9,8.94057677740365E8,1185149,4637787,5933570,5278439,5061029,41483.2107,165133.7717,239396.1448,229630.1728,154557.6064,1.22751060758119E8,4.73021399881065E8,6.93731253124194E8,6.79191460936592E8,4.6594630594887E8,-0.001079011,-0.046163171,0.040278463,0.032903919,-0.005282859,2953.22,2816.89,2930.35,3026.77,3010.78,2822.59
2026-01-30T00:00:00,89225.34,86670.36,88347.08,89249.99,89300,84650.16,89319.13,88860,89523.16,90600,89348,84735.75,86074.72,86509.63,87304.33,88833.65,83383.33,81118,14426.22019,17766.51453,13125.40425,14332.18502,30431.38201,1.264233689841581E9,1.560135758989215E9,1.1600268535895033E9,1.283919840851472E9,2.6103815879100037E9,3720178,4798083,3787336,4385791,5598749,6269.27657,9428.94206,6722.86937,7015.44336,12385.58906,5.493045845673954E8,8.279143906949898E8,5.943885960572797E8,6.287610313151364E8,1.0629203840760188E9,-0.028635139,0.019345945,0.010220145363038577,5.601120448179859E-4,-0.052069771,86670.36,88347.08,89250,89299.99,84650.16,1.9143,1.8356,1.9042,1.9157,1.9112,1.8077,1.9168,1.946,1.9295,1.9427,1.9134,1.8131,1.8111,1.8331,1.8741,1.8944,1.778,1.7107,9.15331103E7,1.044811536E8,6.46198271E7,6.74258585E7,1.49409911E8,1.6988344784291E8,1.9835923249118E8,1.2289303708238E8,1.2926798188222E8,2.7341604653278E8,818265,973413,684052,726865,1163676,4.32186369E7,4.75615965E7,3.25977601E7,3.04402803E7,7.41990625E7,8.018853236239E7,9.034692299693E7,6.198296053639E7,5.835182850214E7,1.3567962922696E8,-0.041111633,0.037317498,0.006144635,-0.002453283,-0.054157292,1.8356,1.9041,1.9158,1.9111,1.8076,127.22,118.85,124.24,127.18,125.34,117.82,127.46,125.6,127.84,128.34,125.51,119.12,117.15,118.53,123.12,124.78,115.39,112.14,4540879.449,2355751.363,2036509.042,1997863.528,3730613.473,5.4916453009031E8,2.8976765639401E8,2.5504782637975E8,2.5293365986287E8,4.4459760545512E8,1232391,1187889,1006079,1065285,1444201,2403987.331,1159271.555,1012080.68,990296.273,1863128.834,2.8986838606575E8,1.4256489485725E8,1.2676980388212E8,1.2537115637357E8,2.2188290425408E8,-0.065718104,0.045351283,0.023744366,-0.014466546,-0.060071799,118.85,124.24,127.19,125.35,117.82,68.2,67.29,69.73,70.03,69.41,66.24,70.36,70.11,70.49,70.31,69.55,66.47,65.23,66.97,68.64,68.42,64.43,62.71,627760.546,427828.099,325716.599,301017.18,474641.116,4.273008141703E7,2.940332893255E7,2.267927571174E7,2.091544764431E7,3.157168586396E7,359726,255346,203658,204313,310607,297380.743,224179.071,164010.615,149375.398,234873.613,2.025862355439E7,1.54089468639E7,1.142162645922E7,1.038127040277E7,1.56185758603E7,-0.013051767,0.035958395,0.004446357,-0.008710553,-0.045808124,67.3,69.72,70.03,69.42,66.24,2953.23,2816.9,2930.35,3026.77,3010.78,2822.6,2960.29,2951.21,3035.08,3045.78,3013.5,2828.65,2787,2812.37,2899.77,2983.67,2754.53,2636.01,380186.5326,485169.3372,478792.3988,296607.6549,561288.5979,1.088137895952771E9,1.405058143578595E9,1.416537368433361E9,8.94057677740365E8,1.601894306039813E9,4637787,5933570,5278439,5061029,6779608,165133.7717,239396.1448,229630.1728,154557.6064,270939.8171,4.73021399881065E8,6.93731253124194E8,6.79191460936592E8,4.6594630594887E8,7.72718271379958E8,-0.046163171,0.040278463,0.032903919,-0.005282859,-0.062505397,2816.89,2930.35,3026.77,3010.78,2822.59,2707.38
2026-01-31T00:00:00,86670.36,88347.08,89249.99,89300,84650.16,84260.5,88860,89523.16,90600,89348,84735.75,84270.02,86509.63,87304.33,88833.65,83383.33,81118,75719.9,17766.51453,13125.40425,14332.18502,30431.38201,35195.84793,1.560135758989215E9,1.1600268535895033E9,1.283919840851472E9,2.6103815879100037E9,2.918624066481832E9,4798083,3787336,4385791,5598749,8998829,9428.94206,6722.86937,7015.44336,12385.58906,16749.59784,8.279143906949898E8,5.943885960572797E8,6.287610313151364E8,1.0629203840760188E9,1.389486785106681E9,0.019345945,0.010220145363038577,5.601120448179859E-4,-0.052069771,-0.004603299,88347.08,89250,89299.99,84650.16,84260.49,1.8356,1.9042,1.9157,1.9112,1.8077,1.7353,1.946,1.9295,1.9427,1.9134,1.8131,1.7547,1.8331,1.8741,1.8944,1.778,1.7107,1.5028,1.044811536E8,6.46198271E7,6.74258585E7,1.49409911E8,2.297203067E8,1.9835923249118E8,1.2289303708238E8,1.2926798188222E8,2.7341604653278E8,4.0307889782779E8,973413,684052,726865,1163676,1962404,4.75615965E7,3.25977601E7,3.04402803E7,7.41990625E7,1.117441592E8,9.034692299693E7,6.198296053639E7,5.835182850214E7,1.3567962922696E8,1.9603504605739E8,0.037317498,0.006144635,-0.002453283,-0.054157292,-0.040053109,1.9041,1.9158,1.9111,1.8076,1.7352,118.85,124.24,127.18,125.34,117.82,117.6,125.6,127.84,128.34,125.51,119.12,118.85,118.53,123.12,124.78,115.39,112.14,96.4,2355751.363,2036509.042,1997863.528,3730613.473,4761006.742,2.8976765639401E8,2.5504782637975E8,2.5293365986287E8,4.4459760545512E8,5.5202348713287E8,1187889,1006079,1065285,1444201,1991218,1159271.555,1012080.68,990296.273,1863128.834,2428166.266,1.4256489485725E8,1.2676980388212E8,1.2537115637357E8,2.2188290425408E8,2.8172354620711E8,0.045351283,0.023744366,-0.014466546,-0.060071799,-0.00195213,124.24,127.19,125.35,117.82,117.59,67.29,69.73,70.03,69.41,66.24,65.47,70.11,70.49,70.31,69.55,66.47,65.5,66.97,68.64,68.42,64.43,62.71,55,427828.099,325716.599,301017.18,474641.116,686027.282,2.940332893255E7,2.267927571174E7,2.091544764431E7,3.157168586396E7,4.429820539446E7,255346,203658,204313,310607,462166,224179.071,164010.615,149375.398,234873.613,331480.413,1.54089468639E7,1.142162645922E7,1.038127040277E7,1.56185758603E7,2.140864817018E7,0.035958395,0.004446357,-0.008710553,-0.045808124,-0.011624396,69.72,70.03,69.42,66.24,65.47,2816.9,2930.35,3026.77,3010.78,2822.6,2707.37,2951.21,3035.08,3045.78,3013.5,2828.65,2714.64,2812.37,2899.77,2983.67,2754.53,2636.01,2250,485169.3372,478792.3988,296607.6549,561288.5979,793279.6252,1.405058143578595E9,1.416537368433361E9,8.94057677740365E8,1.601894306039813E9,2.161851949088385E9,5933570,5278439,5061029,6779608,10661631,239396.1448,229630.1728,154557.6064,270939.8171,388766.163,6.93731253124194E8,6.79191460936592E8,4.6594630594887E8,7.72718271379958E8,1.059467300875251E9,0.040278463,0.032903919,-0.005282859,-0.062505397,-0.040817122,2930.35,3026.77,3010.78,2822.59,2707.38,2451.95
2026-02-01T00:00:00,88347.08,89249.99,89300,84650.16,84260.5,78741.1,89523.16,90600,89348,84735.75,84270.02,79424,87304.33,88833.65,83383.33,81118,75719.9,75700,13125.40425,14332.18502,30431.38201,35195.84793,39491.89133,1.1600268535895033E9,1.283919840851472E9,2.6103815879100037E9,2.918624066481832E9,3.155264093623044E9,3787336,4385791,5598749,8998829,7384976,6722.86937,7015.44336,12385.58906,16749.59784,17959.61358,5.943885960572797E8,6.287610313151364E8,1.0629203840760188E9,1.389486785106681E9,1.4351202459826965E9,0.010220145363038577,5.601120448179859E-4,-0.052069771,-0.004603299,-0.06550401,89250,89299.99,84650.16,84260.49,78741.09,1.9042,1.9157,1.9112,1.8077,1.7353,1.6472,1.9295,1.9427,1.9134,1.8131,1.7547,1.6805,1.8741,1.8944,1.778,1.7107,1.5028,1.5526,6.46198271E7,6.74258585E7,1.49409911E8,2.297203067E8,3.323694679E8,1.2289303708238E8,1.2926798188222E8,2.7341604653278E8,4.0307889782779E8,5.3878664636154E8,684052,726865,1163676,1962404,2380722,3.25977601E7,3.04402803E7,7.41990625E7,1.117441592E8,1.555468259E8,6.198296053639E7,5.835182850214E7,1.3567962922696E8,1.9603504605739E8,2.5225110731E8,0.006144635,-0.002453283,-0.054157292,-0.040053109,-0.050714615,1.9158,1.9111,1.8076,1.7352,1.6472,124.24,127.18,125.34,117.82,117.6,105.58,127.84,128.34,125.51,119.12,118.85,106.69,123.12,124.78,115.39,112.14,96.4,98.02,2036509.042,1997863.528,3730613.473,4761006.742,8567398.326,2.5504782637975E8,2.5293365986287E8,4.4459760545512E8,5.5202348713287E8,9.2058207530101E8,1006079,1065285,1444201,1991218,3248600,1012080.68,990296.273,1863128.834,2428166.266,4092929.327,1.2676980388212E8,1.2537115637357E8,2.2188290425408E8,2.8172354620711E8,4.3914865816365E8,0.023744366,-0.014466546,-0.060071799,-0.00195213,-0.102134535,127.19,125.35,117.82,117.59,105.58,69.73,70.03,69.41,66.24,65.47,59.53,70.49,70.31,69.55,66.47,65.5,59.92,68.64,68.42,64.43,62.71,55,57.16,325716.599,301017.18,474641.116,686027.282,1322363.304,2.267927571174E7,2.091544764431E7,3.157168586396E7,4.429820539446E7,7.884194736423E7,203658,204313,310607,462166,621529,164010.615,149375.398,234873.613,331480.413,648434.176,1.142162645922E7,1.038127040277E7,1.56185758603E7,2.140864817018E7,3.86302606509E7,0.004446357,-0.008710553,-0.045808124,-0.011624396,-0.090728578,70.03,69.42,66.24,65.47,59.53,2930.35,3026.77,3010.78,2822.6,2707.37,2451.96,3035.08,3045.78,3013.5,2828.65,2714.64,2475.98,2899.77,2983.67,2754.53,2636.01,2250,2222,478792.3988,296607.6549,561288.5979,793279.6252,1113097.713,1.416537368433361E9,8.94057677740365E8,1.601894306039813E9,2.161851949088385E9,2.759353621321312E9,5278439,5061029,6779608,10661631,9305297,229630.1728,154557.6064,270939.8171,388766.163,520430.2055,6.79191460936592E8,4.6594630594887E8,7.72718271379958E8,1.059467300875251E9,1.291798679952669E9,0.032903919,-0.005282859,-0.062505397,-0.040817122,-0.094345825,3026.77,3010.78,2822.59,2707.38,2451.95,2270.15
2026-02-02T00:00:00,89249.99,89300,84650.16,84260.5,78741.1,76968.22,90600,89348,84735.75,84270.02,79424,79360,88833.65,83383.33,81118,75719.9,75700,74604,14332.18502,30431.38201,35195.84793,39491.89133,25395.48168,1.283919840851472E9,2.6103815879100037E9,2.918624066481832E9,3.155264093623044E9,1.9749205570473866E9,4385791,5598749,8998829,7384976,8001906,7015.44336,12385.58906,16749.59784,17959.61358,12031.74392,6.287610313151364E8,1.0629203840760188E9,1.389486785106681E9,1.4351202459826965E9,9.360957427402172E8,5.601120448179859E-4,-0.052069771,-0.004603299,-0.06550401,-0.022515309,89299.99,84650.16,84260.49,78741.09,76968.21,1.9157,1.9112,1.8077,1.7353,1.6472,1.5908,1.9427,1.9134,1.8131,1.7547,1.6805,1.6571,1.8944,1.778,1.7107,1.5028,1.5526,1.5307,6.74258585E7,1.49409911E8,2.297203067E8,3.323694679E8,1.82387658E8,1.2926798188222E8,2.7341604653278E8,4.0307889782779E8,5.3878664636154E8,2.9600331728224E8,726865,1163676,1962404,2380722,1719231,3.04402803E7,7.41990625E7,1.117441592E8,1.555468259E8,8.06645213E7,5.835182850214E7,1.3567962922696E8,1.9603504605739E8,2.5225110731E8,1.3083719767496E8,-0.002453283,-0.054157292,-0.040053109,-0.050714615,-0.034239922,1.9111,1.8076,1.7352,1.6472,1.5908,127.18,125.34,117.82,117.6,105.58,100.78,128.34,125.51,119.12,118.85,106.69,106.12,124.78,115.39,112.14,96.4,98.02,95.95,1997863.528,3730613.473,4761006.742,8567398.326,4204256.051,2.5293365986287E8,4.4459760545512E8,5.5202348713287E8,9.2058207530101E8,4.3283956225445E8,1065285,1444201,1991218,3248600,2202213,990296.273,1863128.834,2428166.266,4092929.327,2052275.136,1.2537115637357E8,2.2188290425408E8,2.8172354620711E8,4.3914865816365E8,2.1136561568208E8,-0.014466546,-0.060071799,-0.00195213,-0.102134535,-0.045368441,125.35,117.82,117.59,105.58,100.79,70.03,69.41,66.24,65.47,59.53,58.49,70.31,69.55,66.47,65.5,59.92,61.17,68.42,64.43,62.71,55,57.16,56.51,301017.18,474641.116,686027.282,1322363.304,614483.462,2.091544764431E7,3.157168586396E7,4.429820539446E7,7.884194736423E7,3.619632546016E7,204313,310607,462166,621529,400538,149375.398,234873.613,331480.413,648434.176,299807.269,1.038127040277E7,1.56185758603E7,2.140864817018E7,3.86302606509E7,1.766068751469E7,-0.008710553,-0.045808124,-0.011624396,-0.090728578,-0.017470183,69.42,66.24,65.47,59.53,58.49,3026.77,3010.78,2822.6,2707.37,2451.96,2270.16,3045.78,3013.5,2828.65,2714.64,2475.98,2396.62,2983.67,2754.53,2636.01,2250,2222,2157.14,296607.6549,561288.5979,793279.6252,1113097.713,1026573.947,8.94057677740365E8,1.601894306039813E9,2.161851949088385E9,2.759353621321312E9,2.412828498627745E9,5061029,6779608,10661631,9305297,11038637,154557.6064,270939.8171,388766.163,520430.2055,455879.6449,4.6594630594887E8,7.72718271379958E8,1.059467300875251E9,1.291798679952669E9,1.069127421804749E9,-0.005282859,-0.062505397,-0.040817122,-0.094345825,-0.074145068,3010.78,2822.59,2707.38,2451.95,2270.15,2347.02
2026-02-03T00:00:00,89300,84650.16,84260.5,78741.1,76968.22,78738.6,89348,84735.75,84270.02,79424,79360,79186.81,83383.33,81118,75719.9,75700,74604,72945.5,30431.38201,35195.84793,39491.89133,25395.48168,42273.59016,2.6103815879100037E9,2.918624066481832E9,3.155264093623044E9,1.9749205570473866E9,3.2607524444613295E9,5598749,8998829,7384976,8001906,10085578,12385.58906,16749.59784,17959.61358,12031.74392,21480.45115,1.0629203840760188E9,1.389486785106681E9,1.4351202459826965E9,9.360957427402172E8,1.6589774412234404E9,-0.052069771,-0.004603299,-0.06550401,-0.022515309,0.023001704210088736,84650.16,84260.49,78741.09,76968.21,78738.61,1.9112,1.8077,1.7353,1.6472,1.5908,1.6199,1.9134,1.8131,1.7547,1.6805,1.6571,1.6339,1.778,1.7107,1.5028,1.5526,1.5307,1.5274,1.49409911E8,2.297203067E8,3.323694679E8,1.82387658E8,2.181073047E8,2.7341604653278E8,4.0307889782779E8,5.3878664636154E8,2.9600331728224E8,3.4875097895153E8,1163676,1962404,2380722,1719231,2139400,7.41990625E7,1.117441592E8,1.555468259E8,8.06645213E7,1.020122672E8,1.3567962922696E8,1.9603504605739E8,2.5225110731E8,1.3083719767496E8,1.6308148606629E8,-0.054157292,-0.040053109,-0.050714615,-0.034239922,0.018229821473472414,1.8076,1.7352,1.6472,1.5908,1.6198,125.34,117.82,117.6,105.58,100.78,104.54,125.51,119.12,118.85,106.69,106.12,105.1,115.39,112.14,96.4,98.02,95.95,96.64,3730613.473,4761006.742,8567398.326,4204256.051,5574032.681,4.4459760545512E8,5.5202348713287E8,9.2058207530101E8,4.3283956225445E8,5.6660904193448E8,1444201,1991218,3248600,2202213,2856979,1863128.834,2428166.266,4092929.327,2052275.136,2663023.902,2.2188290425408E8,2.8172354620711E8,4.3914865816365E8,2.1136561568208E8,2.709611656031E8,-0.060071799,-0.00195213,-0.102134535,-0.045368441,0.037305288,117.82,117.59,105.58,100.79,104.55,69.41,66.24,65.47,59.53,58.49,60.02,69.55,66.47,65.5,59.92,61.17,61.38,64.43,62.71,55,57.16,56.51,56.87,474641.116,686027.282,1322363.304,614483.462,649668.505,3.157168586396E7,4.429820539446E7,7.884194736423E7,3.619632546016E7,3.833631586657E7,310607,462166,621529,400538,431721,234873.613,331480.413,648434.176,299807.269,314511.934,1.56185758603E7,2.140864817018E7,3.86302606509E7,1.766068751469E7,1.855862071048E7,-0.045808124,-0.011624396,-0.090728578,-0.017470183,0.026158317661138675,66.24,65.47,59.53,58.49,60.02,3010.78,2822.6,2707.37,2451.96,2270.16,2347.01,3013.5,2828.65,2714.64,2475.98,2396.62,2359.88,2754.53,2636.01,2250,2222,2157.14,2110,561288.5979,793279.6252,1113097.713,1026573.947,1248535.211,1.601894306039813E9,2.161851949088385E9,2.759353621321312E9,2.412828498627745E9,2.84217728624149E9,6779608,10661631,9305297,11038637,11149156,270939.8171,388766.163,520430.2055,455879.6449,614416.942,7.72718271379958E8,1.059467300875251E9,1.291798679952669E9,1.069127421804749E9,1.398079659353768E9,-0.062505397,-0.040817122,-0.094345825,-0.074145068,0.033861199,2822.59,2707.38,2451.95,2270.15,2347.02,2233.72
2026-02-04T00:00:00,84650.16,84260.5,78741.1,76968.22,78738.6,75770.21,84735.75,84270.02,79424,79360,79186.81,76971.52,81118,75719.9,75700,74604,72945.5,71888,35195.84793,39491.89133,25395.48168,42273.59016,39120.10889,2.918624066481832E9,3.155264093623044E9,1.9749205570473866E9,3.2607524444613295E9,2.986903008574792E9,8998829,7384976,8001906,10085578,9199445,16749.59784,17959.61358,12031.74392,21480.45115,17304.88253,1.389486785106681E9,1.4351202459826965E9,9.360957427402172E8,1.6589774412234404E9,1.3241193964360397E9,-0.004603299,-0.06550401,-0.022515309,0.023001704210088736,-0.037699421,84260.49,78741.09,76968.21,78738.61,75770.21,1.8077,1.7353,1.6472,1.5908,1.6199,1.579,1.8131,1.7547,1.6805,1.6571,1.6339,1.6122,1.7107,1.5028,1.5526,1.5307,1.5274,1.4948,2.297203067E8,3.323694679E8,1.82387658E8,2.181073047E8,1.905530424E8,4.0307889782779E8,5.3878664636154E8,2.9600331728224E8,3.4875097895153E8,3.0315600231118E8,1962404,2380722,1719231,2139400,1612184,1.117441592E8,1.555468259E8,8.06645213E7,1.020122672E8,8.94204996E7,1.9603504605739E8,2.5225110731E8,1.3083719767496E8,1.6308148606629E8,1.4229731115481E8,-0.040053109,-0.050714615,-0.034239922,0.018229821473472414,-0.025126559,1.7352,1.6472,1.5908,1.6198,1.5791,117.82,117.6,105.58,100.78,104.54,97.89,119.12,118.85,106.69,106.12,105.1,99.67,112.14,96.4,98.02,95.95,96.64,89.3,4761006.742,8567398.326,4204256.051,5574032.681,4514018.115,5.5202348713287E8,9.2058207530101E8,4.3283956225445E8,5.6660904193448E8,4.5586516822654E8,1991218,3248600,2202213,2856979,2135637,2428166.266,4092929.327,2052275.136,2663023.902,2227613.325,2.8172354620711E8,4.3914865816365E8,2.1136561568208E8,2.709611656031E8,2.2504454637139E8,-0.00195213,-0.102134535,-0.045368441,0.037305288,-0.063701578,117.59,105.58,100.79,104.55,97.89,66.24,65.47,59.53,58.49,60.02,59.47,66.47,65.5,59.92,61.17,61.38,60.99,62.71,55,57.16,56.51,56.87,57.07,686027.282,1322363.304,614483.462,649668.505,607480.409,4.429820539446E7,7.884194736423E7,3.619632546016E7,3.833631586657E7,3.61686272098E7,462166,621529,400538,431721,394246,331480.413,648434.176,299807.269,314511.934,302061.837,2.140864817018E7,3.86302606509E7,1.766068751469E7,1.855862071048E7,1.799739106354E7,-0.011624396,-0.090728578,-0.017470183,0.026158317661138675,-0.008997001,65.47,59.53,58.49,60.02,59.48,2822.6,2707.37,2451.96,2270.16,2347.01,2233.72,2828.65,2714.64,2475.98,2396.62,2359.88,2295.74,2636.01,2250,2222,2157.14,2110,2076.68,793279.6252,1113097.713,1026573.947,1248535.211,1321099.387,2.161851949088385E9,2.759353621321312E9,2.412828498627745E9,2.84217728624149E9,2.981630480120865E9,10661631,9305297,11038637,11149156,11643770,388766.163,520430.2055,455879.6449,614416.942,666418.2157,1.059467300875251E9,1.291798679952669E9,1.069127421804749E9,1.398079659353768E9,1.505015892495484E9,-0.040817122,-0.094345825,-0.074145068,0.033861199,-0.048273981,2707.38,2451.95,2270.15,2347.02,2233.72,2148.26
2026-02-05T00:00:00,84260.5,78741.1,76968.22,78738.6,75770.21,73165.84,84270.02,79424,79360,79186.81,76971.52,73341.18,75719.9,75700,74604,72945.5,71888,62345,39491.89133,25395.48168,42273.59016,39120.10889,38375.36,3.155264093623044E9,1.9749205570473866E9,3.2607524444613295E9,2.986903008574792E9,2.8528346315391464E9,7384976,8001906,10085578,9199445,10724002,17959.61358,12031.74392,21480.45115,17304.88253,17274.35569,1.4351202459826965E9,9.360957427402172E8,1.6589774412234404E9,1.3241193964360397E9,1.2846647688290725E9,-0.06550401,-0.022515309,0.023001704210088736,-0.037699421,-0.034372084,78741.09,76968.21,78738.61,75770.21,73165.83,1.7353,1.6472,1.5908,1.6199,1.579,1.512,1.7547,1.6805,1.6571,1.6339,1.6122,1.5154,1.5028,1.5526,1.5307,1.5274,1.4948,1.1371,3.323694679E8,1.82387658E8,2.181073047E8,1.905530424E8,1.943867029E8,5.3878664636154E8,2.9600331728224E8,3.4875097895153E8,3.0315600231118E8,3.0203789196737E8,2380722,1719231,2139400,1612184,1749945,1.555468259E8,8.06645213E7,1.020122672E8,8.94204996E7,9.29883727E7,2.5225110731E8,1.3083719767496E8,1.6308148606629E8,1.4229731115481E8,1.4446624242228E8,-0.050714615,-0.034239922,0.018229821473472414,-0.025126559,-0.042492559,1.6472,1.5908,1.6198,1.5791,1.512,117.6,105.58,100.78,104.54,97.89,92.11,118.85,106.69,106.12,105.1,99.67,93.43,96.4,98.02,95.95,96.64,89.3,77.6,8567398.326,4204256.051,5574032.681,4514018.115,6251459.371,9.2058207530101E8,4.3283956225445E8,5.6660904193448E8,4.5586516822654E8,5.8986383990233E8,3248600,2202213,2856979,2135637,2940009,4092929.327,2052275.136,2663023.902,2227613.325,3095939.216,4.3914865816365E8,2.1136561568208E8,2.709611656031E8,2.2504454637139E8,2.9185354148574E8,-0.102134535,-0.045368441,0.037305288,-0.063701578,-0.058943712,105.58,100.79,104.55,97.89,92.12,65.47,59.53,58.49,60.02,59.47,58.89,65.5,59.92,61.17,61.38,60.99,59.49,55,57.16,56.51,56.87,57.07,50.18,1322363.304,614483.462,649668.505,607480.409,610711.727,7.884194736423E7,3.619632546016E7,3.833631586657E7,3.61686272098E7,3.605084146711E7,621529,400538,431721,394246,410884,648434.176,299807.269,314511.934,302061.837,309305.507,3.86302606509E7,1.766068751469E7,1.855862071048E7,1.799739106354E7,1.82552677747E7,-0.090728578,-0.017470183,0.026158317661138675,-0.008997001,-0.009919301,59.53,58.49,60.02,59.48,58.89,2707.37,2451.96,2270.16,2347.01,2233.72,2148.25,2714.64,2475.98,2396.62,2359.88,2295.74,2173.77,2250,2222,2157.14,2110,2076.68,1818.18,1113097.713,1026573.947,1248535.211,1321099.387,1264743.43,2.759353621321312E9,2.412828498627745E9,2.84217728624149E9,2.981630480120865E9,2.756607838332894E9,9305297,11038637,11149156,11643770,10912540,520430.2055,455879.6449,614416.942,666418.2157,609896.0952,1.291798679952669E9,1.069127421804749E9,1.398079659353768E9,1.505015892495484E9,1.325924462845477E9,-0.094345825,-0.074145068,0.033861199,-0.048273981,-0.038259048,2451.95,2270.15,2347.02,2233.72,2148.26,1826.83
2026-02-06T00:00:00,78741.1,76968.22,78738.6,75770.21,73165.84,62909.87,79424,79360,79186.81,76971.52,73341.18,71751.33,75700,74604,72945.5,71888,62345,60000,25395.48168,42273.59016,39120.10889,38375.36,106298.829,1.9749205570473866E9,3.2607524444613295E9,2.986903008574792E9,2.8528346315391464E9,7.198745594280694E9,8001906,10085578,9199445,10724002,15364010,12031.74392,21480.45115,17304.88253,17274.35569,49042.65006,9.360957427402172E8,1.6589774412234404E9,1.3241193964360397E9,1.2846647688290725E9,3.3257495030332394E9,-0.022515309,0.023001704210088736,-0.037699421,-0.034372084,-0.140174314,76968.21,78738.61,75770.21,73165.83,62909.86,1.6472,1.5908,1.6199,1.579,1.512,1.2145,1.6805,1.6571,1.6339,1.6122,1.5154,1.5442,1.5526,1.5307,1.5274,1.4948,1.1371,1.1172,1.82387658E8,2.181073047E8,1.905530424E8,1.943867029E8,7.44109671E8,2.9600331728224E8,3.4875097895153E8,3.0315600231118E8,3.0203789196737E8,9.6188416958011E8,1719231,2139400,1612184,1749945,5683396,8.06645213E7,1.020122672E8,8.94204996E7,9.29883727E7,3.663108951E8,1.3083719767496E8,1.6308148606629E8,1.4229731115481E8,1.4446624242228E8,4.7366494186597E8,-0.034239922,0.018229821473472414,-0.025126559,-0.042492559,-0.196693122,1.5908,1.6198,1.5791,1.512,1.2146,105.58,100.78,104.54,97.89,92.11,78.34,106.69,106.12,105.1,99.67,93.43,89.84,98.02,95.95,96.64,89.3,77.6,67.5,4204256.051,5574032.681,4514018.115,6251459.371,1.024335548E7,4.3283956225445E8,5.6660904193448E8,4.5586516822654E8,5.8986383990233E8,8.7478898351127E8,2202213,2856979,2135637,2940009,4871571,2052275.136,2663023.902,2227613.325,3095939.216,4836738.921,2.1136561568208E8,2.709611656031E8,2.2504454637139E8,2.9185354148574E8,4.1363735022663E8,-0.045368441,0.037305288,-0.063701578,-0.058943712,-0.149478941,100.79,104.55,97.89,92.12,78.35,59.53,58.49,60.02,59.47,58.89,50.79,59.92,61.17,61.38,60.99,59.49,56.47,57.16,56.51,56.87,57.07,50.18,45.07,614483.462,649668.505,607480.409,610711.727,1590945.035,3.619632546016E7,3.833631586657E7,3.61686272098E7,3.605084146711E7,8.595632193629E7,400538,431721,394246,410884,966022,299807.269,314511.934,302061.837,309305.507,762889.225,1.766068751469E7,1.855862071048E7,1.799739106354E7,1.82552677747E7,4.118697562069E7,-0.017470183,0.026158317661138675,-0.008997001,-0.009919301,-0.137544575,58.49,60.02,59.48,58.89,50.79,2451.96,2270.16,2347.01,2233.72,2148.25,1826.83,2475.98,2396.62,2359.88,2295.74,2173.77,2093.94,2222,2157.14,2110,2076.68,1818.18,1747.8,1026573.947,1248535.211,1321099.387,1264743.43,1952286.695,2.412828498627745E9,2.84217728624149E9,2.981630480120865E9,2.756607838332894E9,3.895174109785863E9,11038637,11149156,11643770,10912540,13667587,455879.6449,614416.942,666418.2157,609896.0952,967965.2824,1.069127421804749E9,1.398079659353768E9,1.505015892495484E9,1.325924462845477E9,1.933830694362923E9,-0.074145068,0.033861199,-0.048273981,-0.038259048,-0.149623416,2270.15,2347.02,2233.72,2148.26,1826.83,2063.38
2026-02-07T00:00:00,76968.22,78738.6,75770.21,73165.84,62909.87,70580.26,79360,79186.81,76971.52,73341.18,71751.33,71690.07,74604,72945.5,71888,62345,60000,67300,42273.59016,39120.10889,38375.36,106298.829,92539.21531,3.2607524444613295E9,2.986903008574792E9,2.8528346315391464E9,7.198745594280694E9,6.1340566706115055E9,10085578,9199445,10724002,15364010,13228528,21480.45115,17304.88253,17274.35569,49042.65006,49477.51198,1.6589774412234404E9,1.3241193964360397E9,1.2846647688290725E9,3.3257495030332394E9,3.2884261492806883E9,0.023001704210088736,-0.037699421,-0.034372084,-0.140174314,0.12192683309102888,78738.61,75770.21,73165.83,62909.86,70580.26,1.5908,1.6199,1.579,1.512,1.2145,1.4697,1.6571,1.6339,1.6122,1.5154,1.5442,1.4879,1.5307,1.5274,1.4948,1.1371,1.1172,1.3858,2.181073047E8,1.905530424E8,1.943867029E8,7.44109671E8,7.081228008E8,3.4875097895153E8,3.0315600231118E8,3.0203789196737E8,9.6188416958011E8,9.6132149991777E8,2139400,1612184,1749945,5683396,5710571,1.020122672E8,8.94204996E7,9.29883727E7,3.663108951E8,3.409353641E8,1.6308148606629E8,1.4229731115481E8,1.4446624242228E8,4.7366494186597E8,4.6341165323958E8,0.018229821473472414,-0.025126559,-0.042492559,-0.196693122,0.21011032438662944,1.6198,1.5791,1.512,1.2146,1.4698,100.78,104.54,97.89,92.11,78.34,87.45,106.12,105.1,99.67,93.43,89.84,89.2,95.95,96.64,89.3,77.6,67.5,84.16,5574032.681,4514018.115,6251459.371,1.024335548E7,1.1811095766E7,5.6660904193448E8,4.5586516822654E8,5.8986383990233E8,8.7478898351127E8,9.4430812532202E8,2856979,2135637,2940009,4871571,3980604,2663023.902,2227613.325,3095939.216,4836738.921,5773154.785,2.709611656031E8,2.2504454637139E8,2.9185354148574E8,4.1363735022663E8,4.6225141125519E8,0.037305288,-0.063701578,-0.058943712,-0.149478941,0.11627313337587747,104.55,97.89,92.12,78.35,87.46,58.49,60.02,59.47,58.89,50.79,55.01,61.17,61.38,60.99,59.49,56.47,56,56.51,56.87,57.07,50.18,45.07,52.86,649668.505,607480.409,610711.727,1590945.035,1678612.362,3.833631586657E7,3.61686272098E7,3.605084146711E7,8.595632193629E7,8.536742643744E7,431721,394246,410884,966022,787483,314511.934,302061.837,309305.507,762889.225,845363.186,1.855862071048E7,1.799739106354E7,1.82552677747E7,4.118697562069E7,4.303412726902E7,0.026158317661138675,-0.008997001,-0.009919301,-0.137544575,0.083284111,60.02,59.48,58.89,50.79,55.02,2270.16,2347.01,2233.72,2148.25,1826.83,2063.37,2396.62,2359.88,2295.74,2173.77,2093.94,2121.7,2157.14,2110,2076.68,1818.18,1747.8,1994.57,1248535.211,1321099.387,1264743.43,1952286.695,2102311.557,2.84217728624149E9,2.981630480120865E9,2.756607838332894E9,3.895174109785863E9,4.099448671011839E9,11149156,11643770,10912540,13667587,12362731,614416.942,666418.2157,609896.0952,967965.2824,1189792.576,1.398079659353768E9,1.505015892495484E9,1.325924462845477E9,1.933830694362923E9,2.323481388750452E9,0.033861199,-0.048273981,-0.038259048,-0.149623416,0.1294865970013631,2347.02,2233.72,2148.26,1826.83,2063.38,2087.08
2026-02-08T00:00:00,78738.6,75770.21,73165.84,62909.87,70580.26,69289.37,79186.81,76971.52,73341.18,71751.33,71690.07,72271.41,72945.5,71888,62345,60000,67300,68888,39120.10889,38375.36,106298.829,92539.21531,44255.48036,2.986903008574792E9,2.8528346315391464E9,7.198745594280694E9,6.1340566706115055E9,3.0589838790691524E9,9199445,10724002,15364010,13228528,7167427,17304.88253,17274.35569,49042.65006,49477.51198,18766.22233,1.3241193964360397E9,1.2846647688290725E9,3.3257495030332394E9,3.2884261492806883E9,1.298989823429441E9,-0.037699421,-0.034372084,-0.140174314,0.12192683309102888,-0.018289533,75770.21,73165.83,62909.86,70580.26,69289.38,1.6199,1.579,1.512,1.2145,1.4697,1.4231,1.6339,1.6122,1.5154,1.5442,1.4879,1.4703,1.5274,1.4948,1.1371,1.1172,1.3858,1.4099,1.905530424E8,1.943867029E8,7.44109671E8,7.081228008E8,2.743103403E8,3.0315600231118E8,3.0203789196737E8,9.6188416958011E8,9.6132149991777E8,3.9196397731875E8,1612184,1749945,5683396,5710571,2315753,8.94204996E7,9.29883727E7,3.663108951E8,3.409353641E8,1.282145368E8,1.4229731115481E8,1.4446624242228E8,4.7366494186597E8,4.6341165323958E8,1.833586479262E8,-0.025126559,-0.042492559,-0.196693122,0.21011032438662944,-0.03177303,1.5791,1.512,1.2146,1.4698,1.4231,104.54,97.89,92.11,78.34,87.45,87.59,105.1,99.67,93.43,89.84,89.2,89.08,96.64,89.3,77.6,67.5,84.16,85.77,4514018.115,6251459.371,1.024335548E7,1.1811095766E7,4486649.48,4.5586516822654E8,5.8986383990233E8,8.7478898351127E8,9.4430812532202E8,3.8957519626258E8,2135637,2940009,4871571,3980604,1746041,2227613.325,3095939.216,4836738.921,5773154.785,2188177.051,2.2504454637139E8,2.9185354148574E8,4.1363735022663E8,4.6225141125519E8,1.9005762982127E8,-0.063701578,-0.058943712,-0.149478941,0.11627313337587747,0.001486394,97.89,92.12,78.35,87.46,87.59,60.02,59.47,58.89,50.79,55.01,55.19,61.38,60.99,59.49,56.47,56,55.88,56.87,57.07,50.18,45.07,52.86,53.65,607480.409,610711.727,1590945.035,1678612.362,807072.496,3.61686272098E7,3.605084146711E7,8.595632193629E7,8.536742643744E7,4.407917216207E7,394246,410884,966022,787483,370872,302061.837,309305.507,762889.225,845363.186,397549.15,1.799739106354E7,1.82552677747E7,4.118697562069E7,4.303412726902E7,2.17207442036E7,-0.008997001,-0.009919301,-0.137544575,0.083284111,0.003089786,59.48,58.89,50.79,55.02,55.19,2347.01,2233.72,2148.25,1826.83,2063.37,2087.08,2359.88,2295.74,2173.77,2093.94,2121.7,2152.03,2110,2076.68,1818.18,1747.8,1994.57,2064.1,1321099.387,1264743.43,1952286.695,2102311.557,1142616.449,2.981630480120865E9,2.756607838332894E9,3.895174109785863E9,4.099448671011839E9,2.350131251111509E9,11643770,10912540,13667587,12362731,7938360,666418.2157,609896.0952,967965.2824,1189792.576,548585.9421,1.505015892495484E9,1.325924462845477E9,1.933830694362923E9,2.323481388750452E9,1.128556150777751E9,-0.048273981,-0.038259048,-0.149623416,0.1294865970013631,0.011486008393994232,2233.72,2148.26,1826.83,2063.38,2087.08,2089.74
2026-02-09T00:00:00,75770.21,73165.84,62909.87,70580.26,69289.37,70330.38,76971.52,73341.18,71751.33,71690.07,72271.41,71453.53,71888,62345,60000,67300,68888,68308,38375.36,106298.829,92539.21531,44255.48036,21420.53168,2.8528346315391464E9,7.198745594280694E9,6.1340566706115055E9,3.0589838790691524E9,1.510003758652842E9,10724002,15364010,13228528,7167427,4870449,17274.35569,49042.65006,49477.51198,18766.22233,11435.75238,1.2846647688290725E9,3.3257495030332394E9,3.2884261492806883E9,1.298989823429441E9,8.058988672818197E8,-0.034372084,-0.140174314,0.12192683309102888,-0.018289533,0.015023947392803917,73165.83,62909.86,70580.26,69289.38,70330.38,1.579,1.512,1.2145,1.4697,1.4231,1.4308,1.6122,1.5154,1.5442,1.4879,1.4703,1.4642,1.4948,1.1371,1.1172,1.3858,1.4099,1.3728,1.943867029E8,7.44109671E8,7.081228008E8,2.743103403E8,1.260126184E8,3.0203789196737E8,9.6188416958011E8,9.6132149991777E8,3.9196397731875E8,1.8140096406214E8,1749945,5683396,5710571,2315753,1292240,9.29883727E7,3.663108951E8,3.409353641E8,1.282145368E8,6.31792822E7,1.4446624242228E8,4.7366494186597E8,4.6341165323958E8,1.833586479262E8,9.096807937173E7,-0.042492559,-0.196693122,0.21011032438662944,-0.03177303,0.005410723,1.512,1.2146,1.4698,1.4231,1.4308,97.89,92.11,78.34,87.45,87.59,86.99,99.67,93.43,89.84,89.2,89.08,88.69,89.3,77.6,67.5,84.16,85.77,82.86,6251459.371,1.024335548E7,1.1811095766E7,4486649.48,2534998.683,5.8986383990233E8,8.7478898351127E8,9.4430812532202E8,3.8957519626258E8,2.2210765610678E8,2940009,4871571,3980604,1746041,1040850,3095939.216,4836738.921,5773154.785,2188177.051,1312312.593,2.9185354148574E8,4.1363735022663E8,4.6225141125519E8,1.9005762982127E8,1.1504917517828E8,-0.058943712,-0.149478941,0.11627313337587747,0.001486394,-0.006850097,92.12,78.35,87.46,87.59,86.99,59.47,58.89,50.79,55.01,55.19,54.53,60.99,59.49,56.47,56,55.88,55.13,57.07,50.18,45.07,52.86,53.65,52.36,610711.727,1590945.035,1678612.362,807072.496,374171.837,3.605084146711E7,8.595632193629E7,8.536742643744E7,4.407917216207E7,2.057309434484E7,410884,966022,787483,370872,186034,309305.507,762889.225,845363.186,397549.15,186118.409,1.82552677747E7,4.118697562069E7,4.303412726902E7,2.17207442036E7,1.023761246795E7,-0.009919301,-0.137544575,0.083284111,0.003089786,-0.011958688,58.89,50.79,55.02,55.19,54.53,2233.72,2148.25,1826.83,2063.37,2087.08,2089.73,2295.74,2173.77,2093.94,2121.7,2152.03,2147.73,2076.68,1818.18,1747.8,1994.57,2064.1,2008.62,1264743.43,1952286.695,2102311.557,1142616.449,482837.2515,2.756607838332894E9,3.895174109785863E9,4.099448671011839E9,2.350131251111509E9,1.015368967858894E9,10912540,13667587,12362731,7938360,4379045,609896.0952,967965.2824,1189792.576,548585.9421,228020.7596,1.325924462845477E9,1.933830694362923E9,2.323481388750452E9,1.128556150777751E9,4.79809411995975E8,-0.038259048,-0.149623416,0.1294865970013631,0.011486008393994232,0.001274508,2148.26,1826.83,2063.38,2087.08,2089.74,2105.02
2026-02-10T00:00:00,73165.84,62909.87,70580.26,69289.37,70330.38,70138,73341.18,71751.33,71690.07,72271.41,71453.53,70527.59,62345,60000,67300,68888,68308,67800,106298.829,92539.21531,44255.48036,21420.53168,29152.72842,7.198745594280694E9,6.1340566706115055E9,3.0589838790691524E9,1.510003758652842E9,2.0389595394209776E9,15364010,13228528,7167427,4870449,6644769,49042.65006,49477.51198,18766.22233,11435.75238,13854.63486,3.3257495030332394E9,3.2884261492806883E9,1.298989823429441E9,8.058988672818197E8,9.690016166829728E8,-0.140174314,0.12192683309102888,-0.018289533,0.015023947392803917,-0.002735376,62909.86,70580.26,69289.38,70330.38,70138,1.512,1.2145,1.4697,1.4231,1.4308,1.437,1.5154,1.5442,1.4879,1.4703,1.4642,1.4532,1.1371,1.1172,1.3858,1.4099,1.3728,1.3916,7.44109671E8,7.081228008E8,2.743103403E8,1.260126184E8,1.685462818E8,9.6188416958011E8,9.6132149991777E8,3.9196397731875E8,1.8140096406214E8,2.4056748271765E8,5683396,5710571,2315753,1292240,1495561,3.663108951E8,3.409353641E8,1.282145368E8,6.31792822E7,7.18255307E7,4.7366494186597E8,4.6341165323958E8,1.833586479262E8,9.096807937173E7,1.0249255095228E8,-0.196693122,0.21011032438662944,-0.03177303,0.005410723,0.00433324,1.2146,1.4698,1.4231,1.4308,1.437,92.11,78.34,87.45,87.59,86.99,86.77,93.43,89.84,89.2,89.08,88.69,87.49,77.6,67.5,84.16,85.77,82.86,81.91,1.024335548E7,1.1811095766E7,4486649.48,2534998.683,3667652.416,8.7478898351127E8,9.4430812532202E8,3.8957519626258E8,2.2210765610678E8,3.1521186358337E8,4871571,3980604,1746041,1040850,1641253,4836738.921,5773154.785,2188177.051,1312312.593,1730490.081,4.1363735022663E8,4.6225141125519E8,1.9005762982127E8,1.1504917517828E8,1.4856083685899E8,-0.149478941,0.11627313337587747,0.001486394,-0.006850097,-0.002529026,78.35,87.46,87.59,86.99,86.77,58.89,50.79,55.01,55.19,54.53,54.45,59.49,56.47,56,55.88,55.13,54.68,50.18,45.07,52.86,53.65,52.36,52.84,1590945.035,1678612.362,807072.496,374171.837,393768.113,8.595632193629E7,8.536742643744E7,4.407917216207E7,2.057309434484E7,2.126759004059E7,966022,787483,370872,186034,221153,762889.225,845363.186,397549.15,186118.409,199565.246,4.118697562069E7,4.303412726902E7,2.17207442036E7,1.023761246795E7,1.077977942201E7,-0.137544575,0.083284111,0.003089786,-0.011958688,-0.001467082,50.79,55.02,55.19,54.53,54.45,2148.25,1826.83,2063.37,2087.08,2089.73,2105.02,2173.77,2093.94,2121.7,2152.03,2147.73,2124.71,1818.18,1747.8,1994.57,2064.1,2008.62,1989.38,1952286.695,2102311.557,1142616.449,482837.2515,625378.5569,3.895174109785863E9,4.099448671011839E9,2.350131251111509E9,1.015368967858894E9,1.299316807805279E9,13667587,12362731,7938360,4379045,6331904,967965.2824,1189792.576,548585.9421,228020.7596,315446.5313,1.933830694362923E9,2.323481388750452E9,1.128556150777751E9,4.79809411995975E8,6.55569971226274E8,-0.149623416,0.1294865970013631,0.011486008393994232,0.001274508,0.007311914,1826.83,2063.38,2087.08,2089.74,2105.02,2022.67
2026-02-11T00:00:00,62909.87,70580.26,69289.37,70330.38,70138,68841.28,71751.33,71690.07,72271.41,71453.53,70527.59,69292.88,60000,67300,68888,68308,67800,65756,92539.21531,44255.48036,21420.53168,29152.72842,20373.77072,6.1340566706115055E9,3.0589838790691524E9,1.510003758652842E9,2.0389595394209776E9,1.4086236233599253E9,13228528,7167427,4870449,6644769,4558658,49477.51198,18766.22233,11435.75238,13854.63486,9237.21056,3.2884261492806883E9,1.298989823429441E9,8.058988672818197E8,9.690016166829728E8,6.387399502535255E8,0.12192683309102888,-0.018289533,0.015023947392803917,-0.002735376,-0.018487981,70580.26,69289.38,70330.38,70138,68841.29,1.2145,1.4697,1.4231,1.4308,1.437,1.3998,1.5442,1.4879,1.4703,1.4642,1.4532,1.4205,1.1172,1.3858,1.4099,1.3728,1.3916,1.3421,7.081228008E8,2.743103403E8,1.260126184E8,1.685462818E8,1.133993737E8,9.6132149991777E8,3.9196397731875E8,1.8140096406214E8,2.4056748271765E8,1.6093426597524E8,5710571,2315753,1292240,1495561,939856,3.409353641E8,1.282145368E8,6.31792822E7,7.18255307E7,5.25577904E7,4.6341165323958E8,1.833586479262E8,9.096807937173E7,1.0249255095228E8,7.449935128717E7,0.21011032438662944,-0.03177303,0.005410723,0.00433324,-0.025817676,1.4698,1.4231,1.4308,1.437,1.3999,78.34,87.45,87.59,86.99,86.77,82.99,89.84,89.2,89.08,88.69,87.49,84.39,67.5,84.16,85.77,82.86,81.91,78.04,1.1811095766E7,4486649.48,2534998.683,3667652.416,2975212.105,9.4430812532202E8,3.8957519626258E8,2.2210765610678E8,3.1521186358337E8,2.5131796378963E8,3980604,1746041,1040850,1641253,1118002,5773154.785,2188177.051,1312312.593,1730490.081,1398749.372,4.6225141125519E8,1.9005762982127E8,1.1504917517828E8,1.4856083685899E8,1.1813369738029E8,0.11627313337587747,0.001486394,-0.006850097,-0.002529026,-0.043563444,87.46,87.59,86.99,86.77,82.99,50.79,55.01,55.19,54.53,54.45,53.37,56.47,56,55.88,55.13,54.68,53.71,45.07,52.86,53.65,52.36,52.84,51,1678612.362,807072.496,374171.837,393768.113,289989.059,8.536742643744E7,4.407917216207E7,2.057309434484E7,2.126759004059E7,1.552335066067E7,787483,370872,186034,221153,185560,845363.186,397549.15,186118.409,199565.246,132344.439,4.303412726902E7,2.17207442036E7,1.023761246795E7,1.077977942201E7,7081719.455,0.083284111,0.003089786,-0.011958688,-0.001467082,-0.019651056,55.02,55.19,54.53,54.45,53.38,1826.83,2063.37,2087.08,2089.73,2105.02,2022.67,2093.94,2121.7,2152.03,2147.73,2124.71,2032.31,1747.8,1994.57,2064.1,2008.62,1989.38,1903.19,2102311.557,1142616.449,482837.2515,625378.5569,574321.6908,4.099448671011839E9,2.350131251111509E9,1.015368967858894E9,1.299316807805279E9,1.163710989708572E9,12362731,7938360,4379045,6331904,5159394,1189792.576,548585.9421,228020.7596,315446.5313,276990.265,2.323481388750452E9,1.128556150777751E9,4.79809411995975E8,6.55569971226274E8,5.6097501104426E8,0.1294865970013631,0.011486008393994232,0.001274508,0.007311914,-0.039120768,2063.38,2087.08,2089.74,2105.02,2022.67,1941.18
2026-02-12T00:00:00,70580.26,69289.37,70330.38,70138,68841.28,67082.52,71690.07,72271.41,71453.53,70527.59,69292.88,68410.52,67300,68888,68308,67800,65756,65118,44255.48036,21420.53168,29152.72842,20373.77072,28718.24602,3.0589838790691524E9,1.510003758652842E9,2.0389595394209776E9,1.4086236233599253E9,1.9305139475441146E9,7167427,4870449,6644769,4558658,6956577,18766.22233,11435.75238,13854.63486,9237.21056,14335.50997,1.298989823429441E9,8.058988672818197E8,9.690016166829728E8,6.387399502535255E8,9.639037482694873E8,-0.018289533,0.015023947392803917,-0.002735376,-0.018487981,-0.025548185,69289.38,70330.38,70138,68841.29,67082.52,1.4697,1.4231,1.4308,1.437,1.3998,1.3697,1.4879,1.4703,1.4642,1.4532,1.4205,1.4082,1.3858,1.4099,1.3728,1.3916,1.3421,1.3461,2.743103403E8,1.260126184E8,1.685462818E8,1.133993737E8,1.726962637E8,3.9196397731875E8,1.8140096406214E8,2.4056748271765E8,1.6093426597524E8,2.3754981671376E8,2315753,1292240,1495561,939856,1382467,1.282145368E8,6.31792822E7,7.18255307E7,5.25577904E7,8.25504696E7,1.833586479262E8,9.096807937173E7,1.0249255095228E8,7.449935128717E7,1.1349995249281E8,-0.03177303,0.005410723,0.00433324,-0.025817676,-0.021572969,1.4231,1.4308,1.437,1.3999,1.3697,87.45,87.59,86.99,86.77,82.99,79.31,89.2,89.08,88.69,87.49,84.39,82.25,84.16,85.77,82.86,81.91,78.04,76.6,4486649.48,2534998.683,3667652.416,2975212.105,3814913.32,3.8957519626258E8,2.2210765610678E8,3.1521186358337E8,2.5131796378963E8,3.0820541126465E8,1746041,1040850,1641253,1118002,1519961,2188177.051,1312312.593,1730490.081,1398749.372,1909861.395,1.9005762982127E8,1.1504917517828E8,1.4856083685899E8,1.1813369738029E8,1.5426625700822E8,0.001486394,-0.006850097,-0.002529026,-0.043563444,-0.044463188,87.59,86.99,86.77,82.99,79.3,55.01,55.19,54.53,54.45,53.37,52.32,56,55.88,55.13,54.68,53.71,53.81,52.86,53.65,52.36,52.84,51,51.51,807072.496,374171.837,393768.113,289989.059,428953.94,4.407917216207E7,2.057309434484E7,2.126759004059E7,1.552335066067E7,2.237706205081E7,370872,186034,221153,185560,231264,397549.15,186118.409,199565.246,132344.439,207632.745,2.17207442036E7,1.023761246795E7,1.077977942201E7,7081719.455,1.083347746522E7,0.003089786,-0.011958688,-0.001467082,-0.019651056,-0.019857625,55.19,54.53,54.45,53.38,52.32,2063.37,2087.08,2089.73,2105.02,2022.67,1941.19,2121.7,2152.03,2147.73,2124.71,2032.31,2001.42,1994.57,2064.1,2008.62,1989.38,1903.19,1897.24,1142616.449,482837.2515,625378.5569,574321.6908,529655.8177,2.350131251111509E9,1.015368967858894E9,1.299316807805279E9,1.163710989708572E9,1.036100476102876E9,7938360,4379045,6331904,5159394,6450810,548585.9421,228020.7596,315446.5313,276990.265,259017.7416,1.128556150777751E9,4.79809411995975E8,6.55569971226274E8,5.6097501104426E8,5.06650635748852E8,0.011486008393994232,0.001274508,0.007311914,-0.039120768,-0.040288332,2087.08,2089.74,2105.02,2022.67,1941.18,1947.85
2026-02-13T00:00:00,69289.37,70330.38,70138,68841.28,67082.52,66272.17,72271.41,71453.53,70527.59,69292.88,68410.52,69482.97,68888,68308,67800,65756,65118,65872.46,21420.53168,29152.72842,20373.77072,28718.24602,24271.74283,1.510003758652842E9,2.0389595394209776E9,1.4086236233599253E9,1.9305139475441146E9,1.6221621453342066E9,4870449,6644769,4558658,6956577,6778280,11435.75238,13854.63486,9237.21056,14335.50997,12101.72511,8.058988672818197E8,9.690016166829728E8,6.387399502535255E8,9.639037482694873E8,8.094188520733618E8,0.015023947392803917,-0.002735376,-0.018487981,-0.025548185,-0.012079898,70330.38,70138,68841.29,67082.52,66272.17,1.4231,1.4308,1.437,1.3998,1.3697,1.3635,1.4703,1.4642,1.4532,1.4205,1.4082,1.4285,1.4099,1.3728,1.3916,1.3421,1.3461,1.3485,1.260126184E8,1.685462818E8,1.133993737E8,1.726962637E8,1.168562641E8,1.8140096406214E8,2.4056748271765E8,1.6093426597524E8,2.3754981671376E8,1.6071892705486E8,1292240,1495561,939856,1382467,1005243,6.31792822E7,7.18255307E7,5.25577904E7,8.25504696E7,5.97648383E7,9.096807937173E7,1.0249255095228E8,7.449935128717E7,1.1349995249281E8,8.216427533411E7,0.005410723,0.00433324,-0.025817676,-0.021572969,-0.004526539,1.4308,1.437,1.3999,1.3697,1.3635,87.59,86.99,86.77,82.99,79.31,78.39,89.08,88.69,87.49,84.39,82.25,85.63,85.77,82.86,81.91,78.04,76.6,77.53,2534998.683,3667652.416,2975212.105,3814913.32,3196230.117,2.2210765610678E8,3.1521186358337E8,2.5131796378963E8,3.0820541126465E8,2.5414571977685E8,1040850,1641253,1118002,1519961,1324436,1312312.593,1730490.081,1398749.372,1909861.395,1622269.948,1.1504917517828E8,1.4856083685899E8,1.1813369738029E8,1.5426625700822E8,1.2898266306688E8,-0.006850097,-0.002529026,-0.043563444,-0.044463188,-0.011349306,86.99,86.77,82.99,79.3,78.4,55.19,54.53,54.45,53.37,52.32,53.15,55.88,55.13,54.68,53.71,53.81,55.7,53.65,52.36,52.84,51,51.51,52.36,374171.837,393768.113,289989.059,428953.94,340264.81,2.057309434484E7,2.126759004059E7,1.552335066067E7,2.237706205081E7,1.795176178533E7,186034,221153,185560,231264,178539,186118.409,199565.246,132344.439,207632.745,172328.959,1.023761246795E7,1.077977942201E7,7081719.455,1.083347746522E7,9097690.341,-0.011958688,-0.001467082,-0.019651056,-0.019857625,0.015863914373088654,54.53,54.45,53.38,52.32,53.15,2087.08,2089.73,2105.02,2022.67,1941.19,1947.85,2152.03,2147.73,2124.71,2032.31,2001.42,2073.68,2064.1,2008.62,1989.38,1903.19,1897.24,1924.72,482837.2515,625378.5569,574321.6908,529655.8177,427567.1469,1.015368967858894E9,1.299316807805279E9,1.163710989708572E9,1.036100476102876E9,8.33481568532024E8,4379045,6331904,5159394,6450810,5262808,228020.7596,315446.5313,276990.265,259017.7416,212467.499,4.79809411995975E8,6.55569971226274E8,5.6097501104426E8,5.06650635748852E8,4.14232137149514E8,0.001274508,0.007311914,-0.039120768,-0.040288332,0.003436054,2089.74,2105.02,2022.67,1941.18,1947.85,2048.72
2026-02-14T00:00:00,70330.38,70138,68841.28,67082.52,66272.17,68853.97,71453.53,70527.59,69292.88,68410.52,69482.97,70560.01,68308,67800,65756,65118,65872.46,68730.13,29152.72842,20373.77072,28718.24602,24271.74283,20244.54955,2.0389595394209776E9,1.4086236233599253E9,1.9305139475441146E9,1.6221621453342066E9,1.3712860223300548E9,6644769,4558658,6956577,6778280,6450842,13854.63486,9237.21056,14335.50997,12101.72511,10425.24887,9.690016166829728E8,6.387399502535255E8,9.639037482694873E8,8.094188520733618E8,7.067665406168541E8,-0.002735376,-0.018487981,-0.025548185,-0.012079898,0.038957378,70138,68841.29,67082.52,66272.17,68853.96,1.4308,1.437,1.3998,1.3697,1.3635,1.407,1.4642,1.4532,1.4205,1.4082,1.4285,1.5138,1.3728,1.3916,1.3421,1.3461,1.3485,1.4051,1.685462818E8,1.133993737E8,1.726962637E8,1.168562641E8,1.250277394E8,2.4056748271765E8,1.6093426597524E8,2.3754981671376E8,1.6071892705486E8,1.7341037067896E8,1495561,939856,1382467,1005243,982787,7.18255307E7,5.25577904E7,8.25504696E7,5.97648383E7,5.66606887E7,1.0249255095228E8,7.449935128717E7,1.1349995249281E8,8.216427533411E7,7.86037877335E7,0.00433324,-0.025817676,-0.021572969,-0.004526539,0.031976530986432036,1.437,1.3999,1.3697,1.3635,1.4071,86.99,86.77,82.99,79.31,78.39,84.34,88.69,87.49,84.39,82.25,85.63,88.9,82.86,81.91,78.04,76.6,77.53,84.21,3667652.416,2975212.105,3814913.32,3196230.117,3370390.272,3.1521186358337E8,2.5131796378963E8,3.0820541126465E8,2.5414571977685E8,2.7578444145232E8,1641253,1118002,1519961,1324436,1245544,1730490.081,1398749.372,1909861.395,1622269.948,1651859.713,1.4856083685899E8,1.1813369738029E8,1.5426625700822E8,1.2898266306688E8,1.3522155241331E8,-0.002529026,-0.043563444,-0.044463188,-0.011349306,0.075637755,86.77,82.99,79.3,78.4,84.33,54.53,54.45,53.37,52.32,53.15,55.04,55.13,54.68,53.71,53.81,55.7,56.66,52.36,52.84,51,51.51,52.36,54.88,393768.113,289989.059,428953.94,340264.81,376571.893,2.126759004059E7,1.552335066067E7,2.237706205081E7,1.795176178533E7,2.03968568894E7,221153,185560,231264,178539,205807,199565.246,132344.439,207632.745,172328.959,194229.802,1.077977942201E7,7081719.455,1.083347746522E7,9097690.341,1.051511703802E7,-0.001467082,-0.019651056,-0.019857625,0.015863914373088654,0.03537159,54.45,53.38,52.32,53.15,55.03,2089.73,2105.02,2022.67,1941.19,1947.85,2048.72,2147.73,2124.71,2032.31,2001.42,2073.68,2107.67,2008.62,1989.38,1903.19,1897.24,1924.72,2042.37,625378.5569,574321.6908,529655.8177,427567.1469,425649.7698,1.299316807805279E9,1.163710989708572E9,1.036100476102876E9,8.33481568532024E8,8.5090779120718E8,6331904,5159394,6450810,5262808,4695571,315446.5313,276990.265,259017.7416,212467.499,215643.6192,6.55569971226274E8,5.6097501104426E8,5.06650635748852E8,4.14232137149514E8,4.31290771892009E8,0.007311914,-0.039120768,-0.040288332,0.003436054,0.051785302,2105.02,2022.67,1941.18,1947.85,2048.72,2086.59
2026-02-15T00:00:00,70138,68841.28,67082.52,66272.17,68853.97,69822.94,70527.59,69292.88,68410.52,69482.97,70560.01,70983,67800,65756,65118,65872.46,68730.13,68000,20373.77072,28718.24602,24271.74283,20244.54955,18114.78393,1.4086236233599253E9,1.9305139475441146E9,1.6221621453342066E9,1.3712860223300548E9,1.2602593143600264E9,4558658,6956577,6778280,6450842,3803163,9237.21056,14335.50997,12101.72511,10425.24887,7857.93423,6.387399502535255E8,9.639037482694873E8,8.094188520733618E8,7.067665406168541E8,5.467560732649412E8,-0.018487981,-0.025548185,-0.012079898,0.038957378,0.014073119,68841.29,67082.52,66272.17,68853.96,69822.95,1.437,1.3998,1.3697,1.3635,1.407,1.5094,1.4532,1.4205,1.4082,1.4285,1.5138,1.6714,1.3916,1.3421,1.3461,1.3485,1.4051,1.445,1.133993737E8,1.726962637E8,1.168562641E8,1.250277394E8,1.131405384E8,1.6093426597524E8,2.3754981671376E8,1.6071892705486E8,1.7341037067896E8,1.6577032182151E8,939856,1382467,1005243,982787,851648,5.25577904E7,8.25504696E7,5.97648383E7,5.66606887E7,5.48679845E7,7.449935128717E7,1.1349995249281E8,8.216427533411E7,7.86037877335E7,8.038581735301E7,-0.025817676,-0.021572969,-0.004526539,0.031976530986432036,0.072702722,1.3999,1.3697,1.3635,1.4071,1.5094,86.77,82.99,79.31,78.39,84.34,88.06,87.49,84.39,82.25,85.63,88.9,91.26,81.91,78.04,76.6,77.53,84.21,84.89,2975212.105,3814913.32,3196230.117,3370390.272,2698607.215,2.5131796378963E8,3.0820541126465E8,2.5414571977685E8,2.7578444145232E8,2.3437054310908E8,1118002,1519961,1324436,1245544,771870,1398749.372,1909861.395,1622269.948,1651859.713,1378612.079,1.1813369738029E8,1.5426625700822E8,1.2898266306688E8,1.3522155241331E8,1.1968903954642E8,-0.043563444,-0.044463188,-0.011349306,0.075637755,0.044230997,82.99,79.3,78.4,84.33,88.06,54.45,53.37,52.32,53.15,55.04,55.99,54.68,53.71,53.81,55.7,56.66,56.68,52.84,51,51.51,52.36,54.88,54.18,289989.059,428953.94,340264.81,376571.893,322012.369,1.552335066067E7,2.237706205081E7,1.795176178533E7,2.03968568894E7,1.795396383347E7,185560,231264,178539,205807,177149,132344.439,207632.745,172328.959,194229.802,169987.471,7081719.455,1.083347746522E7,9097690.341,1.051511703802E7,9474591.633,-0.019651056,-0.019857625,0.015863914373088654,0.03537159,0.017445029983645298,53.38,52.32,53.15,55.03,55.99,2105.02,2022.67,1941.19,1947.85,2048.72,2086.59,2124.71,2032.31,2001.42,2073.68,2107.67,2103.32,1989.38,1903.19,1897.24,1924.72,2042.37,1928.88,574321.6908,529655.8177,427567.1469,425649.7698,220677.2355,1.163710989708572E9,1.036100476102876E9,8.33481568532024E8,8.5090779120718E8,4.58319230494356E8,5159394,6450810,5262808,4695571,2720271,276990.265,259017.7416,212467.499,215643.6192,110065.542,5.6097501104426E8,5.06650635748852E8,4.14232137149514E8,4.31290771892009E8,2.28627817282618E8,-0.039120768,-0.040288332,0.003436054,0.051785302,0.018484712,2022.67,1941.18,1947.85,2048.72,2086.59,1966.58
2026-02-16T00:00:00,68841.28,67082.52,66272.17,68853.97,69822.94,68832.59,69292.88,68410.52,69482.97,70560.01,70983,70126.67,65756,65118,65872.46,68730.13,68000,67294.11,28718.24602,24271.74283,20244.54955,18114.78393,22290.05208,1.9305139475441146E9,1.6221621453342066E9,1.3712860223300548E9,1.2602593143600264E9,1.5450945721368146E9,6956577,6778280,6450842,3803163,4598633,14335.50997,12101.72511,10425.24887,7857.93423,8861.59262,9.639037482694873E8,8.094188520733618E8,7.067665406168541E8,5.467560732649412E8,6.157330991208996E8,-0.025548185,-0.012079898,0.038957378,0.014073119,-0.014184018,67082.52,66272.17,68853.96,69822.95,68832.58,1.3998,1.3697,1.3635,1.407,1.5094,1.4753,1.4205,1.4082,1.4285,1.5138,1.6714,1.5171,1.3421,1.3461,1.3485,1.4051,1.445,1.4485,1.726962637E8,1.168562641E8,1.250277394E8,1.131405384E8,2.993064724E8,2.3754981671376E8,1.6071892705486E8,1.7341037067896E8,1.6577032182151E8,4.6352295761473E8,1382467,1005243,982787,851648,2457642,8.25504696E7,5.97648383E7,5.66606887E7,5.48679845E7,1.499404307E8,1.1349995249281E8,8.216427533411E7,7.86037877335E7,8.038581735301E7,2.324881015996E8,-0.021572969,-0.004526539,0.031976530986432036,0.072702722,-0.022591758,1.3697,1.3635,1.4071,1.5094,1.4753,82.99,79.31,78.39,84.34,88.06,86.15,84.39,82.25,85.63,88.9,91.26,86.93,78.04,76.6,77.53,84.21,84.89,82.55,3814913.32,3196230.117,3370390.272,2698607.215,3929085.4,3.0820541126465E8,2.5414571977685E8,2.7578444145232E8,2.3437054310908E8,3.4625070178011E8,1519961,1324436,1245544,771870,1210120,1909861.395,1622269.948,1651859.713,1378612.079,1880755.574,1.5426625700822E8,1.2898266306688E8,1.3522155241331E8,1.1968903954642E8,1.6590686763736E8,-0.044463188,-0.011349306,0.075637755,0.044230997,-0.021576198,79.3,78.4,84.33,88.06,86.16,53.37,52.32,53.15,55.04,55.99,55.09,53.71,53.81,55.7,56.66,56.68,55.65,51,51.51,52.36,54.88,54.18,53.33,428953.94,340264.81,376571.893,322012.369,375205.526,2.237706205081E7,1.795176178533E7,2.03968568894E7,1.795396383347E7,2.075386042725E7,231264,178539,205807,177149,233014,207632.745,172328.959,194229.802,169987.471,183831.788,1.083347746522E7,9097690.341,1.051511703802E7,9474591.633,1.017449363159E7,-0.019857625,0.015863914373088654,0.03537159,0.017445029983645298,-0.016252902,52.32,53.15,55.03,55.99,55.08,2022.67,1941.19,1947.85,2048.72,2086.59,1966.59,2032.31,2001.42,2073.68,2107.67,2103.32,2023.51,1903.19,1897.24,1924.72,2042.37,1928.88,1937.24,529655.8177,427567.1469,425649.7698,220677.2355,834778.0952,1.036100476102876E9,8.33481568532024E8,8.5090779120718E8,4.58319230494356E8,1.680654508880478E9,6450810,5262808,4695571,2720271,5864311,259017.7416,212467.499,215643.6192,110065.542,323503.2298,5.06650635748852E8,4.14232137149514E8,4.31290771892009E8,2.28627817282618E8,6.51093452905736E8,-0.040288332,0.003436054,0.051785302,0.018484712,-0.057514893,1941.18,1947.85,2048.72,2086.59,1966.58,1998.33
2026-02-17T00:00:00,67082.52,66272.17,68853.97,69822.94,68832.59,68892.43,68410.52,69482.97,70560.01,70983,70126.67,69241.5,65118,65872.46,68730.13,68000,67294.11,66621.06,24271.74283,20244.54955,18114.78393,22290.05208,15515.76534,1.6221621453342066E9,1.3712860223300548E9,1.2602593143600264E9,1.5450945721368146E9,1.0627979182535971E9,6778280,6450842,3803163,4598633,5233849,12101.72511,10425.24887,7857.93423,8861.59262,8153.4314,8.094188520733618E8,7.067665406168541E8,5.467560732649412E8,6.157330991208996E8,5.589091917674918E8,-0.012079898,0.038957378,0.014073119,-0.014184018,8.695010415124824E-4,66272.17,68853.96,69822.95,68832.58,68892.43,1.3697,1.3635,1.407,1.5094,1.4753,1.4876,1.4082,1.4285,1.5138,1.6714,1.5171,1.495,1.3461,1.3485,1.4051,1.445,1.4485,1.4268,1.168562641E8,1.250277394E8,1.131405384E8,2.993064724E8,1.45403123E8,1.6071892705486E8,1.7341037067896E8,1.6577032182151E8,4.6352295761473E8,2.1554874840283E8,1005243,982787,851648,2457642,1276762,5.97648383E7,5.66606887E7,5.48679845E7,1.499404307E8,7.59284906E7,8.216427533411E7,7.86037877335E7,8.038581735301E7,2.324881015996E8,1.1254813855694E8,-0.004526539,0.031976530986432036,0.072702722,-0.022591758,0.008337287,1.3635,1.4071,1.5094,1.4753,1.4876,79.31,78.39,84.34,88.06,86.15,86.45,82.25,85.63,88.9,91.26,86.93,87.69,76.6,77.53,84.21,84.89,82.55,82.92,3196230.117,3370390.272,2698607.215,3929085.4,3559751.811,2.5414571977685E8,2.7578444145232E8,2.3437054310908E8,3.4625070178011E8,3.0254662754411E8,1324436,1245544,771870,1210120,1097748,1622269.948,1651859.713,1378612.079,1880755.574,1807368.413,1.2898266306688E8,1.3522155241331E8,1.1968903954642E8,1.6590686763736E8,1.536130956553E8,-0.011349306,0.075637755,0.044230997,-0.021576198,0.003365831,78.4,84.33,88.06,86.16,86.45,52.32,53.15,55.04,55.99,55.09,55.13,53.81,55.7,56.66,56.68,55.65,55.85,51.51,52.36,54.88,54.18,53.33,53.17,340264.81,376571.893,322012.369,375205.526,393363.556,1.795176178533E7,2.03968568894E7,1.795396383347E7,2.075386042725E7,2.135913176483E7,178539,205807,177149,233014,209803,172328.959,194229.802,169987.471,183831.788,202826.262,9097690.341,1.051511703802E7,9474591.633,1.017449363159E7,1.101181902223E7,0.015863914373088654,0.03537159,0.017445029983645298,-0.016252902,9.077705156137303E-4,53.15,55.03,55.99,55.08,55.13,1941.19,1947.85,2048.72,2086.59,1966.59,1998.34,2001.42,2073.68,2107.67,2103.32,2023.51,2015.33,1897.24,1924.72,2042.37,1928.88,1937.24,1941.66,427567.1469,425649.7698,220677.2355,834778.0952,351347.9433,8.33481568532024E8,8.5090779120718E8,4.58319230494356E8,1.680654508880478E9,6.94116360940269E8,5262808,4695571,2720271,5864311,4476026,212467.499,215643.6192,110065.542,323503.2298,178158.7858,4.14232137149514E8,4.31290771892009E8,2.28627817282618E8,6.51093452905736E8,3.52070618301827E8,0.003436054,0.051785302,0.018484712,-0.057514893,0.016144779,1947.85,2048.72,2086.59,1966.58,1998.33,1991.66
2026-02-18T00:00:00,66272.17,68853.97,69822.94,68832.59,68892.43,67503.52,69482.97,70560.01,70983,70126.67,69241.5,68476.22,65872.46,68730.13,68000,67294.11,66621.06,65870,20244.54955,18114.78393,22290.05208,15515.76534,16489.06921,1.3712860223300548E9,1.2602593143600264E9,1.5450945721368146E9,1.0627979182535971E9,1.117987651294812E9,6450842,3803163,4598633,5233849,5994853,10425.24887,7857.93423,8861.59262,8153.4314,7538.45107,7.067665406168541E8,5.467560732649412E8,6.157330991208996E8,5.589091917674918E8,5.114261908932403E8,0.038957378,0.014073119,-0.014184018,8.695010415124824E-4,-0.02016056,68853.96,69822.95,68832.58,68892.43,67503.52,1.3635,1.407,1.5094,1.4753,1.4876,1.4742,1.4285,1.5138,1.6714,1.5171,1.495,1.4943,1.3485,1.4051,1.445,1.4485,1.4268,1.4102,1.250277394E8,1.131405384E8,2.993064724E8,1.45403123E8,9.883839E7,1.7341037067896E8,1.6577032182151E8,4.6352295761473E8,2.1554874840283E8,1.4512407530722E8,982787,851648,2457642,1276762,923941,5.66606887E7,5.48679845E7,1.499404307E8,7.59284906E7,5.07546241E7,7.86037877335E7,8.038581735301E7,2.324881015996E8,1.1254813855694E8,7.452018897287E7,0.031976530986432036,0.072702722,-0.022591758,0.008337287,-0.008940575,1.4071,1.5094,1.4753,1.4876,1.4743,78.39,84.34,88.06,86.15,86.45,85.09,85.63,88.9,91.26,86.93,87.69,86.09,77.53,84.21,84.89,82.55,82.92,80.48,3370390.272,2698607.215,3929085.4,3559751.811,2774655.865,2.7578444145232E8,2.3437054310908E8,3.4625070178011E8,3.0254662754411E8,2.3567349440328E8,1245544,771870,1210120,1097748,1064339,1651859.713,1378612.079,1880755.574,1807368.413,1385557.165,1.3522155241331E8,1.1968903954642E8,1.6590686763736E8,1.536130956553E8,1.1766569465988E8,0.075637755,0.044230997,-0.021576198,0.003365831,-0.015847311,84.33,88.06,86.16,86.45,85.08,53.15,55.04,55.99,55.09,55.13,53.96,55.7,56.66,56.68,55.65,55.85,54.93,52.36,54.88,54.18,53.33,53.17,52.95,376571.893,322012.369,375205.526,393363.556,357538.905,2.03968568894E7,1.795396383347E7,2.075386042725E7,2.135913176483E7,1.946842107935E7,205807,177149,233014,209803,225155,194229.802,169987.471,183831.788,202826.262,180520.162,1.051511703802E7,9474591.633,1.017449363159E7,1.101181902223E7,9829508.579,0.03537159,0.017445029983645298,-0.016252902,9.077705156137303E-4,-0.021222565,55.03,55.99,55.08,55.13,53.96,1947.85,2048.72,2086.59,1966.59,1998.34,1991.67,2073.68,2107.67,2103.32,2023.51,2015.33,2039.05,1924.72,2042.37,1928.88,1937.24,1941.66,1923.78,425649.7698,220677.2355,834778.0952,351347.9433,406246.9427,8.5090779120718E8,4.58319230494356E8,1.680654508880478E9,6.94116360940269E8,8.04961298709777E8,4695571,2720271,5864311,4476026,6420841,215643.6192,110065.542,323503.2298,178158.7858,196947.7031,4.31290771892009E8,2.28627817282618E8,6.51093452905736E8,3.52070618301827E8,3.90162604367408E8,0.051785302,0.018484712,-0.057514893,0.016144779,-0.003337787,2048.72,2086.59,1966.58,1998.33,1991.66,1955.91
2026-02-19T00:00:00,68853.97,69822.94,68832.59,68892.43,67503.52,66461,70560.01,70983,70126.67,69241.5,68476.22,67320,68730.13,68000,67294.11,66621.06,65870,65631.83,18114.78393,22290.05208,15515.76534,16489.06921,15492.43839,1.2602593143600264E9,1.5450945721368146E9,1.0627979182535971E9,1.117987651294812E9,1.0404935246521236E9,3803163,4598633,5233849,5994853,4548997,7857.93423,8861.59262,8153.4314,7538.45107,7895.05707,5.467560732649412E8,6.157330991208996E8,5.589091917674918E8,5.114261908932403E8,5.304581781385649E8,0.014073119,-0.014184018,8.695010415124824E-4,-0.02016056,-0.015443935,69822.95,68832.58,68892.43,67503.52,66461,1.407,1.5094,1.4753,1.4876,1.4742,1.422,1.5138,1.6714,1.5171,1.495,1.4943,1.4381,1.4051,1.445,1.4485,1.4268,1.4102,1.382,1.131405384E8,2.993064724E8,1.45403123E8,9.883839E7,8.58318539E7,1.6577032182151E8,4.6352295761473E8,2.1554874840283E8,1.4512407530722E8,1.251285413237E8,851648,2457642,1276762,923941,786592,5.48679845E7,1.499404307E8,7.59284906E7,5.07546241E7,4.29532236E7,8.038581735301E7,2.324881015996E8,1.1254813855694E8,7.452018897287E7,6.259413836696E7,0.072702722,-0.022591758,0.008337287,-0.008940575,-0.035542291,1.5094,1.4753,1.4876,1.4743,1.4219,84.34,88.06,86.15,86.45,85.09,81.61,88.9,91.26,86.93,87.69,86.09,82.67,84.21,84.89,82.55,82.92,80.48,79.61,2698607.215,3929085.4,3559751.811,2774655.865,3137603.97,2.3437054310908E8,3.4625070178011E8,3.0254662754411E8,2.3567349440328E8,2.612898316858E8,771870,1210120,1097748,1064339,1026899,1378612.079,1880755.574,1807368.413,1385557.165,1549834.071,1.1968903954642E8,1.6590686763736E8,1.536130956553E8,1.1766569465988E8,1.2906755782814E8,0.044230997,-0.021576198,0.003365831,-0.015847311,-0.040785143,88.06,86.16,86.45,85.08,81.61,55.04,55.99,55.09,55.13,53.96,53.32,56.66,56.68,55.65,55.85,54.93,53.73,54.88,54.18,53.33,53.17,52.95,51.42,322012.369,375205.526,393363.556,357538.905,260302.801,1.795396383347E7,2.075386042725E7,2.135913176483E7,1.946842107935E7,1.403020241314E7,177149,233014,209803,225155,182060,169987.471,183831.788,202826.262,180520.162,131921.071,9474591.633,1.017449363159E7,1.101181902223E7,9829508.579,7113202.861,0.017445029983645298,-0.016252902,9.077705156137303E-4,-0.021222565,-0.011860638,55.99,55.08,55.13,53.96,53.32,2048.72,2086.59,1966.59,1998.34,1991.67,1955.9,2107.67,2103.32,2023.51,2015.33,2039.05,1987.55,2042.37,1928.88,1937.24,1941.66,1923.78,1907,220677.2355,834778.0952,351347.9433,406246.9427,393639.0086,4.58319230494356E8,1.680654508880478E9,6.94116360940269E8,8.04961298709777E8,7.78491630599568E8,2720271,5864311,4476026,6420841,5176537,110065.542,323503.2298,178158.7858,196947.7031,191523.6119,2.28627817282618E8,6.51093452905736E8,3.52070618301827E8,3.90162604367408E8,3.78687588779843E8,0.018484712,-0.057514893,0.016144779,-0.003337787,-0.017949851,2086.59,1966.58,1998.33,1991.66,1955.91,1949.08
2026-02-20T00:00:00,69822.94,68832.59,68892.43,67503.52,66461,67003.73,70983,70126.67,69241.5,68476.22,67320,68318.39,68000,67294.11,66621.06,65870,65631.83,66280.2,22290.05208,15515.76534,16489.06921,15492.43839,14542.26988,1.5450945721368146E9,1.0627979182535971E9,1.117987651294812E9,1.0404935246521236E9,9.688635727821527E8,4598633,5233849,5994853,4548997,4679351,8861.59262,8153.4314,7538.45107,7895.05707,7106.70741,6.157330991208996E8,5.589091917674918E8,5.114261908932403E8,5.304581781385649E8,4.734562230721071E8,-0.014184018,8.695010415124824E-4,-0.02016056,-0.015443935,0.008166143,68832.58,68892.43,67503.52,66461,67003.73,1.5094,1.4753,1.4876,1.4742,1.422,1.4068,1.6714,1.5171,1.495,1.4943,1.4381,1.4389,1.445,1.4485,1.4268,1.4102,1.382,1.3775,2.993064724E8,1.45403123E8,9.883839E7,8.58318539E7,1.082596771E8,4.6352295761473E8,2.1554874840283E8,1.4512407530722E8,1.251285413237E8,1.5252921026218E8,2457642,1276762,923941,786592,885502,1.499404307E8,7.59284906E7,5.07546241E7,4.29532236E7,4.96271415E7,2.324881015996E8,1.1254813855694E8,7.452018897287E7,6.259413836696E7,6.992733125651E7,-0.022591758,0.008337287,-0.008940575,-0.035542291,-0.010619594,1.4753,1.4876,1.4743,1.4219,1.4068,88.06,86.15,86.45,85.09,81.61,82.5,91.26,86.93,87.69,86.09,82.67,85.49,84.89,82.55,82.92,80.48,79.61,81.77,3929085.4,3559751.811,2774655.865,3137603.97,2848277.49,3.4625070178011E8,3.0254662754411E8,2.3567349440328E8,2.612898316858E8,2.3138577897627E8,1210120,1097748,1064339,1026899,946105,1880755.574,1807368.413,1385557.165,1549834.071,1441047.461,1.6590686763736E8,1.536130956553E8,1.1766569465988E8,1.2906755782814E8,1.1701596507576E8,-0.021576198,0.003365831,-0.015847311,-0.040785143,0.010905526,86.16,86.45,85.08,81.61,82.5,55.99,55.09,55.13,53.96,53.32,52.71,56.68,55.65,55.85,54.93,53.73,55.47,54.18,53.33,53.17,52.95,51.42,52.66,375205.526,393363.556,357538.905,260302.801,266659.855,2.075386042725E7,2.135913176483E7,1.946842107935E7,1.403020241314E7,1.401661077875E7,233014,209803,225155,182060,177298,183831.788,202826.262,180520.162,131921.071,131754.862,1.017449363159E7,1.101181902223E7,9829508.579,7113202.861,6928661.554,-0.016252902,9.077705156137303E-4,-0.021222565,-0.011860638,-0.011627907,55.08,55.13,53.96,53.32,52.7,2086.59,1966.59,1998.34,1991.67,1955.9,1949.08,2103.32,2023.51,2015.33,2039.05,1987.55,1981.18,1928.88,1937.24,1941.66,1923.78,1907,1922.97,834778.0952,351347.9433,406246.9427,393639.0086,300257.0733,1.680654508880478E9,6.94116360940269E8,8.04961298709777E8,7.78491630599568E8,5.83869775947742E8,5864311,4476026,6420841,5176537,3793608,323503.2298,178158.7858,196947.7031,191523.6119,142030.3122,6.51093452905736E8,3.52070618301827E8,3.90162604367408E8,3.78687588779843E8,2.76036975737437E8,-0.057514893,0.016144779,-0.003337787,-0.017949851,-0.003491981,1966.58,1998.33,1991.66,1955.91,1949.08,1968.88
2026-02-21T00:00:00,68832.59,68892.43,67503.52,66461,67003.73,68020,70126.67,69241.5,68476.22,67320,68318.39,68698.7,67294.11,66621.06,65870,65631.83,66280.2,67534.69,15515.76534,16489.06921,15492.43839,14542.26988,35351.87091,1.0627979182535971E9,1.117987651294812E9,1.0404935246521236E9,9.688635727821527E8,2.3780791505678473E9,5233849,5994853,4548997,4679351,5044912,8153.4314,7538.45107,7895.05707,7106.70741,15001.46034,5.589091917674918E8,5.114261908932403E8,5.304581781385649E8,4.734562230721071E8,1.0109700431452413E9,8.695010415124824E-4,-0.02016056,-0.015443935,0.008166143,0.015167513808559597,68892.43,67503.52,66461,67003.73,68020.01,1.4753,1.4876,1.4742,1.422,1.4068,1.4292,1.5171,1.495,1.4943,1.4381,1.4389,1.4642,1.4485,1.4268,1.4102,1.382,1.3775,1.4198,1.45403123E8,9.883839E7,8.58318539E7,1.082596771E8,1.237097044E8,2.1554874840283E8,1.4512407530722E8,1.251285413237E8,1.5252921026218E8,1.7529941800269E8,1276762,923941,786592,885502,1033248,7.59284906E7,5.07546241E7,4.29532236E7,4.96271415E7,6.29801381E7,1.1254813855694E8,7.452018897287E7,6.259413836696E7,6.992733125651E7,8.929267180546E7,0.008337287,-0.008940575,-0.035542291,-0.010619594,0.015922661359112862,1.4876,1.4743,1.4219,1.4068,1.4292,86.15,86.45,85.09,81.61,82.5,84.68,86.93,87.69,86.09,82.67,85.49,86.72,82.55,82.92,80.48,79.61,81.77,83.97,3559751.811,2774655.865,3137603.97,2848277.49,3754556.759,3.0254662754411E8,2.3567349440328E8,2.612898316858E8,2.3138577897627E8,3.143517284764E8,1097748,1064339,1026899,946105,1184887,1807368.413,1385557.165,1549834.071,1441047.461,1792745.473,1.536130956553E8,1.1766569465988E8,1.2906755782814E8,1.1701596507576E8,1.5010710172758E8,0.003365831,-0.015847311,-0.040785143,0.010905526,0.026303030303030325,86.45,85.08,81.61,82.5,84.67,55.09,55.13,53.96,53.32,52.71,55.19,55.65,55.85,54.93,53.73,55.47,56.01,53.33,53.17,52.95,51.42,52.66,54.82,393363.556,357538.905,260302.801,266659.855,463361.849,2.135913176483E7,1.946842107935E7,1.403020241314E7,1.401661077875E7,2.519079437633E7,209803,225155,182060,177298,247994,202826.262,180520.162,131921.071,131754.862,238052.659,1.101181902223E7,9829508.579,7113202.861,6928661.554,1.29543723959E7,9.077705156137303E-4,-0.021222565,-0.011860638,-0.011627907,0.047248577,55.13,53.96,53.32,52.7,55.19,1966.59,1998.34,1991.67,1955.9,1949.08,1968.88,2023.51,2015.33,2039.05,1987.55,1981.18,1995.56,1937.24,1941.66,1923.78,1907,1922.97,1955.62,351347.9433,406246.9427,393639.0086,300257.0733,386253.5557,6.94116360940269E8,8.04961298709777E8,7.78491630599568E8,5.83869775947742E8,7.55968932473526E8,4476026,6420841,5176537,3793608,3948261,178158.7858,196947.7031,191523.6119,142030.3122,186424.2257,3.52070618301827E8,3.90162604367408E8,3.78687588779843E8,2.76036975737437E8,3.64867772122704E8,0.016144779,-0.003337787,-0.017949851,-0.003491981,0.010158638947606144,1998.33,1991.66,1955.91,1949.08,1968.88,1973.35
2026-02-22T00:00:00,68892.43,67503.52,66461,67003.73,68020,67975.93,69241.5,68476.22,67320,68318.39,68698.7,68245,66621.06,65870,65631.83,66280.2,67534.69,67190,16489.06921,15492.43839,14542.26988,35351.87091,8032.84131,1.117987651294812E9,1.0404935246521236E9,9.688635727821527E8,2.3780791505678473E9,5.475920788471988E8,5994853,4548997,4679351,5044912,1593539,7538.45107,7895.05707,7106.70741,15001.46034,4003.46206,5.114261908932403E8,5.304581781385649E8,4.734562230721071E8,1.0109700431452413E9,2.7291969267728E8,-0.02016056,-0.015443935,0.008166143,0.015167513808559597,-6.48E-04,67503.52,66461,67003.73,68020.01,67975.93,1.4876,1.4742,1.422,1.4068,1.4292,1.4303,1.495,1.4943,1.4381,1.4389,1.4642,1.4338,1.4268,1.4102,1.382,1.3775,1.4198,1.38,9.883839E7,8.58318539E7,1.082596771E8,1.237097044E8,5.39979203E7,1.4512407530722E8,1.251285413237E8,1.5252921026218E8,1.7529941800269E8,7.775530709025E7,923941,786592,885502,1033248,454239,5.07546241E7,4.29532236E7,4.96271415E7,6.29801381E7,2.52450589E7,7.452018897287E7,6.259413836696E7,6.992733125651E7,8.929267180546E7,3.637308331257E7,-0.008940575,-0.035542291,-0.010619594,0.015922661359112862,8.396305625523844E-4,1.4743,1.4219,1.4068,1.4292,1.4304,86.45,85.09,81.61,82.5,84.68,85.17,87.69,86.09,82.67,85.49,86.72,85.6,82.92,80.48,79.61,81.77,83.97,82.48,2774655.865,3137603.97,2848277.49,3754556.759,1780748.862,2.3567349440328E8,2.612898316858E8,2.3138577897627E8,3.143517284764E8,1.5219072200216E8,1064339,1026899,946105,1184887,501200,1385557.165,1549834.071,1441047.461,1792745.473,853621.901,1.1766569465988E8,1.2906755782814E8,1.1701596507576E8,1.5010710172758E8,7.298505155797E7,-0.015847311,-0.040785143,0.010905526,0.026303030303030325,0.005905279,85.08,81.61,82.5,84.67,85.17,55.13,53.96,53.32,52.71,55.19,54.91,55.85,54.93,53.73,55.47,56.01,54.92,53.17,52.95,51.42,52.66,54.82,52.94,357538.905,260302.801,266659.855,463361.849,242511.391,1.946842107935E7,1.403020241314E7,1.401661077875E7,2.519079437633E7,1.342099382085E7,225155,182060,177298,247994,129022,180520.162,131921.071,131754.862,238052.659,131023.911,9829508.579,7113202.861,6928661.554,1.29543723959E7,7252760.382,-0.021222565,-0.011860638,-0.011627907,0.047248577,-0.005254575,53.96,53.32,52.7,55.19,54.9,1998.34,1991.67,1955.9,1949.08,1968.88,1973.35,2015.33,2039.05,1987.55,1981.18,1995.56,1983.13,1941.66,1923.78,1907,1922.97,1955.62,1935,406246.9427,393639.0086,300257.0733,386253.5557,179173.8456,8.04961298709777E8,7.78491630599568E8,5.83869775947742E8,7.55968932473526E8,3.54489354648235E8,6420841,5176537,3793608,3948261,1362230,196947.7031,191523.6119,142030.3122,186424.2257,91535.9107,3.90162604367408E8,3.78687588779843E8,2.76036975737437E8,3.64867772122704E8,1.81134209820953E8,-0.003337787,-0.017949851,-0.003491981,0.010158638947606144,0.002270326,1991.66,1955.91,1949.08,1968.88,1973.35,1957.82
2026-02-23T00:00:00,67503.52,66461,67003.73,68020,67975.93,67643.39,68476.22,67320,68318.39,68698.7,68245,67684.86,65870,65631.83,66280.2,67534.69,67190,63888.79,15492.43839,14542.26988,35351.87091,8032.84131,8175.13484,1.0404935246521236E9,9.688635727821527E8,2.3780791505678473E9,5.475920788471988E8,5.536133355774136E8,4548997,4679351,5044912,1593539,2160900,7895.05707,7106.70741,15001.46034,4003.46206,3974.29287,5.304581781385649E8,4.734562230721071E8,1.0109700431452413E9,2.7291969267728E8,2.690810936109383E8,-0.015443935,0.008166143,0.015167513808559597,-6.48E-04,-0.004891879,66461,67003.73,68020.01,67975.93,67643.4,1.4742,1.422,1.4068,1.4292,1.4303,1.3932,1.4943,1.4381,1.4389,1.4642,1.4338,1.4248,1.4102,1.382,1.3775,1.4198,1.38,1.3301,8.58318539E7,1.082596771E8,1.237097044E8,5.39979203E7,6.1166336E7,1.251285413237E8,1.5252921026218E8,1.7529941800269E8,7.775530709025E7,8.587944958334E7,786592,885502,1033248,454239,455685,4.29532236E7,4.96271415E7,6.29801381E7,2.52450589E7,2.84498158E7,6.259413836696E7,6.992733125651E7,8.929267180546E7,3.637308331257E7,3.991711834359E7,-0.035542291,-0.010619594,0.015922661359112862,8.396305625523844E-4,-0.026006711,1.4219,1.4068,1.4292,1.4304,1.3932,85.09,81.61,82.5,84.68,85.17,82.8,86.09,82.67,85.49,86.72,85.6,82.85,80.48,79.61,81.77,83.97,82.48,77.15,3137603.97,2848277.49,3754556.759,1780748.862,1798852.596,2.612898316858E8,2.3138577897627E8,3.143517284764E8,1.5219072200216E8,1.5139293393976E8,1026899,946105,1184887,501200,478017,1549834.071,1441047.461,1792745.473,853621.901,884360.629,1.2906755782814E8,1.1701596507576E8,1.5010710172758E8,7.298505155797E7,7.438975312978E7,-0.040785143,0.010905526,0.026303030303030325,0.005905279,-0.027944112,81.61,82.5,84.67,85.17,82.79,53.96,53.32,52.71,55.19,54.91,53.48,54.93,53.73,55.47,56.01,54.92,53.55,52.95,51.42,52.66,54.82,52.94,50.72,260302.801,266659.855,463361.849,242511.391,231209.383,1.403020241314E7,1.401661077875E7,2.519079437633E7,1.342099382085E7,1.243990054386E7,182060,177298,247994,129022,111289,131921.071,131754.862,238052.659,131023.911,112032.994,7113202.861,6928661.554,1.29543723959E7,7252760.382,6032959.075,-0.011860638,-0.011627907,0.047248577,-0.005254575,-0.025865209,53.32,52.7,55.19,54.9,53.48,1991.67,1955.9,1949.08,1968.88,1973.35,1957.82,2039.05,1987.55,1981.18,1995.56,1983.13,1958.33,1923.78,1907,1922.97,1955.62,1935,1837.13,393639.0086,300257.0733,386253.5557,179173.8456,155325.6482,7.78491630599568E8,5.83869775947742E8,7.55968932473526E8,3.54489354648235E8,3.04517550298572E8,5176537,3793608,3948261,1362230,1850073,191523.6119,142030.3122,186424.2257,91535.9107,77240.1124,3.78687588779843E8,2.76036975737437E8,3.64867772122704E8,1.81134209820953E8,1.51464074945039E8,-0.017949851,-0.003491981,0.010158638947606144,0.002270326,-0.007869866,1955.91,1949.08,1968.88,1973.35,1957.82,1856.3
2026-02-24T00:00:00,66461,67003.73,68020,67975.93,67643.39,64656.01,67320,68318.39,68698.7,68245,67684.86,65026.75,65631.83,66280.2,67534.69,67190,63888.79,62510.28,14542.26988,35351.87091,8032.84131,8175.13484,33075.90923,9.688635727821527E8,2.3780791505678473E9,5.475920788471988E8,5.536133355774136E8,2.1581586561215167E9,4679351,5044912,1593539,2160900,8268695,7106.70741,15001.46034,4003.46206,3974.29287,16388.63858,4.734562230721071E8,1.0109700431452413E9,2.7291969267728E8,2.690810936109383E8,1.0693288600589625E9,0.008166143,0.015167513808559597,-6.48E-04,-0.004891879,-0.044163658,67003.73,68020.01,67975.93,67643.4,64656.02,1.422,1.4068,1.4292,1.4303,1.3932,1.3519,1.4381,1.4389,1.4642,1.4338,1.4248,1.3676,1.382,1.3775,1.4198,1.38,1.3301,1.3124,1.082596771E8,1.237097044E8,5.39979203E7,6.1166336E7,1.888957004E8,1.5252921026218E8,1.7529941800269E8,7.775530709025E7,8.587944958334E7,2.5869495026527E8,885502,1033248,454239,455685,1477289,4.96271415E7,6.29801381E7,2.52450589E7,2.84498158E7,8.75084462E7,6.992733125651E7,8.929267180546E7,3.637308331257E7,3.991711834359E7,1.1967850465587E8,-0.010619594,0.015922661359112862,8.396305625523844E-4,-0.026006711,-0.029715762,1.4068,1.4292,1.4304,1.3932,1.3518,81.61,82.5,84.68,85.17,82.8,77.91,82.67,85.49,86.72,85.6,82.85,79.62,79.61,81.77,83.97,82.48,77.15,75.63,2848277.49,3754556.759,1780748.862,1798852.596,5163373.383,2.3138577897627E8,3.143517284764E8,1.5219072200216E8,1.5139293393976E8,4.0788433570471E8,946105,1184887,501200,478017,1508435,1441047.461,1792745.473,853621.901,884360.629,2566537.654,1.1701596507576E8,1.5010710172758E8,7.298505155797E7,7.438975312978E7,2.0262728980864E8,0.010905526,0.026303030303030325,0.005905279,-0.027944112,-0.059065104,82.5,84.67,85.17,82.79,77.9,53.32,52.71,55.19,54.91,53.48,51.35,53.73,55.47,56.01,54.92,53.55,51.9,51.42,52.66,54.82,52.94,50.72,50.18,266659.855,463361.849,242511.391,231209.383,349970.204,1.401661077875E7,2.519079437633E7,1.342099382085E7,1.243990054386E7,1.816167977868E7,177298,247994,129022,111289,227901,131754.862,238052.659,131023.911,112032.994,163764.655,6928661.554,1.29543723959E7,7252760.382,6032959.075,8495613.93,-0.011627907,0.047248577,-0.005254575,-0.025865209,-0.039827973,52.7,55.19,54.9,53.48,51.35,1955.9,1949.08,1968.88,1973.35,1957.82,1856.3,1987.55,1981.18,1995.56,1983.13,1958.33,1869.58,1907,1922.97,1955.62,1935,1837.13,1800,300257.0733,386253.5557,179173.8456,155325.6482,547359.4869,5.83869775947742E8,7.55968932473526E8,3.54489354648235E8,3.04517550298572E8,1.031859704045753E9,3793608,3948261,1362230,1850073,6684753,142030.3122,186424.2257,91535.9107,77240.1124,266498.7851,2.76036975737437E8,3.64867772122704E8,1.81134209820953E8,1.51464074945039E8,5.02378481411939E8,-0.003491981,0.010158638947606144,0.002270326,-0.007869866,-0.051853592,1949.08,1968.88,1973.35,1957.82,1856.3,1851.94
2026-02-25T00:00:00,67003.73,68020,67975.93,67643.39,64656.01,64058.15,68318.39,68698.7,68245,67684.86,65026.75,69988.83,66280.2,67534.69,67190,63888.79,62510.28,63913.27,35351.87091,8032.84131,8175.13484,33075.90923,23102.83622,2.3780791505678473E9,5.475920788471988E8,5.536133355774136E8,2.1581586561215167E9,1.4695121597199352E9,5044912,1593539,2160900,8268695,7553629,15001.46034,4003.46206,3974.29287,16388.63858,11150.61026,1.0109700431452413E9,2.7291969267728E8,2.690810936109383E8,1.0693288600589625E9,7.092354319176984E8,0.015167513808559597,-6.48E-04,-0.004891879,-0.044163658,-0.009246935,68020.01,67975.93,67643.4,64656.02,64058.15,1.4068,1.4292,1.4303,1.3932,1.3519,1.3483,1.4389,1.4642,1.4338,1.4248,1.3676,1.4935,1.3775,1.4198,1.38,1.3301,1.3124,1.3404,1.237097044E8,5.39979203E7,6.1166336E7,1.888957004E8,1.392395718E8,1.7529941800269E8,7.775530709025E7,8.587944958334E7,2.5869495026527E8,1.8675709636945E8,1033248,454239,455685,1477289,1184905,6.29801381E7,2.52450589E7,2.84498158E7,8.75084462E7,6.44534745E7,8.929267180546E7,3.637308331257E7,3.991711834359E7,1.1967850465587E8,8.645940893795E7,0.015922661359112862,8.396305625523844E-4,-0.026006711,-0.029715762,-0.002663116,1.4292,1.4304,1.3932,1.3518,1.3482,82.5,84.68,85.17,82.8,77.91,78.99,85.49,86.72,85.6,82.85,79.62,92.1,81.77,83.97,82.48,77.15,75.63,78.73,3754556.759,1780748.862,1798852.596,5163373.383,3592828.376,3.143517284764E8,1.5219072200216E8,1.5139293393976E8,4.0788433570471E8,2.780029909516E8,1184887,501200,478017,1508435,1232135,1792745.473,853621.901,884360.629,2566537.654,1792005.524,1.5010710172758E8,7.298505155797E7,7.438975312978E7,2.0262728980864E8,1.3872474112602E8,0.026303030303030325,0.005905279,-0.027944112,-0.059065104,0.013992298,84.67,85.17,82.79,77.9,78.99,52.71,55.19,54.91,53.48,51.35,51.16,55.47,56.01,54.92,53.55,51.9,59,52.66,54.82,52.94,50.72,50.18,51.03,463361.849,242511.391,231209.383,349970.204,376143.687,2.519079437633E7,1.342099382085E7,1.243990054386E7,1.816167977868E7,1.918027833098E7,247994,129022,111289,227901,206302,238052.659,131023.911,112032.994,163764.655,171815.79,1.29543723959E7,7252760.382,6032959.075,8495613.93,8765389.687,0.047248577,-0.005254575,-0.025865209,-0.039827973,-0.003894839,55.19,54.9,53.48,51.35,51.15,1949.08,1968.88,1973.35,1957.82,1856.3,1851.95,1981.18,1995.56,1983.13,1958.33,1869.58,2148.39,1922.97,1955.62,1935,1837.13,1800,1846.74,386253.5557,179173.8456,155325.6482,547359.4869,438064.0284,7.55968932473526E8,3.54489354648235E8,3.04517550298572E8,1.031859704045753E9,8.04280693829216E8,3948261,1362230,1850073,6684753,6607359,186424.2257,91535.9107,77240.1124,266498.7851,205850.4101,3.64867772122704E8,1.81134209820953E8,1.51464074945039E8,5.02378481411939E8,3.78122255429729E8,0.010158638947606144,0.002270326,-0.007869866,-0.051853592,-0.002348758,1968.88,1973.35,1957.82,1856.3,1851.94,2057.48
2026-02-26T00:00:00,68020,67975.93,67643.39,64656.01,64058.15,67988.04,68698.7,68245,67684.86,65026.75,69988.83,68860,67534.69,67190,63888.79,62510.28,63913.27,66500,8032.84131,8175.13484,33075.90923,23102.83622,30749.99259,5.475920788471988E8,5.536133355774136E8,2.1581586561215167E9,1.4695121597199352E9,2.064089702844435E9,1593539,2160900,8268695,7553629,7096715,4003.46206,3974.29287,16388.63858,11150.61026,16382.91985,2.7291969267728E8,2.690810936109383E8,1.0693288600589625E9,7.092354319176984E8,1.098904977008272E9,-6.48E-04,-0.004891879,-0.044163658,-0.009246935,0.06134879,67975.93,67643.4,64656.02,64058.15,67988.04,1.4292,1.4303,1.3932,1.3519,1.3483,1.4338,1.4642,1.4338,1.4248,1.3676,1.4935,1.4691,1.4198,1.38,1.3301,1.3124,1.3404,1.3827,5.39979203E7,6.1166336E7,1.888957004E8,1.392395718E8,2.450885052E8,7.775530709025E7,8.587944958334E7,2.5869495026527E8,1.8675709636945E8,3.4896036929078E8,454239,455685,1477289,1184905,1713510,2.52450589E7,2.84498158E7,8.75084462E7,6.44534745E7,1.221194639E8,3.637308331257E7,3.991711834359E7,1.1967850465587E8,8.645940893795E7,1.7375757877421E8,8.396305625523844E-4,-0.026006711,-0.029715762,-0.002663116,0.063566236,1.4304,1.3932,1.3518,1.3482,1.4339,84.68,85.17,82.8,77.91,78.99,88.05,86.72,85.6,82.85,79.62,92.1,89.27,83.97,82.48,77.15,75.63,78.73,84.34,1780748.862,1798852.596,5163373.383,3592828.376,5632749.415,1.5219072200216E8,1.5139293393976E8,4.0788433570471E8,2.780029909516E8,4.8143326920429E8,501200,478017,1508435,1232135,2076213,853621.901,884360.629,2566537.654,1792005.524,2958342.232,7.298505155797E7,7.438975312978E7,2.0262728980864E8,1.3872474112602E8,2.529757619521E8,0.005905279,-0.027944112,-0.059065104,0.013992298,0.11482466134953802,85.17,82.79,77.9,78.99,88.06,55.19,54.91,53.48,51.35,51.16,56.76,56.01,54.92,53.55,51.9,59,57.09,54.82,52.94,50.72,50.18,51.03,54.42,242511.391,231209.383,349970.204,376143.687,683585.789,1.342099382085E7,1.243990054386E7,1.816167977868E7,1.918027833098E7,3.80595715132E7,129022,111289,227901,206302,338588,131023.911,112032.994,163764.655,171815.79,335310.525,7252760.382,6032959.075,8495613.93,8765389.687,1.862778361077E7,-0.005254575,-0.025865209,-0.039827973,-0.003894839,0.1096774193548387,54.9,53.48,51.35,51.15,56.76,1968.88,1973.35,1957.82,1856.3,1851.95,2057.48,1995.56,1983.13,1958.33,1869.58,2148.39,2083.33,1955.62,1935,1837.13,1800,1846.74,1975.35,179173.8456,155325.6482,547359.4869,438064.0284,682979.4378,3.54489354648235E8,3.04517550298572E8,1.031859704045753E9,8.04280693829216E8,1.366356333151672E9,1362230,1850073,6684753,6607359,9024746,91535.9107,77240.1124,266498.7851,205850.4101,343230.549,1.81134209820953E8,1.51464074945039E8,5.02378481411939E8,3.78122255429729E8,6.86156732823848E8,0.002270326,-0.007869866,-0.051853592,-0.002348758,0.11098631705130833,1973.35,1957.82,1856.3,1851.94,2057.48,2027.68
2026-02-27T00:00:00,67975.93,67643.39,64656.01,64058.15,67988.04,67485.19,68245,67684.86,65026.75,69988.83,68860,68216.8,67190,63888.79,62510.28,63913.27,66500,64914.46,8175.13484,33075.90923,23102.83622,30749.99259,20737.77792,5.536133355774136E8,2.1581586561215167E9,1.4695121597199352E9,2.064089702844435E9,1.404774665564561E9,2160900,8268695,7553629,7096715,5426137,3974.29287,16388.63858,11150.61026,16382.91985,10172.50047,2.690810936109383E8,1.0693288600589625E9,7.092354319176984E8,1.098904977008272E9,6.89304052453067E8,-0.004891879,-0.044163658,-0.009246935,0.06134879,-0.007396301,67643.4,64656.02,64058.15,67988.04,67485.18,1.4303,1.3932,1.3519,1.3483,1.4338,1.4027,1.4338,1.4248,1.3676,1.4935,1.4691,1.4262,1.38,1.3301,1.3124,1.3404,1.3827,1.3386,6.1166336E7,1.888957004E8,1.392395718E8,2.450885052E8,1.608291418E8,8.587944958334E7,2.5869495026527E8,1.8675709636945E8,3.4896036929078E8,2.2879432521921E8,455685,1477289,1184905,1713510,1216393,2.84498158E7,8.75084462E7,6.44534745E7,1.221194639E8,7.78864579E7,3.991711834359E7,1.1967850465587E8,8.645940893795E7,1.7375757877421E8,1.1073416697347E8,-0.026006711,-0.029715762,-0.002663116,0.063566236,-0.02175884,1.3932,1.3518,1.3482,1.4339,1.4027,85.17,82.8,77.91,78.99,88.05,85.91,85.6,82.85,79.62,92.1,89.27,88.29,82.48,77.15,75.63,78.73,84.34,80.32,1798852.596,5163373.383,3592828.376,5632749.415,3356890.979,1.5139293393976E8,4.0788433570471E8,2.780029909516E8,4.8143326920429E8,2.9227135894249E8,478017,1508435,1232135,2076213,1381041,884360.629,2566537.654,1792005.524,2958342.232,1672944.871,7.438975312978E7,2.0262728980864E8,1.3872474112602E8,2.529757619521E8,1.4570030815216E8,-0.027944112,-0.059065104,0.013992298,0.11482466134953802,-0.024415171,82.79,77.9,78.99,88.06,85.91,54.91,53.48,51.35,51.16,56.76,55.61,54.92,53.55,51.9,59,57.09,56.39,52.94,50.72,50.18,51.03,54.42,53.42,231209.383,349970.204,376143.687,683585.789,339639.683,1.243990054386E7,1.816167977868E7,1.918027833098E7,3.80595715132E7,1.897997432972E7,111289,227901,206302,338588,231245,112032.994,163764.655,171815.79,335310.525,168752.736,6032959.075,8495613.93,8765389.687,1.862778361077E7,9433363.439,-0.025865209,-0.039827973,-0.003894839,0.1096774193548387,-0.020084567,53.48,51.35,51.15,56.76,55.62,1973.35,1957.82,1856.3,1851.95,2057.48,2027.68,1983.13,1958.33,1869.58,2148.39,2083.33,2063.52,1935,1837.13,1800,1846.74,1975.35,1887,155325.6482,547359.4869,438064.0284,682979.4378,439783.3566,3.04517550298572E8,1.031859704045753E9,8.04280693829216E8,1.366356333151672E9,8.97062353242189E8,1850073,6684753,6607359,9024746,7142316,77240.1124,266498.7851,205850.4101,343230.549,224781.9099,1.51464074945039E8,5.02378481411939E8,3.78122255429729E8,6.86156732823848E8,4.58691743982327E8,-0.007869866,-0.051853592,-0.002348758,0.11098631705130833,-0.014483737,1957.82,1856.3,1851.94,2057.48,2027.68,1929.84
2026-02-28T00:00:00,67643.39,64656.01,64058.15,67988.04,67485.19,65872.09,67684.86,65026.75,69988.83,68860,68216.8,67760,63888.79,62510.28,63913.27,66500,64914.46,63030,33075.90923,23102.83622,30749.99259,20737.77792,21228.58424,2.1581586561215167E9,1.4695121597199352E9,2.064089702844435E9,1.404774665564561E9,1.4120338235619729E9,8268695,7553629,7096715,5426137,3856064,16388.63858,11150.61026,16382.91985,10172.50047,10107.20917,1.0693288600589625E9,7.092354319176984E8,1.098904977008272E9,6.89304052453067E8,6.71986242524662E8,-0.044163658,-0.009246935,0.06134879,-0.007396301,-0.023902729,64656.02,64058.15,67988.04,67485.18,65872.1,1.3932,1.3519,1.3483,1.4338,1.4027,1.3562,1.4248,1.3676,1.4935,1.4691,1.4262,1.3931,1.3301,1.3124,1.3404,1.3827,1.3386,1.27,1.888957004E8,1.392395718E8,2.450885052E8,1.608291418E8,1.651081686E8,2.5869495026527E8,1.8675709636945E8,3.4896036929078E8,2.2879432521921E8,2.2695319407107E8,1477289,1184905,1713510,1216393,1010806,8.75084462E7,6.44534745E7,1.221194639E8,7.78864579E7,8.34629174E7,1.1967850465587E8,8.645940893795E7,1.7375757877421E8,1.1073416697347E8,1.1478697811439E8,-0.029715762,-0.002663116,0.063566236,-0.02175884,-0.033150353,1.3518,1.3482,1.4339,1.4027,1.3562,82.8,77.91,78.99,88.05,85.91,81.84,82.85,79.62,92.1,89.27,88.29,85.65,77.15,75.63,78.73,84.34,80.32,77.12,5163373.383,3592828.376,5632749.415,3356890.979,3370499.359,4.0788433570471E8,2.780029909516E8,4.8143326920429E8,2.9227135894249E8,2.8237239931505E8,1508435,1232135,2076213,1381041,1290836,2566537.654,1792005.524,2958342.232,1672944.871,1608089.537,2.0262728980864E8,1.3872474112602E8,2.529757619521E8,1.4570030815216E8,1.3478434690712E8,-0.059065104,0.013992298,0.11482466134953802,-0.024415171,-0.047258759,77.9,78.99,88.06,85.91,81.85,53.48,51.35,51.16,56.76,55.61,54.55,53.55,51.9,59,57.09,56.39,54.96,50.72,50.18,51.03,54.42,53.42,51.47,349970.204,376143.687,683585.789,339639.683,305470.267,1.816167977868E7,1.918027833098E7,3.80595715132E7,1.897997432972E7,1.67647751029E7,227901,206302,338588,231245,201256,163764.655,171815.79,335310.525,168752.736,157289.285,8495613.93,8765389.687,1.862778361077E7,9433363.439,8638159.274,-0.039827973,-0.003894839,0.1096774193548387,-0.020084567,-0.019057893,51.35,51.15,56.76,55.62,54.56,1957.82,1856.3,1851.95,2057.48,2027.68,1929.84,1958.33,1869.58,2148.39,2083.33,2063.52,1984.99,1837.13,1800,1846.74,1975.35,1887,1835.36,547359.4869,438064.0284,682979.4378,439783.3566,428687.234,1.031859704045753E9,8.04280693829216E8,1.366356333151672E9,8.97062353242189E8,8.46919721884444E8,6684753,6607359,9024746,7142316,5213158,266498.7851,205850.4101,343230.549,224781.9099,214287.6264,5.02378481411939E8,3.78122255429729E8,6.86156732823848E8,4.58691743982327E8,4.22880876500186E8,-0.051853592,-0.002348758,0.11098631705130833,-0.014483737,-0.04825219,1856.3,1851.94,2057.48,2027.68,1929.84,1964.51
2026-03-01T00:00:00,64656.01,64058.15,67988.04,67485.19,65872.09,66973.26,65026.75,69988.83,68860,68216.8,67760,68199.99,62510.28,63913.27,66500,64914.46,63030,65056,23102.83622,30749.99259,20737.77792,21228.58424,22548.71649,1.4695121597199352E9,2.064089702844435E9,1.404774665564561E9,1.4120338235619729E9,1.4628644082615664E9,7553629,7096715,5426137,3856064,5268514,11150.61026,16382.91985,10172.50047,10107.20917,11531.10802,7.092354319176984E8,1.098904977008272E9,6.89304052453067E8,6.71986242524662E8,7.481903904323822E8,-0.009246935,0.06134879,-0.007396301,-0.023902729,0.016716637240956168,64058.15,67988.04,67485.18,65872.1,66973.26,1.3519,1.3483,1.4338,1.4027,1.3562,1.3761,1.3676,1.4935,1.4691,1.4262,1.3931,1.4333,1.3124,1.3404,1.3827,1.3386,1.27,1.3369,1.392395718E8,2.450885052E8,1.608291418E8,1.651081686E8,2.299896797E8,1.8675709636945E8,3.4896036929078E8,2.2879432521921E8,2.2695319407107E8,3.0457928442876E8,1184905,1713510,1216393,1010806,1360492,6.44534745E7,1.221194639E8,7.78864579E7,8.34629174E7,1.111286969E8,8.645940893795E7,1.7375757877421E8,1.1073416697347E8,1.1478697811439E8,1.4732635387579E8,-0.002663116,0.063566236,-0.02175884,-0.033150353,0.014747087450228593,1.3482,1.4339,1.4027,1.3562,1.3762,77.91,78.99,88.05,85.91,81.84,84.35,79.62,92.1,89.27,88.29,85.65,88.9,75.63,78.73,84.34,80.32,77.12,81.69,3592828.376,5632749.415,3356890.979,3370499.359,4737699.879,2.780029909516E8,4.8143326920429E8,2.9227135894249E8,2.8237239931505E8,3.8101810331188E8,1232135,2076213,1381041,1290836,1652423,1792005.524,2958342.232,1672944.871,1608089.537,2316943.669,1.3872474112602E8,2.529757619521E8,1.4570030815216E8,1.3478434690712E8,1.8642127138615E8,0.013992298,0.11482466134953802,-0.024415171,-0.047258759,0.030543677458766037,78.99,88.06,85.91,81.85,84.35,51.35,51.16,56.76,55.61,54.55,54.41,51.9,59,57.09,56.39,54.96,55.53,50.18,51.03,54.42,53.42,51.47,52.47,376143.687,683585.789,339639.683,305470.267,383397.838,1.918027833098E7,3.80595715132E7,1.897997432972E7,1.67647751029E7,2.036274160841E7,206302,338588,231245,201256,270111,171815.79,335310.525,168752.736,157289.285,201159.463,8765389.687,1.862778361077E7,9433363.439,8638159.274,1.069275144483E7,-0.003894839,0.1096774193548387,-0.020084567,-0.019057893,-0.002932551,51.15,56.76,55.62,54.56,54.4,1856.3,1851.95,2057.48,2027.68,1929.84,1964.51,1869.58,2148.39,2083.33,2063.52,1984.99,2054.8,1800,1846.74,1975.35,1887,1835.36,1907.41,438064.0284,682979.4378,439783.3566,428687.234,461680.9835,8.04280693829216E8,1.366356333151672E9,8.97062353242189E8,8.46919721884444E8,8.77128283233712E8,6607359,9024746,7142316,5213158,6186042,205850.4101,343230.549,224781.9099,214287.6264,229978.4238,3.78122255429729E8,6.86156732823848E8,4.58691743982327E8,4.22880876500186E8,4.37053523083052E8,-0.002348758,0.11098631705130833,-0.014483737,-0.04825219,0.01796522,1851.94,2057.48,2027.68,1929.84,1964.51,1939.71
2026-03-02T00:00:00,64058.15,67988.04,67485.19,65872.09,66973.26,65776.48,69988.83,68860,68216.8,67760,68199.99,70096,63913.27,66500,64914.46,63030,65056,65259.21,30749.99259,20737.77792,21228.58424,22548.71649,23201.85859,2.064089702844435E9,1.404774665564561E9,1.4120338235619729E9,1.4628644082615664E9,1.5457837429062002E9,7096715,5426137,3856064,5268514,5312013,16382.91985,10172.50047,10107.20917,11531.10802,11209.77201,1.098904977008272E9,6.89304052453067E8,6.71986242524662E8,7.481903904323822E8,7.471619228484616E8,0.06134879,-0.007396301,-0.023902729,0.016716637240956168,-0.017869669,67988.04,67485.18,65872.1,66973.26,65776.47,1.3483,1.4338,1.4027,1.3562,1.3761,1.3525,1.4935,1.4691,1.4262,1.3931,1.4333,1.423,1.3404,1.3827,1.3386,1.27,1.3369,1.3341,2.450885052E8,1.608291418E8,1.651081686E8,2.299896797E8,1.779413269E8,3.4896036929078E8,2.2879432521921E8,2.2695319407107E8,3.0457928442876E8,2.4677515812428E8,1713510,1216393,1010806,1360492,1320595,1.221194639E8,7.78864579E7,8.34629174E7,1.111286969E8,8.67137244E7,1.7375757877421E8,1.1073416697347E8,1.1478697811439E8,1.4732635387579E8,1.2024799729241E8,0.063566236,-0.02175884,-0.033150353,0.014747087450228593,-0.017293998,1.4339,1.4027,1.3562,1.3762,1.3524,78.99,88.05,85.91,81.84,84.35,83.61,92.1,89.27,88.29,85.65,88.9,90.29,78.73,84.34,80.32,77.12,81.69,82.37,5632749.415,3356890.979,3370499.359,4737699.879,4435194.222,4.8143326920429E8,2.9227135894249E8,2.8237239931505E8,3.8101810331188E8,3.7970457389707E8,2076213,1381041,1290836,1652423,1639105,2958342.232,1672944.871,1608089.537,2316943.669,2143442.217,2.529757619521E8,1.4570030815216E8,1.3478434690712E8,1.8642127138615E8,1.8346043954458E8,0.11482466134953802,-0.024415171,-0.047258759,0.030543677458766037,-0.008891523,88.06,85.91,81.85,84.35,83.6,51.16,56.76,55.61,54.55,54.41,53.25,59,57.09,56.39,54.96,55.53,55.72,51.03,54.42,53.42,51.47,52.47,52.95,683585.789,339639.683,305470.267,383397.838,299256.409,3.80595715132E7,1.897997432972E7,1.67647751029E7,2.036274160841E7,1.615982822147E7,338588,231245,201256,270111,243982,335310.525,168752.736,157289.285,201159.463,145672.439,1.862778361077E7,9433363.439,8638159.274,1.069275144483E7,7869797.854,0.1096774193548387,-0.020084567,-0.019057893,-0.002932551,-0.021323529,56.76,55.62,54.56,54.4,53.24,1851.95,2057.48,2027.68,1929.84,1964.51,1939.71,2148.39,2083.33,2063.52,1984.99,2054.8,2090,1846.74,1975.35,1887,1835.36,1907.41,1920,682979.4378,439783.3566,428687.234,461680.9835,529196.8464,1.366356333151672E9,8.97062353242189E8,8.46919721884444E8,8.77128283233712E8,1.051030823789445E9,9024746,7142316,5213158,6186042,6616298,343230.549,224781.9099,214287.6264,229978.4238,254547.6476,6.86156732823848E8,4.58691743982327E8,4.22880876500186E8,4.37053523083052E8,5.05531901718655E8,0.11098631705130833,-0.014483737,-0.04825219,0.01796522,-0.012624013,2057.48,2027.68,1929.84,1964.51,1939.71,2027.35
2026-03-03T00:00:00,67988.04,67485.19,65872.09,66973.26,65776.48,68830.06,68860,68216.8,67760,68199.99,70096,69258.08,66500,64914.46,63030,65056,65259.21,66158,20737.77792,21228.58424,22548.71649,23201.85859,32010.38431,1.404774665564561E9,1.4120338235619729E9,1.4628644082615664E9,1.5457837429062002E9,2.164578841845917E9,5426137,3856064,5268514,5312013,8397526,10172.50047,10107.20917,11531.10802,11209.77201,15335.91369,6.89304052453067E8,6.71986242524662E8,7.481903904323822E8,7.471619228484616E8,1.0378715445481505E9,-0.007396301,-0.023902729,0.016716637240956168,-0.017869669,0.046423743931530474,67485.18,65872.1,66973.26,65776.47,68830.06,1.4338,1.4027,1.3562,1.3761,1.3525,1.3901,1.4691,1.4262,1.3931,1.4333,1.423,1.3953,1.3827,1.3386,1.27,1.3369,1.3341,1.3366,1.608291418E8,1.651081686E8,2.299896797E8,1.779413269E8,1.668020778E8,2.2879432521921E8,2.2695319407107E8,3.0457928442876E8,2.4677515812428E8,2.300932380767E8,1216393,1010806,1360492,1320595,1147060,7.78864579E7,8.34629174E7,1.111286969E8,8.67137244E7,7.65546155E7,1.1073416697347E8,1.1478697811439E8,1.4732635387579E8,1.2024799729241E8,1.0553463840718E8,-0.02175884,-0.033150353,0.014747087450228593,-0.017293998,0.027802425,1.4027,1.3562,1.3762,1.3524,1.39,88.05,85.91,81.84,84.35,83.61,86.65,89.27,88.29,85.65,88.9,90.29,87.46,84.34,80.32,77.12,81.69,82.37,82.5,3356890.979,3370499.359,4737699.879,4435194.222,5123433.26,2.9227135894249E8,2.8237239931505E8,3.8101810331188E8,3.7970457389707E8,4.4146607527522E8,1381041,1290836,1652423,1639105,2012450,1672944.871,1608089.537,2316943.669,2143442.217,2558006.604,1.4570030815216E8,1.3478434690712E8,1.8642127138615E8,1.8346043954458E8,2.2064054248227E8,-0.024415171,-0.047258759,0.030543677458766037,-0.008891523,0.036363636,85.91,81.85,84.35,83.6,86.64,56.76,55.61,54.55,54.41,53.25,54.61,57.09,56.39,54.96,55.53,55.72,55.26,54.42,53.42,51.47,52.47,52.95,53.02,339639.683,305470.267,383397.838,299256.409,462228.194,1.897997432972E7,1.67647751029E7,2.036274160841E7,1.615982822147E7,2.514342963107E7,231245,201256,270111,243982,285473,168752.736,157289.285,201159.463,145672.439,244467.986,9433363.439,8638159.274,1.069275144483E7,7869797.854,1.330303619557E7,-0.020084567,-0.019057893,-0.002932551,-0.021323529,0.025732531930878988,55.62,54.56,54.4,53.24,54.61,2057.48,2027.68,1929.84,1964.51,1939.71,2027.34,2083.33,2063.52,1984.99,2054.8,2090,2041.48,1975.35,1887,1835.36,1907.41,1920,1929.56,439783.3566,428687.234,461680.9835,529196.8464,577406.3749,8.97062353242189E8,8.46919721884444E8,8.77128283233712E8,1.051030823789445E9,1.154427554493893E9,7142316,5213158,6186042,6616298,9343785,224781.9099,214287.6264,229978.4238,254547.6476,299199.2494,4.58691743982327E8,4.22880876500186E8,4.37053523083052E8,5.05531901718655E8,5.98658734971255E8,-0.014483737,-0.04825219,0.01796522,-0.012624013,0.045182011744023524,2027.68,1929.84,1964.51,1939.71,2027.35,1982.8
2026-03-04T00:00:00,67485.19,65872.09,66973.26,65776.48,68830.06,68338.01,68216.8,67760,68199.99,70096,69258.08,74050,64914.46,63030,65056,65259.21,66158,67400,21228.58424,22548.71649,23201.85859,32010.38431,24972.2418,1.4120338235619729E9,1.4628644082615664E9,1.5457837429062002E9,2.164578841845917E9,1.6918486699430182E9,3856064,5268514,5312013,8397526,7648119,10107.20917,11531.10802,11209.77201,15335.91369,12331.622,6.71986242524662E8,7.481903904323822E8,7.471619228484616E8,1.0378715445481505E9,8.354610160946944E8,-0.023902729,0.016716637240956168,-0.017869669,0.046423743931530474,-0.007148911,65872.1,66973.26,65776.47,68830.06,68338,1.4027,1.3562,1.3761,1.3525,1.3901,1.3607,1.4262,1.3931,1.4333,1.423,1.3953,1.4732,1.3386,1.27,1.3369,1.3341,1.3366,1.3452,1.651081686E8,2.299896797E8,1.779413269E8,1.668020778E8,1.356028974E8,2.2695319407107E8,3.0457928442876E8,2.4677515812428E8,2.300932380767E8,1.8472768685329E8,1010806,1360492,1320595,1147060,1007411,8.34629174E7,1.111286969E8,8.67137244E7,7.65546155E7,6.29568259E7,1.1478697811439E8,1.4732635387579E8,1.2024799729241E8,1.0553463840718E8,8.576914112572E7,-0.033150353,0.014747087450228593,-0.017293998,0.027802425,-0.021079137,1.3562,1.3762,1.3524,1.39,1.3607,85.91,81.84,84.35,83.61,86.65,86.98,88.29,85.65,88.9,90.29,87.46,94.05,80.32,77.12,81.69,82.37,82.5,84.78,3370499.359,4737699.879,4435194.222,5123433.26,4136742.745,2.8237239931505E8,3.8101810331188E8,3.7970457389707E8,4.4146607527522E8,3.5240798268373E8,1290836,1652423,1639105,2012450,1899723,1608089.537,2316943.669,2143442.217,2558006.604,2088429.65,1.3478434690712E8,1.8642127138615E8,1.8346043954458E8,2.2064054248227E8,1.779742467266E8,-0.047258759,0.030543677458766037,-0.008891523,0.036363636,0.003808864,81.85,84.35,83.6,86.64,86.97,55.61,54.55,54.41,53.25,54.61,54.77,56.39,54.96,55.53,55.72,55.26,57.66,53.42,51.47,52.47,52.95,53.02,54.3,305470.267,383397.838,299256.409,462228.194,439975.97,1.67647751029E7,2.036274160841E7,1.615982822147E7,2.514342963107E7,2.386883446421E7,201256,270111,243982,285473,267831,157289.285,201159.463,145672.439,244467.986,198693.023,8638159.274,1.069275144483E7,7869797.854,1.330303619557E7,1.07737479377E7,-0.019057893,-0.002932551,-0.021323529,0.025732531930878988,0.00274675,54.56,54.4,53.24,54.61,54.76,2027.68,1929.84,1964.51,1939.71,2027.34,1982.81,2063.52,1984.99,2054.8,2090,2041.48,2199,1887,1835.36,1907.41,1920,1929.56,1945.08,428687.234,461680.9835,529196.8464,577406.3749,509329.8534,8.46919721884444E8,8.77128283233712E8,1.051030823789445E9,1.154427554493893E9,1.007923347106694E9,5213158,6186042,6616298,9343785,8311355,214287.6264,229978.4238,254547.6476,299199.2494,254251.3309,4.22880876500186E8,4.37053523083052E8,5.05531901718655E8,5.98658734971255E8,5.03251034902722E8,-0.04825219,0.01796522,-0.012624013,0.045182011744023524,-0.021974499,1929.84,1964.51,1939.71,2027.35,1982.8,2127.28
2026-03-05T00:00:00,65872.09,66973.26,65776.48,68830.06,68338.01,72666.77,67760,68199.99,70096,69258.08,74050,73558.15,63030,65056,65259.21,66158,67400,70645.47,22548.71649,23201.85859,32010.38431,24972.2418,44919.0761,1.4628644082615664E9,1.5457837429062002E9,2.164578841845917E9,1.6918486699430182E9,3.2028644476324606E9,5268514,5312013,8397526,7648119,8618302,11531.10802,11209.77201,15335.91369,12331.622,23641.35243,7.481903904323822E8,7.471619228484616E8,1.0378715445481505E9,8.354610160946944E8,1.685099057930178E9,0.016716637240956168,-0.017869669,0.046423743931530474,-0.007148911,0.063343528,66973.26,65776.47,68830.06,68338,72666.77,1.3562,1.3761,1.3525,1.3901,1.3607,1.4309,1.3931,1.4333,1.423,1.3953,1.4732,1.4525,1.27,1.3369,1.3341,1.3366,1.3452,1.396,2.299896797E8,1.779413269E8,1.668020778E8,1.356028974E8,2.380257792E8,3.0457928442876E8,2.4677515812428E8,2.300932380767E8,1.8472768685329E8,3.3752683895515E8,1360492,1320595,1147060,1007411,1270039,1.111286969E8,8.67137244E7,7.65546155E7,6.29568259E7,1.110655616E8,1.4732635387579E8,1.2024799729241E8,1.0553463840718E8,8.576914112572E7,1.5767851493841E8,0.014747087450228593,-0.017293998,0.027802425,-0.021079137,0.051591092819872154,1.3762,1.3524,1.39,1.3607,1.4309,81.84,84.35,83.61,86.65,86.98,90.86,85.65,88.9,90.29,87.46,94.05,92.96,77.12,81.69,82.37,82.5,84.78,87.91,4737699.879,4435194.222,5123433.26,4136742.745,6329931.383,3.8101810331188E8,3.7970457389707E8,4.4146607527522E8,3.5240798268373E8,5.6909580357597E8,1652423,1639105,2012450,1899723,2311936,2316943.669,2143442.217,2558006.604,2088429.65,3204724.318,1.8642127138615E8,1.8346043954458E8,2.2064054248227E8,1.779742467266E8,2.883706051089E8,0.030543677458766037,-0.008891523,0.036363636,0.003808864,0.044613084971829316,84.35,83.6,86.64,86.97,90.85,54.55,54.41,53.25,54.61,54.77,56.77,54.96,55.53,55.72,55.26,57.66,57.27,51.47,52.47,52.95,53.02,54.3,55.03,383397.838,299256.409,462228.194,439975.97,528737.562,2.036274160841E7,1.615982822147E7,2.514342963107E7,2.386883446421E7,2.967979684227E7,270111,243982,285473,267831,321571,201159.463,145672.439,244467.986,198693.023,263955.17,1.069275144483E7,7869797.854,1.330303619557E7,1.07737479377E7,1.481951007907E7,-0.002932551,-0.021323529,0.025732531930878988,0.00274675,0.036705624543462476,54.4,53.24,54.61,54.76,56.77,1929.84,1964.51,1939.71,2027.34,1982.81,2127.28,1984.99,2054.8,2090,2041.48,2199,2163.66,1835.36,1907.41,1920,1929.56,1945.08,2054.75,461680.9835,529196.8464,577406.3749,509329.8534,737644.8152,8.77128283233712E8,1.051030823789445E9,1.154427554493893E9,1.007923347106694E9,1.537991054004056E9,6186042,6616298,9343785,8311355,9527323,229978.4238,254547.6476,299199.2494,254251.3309,368171.8559,4.37053523083052E8,5.05531901718655E8,5.98658734971255E8,5.03251034902722E8,7.67713624115772E8,0.01796522,-0.012624013,0.045182011744023524,-0.021974499,0.072866653,1964.51,1939.71,2027.35,1982.8,2127.28,2072.86
2026-03-06T00:00:00,66973.26,65776.48,68830.06,68338.01,72666.77,70891.02,68199.99,70096,69258.08,74050,73558.15,71419.98,65056,65259.21,66158,67400,70645.47,67744.78,23201.85859,32010.38431,24972.2418,44919.0761,26590.51253,1.5457837429062002E9,2.164578841845917E9,1.6918486699430182E9,3.2028644476324606E9,1.917514690387834E9,5312013,8397526,7648119,8618302,6709160,11209.77201,15335.91369,12331.622,23641.35243,12299.51467,7.471619228484616E8,1.0378715445481505E9,8.354610160946944E8,1.685099057930178E9,8.867734624727771E8,-0.017869669,0.046423743931530474,-0.007148911,0.063343528,-0.02444102,65776.47,68830.06,68338,72666.77,70890.72,1.3761,1.3525,1.3901,1.3607,1.4309,1.4038,1.4333,1.423,1.3953,1.4732,1.4525,1.4148,1.3369,1.3341,1.3366,1.3452,1.396,1.346,1.779413269E8,1.668020778E8,1.356028974E8,2.380257792E8,1.181689922E8,2.4677515812428E8,2.300932380767E8,1.8472768685329E8,3.3752683895515E8,1.680702956447E8,1320595,1147060,1007411,1270039,966417,8.67137244E7,7.65546155E7,6.29568259E7,1.110655616E8,6.08477752E7,1.2024799729241E8,1.0553463840718E8,8.576914112572E7,1.5767851493841E8,8.655851496177E7,-0.017293998,0.027802425,-0.021079137,0.051591092819872154,-0.019009015,1.3524,1.39,1.3607,1.4309,1.4037,84.35,83.61,86.65,86.98,90.86,88.78,88.9,90.29,87.46,94.05,92.96,89.31,81.69,82.37,82.5,84.78,87.91,83.64,4435194.222,5123433.26,4136742.745,6329931.383,3753710.608,3.7970457389707E8,4.4146607527522E8,3.5240798268373E8,5.6909580357597E8,3.3838102660303E8,1639105,2012450,1899723,2311936,1560359,2143442.217,2558006.604,2088429.65,3204724.318,1826589.831,1.8346043954458E8,2.2064054248227E8,1.779742467266E8,2.883706051089E8,1.6467909265204E8,-0.008891523,0.036363636,0.003808864,0.044613084971829316,-0.022894882,83.6,86.64,86.97,90.85,88.77,54.41,53.25,54.61,54.77,56.77,55.47,55.53,55.72,55.26,57.66,57.27,55.89,52.47,52.95,53.02,54.3,55.03,53.12,299256.409,462228.194,439975.97,528737.562,390267.224,1.615982822147E7,2.514342963107E7,2.386883446421E7,2.967979684227E7,2.189569531222E7,243982,285473,267831,321571,252251,145672.439,244467.986,198693.023,263955.17,177143.763,7869797.854,1.330303619557E7,1.07737479377E7,1.481951007907E7,9941531.498,-0.021323529,0.025732531930878988,0.00274675,0.036705624543462476,-0.023075568,53.24,54.61,54.76,56.77,55.46,1964.51,1939.71,2027.34,1982.81,2127.28,2072.86,2054.8,2090,2041.48,2199,2163.66,2093.33,1907.41,1920,1929.56,1945.08,2054.75,1955.95,529196.8464,577406.3749,509329.8534,737644.8152,432157.8126,1.051030823789445E9,1.154427554493893E9,1.007923347106694E9,1.537991054004056E9,9.09578852988923E8,6616298,9343785,8311355,9527323,6753565,254547.6476,299199.2494,254251.3309,368171.8559,205453.4958,5.05531901718655E8,5.98658734971255E8,5.03251034902722E8,7.67713624115772E8,4.32642648347527E8,-0.012624013,0.045182011744023524,-0.021974499,0.072866653,-0.025581964,1939.71,2027.35,1982.8,2127.28,2072.86,1978.68
2026-03-07T00:00:00,65776.48,68830.06,68338.01,72666.77,70891.02,68114.02,70096,69258.08,74050,73558.15,71419.98,68551.04,65259.21,66158,67400,70645.47,67744.78,66915.26,32010.38431,24972.2418,44919.0761,26590.51253,22629.88722,2.164578841845917E9,1.6918486699430182E9,3.2028644476324606E9,1.917514690387834E9,1.574601198874888E9,8397526,7648119,8618302,6709160,5302899,15335.91369,12331.622,23641.35243,12299.51467,10464.09351,1.0378715445481505E9,8.354610160946944E8,1.685099057930178E9,8.867734624727771E8,7.280917577822127E8,0.046423743931530474,-0.007148911,0.063343528,-0.02444102,-0.039168737,68830.06,68338,72666.77,70890.72,68114.02,1.3525,1.3901,1.3607,1.4309,1.4038,1.3632,1.423,1.3953,1.4732,1.4525,1.4148,1.3749,1.3341,1.3366,1.3452,1.396,1.346,1.3468,1.668020778E8,1.356028974E8,2.380257792E8,1.181689922E8,1.138479789E8,2.300932380767E8,1.8472768685329E8,3.3752683895515E8,1.680702956447E8,1.567627916806E8,1147060,1007411,1270039,966417,884241,7.65546155E7,6.29568259E7,1.110655616E8,6.08477752E7,5.31153294E7,1.0553463840718E8,8.576914112572E7,1.5767851493841E8,8.655851496177E7,7.314273184626E7,0.027802425,-0.021079137,0.051591092819872154,-0.019009015,-0.028781079,1.39,1.3607,1.4309,1.4037,1.3633,83.61,86.65,86.98,90.86,88.78,84.69,90.29,87.46,94.05,92.96,89.31,85.07,82.37,82.5,84.78,87.91,83.64,82.28,5123433.26,4136742.745,6329931.383,3753710.608,3135324.642,4.4146607527522E8,3.5240798268373E8,5.6909580357597E8,3.3838102660303E8,2.7044236096293E8,2012450,1899723,2311936,1560359,1074615,2558006.604,2088429.65,3204724.318,1826589.831,1431065.025,2.2064054248227E8,1.779742467266E8,2.883706051089E8,1.6467909265204E8,1.2350784076447E8,0.036363636,0.003808864,0.044613084971829316,-0.022894882,-0.045848823,86.64,86.97,90.85,88.77,84.7,53.25,54.61,54.77,56.77,55.47,53.8,55.72,55.26,57.66,57.27,55.89,54.29,52.95,53.02,54.3,55.03,53.12,53.21,462228.194,439975.97,528737.562,390267.224,299754.686,2.514342963107E7,2.386883446421E7,2.967979684227E7,2.189569531222E7,1.632103327426E7,285473,267831,321571,252251,184265,244467.986,198693.023,263955.17,177143.763,151170.728,1.330303619557E7,1.07737479377E7,1.481951007907E7,9941531.498,8232784.004,0.025732531930878988,0.00274675,0.036705624543462476,-0.023075568,-0.029751172,54.61,54.76,56.77,55.46,53.81,1939.71,2027.34,1982.81,2127.28,2072.86,1978.68,2090,2041.48,2199,2163.66,2093.33,1996.04,1920,1929.56,1945.08,2054.75,1955.95,1948.09,577406.3749,509329.8534,737644.8152,432157.8126,411597.7569,1.154427554493893E9,1.007923347106694E9,1.537991054004056E9,9.09578852988923E8,8.31917068631373E8,9343785,8311355,9527323,6753565,5601424,299199.2494,254251.3309,368171.8559,205453.4958,197603.9435,5.98658734971255E8,5.03251034902722E8,7.67713624115772E8,4.32642648347527E8,3.99155087071218E8,0.045182011744023524,-0.021974499,0.072866653,-0.025581964,-0.04543481,2027.35,1982.8,2127.28,2072.86,1978.68,1969.59
2026-03-08T00:00:00,68830.06,68338.01,72666.77,70891.02,68114.02,67262.91,69258.08,74050,73558.15,71419.98,68551.04,68200,66158,67400,70645.47,67744.78,66915.26,65618.49,24972.2418,44919.0761,26590.51253,22629.88722,12719.54315,1.6918486699430182E9,3.2028644476324606E9,1.917514690387834E9,1.574601198874888E9,8.617298618530488E8,7648119,8618302,6709160,5302899,2067476,12331.622,23641.35243,12299.51467,10464.09351,5910.76849,8.354610160946944E8,1.685099057930178E9,8.867734624727771E8,7.280917577822127E8,4.004775183566913E8,-0.007148911,0.063343528,-0.02444102,-0.039168737,-0.012495372,68338,72666.77,70890.72,68114.02,67262.91,1.3901,1.3607,1.4309,1.4038,1.3632,1.3568,1.3953,1.4732,1.4525,1.4148,1.3749,1.3712,1.3366,1.3452,1.396,1.346,1.3468,1.3218,1.356028974E8,2.380257792E8,1.181689922E8,1.138479789E8,4.77766373E7,1.8472768685329E8,3.3752683895515E8,1.680702956447E8,1.567627916806E8,6.504782155857E7,1007411,1270039,966417,884241,313956,6.29568259E7,1.110655616E8,6.08477752E7,5.31153294E7,2.25104314E7,8.576914112572E7,1.5767851493841E8,8.655851496177E7,7.314273184626E7,3.065299317955E7,-0.021079137,0.051591092819872154,-0.019009015,-0.028781079,-0.004841194,1.3607,1.4309,1.4037,1.3633,1.3567,86.65,86.98,90.86,88.78,84.69,83.22,87.46,94.05,92.96,89.31,85.07,84.13,82.5,84.78,87.91,83.64,82.28,80.26,4136742.745,6329931.383,3753710.608,3135324.642,1465281.721,3.5240798268373E8,5.6909580357597E8,3.3838102660303E8,2.7044236096293E8,1.2296379886816E8,1899723,2311936,1560359,1074615,449215,2088429.65,3204724.318,1826589.831,1431065.025,717082.462,1.779742467266E8,2.883706051089E8,1.6467909265204E8,1.2350784076447E8,6.020653808481E7,0.003808864,0.044613084971829316,-0.022894882,-0.045848823,-0.017473436,86.97,90.85,88.77,84.7,83.22,54.61,54.77,56.77,55.47,53.8,53.59,55.26,57.66,57.27,55.89,54.29,53.94,53.02,54.3,55.03,53.12,53.21,51.88,439975.97,528737.562,390267.224,299754.686,262288.031,2.386883446421E7,2.967979684227E7,2.189569531222E7,1.632103327426E7,1.412677708158E7,267831,321571,252251,184265,112232,198693.023,263955.17,177143.763,151170.728,142423.528,1.07737479377E7,1.481951007907E7,9941531.498,8232784.004,7671938.081,0.00274675,0.036705624543462476,-0.023075568,-0.029751172,-0.004274298,54.76,56.77,55.46,53.81,53.58,2027.34,1982.81,2127.28,2072.86,1978.68,1969.6,2041.48,2199,2163.66,2093.33,1996.04,1979.8,1929.56,1945.08,2054.75,1955.95,1948.09,1916.14,509329.8534,737644.8152,432157.8126,411597.7569,184459.82,1.007923347106694E9,1.537991054004056E9,9.09578852988923E8,8.31917068631373E8,3.6452923478772E8,8311355,9527323,6753565,5601424,2029543,254251.3309,368171.8559,205453.4958,197603.9435,89270.3932,5.03251034902722E8,7.67713624115772E8,4.32642648347527E8,3.99155087071218E8,1.76467060503114E8,-0.021974499,0.072866653,-0.025581964,-0.04543481,-0.004593972,1982.8,2127.28,2072.86,1978.68,1969.59,1937.1
2026-03-09T00:00:00,68338.01,72666.77,70891.02,68114.02,67262.91,65971.2,74050,73558.15,71419.98,68551.04,68200,69516.65,67400,70645.47,67744.78,66915.26,65618.49,65821.97,44919.0761,26590.51253,22629.88722,12719.54315,21593.63901,3.2028644476324606E9,1.917514690387834E9,1.574601198874888E9,8.617298618530488E8,1.4475221603154545E9,8618302,6709160,5302899,2067476,3028392,23641.35243,12299.51467,10464.09351,5910.76849,11268.64926,1.685099057930178E9,8.867734624727771E8,7.280917577822127E8,4.004775183566913E8,7.557323591696719E8,0.063343528,-0.02444102,-0.039168737,-0.012495372,-0.019203897,72666.77,70890.72,68114.02,67262.91,65971.2,1.3607,1.4309,1.4038,1.3632,1.3568,1.3401,1.4732,1.4525,1.4148,1.3749,1.3712,1.3841,1.3452,1.396,1.346,1.3468,1.3218,1.333,2.380257792E8,1.181689922E8,1.138479789E8,4.77766373E7,7.98256437E7,3.3752683895515E8,1.680702956447E8,1.567627916806E8,6.504782155857E7,1.0768197934124E8,1270039,966417,884241,313956,585270,1.110655616E8,6.08477752E7,5.31153294E7,2.25104314E7,3.78865614E7,1.5767851493841E8,8.655851496177E7,7.314273184626E7,3.065299317955E7,5.112346605987E7,0.051591092819872154,-0.019009015,-0.028781079,-0.004841194,-0.01230928,1.4309,1.4037,1.3633,1.3567,1.34,86.98,90.86,88.78,84.69,83.22,81.6,94.05,92.96,89.31,85.07,84.13,87.06,84.78,87.91,83.64,82.28,80.26,81.54,6329931.383,3753710.608,3135324.642,1465281.721,2102965.687,5.6909580357597E8,3.3838102660303E8,2.7044236096293E8,1.2296379886816E8,1.7299619881307E8,2311936,1560359,1074615,449215,874561,3204724.318,1826589.831,1431065.025,717082.462,1060648.598,2.883706051089E8,1.6467909265204E8,1.2350784076447E8,6.020653808481E7,8.733621882438E7,0.044613084971829316,-0.022894882,-0.045848823,-0.017473436,-0.019586638,90.85,88.77,84.7,83.22,81.59,54.77,56.77,55.47,53.8,53.59,52.58,57.66,57.27,55.89,54.29,53.94,54.75,54.3,55.03,53.12,53.21,51.88,52.5,528737.562,390267.224,299754.686,262288.031,398559.551,2.967979684227E7,2.189569531222E7,1.632103327426E7,1.412677708158E7,2.113086460299E7,321571,252251,184265,112232,179938,263955.17,177143.763,151170.728,142423.528,187345.094,1.481951007907E7,9941531.498,8232784.004,7671938.081,9943156.421,0.036705624543462476,-0.023075568,-0.029751172,-0.004274298,-0.018477044,56.77,55.46,53.81,53.58,52.59,1982.81,2127.28,2072.86,1978.68,1969.6,1937.11,2199,2163.66,2093.33,1996.04,1979.8,2053.52,1945.08,2054.75,1955.95,1948.09,1916.14,1929.65,737644.8152,432157.8126,411597.7569,184459.82,391189.7317,1.537991054004056E9,9.09578852988923E8,8.31917068631373E8,3.6452923478772E8,7.61435521244382E8,9527323,6753565,5601424,2029543,4044585,368171.8559,205453.4958,197603.9435,89270.3932,190729.8992,7.67713624115772E8,4.32642648347527E8,3.99155087071218E8,1.76467060503114E8,3.71905575962306E8,0.072866653,-0.025581964,-0.04543481,-0.004593972,-0.016495819,2127.28,2072.86,1978.68,1969.59,1937.1,1992.98
2026-03-10T00:00:00,72666.77,70891.02,68114.02,67262.91,65971.2,68432.16,73558.15,71419.98,68551.04,68200,69516.65,71777,70645.47,67744.78,66915.26,65618.49,65821.97,68391.41,26590.51253,22629.88722,12719.54315,21593.63901,28896.7213,1.917514690387834E9,1.574601198874888E9,8.617298618530488E8,1.4475221603154545E9,1.96762205144968E9,6709160,5302899,2067476,3028392,5093667,12299.51467,10464.09351,5910.76849,11268.64926,14101.45378,8.867734624727771E8,7.280917577822127E8,4.004775183566913E8,7.557323591696719E8,9.601957729159064E8,-0.02444102,-0.039168737,-0.012495372,-0.019203897,0.037303550640279494,70890.72,68114.02,67262.91,65971.2,68432.16,1.4309,1.4038,1.3632,1.3568,1.3401,1.3631,1.4525,1.4148,1.3749,1.3712,1.3841,1.4427,1.396,1.346,1.3468,1.3218,1.333,1.3605,1.181689922E8,1.138479789E8,4.77766373E7,7.98256437E7,1.301008012E8,1.680702956447E8,1.567627916806E8,6.504782155857E7,1.0768197934124E8,1.766316099395E8,966417,884241,313956,585270,1032665,6.08477752E7,5.31153294E7,2.25104314E7,3.78865614E7,6.75034396E7,8.655851496177E7,7.314273184626E7,3.065299317955E7,5.112346605987E7,9.163919178886E7,-0.019009015,-0.028781079,-0.004841194,-0.01230928,0.017238805970149176,1.4037,1.3633,1.3567,1.34,1.3631,90.86,88.78,84.69,83.22,81.6,84.95,92.96,89.31,85.07,84.13,87.06,88.8,87.91,83.64,82.28,80.26,81.54,84.83,3753710.608,3135324.642,1465281.721,2102965.687,3594057.289,3.3838102660303E8,2.7044236096293E8,1.2296379886816E8,1.7299619881307E8,3.0376298141433E8,1560359,1074615,449215,874561,1435938,1826589.831,1431065.025,717082.462,1060648.598,1842761.96,1.6467909265204E8,1.2350784076447E8,6.020653808481E7,8.733621882438E7,1.5573299004278E8,-0.022894882,-0.045848823,-0.017473436,-0.019586638,0.041304081,88.77,84.7,83.22,81.59,84.96,56.77,55.47,53.8,53.59,52.58,53.77,57.27,55.89,54.29,53.94,54.75,55,55.03,53.12,53.21,51.88,52.5,53.43,390267.224,299754.686,262288.031,398559.551,327230.42,2.189569531222E7,1.632103327426E7,1.412677708158E7,2.113086460299E7,1.758802768913E7,252251,184265,112232,179938,204901,177143.763,151170.728,142423.528,187345.094,169272.091,9941531.498,8232784.004,7671938.081,9943156.421,9097844.079,-0.023075568,-0.029751172,-0.004274298,-0.018477044,0.022437725803384666,55.46,53.81,53.58,52.59,53.77,2127.28,2072.86,1978.68,1969.6,1937.11,1992.97,2163.66,2093.33,1996.04,1979.8,2053.52,2088.19,2054.75,1955.95,1948.09,1916.14,1929.65,1991,432157.8126,411597.7569,184459.82,391189.7317,550825.4883,9.09578852988923E8,8.31917068631373E8,3.6452923478772E8,7.61435521244382E8,1.102883352283049E9,6753565,5601424,2029543,4044585,6360581,205453.4958,197603.9435,89270.3932,190729.8992,282877.29,4.32642648347527E8,3.99155087071218E8,1.76467060503114E8,3.71905575962306E8,5.66353976452963E8,-0.025581964,-0.04543481,-0.004593972,-0.016495819,0.028847246,2072.86,1978.68,1969.59,1937.1,1992.98,2036.51
2026-03-11T00:00:00,70891.02,68114.02,67262.91,65971.2,68432.16,69948.64,71419.98,68551.04,68200,69516.65,71777,71321,67744.78,66915.26,65618.49,65821.97,68391.41,68977.91,22629.88722,12719.54315,21593.63901,28896.7213,32602.57726,1.574601198874888E9,8.617298618530488E8,1.4475221603154545E9,1.96762205144968E9,2.2925256214405203E9,5302899,2067476,3028392,5093667,5176064,10464.09351,5910.76849,11268.64926,14101.45378,16453.82839,7.280917577822127E8,4.004775183566913E8,7.557323591696719E8,9.601957729159064E8,1.1572389671004455E9,-0.039168737,-0.012495372,-0.019203897,0.037303550640279494,0.022160194855752047,68114.02,67262.91,65971.2,68432.16,69948.63,1.4038,1.3632,1.3568,1.3401,1.3631,1.3864,1.4148,1.3749,1.3712,1.3841,1.4427,1.4112,1.346,1.3468,1.3218,1.333,1.3605,1.3706,1.138479789E8,4.77766373E7,7.98256437E7,1.301008012E8,1.763139066E8,1.567627916806E8,6.504782155857E7,1.0768197934124E8,1.766316099395E8,2.470304066345E8,884241,313956,585270,1032665,1200724,5.31153294E7,2.25104314E7,3.78865614E7,6.75034396E7,8.25050205E7,7.314273184626E7,3.065299317955E7,5.112346605987E7,9.163919178886E7,1.1548733844756E8,-0.028781079,-0.004841194,-0.01230928,0.017238805970149176,0.017020028,1.3633,1.3567,1.34,1.3631,1.3863,88.78,84.69,83.22,81.6,84.95,85.88,89.31,85.07,84.13,87.06,88.8,88.09,83.64,82.28,80.26,81.54,84.83,84.36,3135324.642,1465281.721,2102965.687,3594057.289,3643895.134,2.7044236096293E8,1.2296379886816E8,1.7299619881307E8,3.0376298141433E8,3.1574762725955E8,1074615,449215,874561,1435938,1345421,1431065.025,717082.462,1060648.598,1842761.96,1804358.795,1.2350784076447E8,6.020653808481E7,8.733621882438E7,1.5573299004278E8,1.5640758046178E8,-0.045848823,-0.017473436,-0.019586638,0.041304081,0.010828625235404917,84.7,83.22,81.59,84.96,85.88,55.47,53.8,53.59,52.58,53.77,53.87,55.89,54.29,53.94,54.75,55,55.28,53.12,53.21,51.88,52.5,53.43,53.54,299754.686,262288.031,398559.551,327230.42,348345.87,1.632103327426E7,1.412677708158E7,2.113086460299E7,1.758802768913E7,1.888617621534E7,184265,112232,179938,204901,207079,151170.728,142423.528,187345.094,169272.091,180614.737,8232784.004,7671938.081,9943156.421,9097844.079,9790689.537,-0.029751172,-0.004274298,-0.018477044,0.022437725803384666,0.001859773,53.81,53.58,52.59,53.77,53.87,2072.86,1978.68,1969.6,1937.11,1992.97,2036.5,2093.33,1996.04,1979.8,2053.52,2088.19,2085.58,1955.95,1948.09,1916.14,1929.65,1991,2007.17,411597.7569,184459.82,391189.7317,550825.4883,463411.8739,8.31917068631373E8,3.6452923478772E8,7.61435521244382E8,1.102883352283049E9,9.48509257026159E8,5601424,2029543,4044585,6360581,5226998,197603.9435,89270.3932,190729.8992,282877.29,240013.7173,3.99155087071218E8,1.76467060503114E8,3.71905575962306E8,5.66353976452963E8,4.91126376680953E8,-0.04543481,-0.004593972,-0.016495819,0.028847246,0.021841664241487608,1978.68,1969.59,1937.1,1992.98,2036.51,2051.97
2026-03-12T00:00:00,68114.02,67262.91,65971.2,68432.16,69948.64,70191.86,68551.04,68200,69516.65,71777,71321,70800,66915.26,65618.49,65821.97,68391.41,68977.91,69205.91,12719.54315,21593.63901,28896.7213,32602.57726,27249.27542,8.617298618530488E8,1.4475221603154545E9,1.96762205144968E9,2.2925256214405203E9,1.9113005962341678E9,2067476,3028392,5093667,5176064,4759855,5910.76849,11268.64926,14101.45378,16453.82839,14015.31615,4.004775183566913E8,7.557323591696719E8,9.601957729159064E8,1.1572389671004455E9,9.829718055997225E8,-0.012495372,-0.019203897,0.037303550640279494,0.022160194855752047,0.003477266,67262.91,65971.2,68432.16,69948.63,70191.86,1.3632,1.3568,1.3401,1.3631,1.3864,1.3847,1.3749,1.3712,1.3841,1.4427,1.4112,1.3936,1.3468,1.3218,1.333,1.3605,1.3706,1.365,4.77766373E7,7.98256437E7,1.301008012E8,1.763139066E8,1.11034871E8,6.504782155857E7,1.0768197934124E8,1.766316099395E8,2.470304066345E8,1.5430885885668E8,313956,585270,1032665,1200724,797517,2.25104314E7,3.78865614E7,6.75034396E7,8.25050205E7,5.11581392E7,3.065299317955E7,5.112346605987E7,9.163919178886E7,1.1548733844756E8,7.10924427777E7,-0.004841194,-0.01230928,0.017238805970149176,0.017020028,-0.001154151,1.3567,1.34,1.3631,1.3863,1.3847,84.69,83.22,81.6,84.95,85.88,86.58,85.07,84.13,87.06,88.8,88.09,87.69,82.28,80.26,81.54,84.83,84.36,84.72,1465281.721,2102965.687,3594057.289,3643895.134,3182175.739,1.2296379886816E8,1.7299619881307E8,3.0376298141433E8,3.1574762725955E8,2.7458402230669E8,449215,874561,1435938,1345421,1160083,717082.462,1060648.598,1842761.96,1804358.795,1642729.604,6.020653808481E7,8.733621882438E7,1.5573299004278E8,1.5640758046178E8,1.4177427971997E8,-0.017473436,-0.019586638,0.041304081,0.010828625235404917,0.008150908,83.22,81.59,84.96,85.88,86.58,53.8,53.59,52.58,53.77,53.87,54.8,54.29,53.94,54.75,55,55.28,55,53.21,51.88,52.5,53.43,53.54,53.8,262288.031,398559.551,327230.42,348345.87,272644.402,1.412677708158E7,2.113086460299E7,1.758802768913E7,1.888617621534E7,1.485088085647E7,112232,179938,204901,207079,158910,142423.528,187345.094,169272.091,180614.737,127442.237,7671938.081,9943156.421,9097844.079,9790689.537,6941280.624,-0.004274298,-0.018477044,0.022437725803384666,0.001859773,0.017263783,53.58,52.59,53.77,53.87,54.8,1978.68,1969.6,1937.11,1992.97,2036.5,2051.97,1996.04,1979.8,2053.52,2088.19,2085.58,2095,1948.09,1916.14,1929.65,1991,2007.17,2017.59,184459.82,391189.7317,550825.4883,463411.8739,350061.256,3.6452923478772E8,7.61435521244382E8,1.102883352283049E9,9.48509257026159E8,7.17032957206017E8,2029543,4044585,6360581,5226998,4730286,89270.3932,190729.8992,282877.29,240013.7173,172446.7326,1.76467060503114E8,3.71905575962306E8,5.66353976452963E8,4.91126376680953E8,3.53640487903065E8,-0.004593972,-0.016495819,0.028847246,0.021841664241487608,0.007591419,1969.59,1937.1,1992.98,2036.51,2051.97,2073.52
2026-03-13T00:00:00,67262.91,65971.2,68432.16,69948.64,70191.86,70541.34,68200,69516.65,71777,71321,70800,73913.74,65618.49,65821.97,68391.41,68977.91,69205.91,70386.01,21593.63901,28896.7213,32602.57726,27249.27542,21997.1605,1.4475221603154545E9,1.96762205144968E9,2.2925256214405203E9,1.9113005962341678E9,1.540745224510106E9,3028392,5093667,5176064,4759855,4344059,11268.64926,14101.45378,16453.82839,14015.31615,10545.03396,7.557323591696719E8,9.601957729159064E8,1.1572389671004455E9,9.829718055997225E8,7.387581118989177E8,-0.019203897,0.037303550640279494,0.022160194855752047,0.003477266,0.004978925,65971.2,68432.16,69948.63,70191.86,70541.34,1.3568,1.3401,1.3631,1.3864,1.3847,1.3846,1.3712,1.3841,1.4427,1.4112,1.3936,1.4528,1.3218,1.333,1.3605,1.3706,1.365,1.3831,7.98256437E7,1.301008012E8,1.763139066E8,1.11034871E8,8.96896073E7,1.0768197934124E8,1.766316099395E8,2.470304066345E8,1.5430885885668E8,1.2363972383376E8,585270,1032665,1200724,797517,612048,3.78865614E7,6.75034396E7,8.25050205E7,5.11581392E7,4.38778681E7,5.112346605987E7,9.163919178886E7,1.1548733844756E8,7.10924427777E7,6.04715912967E7,-0.01230928,0.017238805970149176,0.017020028,-0.001154151,-7.22E-05,1.34,1.3631,1.3863,1.3847,1.3846,83.22,81.6,84.95,85.88,86.58,86.83,84.13,87.06,88.8,88.09,87.69,92.98,80.26,81.54,84.83,84.36,84.72,86.71,2102965.687,3594057.289,3643895.134,3182175.739,2913681.148,1.7299619881307E8,3.0376298141433E8,3.1574762725955E8,2.7458402230669E8,2.5146159054647E8,874561,1435938,1345421,1160083,1011244,1060648.598,1842761.96,1804358.795,1642729.604,1514674.762,8.733621882438E7,1.5573299004278E8,1.5640758046178E8,1.4177427971997E8,1.3073562026902E8,-0.019586638,0.041304081,0.010828625235404917,0.008150908,0.003003003,81.59,84.96,85.88,86.58,86.84,53.59,52.58,53.77,53.87,54.8,54.57,53.94,54.75,55,55.28,55,56.71,51.88,52.5,53.43,53.54,53.8,54.47,398559.551,327230.42,348345.87,272644.402,271228.185,2.113086460299E7,1.758802768913E7,1.888617621534E7,1.485088085647E7,1.474249711824E7,179938,204901,207079,158910,149964,187345.094,169272.091,180614.737,127442.237,145028.3,9943156.421,9097844.079,9790689.537,6941280.624,7884003.166,-0.018477044,0.022437725803384666,0.001859773,0.017263783,-0.004379562,52.59,53.77,53.87,54.8,54.56,1969.6,1937.11,1992.97,2036.5,2051.97,2073.51,1979.8,2053.52,2088.19,2085.58,2095,2209.03,1916.14,1929.65,1991,2007.17,2017.59,2070.12,391189.7317,550825.4883,463411.8739,350061.256,400507.8132,7.61435521244382E8,1.102883352283049E9,9.48509257026159E8,7.17032957206017E8,8.24458252126678E8,4044585,6360581,5226998,4730286,4757775,190729.8992,282877.29,240013.7173,172446.7326,196694.8334,3.71905575962306E8,5.66353976452963E8,4.91126376680953E8,3.53640487903065E8,4.04852828040824E8,-0.016495819,0.028847246,0.021841664241487608,0.007591419,0.010502102857254338,1937.1,1992.98,2036.51,2051.97,2073.52,2092.22
2026-03-14T00:00:00,65971.2,68432.16,69948.64,70191.86,70541.34,70930.01,69516.65,71777,71321,70800,73913.74,71307.92,65821.97,68391.41,68977.91,69205.91,70386.01,70317,28896.7213,32602.57726,27249.27542,21997.1605,35996.61678,1.96762205144968E9,2.2925256214405203E9,1.9113005962341678E9,1.540745224510106E9,2.591768526296147E9,5093667,5176064,4759855,4344059,5312490,14101.45378,16453.82839,14015.31615,10545.03396,18310.3426,9.601957729159064E8,1.1572389671004455E9,9.829718055997225E8,7.387581118989177E8,1.3195306529586313E9,0.037303550640279494,0.022160194855752047,0.003477266,0.004978925,0.005509677,68432.16,69948.63,70191.86,70541.34,70930,1.3401,1.3631,1.3864,1.3847,1.3846,1.3988,1.3841,1.4427,1.4112,1.3936,1.4528,1.4084,1.333,1.3605,1.3706,1.365,1.3831,1.3834,1.301008012E8,1.763139066E8,1.11034871E8,8.96896073E7,2.030747255E8,1.766316099395E8,2.470304066345E8,1.5430885885668E8,1.2363972383376E8,2.8796460726107E8,1032665,1200724,797517,612048,1088824,6.75034396E7,8.25050205E7,5.11581392E7,4.38778681E7,9.7464057E7,9.163919178886E7,1.1548733844756E8,7.10924427777E7,6.04715912967E7,1.3822740229546E8,0.017238805970149176,0.017020028,-0.001154151,-7.22E-05,0.010327893,1.3631,1.3863,1.3847,1.3846,1.3989,81.6,84.95,85.88,86.58,86.83,88.17,87.06,88.8,88.09,87.69,92.98,88.71,81.54,84.83,84.36,84.72,86.71,86.51,3594057.289,3643895.134,3182175.739,2913681.148,4940378.617,3.0376298141433E8,3.1574762725955E8,2.7458402230669E8,2.5146159054647E8,4.4438286234735E8,1435938,1345421,1160083,1011244,1573489,1842761.96,1804358.795,1642729.604,1514674.762,2461290.957,1.5573299004278E8,1.5640758046178E8,1.4177427971997E8,1.3073562026902E8,2.2140656165744E8,0.041304081,0.010828625235404917,0.008150908,0.003003003,0.015430677107323853,84.96,85.88,86.58,86.84,88.18,52.58,53.77,53.87,54.8,54.57,55.3,54.75,55,55.28,55,56.71,55.84,52.5,53.43,53.54,53.8,54.47,54.37,327230.42,348345.87,272644.402,271228.185,337868.652,1.758802768913E7,1.888617621534E7,1.485088085647E7,1.474249711824E7,1.879973664269E7,204901,207079,158910,149964,215260,169272.091,180614.737,127442.237,145028.3,167321.985,9097844.079,9790689.537,6941280.624,7884003.166,9315517.589,0.022437725803384666,0.001859773,0.017263783,-0.004379562,0.01356305,53.77,53.87,54.8,54.56,55.3,1937.11,1992.97,2036.5,2051.97,2073.51,2092.21,2053.52,2088.19,2085.58,2095,2209.03,2106.09,1929.65,1991,2007.17,2017.59,2070.12,2061.6,550825.4883,463411.8739,350061.256,400507.8132,599657.0399,1.102883352283049E9,9.48509257026159E8,7.17032957206017E8,8.24458252126678E8,1.279403180493586E9,6360581,5226998,4730286,4757775,6138489,282877.29,240013.7173,172446.7326,196694.8334,300361.2151,5.66353976452963E8,4.91126376680953E8,3.53640487903065E8,4.04852828040824E8,6.41144458022528E8,0.028847246,0.021841664241487608,0.007591419,0.010502102857254338,0.009018481,1992.98,2036.51,2051.97,2073.52,2092.22,2096.16
2026-03-15T00:00:00,68432.16,69948.64,70191.86,70541.34,70930.01,71211.95,71777,71321,70800,73913.74,71307.92,73199,68391.41,68977.91,69205.91,70386.01,70317,70858.82,32602.57726,27249.27542,21997.1605,35996.61678,13017.24737,2.2925256214405203E9,1.9113005962341678E9,1.540745224510106E9,2.591768526296147E9,9.213086309462769E8,5176064,4759855,4344059,5312490,1661739,16453.82839,14015.31615,10545.03396,18310.3426,6242.10104,1.1572389671004455E9,9.829718055997225E8,7.387581118989177E8,1.3195306529586313E9,4.418954053585625E8,0.022160194855752047,0.003477266,0.004978925,0.005509677,0.003975046,69948.63,70191.86,70541.34,70930,71211.95,1.3631,1.3864,1.3847,1.3846,1.3988,1.4063,1.4427,1.4112,1.3936,1.4528,1.4084,1.4649,1.3605,1.3706,1.365,1.3831,1.3834,1.4021,1.763139066E8,1.11034871E8,8.96896073E7,2.030747255E8,5.82111065E7,2.470304066345E8,1.5430885885668E8,1.2363972383376E8,2.8796460726107E8,8.120716082588E7,1200724,797517,612048,1088824,282488,8.25050205E7,5.11581392E7,4.38778681E7,9.7464057E7,2.63068489E7,1.1548733844756E8,7.10924427777E7,6.04715912967E7,1.3822740229546E8,3.669845550746E7,0.017020028,-0.001154151,-7.22E-05,0.010327893,0.005289871,1.3863,1.3847,1.3846,1.3989,1.4063,84.95,85.88,86.58,86.83,88.17,88.04,88.8,88.09,87.69,92.98,88.71,93.23,84.83,84.36,84.72,86.71,86.51,87.36,3643895.134,3182175.739,2913681.148,4940378.617,1498143.039,3.1574762725955E8,2.7458402230669E8,2.5146159054647E8,4.4438286234735E8,1.3102305050446E8,1345421,1160083,1011244,1573489,452790,1804358.795,1642729.604,1514674.762,2461290.957,752963.058,1.5640758046178E8,1.4177427971997E8,1.3073562026902E8,2.2140656165744E8,6.581998583125E7,0.010828625235404917,0.008150908,0.003003003,0.015430677107323853,-0.001701066,85.88,86.58,86.84,88.18,88.03,53.77,53.87,54.8,54.57,55.3,54.98,55,55.28,55,56.71,55.84,56.41,53.43,53.54,53.8,54.47,54.37,54.69,348345.87,272644.402,271228.185,337868.652,225515.431,1.888617621534E7,1.485088085647E7,1.474249711824E7,1.879973664269E7,1.238898451032E7,207079,158910,149964,215260,106784,180614.737,127442.237,145028.3,167321.985,106081.929,9790689.537,6941280.624,7884003.166,9315517.589,5822628.852,0.001859773,0.017263783,-0.004379562,0.01356305,-0.005786618,53.87,54.8,54.56,55.3,54.98,1992.97,2036.5,2051.97,2073.51,2092.21,2096.16,2088.19,2085.58,2095,2209.03,2106.09,2202.87,1991,2007.17,2017.59,2070.12,2061.6,2083.35,463411.8739,350061.256,400507.8132,599657.0399,152500.5822,9.48509257026159E8,7.17032957206017E8,8.24458252126678E8,1.279403180493586E9,3.17648583840042E8,5226998,4730286,4757775,6138489,1584458,240013.7173,172446.7326,196694.8334,300361.2151,73409.361,4.91126376680953E8,3.53640487903065E8,4.04852828040824E8,6.41144458022528E8,1.52930062524787E8,0.021841664241487608,0.007591419,0.010502102857254338,0.009018481,0.001883167,2036.51,2051.97,2073.52,2092.22,2096.16,2178.3
2026-03-16T00:00:00,69948.64,70191.86,70541.34,70930.01,71211.95,72815.25,71321,70800,73913.74,71307.92,73199,74909.08,68977.91,69205.91,70386.01,70317,70858.82,72270.41,27249.27542,21997.1605,35996.61678,13017.24737,14037.30704,1.9113005962341678E9,1.540745224510106E9,2.591768526296147E9,9.213086309462769E8,1.0073349552436514E9,4759855,4344059,5312490,1661739,2509013,14015.31615,10545.03396,18310.3426,6242.10104,7307.01776,9.829718055997225E8,7.387581118989177E8,1.3195306529586313E9,4.418954053585625E8,5.244405197627765E8,0.003477266,0.004978925,0.005509677,0.003975046,0.022514339,70191.86,70541.34,70930,71211.95,72815.24,1.3864,1.3847,1.3846,1.3988,1.4063,1.4488,1.4112,1.3936,1.4528,1.4084,1.4649,1.5522,1.3706,1.365,1.3831,1.3834,1.4021,1.4357,1.11034871E8,8.96896073E7,2.030747255E8,5.82111065E7,9.74043997E7,1.5430885885668E8,1.2363972383376E8,2.8796460726107E8,8.120716082588E7,1.3892839917402E8,797517,612048,1088824,282488,574897,5.11581392E7,4.38778681E7,9.7464057E7,2.63068489E7,4.86583895E7,7.10924427777E7,6.04715912967E7,1.3822740229546E8,3.669845550746E7,6.94304183751E7,-0.001154151,-7.22E-05,0.010327893,0.005289871,0.030150039109720535,1.3847,1.3846,1.3989,1.4063,1.4487,85.88,86.58,86.83,88.17,88.04,92.31,88.09,87.69,92.98,88.71,93.23,97.68,84.36,84.72,86.71,86.51,87.36,91.18,3182175.739,2913681.148,4940378.617,1498143.039,2614547.105,2.7458402230669E8,2.5146159054647E8,4.4438286234735E8,1.3102305050446E8,2.3476748850501E8,1160083,1011244,1573489,452790,884525,1642729.604,1514674.762,2461290.957,752963.058,1425868.524,1.4177427971997E8,1.3073562026902E8,2.2140656165744E8,6.581998583125E7,1.2812133386646E8,0.008150908,0.003003003,0.015430677107323853,-0.001701066,0.048506191071225675,86.58,86.84,88.18,88.03,92.3,53.87,54.8,54.57,55.3,54.98,56.28,55.28,55,56.71,55.84,56.41,59.23,53.54,53.8,54.47,54.37,54.69,55.82,272644.402,271228.185,337868.652,225515.431,247015.19,1.485088085647E7,1.474249711824E7,1.879973664269E7,1.238898451032E7,1.368932972171E7,158910,149964,215260,106784,128184,127442.237,145028.3,167321.985,106081.929,115518.4,6941280.624,7884003.166,9315517.589,5822628.852,6403421.561,0.017263783,-0.004379562,0.01356305,-0.005786618,0.023463077482721105,54.8,54.56,55.3,54.98,56.27,2036.5,2051.97,2073.51,2092.21,2096.16,2178.29,2085.58,2095,2209.03,2106.09,2202.87,2386.02,2007.17,2017.59,2070.12,2061.6,2083.35,2164.73,350061.256,400507.8132,599657.0399,152500.5822,280825.9377,7.17032957206017E8,8.24458252126678E8,1.279403180493586E9,3.17648583840042E8,5.98811241300968E8,4730286,4757775,6138489,1584458,3001730,172446.7326,196694.8334,300361.2151,73409.361,146142.3746,3.53640487903065E8,4.04852828040824E8,6.41144458022528E8,1.52930062524787E8,3.11760540134007E8,0.007591419,0.010502102857254338,0.009018481,0.001883167,0.039185940004579964,2051.97,2073.52,2092.22,2096.16,2178.3,2352.97
2026-03-17T00:00:00,70191.86,70541.34,70930.01,71211.95,72815.25,74884.67,70800,73913.74,71307.92,73199,74909.08,76000,69205.91,70386.01,70317,70858.82,72270.41,73399.19,21997.1605,35996.61678,13017.24737,14037.30704,28409.53019,1.540745224510106E9,2.591768526296147E9,9.213086309462769E8,1.0073349552436514E9,2.0958595115648637E9,4344059,5312490,1661739,2509013,5396482,10545.03396,18310.3426,6242.10104,7307.01776,15204.22255,7.387581118989177E8,1.3195306529586313E9,4.418954053585625E8,5.244405197627765E8,1.1220451591994789E9,0.004978925,0.005509677,0.003975046,0.022514339,0.028420286742170908,70541.34,70930,71211.95,72815.24,74884.67,1.3847,1.3846,1.3988,1.4063,1.4488,1.5429,1.3936,1.4528,1.4084,1.4649,1.5522,1.607,1.365,1.3831,1.3834,1.4021,1.4357,1.4941,8.96896073E7,2.030747255E8,5.82111065E7,9.74043997E7,2.185791636E8,1.2363972383376E8,2.8796460726107E8,8.120716082588E7,1.3892839917402E8,3.264418863163E8,612048,1088824,282488,574897,1383003,4.38778681E7,9.7464057E7,2.63068489E7,4.86583895E7,1.120913737E8,6.04715912967E7,1.3822740229546E8,3.669845550746E7,6.94304183751E7,1.6729313130597E8,-7.22E-05,0.010327893,0.005289871,0.030150039109720535,0.065092842,1.3846,1.3989,1.4063,1.4487,1.543,86.58,86.83,88.17,88.04,92.31,96.19,87.69,92.98,88.71,93.23,97.68,96.95,84.72,86.71,86.51,87.36,91.18,93.15,2913681.148,4940378.617,1498143.039,2614547.105,5621650.621,2.5146159054647E8,4.4438286234735E8,1.3102305050446E8,2.3476748850501E8,5.2805013414179E8,1011244,1573489,452790,884525,1713091,1514674.762,2461290.957,752963.058,1425868.524,2939860.344,1.3073562026902E8,2.2140656165744E8,6.581998583125E7,1.2812133386646E8,2.7630818964255E8,0.003003003,0.015430677107323853,-0.001701066,0.048506191071225675,0.042253521126760625,86.84,88.18,88.03,92.3,96.2,54.8,54.57,55.3,54.98,56.28,58.69,55,56.71,55.84,56.41,59.23,59.26,53.8,54.47,54.37,54.69,55.82,57.31,271228.185,337868.652,225515.431,247015.19,587196.808,1.474249711824E7,1.879973664269E7,1.238898451032E7,1.368932972171E7,3.389891698737E7,149964,215260,106784,128184,269948,145028.3,167321.985,106081.929,115518.4,285016.798,7884003.166,9315517.589,5822628.852,6403421.561,1.646072919981E7,-0.004379562,0.01356305,-0.005786618,0.023463077482721105,0.043184645459392206,54.56,55.3,54.98,56.27,58.7,2051.97,2073.51,2092.21,2096.16,2178.29,2352.97,2095,2209.03,2106.09,2202.87,2386.02,2376.66,2017.59,2070.12,2061.6,2083.35,2164.73,2294.15,400507.8132,599657.0399,152500.5822,280825.9377,845892.7756,8.24458252126678E8,1.279403180493586E9,3.17648583840042E8,5.98811241300968E8,1.930037154480769E9,4757775,6138489,1584458,3001730,7409311,196694.8334,300361.2151,73409.361,146142.3746,445819.396,4.04852828040824E8,6.41144458022528E8,1.52930062524787E8,3.11760540134007E8,1.017103594869559E9,0.010502102857254338,0.009018481,0.001883167,0.039185940004579964,0.080186384,2073.52,2092.22,2096.16,2178.3,2352.97,2317.39
2026-03-18T00:00:00,70541.34,70930.01,71211.95,72815.25,74884.67,73909.37,73913.74,71307.92,73199,74909.08,76000,74672.34,70386.01,70317,70858.82,72270.41,73399.19,70500,35996.61678,13017.24737,14037.30704,28409.53019,24521.26636,2.591768526296147E9,9.213086309462769E8,1.0073349552436514E9,2.0958595115648637E9,1.8259767313326733E9,5312490,1661739,2509013,5396482,4863187,18310.3426,6242.10104,7307.01776,15204.22255,11791.2523,1.3195306529586313E9,4.418954053585625E8,5.244405197627765E8,1.1220451591994789E9,8.78396858780886E8,0.005509677,0.003975046,0.022514339,0.028420286742170908,-0.013024161,70930,71211.95,72815.24,74884.67,73909.36,1.3846,1.3988,1.4063,1.4488,1.5429,1.5182,1.4528,1.4084,1.4649,1.5522,1.607,1.5414,1.3831,1.3834,1.4021,1.4357,1.4941,1.4359,2.030747255E8,5.82111065E7,9.74043997E7,2.185791636E8,2.328447301E8,2.8796460726107E8,8.120716082588E7,1.3892839917402E8,3.264418863163E8,3.5747389614661E8,1088824,282488,574897,1383003,1680614,9.7464057E7,2.63068489E7,4.86583895E7,1.120913737E8,1.158181172E8,1.3822740229546E8,3.669845550746E7,6.94304183751E7,1.6729313130597E8,1.7802372093125E8,0.010327893,0.005289871,0.030150039109720535,0.065092842,-0.016072586,1.3989,1.4063,1.4487,1.543,1.5182,86.83,88.17,88.04,92.31,96.19,94.61,92.98,88.71,93.23,97.68,96.95,95.65,86.71,86.51,87.36,91.18,93.15,88.55,4940378.617,1498143.039,2614547.105,5621650.621,2833557.586,4.4438286234735E8,1.3102305050446E8,2.3476748850501E8,5.2805013414179E8,2.6810171495452E8,1573489,452790,884525,1713091,1112613,2461290.957,752963.058,1425868.524,2939860.344,1375922.322,2.2140656165744E8,6.581998583125E7,1.2812133386646E8,2.7630818964255E8,1.3028577310802E8,0.015430677107323853,-0.001701066,0.048506191071225675,0.042253521126760625,-0.016424116,88.18,88.03,92.3,96.2,94.62,54.57,55.3,54.98,56.28,58.69,58.09,56.71,55.84,56.41,59.23,59.26,58.56,54.47,54.37,54.69,55.82,57.31,55.3,337868.652,225515.431,247015.19,587196.808,402802.673,1.879973664269E7,1.238898451032E7,1.368932972171E7,3.389891698737E7,2.344015030041E7,215260,106784,128184,269948,214662,167321.985,106081.929,115518.4,285016.798,206304.377,9315517.589,5822628.852,6403421.561,1.646072919981E7,1.201095444593E7,0.01356305,-0.005786618,0.023463077482721105,0.043184645459392206,-0.010391823,55.3,54.98,56.27,58.7,58.09,2073.51,2092.21,2096.16,2178.29,2352.97,2317.38,2209.03,2106.09,2202.87,2386.02,2376.66,2350,2070.12,2061.6,2083.35,2164.73,2294.15,2153.21,599657.0399,152500.5822,280825.9377,845892.7756,493831.1016,1.279403180493586E9,3.17648583840042E8,5.98811241300968E8,1.930037154480769E9,1.152094007668437E9,6138489,1584458,3001730,7409311,5596636,300361.2151,73409.361,146142.3746,445819.396,240136.5065,6.41144458022528E8,1.52930062524787E8,3.11760540134007E8,1.017103594869559E9,5.60589683752158E8,0.009018481,0.001883167,0.039185940004579964,0.080186384,-0.015121315,2092.22,2096.16,2178.3,2352.97,2317.39,2203.39
2026-03-19T00:00:00,70930.01,71211.95,72815.25,74884.67,73909.37,71246.55,71307.92,73199,74909.08,76000,74672.34,71613.79,70317,70858.82,72270.41,73399.19,70500,68793.35,13017.24737,14037.30704,28409.53019,24521.26636,23392.88093,9.213086309462769E8,1.0073349552436514E9,2.0958595115648637E9,1.8259767313326733E9,1.6929498389777424E9,1661739,2509013,5396482,4863187,4733897,6242.10104,7307.01776,15204.22255,11791.2523,11709.17057,4.418954053585625E8,5.244405197627765E8,1.1220451591994789E9,8.78396858780886E8,8.479054826972562E8,0.003975046,0.022514339,0.028420286742170908,-0.013024161,-0.036028184,71211.95,72815.24,74884.67,73909.36,71246.54,1.3988,1.4063,1.4488,1.5429,1.5182,1.4648,1.4084,1.4649,1.5522,1.607,1.5414,1.4817,1.3834,1.4021,1.4357,1.4941,1.4359,1.4219,5.82111065E7,9.74043997E7,2.185791636E8,2.328447301E8,1.395376856E8,8.120716082588E7,1.3892839917402E8,3.264418863163E8,3.5747389614661E8,2.065681455128E8,282488,574897,1383003,1680614,1028965,2.63068489E7,4.86583895E7,1.120913737E8,1.158181172E8,6.74911549E7,3.669845550746E7,6.94304183751E7,1.6729313130597E8,1.7802372093125E8,9.991070444566E7,0.005289871,0.030150039109720535,0.065092842,-0.016072586,-0.035239099,1.4063,1.4487,1.543,1.5182,1.4647,88.17,88.04,92.31,96.19,94.61,90.07,88.71,93.23,97.68,96.95,95.65,91.41,86.51,87.36,91.18,93.15,88.55,87,1498143.039,2614547.105,5621650.621,2833557.586,3293861.558,1.3102305050446E8,2.3476748850501E8,5.2805013414179E8,2.6810171495452E8,3.0091740538526E8,452790,884525,1713091,1112613,1252844,752963.058,1425868.524,2939860.344,1375922.322,1605377.893,6.581998583125E7,1.2812133386646E8,2.7630818964255E8,1.3028577310802E8,1.4654402507621E8,-0.001701066,0.048506191071225675,0.042253521126760625,-0.016424116,-0.047981399,88.03,92.3,96.2,94.62,90.08,55.3,54.98,56.28,58.69,58.09,56.08,55.84,56.41,59.23,59.26,58.56,56.35,54.37,54.69,55.82,57.31,55.3,54.59,225515.431,247015.19,587196.808,402802.673,355225.613,1.238898451032E7,1.368932972171E7,3.389891698737E7,2.344015030041E7,2.011022413314E7,106784,128184,269948,214662,198224,106081.929,115518.4,285016.798,206304.377,160825.572,5822628.852,6403421.561,1.646072919981E7,1.201095444593E7,9103196.023,-0.005786618,0.023463077482721105,0.043184645459392206,-0.010391823,-0.03460148,54.98,56.27,58.7,58.09,56.08,2092.21,2096.16,2178.29,2352.97,2317.38,2203.39,2106.09,2202.87,2386.02,2376.66,2350,2233.72,2061.6,2083.35,2164.73,2294.15,2153.21,2099.38,152500.5822,280825.9377,845892.7756,493831.1016,488040.8887,3.17648583840042E8,5.98811241300968E8,1.930037154480769E9,1.152094007668437E9,1.091022905103254E9,1584458,3001730,7409311,5596636,5684937,73409.361,146142.3746,445819.396,240136.5065,232364.5906,1.52930062524787E8,3.11760540134007E8,1.017103594869559E9,5.60589683752158E8,5.19214878002058E8,0.001883167,0.039185940004579964,0.080186384,-0.015121315,-0.049193273,2096.16,2178.3,2352.97,2317.39,2203.39,2137.81
2026-03-20T00:00:00,71211.95,72815.25,74884.67,73909.37,71246.55,69930.01,73199,74909.08,76000,74672.34,71613.79,71367,70858.82,72270.41,73399.19,70500,68793.35,69388,14037.30704,28409.53019,24521.26636,23392.88093,22364.81819,1.0073349552436514E9,2.0958595115648637E9,1.8259767313326733E9,1.6929498389777424E9,1.5665739498604124E9,2509013,5396482,4863187,4733897,4972526,7307.01776,15204.22255,11791.2523,11709.17057,10489.13676,5.244405197627765E8,1.1220451591994789E9,8.78396858780886E8,8.479054826972562E8,7.346346232873883E8,0.022514339,0.028420286742170908,-0.013024161,-0.036028184,-0.018478652,72815.24,74884.67,73909.36,71246.54,69930,1.4063,1.4488,1.5429,1.5182,1.4648,1.4475,1.4649,1.5522,1.607,1.5414,1.4817,1.4665,1.4021,1.4357,1.4941,1.4359,1.4219,1.4248,9.74043997E7,2.185791636E8,2.328447301E8,1.395376856E8,1.189073526E8,1.3892839917402E8,3.264418863163E8,3.5747389614661E8,2.065681455128E8,1.725356647207E8,574897,1383003,1680614,1028965,980129,4.86583895E7,1.120913737E8,1.158181172E8,6.74911549E7,5.51997983E7,6.94304183751E7,1.6729313130597E8,1.7802372093125E8,9.991070444566E7,8.012184337424E7,0.030150039109720535,0.065092842,-0.016072586,-0.035239099,-0.011743019,1.4487,1.543,1.5182,1.4647,1.4475,88.04,92.31,96.19,94.61,90.07,88.9,93.23,97.68,96.95,95.65,91.41,90.45,87.36,91.18,93.15,88.55,87,88.13,2614547.105,5621650.621,2833557.586,3293861.558,2609542.924,2.3476748850501E8,5.2805013414179E8,2.6810171495452E8,3.0091740538526E8,2.3209970487992E8,884525,1713091,1112613,1252844,969701,1425868.524,2939860.344,1375922.322,1605377.893,1320188.037,1.2812133386646E8,2.7630818964255E8,1.3028577310802E8,1.4654402507621E8,1.1743725068552E8,0.048506191071225675,0.042253521126760625,-0.016424116,-0.047981399,-0.01321048,92.3,96.2,94.62,90.08,88.89,54.98,56.28,58.69,58.09,56.08,55.53,56.41,59.23,59.26,58.56,56.35,56.47,54.69,55.82,57.31,55.3,54.59,55.17,247015.19,587196.808,402802.673,355225.613,266053.615,1.368932972171E7,3.389891698737E7,2.344015030041E7,2.011022413314E7,1.470465070353E7,128184,269948,214662,198224,174237,115518.4,285016.798,206304.377,160825.572,130828.917,6403421.561,1.646072919981E7,1.201095444593E7,9103196.023,7226306.579,0.023463077482721105,0.043184645459392206,-0.010391823,-0.03460148,-0.009629101,56.27,58.7,58.09,56.08,55.54,2096.16,2178.29,2352.97,2317.38,2203.39,2137.82,2202.87,2386.02,2376.66,2350,2233.72,2176.84,2083.35,2164.73,2294.15,2153.21,2099.38,2116.88,280825.9377,845892.7756,493831.1016,488040.8887,490791.679,5.98811241300968E8,1.930037154480769E9,1.152094007668437E9,1.091022905103254E9,1.055407061657721E9,3001730,7409311,5596636,5684937,6142160,146142.3746,445819.396,240136.5065,232364.5906,235483.1788,3.11760540134007E8,1.017103594869559E9,5.60589683752158E8,5.19214878002058E8,5.06383264144461E8,0.039185940004579964,0.080186384,-0.015121315,-0.049193273,-0.029763228,2178.3,2352.97,2317.39,2203.39,2137.81,2146.22
2026-03-21T00:00:00,72815.25,74884.67,73909.37,71246.55,69930.01,70510.73,74909.08,76000,74672.34,71613.79,71367,71100.94,72270.41,73399.19,70500,68793.35,69388,68571.42,28409.53019,24521.26636,23392.88093,22364.81819,18121.16745,2.0958595115648637E9,1.8259767313326733E9,1.6929498389777424E9,1.5665739498604124E9,1.2738128406886704E9,5396482,4863187,4733897,4972526,4369971,15204.22255,11791.2523,11709.17057,10489.13676,8801.41211,1.1220451591994789E9,8.78396858780886E8,8.479054826972562E8,7.346346232873883E8,6.187819382268149E8,0.028420286742170908,-0.013024161,-0.036028184,-0.018478652,0.008304447,74884.67,73909.36,71246.54,69930,70510.73,1.4488,1.5429,1.5182,1.4648,1.4475,1.4452,1.5522,1.607,1.5414,1.4817,1.4665,1.453,1.4357,1.4941,1.4359,1.4219,1.4248,1.4003,2.185791636E8,2.328447301E8,1.395376856E8,1.189073526E8,8.79556836E7,3.264418863163E8,3.5747389614661E8,2.065681455128E8,1.725356647207E8,1.2718619600855E8,1383003,1680614,1028965,980129,699336,1.120913737E8,1.158181172E8,6.74911549E7,5.51997983E7,4.4839408E7,1.6729313130597E8,1.7802372093125E8,9.991070444566E7,8.012184337424E7,6.484993697772E7,0.065092842,-0.016072586,-0.035239099,-0.011743019,-0.001588946,1.543,1.5182,1.4647,1.4475,1.4452,92.31,96.19,94.61,90.07,88.9,89.85,97.68,96.95,95.65,91.41,90.45,90.81,91.18,93.15,88.55,87,88.13,87.14,5621650.621,2833557.586,3293861.558,2609542.924,2201411.538,5.2805013414179E8,2.6810171495452E8,3.0091740538526E8,2.3209970487992E8,1.9642107004267E8,1713091,1112613,1252844,969701,829967,2939860.344,1375922.322,1605377.893,1320188.037,1141148.706,2.7630818964255E8,1.3028577310802E8,1.4654402507621E8,1.1743725068552E8,1.018419000551E8,0.042253521126760625,-0.016424116,-0.047981399,-0.01321048,0.010687366407919932,96.2,94.62,90.08,88.89,89.84,56.28,58.69,58.09,56.08,55.53,56.18,59.23,59.26,58.56,56.35,56.47,56.59,55.82,57.31,55.3,54.59,55.17,54.42,587196.808,402802.673,355225.613,266053.615,221084.585,3.389891698737E7,2.344015030041E7,2.011022413314E7,1.470465070353E7,1.231605112424E7,269948,214662,198224,174237,144094,285016.798,206304.377,160825.572,130828.917,109524.558,1.646072919981E7,1.201095444593E7,9103196.023,7226306.579,6101458.12,0.043184645459392206,-0.010391823,-0.03460148,-0.009629101,0.011343176089305051,58.7,58.09,56.08,55.54,56.17,2178.29,2352.97,2317.38,2203.39,2137.82,2146.21,2386.02,2376.66,2350,2233.72,2176.84,2168.27,2164.73,2294.15,2153.21,2099.38,2116.88,2070.78,845892.7756,493831.1016,488040.8887,490791.679,300156.1778,1.930037154480769E9,1.152094007668437E9,1.091022905103254E9,1.055407061657721E9,6.42995528130654E8,7409311,5596636,5684937,6142160,4595372,445819.396,240136.5065,232364.5906,235483.1788,162200.144,1.017103594869559E9,5.60589683752158E8,5.19214878002058E8,5.06383264144461E8,3.4756218659691E8,0.080186384,-0.015121315,-0.049193273,-0.029763228,0.003933932,2352.97,2317.39,2203.39,2137.81,2146.22,2084.87
2026-03-22T00:00:00,74884.67,73909.37,71246.55,69930.01,70510.73,68918.12,76000,74672.34,71613.79,71367,71100.94,69588.79,73399.19,70500,68793.35,69388,68571.42,67360.66,24521.26636,23392.88093,22364.81819,18121.16745,13397.1675,1.8259767313326733E9,1.6929498389777424E9,1.5665739498604124E9,1.2738128406886704E9,9.42693882026424E8,4863187,4733897,4972526,4369971,1640086,11791.2523,11709.17057,10489.13676,8801.41211,6379.69313,8.78396858780886E8,8.479054826972562E8,7.346346232873883E8,6.187819382268149E8,4.491563609341547E8,-0.013024161,-0.036028184,-0.018478652,0.008304447,-0.022586775,73909.36,71246.54,69930,70510.73,68918.12,1.5429,1.5182,1.4648,1.4475,1.4452,1.4087,1.607,1.5414,1.4817,1.4665,1.453,1.4263,1.4941,1.4359,1.4219,1.4248,1.4003,1.3712,2.328447301E8,1.395376856E8,1.189073526E8,8.79556836E7,5.71475109E7,3.5747389614661E8,2.065681455128E8,1.725356647207E8,1.2718619600855E8,8.205170057759E7,1680614,1028965,980129,699336,335146,1.158181172E8,6.74911549E7,5.51997983E7,4.4839408E7,2.60038834E7,1.7802372093125E8,9.991070444566E7,8.012184337424E7,6.484993697772E7,3.73411156385E7,-0.016072586,-0.035239099,-0.011743019,-0.001588946,-0.025325215,1.5182,1.4647,1.4475,1.4452,1.4086,96.19,94.61,90.07,88.9,89.85,87.55,96.95,95.65,91.41,90.45,90.81,89.2,93.15,88.55,87,88.13,87.14,85.14,2833557.586,3293861.558,2609542.924,2201411.538,1241845.225,2.6810171495452E8,3.0091740538526E8,2.3209970487992E8,1.9642107004267E8,1.1125609232793E8,1112613,1252844,969701,829967,430506,1375922.322,1605377.893,1320188.037,1141148.706,589404.904,1.3028577310802E8,1.4654402507621E8,1.1743725068552E8,1.018419000551E8,5.282314638536E7,-0.016424116,-0.047981399,-0.01321048,0.010687366407919932,-0.025378451,94.62,90.08,88.89,89.84,87.56,58.69,58.09,56.08,55.53,56.18,54.79,59.26,58.56,56.35,56.47,56.59,55.05,57.31,55.3,54.59,55.17,54.42,53.03,402802.673,355225.613,266053.615,221084.585,194699.709,2.344015030041E7,2.011022413314E7,1.470465070353E7,1.231605112424E7,1.087465156483E7,214662,198224,174237,144094,103200,206304.377,160825.572,130828.917,109524.558,95771.379,1.201095444593E7,9103196.023,7226306.579,6101458.12,5352882.535,-0.010391823,-0.03460148,-0.009629101,0.011343176089305051,-0.024212213,58.09,56.08,55.54,56.17,54.81,2352.97,2317.38,2203.39,2137.82,2146.21,2084.86,2376.66,2350,2233.72,2176.84,2168.27,2127.21,2294.15,2153.21,2099.38,2116.88,2070.78,2026,493831.1016,488040.8887,490791.679,300156.1778,132559.4646,1.152094007668437E9,1.091022905103254E9,1.055407061657721E9,6.42995528130654E8,2.83144610716903E8,5596636,5684937,6142160,4595372,1375463,240136.5065,232364.5906,235483.1788,162200.144,63249.5812,5.60589683752158E8,5.19214878002058E8,5.06383264144461E8,3.4756218659691E8,1.35224634234885E8,-0.015121315,-0.049193273,-0.029763228,0.003933932,-0.02858514,2317.39,2203.39,2137.81,2146.22,2084.87,2053.89
2026-03-23T00:00:00,73909.37,71246.55,69930.01,70510.73,68918.12,67859,74672.34,71613.79,71367,71100.94,69588.79,71817.09,70500,68793.35,69388,68571.42,67360.66,67445.18,23392.88093,22364.81819,18121.16745,13397.1675,14843.78682,1.6929498389777424E9,1.5665739498604124E9,1.2738128406886704E9,9.42693882026424E8,1.0189264753196974E9,4733897,4972526,4369971,1640086,3269152,11709.17057,10489.13676,8801.41211,6379.69313,7292.32333,8.479054826972562E8,7.346346232873883E8,6.187819382268149E8,4.491563609341547E8,5.007000882518349E8,-0.036028184,-0.018478652,0.008304447,-0.022586775,-0.015367802,71246.54,69930,70510.73,68918.12,67859,1.5182,1.4648,1.4475,1.4452,1.4087,1.3849,1.5414,1.4817,1.4665,1.453,1.4263,1.4661,1.4359,1.4219,1.4248,1.4003,1.3712,1.3618,1.395376856E8,1.189073526E8,8.79556836E7,5.71475109E7,7.71822064E7,2.065681455128E8,1.725356647207E8,1.2718619600855E8,8.205170057759E7,1.0792696888544E8,1028965,980129,699336,335146,712228,6.74911549E7,5.51997983E7,4.4839408E7,2.60038834E7,3.56148503E7,9.991070444566E7,8.012184337424E7,6.484993697772E7,3.73411156385E7,4.97839432724E7,-0.035239099,-0.011743019,-0.001588946,-0.025325215,-0.016896209,1.4647,1.4475,1.4452,1.4086,1.3848,94.61,90.07,88.9,89.85,87.55,86.21,95.65,91.41,90.45,90.81,89.2,92.26,88.55,87,88.13,87.14,85.14,85.11,3293861.558,2609542.924,2201411.538,1241845.225,2138087.131,3.0091740538526E8,2.3209970487992E8,1.9642107004267E8,1.1125609232793E8,1.8656007907073E8,1252844,969701,829967,430506,792987,1605377.893,1320188.037,1141148.706,589404.904,1065007.562,1.4654402507621E8,1.1743725068552E8,1.018419000551E8,5.282314638536E7,9.29675516258E7,-0.047981399,-0.01321048,0.010687366407919932,-0.025378451,-0.015532206,90.08,88.89,89.84,87.56,86.2,58.09,56.08,55.53,56.18,54.79,53.51,58.56,56.35,56.47,56.59,55.05,56.16,55.3,54.59,55.17,54.42,53.03,53.27,355225.613,266053.615,221084.585,194699.709,303410.591,2.011022413314E7,1.470465070353E7,1.231605112424E7,1.087465156483E7,1.641909936945E7,198224,174237,144094,103200,157394,160825.572,130828.917,109524.558,95771.379,149806.373,9103196.023,7226306.579,6101458.12,5352882.535,8108585.098,-0.03460148,-0.009629101,0.011343176089305051,-0.024212213,-0.0237183,56.08,55.54,56.17,54.81,53.51,2317.38,2203.39,2137.82,2146.21,2084.86,2053.9,2350,2233.72,2176.84,2168.27,2127.21,2198.57,2153.21,2099.38,2116.88,2070.78,2026,2023.04,488040.8887,490791.679,300156.1778,132559.4646,313070.5572,1.091022905103254E9,1.055407061657721E9,6.42995528130654E8,2.83144610716903E8,6.50684776658794E8,5684937,6142160,4595372,1375463,3577857,232364.5906,235483.1788,162200.144,63249.5812,154345.7056,5.19214878002058E8,5.06383264144461E8,3.4756218659691E8,1.35224634234885E8,3.20941884725678E8,-0.049193273,-0.029763228,0.003933932,-0.02858514,-0.01485944,2203.39,2137.81,2146.22,2084.87,2053.89,2152.03
2026-03-24T00:00:00,71246.55,69930.01,70510.73,68918.12,67859,70906.45,71613.79,71367,71100.94,69588.79,71817.09,71400,68793.35,69388,68571.42,67360.66,67445.18,68923.07,22364.81819,18121.16745,13397.1675,14843.78682,28335.09119,1.5665739498604124E9,1.2738128406886704E9,9.42693882026424E8,1.0189264753196974E9,1.980755169231694E9,4972526,4369971,1640086,3269152,6509730,10489.13676,8801.41211,6379.69313,7292.32333,14640.9723,7.346346232873883E8,6.187819382268149E8,4.491563609341547E8,5.007000882518349E8,1.0229707754557817E9,-0.018478652,0.008304447,-0.022586775,-0.015367802,0.04490856,69930,70510.73,68918.12,67859,70906.45,1.4648,1.4475,1.4452,1.4087,1.3849,1.4323,1.4817,1.4665,1.453,1.4263,1.4661,1.435,1.4219,1.4248,1.4003,1.3712,1.3618,1.3835,1.189073526E8,8.79556836E7,5.71475109E7,7.71822064E7,1.700652593E8,1.725356647207E8,1.2718619600855E8,8.205170057759E7,1.0792696888544E8,2.410269170104E8,980129,699336,335146,712228,1438671,5.51997983E7,4.4839408E7,2.60038834E7,3.56148503E7,8.29931587E7,8.012184337424E7,6.484993697772E7,3.73411156385E7,4.97839432724E7,1.1754709027273E8,-0.011743019,-0.001588946,-0.025325215,-0.016896209,0.034300982091276626,1.4475,1.4452,1.4086,1.3848,1.4323,90.07,88.9,89.85,87.55,86.21,91.44,91.41,90.45,90.81,89.2,92.26,92.22,87,88.13,87.14,85.14,85.11,88.42,2609542.924,2201411.538,1241845.225,2138087.131,4561706.388,2.3209970487992E8,1.9642107004267E8,1.1125609232793E8,1.8656007907073E8,4.0866871198439E8,969701,829967,430506,792987,1666603,1320188.037,1141148.706,589404.904,1065007.562,2388137.442,1.1743725068552E8,1.018419000551E8,5.282314638536E7,9.29675516258E7,2.1407148882523E8,-0.01321048,0.010687366407919932,-0.025378451,-0.015532206,0.060672854,88.89,89.84,87.56,86.2,91.43,56.08,55.53,56.18,54.79,53.51,55.73,56.35,56.47,56.59,55.05,56.16,56.5,54.59,55.17,54.42,53.03,53.27,55.05,266053.615,221084.585,194699.709,303410.591,361341.093,1.470465070353E7,1.231605112424E7,1.087465156483E7,1.641909936945E7,1.989071143721E7,174237,144094,103200,157394,236501,130828.917,109524.558,95771.379,149806.373,183217.794,7226306.579,6101458.12,5352882.535,8108585.098,1.008733220511E7,-0.009629101,0.011343176089305051,-0.024212213,-0.0237183,0.041300691,55.54,56.17,54.81,53.51,55.72,2203.39,2137.82,2146.21,2084.86,2053.9,2152.03,2233.72,2176.84,2168.27,2127.21,2198.57,2175.16,2099.38,2116.88,2070.78,2026,2023.04,2103.02,490791.679,300156.1778,132559.4646,313070.5572,614508.4369,1.055407061657721E9,6.42995528130654E8,2.83144610716903E8,6.50684776658794E8,1.308899803016499E9,6142160,4595372,1375463,3577857,7349668,235483.1788,162200.144,63249.5812,154345.7056,310239.9864,5.06383264144461E8,3.4756218659691E8,1.35224634234885E8,3.20941884725678E8,6.60782033700741E8,-0.029763228,0.003933932,-0.02858514,-0.01485944,0.047782501,2137.81,2146.22,2084.87,2053.89,2152.03,2156.23
2026-03-25T00:00:00,69930.01,70510.73,68918.12,67859,70906.45,70556.74,71367,71100.94,69588.79,71817.09,71400,72026.09,69388,68571.42,67360.66,67445.18,68923.07,70408,18121.16745,13397.1675,14843.78682,28335.09119,20702.42244,1.2738128406886704E9,9.42693882026424E8,1.0189264753196974E9,1.980755169231694E9,1.4553612292099645E9,4369971,1640086,3269152,6509730,4191328,8801.41211,6379.69313,7292.32333,14640.9723,9731.85043,6.187819382268149E8,4.491563609341547E8,5.007000882518349E8,1.0229707754557817E9,6.842540392949127E8,0.008304447,-0.022586775,-0.015367802,0.04490856,-0.004931991,70510.73,68918.12,67859,70906.45,70556.74,1.4475,1.4452,1.4087,1.3849,1.4323,1.416,1.4665,1.453,1.4263,1.4661,1.435,1.4379,1.4248,1.4003,1.3712,1.3618,1.3835,1.4019,8.79556836E7,5.71475109E7,7.71822064E7,1.700652593E8,1.033805003E8,1.2718619600855E8,8.205170057759E7,1.0792696888544E8,2.410269170104E8,1.4574757947872E8,699336,335146,712228,1438671,673812,4.4839408E7,2.60038834E7,3.56148503E7,8.29931587E7,5.33248578E7,6.484993697772E7,3.73411156385E7,4.97839432724E7,1.1754709027273E8,7.518294686091E7,-0.001588946,-0.025325215,-0.016896209,0.034300982091276626,-0.011380297,1.4452,1.4086,1.3848,1.4323,1.416,88.9,89.85,87.55,86.21,91.44,90.8,90.45,90.81,89.2,92.26,92.22,93.47,88.13,87.14,85.14,85.11,88.42,90.71,2201411.538,1241845.225,2138087.131,4561706.388,3086042.526,1.9642107004267E8,1.1125609232793E8,1.8656007907073E8,4.0866871198439E8,2.7895955129154E8,829967,430506,792987,1666603,1020843,1141148.706,589404.904,1065007.562,2388137.442,1573214.538,1.018419000551E8,5.282314638536E7,9.29675516258E7,2.1407148882523E8,1.423002862154E8,0.010687366407919932,-0.025378451,-0.015532206,0.060672854,-0.006890517,89.84,87.56,86.2,91.43,90.8,55.53,56.18,54.79,53.51,55.73,56.39,56.47,56.59,55.05,56.16,56.5,56.8,55.17,54.42,53.03,53.27,55.05,55.79,221084.585,194699.709,303410.591,361341.093,251140.031,1.231605112424E7,1.087465156483E7,1.641909936945E7,1.989071143721E7,1.398851479047E7,144094,103200,157394,236501,152634,109524.558,95771.379,149806.373,183217.794,123546.971,6101458.12,5352882.535,8108585.098,1.008733220511E7,6883814.462,0.011343176089305051,-0.024212213,-0.0237183,0.041300691,0.011844938980617439,56.17,54.81,53.51,55.72,56.38,2137.82,2146.21,2084.86,2053.9,2152.03,2156.22,2176.84,2168.27,2127.21,2198.57,2175.16,2199.02,2116.88,2070.78,2026,2023.04,2103.02,2146.35,300156.1778,132559.4646,313070.5572,614508.4369,316703.4728,6.42995528130654E8,2.83144610716903E8,6.50684776658794E8,1.308899803016499E9,6.7810564681039E8,4595372,1375463,3577857,7349668,4633093,162200.144,63249.5812,154345.7056,310239.9864,152304.1675,3.4756218659691E8,1.35224634234885E8,3.20941884725678E8,6.60782033700741E8,3.26179427042751E8,0.003933932,-0.02858514,-0.01485944,0.047782501,0.001951646,2146.22,2084.87,2053.89,2152.03,2156.23,2169.02
2026-03-26T00:00:00,70510.73,68918.12,67859,70906.45,70556.74,71336.53,71100.94,69588.79,71817.09,71400,72026.09,71436.82,68571.42,67360.66,67445.18,68923.07,70408,68153,13397.1675,14843.78682,28335.09119,20702.42244,17719.50066,9.42693882026424E8,1.0189264753196974E9,1.980755169231694E9,1.4553612292099645E9,1.2610179885394323E9,1640086,3269152,6509730,4191328,3298902,6379.69313,7292.32333,14640.9723,9731.85043,8819.77787,4.491563609341547E8,5.007000882518349E8,1.0229707754557817E9,6.842540392949127E8,6.278749828921663E8,-0.022586775,-0.015367802,0.04490856,-0.004931991,0.011051956198656478,68918.12,67859,70906.45,70556.74,71336.53,1.4452,1.4087,1.3849,1.4323,1.416,1.4145,1.453,1.4263,1.4661,1.435,1.4379,1.4165,1.4003,1.3712,1.3618,1.3835,1.4019,1.336,5.71475109E7,7.71822064E7,1.700652593E8,1.033805003E8,9.70408127E7,8.205170057759E7,1.0792696888544E8,2.410269170104E8,1.4574757947872E8,1.377125281866E8,335146,712228,1438671,673812,535641,2.60038834E7,3.56148503E7,8.29931587E7,5.33248578E7,4.60675083E7,3.73411156385E7,4.97839432724E7,1.1754709027273E8,7.518294686091E7,6.538809172888E7,-0.025325215,-0.016896209,0.034300982091276626,-0.011380297,-0.001059322,1.4086,1.3848,1.4323,1.416,1.4145,89.85,87.55,86.21,91.44,90.8,91.7,90.81,89.2,92.26,92.22,93.47,91.98,87.14,85.14,85.11,88.42,90.71,85.45,1241845.225,2138087.131,4561706.388,3086042.526,2652534.798,1.1125609232793E8,1.8656007907073E8,4.0866871198439E8,2.7895955129154E8,2.4437331011937E8,430506,792987,1666603,1020843,844728,589404.904,1065007.562,2388137.442,1573214.538,1385531.891,5.282314638536E7,9.29675516258E7,2.1407148882523E8,1.423002862154E8,1.2764857752073E8,-0.025378451,-0.015532206,0.060672854,-0.006890517,0.009911894,87.56,86.2,91.43,90.8,91.7,56.18,54.79,53.51,55.73,56.39,56.64,56.59,55.05,56.16,56.5,56.8,56.67,54.42,53.03,53.27,55.05,55.79,54.23,194699.709,303410.591,361341.093,251140.031,308934.412,1.087465156483E7,1.641909936945E7,1.989071143721E7,1.398851479047E7,1.740618272869E7,103200,157394,236501,152634,133351,95771.379,149806.373,183217.794,123546.971,146028.372,5352882.535,8108585.098,1.008733220511E7,6883814.462,8228790.263,-0.024212213,-0.0237183,0.041300691,0.011844938980617439,0.004788932,54.81,53.51,55.72,56.38,56.65,2146.21,2084.86,2053.9,2152.03,2156.22,2169.02,2168.27,2127.21,2198.57,2175.16,2199.02,2172.19,2070.78,2026,2023.04,2103.02,2146.35,2034.54,132559.4646,313070.5572,614508.4369,316703.4728,275641.5255,2.83144610716903E8,6.50684776658794E8,1.308899803016499E9,6.7810564681039E8,5.99018681167746E8,1375463,3577857,7349668,4633093,3492121,63249.5812,154345.7056,310239.9864,152304.1675,139003.4847,1.35224634234885E8,3.20941884725678E8,6.60782033700741E8,3.26179427042751E8,3.02159076486272E8,-0.02858514,-0.01485944,0.047782501,0.001951646,0.005931649,2084.87,2053.89,2152.03,2156.23,2169.02,2060.43
2026-03-27T00:00:00,68918.12,67859,70906.45,70556.74,71336.53,68820.31,69588.79,71817.09,71400,72026.09,71436.82,69179.05,67360.66,67445.18,68923.07,70408,68153,65548.25,14843.78682,28335.09119,20702.42244,17719.50066,20820.45768,1.0189264753196974E9,1.980755169231694E9,1.4553612292099645E9,1.2610179885394323E9,1.447699734339839E9,3269152,6509730,4191328,3298902,3597702,7292.32333,14640.9723,9731.85043,8819.77787,10116.39467,5.007000882518349E8,1.0229707754557817E9,6.842540392949127E8,6.278749828921663E8,7.036500015901196E8,-0.015367802,0.04490856,-0.004931991,0.011051956198656478,-0.035272531,67859,70906.45,70556.74,71336.53,68820.31,1.4087,1.3849,1.4323,1.416,1.4145,1.3608,1.4263,1.4661,1.435,1.4379,1.4165,1.3726,1.3712,1.3618,1.3835,1.4019,1.336,1.3184,7.71822064E7,1.700652593E8,1.033805003E8,9.70408127E7,1.308420254E8,1.0792696888544E8,2.410269170104E8,1.4574757947872E8,1.377125281866E8,1.7935716490353E8,712228,1438671,673812,535641,632117,3.56148503E7,8.29931587E7,5.33248578E7,4.60675083E7,6.00125927E7,4.97839432724E7,1.1754709027273E8,7.518294686091E7,6.538809172888E7,8.23128876859E7,-0.016896209,0.034300982091276626,-0.011380297,-0.001059322,-0.037893248,1.3848,1.4323,1.416,1.4145,1.3609,87.55,86.21,91.44,90.8,91.7,86.52,89.2,92.26,92.22,93.47,91.98,87.04,85.14,85.11,88.42,90.71,85.45,81.86,2138087.131,4561706.388,3086042.526,2652534.798,3566192.736,1.8656007907073E8,4.0866871198439E8,2.7895955129154E8,2.4437331011937E8,3.138487207704E8,792987,1666603,1020843,844728,864864,1065007.562,2388137.442,1573214.538,1385531.891,1628293.113,9.29675516258E7,2.1407148882523E8,1.423002862154E8,1.2764857752073E8,1.4314798257771E8,-0.015532206,0.060672854,-0.006890517,0.009911894,-0.056379498,86.2,91.43,90.8,91.7,86.53,54.79,53.51,55.73,56.39,56.64,54.59,55.05,56.16,56.5,56.8,56.67,55.18,53.03,53.27,55.05,55.79,54.23,53.29,303410.591,361341.093,251140.031,308934.412,382513.198,1.641909936945E7,1.989071143721E7,1.398851479047E7,1.740618272869E7,2.099980053381E7,157394,236501,152634,133351,147781,149806.373,183217.794,123546.971,146028.372,164299.115,8108585.098,1.008733220511E7,6883814.462,8228790.263,9021670.727,-0.0237183,0.041300691,0.011844938980617439,0.004788932,-0.036363636,53.51,55.72,56.38,56.65,54.59,2084.86,2053.9,2152.03,2156.22,2169.02,2060.43,2127.21,2198.57,2175.16,2199.02,2172.19,2077.19,2026,2023.04,2103.02,2146.35,2034.54,1970.93,313070.5572,614508.4369,316703.4728,275641.5255,338010.6238,6.50684776658794E8,1.308899803016499E9,6.7810564681039E8,5.99018681167746E8,7.05496760970934E8,3577857,7349668,4633093,3492121,3890747,154345.7056,310239.9864,152304.1675,139003.4847,171588.2134,3.20941884725678E8,6.60782033700741E8,3.26179427042751E8,3.02159076486272E8,3.57646756153379E8,-0.01485944,0.047782501,0.001951646,0.005931649,-0.050064084,2053.89,2152.03,2156.23,2169.02,2060.43,1992.75
2026-03-28T00:00:00,67859,70906.45,70556.74,71336.53,68820.31,66407.28,71817.09,71400,72026.09,71436.82,69179.05,67288.94,67445.18,68923.07,70408,68153,65548.25,65932.09,28335.09119,20702.42244,17719.50066,20820.45768,28603.69557,1.980755169231694E9,1.4553612292099645E9,1.2610179885394323E9,1.447699734339839E9,1.917318222709913E9,6509730,4191328,3298902,3597702,4159306,14640.9723,9731.85043,8819.77787,10116.39467,14568.62853,1.0229707754557817E9,6.842540392949127E8,6.278749828921663E8,7.036500015901196E8,9.76680026265681E8,0.04490856,-0.004931991,0.011051956198656478,-0.035272531,-0.03506276,70906.45,70556.74,71336.53,68820.31,66407.28,1.3849,1.4323,1.416,1.4145,1.3608,1.3256,1.4661,1.435,1.4379,1.4165,1.3726,1.3582,1.3618,1.3835,1.4019,1.336,1.3184,1.3191,1.700652593E8,1.033805003E8,9.70408127E7,1.308420254E8,1.19257397E8,2.410269170104E8,1.4574757947872E8,1.377125281866E8,1.7935716490353E8,1.6004201149069E8,1438671,673812,535641,632117,593277,8.29931587E7,5.33248578E7,4.60675083E7,6.00125927E7,5.61682505E7,1.1754709027273E8,7.518294686091E7,6.538809172888E7,8.23128876859E7,7.53744590056E7,0.034300982091276626,-0.011380297,-0.001059322,-0.037893248,-0.025865236,1.4323,1.416,1.4145,1.3609,1.3257,86.21,91.44,90.8,91.7,86.52,83.11,92.26,92.22,93.47,91.98,87.04,84.29,85.11,88.42,90.71,85.45,81.86,81.69,4561706.388,3086042.526,2652534.798,3566192.736,2840562.07,4.0866871198439E8,2.7895955129154E8,2.4437331011937E8,3.138487207704E8,2.3909715426725E8,1666603,1020843,844728,864864,817296,2388137.442,1573214.538,1385531.891,1628293.113,1374893.666,2.1407148882523E8,1.423002862154E8,1.2764857752073E8,1.4314798257771E8,1.1549913575521E8,0.060672854,-0.006890517,0.009911894,-0.056379498,-0.039523865,91.43,90.8,91.7,86.53,83.11,53.51,55.73,56.39,56.64,54.59,53.71,56.16,56.5,56.8,56.67,55.18,54.93,53.27,55.05,55.79,54.23,53.29,53.26,361341.093,251140.031,308934.412,382513.198,262999.776,1.989071143721E7,1.398851479047E7,1.740618272869E7,2.099980053381E7,1.424826728402E7,236501,152634,133351,147781,151570,183217.794,123546.971,146028.372,164299.115,120529.037,1.008733220511E7,6883814.462,8228790.263,9021670.727,6532249.152,0.041300691,0.011844938980617439,0.004788932,-0.036363636,-0.015936985,55.72,56.38,56.65,54.59,53.72,2053.9,2152.03,2156.22,2169.02,2060.43,1992.76,2198.57,2175.16,2199.02,2172.19,2077.19,2047.45,2023.04,2103.02,2146.35,2034.54,1970.93,1983.17,614508.4369,316703.4728,275641.5255,338010.6238,394873.5248,1.308899803016499E9,6.7810564681039E8,5.99018681167746E8,7.05496760970934E8,7.9410862900714E8,7349668,4633093,3492121,3890747,3909237,310239.9864,152304.1675,139003.4847,171588.2134,206051.2798,6.60782033700741E8,3.26179427042751E8,3.02159076486272E8,3.57646756153379E8,4.14754558991471E8,0.047782501,0.001951646,0.005931649,-0.050064084,-0.032847512,2152.03,2156.23,2169.02,2060.43,1992.75,1994.74
2026-03-29T00:00:00,70906.45,70556.74,71336.53,68820.31,66407.28,66377.04,71400,72026.09,71436.82,69179.05,67288.94,67130.5,68923.07,70408,68153,65548.25,65932.09,65000,20702.42244,17719.50066,20820.45768,28603.69557,11462.39847,1.4553612292099645E9,1.2610179885394323E9,1.447699734339839E9,1.917318222709913E9,7.626762554470605E8,4191328,3298902,3597702,4159306,1687368,9731.85043,8819.77787,10116.39467,14568.62853,5753.04124,6.842540392949127E8,6.278749828921663E8,7.036500015901196E8,9.76680026265681E8,3.829214122238488E8,-0.004931991,0.011051956198656478,-0.035272531,-0.03506276,-4.56E-04,70556.74,71336.53,68820.31,66407.28,66377.03,1.4323,1.416,1.4145,1.3608,1.3256,1.3333,1.435,1.4379,1.4165,1.3726,1.3582,1.3433,1.3835,1.4019,1.336,1.3184,1.3191,1.2954,1.033805003E8,9.70408127E7,1.308420254E8,1.19257397E8,5.37171263E7,1.4574757947872E8,1.377125281866E8,1.7935716490353E8,1.6004201149069E8,7.196354371712E7,673812,535641,632117,593277,293074,5.33248578E7,4.60675083E7,6.00125927E7,5.61682505E7,2.61520385E7,7.518294686091E7,6.538809172888E7,8.23128876859E7,7.53744590056E7,3.501297504814E7,-0.011380297,-0.001059322,-0.037893248,-0.025865236,0.00573282,1.416,1.4145,1.3609,1.3257,1.3333,91.44,90.8,91.7,86.52,83.11,82.09,92.22,93.47,91.98,87.04,84.29,83.24,88.42,90.71,85.45,81.86,81.69,78.96,3086042.526,2652534.798,3566192.736,2840562.07,1667010.099,2.7895955129154E8,2.4437331011937E8,3.138487207704E8,2.3909715426725E8,1.3858635326362E8,1020843,844728,864864,817296,451858,1573214.538,1385531.891,1628293.113,1374893.666,839405.538,1.423002862154E8,1.2764857752073E8,1.4314798257771E8,1.1549913575521E8,6.980216157468E7,-0.006890517,0.009911894,-0.056379498,-0.039523865,-0.012272891,90.8,91.7,86.53,83.11,82.09,55.73,56.39,56.64,54.59,53.71,53.84,56.5,56.8,56.67,55.18,54.93,54.39,55.05,55.79,54.23,53.29,53.26,52.22,251140.031,308934.412,382513.198,262999.776,269897.849,1.398851479047E7,1.740618272869E7,2.099980053381E7,1.424826728402E7,1.460559232613E7,152634,133351,147781,151570,116262,123546.971,146028.372,164299.115,120529.037,146392.985,6883814.462,8228790.263,9021670.727,6532249.152,7918076.544,0.011844938980617439,0.004788932,-0.036363636,-0.015936985,0.002419955,56.38,56.65,54.59,53.72,53.85,2152.03,2156.22,2169.02,2060.43,1992.76,1994.74,2175.16,2199.02,2172.19,2077.19,2047.45,2019.65,2103.02,2146.35,2034.54,1970.93,1983.17,1938.82,316703.4728,275641.5255,338010.6238,394873.5248,154831.8055,6.7810564681039E8,5.99018681167746E8,7.05496760970934E8,7.9410862900714E8,3.11328052147329E8,4633093,3492121,3890747,3909237,1569810,152304.1675,139003.4847,171588.2134,206051.2798,86378.919,3.26179427042751E8,3.02159076486272E8,3.57646756153379E8,4.14754558991471E8,1.7367314748441E8,0.001951646,0.005931649,-0.050064084,-0.032847512,9.986199974909092E-4,2156.23,2169.02,2060.43,1992.75,1994.74,1984.64
2026-03-30T00:00:00,70556.74,71336.53,68820.31,66407.28,66377.04,66010.93,72026.09,71436.82,69179.05,67288.94,67130.5,68169.65,70408,68153,65548.25,65932.09,65000,65800.59,17719.50066,20820.45768,28603.69557,11462.39847,10052.85584,1.2610179885394323E9,1.447699734339839E9,1.917318222709913E9,7.626762554470605E8,6.67003517605987E8,3298902,3597702,4159306,1687368,2146177,8819.77787,10116.39467,14568.62853,5753.04124,4769.42832,6.278749828921663E8,7.036500015901196E8,9.76680026265681E8,3.829214122238488E8,3.166740973501869E8,0.011051956198656478,-0.035272531,-0.03506276,-4.56E-04,-0.005515462,71336.53,68820.31,66407.28,66377.03,66010.93,1.416,1.4145,1.3608,1.3256,1.3333,1.3279,1.4379,1.4165,1.3726,1.3582,1.3433,1.3669,1.4019,1.336,1.3184,1.3191,1.2954,1.3166,9.70408127E7,1.308420254E8,1.19257397E8,5.37171263E7,6.13390186E7,1.377125281866E8,1.7935716490353E8,1.6004201149069E8,7.196354371712E7,8.123590940779E7,535641,632117,593277,293074,412127,4.60675083E7,6.00125927E7,5.61682505E7,2.61520385E7,2.96168339E7,6.538809172888E7,8.23128876859E7,7.53744590056E7,3.501297504814E7,3.921426656693E7,-0.001059322,-0.037893248,-0.025865236,0.00573282,-0.004125103,1.4145,1.3609,1.3257,1.3333,1.3278,90.8,91.7,86.52,83.11,82.09,81.45,93.47,91.98,87.04,84.29,83.24,84.99,90.71,85.45,81.86,81.69,78.96,81.15,2652534.798,3566192.736,2840562.07,1667010.099,1624673.475,2.4437331011937E8,3.138487207704E8,2.3909715426725E8,1.3858635326362E8,1.3261925769694E8,844728,864864,817296,451858,523110,1385531.891,1628293.113,1374893.666,839405.538,775501.505,1.2764857752073E8,1.4314798257771E8,1.1549913575521E8,6.980216157468E7,6.335437006667E7,0.009911894,-0.056379498,-0.039523865,-0.012272891,-0.007918139,91.7,86.53,83.11,82.09,81.44,56.39,56.64,54.59,53.71,53.84,53.33,56.8,56.67,55.18,54.93,54.39,54.41,55.79,54.23,53.29,53.26,52.22,52.96,308934.412,382513.198,262999.776,269897.849,181661.454,1.740618272869E7,2.099980053381E7,1.424826728402E7,1.460559232613E7,9731298.209,133351,147781,151570,116262,119092,146028.372,164299.115,120529.037,146392.985,85287.9,8228790.263,9021670.727,6532249.152,7918076.544,4572820.008,0.004788932,-0.036363636,-0.015936985,0.002419955,-0.009842154,56.65,54.59,53.72,53.85,53.32,2156.22,2169.02,2060.43,1992.76,1994.74,1984.65,2199.02,2172.19,2077.19,2047.45,2019.65,2085,2146.35,2034.54,1970.93,1983.17,1938.82,1980.28,275641.5255,338010.6238,394873.5248,154831.8055,166726.7382,5.99018681167746E8,7.05496760970934E8,7.9410862900714E8,3.11328052147329E8,3.3124965402983E8,3492121,3890747,3909237,1569810,2049808,139003.4847,171588.2134,206051.2798,86378.919,87697.2438,3.02159076486272E8,3.57646756153379E8,4.14754558991471E8,1.7367314748441E8,1.74245244856979E8,0.005931649,-0.050064084,-0.032847512,9.986199974909092E-4,-0.005063317,2169.02,2060.43,1992.75,1994.74,1984.64,2026.48
2026-03-31T00:00:00,71336.53,68820.31,66407.28,66377.04,66010.93,66797.38,71436.82,69179.05,67288.94,67130.5,68169.65,68589.49,68153,65548.25,65932.09,65000,65800.59,65998.05,20820.45768,28603.69557,11462.39847,10052.85584,18353.38975,1.447699734339839E9,1.917318222709913E9,7.626762554470605E8,6.67003517605987E8,1.2346176908920753E9,3597702,4159306,1687368,2146177,3902849,10116.39467,14568.62853,5753.04124,4769.42832,9155.91893,7.036500015901196E8,9.76680026265681E8,3.829214122238488E8,3.166740973501869E8,6.15747978851381E8,-0.035272531,-0.03506276,-4.56E-04,-0.005515462,0.011913784580826273,68820.31,66407.28,66377.03,66010.93,66797.37,1.4145,1.3608,1.3256,1.3333,1.3279,1.3242,1.4165,1.3726,1.3582,1.3433,1.3669,1.3503,1.336,1.3184,1.3191,1.2954,1.3166,1.3038,1.308420254E8,1.19257397E8,5.37171263E7,6.13390186E7,1.0020262E8,1.7935716490353E8,1.6004201149069E8,7.196354371712E7,8.123590940779E7,1.3470886012218E8,632117,593277,293074,412127,655782,6.00125927E7,5.61682505E7,2.61520385E7,2.96168339E7,5.27738244E7,8.23128876859E7,7.53744590056E7,3.501297504814E7,3.921426656693E7,7.095507956633E7,-0.037893248,-0.025865236,0.00573282,-0.004125103,-0.002711252,1.3609,1.3257,1.3333,1.3278,1.3242,91.7,86.52,83.11,82.09,81.45,82.55,91.98,87.04,84.29,83.24,84.99,84.62,85.45,81.86,81.69,78.96,81.15,80.08,3566192.736,2840562.07,1667010.099,1624673.475,3025854.687,3.138487207704E8,2.3909715426725E8,1.3858635326362E8,1.3261925769694E8,2.5260497645833E8,864864,817296,451858,523110,887139,1628293.113,1374893.666,839405.538,775501.505,1564663.742,1.4314798257771E8,1.1549913575521E8,6.980216157468E7,6.335437006667E7,1.3058918837782E8,-0.056379498,-0.039523865,-0.012272891,-0.007918139,0.013506876227897945,86.53,83.11,82.09,81.44,82.54,56.64,54.59,53.71,53.84,53.33,53.34,56.67,55.18,54.93,54.39,54.41,54.29,54.23,53.29,53.26,52.22,52.96,53.13,382513.198,262999.776,269897.849,181661.454,414289.211,2.099980053381E7,1.424826728402E7,1.460559232613E7,9731298.209,2.22640437895E7,147781,151570,116262,119092,171920,164299.115,120529.037,146392.985,85287.9,191153.443,9021670.727,6532249.152,7918076.544,4572820.008,1.027178659316E7,-0.036363636,-0.015936985,0.002419955,-0.009842154,3.7509377344341945E-4,54.59,53.72,53.85,53.32,53.34,2169.02,2060.43,1992.76,1994.74,1984.65,2026.48,2172.19,2077.19,2047.45,2019.65,2085,2124.03,2034.54,1970.93,1983.17,1938.82,1980.28,2012.64,338010.6238,394873.5248,154831.8055,166726.7382,338304.4344,7.05496760970934E8,7.9410862900714E8,3.11328052147329E8,3.3124965402983E8,6.91966365082457E8,3890747,3909237,1569810,2049808,3886546,171588.2134,206051.2798,86378.919,87697.2438,174062.2111,3.57646756153379E8,4.14754558991471E8,1.7367314748441E8,1.74245244856979E8,3.55924242290809E8,-0.050064084,-0.032847512,9.986199974909092E-4,-0.005063317,0.021081909,2060.43,1992.75,1994.74,1984.64,2026.48,2105.43
2026-04-01T00:00:00,68820.31,66407.28,66377.04,66010.93,66797.38,68284.49,69179.05,67288.94,67130.5,68169.65,68589.49,69310,65548.25,65932.09,65000,65800.59,65998.05,67578.75,28603.69557,11462.39847,10052.85584,18353.38975,22105.40662,1.917318222709913E9,7.626762554470605E8,6.67003517605987E8,1.2346176908920753E9,1.4901684874548745E9,4159306,1687368,2146177,3902849,4846820,14568.62853,5753.04124,4769.42832,9155.91893,10726.18262,9.76680026265681E8,3.829214122238488E8,3.166740973501869E8,6.15747978851381E8,7.233786927667619E8,-0.03506276,-4.56E-04,-0.005515462,0.011913784580826273,0.022263002,66407.28,66377.03,66010.93,66797.37,68284.48,1.3608,1.3256,1.3333,1.3279,1.3242,1.341,1.3726,1.3582,1.3433,1.3669,1.3503,1.3683,1.3184,1.3191,1.2954,1.3166,1.3038,1.3314,1.19257397E8,5.37171263E7,6.13390186E7,1.0020262E8,1.013184138E8,1.6004201149069E8,7.196354371712E7,8.123590940779E7,1.3470886012218E8,1.3433978110057E8,593277,293074,412127,655782,677324,5.61682505E7,2.61520385E7,2.96168339E7,5.27738244E7,5.04078213E7,7.53744590056E7,3.501297504814E7,3.921426656693E7,7.095507956633E7,6.684217832348E7,-0.025865236,0.00573282,-0.004125103,-0.002711252,0.012762422594774139,1.3257,1.3333,1.3278,1.3242,1.3411,86.52,83.11,82.09,81.45,82.55,83.19,87.04,84.29,83.24,84.99,84.62,86.65,81.86,81.69,78.96,81.15,80.08,80.77,2840562.07,1667010.099,1624673.475,3025854.687,4272567.426,2.3909715426725E8,1.3858635326362E8,1.3261925769694E8,2.5260497645833E8,3.5016860026211E8,817296,451858,523110,887139,1157793,1374893.666,839405.538,775501.505,1564663.742,2164590.908,1.1549913575521E8,6.980216157468E7,6.335437006667E7,1.3058918837782E8,1.7738543683912E8,-0.039523865,-0.012272891,-0.007918139,0.013506876227897945,0.007996123,83.11,82.09,81.44,82.54,83.2,54.59,53.71,53.84,53.33,53.34,53.94,55.18,54.93,54.39,54.41,54.29,54.78,53.29,53.26,52.22,52.96,53.13,53.72,262999.776,269897.849,181661.454,414289.211,332765.311,1.424826728402E7,1.460559232613E7,9731298.209,2.22640437895E7,1.789081923599E7,151570,116262,119092,171920,161896,120529.037,146392.985,85287.9,191153.443,171657.225,6532249.152,7918076.544,4572820.008,1.027178659316E7,9232269.365,-0.015936985,0.002419955,-0.009842154,3.7509377344341945E-4,0.01143607,53.72,53.85,53.32,53.34,53.95,2060.43,1992.76,1994.74,1984.65,2026.48,2105.43,2077.19,2047.45,2019.65,2085,2124.03,2167.85,1970.93,1983.17,1938.82,1980.28,2012.64,2082.08,394873.5248,154831.8055,166726.7382,338304.4344,421897.9023,7.9410862900714E8,3.11328052147329E8,3.3124965402983E8,6.91966365082457E8,8.74387220206194E8,3909237,1569810,2049808,3886546,5013796,206051.2798,86378.919,87697.2438,174062.2111,218379.1286,4.14754558991471E8,1.7367314748441E8,1.74245244856979E8,3.55924242290809E8,4.52866534126971E8,-0.032847512,9.986199974909092E-4,-0.005063317,0.021081909,0.03895918,1992.75,1994.74,1984.64,2026.48,2105.43,2140.35
2026-04-02T00:00:00,66407.28,66377.04,66010.93,66797.38,68284.49,68113.92,67288.94,67130.5,68169.65,68589.49,69310,68653.38,65932.09,65000,65800.59,65998.05,67578.75,65712.12,11462.39847,10052.85584,18353.38975,22105.40662,19020.1899,7.626762554470605E8,6.67003517605987E8,1.2346176908920753E9,1.4901684874548745E9,1.3017082270745244E9,1687368,2146177,3902849,4846820,3741910,5753.04124,4769.42832,9155.91893,10726.18262,9702.49844,3.829214122238488E8,3.166740973501869E8,6.15747978851381E8,7.233786927667619E8,6.641260339269131E8,-4.56E-04,-0.005515462,0.011913784580826273,0.022263002,-0.002497786,66377.03,66010.93,66797.37,68284.48,68113.92,1.3256,1.3333,1.3279,1.3242,1.341,1.3477,1.3582,1.3433,1.3669,1.3503,1.3683,1.3569,1.3191,1.2954,1.3166,1.3038,1.3314,1.2802,5.37171263E7,6.13390186E7,1.0020262E8,1.013184138E8,8.6898811E7,7.196354371712E7,8.123590940779E7,1.3470886012218E8,1.3433978110057E8,1.1739672133357E8,293074,412127,655782,677324,504793,2.61520385E7,2.96168339E7,5.27738244E7,5.04078213E7,4.43532883E7,3.501297504814E7,3.921426656693E7,7.095507956633E7,6.684217832348E7,5.991445819938E7,0.00573282,-0.004125103,-0.002711252,0.012762422594774139,0.004995899,1.3333,1.3278,1.3242,1.3411,1.3478,83.11,82.09,81.45,82.55,83.19,81.19,84.29,83.24,84.99,84.62,86.65,81.77,81.69,78.96,81.15,80.08,80.77,76.7,1667010.099,1624673.475,3025854.687,4272567.426,4676736.12,1.3858635326362E8,1.3261925769694E8,2.5260497645833E8,3.5016860026211E8,3.9037550093046E8,451858,523110,887139,1157793,1221698,839405.538,775501.505,1564663.742,2164590.908,2333531.443,6.980216157468E7,6.335437006667E7,1.3058918837782E8,1.7738543683912E8,1.9479717267961E8,-0.012272891,-0.007918139,0.013506876227897945,0.007996123,-0.024278846,82.09,81.44,82.54,83.2,81.18,53.71,53.84,53.33,53.34,53.94,53.82,54.93,54.39,54.41,54.29,54.78,54.12,53.26,52.22,52.96,53.13,53.72,51.4,269897.849,181661.454,414289.211,332765.311,398752.553,1.460559232613E7,9731298.209,2.22640437895E7,1.789081923599E7,2.15999117936E7,116262,119092,171920,161896,147646,146392.985,85287.9,191153.443,171657.225,197862.459,7918076.544,4572820.008,1.027178659316E7,9232269.365,1.071953121129E7,0.002419955,-0.009842154,3.7509377344341945E-4,0.01143607,-0.002409639,53.85,53.32,53.34,53.95,53.82,1992.76,1994.74,1984.65,2026.48,2105.43,2140.35,2047.45,2019.65,2085,2124.03,2167.85,2159.37,1983.17,1938.82,1980.28,2012.64,2082.08,2017.04,154831.8055,166726.7382,338304.4344,421897.9023,399227.3779,3.11328052147329E8,3.3124965402983E8,6.91966365082457E8,8.74387220206194E8,8.52017259878771E8,1569810,2049808,3886546,5013796,4211533,86378.919,87697.2438,174062.2111,218379.1286,203721.1114,1.7367314748441E8,1.74245244856979E8,3.55924242290809E8,4.52866534126971E8,4.34880842712559E8,9.986199974909092E-4,-0.005063317,0.021081909,0.03895918,0.016585685584417472,1994.74,1984.64,2026.48,2105.43,2140.35,2057.17
2026-04-03T00:00:00,66377.04,66010.93,66797.38,68284.49,68113.92,66901.99,67130.5,68169.65,68589.49,69310,68653.38,67370.42,65000,65800.59,65998.05,67578.75,65712.12,66282,10052.85584,18353.38975,22105.40662,19020.1899,20203.47916,6.67003517605987E8,1.2346176908920753E9,1.4901684874548745E9,1.3017082270745244E9,1.3492234615270572E9,2146177,3902849,4846820,3741910,4189133,4769.42832,9155.91893,10726.18262,9702.49844,10090.6562,3.166740973501869E8,6.15747978851381E8,7.233786927667619E8,6.641260339269131E8,6.738154638757505E8,-0.005515462,0.011913784580826273,0.022263002,-0.002497786,-0.017792692,66010.93,66797.37,68284.48,68113.92,66901.99,1.3333,1.3279,1.3242,1.341,1.3477,1.32,1.3433,1.3669,1.3503,1.3683,1.3569,1.3356,1.2954,1.3166,1.3038,1.3314,1.2802,1.3033,6.13390186E7,1.0020262E8,1.013184138E8,8.6898811E7,1.328715597E8,8.123590940779E7,1.3470886012218E8,1.3433978110057E8,1.1739672133357E8,1.7386755112521E8,412127,655782,677324,504793,701799,2.96168339E7,5.27738244E7,5.04078213E7,4.43532883E7,6.59281594E7,3.921426656693E7,7.095507956633E7,6.684217832348E7,5.991445819938E7,8.623600874453E7,-0.004125103,-0.002711252,0.012762422594774139,0.004995899,-0.020626206,1.3278,1.3242,1.3411,1.3478,1.32,82.09,81.45,82.55,83.19,81.19,78.95,83.24,84.99,84.62,86.65,81.77,80.91,78.96,81.15,80.08,80.77,76.7,78.85,1624673.475,3025854.687,4272567.426,4676736.12,4210024.263,1.3261925769694E8,2.5260497645833E8,3.5016860026211E8,3.9037550093046E8,3.3287712459013E8,523110,887139,1157793,1221698,1149760,775501.505,1564663.742,2164590.908,2333531.443,2218883.41,6.335437006667E7,1.3058918837782E8,1.7738543683912E8,1.9479717267961E8,1.7543755400219E8,-0.007918139,0.013506876227897945,0.007996123,-0.024278846,-0.027593003,81.44,82.54,83.2,81.18,78.94,53.84,53.33,53.34,53.94,53.82,52.29,54.39,54.41,54.29,54.78,54.12,53.49,52.22,52.96,53.13,53.72,51.4,52.14,181661.454,414289.211,332765.311,398752.553,346503.9,9731298.209,2.22640437895E7,1.789081923599E7,2.15999117936E7,1.810550392199E7,119092,171920,161896,147646,172486,85287.9,191153.443,171657.225,197862.459,168588.781,4572820.008,1.027178659316E7,9232269.365,1.071953121129E7,8805000.56,-0.009842154,3.7509377344341945E-4,0.01143607,-0.002409639,-0.028428094,53.32,53.34,53.95,53.82,52.29,1994.74,1984.65,2026.48,2105.43,2140.35,2057.18,2019.65,2085,2124.03,2167.85,2159.37,2081.76,1938.82,1980.28,2012.64,2082.08,2017.04,2040.66,166726.7382,338304.4344,421897.9023,399227.3779,346872.8323,3.3124965402983E8,6.91966365082457E8,8.74387220206194E8,8.52017259878771E8,7.16548524665744E8,2049808,3886546,5013796,4211533,4462923,87697.2438,174062.2111,218379.1286,203721.1114,161146.8702,1.74245244856979E8,3.55924242290809E8,4.52866534126971E8,4.34880842712559E8,3.32893735583132E8,-0.005063317,0.021081909,0.03895918,0.016585685584417472,-0.038862803,1984.64,2026.48,2105.43,2140.35,2057.17,2053.83
2026-04-04T00:00:00,66010.93,66797.38,68284.49,68113.92,66901.99,66964.29,68169.65,68589.49,69310,68653.38,67370.42,67562.93,65800.59,65998.05,67578.75,65712.12,66282,66775.91,18353.38975,22105.40662,19020.1899,20203.47916,11429.13131,1.2346176908920753E9,1.4901684874548745E9,1.3017082270745244E9,1.3492234615270572E9,7.635356069777881E8,3902849,4846820,3741910,4189133,2023104,9155.91893,10726.18262,9702.49844,10090.6562,5535.26988,6.15747978851381E8,7.233786927667619E8,6.641260339269131E8,6.738154638757505E8,3.698594093227177E8,0.011913784580826273,0.022263002,-0.002497786,-0.017792692,9.313624303252813E-4,66797.37,68284.48,68113.92,66901.99,66964.3,1.3279,1.3242,1.341,1.3477,1.32,1.3183,1.3669,1.3503,1.3683,1.3569,1.3356,1.3226,1.3166,1.3038,1.3314,1.2802,1.3033,1.3067,1.0020262E8,1.013184138E8,8.6898811E7,1.328715597E8,6.47840533E7,1.3470886012218E8,1.3433978110057E8,1.1739672133357E8,1.7386755112521E8,8.539455707847E7,655782,677324,504793,701799,350966,5.27738244E7,5.04078213E7,4.43532883E7,6.59281594E7,3.16100956E7,7.095507956633E7,6.684217832348E7,5.991445819938E7,8.623600874453E7,4.166440610016E7,-0.002711252,0.012762422594774139,0.004995899,-0.020626206,-0.001212121,1.3242,1.3411,1.3478,1.32,1.3184,81.45,82.55,83.19,81.19,78.95,80.39,84.99,84.62,86.65,81.77,80.91,81.61,81.15,80.08,80.77,76.7,78.85,79.57,3025854.687,4272567.426,4676736.12,4210024.263,2230839.74,2.5260497645833E8,3.5016860026211E8,3.9037550093046E8,3.3287712459013E8,1.7818000668359E8,887139,1157793,1221698,1149760,585265,1564663.742,2164590.908,2333531.443,2218883.41,1241609.842,1.3058918837782E8,1.7738543683912E8,1.9479717267961E8,1.7543755400219E8,9.922379492358E7,0.013506876227897945,0.007996123,-0.024278846,-0.027593003,0.01849506,82.54,83.2,81.18,78.94,80.4,53.33,53.34,53.94,53.82,52.29,53.23,54.41,54.29,54.78,54.12,53.49,53.86,52.96,53.13,53.72,51.4,52.14,52.99,414289.211,332765.311,398752.553,346503.9,195542.014,2.22640437895E7,1.789081923599E7,2.15999117936E7,1.810550392199E7,1.034849252488E7,171920,161896,147646,172486,99499,191153.443,171657.225,197862.459,168588.781,96012.854,1.027178659316E7,9232269.365,1.071953121129E7,8805000.56,5081427.764,3.7509377344341945E-4,0.01143607,-0.002409639,-0.028428094,0.01816791,53.34,53.95,53.82,52.29,53.24,1984.65,2026.48,2105.43,2140.35,2057.18,2053.83,2085,2124.03,2167.85,2159.37,2081.76,2084,1980.28,2012.64,2082.08,2017.04,2040.66,2044.63,338304.4344,421897.9023,399227.3779,346872.8323,136266.6393,6.91966365082457E8,8.74387220206194E8,8.52017259878771E8,7.16548524665744E8,2.80140562112841E8,3886546,5013796,4211533,4462923,1741595,174062.2111,218379.1286,203721.1114,161146.8702,64849.8016,3.55924242290809E8,4.52866534126971E8,4.34880842712559E8,3.32893735583132E8,1.3333903925233E8,0.021081909,0.03895918,0.016585685584417472,-0.038862803,-0.00162359,2026.48,2105.43,2140.35,2057.17,2053.83,2065.52
2026-04-05T00:00:00,66797.38,68284.49,68113.92,66901.99,66964.29,67300.42,68589.49,69310,68653.38,67370.42,67562.93,69136.2,65998.05,67578.75,65712.12,66282,66775.91,66611.66,22105.40662,19020.1899,20203.47916,11429.13131,7373.51613,1.4901684874548745E9,1.3017082270745244E9,1.3492234615270572E9,7.635356069777881E8,4.949320174232442E8,4846820,3741910,4189133,2023104,1356179,10726.18262,9702.49844,10090.6562,5535.26988,3701.32932,7.233786927667619E8,6.641260339269131E8,6.738154638757505E8,3.698594093227177E8,2.484898799959024E8,0.022263002,-0.002497786,-0.017792692,9.313624303252813E-4,0.005019391,68284.48,68113.92,66901.99,66964.3,67300.42,1.3242,1.341,1.3477,1.32,1.3183,1.3154,1.3503,1.3683,1.3569,1.3356,1.3226,1.332,1.3038,1.3314,1.2802,1.3033,1.3067,1.2787,1.013184138E8,8.6898811E7,1.328715597E8,6.47840533E7,2.99750109E7,1.3433978110057E8,1.1739672133357E8,1.7386755112521E8,8.539455707847E7,3.940133781849E7,677324,504793,701799,350966,171364,5.04078213E7,4.43532883E7,6.59281594E7,3.16100956E7,1.6136639E7,6.684217832348E7,5.991445819938E7,8.623600874453E7,4.166440610016E7,2.121013281462E7,0.012762422594774139,0.004995899,-0.020626206,-0.001212121,-0.002351335,1.3411,1.3478,1.32,1.3184,1.3153,82.55,83.19,81.19,78.95,80.39,80.84,84.62,86.65,81.77,80.91,81.61,82.13,80.08,80.77,76.7,78.85,79.57,78.52,4272567.426,4676736.12,4210024.263,2230839.74,1562930.767,3.5016860026211E8,3.9037550093046E8,3.3287712459013E8,1.7818000668359E8,1.260248141398E8,1157793,1221698,1149760,585265,339581,2164590.908,2333531.443,2218883.41,1241609.842,778904.625,1.7738543683912E8,1.9479717267961E8,1.7543755400219E8,9.922379492358E7,6.27952407296E7,0.007996123,-0.024278846,-0.027593003,0.01849506,0.005348259,83.2,81.18,78.94,80.4,80.83,53.34,53.94,53.82,52.29,53.23,53.59,54.29,54.78,54.12,53.49,53.86,54.21,53.13,53.72,51.4,52.14,52.99,52.59,332765.311,398752.553,346503.9,195542.014,149737.599,1.789081923599E7,2.15999117936E7,1.810550392199E7,1.034849252488E7,7996437.396,161896,147646,172486,99499,67311,171657.225,197862.459,168588.781,96012.854,72054.586,9232269.365,1.071953121129E7,8805000.56,5081427.764,3848368.029,0.01143607,-0.002409639,-0.028428094,0.01816791,0.006574005,53.95,53.82,52.29,53.24,53.59,2026.48,2105.43,2140.35,2057.18,2053.83,2065.51,2124.03,2167.85,2159.37,2081.76,2084,2123.49,2012.64,2082.08,2017.04,2040.66,2044.63,2021.5,421897.9023,399227.3779,346872.8323,136266.6393,86504.4406,8.74387220206194E8,8.52017259878771E8,7.16548524665744E8,2.80140562112841E8,1.78054333996784E8,5013796,4211533,4462923,1741595,1246022,218379.1286,203721.1114,161146.8702,64849.8016,42789.6573,4.52866534126971E8,4.34880842712559E8,3.32893735583132E8,1.3333903925233E8,8.8100430809662E7,0.03895918,0.016585685584417472,-0.038862803,-0.00162359,0.005691805,2105.43,2140.35,2057.17,2053.83,2065.52,2110.17
2026-04-06T00:00:00,68284.49,68113.92,66901.99,66964.29,67300.42,69034.18,69310,68653.38,67370.42,67562.93,69136.2,70351.46,67578.75,65712.12,66282,66775.91,66611.66,68300,19020.1899,20203.47916,11429.13131,7373.51613,11733.46752,1.3017082270745244E9,1.3492234615270572E9,7.635356069777881E8,4.949320174232442E8,7.916619773234503E8,3741910,4189133,2023104,1356179,2106257,9702.49844,10090.6562,5535.26988,3701.32932,5791.55692,6.641260339269131E8,6.738154638757505E8,3.698594093227177E8,2.484898799959024E8,3.910914721386122E8,-0.002497786,-0.017792692,9.313624303252813E-4,0.005019391,0.025761503420038016,68113.92,66901.99,66964.3,67300.42,69034.18,1.341,1.3477,1.32,1.3183,1.3154,1.3264,1.3683,1.3569,1.3356,1.3226,1.332,1.3577,1.3314,1.2802,1.3033,1.3067,1.2787,1.3122,8.6898811E7,1.328715597E8,6.47840533E7,2.99750109E7,7.43142668E7,1.1739672133357E8,1.7386755112521E8,8.539455707847E7,3.940133781849E7,9.672290221271E7,504793,701799,350966,171364,369116,4.43532883E7,6.59281594E7,3.16100956E7,1.6136639E7,3.65761533E7,5.991445819938E7,8.623600874453E7,4.166440610016E7,2.121013281462E7,4.762390268834E7,0.004995899,-0.020626206,-0.001212121,-0.002351335,0.008363111,1.3478,1.32,1.3184,1.3153,1.3263,83.19,81.19,78.95,80.39,80.84,81.89,86.65,81.77,80.91,81.61,82.13,83.2,80.77,76.7,78.85,79.57,78.52,79.6,4676736.12,4210024.263,2230839.74,1562930.767,1732438.558,3.9037550093046E8,3.3287712459013E8,1.7818000668359E8,1.260248141398E8,1.387441908724E8,1221698,1149760,585265,339581,530668,2333531.443,2218883.41,1241609.842,778904.625,857730.959,1.9479717267961E8,1.7543755400219E8,9.922379492358E7,6.27952407296E7,6.871342178504E7,-0.024278846,-0.027593003,0.01849506,0.005348259,0.013113942843003863,81.18,78.94,80.4,80.83,81.89,53.94,53.82,52.29,53.23,53.59,54.12,54.78,54.12,53.49,53.86,54.21,54.64,53.72,51.4,52.14,52.99,52.59,53.2,398752.553,346503.9,195542.014,149737.599,154164.553,2.15999117936E7,1.810550392199E7,1.034849252488E7,7996437.396,8205431.344,147646,172486,99499,67311,84781,197862.459,168588.781,96012.854,72054.586,74832.935,1.071953121129E7,8805000.56,5081427.764,3848368.029,3983718.047,-0.002409639,-0.028428094,0.01816791,0.006574005,0.009703303,53.82,52.29,53.24,53.59,54.11,2105.43,2140.35,2057.18,2053.83,2065.51,2110.17,2167.85,2159.37,2081.76,2084,2123.49,2174.79,2082.08,2017.04,2040.66,2044.63,2021.5,2087.5,399227.3779,346872.8323,136266.6393,86504.4406,157353.3199,8.52017259878771E8,7.16548524665744E8,2.80140562112841E8,1.78054333996784E8,3.24727424312346E8,4211533,4462923,1741595,1246022,2504865,203721.1114,161146.8702,64849.8016,42789.6573,78363.4974,4.34880842712559E8,3.32893735583132E8,1.3333903925233E8,8.8100430809662E7,1.61754815545079E8,0.016585685584417472,-0.038862803,-0.00162359,0.005691805,0.021616832565165233,2140.35,2057.17,2053.83,2065.52,2110.17,2107.16
2026-04-07T00:00:00,68113.92,66901.99,66964.29,67300.42,69034.18,68853.66,68653.38,67370.42,67562.93,69136.2,70351.46,72761,65712.12,66282,66775.91,66611.66,68300,67732.01,20203.47916,11429.13131,7373.51613,11733.46752,20281.61044,1.3492234615270572E9,7.635356069777881E8,4.949320174232442E8,7.916619773234503E8,1.4080201730961628E9,4189133,2023104,1356179,2106257,4695523,10090.6562,5535.26988,3701.32932,5791.55692,10149.79257,6.738154638757505E8,3.698594093227177E8,2.484898799959024E8,3.910914721386122E8,7.047978016383992E8,-0.017792692,9.313624303252813E-4,0.005019391,0.025761503420038016,-0.002614937,66901.99,66964.3,67300.42,69034.18,68853.66,1.3477,1.32,1.3183,1.3154,1.3264,1.3211,1.3569,1.3356,1.3226,1.332,1.3577,1.3962,1.2802,1.3033,1.3067,1.2787,1.3122,1.2949,1.328715597E8,6.47840533E7,2.99750109E7,7.43142668E7,1.043457907E8,1.7386755112521E8,8.539455707847E7,3.940133781849E7,9.672290221271E7,1.3993324570375E8,701799,350966,171364,369116,582783,6.59281594E7,3.16100956E7,1.6136639E7,3.65761533E7,4.98500773E7,8.623600874453E7,4.166440610016E7,2.121013281462E7,4.762390268834E7,6.684934093235E7,-0.020626206,-0.001212121,-0.002351335,0.008363111,-0.003845284,1.32,1.3184,1.3153,1.3263,1.3212,81.19,78.95,80.39,80.84,81.89,80.03,81.77,80.91,81.61,82.13,83.2,87.02,76.7,78.85,79.57,78.52,79.6,78.38,4210024.263,2230839.74,1562930.767,1732438.558,2730370.564,3.3287712459013E8,1.7818000668359E8,1.260248141398E8,1.387441908724E8,2.2371885815637E8,1149760,585265,339581,530668,836312,2218883.41,1241609.842,778904.625,857730.959,1352929.853,1.7543755400219E8,9.922379492358E7,6.27952407296E7,6.871342178504E7,1.1088947901967E8,-0.027593003,0.01849506,0.005348259,0.013113942843003863,-0.022713396,78.94,80.4,80.83,81.89,80.03,53.82,52.29,53.23,53.59,54.12,53.52,54.12,53.49,53.86,54.21,54.64,55.74,51.4,52.14,52.99,52.59,53.2,52.91,346503.9,195542.014,149737.599,154164.553,251244.43,1.810550392199E7,1.034849252488E7,7996437.396,8205431.344,1.36096557216E7,172486,99499,67311,84781,116245,168588.781,96012.854,72054.586,74832.935,121886.022,8805000.56,5081427.764,3848368.029,3983718.047,6601494.606,-0.028428094,0.01816791,0.006574005,0.009703303,-0.010718906,52.29,53.24,53.59,54.11,53.53,2140.35,2057.18,2053.83,2065.51,2110.17,2107.16,2159.37,2081.76,2084,2123.49,2174.79,2273.87,2017.04,2040.66,2044.63,2021.5,2087.5,2060.24,346872.8323,136266.6393,86504.4406,157353.3199,356054.2894,7.16548524665744E8,2.80140562112841E8,1.78054333996784E8,3.24727424312346E8,7.61391237671373E8,4462923,1741595,1246022,2504865,5330366,161146.8702,64849.8016,42789.6573,78363.4974,180414.5093,3.32893735583132E8,1.3333903925233E8,8.8100430809662E7,1.61754815545079E8,3.85813662231182E8,-0.038862803,-0.00162359,0.005691805,0.021616832565165233,-0.001426425,2057.17,2053.83,2065.52,2110.17,2107.16,2240.01
2026-04-08T00:00:00,66901.99,66964.29,67300.42,69034.18,68853.66,71924.22,67370.42,67562.93,69136.2,70351.46,72761,72857,66282,66775.91,66611.66,68300,67732.01,70707.23,11429.13131,7373.51613,11733.46752,20281.61044,23750.49661,7.635356069777881E8,4.949320174232442E8,7.916619773234503E8,1.4080201730961628E9,1.649637855842697E9,2023104,1356179,2106257,4695523,4871706,5535.26988,3701.32932,5791.55692,10149.79257,12465.18271,3.698594093227177E8,2.484898799959024E8,3.910914721386122E8,7.047978016383992E8,8.667300892310435E8,9.313624303252813E-4,0.005019391,0.025761503420038016,-0.002614937,0.044595450699352765,66964.3,67300.42,69034.18,68853.66,71924.22,1.32,1.3183,1.3154,1.3264,1.3211,1.3786,1.3356,1.3226,1.332,1.3577,1.3962,1.3898,1.3033,1.3067,1.2787,1.3122,1.2949,1.3389,6.47840533E7,2.99750109E7,7.43142668E7,1.043457907E8,1.307029954E8,8.539455707847E7,3.940133781849E7,9.672290221271E7,1.3993324570375E8,1.7415593796025E8,350966,171364,369116,582783,758728,3.16100956E7,1.6136639E7,3.65761533E7,4.98500773E7,6.7718962E7,4.166440610016E7,2.121013281462E7,4.762390268834E7,6.684934093235E7,9.01964784771E7,-0.001212121,-0.002351335,0.008363111,-0.003845284,0.043521041,1.3184,1.3153,1.3263,1.3212,1.3787,78.95,80.39,80.84,81.89,80.03,85.56,80.91,81.61,82.13,83.2,87.02,85.9,78.85,79.57,78.52,79.6,78.38,82.24,2230839.74,1562930.767,1732438.558,2730370.564,4312598.52,1.7818000668359E8,1.260248141398E8,1.387441908724E8,2.2371885815637E8,3.5201923678463E8,585265,339581,530668,836312,1320957,1241609.842,778904.625,857730.959,1352929.853,2196613.788,9.922379492358E7,6.27952407296E7,6.871342178504E7,1.1088947901967E8,1.7932672989516E8,0.01849506,0.005348259,0.013113942843003863,-0.022713396,0.069099088,80.4,80.83,81.89,80.03,85.56,52.29,53.23,53.59,54.12,53.52,55.36,53.49,53.86,54.21,54.64,55.74,55.59,52.14,52.99,52.59,53.2,52.91,53.89,195542.014,149737.599,154164.553,251244.43,313030.401,1.034849252488E7,7996437.396,8205431.344,1.36096557216E7,1.683626337129E7,99499,67311,84781,116245,153619,96012.854,72054.586,74832.935,121886.022,151630.93,5081427.764,3848368.029,3983718.047,6601494.606,8158155.339,0.01816791,0.006574005,0.009703303,-0.010718906,0.034186438,53.24,53.59,54.11,53.53,55.36,2057.18,2053.83,2065.51,2110.17,2107.16,2240.01,2081.76,2084,2123.49,2174.79,2273.87,2270.55,2040.66,2044.63,2021.5,2087.5,2060.24,2179.78,136266.6393,86504.4406,157353.3199,356054.2894,460094.8093,2.80140562112841E8,1.78054333996784E8,3.24727424312346E8,7.61391237671373E8,9.86211206778875E8,1741595,1246022,2504865,5330366,5189711,64849.8016,42789.6573,78363.4974,180414.5093,239252.9777,1.3333903925233E8,8.8100430809662E7,1.61754815545079E8,3.85813662231182E8,5.13077515537625E8,-0.00162359,0.005691805,0.021616832565165233,-0.001426425,0.063046945,2053.83,2065.52,2110.17,2107.16,2240.01,2190
2026-04-09T00:00:00,66964.29,67300.42,69034.18,68853.66,71924.22,71069.93,67562.93,69136.2,70351.46,72761,72857,73145,66775.91,66611.66,68300,67732.01,70707.23,70466,7373.51613,11733.46752,20281.61044,23750.49661,19802.68627,4.949320174232442E8,7.916619773234503E8,1.4080201730961628E9,1.649637855842697E9,1.4184841880521238E9,1356179,2106257,4695523,4871706,3843988,3701.32932,5791.55692,10149.79257,12465.18271,9570.20189,2.484898799959024E8,3.910914721386122E8,7.047978016383992E8,8.667300892310435E8,6.856662768388308E8,0.005019391,0.025761503420038016,-0.002614937,0.044595450699352765,-0.01187764,67300.42,69034.18,68853.66,71924.22,71069.93,1.3183,1.3154,1.3264,1.3211,1.3786,1.3428,1.3226,1.332,1.3577,1.3962,1.3898,1.3696,1.3067,1.2787,1.3122,1.2949,1.3389,1.3218,2.99750109E7,7.43142668E7,1.043457907E8,1.307029954E8,1.248557333E8,3.940133781849E7,9.672290221271E7,1.3993324570375E8,1.7415593796025E8,1.7094340716364E8,171364,369116,582783,758728,665297,1.6136639E7,3.65761533E7,4.98500773E7,6.7718962E7,6.12980574E7,2.121013281462E7,4.762390268834E7,6.684934093235E7,9.01964784771E7,8.395380495898E7,-0.002351335,0.008363111,-0.003845284,0.043521041,-0.026039022,1.3153,1.3263,1.3212,1.3787,1.3428,80.39,80.84,81.89,80.03,85.56,82.56,81.61,82.13,83.2,87.02,85.9,85.95,79.57,78.52,79.6,78.38,82.24,81.4,1562930.767,1732438.558,2730370.564,4312598.52,2952758.548,1.260248141398E8,1.387441908724E8,2.2371885815637E8,3.5201923678463E8,2.4817677753562E8,339581,530668,836312,1320957,910454,778904.625,857730.959,1352929.853,2196613.788,1433720.963,6.27952407296E7,6.871342178504E7,1.1088947901967E8,1.7932672989516E8,1.2051256771634E8,0.005348259,0.013113942843003863,-0.022713396,0.069099088,-0.034946237,80.83,81.89,80.03,85.56,82.57,53.23,53.59,54.12,53.52,55.36,53.94,53.86,54.21,54.64,55.74,55.59,55.28,52.99,52.59,53.2,52.91,53.89,53.62,149737.599,154164.553,251244.43,313030.401,262118.262,7996437.396,8205431.344,1.36096557216E7,1.683626337129E7,1.438160428379E7,67311,84781,116245,153619,117516,72054.586,74832.935,121886.022,151630.93,127241.579,3848368.029,3983718.047,6601494.606,8158155.339,6982534.506,0.006574005,0.009703303,-0.010718906,0.034186438,-0.025469653,53.59,54.11,53.53,55.36,53.95,2053.83,2065.51,2110.17,2107.16,2240.01,2190,2084,2123.49,2174.79,2273.87,2270.55,2246,2044.63,2021.5,2087.5,2060.24,2179.78,2157.31,86504.4406,157353.3199,356054.2894,460094.8093,404717.6321,1.78054333996784E8,3.24727424312346E8,7.61391237671373E8,9.86211206778875E8,9.02920921749915E8,1246022,2504865,5330366,5189711,4339985,42789.6573,78363.4974,180414.5093,239252.9777,190983.3243,8.8100430809662E7,1.61754815545079E8,3.85813662231182E8,5.13077515537625E8,4.26109014229703E8,0.005691805,0.021616832565165233,-0.001426425,0.063046945,-0.022325793,2065.52,2110.17,2107.16,2240.01,2190,2190.2
2026-04-10T00:00:00,67300.42,69034.18,68853.66,71924.22,71069.93,71787.98,69136.2,70351.46,72761,72857,73145,73434,66611.66,68300,67732.01,70707.23,70466,71426.15,11733.46752,20281.61044,23750.49661,19802.68627,18158.42159,7.916619773234503E8,1.4080201730961628E9,1.649637855842697E9,1.4184841880521238E9,1.300323816009336E9,2106257,4695523,4871706,3843988,3773025,5791.55692,10149.79257,12465.18271,9570.20189,9604.31771,3.910914721386122E8,7.047978016383992E8,8.667300892310435E8,6.856662768388308E8,6.87990251043167E8,0.025761503420038016,-0.002614937,0.044595450699352765,-0.01187764,0.010103288409036118,69034.18,68853.66,71924.22,71069.93,71787.97,1.3154,1.3264,1.3211,1.3786,1.3428,1.3438,1.332,1.3577,1.3962,1.3898,1.3696,1.366,1.2787,1.3122,1.2949,1.3389,1.3218,1.3348,7.43142668E7,1.043457907E8,1.307029954E8,1.248557333E8,1.122656141E8,9.672290221271E7,1.3993324570375E8,1.7415593796025E8,1.7094340716364E8,1.5040307858352E8,369116,582783,758728,665297,552805,3.65761533E7,4.98500773E7,6.7718962E7,6.12980574E7,5.52285127E7,4.762390268834E7,6.684934093235E7,9.01964784771E7,8.395380495898E7,7.399647114722E7,0.008363111,-0.003845284,0.043521041,-0.026039022,7.447125409592731E-4,1.3263,1.3212,1.3787,1.3428,1.3438,80.84,81.89,80.03,85.56,82.56,83.33,82.13,83.2,87.02,85.9,85.95,85.67,78.52,79.6,78.38,82.24,81.4,82.62,1732438.558,2730370.564,4312598.52,2952758.548,2775927.629,1.387441908724E8,2.2371885815637E8,3.5201923678463E8,2.4817677753562E8,2.3102318206021E8,530668,836312,1320957,910454,900238,857730.959,1352929.853,2196613.788,1433720.963,1450802.075,6.871342178504E7,1.1088947901967E8,1.7932672989516E8,1.2051256771634E8,1.2087271371972E8,0.013113942843003863,-0.022713396,0.069099088,-0.034946237,0.009204311,81.89,80.03,85.56,82.57,83.33,53.59,54.12,53.52,55.36,53.94,54.55,54.21,54.64,55.74,55.59,55.28,55.52,52.59,53.2,52.91,53.89,53.62,54.23,154164.553,251244.43,313030.401,262118.262,248302.357,8205431.344,1.36096557216E7,1.683626337129E7,1.438160428379E7,1.348471076247E7,84781,116245,153619,117516,118079,74832.935,121886.022,151630.93,127241.579,123095.902,3983718.047,6601494.606,8158155.339,6982534.506,6685776.034,0.009703303,-0.010718906,0.034186438,-0.025469653,0.011121408711770052,54.11,53.53,55.36,53.95,54.55,2065.51,2110.17,2107.16,2240.01,2190,2190.17,2123.49,2174.79,2273.87,2270.55,2246,2257.99,2021.5,2087.5,2060.24,2179.78,2157.31,2176.1,157353.3199,356054.2894,460094.8093,404717.6321,275317.9503,3.24727424312346E8,7.61391237671373E8,9.86211206778875E8,9.02920921749915E8,6.04408302665429E8,2504865,5330366,5189711,4339985,3756386,78363.4974,180414.5093,239252.9777,190983.3243,135540.5413,1.61754815545079E8,3.85813662231182E8,5.13077515537625E8,4.26109014229703E8,2.97732725565674E8,0.021616832565165233,-0.001426425,0.063046945,-0.022325793,9.132420091315895E-5,2110.17,2107.16,2240.01,2190,2190.2,2245.05
2026-04-11T00:00:00,69034.18,68853.66,71924.22,71069.93,71787.98,72962.71,70351.46,72761,72857,73145,73434,73790,68300,67732.01,70707.23,70466,71426.15,72513.09,20281.61044,23750.49661,19802.68627,18158.42159,17372.63288,1.4080201730961628E9,1.649637855842697E9,1.4184841880521238E9,1.300323816009336E9,1.259195636055663E9,4695523,4871706,3843988,3773025,3176308,10149.79257,12465.18271,9570.20189,9604.31771,8819.74841,7.047978016383992E8,8.667300892310435E8,6.856662768388308E8,6.87990251043167E8,6.397059025013963E8,-0.002614937,0.044595450699352765,-0.01187764,0.010103288409036118,0.016363884,68853.66,71924.22,71069.93,71787.97,72962.7,1.3264,1.3211,1.3786,1.3428,1.3438,1.3559,1.3577,1.3962,1.3898,1.3696,1.366,1.3752,1.3122,1.2949,1.3389,1.3218,1.3348,1.3394,1.043457907E8,1.307029954E8,1.248557333E8,1.122656141E8,7.97859967E7,1.3993324570375E8,1.7415593796025E8,1.7094340716364E8,1.5040307858352E8,1.0749416628678E8,582783,758728,665297,552805,395652,4.98500773E7,6.7718962E7,6.12980574E7,5.52285127E7,3.78534754E7,6.684934093235E7,9.01964784771E7,8.395380495898E7,7.399647114722E7,5.099048317794E7,-0.003845284,0.043521041,-0.026039022,7.447125409592731E-4,0.009004316,1.3212,1.3787,1.3428,1.3438,1.3559,81.89,80.03,85.56,82.56,83.33,84.83,83.2,87.02,85.9,85.95,85.67,86.26,79.6,78.38,82.24,81.4,82.62,83.8,2730370.564,4312598.52,2952758.548,2775927.629,2186078.343,2.2371885815637E8,3.5201923678463E8,2.4817677753562E8,2.3102318206021E8,1.8358649142502E8,836312,1320957,910454,900238,684681,1352929.853,2196613.788,1433720.963,1450802.075,1137103.618,1.1088947901967E8,1.7932672989516E8,1.2051256771634E8,1.2087271371972E8,9.544683946211E7,-0.022713396,0.069099088,-0.034946237,0.009204311,0.018000720028801154,80.03,85.56,82.57,83.33,84.83,54.12,53.52,55.36,53.94,54.55,54.96,54.64,55.74,55.59,55.28,55.52,55.71,53.2,52.91,53.89,53.62,54.23,54.35,251244.43,313030.401,262118.262,248302.357,227586.41,1.36096557216E7,1.683626337129E7,1.438160428379E7,1.348471076247E7,1.249188961623E7,116245,153619,117516,118079,111160,121886.022,151630.93,127241.579,123095.902,112640.857,6601494.606,8158155.339,6982534.506,6685776.034,6181282.864,-0.010718906,0.034186438,-0.025469653,0.011121408711770052,0.00751604,53.53,55.36,53.95,54.55,54.96,2110.17,2107.16,2240.01,2190,2190.17,2245.06,2174.79,2273.87,2270.55,2246,2257.99,2329.93,2087.5,2060.24,2179.78,2157.31,2176.1,2229,356054.2894,460094.8093,404717.6321,275317.9503,272899.0858,7.61391237671373E8,9.86211206778875E8,9.02920921749915E8,6.04408302665429E8,6.05992300076126E8,5330366,5189711,4339985,3756386,2929213,180414.5093,239252.9777,190983.3243,135540.5413,132077.3122,3.85813662231182E8,5.13077515537625E8,4.26109014229703E8,2.97732725565674E8,2.93534507028314E8,-0.001426425,0.063046945,-0.022325793,9.132420091315895E-5,0.025043375034243615,2107.16,2240.01,2190,2190.2,2245.05,2284.99
2026-04-12T00:00:00,68853.66,71924.22,71069.93,71787.98,72962.71,73043.16,72761,72857,73145,73434,73790,73137.24,67732.01,70707.23,70466,71426.15,72513.09,70505.88,23750.49661,19802.68627,18158.42159,17372.63288,9070.94374,1.649637855842697E9,1.4184841880521238E9,1.300323816009336E9,1.259195636055663E9,6.624371137096702E8,4871706,3843988,3773025,3176308,1472041,12465.18271,9570.20189,9604.31771,8819.74841,4673.47605,8.667300892310435E8,6.856662768388308E8,6.87990251043167E8,6.397059025013963E8,3.412690099930418E8,0.044595450699352765,-0.01187764,0.010103288409036118,0.016363884,0.001102755,71924.22,71069.93,71787.97,72962.7,73043.16,1.3211,1.3786,1.3428,1.3438,1.3559,1.3547,1.3962,1.3898,1.3696,1.366,1.3752,1.3559,1.2949,1.3389,1.3218,1.3348,1.3394,1.3193,1.307029954E8,1.248557333E8,1.122656141E8,7.97859967E7,5.70953563E7,1.7415593796025E8,1.7094340716364E8,1.5040307858352E8,1.0749416628678E8,7.731914101944E7,758728,665297,552805,395652,301231,6.7718962E7,6.12980574E7,5.52285127E7,3.78534754E7,2.66083811E7,9.01964784771E7,8.395380495898E7,7.399647114722E7,5.099048317794E7,3.604231716565E7,0.043521041,-0.026039022,7.447125409592731E-4,0.009004316,-9.59E-04,1.3787,1.3428,1.3438,1.3559,1.3546,80.03,85.56,82.56,83.33,84.83,84.94,87.02,85.9,85.95,85.67,86.26,85,78.38,82.24,81.4,82.62,83.8,81.27,4312598.52,2952758.548,2775927.629,2186078.343,1570901.883,3.5201923678463E8,2.4817677753562E8,2.3102318206021E8,1.8358649142502E8,1.3325053399659E8,1320957,910454,900238,684681,479797,2196613.788,1433720.963,1450802.075,1137103.618,811280.276,1.7932672989516E8,1.2051256771634E8,1.2087271371972E8,9.544683946211E7,6.88465999871E7,0.069099088,-0.034946237,0.009204311,0.018000720028801154,0.001178828,85.56,82.57,83.33,84.83,84.93,53.52,55.36,53.94,54.55,54.96,55.06,55.74,55.59,55.28,55.52,55.71,55.06,52.91,53.89,53.62,54.23,54.35,53.36,313030.401,262118.262,248302.357,227586.41,181747.445,1.683626337129E7,1.438160428379E7,1.348471076247E7,1.249188961623E7,9972879.681,153619,117516,118079,111160,84794,151630.93,127241.579,123095.902,112640.857,87231.945,8158155.339,6982534.506,6685776.034,6181282.864,4785715.362,0.034186438,-0.025469653,0.011121408711770052,0.00751604,0.001819505,55.36,53.95,54.55,54.96,55.06,2107.16,2240.01,2190,2190.17,2245.06,2285,2273.87,2270.55,2246,2257.99,2329.93,2288.57,2060.24,2179.78,2157.31,2176.1,2229,2175,460094.8093,404717.6321,275317.9503,272899.0858,214785.4039,9.86211206778875E8,9.02920921749915E8,6.04408302665429E8,6.05992300076126E8,4.88370993146922E8,5189711,4339985,3756386,2929213,1929651,239252.9777,190983.3243,135540.5413,132077.3122,107238.9877,5.13077515537625E8,4.26109014229703E8,2.97732725565674E8,2.93534507028314E8,2.43918090904994E8,0.063046945,-0.022325793,9.132420091315895E-5,0.025043375034243615,0.017790249660363733,2240.01,2190,2190.2,2245.05,2284.99,2191.65
2026-04-13T00:00:00,71924.22,71069.93,71787.98,72962.71,73043.16,70741.56,72857,73145,73434,73790,73137.24,74900,70707.23,70466,71426.15,72513.09,70505.88,70566.99,19802.68627,18158.42159,17372.63288,9070.94374,13472.46801,1.4184841880521238E9,1.300323816009336E9,1.259195636055663E9,6.624371137096702E8,9.628258918165911E8,3843988,3773025,3176308,1472041,2068779,9570.20189,9604.31771,8819.74841,4673.47605,6326.31289,6.856662768388308E8,6.87990251043167E8,6.397059025013963E8,3.412690099930418E8,4.518538878110209E8,-0.01187764,0.010103288409036118,0.016363884,0.001102755,-0.031518078,71069.93,71787.97,72962.7,73043.16,70740.98,1.3786,1.3428,1.3438,1.3559,1.3547,1.3246,1.3898,1.3696,1.366,1.3752,1.3559,1.3839,1.3389,1.3218,1.3348,1.3394,1.3193,1.3193,1.248557333E8,1.122656141E8,7.97859967E7,5.70953563E7,7.02457711E7,1.7094340716364E8,1.5040307858352E8,1.0749416628678E8,7.731914101944E7,9.350146937078E7,665297,552805,395652,301231,368425,6.12980574E7,5.52285127E7,3.78534754E7,2.66083811E7,3.46502144E7,8.395380495898E7,7.399647114722E7,5.099048317794E7,3.604231716565E7,4.611536670329E7,-0.026039022,7.447125409592731E-4,0.009004316,-9.59E-04,-0.022072937,1.3428,1.3438,1.3559,1.3546,1.3247,85.56,82.56,83.33,84.83,84.94,81.54,85.9,85.95,85.67,86.26,85,86.81,82.24,81.4,82.62,83.8,81.27,81.4,2952758.548,2775927.629,2186078.343,1570901.883,2174791.866,2.4817677753562E8,2.3102318206021E8,1.8358649142502E8,1.3325053399659E8,1.7904809672296E8,910454,900238,684681,479797,639807,1433720.963,1450802.075,1137103.618,811280.276,1035637.218,1.2051256771634E8,1.2087271371972E8,9.544683946211E7,6.88465999871E7,8.525854555518E7,-0.034946237,0.009204311,0.018000720028801154,0.001178828,-0.040032968,82.57,83.33,84.83,84.93,81.53,55.36,53.94,54.55,54.96,55.06,53.49,55.59,55.28,55.52,55.71,55.06,54.76,53.89,53.62,54.23,54.35,53.36,52.66,262118.262,248302.357,227586.41,181747.445,208716.671,1.438160428379E7,1.348471076247E7,1.249188961623E7,9972879.681,1.123919209643E7,117516,118079,111160,84794,103682,127241.579,123095.902,112640.857,87231.945,96694.546,6982534.506,6685776.034,6181282.864,4785715.362,5205978.372,-0.025469653,0.011121408711770052,0.00751604,0.001819505,-0.028695968,53.95,54.55,54.96,55.06,53.48,2240.01,2190,2190.17,2245.06,2285,2191.64,2270.55,2246,2257.99,2329.93,2288.57,2394.71,2179.78,2157.31,2176.1,2229,2175,2175.68,404717.6321,275317.9503,272899.0858,214785.4039,258156.8821,9.02920921749915E8,6.04408302665429E8,6.05992300076126E8,4.88370993146922E8,5.71520838841888E8,4339985,3756386,2929213,1929651,2575808,190983.3243,135540.5413,132077.3122,107238.9877,125658.2437,4.26109014229703E8,2.97732725565674E8,2.93534507028314E8,2.43918090904994E8,2.78162577109033E8,-0.022325793,9.132420091315895E-5,0.025043375034243615,0.017790249660363733,-0.040849194,2190,2190.2,2245.05,2284.99,2191.65,2369.46
2026-04-14T00:00:00,71069.93,71787.98,72962.71,73043.16,70741.56,74418,73145,73434,73790,73137.24,74900,76038,70466,71426.15,72513.09,70505.88,70566.99,73795.47,18158.42159,17372.63288,9070.94374,13472.46801,24230.21625,1.300323816009336E9,1.259195636055663E9,6.624371137096702E8,9.628258918165911E8,1.753370318184166E9,3773025,3176308,1472041,2068779,3673539,9604.31771,8819.74841,4673.47605,6326.31289,12639.79905,6.87990251043167E8,6.397059025013963E8,3.412690099930418E8,4.518538878110209E8,9.147837738511786E8,0.010103288409036118,0.016363884,0.001102755,-0.031518078,0.0519785,71787.97,72962.7,73043.16,70740.98,74417.99,1.3428,1.3438,1.3559,1.3547,1.3246,1.3757,1.3696,1.366,1.3752,1.3559,1.3839,1.3955,1.3218,1.3348,1.3394,1.3193,1.3193,1.3521,1.122656141E8,7.97859967E7,5.70953563E7,7.02457711E7,1.054507012E8,1.5040307858352E8,1.0749416628678E8,7.731914101944E7,9.350146937078E7,1.4172610152109E8,552805,395652,301231,368425,526222,5.52285127E7,3.78534754E7,2.66083811E7,3.46502144E7,5.24812431E7,7.399647114722E7,5.099048317794E7,3.604231716565E7,4.611536670329E7,7.048653333122E7,7.447125409592731E-4,0.009004316,-9.59E-04,-0.022072937,0.038423794,1.3438,1.3559,1.3546,1.3247,1.3756,82.56,83.33,84.83,84.94,81.54,86.51,85.95,85.67,86.26,85,86.81,87.67,81.4,82.62,83.8,81.27,81.4,83.3,2775927.629,2186078.343,1570901.883,2174791.866,2950390.415,2.3102318206021E8,1.8358649142502E8,1.3325053399659E8,1.7904809672296E8,2.4688104341407E8,900238,684681,479797,639807,1038169,1450802.075,1137103.618,811280.276,1035637.218,1566990.352,1.2087271371972E8,9.544683946211E7,6.88465999871E7,8.525854555518E7,1.3115198259805E8,0.009204311,0.018000720028801154,0.001178828,-0.040032968,0.061081810376548556,83.33,84.83,84.93,81.53,86.51,53.94,54.55,54.96,55.06,53.49,54.62,55.28,55.52,55.71,55.06,54.76,55.27,53.62,54.23,54.35,53.36,52.66,54.01,248302.357,227586.41,181747.445,208716.671,330733.726,1.348471076247E7,1.249188961623E7,9972879.681,1.123919209643E7,1.765927914637E7,118079,111160,84794,103682,140451,123095.902,112640.857,87231.945,96694.546,167332.906,6685776.034,6181282.864,4785715.362,5205978.372,8936778.076,0.011121408711770052,0.00751604,0.001819505,-0.028695968,0.02131638,54.55,54.96,55.06,53.48,54.62,2190,2190.17,2245.06,2285,2191.64,2369.46,2246,2257.99,2329.93,2288.57,2394.71,2415.5,2157.31,2176.1,2229,2175,2175.68,2302.9,275317.9503,272899.0858,214785.4039,258156.8821,453870.8292,6.04408302665429E8,6.05992300076126E8,4.88370993146922E8,5.71520838841888E8,1.029253015586254E9,3756386,2929213,1929651,2575808,4527557,135540.5413,132077.3122,107238.9877,125658.2437,234599.9045,2.97732725565674E8,2.93534507028314E8,2.43918090904994E8,2.78162577109033E8,5.31843331731738E8,9.132420091315895E-5,0.025043375034243615,0.017790249660363733,-0.040849194,0.081130655,2190.2,2245.05,2284.99,2191.65,2369.46,2322.44
2026-04-15T00:00:00,71787.98,72962.71,73043.16,70741.56,74418,74131.55,73434,73790,73137.24,74900,76038,75425,71426.15,72513.09,70505.88,70566.99,73795.47,73514,17372.63288,9070.94374,13472.46801,24230.21625,26532.94456,1.259195636055663E9,6.624371137096702E8,9.628258918165911E8,1.753370318184166E9,1.98272898960722E9,3176308,1472041,2068779,3673539,4033448,8819.74841,4673.47605,6326.31289,12639.79905,13313.88956,6.397059025013963E8,3.412690099930418E8,4.518538878110209E8,9.147837738511786E8,9.956944409989893E8,0.016363884,0.001102755,-0.031518078,0.0519785,-0.003849069,72962.7,73043.16,70740.98,74417.99,74131.55,1.3438,1.3559,1.3547,1.3246,1.3757,1.3617,1.366,1.3752,1.3559,1.3839,1.3955,1.4086,1.3348,1.3394,1.3193,1.3193,1.3521,1.3503,7.97859967E7,5.70953563E7,7.02457711E7,1.054507012E8,1.030425995E8,1.0749416628678E8,7.731914101944E7,9.350146937078E7,1.4172610152109E8,1.4126698485634E8,395652,301231,368425,526222,530040,3.78534754E7,2.66083811E7,3.46502144E7,5.24812431E7,4.97529743E7,5.099048317794E7,3.604231716565E7,4.611536670329E7,7.048653333122E7,6.82199859827E7,0.009004316,-9.59E-04,-0.022072937,0.038423794,-0.010104682,1.3559,1.3546,1.3247,1.3756,1.3617,83.33,84.83,84.94,81.54,86.51,83.72,85.67,86.26,85,86.81,87.67,85.83,82.62,83.8,81.27,81.4,83.3,82.65,2186078.343,1570901.883,2174791.866,2950390.415,3532984.692,1.8358649142502E8,1.3325053399659E8,1.7904809672296E8,2.4688104341407E8,3.0258316925849E8,684681,479797,639807,1038169,949683,1137103.618,811280.276,1035637.218,1566990.352,1751000.134,9.544683946211E7,6.88465999871E7,8.525854555518E7,1.3115198259805E8,1.5007526769665E8,0.018000720028801154,0.001178828,-0.040032968,0.061081810376548556,-0.032250607,84.83,84.93,81.53,86.51,83.72,54.55,54.96,55.06,53.49,54.62,54.28,55.52,55.71,55.06,54.76,55.27,55.65,54.23,54.35,53.36,52.66,54.01,53.78,227586.41,181747.445,208716.671,330733.726,323202.379,1.249188961623E7,9972879.681,1.123919209643E7,1.765927914637E7,1.762837651403E7,111160,84794,103682,140451,133440,112640.857,87231.945,96694.546,167332.906,152700.859,6181282.864,4785715.362,5205978.372,8936778.076,8328928.662,0.00751604,0.001819505,-0.028695968,0.02131638,-0.006224826,54.96,55.06,53.48,54.62,54.28,2190.17,2245.06,2285,2191.64,2369.46,2322.44,2257.99,2329.93,2288.57,2394.71,2415.5,2385.61,2176.1,2229,2175,2175.68,2302.9,2308.5,272899.0858,214785.4039,258156.8821,453870.8292,460107.3841,6.05992300076126E8,4.88370993146922E8,5.71520838841888E8,1.029253015586254E9,1.087699649074122E9,2929213,1929651,2575808,4527557,3689565,132077.3122,107238.9877,125658.2437,234599.9045,226148.4763,2.93534507028314E8,2.43918090904994E8,2.78162577109033E8,5.31843331731738E8,5.34958937284315E8,0.025043375034243615,0.017790249660363733,-0.040849194,0.081130655,-0.019844184,2245.05,2284.99,2191.65,2369.46,2322.44,2359.95
2026-04-16T00:00:00,72962.71,73043.16,70741.56,74418,74131.55,74809.99,73790,73137.24,74900,76038,75425,75534.76,72513.09,70505.88,70566.99,73795.47,73514,73309.85,9070.94374,13472.46801,24230.21625,26532.94456,14425.04167,6.624371137096702E8,9.628258918165911E8,1.753370318184166E9,1.98272898960722E9,1.0714486125370219E9,1472041,2068779,3673539,4033448,3187792,4673.47605,6326.31289,12639.79905,13313.88956,7014.01981,3.412690099930418E8,4.518538878110209E8,9.147837738511786E8,9.956944409989893E8,5.211122651711658E8,0.001102755,-0.031518078,0.0519785,-0.003849069,0.009151839,73043.16,70740.98,74417.99,74131.55,74809.99,1.3559,1.3547,1.3246,1.3757,1.3617,1.3922,1.3752,1.3559,1.3839,1.3955,1.4086,1.4664,1.3394,1.3193,1.3193,1.3521,1.3503,1.3865,5.70953563E7,7.02457711E7,1.054507012E8,1.030425995E8,1.094939544E8,7.731914101944E7,9.350146937078E7,1.4172610152109E8,1.4126698485634E8,1.5054773654314E8,301231,368425,526222,530040,518292,2.66083811E7,3.46502144E7,5.24812431E7,4.97529743E7,5.35618077E7,3.604231716565E7,4.611536670329E7,7.048653333122E7,6.82199859827E7,7.361688880821E7,-9.59E-04,-0.022072937,0.038423794,-0.010104682,0.022398472497613422,1.3546,1.3247,1.3756,1.3617,1.3922,84.83,84.94,81.54,86.51,83.72,84.9,86.26,85,86.81,87.67,85.83,90.53,83.8,81.27,81.4,83.3,82.65,83.8,1570901.883,2174791.866,2950390.415,3532984.692,2602448.593,1.3325053399659E8,1.7904809672296E8,2.4688104341407E8,3.0258316925849E8,2.1851845854018E8,479797,639807,1038169,949683,866567,811280.276,1035637.218,1566990.352,1751000.134,1313551.259,6.88465999871E7,8.525854555518E7,1.3115198259805E8,1.5007526769665E8,1.1030020848276E8,0.001178828,-0.040032968,0.061081810376548556,-0.032250607,0.014094601051122872,84.93,81.53,86.51,83.72,84.9,54.96,55.06,53.49,54.62,54.28,55.16,55.71,55.06,54.76,55.27,55.65,56.61,54.35,53.36,52.66,54.01,53.78,54.59,181747.445,208716.671,330733.726,323202.379,261668.064,9972879.681,1.123919209643E7,1.765927914637E7,1.762837651403E7,1.431792882715E7,84794,103682,140451,133440,121677,87231.945,96694.546,167332.906,152700.859,131793.619,4785715.362,5205978.372,8936778.076,8328928.662,7215354.144,0.001819505,-0.028695968,0.02131638,-0.006224826,0.016028002947678654,55.06,53.48,54.62,54.28,55.15,2245.06,2285,2191.64,2369.46,2322.44,2359.94,2329.93,2288.57,2394.71,2415.5,2385.61,2369.59,2229,2175,2175.68,2302.9,2308.5,2285.1,214785.4039,258156.8821,453870.8292,460107.3841,268190.6377,4.88370993146922E8,5.71520838841888E8,1.029253015586254E9,1.087699649074122E9,6.27841344479089E8,1929651,2575808,4527557,3689565,3232871,107238.9877,125658.2437,234599.9045,226148.4763,126442.7153,2.43918090904994E8,2.78162577109033E8,5.31843331731738E8,5.34958937284315E8,2.95982409848983E8,0.017790249660363733,-0.040849194,0.081130655,-0.019844184,0.016151117,2284.99,2191.65,2369.46,2322.44,2359.95,2348.17
2026-04-17T00:00:00,73043.16,70741.56,74418,74131.55,74809.99,75154.28,73137.24,74900,76038,75425,75534.76,78333,70505.88,70566.99,73795.47,73514,73309.85,74529.4,13472.46801,24230.21625,26532.94456,14425.04167,17088.68777,9.628258918165911E8,1.753370318184166E9,1.98272898960722E9,1.0714486125370219E9,1.2748941237496114E9,2068779,3673539,4033448,3187792,3581890,6326.31289,12639.79905,13313.88956,7014.01981,8601.69794,4.518538878110209E8,9.147837738511786E8,9.956944409989893E8,5.211122651711658E8,6.41950287248219E8,-0.031518078,0.0519785,-0.003849069,0.009151839,0.004602327,70740.98,74417.99,74131.55,74809.99,75154.29,1.3547,1.3246,1.3757,1.3617,1.3922,1.453,1.3559,1.3839,1.3955,1.4086,1.4664,1.51,1.3193,1.3193,1.3521,1.3503,1.3865,1.4225,7.02457711E7,1.054507012E8,1.030425995E8,1.094939544E8,1.554272421E8,9.350146937078E7,1.4172610152109E8,1.4126698485634E8,1.5054773654314E8,2.2087059221472E8,368425,526222,530040,518292,1029873,3.46502144E7,5.24812431E7,4.97529743E7,5.35618077E7,7.40870549E7,4.611536670329E7,7.048653333122E7,6.82199859827E7,7.361688880821E7,1.0528613781193E8,-0.022072937,0.038423794,-0.010104682,0.022398472497613422,0.043671886,1.3247,1.3756,1.3617,1.3922,1.453,84.94,81.54,86.51,83.72,84.9,89.06,85,86.81,87.67,85.83,90.53,90.73,81.27,81.4,83.3,82.65,83.8,87.34,2174791.866,2950390.415,3532984.692,2602448.593,3940291.341,1.7904809672296E8,2.4688104341407E8,3.0258316925849E8,2.1851845854018E8,3.4253892172054E8,639807,1038169,949683,866567,1188495,1035637.218,1566990.352,1751000.134,1313551.259,2104470.318,8.525854555518E7,1.3115198259805E8,1.5007526769665E8,1.1030020848276E8,1.8317949387041E8,-0.040032968,0.061081810376548556,-0.032250607,0.014094601051122872,0.048881036513545244,81.53,86.51,83.72,84.9,89.05,55.06,53.49,54.62,54.28,55.16,56.36,55.06,54.76,55.27,55.65,56.61,57.42,53.36,52.66,54.01,53.78,54.59,55.34,208716.671,330733.726,323202.379,261668.064,329669.004,1.123919209643E7,1.765927914637E7,1.762837651403E7,1.431792882715E7,1.833155896583E7,103682,140451,133440,121677,176731,96694.546,167332.906,152700.859,131793.619,168825.375,5205978.372,8936778.076,8328928.662,7215354.144,9394314.038,-0.028695968,0.02131638,-0.006224826,0.016028002947678654,0.021940163,53.48,54.62,54.28,55.15,56.36,2285,2191.64,2369.46,2322.44,2359.94,2348.16,2288.57,2394.71,2415.5,2385.61,2369.59,2464.91,2175,2175.68,2302.9,2308.5,2285.1,2317.43,258156.8821,453870.8292,460107.3841,268190.6377,328960.9377,5.71520838841888E8,1.029253015586254E9,1.087699649074122E9,6.27841344479089E8,7.67882725893263E8,2575808,4527557,3689565,3232871,3793210,125658.2437,234599.9045,226148.4763,126442.7153,155922.2439,2.78162577109033E8,5.31843331731738E8,5.34958937284315E8,2.95982409848983E8,3.63994207031231E8,-0.040849194,0.081130655,-0.019844184,0.016151117,-0.004991631,2191.65,2369.46,2322.44,2359.95,2348.17,2419
2026-04-18T00:00:00,70741.56,74418,74131.55,74809.99,75154.28,77072.01,74900,76038,75425,75534.76,78333,77420.08,70566.99,73795.47,73514,73309.85,74529.4,75445.16,24230.21625,26532.94456,14425.04167,17088.68777,25941.36694,1.753370318184166E9,1.98272898960722E9,1.0714486125370219E9,1.2748941237496114E9,1.98734320884067E9,3673539,4033448,3187792,3581890,4931167,12639.79905,13313.88956,7014.01981,8601.69794,14435.4773,9.147837738511786E8,9.956944409989893E8,5.211122651711658E8,6.41950287248219E8,1.1065873610045395E9,0.0519785,-0.003849069,0.009151839,0.004602327,0.025516973149503595,74417.99,74131.55,74809.99,75154.29,77072,1.3246,1.3757,1.3617,1.3922,1.453,1.4757,1.3839,1.3955,1.4086,1.4664,1.51,1.4823,1.3193,1.3521,1.3503,1.3865,1.4225,1.4235,1.054507012E8,1.030425995E8,1.094939544E8,1.554272421E8,1.558663371E8,1.4172610152109E8,1.4126698485634E8,1.5054773654314E8,2.2087059221472E8,2.2876788059186E8,526222,530040,518292,1029873,1067860,5.24812431E7,4.97529743E7,5.35618077E7,7.40870549E7,7.36150446E7,7.048653333122E7,6.82199859827E7,7.361688880821E7,1.0528613781193E8,1.0798332040167E8,0.038423794,-0.010104682,0.022398472497613422,0.043671886,0.015622849277357152,1.3756,1.3617,1.3922,1.453,1.4757,81.54,86.51,83.72,84.9,89.06,88.77,86.81,87.67,85.83,90.53,90.73,89.16,81.4,83.3,82.65,83.8,87.34,85.78,2950390.415,3532984.692,2602448.593,3940291.341,4237208.388,2.4688104341407E8,3.0258316925849E8,2.1851845854018E8,3.4253892172054E8,3.7730728279799E8,1038169,949683,866567,1188495,1177055,1566990.352,1751000.134,1313551.259,2104470.318,2275080.6,1.3115198259805E8,1.5007526769665E8,1.1030020848276E8,1.8317949387041E8,2.0265171747248E8,0.061081810376548556,-0.032250607,0.014094601051122872,0.048881036513545244,-0.003256597,86.51,83.72,84.9,89.05,88.76,53.49,54.62,54.28,55.16,56.36,56.39,54.76,55.27,55.65,56.61,57.42,56.66,52.66,54.01,53.78,54.59,55.34,55.24,330733.726,323202.379,261668.064,329669.004,340755.368,1.765927914637E7,1.762837651403E7,1.431792882715E7,1.833155896583E7,1.926680750504E7,140451,133440,121677,176731,173098,167332.906,152700.859,131793.619,168825.375,175007.746,8936778.076,8328928.662,7215354.144,9394314.038,9899596.276,0.02131638,-0.006224826,0.016028002947678654,0.021940163,5.322924059616951E-4,54.62,54.28,55.15,56.36,56.39,2191.64,2369.46,2322.44,2359.94,2348.16,2419,2394.71,2415.5,2385.61,2369.59,2464.91,2427.64,2175.68,2302.9,2308.5,2285.1,2317.43,2339.92,453870.8292,460107.3841,268190.6377,328960.9377,491731.3615,1.029253015586254E9,1.087699649074122E9,6.27841344479089E8,7.67882725893263E8,1.182467392606106E9,4527557,3689565,3232871,3793210,4541654,234599.9045,226148.4763,126442.7153,155922.2439,252564.9694,5.31843331731738E8,5.34958937284315E8,2.95982409848983E8,3.63994207031231E8,6.07785958798977E8,0.081130655,-0.019844184,0.016151117,-0.004991631,0.030163915,2369.46,2322.44,2359.95,2348.17,2419,2350.32
2026-04-19T00:00:00,74418,74131.55,74809.99,75154.28,77072.01,75691.76,76038,75425,75534.76,78333,77420.08,76240.66,73795.47,73514,73309.85,74529.4,75445.16,73762.9,26532.94456,14425.04167,17088.68777,25941.36694,9141.84456,1.98272898960722E9,1.0714486125370219E9,1.2748941237496114E9,1.98734320884067E9,6.980085679340073E8,4033448,3187792,3581890,4931167,1941112,13313.88956,7014.01981,8601.69794,14435.4773,4333.78362,9.956944409989893E8,5.211122651711658E8,6.41950287248219E8,1.1065873610045395E9,3.309181125519663E8,-0.003849069,0.009151839,0.004602327,0.025516973149503595,-0.017908449,74131.55,74809.99,75154.29,77072,75691.76,1.3757,1.3617,1.3922,1.453,1.4757,1.4324,1.3955,1.4086,1.4664,1.51,1.4823,1.447,1.3521,1.3503,1.3865,1.4225,1.4235,1.3909,1.030425995E8,1.094939544E8,1.554272421E8,1.558663371E8,8.2670483E7,1.4126698485634E8,1.5054773654314E8,2.2087059221472E8,2.2876788059186E8,1.1954644418719E8,530040,518292,1029873,1067860,621913,4.97529743E7,5.35618077E7,7.40870549E7,7.36150446E7,3.86626211E7,6.82199859827E7,7.361688880821E7,1.0528613781193E8,1.0798332040167E8,5.590173894468E7,-0.010104682,0.022398472497613422,0.043671886,0.015622849277357152,-0.029409772,1.3617,1.3922,1.453,1.4757,1.4323,86.51,83.72,84.9,89.06,88.77,86.15,87.67,85.83,90.53,90.73,89.16,87.12,83.3,82.65,83.8,87.34,85.78,82.94,3532984.692,2602448.593,3940291.341,4237208.388,1893190.543,3.0258316925849E8,2.1851845854018E8,3.4253892172054E8,3.7730728279799E8,1.6524922553869E8,949683,866567,1188495,1177055,560071,1751000.134,1313551.259,2104470.318,2275080.6,863736.099,1.5007526769665E8,1.1030020848276E8,1.8317949387041E8,2.0265171747248E8,7.5386662887E7,-0.032250607,0.014094601051122872,0.048881036513545244,-0.003256597,-0.029292474,83.72,84.9,89.05,88.76,86.16,54.62,54.28,55.16,56.36,56.39,55.66,55.27,55.65,56.61,57.42,56.66,55.82,54.01,53.78,54.59,55.34,55.24,53.91,323202.379,261668.064,329669.004,340755.368,230684.754,1.762837651403E7,1.431792882715E7,1.833155896583E7,1.926680750504E7,1.290883734349E7,133440,121677,176731,173098,123389,152700.859,131793.619,168825.375,175007.746,105372.968,8328928.662,7215354.144,9394314.038,9899596.276,5897629.61,-0.006224826,0.016028002947678654,0.021940163,5.322924059616951E-4,-0.013122894,54.28,55.15,56.36,56.39,55.65,2369.46,2322.44,2359.94,2348.16,2419,2350.33,2415.5,2385.61,2369.59,2464.91,2427.64,2355.3,2302.9,2308.5,2285.1,2317.43,2339.92,2252.72,460107.3841,268190.6377,328960.9377,491731.3615,221741.3888,1.087699649074122E9,6.27841344479089E8,7.67882725893263E8,1.182467392606106E9,5.26019366775183E8,3689565,3232871,3793210,4541654,2045925,226148.4763,126442.7153,155922.2439,252564.9694,98727.0694,5.34958937284315E8,2.95982409848983E8,3.63994207031231E8,6.07785958798977E8,2.34161468610884E8,-0.019844184,0.016151117,-0.004991631,0.030163915,-0.028391897,2322.44,2359.95,2348.17,2419,2350.32,2263.27
2026-04-20T00:00:00,74131.55,74809.99,75154.28,77072.01,75691.76,73801.8,75425,75534.76,78333,77420.08,76240.66,76558.62,73514,73309.85,74529.4,75445.16,73762.9,73724.31,14425.04167,17088.68777,25941.36694,9141.84456,11369.82232,1.0714486125370219E9,1.2748941237496114E9,1.98734320884067E9,6.980085679340073E8,8.549153704407915E8,3187792,3581890,4931167,1941112,2739751,7014.01981,8601.69794,14435.4773,4333.78362,5458.61875,5.211122651711658E8,6.41950287248219E8,1.1065873610045395E9,3.309181125519663E8,4.106544870526324E8,0.009151839,0.004602327,0.025516973149503595,-0.017908449,-0.024969297,74809.99,75154.29,77072,75691.76,73801.79,1.3617,1.3922,1.453,1.4757,1.4324,1.3943,1.4086,1.4664,1.51,1.4823,1.447,1.4369,1.3503,1.3865,1.4225,1.4235,1.3909,1.3933,1.094939544E8,1.554272421E8,1.558663371E8,8.2670483E7,9.04139399E7,1.5054773654314E8,2.2087059221472E8,2.2876788059186E8,1.1954644418719E8,1.2854726886372E8,518292,1029873,1067860,621913,716932,5.35618077E7,7.40870549E7,7.36150446E7,3.86626211E7,4.36899451E7,7.361688880821E7,1.0528613781193E8,1.0798332040167E8,5.590173894468E7,6.214078159198E7,0.022398472497613422,0.043671886,0.015622849277357152,-0.029409772,-0.026600573,1.3922,1.453,1.4757,1.4323,1.3942,83.72,84.9,89.06,88.77,86.15,83.47,85.83,90.53,90.73,89.16,87.12,86.22,82.65,83.8,87.34,85.78,82.94,83.34,2602448.593,3940291.341,4237208.388,1893190.543,2594849.065,2.1851845854018E8,3.4253892172054E8,3.7730728279799E8,1.6524922553869E8,2.2110542300326E8,866567,1188495,1177055,560071,769677,1313551.259,2104470.318,2275080.6,863736.099,1270518.854,1.1030020848276E8,1.8317949387041E8,2.0265171747248E8,7.5386662887E7,1.0834024085943E8,0.014094601051122872,0.048881036513545244,-0.003256597,-0.029292474,-0.031220984,84.9,89.05,88.76,86.16,83.47,54.28,55.16,56.36,56.39,55.66,54.06,55.65,56.61,57.42,56.66,55.82,55.44,53.78,54.59,55.34,55.24,53.91,53.99,261668.064,329669.004,340755.368,230684.754,228336.314,1.431792882715E7,1.833155896583E7,1.926680750504E7,1.290883734349E7,1.256278261466E7,121677,176731,173098,123389,130120,131793.619,168825.375,175007.746,105372.968,104072.897,7215354.144,9394314.038,9899596.276,5897629.61,5729497.455,0.016028002947678654,0.021940163,5.322924059616951E-4,-0.013122894,-0.028571429,55.15,56.36,56.39,55.65,54.06,2322.44,2359.94,2348.16,2419,2350.33,2263.28,2385.61,2369.59,2464.91,2427.64,2355.3,2346.78,2308.5,2285.1,2317.43,2339.92,2252.72,2259.67,268190.6377,328960.9377,491731.3615,221741.3888,256086.8276,6.27841344479089E8,7.67882725893263E8,1.182467392606106E9,5.26019366775183E8,5.9110851309305E8,3232871,3793210,4541654,2045925,2728260,126442.7153,155922.2439,252564.9694,98727.0694,119800.9019,2.95982409848983E8,3.63994207031231E8,6.07785958798977E8,2.34161468610884E8,2.76635006888945E8,0.016151117,-0.004991631,0.030163915,-0.028391897,-0.03703751,2359.95,2348.17,2419,2350.32,2263.27,2313.85
2026-04-21T00:00:00,74809.99,75154.28,77072.01,75691.76,73801.8,75840.97,75534.76,78333,77420.08,76240.66,76558.62,76927.57,73309.85,74529.4,75445.16,73762.9,73724.31,74821.57,17088.68777,25941.36694,9141.84456,11369.82232,16993.41034,1.2748941237496114E9,1.98734320884067E9,6.980085679340073E8,8.549153704407915E8,1.2805039143710752E9,3581890,4931167,1941112,2739751,3563591,8601.69794,14435.4773,4333.78362,5458.61875,8812.70109,6.41950287248219E8,1.1065873610045395E9,3.309181125519663E8,4.106544870526324E8,6.640691759657189E8,0.004602327,0.025516973149503595,-0.017908449,-0.024969297,0.027630495141107117,75154.29,77072,75691.76,73801.79,75840.97,1.3922,1.453,1.4757,1.4324,1.3943,1.4244,1.4664,1.51,1.4823,1.447,1.4369,1.45,1.3865,1.4225,1.4235,1.3909,1.3933,1.4116,1.554272421E8,1.558663371E8,8.2670483E7,9.04139399E7,9.95758115E7,2.2087059221472E8,2.2876788059186E8,1.1954644418719E8,1.2854726886372E8,1.4126939785089E8,1029873,1067860,621913,716932,658856,7.40870549E7,7.36150446E7,3.86626211E7,4.36899451E7,5.05007003E7,1.0528613781193E8,1.0798332040167E8,5.590173894468E7,6.214078159198E7,7.161681213526E7,0.043671886,0.015622849277357152,-0.029409772,-0.026600573,0.021589441973891687,1.453,1.4757,1.4323,1.3942,1.4243,84.9,89.06,88.77,86.15,83.47,85.29,90.53,90.73,89.16,87.12,86.22,86.89,83.8,87.34,85.78,82.94,83.34,84.31,3940291.341,4237208.388,1893190.543,2594849.065,2300346.75,3.4253892172054E8,3.7730728279799E8,1.6524922553869E8,2.2110542300326E8,1.9574770512717E8,1188495,1177055,560071,769677,755776,2104470.318,2275080.6,863736.099,1270518.854,1199663.506,1.8317949387041E8,2.0265171747248E8,7.5386662887E7,1.0834024085943E8,1.0208912171035E8,0.048881036513545244,-0.003256597,-0.029292474,-0.031220984,0.021684437522463188,89.05,88.76,86.16,83.47,85.28,55.16,56.36,56.39,55.66,54.06,55.03,56.61,57.42,56.66,55.82,55.44,55.88,54.59,55.34,55.24,53.91,53.99,54.67,329669.004,340755.368,230684.754,228336.314,265247,1.833155896583E7,1.926680750504E7,1.290883734349E7,1.256278261466E7,1.456591868008E7,176731,173098,123389,130120,133272,168825.375,175007.746,105372.968,104072.897,138629.401,9394314.038,9899596.276,5897629.61,5729497.455,7612635.252,0.021940163,5.322924059616951E-4,-0.013122894,-0.028571429,0.017943026267110595,56.36,56.39,55.65,54.06,55.03,2359.94,2348.16,2419,2350.33,2263.28,2313.84,2369.59,2464.91,2427.64,2355.3,2346.78,2338.75,2285.1,2317.43,2339.92,2252.72,2259.67,2284.19,328960.9377,491731.3615,221741.3888,256086.8276,301000.0659,7.67882725893263E8,1.182467392606106E9,5.26019366775183E8,5.9110851309305E8,6.94052197978693E8,3793210,4541654,2045925,2728260,3751621,155922.2439,252564.9694,98727.0694,119800.9019,149027.6285,3.63994207031231E8,6.07785958798977E8,2.34161468610884E8,2.76635006888945E8,3.43672032590961E8,-0.004991631,0.030163915,-0.028391897,-0.03703751,0.022348195310325294,2348.17,2419,2350.32,2263.27,2313.85,2327.14
2026-04-22T00:00:00,75154.28,77072.01,75691.76,73801.8,75840.97,76336.14,78333,77420.08,76240.66,76558.62,76927.57,79472.82,74529.4,75445.16,73762.9,73724.31,74821.57,76132.95,25941.36694,9141.84456,11369.82232,16993.41034,14912.57132,1.98734320884067E9,6.980085679340073E8,8.549153704407915E8,1.2805039143710752E9,1.132118272558311E9,4931167,1941112,2739751,3563591,3616213,14435.4773,4333.78362,5458.61875,8812.70109,7672.96288,1.1065873610045395E9,3.309181125519663E8,4.106544870526324E8,6.640691759657189E8,5.826596549138548E8,0.025516973149503595,-0.017908449,-0.024969297,0.027630495141107117,0.006529189,77072,75691.76,73801.79,75840.97,76336.15,1.453,1.4757,1.4324,1.3943,1.4244,1.4335,1.51,1.4823,1.447,1.4369,1.45,1.4626,1.4225,1.4235,1.3909,1.3933,1.4116,1.4268,1.558663371E8,8.2670483E7,9.04139399E7,9.95758115E7,8.52781806E7,2.2876788059186E8,1.1954644418719E8,1.2854726886372E8,1.4126939785089E8,1.2198605230914E8,1067860,621913,716932,658856,567920,7.36150446E7,3.86626211E7,4.36899451E7,5.05007003E7,4.28038625E7,1.0798332040167E8,5.590173894468E7,6.214078159198E7,7.161681213526E7,6.122527247515E7,0.015622849277357152,-0.029409772,-0.026600573,0.021589441973891687,0.006389103,1.4757,1.4323,1.3942,1.4243,1.4334,89.06,88.77,86.15,83.47,85.29,86.04,90.73,89.16,87.12,86.22,86.89,89.32,87.34,85.78,82.94,83.34,84.31,86.01,4237208.388,1893190.543,2594849.065,2300346.75,2111587.269,3.7730728279799E8,1.6524922553869E8,2.2110542300326E8,1.9574770512717E8,1.8068988518477E8,1177055,560071,769677,755776,789037,2275080.6,863736.099,1270518.854,1199663.506,1094282.274,2.0265171747248E8,7.5386662887E7,1.0834024085943E8,1.0208912171035E8,9.36701182769E7,-0.003256597,-0.029292474,-0.031220984,0.021684437522463188,0.008794559,88.76,86.16,83.47,85.28,86.03,56.36,56.39,55.66,54.06,55.03,55.57,57.42,56.66,55.82,55.44,55.88,56.55,55.34,55.24,53.91,53.99,54.67,55.48,340755.368,230684.754,228336.314,265247,253718.736,1.926680750504E7,1.290883734349E7,1.256278261466E7,1.456591868008E7,1.401388984161E7,173098,123389,130120,133272,127262,175007.746,105372.968,104072.897,138629.401,132180.255,9899596.276,5897629.61,5729497.455,7612635.252,7301954.331,5.322924059616951E-4,-0.013122894,-0.028571429,0.017943026267110595,0.009812829,56.39,55.65,54.06,55.03,55.57,2348.16,2419,2350.33,2263.28,2313.84,2327.15,2464.91,2427.64,2355.3,2346.78,2338.75,2423.75,2317.43,2339.92,2252.72,2259.67,2284.19,2312.95,491731.3615,221741.3888,256086.8276,301000.0659,226645.977,1.182467392606106E9,5.26019366775183E8,5.9110851309305E8,6.94052197978693E8,5.2418694963958E8,4541654,2045925,2728260,3751621,3398934,252564.9694,98727.0694,119800.9019,149027.6285,108621.4578,6.07785958798977E8,2.34161468610884E8,2.76635006888945E8,3.43672032590961E8,2.51286503845979E8,0.030163915,-0.028391897,-0.03703751,0.022348195310325294,0.005743674,2419,2350.32,2263.27,2313.85,2327.14,2374.07
2026-04-23T00:00:00,77072.01,75691.76,73801.8,75840.97,76336.14,78178.22,77420.08,76240.66,76558.62,76927.57,79472.82,78662.5,75445.16,73762.9,73724.31,74821.57,76132.95,76960,9141.84456,11369.82232,16993.41034,14912.57132,19737.51225,6.980085679340073E8,8.549153704407915E8,1.2805039143710752E9,1.132118272558311E9,1.5437320855463338E9,1941112,2739751,3563591,3616213,3757077,4333.78362,5458.61875,8812.70109,7672.96288,10376.12434,3.309181125519663E8,4.106544870526324E8,6.640691759657189E8,5.826596549138548E8,8.11313167070367E8,-0.017908449,-0.024969297,0.027630495141107117,0.006529189,0.024131161972407594,75691.76,73801.79,75840.97,76336.15,78178.23,1.4757,1.4324,1.3943,1.4244,1.4335,1.4293,1.4823,1.447,1.4369,1.45,1.4626,1.441,1.4235,1.3909,1.3933,1.4116,1.4268,1.409,8.2670483E7,9.04139399E7,9.95758115E7,8.52781806E7,8.34291814E7,1.1954644418719E8,1.2854726886372E8,1.4126939785089E8,1.2198605230914E8,1.2084179814579E8,621913,716932,658856,567920,513323,3.86626211E7,4.36899451E7,5.05007003E7,4.28038625E7,4.09050206E7,5.590173894468E7,6.214078159198E7,7.161681213526E7,6.122527247515E7,5.923689990947E7,-0.029409772,-0.026600573,0.021589441973891687,0.006389103,-0.002790568,1.4323,1.3942,1.4243,1.4334,1.4294,88.77,86.15,83.47,85.29,86.04,86.86,89.16,87.12,86.22,86.89,89.32,87.18,85.78,82.94,83.34,84.31,86.01,84.48,1893190.543,2594849.065,2300346.75,2111587.269,3154871.835,1.6524922553869E8,2.2110542300326E8,1.9574770512717E8,1.8068988518477E8,2.7731296848886E8,560071,769677,755776,789037,814469,863736.099,1270518.854,1199663.506,1094282.274,1730943.426,7.5386662887E7,1.0834024085943E8,1.0208912171035E8,9.36701182769E7,1.5214468451329E8,-0.029292474,-0.031220984,0.021684437522463188,0.008794559,0.009764036,86.16,83.47,85.28,86.03,86.87,56.39,55.66,54.06,55.03,55.57,55.5,56.66,55.82,55.44,55.88,56.55,56.23,55.24,53.91,53.99,54.67,55.48,54.9,230684.754,228336.314,265247,253718.736,267526.056,1.290883734349E7,1.256278261466E7,1.456591868008E7,1.401388984161E7,1.50095849084E7,123389,130120,133272,127262,126136,105372.968,104072.897,138629.401,132180.255,134842.015,5897629.61,5729497.455,7612635.252,7301954.331,7567849.829,-0.013122894,-0.028571429,0.017943026267110595,0.009812829,-0.001439626,55.65,54.06,55.03,55.57,55.49,2419,2350.33,2263.28,2313.84,2327.15,2374.08,2427.64,2355.3,2346.78,2338.75,2423.75,2382,2339.92,2252.72,2259.67,2284.19,2312.95,2285.42,221741.3888,256086.8276,301000.0659,226645.977,379707.1259,5.26019366775183E8,5.9110851309305E8,6.94052197978693E8,5.2418694963958E8,9.06985929200687E8,2045925,2728260,3751621,3398934,4230243,98727.0694,119800.9019,149027.6285,108621.4578,191758.2678,2.34161468610884E8,2.76635006888945E8,3.43672032590961E8,2.51286503845979E8,4.5799692349354E8,-0.028391897,-0.03703751,0.022348195310325294,0.005743674,0.020166384,2350.32,2263.27,2313.85,2327.14,2374.07,2330.26
2026-04-24T00:00:00,75691.76,73801.8,75840.97,76336.14,78178.22,78257.48,76240.66,76558.62,76927.57,79472.82,78662.5,78581.93,73762.9,73724.31,74821.57,76132.95,76960,77264.08,11369.82232,16993.41034,14912.57132,19737.51225,16970.79501,8.549153704407915E8,1.2805039143710752E9,1.132118272558311E9,1.5437320855463338E9,1.3213496983542461E9,2739751,3563591,3616213,3757077,3571796,5458.61875,8812.70109,7672.96288,10376.12434,7760.75572,4.106544870526324E8,6.640691759657189E8,5.826596549138548E8,8.11313167070367E8,6.043221343078095E8,-0.024969297,0.027630495141107117,0.006529189,0.024131161972407594,0.001013709,73801.79,75840.97,76336.15,78178.23,78257.48,1.4324,1.3943,1.4244,1.4335,1.4293,1.4386,1.447,1.4369,1.45,1.4626,1.441,1.4503,1.3909,1.3933,1.4116,1.4268,1.409,1.4239,9.04139399E7,9.95758115E7,8.52781806E7,8.34291814E7,9.21839774E7,1.2854726886372E8,1.4126939785089E8,1.2198605230914E8,1.2084179814579E8,1.3141415533569E8,716932,658856,567920,513323,546775,4.36899451E7,5.05007003E7,4.28038625E7,4.09050206E7,5.00090447E7,6.214078159198E7,7.161681213526E7,6.122527247515E7,5.923689990947E7,7.133164633761E7,-0.026600573,0.021589441973891687,0.006389103,-0.002790568,0.006436267,1.3942,1.4243,1.4334,1.4294,1.4386,86.15,83.47,85.29,86.04,86.86,86.12,87.12,86.22,86.89,89.32,87.18,86.94,82.94,83.34,84.31,86.01,84.48,84.92,2594849.065,2300346.75,2111587.269,3154871.835,2894663.239,2.2110542300326E8,1.9574770512717E8,1.8068988518477E8,2.7731296848886E8,2.4838134737972E8,769677,755776,789037,814469,789600,1270518.854,1199663.506,1094282.274,1730943.426,1551557.114,1.0834024085943E8,1.0208912171035E8,9.36701182769E7,1.5214468451329E8,1.3314299682914E8,-0.031220984,0.021684437522463188,0.008794559,0.009764036,-0.00863359,83.47,85.28,86.03,86.87,86.12,55.66,54.06,55.03,55.57,55.5,56.21,55.82,55.44,55.88,56.55,56.23,56.76,53.91,53.99,54.67,55.48,54.9,55.75,228336.314,265247,253718.736,267526.056,233231.953,1.256278261466E7,1.456591868008E7,1.401388984161E7,1.50095849084E7,1.293675572858E7,130120,133272,127262,126136,139554,104072.897,138629.401,132180.255,134842.015,109367.704,5729497.455,7612635.252,7301954.331,7567849.829,6068210.758,-0.028571429,0.017943026267110595,0.009812829,-0.001439626,0.012975311,54.06,55.03,55.57,55.49,56.21,2350.33,2263.28,2313.84,2327.15,2374.08,2330.27,2355.3,2346.78,2338.75,2423.75,2382,2337.5,2252.72,2259.67,2284.19,2312.95,2285.42,2300.22,256086.8276,301000.0659,226645.977,379707.1259,356645.6923,5.9110851309305E8,6.94052197978693E8,5.2418694963958E8,9.06985929200687E8,8.31612346681225E8,2728260,3751621,3398934,4230243,4079579,119800.9019,149027.6285,108621.4578,191758.2678,169637.8993,2.76635006888945E8,3.43672032590961E8,2.51286503845979E8,4.5799692349354E8,3.95788711633604E8,-0.03703751,0.022348195310325294,0.005743674,0.020166384,-0.018453542,2263.27,2313.85,2327.14,2374.07,2330.26,2314.99
2026-04-25T00:00:00,73801.8,75840.97,76336.14,78178.22,78257.48,77437.13,76558.62,76927.57,79472.82,78662.5,78581.93,77885.35,73724.31,74821.57,76132.95,76960,77264.08,77140.23,16993.41034,14912.57132,19737.51225,16970.79501,12675.14315,1.2805039143710752E9,1.132118272558311E9,1.5437320855463338E9,1.3213496983542461E9,9.869325646001965E8,3563591,3616213,3757077,3571796,2581973,8812.70109,7672.96288,10376.12434,7760.75572,6148.06393,6.640691759657189E8,5.826596549138548E8,8.11313167070367E8,6.043221343078095E8,4.78778657353311E8,0.027630495141107117,0.006529189,0.024131161972407594,0.001013709,-0.010482704,75840.97,76336.15,78178.23,78257.48,77437.13,1.3943,1.4244,1.4335,1.4293,1.4386,1.4333,1.4369,1.45,1.4626,1.441,1.4503,1.4377,1.3933,1.4116,1.4268,1.409,1.4239,1.4187,9.95758115E7,8.52781806E7,8.34291814E7,9.21839774E7,6.62291285E7,1.4126939785089E8,1.2198605230914E8,1.2084179814579E8,1.3141415533569E8,9.510599107739E7,658856,567920,513323,546775,418281,5.05007003E7,4.28038625E7,4.09050206E7,5.00090447E7,3.1418267E7,7.161681213526E7,6.122527247515E7,5.923689990947E7,7.133164633761E7,4.51215702502E7,0.021589441973891687,0.006389103,-0.002790568,0.006436267,-0.003614625,1.4243,1.4334,1.4294,1.4386,1.4334,83.47,85.29,86.04,86.86,86.12,86.18,86.22,86.89,89.32,87.18,86.94,86.8,83.34,84.31,86.01,84.48,84.92,85.53,2300346.75,2111587.269,3154871.835,2894663.239,1818574.663,1.9574770512717E8,1.8068988518477E8,2.7731296848886E8,2.4838134737972E8,1.5636025167295E8,755776,789037,814469,789600,545936,1199663.506,1094282.274,1730943.426,1551557.114,918892.981,1.0208912171035E8,9.36701182769E7,1.5214468451329E8,1.3314299682914E8,7.899191793927E7,0.021684437522463188,0.008794559,0.009764036,-0.00863359,6.967022758941276E-4,85.28,86.03,86.87,86.12,86.18,54.06,55.03,55.57,55.5,56.21,56.55,55.44,55.88,56.55,56.23,56.76,56.72,53.99,54.67,55.48,54.9,55.75,55.91,265247,253718.736,267526.056,233231.953,233846.698,1.456591868008E7,1.401388984161E7,1.50095849084E7,1.293675572858E7,1.316276242094E7,133272,127262,126136,139554,102714,138629.401,132180.255,134842.015,109367.704,118593.618,7612635.252,7301954.331,7567849.829,6068210.758,6676577.12,0.017943026267110595,0.009812829,-0.001439626,0.012975311,0.005870841,55.03,55.57,55.49,56.21,56.54,2263.28,2313.84,2327.15,2374.08,2330.27,2314.98,2346.78,2338.75,2423.75,2382,2337.5,2323.21,2259.67,2284.19,2312.95,2285.42,2300.22,2300.55,301000.0659,226645.977,379707.1259,356645.6923,183887.6181,6.94052197978693E8,5.2418694963958E8,9.06985929200687E8,8.31612346681225E8,4.26084826217819E8,3751621,3398934,4230243,4079579,2413824,149027.6285,108621.4578,191758.2678,169637.8993,88184.8381,3.43672032590961E8,2.51286503845979E8,4.5799692349354E8,3.95788711633604E8,2.04323992883765E8,0.022348195310325294,0.005743674,0.020166384,-0.018453542,-0.006552917,2313.85,2327.14,2374.07,2330.26,2314.99,2319.5
2026-04-26T00:00:00,75840.97,76336.14,78178.22,78257.48,77437.13,77625,76927.57,79472.82,78662.5,78581.93,77885.35,78961,74821.57,76132.95,76960,77264.08,77140.23,77326.51,14912.57132,19737.51225,16970.79501,12675.14315,5685.1142,1.132118272558311E9,1.5437320855463338E9,1.3213496983542461E9,9.869325646001965E8,4.406840043451535E8,3616213,3757077,3571796,2581973,806542,7672.96288,10376.12434,7760.75572,6148.06393,2999.85355,5.826596549138548E8,8.11313167070367E8,6.043221343078095E8,4.78778657353311E8,2.325677408198693E8,0.006529189,0.024131161972407594,0.001013709,-0.010482704,0.002426097,76336.15,78178.23,78257.48,77437.13,77625,1.4244,1.4335,1.4293,1.4386,1.4333,1.4238,1.45,1.4626,1.441,1.4503,1.4377,1.4366,1.4116,1.4268,1.409,1.4239,1.4187,1.418,8.52781806E7,8.34291814E7,9.21839774E7,6.62291285E7,2.63465586E7,1.2198605230914E8,1.2084179814579E8,1.3141415533569E8,9.510599107739E7,3.762680397471E7,567920,513323,546775,418281,162830,4.28038625E7,4.09050206E7,5.00090447E7,3.1418267E7,1.22087576E7,6.122527247515E7,5.923689990947E7,7.133164633761E7,4.51215702502E7,1.744145632529E7,0.006389103,-0.002790568,0.006436267,-0.003614625,-0.006697363,1.4334,1.4294,1.4386,1.4334,1.4238,85.29,86.04,86.86,86.12,86.18,86.19,86.89,89.32,87.18,86.94,86.8,87.32,84.31,86.01,84.48,84.92,85.53,85.84,2111587.269,3154871.835,2894663.239,1818574.663,1033932.436,1.8068988518477E8,2.7731296848886E8,2.4838134737972E8,1.5636025167295E8,8.908375112267E7,789037,814469,789600,545936,300075,1094282.274,1730943.426,1551557.114,918892.981,513711.595,9.36701182769E7,1.5214468451329E8,1.3314299682914E8,7.899191793927E7,4.425086559785E7,0.008794559,0.009764036,-0.00863359,6.967022758941276E-4,0,86.03,86.87,86.12,86.18,86.18,55.03,55.57,55.5,56.21,56.55,56.05,55.88,56.55,56.23,56.76,56.72,56.48,54.67,55.48,54.9,55.75,55.91,55.75,253718.736,267526.056,233231.953,233846.698,141641.823,1.401388984161E7,1.50095849084E7,1.293675572858E7,1.316276242094E7,7980343.258,127262,126136,139554,102714,69859,132180.255,134842.015,109367.704,118593.618,69247.774,7301954.331,7567849.829,6068210.758,6676577.12,3901976.912,0.009812829,-0.001439626,0.012975311,0.005870841,-0.008666431,55.57,55.49,56.21,56.54,56.05,2313.84,2327.15,2374.08,2330.27,2314.98,2319.49,2338.75,2423.75,2382,2337.5,2323.21,2380,2284.19,2312.95,2285.42,2300.22,2300.55,2306.72,226645.977,379707.1259,356645.6923,183887.6181,68139.2191,5.2418694963958E8,9.06985929200687E8,8.31612346681225E8,4.26084826217819E8,1.57673587538543E8,3398934,4230243,4079579,2413824,658757,108621.4578,191758.2678,169637.8993,88184.8381,33589.8529,2.51286503845979E8,4.5799692349354E8,3.95788711633604E8,2.04323992883765E8,7.7727130994055E7,0.005743674,0.020166384,-0.018453542,-0.006552917,0.001948173,2327.14,2374.07,2330.26,2314.99,2319.5,2369.44
2026-04-27T00:00:00,76336.14,78178.22,78257.48,77437.13,77625,78657.55,79472.82,78662.5,78581.93,77885.35,78961,79485.66,76132.95,76960,77264.08,77140.23,77326.51,76459.64,19737.51225,16970.79501,12675.14315,5685.1142,7963.56162,1.5437320855463338E9,1.3213496983542461E9,9.869325646001965E8,4.406840043451535E8,6.219919734848E8,3757077,3571796,2581973,806542,1476971,10376.12434,7760.75572,6148.06393,2999.85355,3981.86566,8.11313167070367E8,6.043221343078095E8,4.78778657353311E8,2.325677408198693E8,3.111495946071661E8,0.024131161972407594,0.001013709,-0.010482704,0.002426097,0.013301771336553983,78178.23,78257.48,77437.13,77625,78657.55,1.4335,1.4293,1.4386,1.4333,1.4238,1.4308,1.4626,1.441,1.4503,1.4377,1.4366,1.4466,1.4268,1.409,1.4239,1.4187,1.418,1.3836,8.34291814E7,9.21839774E7,6.62291285E7,2.63465586E7,3.00243677E7,1.2084179814579E8,1.3141415533569E8,9.510599107739E7,3.762680397471E7,4.283707914942E7,513323,546775,418281,162830,230769,4.09050206E7,5.00090447E7,3.1418267E7,1.22087576E7,1.45979017E7,5.923689990947E7,7.133164633761E7,4.51215702502E7,1.744145632529E7,2.082838532123E7,-0.002790568,0.006436267,-0.003614625,-0.006697363,0.004846186,1.4294,1.4386,1.4334,1.4238,1.4307,86.04,86.86,86.12,86.18,86.19,86.93,89.32,87.18,86.94,86.8,87.32,88.08,86.01,84.48,84.92,85.53,85.84,83.63,3154871.835,2894663.239,1818574.663,1033932.436,1453501.452,2.7731296848886E8,2.4838134737972E8,1.5636025167295E8,8.908375112267E7,1.2572737039517E8,814469,789600,545936,300075,380657,1730943.426,1551557.114,918892.981,513711.595,735165.507,1.5214468451329E8,1.3314299682914E8,7.899191793927E7,4.425086559785E7,6.359274368955E7,0.009764036,-0.00863359,6.967022758941276E-4,0,0.008702715,86.87,86.12,86.18,86.18,86.93,55.57,55.5,56.21,56.55,56.05,56.28,56.55,56.23,56.76,56.72,56.48,56.8,55.48,54.9,55.75,55.91,55.75,54.95,267526.056,233231.953,233846.698,141641.823,151412.239,1.50095849084E7,1.293675572858E7,1.316276242094E7,7980343.258,8498403.832,126136,139554,102714,69859,74315,134842.015,109367.704,118593.618,69247.774,74747.712,7567849.829,6068210.758,6676577.12,3901976.912,4196298.51,-0.001439626,0.012975311,0.005870841,-0.008666431,0.004103479,55.49,56.21,56.54,56.05,56.28,2327.15,2374.08,2330.27,2314.98,2319.49,2369.45,2423.75,2382,2337.5,2323.21,2380,2404.37,2312.95,2285.42,2300.22,2300.55,2306.72,2266.09,379707.1259,356645.6923,183887.6181,68139.2191,154591.6219,9.06985929200687E8,8.31612346681225E8,4.26084826217819E8,1.57673587538543E8,3.63039217940693E8,4230243,4079579,2413824,658757,1508570,191758.2678,169637.8993,88184.8381,33589.8529,76876.1717,4.5799692349354E8,3.95788711633604E8,2.04323992883765E8,7.7727130994055E7,1.80579327354915E8,0.020166384,-0.018453542,-0.006552917,0.001948173,0.021530502263418863,2374.07,2330.26,2314.99,2319.5,2369.44,2303.67
2026-04-28T00:00:00,78178.22,78257.48,77437.13,77625,78657.55,77371.32,78662.5,78581.93,77885.35,78961,79485.66,77478,76960,77264.08,77140.23,77326.51,76459.64,75666.6,16970.79501,12675.14315,5685.1142,7963.56162,16046.92418,1.3213496983542461E9,9.869325646001965E8,4.406840043451535E8,6.219919734848E8,1.2478335500841923E9,3571796,2581973,806542,1476971,2982889,7760.75572,6148.06393,2999.85355,3981.86566,7712.53219,6.043221343078095E8,4.78778657353311E8,2.325677408198693E8,3.111495946071661E8,6.001224225927734E8,0.001013709,-0.010482704,0.002426097,0.013301771336553983,-0.016352276,78257.48,77437.13,77625,78657.55,77371.32,1.4293,1.4386,1.4333,1.4238,1.4308,1.4008,1.441,1.4503,1.4377,1.4366,1.4466,1.4009,1.409,1.4239,1.4187,1.418,1.3836,1.3677,9.21839774E7,6.62291285E7,2.63465586E7,3.00243677E7,7.31552981E7,1.3141415533569E8,9.510599107739E7,3.762680397471E7,4.283707914942E7,1.0318723314259E8,546775,418281,162830,230769,464442,5.00090447E7,3.1418267E7,1.22087576E7,1.45979017E7,3.63680113E7,7.133164633761E7,4.51215702502E7,1.744145632529E7,2.082838532123E7,5.12886545149E7,0.006436267,-0.003614625,-0.006697363,0.004846186,-0.020968757,1.4386,1.4334,1.4238,1.4307,1.4007,86.86,86.12,86.18,86.19,86.93,84.82,87.18,86.94,86.8,87.32,88.08,84.93,84.48,84.92,85.53,85.84,83.63,82.98,2894663.239,1818574.663,1033932.436,1453501.452,3009101.691,2.4838134737972E8,1.5636025167295E8,8.908375112267E7,1.2572737039517E8,2.5801918738674E8,789600,545936,300075,380657,737519,1551557.114,918892.981,513711.595,735165.507,1583431.358,1.3314299682914E8,7.899191793927E7,4.425086559785E7,6.359274368955E7,1.3590045508456E8,-0.00863359,6.967022758941276E-4,0,0.008702715,-0.024272403,86.12,86.18,86.18,86.93,84.82,55.5,56.21,56.55,56.05,56.28,55.56,56.23,56.76,56.72,56.48,56.8,55.79,54.9,55.75,55.91,55.75,54.95,54.67,233231.953,233846.698,141641.823,151412.239,255326.831,1.293675572858E7,1.316276242094E7,7980343.258,8498403.832,1.420708716275E7,139554,102714,69859,74315,122144,109367.704,118593.618,69247.774,74747.712,122908.03,6068210.758,6676577.12,3901976.912,4196298.51,6839081.344,0.012975311,0.005870841,-0.008666431,0.004103479,-0.012615494,56.21,56.54,56.05,56.28,55.57,2374.08,2330.27,2314.98,2319.49,2369.45,2303.66,2382,2337.5,2323.21,2380,2404.37,2310.88,2285.42,2300.22,2300.55,2306.72,2266.09,2258.24,356645.6923,183887.6181,68139.2191,154591.6219,300363.8586,8.31612346681225E8,4.26084826217819E8,1.57673587538543E8,3.63039217940693E8,6.97653543100754E8,4079579,2413824,658757,1508570,3192282,169637.8993,88184.8381,33589.8529,76876.1717,143798.2975,3.95788711633604E8,2.04323992883765E8,7.7727130994055E7,1.80579327354915E8,3.34290742028397E8,-0.018453542,-0.006552917,0.001948173,0.021530502263418863,-0.027757614,2330.26,2314.99,2319.5,2369.44,2303.67,2289.42
2026-04-29T00:00:00,78257.48,77437.13,77625,78657.55,77371.32,76342.78,78581.93,77885.35,78961,79485.66,77478,77904.93,77264.08,77140.23,77326.51,76459.64,75666.6,74937.52,12675.14315,5685.1142,7963.56162,16046.92418,13210.72383,9.869325646001965E8,4.406840043451535E8,6.219919734848E8,1.2478335500841923E9,1.0104126735550212E9,2581973,806542,1476971,2982889,2352446,6148.06393,2999.85355,3981.86566,7712.53219,6518.95469,4.78778657353311E8,2.325677408198693E8,3.111495946071661E8,6.001224225927734E8,4.986814161989518E8,-0.010482704,0.002426097,0.013301771336553983,-0.016352276,-0.013293686,77437.13,77625,78657.55,77371.32,76342.77,1.4386,1.4333,1.4238,1.4308,1.4008,1.3806,1.4503,1.4377,1.4366,1.4466,1.4009,1.4067,1.4239,1.4187,1.418,1.3836,1.3677,1.3458,6.62291285E7,2.63465586E7,3.00243677E7,7.31552981E7,5.32342454E7,9.510599107739E7,3.762680397471E7,4.283707914942E7,1.0318723314259E8,7.365757496158E7,418281,162830,230769,464442,320064,3.1418267E7,1.22087576E7,1.45979017E7,3.63680113E7,2.36852956E7,4.51215702502E7,1.744145632529E7,2.082838532123E7,5.12886545149E7,3.275863694567E7,-0.003614625,-0.006697363,0.004846186,-0.020968757,-0.014421361,1.4334,1.4238,1.4307,1.4007,1.3805,86.12,86.18,86.19,86.93,84.82,84.06,86.94,86.8,87.32,88.08,84.93,85.56,84.92,85.53,85.84,83.63,82.98,81.4,1818574.663,1033932.436,1453501.452,3009101.691,1664394.443,1.5636025167295E8,8.908375112267E7,1.2572737039517E8,2.5801918738674E8,1.3951526233159E8,545936,300075,380657,737519,397883,918892.981,513711.595,735165.507,1583431.358,903890.968,7.899191793927E7,4.425086559785E7,6.359274368955E7,1.3590045508456E8,7.577549532337E7,6.967022758941276E-4,0,0.008702715,-0.024272403,-0.008960151,86.18,86.18,86.93,84.82,84.06,56.21,56.55,56.05,56.28,55.56,55.7,56.76,56.72,56.48,56.8,55.79,57.71,55.75,55.91,55.75,54.95,54.67,54.35,233846.698,141641.823,151412.239,255326.831,182047.015,1.316276242094E7,7980343.258,8498403.832,1.420708716275E7,1.005428930903E7,102714,69859,74315,122144,84905,118593.618,69247.774,74747.712,122908.03,83481.022,6676577.12,3901976.912,4196298.51,6839081.344,4612752.254,0.005870841,-0.008666431,0.004103479,-0.012615494,0.002519345,56.54,56.05,56.28,55.57,55.71,2330.27,2314.98,2319.49,2369.45,2303.66,2289.42,2337.5,2323.21,2380,2404.37,2310.88,2346.95,2300.22,2300.55,2306.72,2266.09,2258.24,2220.36,183887.6181,68139.2191,154591.6219,300363.8586,187932.2201,4.26084826217819E8,1.57673587538543E8,3.63039217940693E8,6.97653543100754E8,4.29094630508975E8,2413824,658757,1508570,3192282,2346992,88184.8381,33589.8529,76876.1717,143798.2975,94578.0797,2.04323992883765E8,7.7727130994055E7,1.80579327354915E8,3.34290742028397E8,2.15948355744806E8,-0.006552917,0.001948173,0.021530502263418863,-0.027757614,-0.006185782,2314.99,2319.5,2369.44,2303.67,2289.42,2252.9
2026-04-30T00:00:00,77437.13,77625,78657.55,77371.32,76342.78,75780,77885.35,78961,79485.66,77478,77904.93,76669.14,77140.23,77326.51,76459.64,75666.6,74937.52,75323.65,5685.1142,7963.56162,16046.92418,13210.72383,18279.93022,4.406840043451535E8,6.219919734848E8,1.2478335500841923E9,1.0104126735550212E9,1.3997358583455281E9,806542,1476971,2982889,2352446,3032890,2999.85355,3981.86566,7712.53219,6518.95469,9680.02112,2.325677408198693E8,3.111495946071661E8,6.001224225927734E8,4.986814161989518E8,7.412797415187618E8,0.002426097,0.013301771336553983,-0.016352276,-0.013293686,-0.007371621,77625,78657.55,77371.32,76342.77,75780,1.4333,1.4238,1.4308,1.4008,1.3806,1.3692,1.4377,1.4366,1.4466,1.4009,1.4067,1.3847,1.4187,1.418,1.3836,1.3677,1.3458,1.3591,2.63465586E7,3.00243677E7,7.31552981E7,5.32342454E7,7.41948798E7,3.762680397471E7,4.283707914942E7,1.0318723314259E8,7.365757496158E7,1.0203283977557E8,162830,230769,464442,320064,474018,1.22087576E7,1.45979017E7,3.63680113E7,2.36852956E7,3.74034161E7,1.744145632529E7,2.082838532123E7,5.12886545149E7,3.275863694567E7,5.146028974986E7,-0.006697363,0.004846186,-0.020968757,-0.014421361,-0.008257878,1.4238,1.4307,1.4007,1.3805,1.3691,86.18,86.19,86.93,84.82,84.06,83.05,86.8,87.32,88.08,84.93,85.56,84.01,85.53,85.84,83.63,82.98,81.4,82.16,1033932.436,1453501.452,3009101.691,1664394.443,2576063.596,8.908375112267E7,1.2572737039517E8,2.5801918738674E8,1.3951526233159E8,2.1570289297072E8,300075,380657,737519,397883,581305,513711.595,735165.507,1583431.358,903890.968,1182001.869,4.425086559785E7,6.359274368955E7,1.3590045508456E8,7.577549532337E7,9.89226583919E7,0,0.008702715,-0.024272403,-0.008960151,-0.01213419,86.18,86.93,84.82,84.06,83.04,56.55,56.05,56.28,55.56,55.7,55.32,56.72,56.48,56.8,55.79,57.71,55.99,55.91,55.75,54.95,54.67,54.35,54.93,141641.823,151412.239,255326.831,182047.015,407969.758,7980343.258,8498403.832,1.420708716275E7,1.005428930903E7,2.282182726244E7,69859,74315,122144,84905,188804,69247.774,74747.712,122908.03,83481.022,191589.136,3901976.912,4196298.51,6839081.344,4612752.254,1.072260931626E7,-0.008666431,0.004103479,-0.012615494,0.002519345,-0.007000539,56.05,56.28,55.57,55.71,55.32,2314.98,2319.49,2369.45,2303.66,2289.42,2252.9,2323.21,2380,2404.37,2310.88,2346.95,2279,2300.55,2306.72,2266.09,2258.24,2220.36,2231.64,68139.2191,154591.6219,300363.8586,187932.2201,355078.1015,1.57673587538543E8,3.63039217940693E8,6.97653543100754E8,4.29094630508975E8,8.11555243527633E8,658757,1508570,3192282,2346992,3588292,33589.8529,76876.1717,143798.2975,94578.0797,178999.8027,7.7727130994055E7,1.80579327354915E8,3.34290742028397E8,2.15948355744806E8,4.09301744342773E8,0.001948173,0.021530502263418863,-0.027757614,-0.006185782,-0.015951638,2319.5,2369.44,2303.67,2289.42,2252.9,2257.51
